dataset,generator,alpha,n_r,n_s,method,variant,t,rep,seed,ok,wall_ms,count_value,count_exact,used_enumeration,enum_truncated,enum_cap,adaptive_branch,adaptive_pilot_pairs,phases_json,note,config_json,gen_report_json
hetero_t__nr100000__ns100000__a1_000ep00__g1,hetero_sizes,1,100000,100000,ours,sampling,1000,0,1,1,549.497,8.06931e+06,1,0,0,0,,0,"{""build_active_indices_ms"":25.389080,""build_events_ms"":37.224652,""build_ranks_ms"":44.041772,""build_y_domain_ms"":14.189537,""phase1_count_ms"":260.405851,""phase2_plan_ms"":6.459076,""phase3_sample_ms"":158.356577,""run_build_ms"":124.261135,""run_count_ms"":260.409051,""run_sample_ms"":164.822173}",,"{""dataset"":{""source"":""synthetic"",""name"":""hetero_t__nr100000__ns100000__a1_000ep00__g1"",""dim"":2,""path_r"":"""",""path_s"":"""",""synthetic"":{""generator"":""hetero_sizes"",""n_r"":100000,""n_s"":100000,""alpha"":1,""seed"":1}},""run"":{""method"":""ours"",""variant"":""sampling"",""t"":1000,""seed"":1,""repeats"":3,""j_star"":1000000,""enum_cap"":0,""write_samples"":false,""verify"":false},""output"":{""out_dir"":""run/temp/exp5/hetero_t"",""run_tag"":""exp5_hetero_t""},""sys"":{""threads"":1},""logging"":{""level"":""INFO"",""with_timestamp"":true,""with_thread_id"":false}}","{""generator"":""hetero_sizes"",""dataset"":""hetero_t__nr100000__ns100000__a1_000ep00__g1"",""n_r"":100000,""n_s"":100000,""has_exact_k"":false,""k_target"":0,""k_achieved"":0,""alpha_target"":1,""alpha_achieved"":nan,""notes"":""p_large_r=0.1, w_small=[0.002,0.01], w_large=[0.1,0.3], anisotropic=1""}"
hetero_t__nr100000__ns100000__a1_000ep00__g1,hetero_sizes,1,100000,100000,ours,sampling,1000,1,2,1,591.811,8.06931e+06,1,0,0,0,,0,"{""build_active_indices_ms"":5.618862,""build_events_ms"":67.746494,""build_ranks_ms"":43.696018,""build_y_domain_ms"":13.828013,""phase1_count_ms"":257.317381,""phase2_plan_ms"":4.679590,""phase3_sample_ms"":158.095042,""run_build_ms"":132.672482,""run_count_ms"":257.320551,""run_sample_ms"":162.781762}",,"{""dataset"":{""source"":""synthetic"",""name"":""hetero_t__nr100000__ns100000__a1_000ep00__g1"",""dim"":2,""path_r"":"""",""path_s"":"""",""synthetic"":{""generator"":""hetero_sizes"",""n_r"":100000,""n_s"":100000,""alpha"":1,""seed"":1}},""run"":{""method"":""ours"",""variant"":""sampling"",""t"":1000,""seed"":1,""repeats"":3,""j_star"":1000000,""enum_cap"":0,""write_samples"":false,""verify"":false},""output"":{""out_dir"":""run/temp/exp5/hetero_t"",""run_tag"":""exp5_hetero_t""},""sys"":{""threads"":1},""logging"":{""level"":""INFO"",""with_timestamp"":true,""with_thread_id"":false}}","{""generator"":""hetero_sizes"",""dataset"":""hetero_t__nr100000__ns100000__a1_000ep00__g1"",""n_r"":100000,""n_s"":100000,""has_exact_k"":false,""k_target"":0,""k_achieved"":0,""alpha_target"":1,""alpha_achieved"":nan,""notes"":""p_large_r=0.1, w_small=[0.002,0.01], w_large=[0.1,0.3], anisotropic=1""}"
hetero_t__nr100000__ns100000__a1_000ep00__g1,hetero_sizes,1,100000,100000,ours,sampling,1000,2,3,1,591.284,8.06931e+06,1,0,0,0,,0,"{""build_active_indices_ms"":5.482305,""build_events_ms"":66.700614,""build_ranks_ms"":43.727627,""build_y_domain_ms"":13.818843,""phase1_count_ms"":257.086685,""phase2_plan_ms"":5.706110,""phase3_sample_ms"":158.170922,""run_build_ms"":131.506345,""run_count_ms"":257.089094,""run_sample_ms"":163.882712}",,"{""dataset"":{""source"":""synthetic"",""name"":""hetero_t__nr100000__ns100000__a1_000ep00__g1"",""dim"":2,""path_r"":"""",""path_s"":"""",""synthetic"":{""generator"":""hetero_sizes"",""n_r"":100000,""n_s"":100000,""alpha"":1,""seed"":1}},""run"":{""method"":""ours"",""variant"":""sampling"",""t"":1000,""seed"":1,""repeats"":3,""j_star"":1000000,""enum_cap"":0,""write_samples"":false,""verify"":false},""output"":{""out_dir"":""run/temp/exp5/hetero_t"",""run_tag"":""exp5_hetero_t""},""sys"":{""threads"":1},""logging"":{""level"":""INFO"",""with_timestamp"":true,""with_thread_id"":false}}","{""generator"":""hetero_sizes"",""dataset"":""hetero_t__nr100000__ns100000__a1_000ep00__g1"",""n_r"":100000,""n_s"":100000,""has_exact_k"":false,""k_target"":0,""k_achieved"":0,""alpha_target"":1,""alpha_achieved"":nan,""notes"":""p_large_r=0.1, w_small=[0.002,0.01], w_large=[0.1,0.3], anisotropic=1""}"
hetero_t__nr100000__ns100000__a1_000ep00__g1,hetero_sizes,1,100000,100000,ours,adaptive,1000,0,1,1,607.262,8.06931e+06,1,0,1,0,fallback_sampling,1000001,"{""build_active_indices_ms"":21.700962,""build_events_ms"":33.924826,""build_ranks_ms"":43.660778,""build_y_domain_ms"":13.821054,""phase1_count_adaptive_ms"":257.917708,""phase2_plan_ms"":5.510124,""phase3_sample_ms"":156.688410,""run_build_ms"":114.865816,""run_fallback_count_ms"":257.920968,""run_fallback_sample_ms"":162.205083,""run_pilot_enum_prepare_ms"":1.562819,""run_pilot_enum_scan_ms"":70.683168,""sample_ms"":162.203513}",,"{""dataset"":{""source"":""synthetic"",""name"":""hetero_t__nr100000__ns100000__a1_000ep00__g1"",""dim"":2,""path_r"":"""",""path_s"":"""",""synthetic"":{""generator"":""hetero_sizes"",""n_r"":100000,""n_s"":100000,""alpha"":1,""seed"":1}},""run"":{""method"":""ours"",""variant"":""adaptive"",""t"":1000,""seed"":1,""repeats"":3,""j_star"":1000000,""enum_cap"":0,""write_samples"":false,""verify"":false},""output"":{""out_dir"":""run/temp/exp5/hetero_t"",""run_tag"":""exp5_hetero_t""},""sys"":{""threads"":1},""logging"":{""level"":""INFO"",""with_timestamp"":true,""with_thread_id"":false}}","{""generator"":""hetero_sizes"",""dataset"":""hetero_t__nr100000__ns100000__a1_000ep00__g1"",""n_r"":100000,""n_s"":100000,""has_exact_k"":false,""k_target"":0,""k_achieved"":0,""alpha_target"":1,""alpha_achieved"":nan,""notes"":""p_large_r=0.1, w_small=[0.002,0.01], w_large=[0.1,0.3], anisotropic=1""}"
hetero_t__nr100000__ns100000__a1_000ep00__g1,hetero_sizes,1,100000,100000,ours,adaptive,1000,1,2,1,658.538,8.06931e+06,1,0,1,0,fallback_sampling,1000001,"{""build_active_indices_ms"":5.397996,""build_events_ms"":66.088917,""build_ranks_ms"":43.568521,""build_y_domain_ms"":13.832123,""phase1_count_adaptive_ms"":258.121994,""phase2_plan_ms"":4.144061,""phase3_sample_ms"":157.980244,""run_build_ms"":130.667121,""run_fallback_count_ms"":258.125614,""run_fallback_sample_ms"":162.130625,""run_pilot_enum_prepare_ms"":1.520860,""run_pilot_enum_scan_ms"":67.752754,""sample_ms"":162.129375}",,"{""dataset"":{""source"":""synthetic"",""name"":""hetero_t__nr100000__ns100000__a1_000ep00__g1"",""dim"":2,""path_r"":"""",""path_s"":"""",""synthetic"":{""generator"":""hetero_sizes"",""n_r"":100000,""n_s"":100000,""alpha"":1,""seed"":1}},""run"":{""method"":""ours"",""variant"":""adaptive"",""t"":1000,""seed"":1,""repeats"":3,""j_star"":1000000,""enum_cap"":0,""write_samples"":false,""verify"":false},""output"":{""out_dir"":""run/temp/exp5/hetero_t"",""run_tag"":""exp5_hetero_t""},""sys"":{""threads"":1},""logging"":{""level"":""INFO"",""with_timestamp"":true,""with_thread_id"":false}}","{""generator"":""hetero_sizes"",""dataset"":""hetero_t__nr100000__ns100000__a1_000ep00__g1"",""n_r"":100000,""n_s"":100000,""has_exact_k"":false,""k_target"":0,""k_achieved"":0,""alpha_target"":1,""alpha_achieved"":nan,""notes"":""p_large_r=0.1, w_small=[0.002,0.01], w_large=[0.1,0.3], anisotropic=1""}"
hetero_t__nr100000__ns100000__a1_000ep00__g1,hetero_sizes,1,100000,100000,ours,adaptive,1000,2,3,1,671.437,8.06931e+06,1,0,1,0,fallback_sampling,1000001,"{""build_active_indices_ms"":5.363057,""build_events_ms"":65.884550,""build_ranks_ms"":43.571720,""build_y_domain_ms"":13.829464,""phase1_count_adaptive_ms"":270.870358,""phase2_plan_ms"":4.259648,""phase3_sample_ms"":159.303238,""run_build_ms"":130.433286,""run_fallback_count_ms"":270.873208,""run_fallback_sample_ms"":163.568866,""run_pilot_enum_prepare_ms"":1.549370,""run_pilot_enum_scan_ms"":66.681185,""sample_ms"":163.567876}",,"{""dataset"":{""source"":""synthetic"",""name"":""hetero_t__nr100000__ns100000__a1_000ep00__g1"",""dim"":2,""path_r"":"""",""path_s"":"""",""synthetic"":{""generator"":""hetero_sizes"",""n_r"":100000,""n_s"":100000,""alpha"":1,""seed"":1}},""run"":{""method"":""ours"",""variant"":""adaptive"",""t"":1000,""seed"":1,""repeats"":3,""j_star"":1000000,""enum_cap"":0,""write_samples"":false,""verify"":false},""output"":{""out_dir"":""run/temp/exp5/hetero_t"",""run_tag"":""exp5_hetero_t""},""sys"":{""threads"":1},""logging"":{""level"":""INFO"",""with_timestamp"":true,""with_thread_id"":false}}","{""generator"":""hetero_sizes"",""dataset"":""hetero_t__nr100000__ns100000__a1_000ep00__g1"",""n_r"":100000,""n_s"":100000,""has_exact_k"":false,""k_target"":0,""k_achieved"":0,""alpha_target"":1,""alpha_achieved"":nan,""notes"":""p_large_r=0.1, w_small=[0.002,0.01], w_large=[0.1,0.3], anisotropic=1""}"
hetero_t__nr100000__ns100000__a1_000ep00__g1,hetero_sizes,1,100000,100000,aabb,sampling,1000,0,1,1,780.61,8.06931e+06,1,0,0,0,,0,"{""build_ms"":35.553514,""phase1_count_ms"":648.672645,""phase2_assign_ms"":4.270007,""phase3_sample_ms"":92.092005,""run_build_ms"":35.564704,""run_count_ms"":648.675575,""run_sample_ms"":96.366862}",,"{""dataset"":{""source"":""synthetic"",""name"":""hetero_t__nr100000__ns100000__a1_000ep00__g1"",""dim"":2,""path_r"":"""",""path_s"":"""",""synthetic"":{""generator"":""hetero_sizes"",""n_r"":100000,""n_s"":100000,""alpha"":1,""seed"":1}},""run"":{""method"":""aabb"",""variant"":""sampling"",""t"":1000,""seed"":1,""repeats"":3,""j_star"":1000000,""enum_cap"":0,""write_samples"":false,""verify"":false},""output"":{""out_dir"":""run/temp/exp5/hetero_t"",""run_tag"":""exp5_hetero_t""},""sys"":{""threads"":1},""logging"":{""level"":""INFO"",""with_timestamp"":true,""with_thread_id"":false}}","{""generator"":""hetero_sizes"",""dataset"":""hetero_t__nr100000__ns100000__a1_000ep00__g1"",""n_r"":100000,""n_s"":100000,""has_exact_k"":false,""k_target"":0,""k_achieved"":0,""alpha_target"":1,""alpha_achieved"":nan,""notes"":""p_large_r=0.1, w_small=[0.002,0.01], w_large=[0.1,0.3], anisotropic=1""}"
hetero_t__nr100000__ns100000__a1_000ep00__g1,hetero_sizes,1,100000,100000,aabb,sampling,1000,1,2,1,779.803,8.06931e+06,1,0,0,0,,0,"{""build_ms"":35.503615,""phase1_count_ms"":648.539827,""phase2_assign_ms"":4.251798,""phase3_sample_ms"":91.497776,""run_build_ms"":35.505125,""run_count_ms"":648.542187,""run_sample_ms"":95.753964}",,"{""dataset"":{""source"":""synthetic"",""name"":""hetero_t__nr100000__ns100000__a1_000ep00__g1"",""dim"":2,""path_r"":"""",""path_s"":"""",""synthetic"":{""generator"":""hetero_sizes"",""n_r"":100000,""n_s"":100000,""alpha"":1,""seed"":1}},""run"":{""method"":""aabb"",""variant"":""sampling"",""t"":1000,""seed"":1,""repeats"":3,""j_star"":1000000,""enum_cap"":0,""write_samples"":false,""verify"":false},""output"":{""out_dir"":""run/temp/exp5/hetero_t"",""run_tag"":""exp5_hetero_t""},""sys"":{""threads"":1},""logging"":{""level"":""INFO"",""with_timestamp"":true,""with_thread_id"":false}}","{""generator"":""hetero_sizes"",""dataset"":""hetero_t__nr100000__ns100000__a1_000ep00__g1"",""n_r"":100000,""n_s"":100000,""has_exact_k"":false,""k_target"":0,""k_achieved"":0,""alpha_target"":1,""alpha_achieved"":nan,""notes"":""p_large_r=0.1, w_small=[0.002,0.01], w_large=[0.1,0.3], anisotropic=1""}"
hetero_t__nr100000__ns100000__a1_000ep00__g1,hetero_sizes,1,100000,100000,aabb,sampling,1000,2,3,1,780.445,8.06931e+06,1,0,0,0,,0,"{""build_ms"":35.526975,""phase1_count_ms"":648.823920,""phase2_assign_ms"":4.258678,""phase3_sample_ms"":91.825829,""run_build_ms"":35.528795,""run_count_ms"":648.826641,""run_sample_ms"":96.088087}",,"{""dataset"":{""source"":""synthetic"",""name"":""hetero_t__nr100000__ns100000__a1_000ep00__g1"",""dim"":2,""path_r"":"""",""path_s"":"""",""synthetic"":{""generator"":""hetero_sizes"",""n_r"":100000,""n_s"":100000,""alpha"":1,""seed"":1}},""run"":{""method"":""aabb"",""variant"":""sampling"",""t"":1000,""seed"":1,""repeats"":3,""j_star"":1000000,""enum_cap"":0,""write_samples"":false,""verify"":false},""output"":{""out_dir"":""run/temp/exp5/hetero_t"",""run_tag"":""exp5_hetero_t""},""sys"":{""threads"":1},""logging"":{""level"":""INFO"",""with_timestamp"":true,""with_thread_id"":false}}","{""generator"":""hetero_sizes"",""dataset"":""hetero_t__nr100000__ns100000__a1_000ep00__g1"",""n_r"":100000,""n_s"":100000,""has_exact_k"":false,""k_target"":0,""k_achieved"":0,""alpha_target"":1,""alpha_achieved"":nan,""notes"":""p_large_r=0.1, w_small=[0.002,0.01], w_large=[0.1,0.3], anisotropic=1""}"
hetero_t__nr100000__ns100000__a1_000ep00__g1,hetero_sizes,1,100000,100000,aabb,adaptive,1000,0,1,1,963.158,8.06931e+06,1,0,1,0,fallback_sampling,1000001,"{""build_ms"":35.567234,""enumerate_prepare_ms"":33.957635,""phase1_count_ms"":681.195616,""phase2_assign_ms"":4.258118,""phase3_sample_ms"":90.861058,""run_build_ms"":35.568144,""run_fallback_count_ms"":681.197856,""run_fallback_sample_ms"":95.124745,""run_pilot_enum_prepare_ms"":33.960195,""run_pilot_enum_scan_ms"":117.292489}",,"{""dataset"":{""source"":""synthetic"",""name"":""hetero_t__nr100000__ns100000__a1_000ep00__g1"",""dim"":2,""path_r"":"""",""path_s"":"""",""synthetic"":{""generator"":""hetero_sizes"",""n_r"":100000,""n_s"":100000,""alpha"":1,""seed"":1}},""run"":{""method"":""aabb"",""variant"":""adaptive"",""t"":1000,""seed"":1,""repeats"":3,""j_star"":1000000,""enum_cap"":0,""write_samples"":false,""verify"":false},""output"":{""out_dir"":""run/temp/exp5/hetero_t"",""run_tag"":""exp5_hetero_t""},""sys"":{""threads"":1},""logging"":{""level"":""INFO"",""with_timestamp"":true,""with_thread_id"":false}}","{""generator"":""hetero_sizes"",""dataset"":""hetero_t__nr100000__ns100000__a1_000ep00__g1"",""n_r"":100000,""n_s"":100000,""has_exact_k"":false,""k_target"":0,""k_achieved"":0,""alpha_target"":1,""alpha_achieved"":nan,""notes"":""p_large_r=0.1, w_small=[0.002,0.01], w_large=[0.1,0.3], anisotropic=1""}"
hetero_t__nr100000__ns100000__a1_000ep00__g1,hetero_sizes,1,100000,100000,aabb,adaptive,1000,1,2,1,963.703,8.06931e+06,1,0,1,0,fallback_sampling,1000001,"{""build_ms"":35.544655,""enumerate_prepare_ms"":33.947605,""phase1_count_ms"":682.262464,""phase2_assign_ms"":4.249238,""phase3_sample_ms"":90.654272,""run_build_ms"":35.546265,""run_fallback_count_ms"":682.265124,""run_fallback_sample_ms"":94.908680,""run_pilot_enum_prepare_ms"":33.950005,""run_pilot_enum_scan_ms"":117.020154}",,"{""dataset"":{""source"":""synthetic"",""name"":""hetero_t__nr100000__ns100000__a1_000ep00__g1"",""dim"":2,""path_r"":"""",""path_s"":"""",""synthetic"":{""generator"":""hetero_sizes"",""n_r"":100000,""n_s"":100000,""alpha"":1,""seed"":1}},""run"":{""method"":""aabb"",""variant"":""adaptive"",""t"":1000,""seed"":1,""repeats"":3,""j_star"":1000000,""enum_cap"":0,""write_samples"":false,""verify"":false},""output"":{""out_dir"":""run/temp/exp5/hetero_t"",""run_tag"":""exp5_hetero_t""},""sys"":{""threads"":1},""logging"":{""level"":""INFO"",""with_timestamp"":true,""with_thread_id"":false}}","{""generator"":""hetero_sizes"",""dataset"":""hetero_t__nr100000__ns100000__a1_000ep00__g1"",""n_r"":100000,""n_s"":100000,""has_exact_k"":false,""k_target"":0,""k_achieved"":0,""alpha_target"":1,""alpha_achieved"":nan,""notes"":""p_large_r=0.1, w_small=[0.002,0.01], w_large=[0.1,0.3], anisotropic=1""}"
hetero_t__nr100000__ns100000__a1_000ep00__g1,hetero_sizes,1,100000,100000,aabb,adaptive,1000,2,3,1,962.169,8.06931e+06,1,0,1,0,fallback_sampling,1000001,"{""build_ms"":35.593614,""enumerate_prepare_ms"":33.989504,""phase1_count_ms"":681.739853,""phase2_assign_ms"":4.258168,""phase3_sample_ms"":89.287479,""run_build_ms"":35.594554,""run_fallback_count_ms"":681.742433,""run_fallback_sample_ms"":93.551247,""run_pilot_enum_prepare_ms"":33.991724,""run_pilot_enum_scan_ms"":117.275369}",,"{""dataset"":{""source"":""synthetic"",""name"":""hetero_t__nr100000__ns100000__a1_000ep00__g1"",""dim"":2,""path_r"":"""",""path_s"":"""",""synthetic"":{""generator"":""hetero_sizes"",""n_r"":100000,""n_s"":100000,""alpha"":1,""seed"":1}},""run"":{""method"":""aabb"",""variant"":""adaptive"",""t"":1000,""seed"":1,""repeats"":3,""j_star"":1000000,""enum_cap"":0,""write_samples"":false,""verify"":false},""output"":{""out_dir"":""run/temp/exp5/hetero_t"",""run_tag"":""exp5_hetero_t""},""sys"":{""threads"":1},""logging"":{""level"":""INFO"",""with_timestamp"":true,""with_thread_id"":false}}","{""generator"":""hetero_sizes"",""dataset"":""hetero_t__nr100000__ns100000__a1_000ep00__g1"",""n_r"":100000,""n_s"":100000,""has_exact_k"":false,""k_target"":0,""k_achieved"":0,""alpha_target"":1,""alpha_achieved"":nan,""notes"":""p_large_r=0.1, w_small=[0.002,0.01], w_large=[0.1,0.3], anisotropic=1""}"
hetero_t__nr100000__ns100000__a1_000ep00__g1,hetero_sizes,1,100000,100000,interval_tree,sampling,1000,0,1,1,995.432,8.06931e+06,1,0,0,0,,0,"{""build_ms"":159.693421,""build_active_ms"":41.484600,""build_events_ms"":38.660225,""build_start_ids_ms"":1.567859,""build_y_endpoints_ms"":28.005300,""build_y_indices_ms"":49.968907,""phase1_count_ms"":525.808270,""phase2_slots_ms"":6.186930,""phase3_resweep_ms"":303.722403,""run_build_ms"":159.704520,""run_count_ms"":525.810060,""run_sample_ms"":309.914743}",,"{""dataset"":{""source"":""synthetic"",""name"":""hetero_t__nr100000__ns100000__a1_000ep00__g1"",""dim"":2,""path_r"":"""",""path_s"":"""",""synthetic"":{""generator"":""hetero_sizes"",""n_r"":100000,""n_s"":100000,""alpha"":1,""seed"":1}},""run"":{""method"":""interval_tree"",""variant"":""sampling"",""t"":1000,""seed"":1,""repeats"":3,""j_star"":1000000,""enum_cap"":0,""write_samples"":false,""verify"":false},""output"":{""out_dir"":""run/temp/exp5/hetero_t"",""run_tag"":""exp5_hetero_t""},""sys"":{""threads"":1},""logging"":{""level"":""INFO"",""with_timestamp"":true,""with_thread_id"":false}}","{""generator"":""hetero_sizes"",""dataset"":""hetero_t__nr100000__ns100000__a1_000ep00__g1"",""n_r"":100000,""n_s"":100000,""has_exact_k"":false,""k_target"":0,""k_achieved"":0,""alpha_target"":1,""alpha_achieved"":nan,""notes"":""p_large_r=0.1, w_small=[0.002,0.01], w_large=[0.1,0.3], anisotropic=1""}"
hetero_t__nr100000__ns100000__a1_000ep00__g1,hetero_sizes,1,100000,100000,interval_tree,sampling,1000,1,2,1,1050.19,8.06931e+06,1,0,0,0,,0,"{""build_ms"":163.949349,""build_active_ms"":23.403448,""build_events_ms"":61.114092,""build_start_ids_ms"":1.571659,""build_y_endpoints_ms"":28.025870,""build_y_indices_ms"":49.826739,""phase1_count_ms"":525.157483,""phase2_slots_ms"":4.561042,""phase3_resweep_ms"":306.171305,""run_build_ms"":163.950129,""run_count_ms"":525.159983,""run_sample_ms"":310.736787}",,"{""dataset"":{""source"":""synthetic"",""name"":""hetero_t__nr100000__ns100000__a1_000ep00__g1"",""dim"":2,""path_r"":"""",""path_s"":"""",""synthetic"":{""generator"":""hetero_sizes"",""n_r"":100000,""n_s"":100000,""alpha"":1,""seed"":1}},""run"":{""method"":""interval_tree"",""variant"":""sampling"",""t"":1000,""seed"":1,""repeats"":3,""j_star"":1000000,""enum_cap"":0,""write_samples"":false,""verify"":false},""output"":{""out_dir"":""run/temp/exp5/hetero_t"",""run_tag"":""exp5_hetero_t""},""sys"":{""threads"":1},""logging"":{""level"":""INFO"",""with_timestamp"":true,""with_thread_id"":false}}","{""generator"":""hetero_sizes"",""dataset"":""hetero_t__nr100000__ns100000__a1_000ep00__g1"",""n_r"":100000,""n_s"":100000,""has_exact_k"":false,""k_target"":0,""k_achieved"":0,""alpha_target"":1,""alpha_achieved"":nan,""notes"":""p_large_r=0.1, w_small=[0.002,0.01], w_large=[0.1,0.3], anisotropic=1""}"
hetero_t__nr100000__ns100000__a1_000ep00__g1,hetero_sizes,1,100000,100000,interval_tree,sampling,1000,2,3,1,1053.49,8.06931e+06,1,0,0,0,,0,"{""build_ms"":145.327887,""build_active_ms"":23.431558,""build_events_ms"":42.325374,""build_start_ids_ms"":1.605829,""build_y_endpoints_ms"":28.015659,""build_y_indices_ms"":49.941366,""phase1_count_ms"":525.539914,""phase2_slots_ms"":4.568532,""phase3_resweep_ms"":305.659305,""run_build_ms"":145.329097,""run_count_ms"":525.542194,""run_sample_ms"":310.232337}",,"{""dataset"":{""source"":""synthetic"",""name"":""hetero_t__nr100000__ns100000__a1_000ep00__g1"",""dim"":2,""path_r"":"""",""path_s"":"""",""synthetic"":{""generator"":""hetero_sizes"",""n_r"":100000,""n_s"":100000,""alpha"":1,""seed"":1}},""run"":{""method"":""interval_tree"",""variant"":""sampling"",""t"":1000,""seed"":1,""repeats"":3,""j_star"":1000000,""enum_cap"":0,""write_samples"":false,""verify"":false},""output"":{""out_dir"":""run/temp/exp5/hetero_t"",""run_tag"":""exp5_hetero_t""},""sys"":{""threads"":1},""logging"":{""level"":""INFO"",""with_timestamp"":true,""with_thread_id"":false}}","{""generator"":""hetero_sizes"",""dataset"":""hetero_t__nr100000__ns100000__a1_000ep00__g1"",""n_r"":100000,""n_s"":100000,""has_exact_k"":false,""k_target"":0,""k_achieved"":0,""alpha_target"":1,""alpha_achieved"":nan,""notes"":""p_large_r=0.1, w_small=[0.002,0.01], w_large=[0.1,0.3], anisotropic=1""}"
hetero_t__nr100000__ns100000__a1_000ep00__g1,hetero_sizes,1,100000,100000,interval_tree,adaptive,1000,0,1,1,1348.02,8.06931e+06,1,0,1,0,fallback_sampling,1000001,"{""build_ms"":156.403304,""build_active_ms"":39.000148,""build_events_ms"":37.353749,""build_start_ids_ms"":1.538590,""build_y_endpoints_ms"":28.113238,""build_y_indices_ms"":50.390968,""enumerate_prepare_ms"":174.289148,""phase1_count_adaptive_ms"":572.223193,""phase2_slots_ms"":6.477795,""phase3_resweep_ms"":306.164904,""run_build_ms"":156.404254,""run_fallback_count_ms"":572.225153,""run_fallback_sample_ms"":312.650679,""run_pilot_enum_prepare_ms"":174.292988,""run_pilot_enum_scan_ms"":111.164086}",,"{""dataset"":{""source"":""synthetic"",""name"":""hetero_t__nr100000__ns100000__a1_000ep00__g1"",""dim"":2,""path_r"":"""",""path_s"":"""",""synthetic"":{""generator"":""hetero_sizes"",""n_r"":100000,""n_s"":100000,""alpha"":1,""seed"":1}},""run"":{""method"":""interval_tree"",""variant"":""adaptive"",""t"":1000,""seed"":1,""repeats"":3,""j_star"":1000000,""enum_cap"":0,""write_samples"":false,""verify"":false},""output"":{""out_dir"":""run/temp/exp5/hetero_t"",""run_tag"":""exp5_hetero_t""},""sys"":{""threads"":1},""logging"":{""level"":""INFO"",""with_timestamp"":true,""with_thread_id"":false}}","{""generator"":""hetero_sizes"",""dataset"":""hetero_t__nr100000__ns100000__a1_000ep00__g1"",""n_r"":100000,""n_s"":100000,""has_exact_k"":false,""k_target"":0,""k_achieved"":0,""alpha_target"":1,""alpha_achieved"":nan,""notes"":""p_large_r=0.1, w_small=[0.002,0.01], w_large=[0.1,0.3], anisotropic=1""}"
hetero_t__nr100000__ns100000__a1_000ep00__g1,hetero_sizes,1,100000,100000,interval_tree,adaptive,1000,1,2,1,1369.07,8.06931e+06,1,0,1,0,fallback_sampling,1000001,"{""build_ms"":145.674650,""build_active_ms"":23.327430,""build_events_ms"":42.236635,""build_start_ids_ms"":1.537630,""build_y_endpoints_ms"":28.118618,""build_y_indices_ms"":50.446697,""enumerate_prepare_ms"":151.786082,""phase1_count_adaptive_ms"":562.942891,""phase2_slots_ms"":6.380787,""phase3_resweep_ms"":305.516946,""run_build_ms"":145.675610,""run_fallback_count_ms"":562.945301,""run_fallback_sample_ms"":311.902923,""run_pilot_enum_prepare_ms"":151.789002,""run_pilot_enum_scan_ms"":110.939200}",,"{""dataset"":{""source"":""synthetic"",""name"":""hetero_t__nr100000__ns100000__a1_000ep00__g1"",""dim"":2,""path_r"":"""",""path_s"":"""",""synthetic"":{""generator"":""hetero_sizes"",""n_r"":100000,""n_s"":100000,""alpha"":1,""seed"":1}},""run"":{""method"":""interval_tree"",""variant"":""adaptive"",""t"":1000,""seed"":1,""repeats"":3,""j_star"":1000000,""enum_cap"":0,""write_samples"":false,""verify"":false},""output"":{""out_dir"":""run/temp/exp5/hetero_t"",""run_tag"":""exp5_hetero_t""},""sys"":{""threads"":1},""logging"":{""level"":""INFO"",""with_timestamp"":true,""with_thread_id"":false}}","{""generator"":""hetero_sizes"",""dataset"":""hetero_t__nr100000__ns100000__a1_000ep00__g1"",""n_r"":100000,""n_s"":100000,""has_exact_k"":false,""k_target"":0,""k_achieved"":0,""alpha_target"":1,""alpha_achieved"":nan,""notes"":""p_large_r=0.1, w_small=[0.002,0.01], w_large=[0.1,0.3], anisotropic=1""}"
hetero_t__nr100000__ns100000__a1_000ep00__g1,hetero_sizes,1,100000,100000,interval_tree,adaptive,1000,2,3,1,1369.58,8.06931e+06,1,0,1,0,fallback_sampling,1000001,"{""build_ms"":149.249391,""build_active_ms"":23.338680,""build_events_ms"":42.337254,""build_start_ids_ms"":1.532520,""build_y_endpoints_ms"":28.164637,""build_y_indices_ms"":53.866912,""enumerate_prepare_ms"":146.920156,""phase1_count_adaptive_ms"":559.982757,""phase2_slots_ms"":4.572863,""phase3_resweep_ms"":310.533250,""run_build_ms"":149.250391,""run_fallback_count_ms"":559.985377,""run_fallback_sample_ms"":315.112661,""run_pilot_enum_prepare_ms"":146.923186,""run_pilot_enum_scan_ms"":106.604764}",,"{""dataset"":{""source"":""synthetic"",""name"":""hetero_t__nr100000__ns100000__a1_000ep00__g1"",""dim"":2,""path_r"":"""",""path_s"":"""",""synthetic"":{""generator"":""hetero_sizes"",""n_r"":100000,""n_s"":100000,""alpha"":1,""seed"":1}},""run"":{""method"":""interval_tree"",""variant"":""adaptive"",""t"":1000,""seed"":1,""repeats"":3,""j_star"":1000000,""enum_cap"":0,""write_samples"":false,""verify"":false},""output"":{""out_dir"":""run/temp/exp5/hetero_t"",""run_tag"":""exp5_hetero_t""},""sys"":{""threads"":1},""logging"":{""level"":""INFO"",""with_timestamp"":true,""with_thread_id"":false}}","{""generator"":""hetero_sizes"",""dataset"":""hetero_t__nr100000__ns100000__a1_000ep00__g1"",""n_r"":100000,""n_s"":100000,""has_exact_k"":false,""k_target"":0,""k_achieved"":0,""alpha_target"":1,""alpha_achieved"":nan,""notes"":""p_large_r=0.1, w_small=[0.002,0.01], w_large=[0.1,0.3], anisotropic=1""}"
hetero_t__nr100000__ns100000__a1_000ep00__g1,hetero_sizes,1,100000,100000,kd_tree,sampling,1000,0,1,1,584.417,8.06931e+06,1,0,0,0,,0,"{""build_ms"":102.309436,""build_events_ms"":33.897926,""build_kdtrees_ms"":34.708460,""build_rank_arrays_ms"":32.297407,""build_start_index_ms"":1.360494,""phase1_count_ms"":434.926280,""phase2_alias_ms"":47.172760,""phase3_sweep_ms"":42.901543,""run_build_ms"":102.310316,""run_count_ms"":434.929150,""run_sample_ms"":47.173880}",,"{""dataset"":{""source"":""synthetic"",""name"":""hetero_t__nr100000__ns100000__a1_000ep00__g1"",""dim"":2,""path_r"":"""",""path_s"":"""",""synthetic"":{""generator"":""hetero_sizes"",""n_r"":100000,""n_s"":100000,""alpha"":1,""seed"":1}},""run"":{""method"":""kd_tree"",""variant"":""sampling"",""t"":1000,""seed"":1,""repeats"":3,""j_star"":1000000,""enum_cap"":0,""write_samples"":false,""verify"":false},""output"":{""out_dir"":""run/temp/exp5/hetero_t"",""run_tag"":""exp5_hetero_t""},""sys"":{""threads"":1},""logging"":{""level"":""INFO"",""with_timestamp"":true,""with_thread_id"":false}}","{""generator"":""hetero_sizes"",""dataset"":""hetero_t__nr100000__ns100000__a1_000ep00__g1"",""n_r"":100000,""n_s"":100000,""has_exact_k"":false,""k_target"":0,""k_achieved"":0,""alpha_target"":1,""alpha_achieved"":nan,""notes"":""p_large_r=0.1, w_small=[0.002,0.01], w_large=[0.1,0.3], anisotropic=1""}"
hetero_t__nr100000__ns100000__a1_000ep00__g1,hetero_sizes,1,100000,100000,kd_tree,sampling,1000,1,2,1,586.856,8.06931e+06,1,0,0,0,,0,"{""build_ms"":102.457214,""build_events_ms"":33.981494,""build_kdtrees_ms"":34.661431,""build_rank_arrays_ms"":32.382836,""build_start_index_ms"":1.385903,""phase1_count_ms"":437.306233,""phase2_alias_ms"":47.085842,""phase3_sweep_ms"":42.820794,""run_build_ms"":102.457763,""run_count_ms"":437.308774,""run_sample_ms"":47.086621}",,"{""dataset"":{""source"":""synthetic"",""name"":""hetero_t__nr100000__ns100000__a1_000ep00__g1"",""dim"":2,""path_r"":"""",""path_s"":"""",""synthetic"":{""generator"":""hetero_sizes"",""n_r"":100000,""n_s"":100000,""alpha"":1,""seed"":1}},""run"":{""method"":""kd_tree"",""variant"":""sampling"",""t"":1000,""seed"":1,""repeats"":3,""j_star"":1000000,""enum_cap"":0,""write_samples"":false,""verify"":false},""output"":{""out_dir"":""run/temp/exp5/hetero_t"",""run_tag"":""exp5_hetero_t""},""sys"":{""threads"":1},""logging"":{""level"":""INFO"",""with_timestamp"":true,""with_thread_id"":false}}","{""generator"":""hetero_sizes"",""dataset"":""hetero_t__nr100000__ns100000__a1_000ep00__g1"",""n_r"":100000,""n_s"":100000,""has_exact_k"":false,""k_target"":0,""k_achieved"":0,""alpha_target"":1,""alpha_achieved"":nan,""notes"":""p_large_r=0.1, w_small=[0.002,0.01], w_large=[0.1,0.3], anisotropic=1""}"
hetero_t__nr100000__ns100000__a1_000ep00__g1,hetero_sizes,1,100000,100000,kd_tree,sampling,1000,2,3,1,587.016,8.06931e+06,1,0,0,0,,0,"{""build_ms"":102.430844,""build_events_ms"":33.871827,""build_kdtrees_ms"":34.785219,""build_rank_arrays_ms"":32.348835,""build_start_index_ms"":1.379364,""phase1_count_ms"":434.479637,""phase2_alias_ms"":50.098633,""phase3_sweep_ms"":45.835965,""run_build_ms"":102.431693,""run_count_ms"":434.482298,""run_sample_ms"":50.099523}",,"{""dataset"":{""source"":""synthetic"",""name"":""hetero_t__nr100000__ns100000__a1_000ep00__g1"",""dim"":2,""path_r"":"""",""path_s"":"""",""synthetic"":{""generator"":""hetero_sizes"",""n_r"":100000,""n_s"":100000,""alpha"":1,""seed"":1}},""run"":{""method"":""kd_tree"",""variant"":""sampling"",""t"":1000,""seed"":1,""repeats"":3,""j_star"":1000000,""enum_cap"":0,""write_samples"":false,""verify"":false},""output"":{""out_dir"":""run/temp/exp5/hetero_t"",""run_tag"":""exp5_hetero_t""},""sys"":{""threads"":1},""logging"":{""level"":""INFO"",""with_timestamp"":true,""with_thread_id"":false}}","{""generator"":""hetero_sizes"",""dataset"":""hetero_t__nr100000__ns100000__a1_000ep00__g1"",""n_r"":100000,""n_s"":100000,""has_exact_k"":false,""k_target"":0,""k_achieved"":0,""alpha_target"":1,""alpha_achieved"":nan,""notes"":""p_large_r=0.1, w_small=[0.002,0.01], w_large=[0.1,0.3], anisotropic=1""}"
hetero_t__nr100000__ns100000__a1_000ep00__g1,hetero_sizes,1,100000,100000,kd_tree,adaptive,1000,0,1,1,1045.42,8.06931e+06,1,0,1,0,fallback_sampling,1000001,"{""adaptive_fallback_sampling_ms"":49.545103,""build_ms"":101.911064,""build_embedding_ms"":31.979933,""build_events_ms"":33.884316,""build_kdtrees_ms"":34.682521,""build_rank_arrays_ms"":31.938844,""build_start_index_ms"":1.358994,""enumerate_prepare_ms"":100.726107,""phase1_count_and_maybe_enumerate_ms"":555.130250,""phase2_alias_ms"":3.884706,""phase2_assign_ms"":0.058310,""phase3_sweep_ms"":45.217547,""run_build_ms"":101.911744,""run_fallback_count_ms"":555.133310,""run_fallback_sample_ms"":49.546413,""run_pilot_enum_prepare_ms"":100.730066,""run_pilot_enum_scan_ms"":238.082476}",,"{""dataset"":{""source"":""synthetic"",""name"":""hetero_t__nr100000__ns100000__a1_000ep00__g1"",""dim"":2,""path_r"":"""",""path_s"":"""",""synthetic"":{""generator"":""hetero_sizes"",""n_r"":100000,""n_s"":100000,""alpha"":1,""seed"":1}},""run"":{""method"":""kd_tree"",""variant"":""adaptive"",""t"":1000,""seed"":1,""repeats"":3,""j_star"":1000000,""enum_cap"":0,""write_samples"":false,""verify"":false},""output"":{""out_dir"":""run/temp/exp5/hetero_t"",""run_tag"":""exp5_hetero_t""},""sys"":{""threads"":1},""logging"":{""level"":""INFO"",""with_timestamp"":true,""with_thread_id"":false}}","{""generator"":""hetero_sizes"",""dataset"":""hetero_t__nr100000__ns100000__a1_000ep00__g1"",""n_r"":100000,""n_s"":100000,""has_exact_k"":false,""k_target"":0,""k_achieved"":0,""alpha_target"":1,""alpha_achieved"":nan,""notes"":""p_large_r=0.1, w_small=[0.002,0.01], w_large=[0.1,0.3], anisotropic=1""}"
hetero_t__nr100000__ns100000__a1_000ep00__g1,hetero_sizes,1,100000,100000,kd_tree,adaptive,1000,1,2,1,1043.75,8.06931e+06,1,0,1,0,fallback_sampling,1000001,"{""adaptive_fallback_sampling_ms"":46.361955,""build_ms"":102.038612,""build_embedding_ms"":32.002002,""build_events_ms"":33.857717,""build_kdtrees_ms"":34.800389,""build_rank_arrays_ms"":31.961333,""build_start_index_ms"":1.374164,""enumerate_prepare_ms"":100.507100,""phase1_count_and_maybe_enumerate_ms"":556.401734,""phase2_alias_ms"":3.884525,""phase2_assign_ms"":0.058489,""phase3_sweep_ms"":42.035729,""run_build_ms"":102.039192,""run_fallback_count_ms"":556.404174,""run_fallback_sample_ms"":46.363145,""run_pilot_enum_prepare_ms"":100.511190,""run_pilot_enum_scan_ms"":238.422910}",,"{""dataset"":{""source"":""synthetic"",""name"":""hetero_t__nr100000__ns100000__a1_000ep00__g1"",""dim"":2,""path_r"":"""",""path_s"":"""",""synthetic"":{""generator"":""hetero_sizes"",""n_r"":100000,""n_s"":100000,""alpha"":1,""seed"":1}},""run"":{""method"":""kd_tree"",""variant"":""adaptive"",""t"":1000,""seed"":1,""repeats"":3,""j_star"":1000000,""enum_cap"":0,""write_samples"":false,""verify"":false},""output"":{""out_dir"":""run/temp/exp5/hetero_t"",""run_tag"":""exp5_hetero_t""},""sys"":{""threads"":1},""logging"":{""level"":""INFO"",""with_timestamp"":true,""with_thread_id"":false}}","{""generator"":""hetero_sizes"",""dataset"":""hetero_t__nr100000__ns100000__a1_000ep00__g1"",""n_r"":100000,""n_s"":100000,""has_exact_k"":false,""k_target"":0,""k_achieved"":0,""alpha_target"":1,""alpha_achieved"":nan,""notes"":""p_large_r=0.1, w_small=[0.002,0.01], w_large=[0.1,0.3], anisotropic=1""}"
hetero_t__nr100000__ns100000__a1_000ep00__g1,hetero_sizes,1,100000,100000,kd_tree,adaptive,1000,2,3,1,1047.37,8.06931e+06,1,0,1,0,fallback_sampling,1000001,"{""adaptive_fallback_sampling_ms"":46.378655,""build_ms"":101.897854,""build_embedding_ms"":32.031022,""build_events_ms"":33.832867,""build_kdtrees_ms"":34.655881,""build_rank_arrays_ms"":31.989923,""build_start_index_ms"":1.372863,""enumerate_prepare_ms"":100.720717,""phase1_count_and_maybe_enumerate_ms"":557.590040,""phase2_alias_ms"":3.872816,""phase2_assign_ms"":0.056679,""phase3_sweep_ms"":42.067188,""run_build_ms"":101.898744,""run_fallback_count_ms"":557.593889,""run_fallback_sample_ms"":46.379966,""run_pilot_enum_prepare_ms"":100.724706,""run_pilot_enum_scan_ms"":240.753215}",,"{""dataset"":{""source"":""synthetic"",""name"":""hetero_t__nr100000__ns100000__a1_000ep00__g1"",""dim"":2,""path_r"":"""",""path_s"":"""",""synthetic"":{""generator"":""hetero_sizes"",""n_r"":100000,""n_s"":100000,""alpha"":1,""seed"":1}},""run"":{""method"":""kd_tree"",""variant"":""adaptive"",""t"":1000,""seed"":1,""repeats"":3,""j_star"":1000000,""enum_cap"":0,""write_samples"":false,""verify"":false},""output"":{""out_dir"":""run/temp/exp5/hetero_t"",""run_tag"":""exp5_hetero_t""},""sys"":{""threads"":1},""logging"":{""level"":""INFO"",""with_timestamp"":true,""with_thread_id"":false}}","{""generator"":""hetero_sizes"",""dataset"":""hetero_t__nr100000__ns100000__a1_000ep00__g1"",""n_r"":100000,""n_s"":100000,""has_exact_k"":false,""k_target"":0,""k_achieved"":0,""alpha_target"":1,""alpha_achieved"":nan,""notes"":""p_large_r=0.1, w_small=[0.002,0.01], w_large=[0.1,0.3], anisotropic=1""}"
hetero_t__nr100000__ns100000__a1_000ep00__g1,hetero_sizes,1,100000,100000,r_tree,sampling,1000,0,1,1,344.422,8.06931e+06,1,0,0,0,,0,"{""build_ms"":35.831568,""phase1_count_ms"":201.248177,""phase2_assign_ms"":4.036743,""phase3_sample_ms"":102.913774,""run_build_ms"":35.833338,""run_count_ms"":201.251227,""run_sample_ms"":107.335138}",,"{""dataset"":{""source"":""synthetic"",""name"":""hetero_t__nr100000__ns100000__a1_000ep00__g1"",""dim"":2,""path_r"":"""",""path_s"":"""",""synthetic"":{""generator"":""hetero_sizes"",""n_r"":100000,""n_s"":100000,""alpha"":1,""seed"":1}},""run"":{""method"":""r_tree"",""variant"":""sampling"",""t"":1000,""seed"":1,""repeats"":3,""j_star"":1000000,""enum_cap"":0,""write_samples"":false,""verify"":false},""output"":{""out_dir"":""run/temp/exp5/hetero_t"",""run_tag"":""exp5_hetero_t""},""sys"":{""threads"":1},""logging"":{""level"":""INFO"",""with_timestamp"":true,""with_thread_id"":false}}","{""generator"":""hetero_sizes"",""dataset"":""hetero_t__nr100000__ns100000__a1_000ep00__g1"",""n_r"":100000,""n_s"":100000,""has_exact_k"":false,""k_target"":0,""k_achieved"":0,""alpha_target"":1,""alpha_achieved"":nan,""notes"":""p_large_r=0.1, w_small=[0.002,0.01], w_large=[0.1,0.3], anisotropic=1""}"
hetero_t__nr100000__ns100000__a1_000ep00__g1,hetero_sizes,1,100000,100000,r_tree,sampling,1000,1,2,1,345.252,8.06931e+06,1,0,0,0,,0,"{""build_ms"":35.790730,""phase1_count_ms"":202.268296,""phase2_assign_ms"":4.039062,""phase3_sample_ms"":102.682319,""run_build_ms"":35.791930,""run_count_ms"":202.270076,""run_sample_ms"":107.104963}",,"{""dataset"":{""source"":""synthetic"",""name"":""hetero_t__nr100000__ns100000__a1_000ep00__g1"",""dim"":2,""path_r"":"""",""path_s"":"""",""synthetic"":{""generator"":""hetero_sizes"",""n_r"":100000,""n_s"":100000,""alpha"":1,""seed"":1}},""run"":{""method"":""r_tree"",""variant"":""sampling"",""t"":1000,""seed"":1,""repeats"":3,""j_star"":1000000,""enum_cap"":0,""write_samples"":false,""verify"":false},""output"":{""out_dir"":""run/temp/exp5/hetero_t"",""run_tag"":""exp5_hetero_t""},""sys"":{""threads"":1},""logging"":{""level"":""INFO"",""with_timestamp"":true,""with_thread_id"":false}}","{""generator"":""hetero_sizes"",""dataset"":""hetero_t__nr100000__ns100000__a1_000ep00__g1"",""n_r"":100000,""n_s"":100000,""has_exact_k"":false,""k_target"":0,""k_achieved"":0,""alpha_target"":1,""alpha_achieved"":nan,""notes"":""p_large_r=0.1, w_small=[0.002,0.01], w_large=[0.1,0.3], anisotropic=1""}"
hetero_t__nr100000__ns100000__a1_000ep00__g1,hetero_sizes,1,100000,100000,r_tree,sampling,1000,2,3,1,348.184,8.06931e+06,1,0,0,0,,0,"{""build_ms"":35.782560,""phase1_count_ms"":205.202150,""phase2_assign_ms"":4.039283,""phase3_sample_ms"":102.688659,""run_build_ms"":35.784290,""run_count_ms"":205.203990,""run_sample_ms"":107.112073}",,"{""dataset"":{""source"":""synthetic"",""name"":""hetero_t__nr100000__ns100000__a1_000ep00__g1"",""dim"":2,""path_r"":"""",""path_s"":"""",""synthetic"":{""generator"":""hetero_sizes"",""n_r"":100000,""n_s"":100000,""alpha"":1,""seed"":1}},""run"":{""method"":""r_tree"",""variant"":""sampling"",""t"":1000,""seed"":1,""repeats"":3,""j_star"":1000000,""enum_cap"":0,""write_samples"":false,""verify"":false},""output"":{""out_dir"":""run/temp/exp5/hetero_t"",""run_tag"":""exp5_hetero_t""},""sys"":{""threads"":1},""logging"":{""level"":""INFO"",""with_timestamp"":true,""with_thread_id"":false}}","{""generator"":""hetero_sizes"",""dataset"":""hetero_t__nr100000__ns100000__a1_000ep00__g1"",""n_r"":100000,""n_s"":100000,""has_exact_k"":false,""k_target"":0,""k_achieved"":0,""alpha_target"":1,""alpha_achieved"":nan,""notes"":""p_large_r=0.1, w_small=[0.002,0.01], w_large=[0.1,0.3], anisotropic=1""}"
hetero_t__nr100000__ns100000__a1_000ep00__g1,hetero_sizes,1,100000,100000,r_tree,adaptive,1000,0,1,1,487.258,8.06931e+06,1,0,1,0,fallback_sampling,1000001,"{""build_ms"":35.766640,""enumerate_prepare_ms"":34.060613,""phase1_adaptive_count_ms"":231.231797,""phase2+3_sampling_ms"":108.367389,""run_build_ms"":35.767840,""run_fallback_count_ms"":231.234207,""run_fallback_sample_ms"":108.369709,""run_pilot_enum_prepare_ms"":34.063553,""run_pilot_enum_scan_ms"":77.793548}",,"{""dataset"":{""source"":""synthetic"",""name"":""hetero_t__nr100000__ns100000__a1_000ep00__g1"",""dim"":2,""path_r"":"""",""path_s"":"""",""synthetic"":{""generator"":""hetero_sizes"",""n_r"":100000,""n_s"":100000,""alpha"":1,""seed"":1}},""run"":{""method"":""r_tree"",""variant"":""adaptive"",""t"":1000,""seed"":1,""repeats"":3,""j_star"":1000000,""enum_cap"":0,""write_samples"":false,""verify"":false},""output"":{""out_dir"":""run/temp/exp5/hetero_t"",""run_tag"":""exp5_hetero_t""},""sys"":{""threads"":1},""logging"":{""level"":""INFO"",""with_timestamp"":true,""with_thread_id"":false}}","{""generator"":""hetero_sizes"",""dataset"":""hetero_t__nr100000__ns100000__a1_000ep00__g1"",""n_r"":100000,""n_s"":100000,""has_exact_k"":false,""k_target"":0,""k_achieved"":0,""alpha_target"":1,""alpha_achieved"":nan,""notes"":""p_large_r=0.1, w_small=[0.002,0.01], w_large=[0.1,0.3], anisotropic=1""}"
hetero_t__nr100000__ns100000__a1_000ep00__g1,hetero_sizes,1,100000,100000,r_tree,adaptive,1000,1,2,1,489.18,8.06931e+06,1,0,1,0,fallback_sampling,1000001,"{""build_ms"":35.779649,""enumerate_prepare_ms"":34.101252,""phase1_adaptive_count_ms"":233.637201,""phase2+3_sampling_ms"":107.827439,""run_build_ms"":35.781039,""run_fallback_count_ms"":233.639911,""run_fallback_sample_ms"":107.829839,""run_pilot_enum_prepare_ms"":34.102982,""run_pilot_enum_scan_ms"":77.714060}",,"{""dataset"":{""source"":""synthetic"",""name"":""hetero_t__nr100000__ns100000__a1_000ep00__g1"",""dim"":2,""path_r"":"""",""path_s"":"""",""synthetic"":{""generator"":""hetero_sizes"",""n_r"":100000,""n_s"":100000,""alpha"":1,""seed"":1}},""run"":{""method"":""r_tree"",""variant"":""adaptive"",""t"":1000,""seed"":1,""repeats"":3,""j_star"":1000000,""enum_cap"":0,""write_samples"":false,""verify"":false},""output"":{""out_dir"":""run/temp/exp5/hetero_t"",""run_tag"":""exp5_hetero_t""},""sys"":{""threads"":1},""logging"":{""level"":""INFO"",""with_timestamp"":true,""with_thread_id"":false}}","{""generator"":""hetero_sizes"",""dataset"":""hetero_t__nr100000__ns100000__a1_000ep00__g1"",""n_r"":100000,""n_s"":100000,""has_exact_k"":false,""k_target"":0,""k_achieved"":0,""alpha_target"":1,""alpha_achieved"":nan,""notes"":""p_large_r=0.1, w_small=[0.002,0.01], w_large=[0.1,0.3], anisotropic=1""}"
hetero_t__nr100000__ns100000__a1_000ep00__g1,hetero_sizes,1,100000,100000,r_tree,adaptive,1000,2,3,1,486.977,8.06931e+06,1,0,1,0,fallback_sampling,1000001,"{""build_ms"":35.761160,""enumerate_prepare_ms"":34.052763,""phase1_adaptive_count_ms"":231.629239,""phase2+3_sampling_ms"":107.709142,""run_build_ms"":35.762700,""run_fallback_count_ms"":231.631539,""run_fallback_sample_ms"":107.712112,""run_pilot_enum_prepare_ms"":34.054923,""run_pilot_enum_scan_ms"":77.703970}",,"{""dataset"":{""source"":""synthetic"",""name"":""hetero_t__nr100000__ns100000__a1_000ep00__g1"",""dim"":2,""path_r"":"""",""path_s"":"""",""synthetic"":{""generator"":""hetero_sizes"",""n_r"":100000,""n_s"":100000,""alpha"":1,""seed"":1}},""run"":{""method"":""r_tree"",""variant"":""adaptive"",""t"":1000,""seed"":1,""repeats"":3,""j_star"":1000000,""enum_cap"":0,""write_samples"":false,""verify"":false},""output"":{""out_dir"":""run/temp/exp5/hetero_t"",""run_tag"":""exp5_hetero_t""},""sys"":{""threads"":1},""logging"":{""level"":""INFO"",""with_timestamp"":true,""with_thread_id"":false}}","{""generator"":""hetero_sizes"",""dataset"":""hetero_t__nr100000__ns100000__a1_000ep00__g1"",""n_r"":100000,""n_s"":100000,""has_exact_k"":false,""k_target"":0,""k_achieved"":0,""alpha_target"":1,""alpha_achieved"":nan,""notes"":""p_large_r=0.1, w_small=[0.002,0.01], w_large=[0.1,0.3], anisotropic=1""}"
hetero_t__nr100000__ns100000__a1_000ep00__g1,hetero_sizes,1,100000,100000,range_tree,sampling,1000,0,1,1,2235.13,8.06931e+06,1,0,0,0,,0,"{""build_ms"":100.825624,""build_events_ms"":33.839077,""build_range_trees_ms"":34.723730,""build_rank_arrays_ms"":30.854134,""build_start_index_ms"":1.366673,""phase1_count_ms"":1274.345575,""phase2_alias_ms"":859.948011,""phase3_sweep_ms"":855.539676,""run_build_ms"":100.826494,""run_count_ms"":1274.348025,""run_sample_ms"":859.951871}",,"{""dataset"":{""source"":""synthetic"",""name"":""hetero_t__nr100000__ns100000__a1_000ep00__g1"",""dim"":2,""path_r"":"""",""path_s"":"""",""synthetic"":{""generator"":""hetero_sizes"",""n_r"":100000,""n_s"":100000,""alpha"":1,""seed"":1}},""run"":{""method"":""range_tree"",""variant"":""sampling"",""t"":1000,""seed"":1,""repeats"":3,""j_star"":1000000,""enum_cap"":0,""write_samples"":false,""verify"":false},""output"":{""out_dir"":""run/temp/exp5/hetero_t"",""run_tag"":""exp5_hetero_t""},""sys"":{""threads"":1},""logging"":{""level"":""INFO"",""with_timestamp"":true,""with_thread_id"":false}}","{""generator"":""hetero_sizes"",""dataset"":""hetero_t__nr100000__ns100000__a1_000ep00__g1"",""n_r"":100000,""n_s"":100000,""has_exact_k"":false,""k_target"":0,""k_achieved"":0,""alpha_target"":1,""alpha_achieved"":nan,""notes"":""p_large_r=0.1, w_small=[0.002,0.01], w_large=[0.1,0.3], anisotropic=1""}"
hetero_t__nr100000__ns100000__a1_000ep00__g1,hetero_sizes,1,100000,100000,range_tree,sampling,1000,1,2,1,2237.1,8.06931e+06,1,0,0,0,,0,"{""build_ms"":99.497580,""build_events_ms"":33.852047,""build_range_trees_ms"":33.303177,""build_rank_arrays_ms"":30.917384,""build_start_index_ms"":1.374653,""phase1_count_ms"":1277.214956,""phase2_alias_ms"":860.374142,""phase3_sweep_ms"":855.971746,""run_build_ms"":99.498150,""run_count_ms"":1277.217936,""run_sample_ms"":860.375152}",,"{""dataset"":{""source"":""synthetic"",""name"":""hetero_t__nr100000__ns100000__a1_000ep00__g1"",""dim"":2,""path_r"":"""",""path_s"":"""",""synthetic"":{""generator"":""hetero_sizes"",""n_r"":100000,""n_s"":100000,""alpha"":1,""seed"":1}},""run"":{""method"":""range_tree"",""variant"":""sampling"",""t"":1000,""seed"":1,""repeats"":3,""j_star"":1000000,""enum_cap"":0,""write_samples"":false,""verify"":false},""output"":{""out_dir"":""run/temp/exp5/hetero_t"",""run_tag"":""exp5_hetero_t""},""sys"":{""threads"":1},""logging"":{""level"":""INFO"",""with_timestamp"":true,""with_thread_id"":false}}","{""generator"":""hetero_sizes"",""dataset"":""hetero_t__nr100000__ns100000__a1_000ep00__g1"",""n_r"":100000,""n_s"":100000,""has_exact_k"":false,""k_target"":0,""k_achieved"":0,""alpha_target"":1,""alpha_achieved"":nan,""notes"":""p_large_r=0.1, w_small=[0.002,0.01], w_large=[0.1,0.3], anisotropic=1""}"
hetero_t__nr100000__ns100000__a1_000ep00__g1,hetero_sizes,1,100000,100000,range_tree,sampling,1000,2,3,1,2232,8.06931e+06,1,0,0,0,,0,"{""build_ms"":99.442780,""build_events_ms"":33.936315,""build_range_trees_ms"":33.148820,""build_rank_arrays_ms"":30.934893,""build_start_index_ms"":1.378134,""phase1_count_ms"":1273.289850,""phase2_alias_ms"":859.259092,""phase3_sweep_ms"":854.851487,""run_build_ms"":99.443351,""run_count_ms"":1273.292590,""run_sample_ms"":859.263262}",,"{""dataset"":{""source"":""synthetic"",""name"":""hetero_t__nr100000__ns100000__a1_000ep00__g1"",""dim"":2,""path_r"":"""",""path_s"":"""",""synthetic"":{""generator"":""hetero_sizes"",""n_r"":100000,""n_s"":100000,""alpha"":1,""seed"":1}},""run"":{""method"":""range_tree"",""variant"":""sampling"",""t"":1000,""seed"":1,""repeats"":3,""j_star"":1000000,""enum_cap"":0,""write_samples"":false,""verify"":false},""output"":{""out_dir"":""run/temp/exp5/hetero_t"",""run_tag"":""exp5_hetero_t""},""sys"":{""threads"":1},""logging"":{""level"":""INFO"",""with_timestamp"":true,""with_thread_id"":false}}","{""generator"":""hetero_sizes"",""dataset"":""hetero_t__nr100000__ns100000__a1_000ep00__g1"",""n_r"":100000,""n_s"":100000,""has_exact_k"":false,""k_target"":0,""k_achieved"":0,""alpha_target"":1,""alpha_achieved"":nan,""notes"":""p_large_r=0.1, w_small=[0.002,0.01], w_large=[0.1,0.3], anisotropic=1""}"
hetero_t__nr100000__ns100000__a1_000ep00__g1,hetero_sizes,1,100000,100000,range_tree,adaptive,1000,0,1,1,2851.07,8.06931e+06,1,0,1,0,fallback_sampling,1000001,"{""adaptive_count_ms"":1400.037028,""build_ms"":100.851533,""build_events_ms"":33.865427,""build_range_trees_ms"":34.643821,""build_rank_arrays_ms"":30.925463,""build_start_index_ms"":1.370224,""enumerate_prepare_ms"":99.463220,""phase2_alias_ms"":858.520083,""phase3_sweep_ms"":854.101798,""run_build_ms"":100.852333,""run_fallback_count_ms"":1400.040148,""run_fallback_sample_ms"":858.524453,""run_pilot_enum_prepare_ms"":99.467550,""run_pilot_enum_scan_ms"":392.166438}",,"{""dataset"":{""source"":""synthetic"",""name"":""hetero_t__nr100000__ns100000__a1_000ep00__g1"",""dim"":2,""path_r"":"""",""path_s"":"""",""synthetic"":{""generator"":""hetero_sizes"",""n_r"":100000,""n_s"":100000,""alpha"":1,""seed"":1}},""run"":{""method"":""range_tree"",""variant"":""adaptive"",""t"":1000,""seed"":1,""repeats"":3,""j_star"":1000000,""enum_cap"":0,""write_samples"":false,""verify"":false},""output"":{""out_dir"":""run/temp/exp5/hetero_t"",""run_tag"":""exp5_hetero_t""},""sys"":{""threads"":1},""logging"":{""level"":""INFO"",""with_timestamp"":true,""with_thread_id"":false}}","{""generator"":""hetero_sizes"",""dataset"":""hetero_t__nr100000__ns100000__a1_000ep00__g1"",""n_r"":100000,""n_s"":100000,""has_exact_k"":false,""k_target"":0,""k_achieved"":0,""alpha_target"":1,""alpha_achieved"":nan,""notes"":""p_large_r=0.1, w_small=[0.002,0.01], w_large=[0.1,0.3], anisotropic=1""}"
hetero_t__nr100000__ns100000__a1_000ep00__g1,hetero_sizes,1,100000,100000,range_tree,adaptive,1000,1,2,1,2845.66,8.06931e+06,1,0,1,0,fallback_sampling,1000001,"{""adaptive_count_ms"":1396.702808,""build_ms"":99.347502,""build_events_ms"":33.903646,""build_range_trees_ms"":33.120620,""build_rank_arrays_ms"":30.897824,""build_start_index_ms"":1.379893,""enumerate_prepare_ms"":99.724825,""phase2_alias_ms"":857.462111,""phase3_sweep_ms"":853.005967,""run_build_ms"":99.348502,""run_fallback_count_ms"":1396.705928,""run_fallback_sample_ms"":857.465741,""run_pilot_enum_prepare_ms"":99.728324,""run_pilot_enum_scan_ms"":392.395703}",,"{""dataset"":{""source"":""synthetic"",""name"":""hetero_t__nr100000__ns100000__a1_000ep00__g1"",""dim"":2,""path_r"":"""",""path_s"":"""",""synthetic"":{""generator"":""hetero_sizes"",""n_r"":100000,""n_s"":100000,""alpha"":1,""seed"":1}},""run"":{""method"":""range_tree"",""variant"":""adaptive"",""t"":1000,""seed"":1,""repeats"":3,""j_star"":1000000,""enum_cap"":0,""write_samples"":false,""verify"":false},""output"":{""out_dir"":""run/temp/exp5/hetero_t"",""run_tag"":""exp5_hetero_t""},""sys"":{""threads"":1},""logging"":{""level"":""INFO"",""with_timestamp"":true,""with_thread_id"":false}}","{""generator"":""hetero_sizes"",""dataset"":""hetero_t__nr100000__ns100000__a1_000ep00__g1"",""n_r"":100000,""n_s"":100000,""has_exact_k"":false,""k_target"":0,""k_achieved"":0,""alpha_target"":1,""alpha_achieved"":nan,""notes"":""p_large_r=0.1, w_small=[0.002,0.01], w_large=[0.1,0.3], anisotropic=1""}"
hetero_t__nr100000__ns100000__a1_000ep00__g1,hetero_sizes,1,100000,100000,range_tree,adaptive,1000,2,3,1,2848.79,8.06931e+06,1,0,1,0,fallback_sampling,1000001,"{""adaptive_count_ms"":1396.375680,""build_ms"":99.586716,""build_events_ms"":33.921245,""build_range_trees_ms"":33.277507,""build_rank_arrays_ms"":30.967152,""build_start_index_ms"":1.374933,""enumerate_prepare_ms"":102.214796,""phase2_alias_ms"":859.814893,""phase3_sweep_ms"":855.381158,""run_build_ms"":99.587296,""run_fallback_count_ms"":1396.378250,""run_fallback_sample_ms"":859.819423,""run_pilot_enum_prepare_ms"":102.217356,""run_pilot_enum_scan_ms"":390.774433}",,"{""dataset"":{""source"":""synthetic"",""name"":""hetero_t__nr100000__ns100000__a1_000ep00__g1"",""dim"":2,""path_r"":"""",""path_s"":"""",""synthetic"":{""generator"":""hetero_sizes"",""n_r"":100000,""n_s"":100000,""alpha"":1,""seed"":1}},""run"":{""method"":""range_tree"",""variant"":""adaptive"",""t"":1000,""seed"":1,""repeats"":3,""j_star"":1000000,""enum_cap"":0,""write_samples"":false,""verify"":false},""output"":{""out_dir"":""run/temp/exp5/hetero_t"",""run_tag"":""exp5_hetero_t""},""sys"":{""threads"":1},""logging"":{""level"":""INFO"",""with_timestamp"":true,""with_thread_id"":false}}","{""generator"":""hetero_sizes"",""dataset"":""hetero_t__nr100000__ns100000__a1_000ep00__g1"",""n_r"":100000,""n_s"":100000,""has_exact_k"":false,""k_target"":0,""k_achieved"":0,""alpha_target"":1,""alpha_achieved"":nan,""notes"":""p_large_r=0.1, w_small=[0.002,0.01], w_large=[0.1,0.3], anisotropic=1""}"
hetero_t__nr100000__ns100000__a1_000ep00__g1,hetero_sizes,1,100000,100000,pbsm,sampling,1000,0,1,1,916.507,8.06931e+06,1,0,0,0,,0,"{""build_ms"":22.217761,""pbsm_build_ms"":22.217201,""pbsm_count_pass1_ms"":447.629654,""pbsm_partitions_stripes_ms"":21.707171,""pbsm_sample_draw_ranks_ms"":0.040739,""pbsm_sample_pass2_select_ms"":446.603353,""run_build_ms"":22.218371,""run_count_ms"":447.633134,""run_sample_ms"":446.653912}",,"{""dataset"":{""source"":""synthetic"",""name"":""hetero_t__nr100000__ns100000__a1_000ep00__g1"",""dim"":2,""path_r"":"""",""path_s"":"""",""synthetic"":{""generator"":""hetero_sizes"",""n_r"":100000,""n_s"":100000,""alpha"":1,""seed"":1}},""run"":{""method"":""pbsm"",""variant"":""sampling"",""t"":1000,""seed"":1,""repeats"":3,""j_star"":1000000,""enum_cap"":0,""write_samples"":false,""verify"":false},""output"":{""out_dir"":""run/temp/exp5/hetero_t"",""run_tag"":""exp5_hetero_t""},""sys"":{""threads"":1},""logging"":{""level"":""INFO"",""with_timestamp"":true,""with_thread_id"":false}}","{""generator"":""hetero_sizes"",""dataset"":""hetero_t__nr100000__ns100000__a1_000ep00__g1"",""n_r"":100000,""n_s"":100000,""has_exact_k"":false,""k_target"":0,""k_achieved"":0,""alpha_target"":1,""alpha_achieved"":nan,""notes"":""p_large_r=0.1, w_small=[0.002,0.01], w_large=[0.1,0.3], anisotropic=1""}"
hetero_t__nr100000__ns100000__a1_000ep00__g1,hetero_sizes,1,100000,100000,pbsm,sampling,1000,1,2,1,922.907,8.06931e+06,1,0,0,0,,0,"{""build_ms"":21.855698,""pbsm_build_ms"":21.855298,""pbsm_count_pass1_ms"":451.599627,""pbsm_partitions_stripes_ms"":21.510114,""pbsm_sample_draw_ranks_ms"":0.040689,""pbsm_sample_pass2_select_ms"":449.394319,""run_build_ms"":21.856278,""run_count_ms"":451.602277,""run_sample_ms"":449.443858}",,"{""dataset"":{""source"":""synthetic"",""name"":""hetero_t__nr100000__ns100000__a1_000ep00__g1"",""dim"":2,""path_r"":"""",""path_s"":"""",""synthetic"":{""generator"":""hetero_sizes"",""n_r"":100000,""n_s"":100000,""alpha"":1,""seed"":1}},""run"":{""method"":""pbsm"",""variant"":""sampling"",""t"":1000,""seed"":1,""repeats"":3,""j_star"":1000000,""enum_cap"":0,""write_samples"":false,""verify"":false},""output"":{""out_dir"":""run/temp/exp5/hetero_t"",""run_tag"":""exp5_hetero_t""},""sys"":{""threads"":1},""logging"":{""level"":""INFO"",""with_timestamp"":true,""with_thread_id"":false}}","{""generator"":""hetero_sizes"",""dataset"":""hetero_t__nr100000__ns100000__a1_000ep00__g1"",""n_r"":100000,""n_s"":100000,""has_exact_k"":false,""k_target"":0,""k_achieved"":0,""alpha_target"":1,""alpha_achieved"":nan,""notes"":""p_large_r=0.1, w_small=[0.002,0.01], w_large=[0.1,0.3], anisotropic=1""}"
hetero_t__nr100000__ns100000__a1_000ep00__g1,hetero_sizes,1,100000,100000,pbsm,sampling,1000,2,3,1,925.15,8.06931e+06,1,0,0,0,,0,"{""build_ms"":21.872618,""pbsm_build_ms"":21.872098,""pbsm_count_pass1_ms"":452.227183,""pbsm_partitions_stripes_ms"":21.527274,""pbsm_sample_draw_ranks_ms"":0.039909,""pbsm_sample_pass2_select_ms"":450.996428,""run_build_ms"":21.873047,""run_count_ms"":452.229194,""run_sample_ms"":451.044397}",,"{""dataset"":{""source"":""synthetic"",""name"":""hetero_t__nr100000__ns100000__a1_000ep00__g1"",""dim"":2,""path_r"":"""",""path_s"":"""",""synthetic"":{""generator"":""hetero_sizes"",""n_r"":100000,""n_s"":100000,""alpha"":1,""seed"":1}},""run"":{""method"":""pbsm"",""variant"":""sampling"",""t"":1000,""seed"":1,""repeats"":3,""j_star"":1000000,""enum_cap"":0,""write_samples"":false,""verify"":false},""output"":{""out_dir"":""run/temp/exp5/hetero_t"",""run_tag"":""exp5_hetero_t""},""sys"":{""threads"":1},""logging"":{""level"":""INFO"",""with_timestamp"":true,""with_thread_id"":false}}","{""generator"":""hetero_sizes"",""dataset"":""hetero_t__nr100000__ns100000__a1_000ep00__g1"",""n_r"":100000,""n_s"":100000,""has_exact_k"":false,""k_target"":0,""k_achieved"":0,""alpha_target"":1,""alpha_achieved"":nan,""notes"":""p_large_r=0.1, w_small=[0.002,0.01], w_large=[0.1,0.3], anisotropic=1""}"
hetero_t__nr100000__ns100000__a1_000ep00__g1,hetero_sizes,1,100000,100000,pbsm,adaptive,1000,0,1,1,1004.82,8.06931e+06,1,0,1,0,fallback_sampling,1000001,"{""build_ms"":21.804159,""enumerate_prepare_ms"":0.000209,""pbsm_adaptive_pass1_ms"":461.138622,""pbsm_adaptive_sample_large_ms"":455.849284,""pbsm_build_ms"":21.803768,""pbsm_partitions_stripes_ms"":21.460386,""run_build_ms"":21.804679,""run_fallback_count_ms"":461.142892,""run_fallback_sample_ms"":455.854514,""run_pilot_enum_prepare_ms"":0.000800,""run_pilot_enum_scan_ms"":66.008485}",,"{""dataset"":{""source"":""synthetic"",""name"":""hetero_t__nr100000__ns100000__a1_000ep00__g1"",""dim"":2,""path_r"":"""",""path_s"":"""",""synthetic"":{""generator"":""hetero_sizes"",""n_r"":100000,""n_s"":100000,""alpha"":1,""seed"":1}},""run"":{""method"":""pbsm"",""variant"":""adaptive"",""t"":1000,""seed"":1,""repeats"":3,""j_star"":1000000,""enum_cap"":0,""write_samples"":false,""verify"":false},""output"":{""out_dir"":""run/temp/exp5/hetero_t"",""run_tag"":""exp5_hetero_t""},""sys"":{""threads"":1},""logging"":{""level"":""INFO"",""with_timestamp"":true,""with_thread_id"":false}}","{""generator"":""hetero_sizes"",""dataset"":""hetero_t__nr100000__ns100000__a1_000ep00__g1"",""n_r"":100000,""n_s"":100000,""has_exact_k"":false,""k_target"":0,""k_achieved"":0,""alpha_target"":1,""alpha_achieved"":nan,""notes"":""p_large_r=0.1, w_small=[0.002,0.01], w_large=[0.1,0.3], anisotropic=1""}"
hetero_t__nr100000__ns100000__a1_000ep00__g1,hetero_sizes,1,100000,100000,pbsm,adaptive,1000,1,2,1,1005.13,8.06931e+06,1,0,1,0,fallback_sampling,1000001,"{""build_ms"":21.799438,""enumerate_prepare_ms"":0.000310,""pbsm_adaptive_pass1_ms"":461.907106,""pbsm_adaptive_sample_large_ms"":455.269954,""pbsm_build_ms"":21.799158,""pbsm_partitions_stripes_ms"":21.459745,""run_build_ms"":21.799838,""run_fallback_count_ms"":461.910496,""run_fallback_sample_ms"":455.274234,""run_pilot_enum_prepare_ms"":0.000780,""run_pilot_enum_scan_ms"":66.135763}",,"{""dataset"":{""source"":""synthetic"",""name"":""hetero_t__nr100000__ns100000__a1_000ep00__g1"",""dim"":2,""path_r"":"""",""path_s"":"""",""synthetic"":{""generator"":""hetero_sizes"",""n_r"":100000,""n_s"":100000,""alpha"":1,""seed"":1}},""run"":{""method"":""pbsm"",""variant"":""adaptive"",""t"":1000,""seed"":1,""repeats"":3,""j_star"":1000000,""enum_cap"":0,""write_samples"":false,""verify"":false},""output"":{""out_dir"":""run/temp/exp5/hetero_t"",""run_tag"":""exp5_hetero_t""},""sys"":{""threads"":1},""logging"":{""level"":""INFO"",""with_timestamp"":true,""with_thread_id"":false}}","{""generator"":""hetero_sizes"",""dataset"":""hetero_t__nr100000__ns100000__a1_000ep00__g1"",""n_r"":100000,""n_s"":100000,""has_exact_k"":false,""k_target"":0,""k_achieved"":0,""alpha_target"":1,""alpha_achieved"":nan,""notes"":""p_large_r=0.1, w_small=[0.002,0.01], w_large=[0.1,0.3], anisotropic=1""}"
hetero_t__nr100000__ns100000__a1_000ep00__g1,hetero_sizes,1,100000,100000,pbsm,adaptive,1000,2,3,1,1005.06,8.06931e+06,1,0,1,0,fallback_sampling,1000001,"{""build_ms"":21.795649,""enumerate_prepare_ms"":0.000289,""pbsm_adaptive_pass1_ms"":459.531752,""pbsm_adaptive_sample_large_ms"":457.656567,""pbsm_build_ms"":21.795118,""pbsm_partitions_stripes_ms"":21.450166,""run_build_ms"":21.796159,""run_fallback_count_ms"":459.534572,""run_fallback_sample_ms"":457.659757,""run_pilot_enum_prepare_ms"":0.000700,""run_pilot_enum_scan_ms"":66.053253}",,"{""dataset"":{""source"":""synthetic"",""name"":""hetero_t__nr100000__ns100000__a1_000ep00__g1"",""dim"":2,""path_r"":"""",""path_s"":"""",""synthetic"":{""generator"":""hetero_sizes"",""n_r"":100000,""n_s"":100000,""alpha"":1,""seed"":1}},""run"":{""method"":""pbsm"",""variant"":""adaptive"",""t"":1000,""seed"":1,""repeats"":3,""j_star"":1000000,""enum_cap"":0,""write_samples"":false,""verify"":false},""output"":{""out_dir"":""run/temp/exp5/hetero_t"",""run_tag"":""exp5_hetero_t""},""sys"":{""threads"":1},""logging"":{""level"":""INFO"",""with_timestamp"":true,""with_thread_id"":false}}","{""generator"":""hetero_sizes"",""dataset"":""hetero_t__nr100000__ns100000__a1_000ep00__g1"",""n_r"":100000,""n_s"":100000,""has_exact_k"":false,""k_target"":0,""k_achieved"":0,""alpha_target"":1,""alpha_achieved"":nan,""notes"":""p_large_r=0.1, w_small=[0.002,0.01], w_large=[0.1,0.3], anisotropic=1""}"
hetero_t__nr100000__ns100000__a1_000ep00__g1,hetero_sizes,1,100000,100000,tlsop,sampling,1000,0,1,1,301.096,8.06931e+06,1,0,0,0,,0,"{""build_ms"":33.495093,""run_build_ms"":33.495883,""run_count_ms"":131.969550,""run_sample_ms"":135.627649,""tlsop_alloc_tiles_ms"":0.058669,""tlsop_build_ms"":33.493853,""tlsop_build_edges_ms"":0.000380,""tlsop_count_pass1_ms"":131.966510,""tlsop_pass1_count_caps_ms"":6.539783,""tlsop_pass1_reserve_ms"":0.474661,""tlsop_pass2_fill_ms"":8.107663,""tlsop_sample_draw_ranks_ms"":0.039579,""tlsop_sample_pass2_select_ms"":135.580521,""tlsop_sort_lists_ms"":18.301017}",,"{""dataset"":{""source"":""synthetic"",""name"":""hetero_t__nr100000__ns100000__a1_000ep00__g1"",""dim"":2,""path_r"":"""",""path_s"":"""",""synthetic"":{""generator"":""hetero_sizes"",""n_r"":100000,""n_s"":100000,""alpha"":1,""seed"":1}},""run"":{""method"":""tlsop"",""variant"":""sampling"",""t"":1000,""seed"":1,""repeats"":3,""j_star"":1000000,""enum_cap"":0,""write_samples"":false,""verify"":false},""output"":{""out_dir"":""run/temp/exp5/hetero_t"",""run_tag"":""exp5_hetero_t""},""sys"":{""threads"":1},""logging"":{""level"":""INFO"",""with_timestamp"":true,""with_thread_id"":false}}","{""generator"":""hetero_sizes"",""dataset"":""hetero_t__nr100000__ns100000__a1_000ep00__g1"",""n_r"":100000,""n_s"":100000,""has_exact_k"":false,""k_target"":0,""k_achieved"":0,""alpha_target"":1,""alpha_achieved"":nan,""notes"":""p_large_r=0.1, w_small=[0.002,0.01], w_large=[0.1,0.3], anisotropic=1""}"
hetero_t__nr100000__ns100000__a1_000ep00__g1,hetero_sizes,1,100000,100000,tlsop,sampling,1000,1,2,1,304.467,8.06931e+06,1,0,0,0,,0,"{""build_ms"":33.883745,""run_build_ms"":33.884385,""run_count_ms"":132.152367,""run_sample_ms"":137.993524,""tlsop_alloc_tiles_ms"":0.061619,""tlsop_build_ms"":33.882885,""tlsop_build_edges_ms"":0.000340,""tlsop_count_pass1_ms"":132.148537,""tlsop_pass1_count_caps_ms"":6.543654,""tlsop_pass1_reserve_ms"":0.462411,""tlsop_pass2_fill_ms"":8.102363,""tlsop_sample_draw_ranks_ms"":0.039219,""tlsop_sample_pass2_select_ms"":137.947265,""tlsop_sort_lists_ms"":18.269997}",,"{""dataset"":{""source"":""synthetic"",""name"":""hetero_t__nr100000__ns100000__a1_000ep00__g1"",""dim"":2,""path_r"":"""",""path_s"":"""",""synthetic"":{""generator"":""hetero_sizes"",""n_r"":100000,""n_s"":100000,""alpha"":1,""seed"":1}},""run"":{""method"":""tlsop"",""variant"":""sampling"",""t"":1000,""seed"":1,""repeats"":3,""j_star"":1000000,""enum_cap"":0,""write_samples"":false,""verify"":false},""output"":{""out_dir"":""run/temp/exp5/hetero_t"",""run_tag"":""exp5_hetero_t""},""sys"":{""threads"":1},""logging"":{""level"":""INFO"",""with_timestamp"":true,""with_thread_id"":false}}","{""generator"":""hetero_sizes"",""dataset"":""hetero_t__nr100000__ns100000__a1_000ep00__g1"",""n_r"":100000,""n_s"":100000,""has_exact_k"":false,""k_target"":0,""k_achieved"":0,""alpha_target"":1,""alpha_achieved"":nan,""notes"":""p_large_r=0.1, w_small=[0.002,0.01], w_large=[0.1,0.3], anisotropic=1""}"
hetero_t__nr100000__ns100000__a1_000ep00__g1,hetero_sizes,1,100000,100000,tlsop,sampling,1000,2,3,1,300.62,8.06931e+06,1,0,0,0,,0,"{""build_ms"":33.902464,""run_build_ms"":33.903365,""run_count_ms"":131.555908,""run_sample_ms"":134.694807,""tlsop_alloc_tiles_ms"":0.061448,""tlsop_build_ms"":33.901204,""tlsop_build_edges_ms"":0.000650,""tlsop_count_pass1_ms"":131.551959,""tlsop_pass1_count_caps_ms"":6.540163,""tlsop_pass1_reserve_ms"":0.464801,""tlsop_pass2_fill_ms"":8.114813,""tlsop_sample_draw_ranks_ms"":0.039429,""tlsop_sample_pass2_select_ms"":134.646838,""tlsop_sort_lists_ms"":18.281147}",,"{""dataset"":{""source"":""synthetic"",""name"":""hetero_t__nr100000__ns100000__a1_000ep00__g1"",""dim"":2,""path_r"":"""",""path_s"":"""",""synthetic"":{""generator"":""hetero_sizes"",""n_r"":100000,""n_s"":100000,""alpha"":1,""seed"":1}},""run"":{""method"":""tlsop"",""variant"":""sampling"",""t"":1000,""seed"":1,""repeats"":3,""j_star"":1000000,""enum_cap"":0,""write_samples"":false,""verify"":false},""output"":{""out_dir"":""run/temp/exp5/hetero_t"",""run_tag"":""exp5_hetero_t""},""sys"":{""threads"":1},""logging"":{""level"":""INFO"",""with_timestamp"":true,""with_thread_id"":false}}","{""generator"":""hetero_sizes"",""dataset"":""hetero_t__nr100000__ns100000__a1_000ep00__g1"",""n_r"":100000,""n_s"":100000,""has_exact_k"":false,""k_target"":0,""k_achieved"":0,""alpha_target"":1,""alpha_achieved"":nan,""notes"":""p_large_r=0.1, w_small=[0.002,0.01], w_large=[0.1,0.3], anisotropic=1""}"
hetero_t__nr100000__ns100000__a1_000ep00__g1,hetero_sizes,1,100000,100000,tlsop,adaptive,1000,0,1,1,323.811,8.06931e+06,1,0,1,0,fallback_sampling,1000001,"{""build_ms"":33.488203,""enumerate_prepare_ms"":0.012180,""run_build_ms"":33.489163,""run_fallback_count_ms"":135.312095,""run_fallback_sample_ms"":135.026852,""run_pilot_enum_prepare_ms"":0.012900,""run_pilot_enum_scan_ms"":19.960444,""tlsop_adaptive_pass1_ms"":135.307055,""tlsop_adaptive_sample_large_ms"":135.022002,""tlsop_alloc_tiles_ms"":0.059799,""tlsop_build_ms"":33.487513,""tlsop_build_edges_ms"":0.000450,""tlsop_pass1_count_caps_ms"":6.538434,""tlsop_pass1_reserve_ms"":0.465861,""tlsop_pass2_fill_ms"":8.102073,""tlsop_sort_lists_ms"":18.310386}",,"{""dataset"":{""source"":""synthetic"",""name"":""hetero_t__nr100000__ns100000__a1_000ep00__g1"",""dim"":2,""path_r"":"""",""path_s"":"""",""synthetic"":{""generator"":""hetero_sizes"",""n_r"":100000,""n_s"":100000,""alpha"":1,""seed"":1}},""run"":{""method"":""tlsop"",""variant"":""adaptive"",""t"":1000,""seed"":1,""repeats"":3,""j_star"":1000000,""enum_cap"":0,""write_samples"":false,""verify"":false},""output"":{""out_dir"":""run/temp/exp5/hetero_t"",""run_tag"":""exp5_hetero_t""},""sys"":{""threads"":1},""logging"":{""level"":""INFO"",""with_timestamp"":true,""with_thread_id"":false}}","{""generator"":""hetero_sizes"",""dataset"":""hetero_t__nr100000__ns100000__a1_000ep00__g1"",""n_r"":100000,""n_s"":100000,""has_exact_k"":false,""k_target"":0,""k_achieved"":0,""alpha_target"":1,""alpha_achieved"":nan,""notes"":""p_large_r=0.1, w_small=[0.002,0.01], w_large=[0.1,0.3], anisotropic=1""}"
hetero_t__nr100000__ns100000__a1_000ep00__g1,hetero_sizes,1,100000,100000,tlsop,adaptive,1000,1,2,1,324.358,8.06931e+06,1,0,1,0,fallback_sampling,1000001,"{""build_ms"":33.891334,""enumerate_prepare_ms"":0.012460,""run_build_ms"":33.891874,""run_fallback_count_ms"":135.229427,""run_fallback_sample_ms"":135.060290,""run_pilot_enum_prepare_ms"":0.013130,""run_pilot_enum_scan_ms"":19.673040,""tlsop_adaptive_pass1_ms"":135.224227,""tlsop_adaptive_sample_large_ms"":135.056270,""tlsop_alloc_tiles_ms"":0.061679,""tlsop_build_ms"":33.890674,""tlsop_build_edges_ms"":0.000569,""tlsop_pass1_count_caps_ms"":6.531213,""tlsop_pass1_reserve_ms"":0.464641,""tlsop_pass2_fill_ms"":8.086513,""tlsop_sort_lists_ms"":18.302967}",,"{""dataset"":{""source"":""synthetic"",""name"":""hetero_t__nr100000__ns100000__a1_000ep00__g1"",""dim"":2,""path_r"":"""",""path_s"":"""",""synthetic"":{""generator"":""hetero_sizes"",""n_r"":100000,""n_s"":100000,""alpha"":1,""seed"":1}},""run"":{""method"":""tlsop"",""variant"":""adaptive"",""t"":1000,""seed"":1,""repeats"":3,""j_star"":1000000,""enum_cap"":0,""write_samples"":false,""verify"":false},""output"":{""out_dir"":""run/temp/exp5/hetero_t"",""run_tag"":""exp5_hetero_t""},""sys"":{""threads"":1},""logging"":{""level"":""INFO"",""with_timestamp"":true,""with_thread_id"":false}}","{""generator"":""hetero_sizes"",""dataset"":""hetero_t__nr100000__ns100000__a1_000ep00__g1"",""n_r"":100000,""n_s"":100000,""has_exact_k"":false,""k_target"":0,""k_achieved"":0,""alpha_target"":1,""alpha_achieved"":nan,""notes"":""p_large_r=0.1, w_small=[0.002,0.01], w_large=[0.1,0.3], anisotropic=1""}"
hetero_t__nr100000__ns100000__a1_000ep00__g1,hetero_sizes,1,100000,100000,tlsop,adaptive,1000,2,3,1,327.28,8.06931e+06,1,0,1,0,fallback_sampling,1000001,"{""build_ms"":36.538253,""enumerate_prepare_ms"":0.012240,""run_build_ms"":36.539014,""run_fallback_count_ms"":135.243877,""run_fallback_sample_ms"":135.058420,""run_pilot_enum_prepare_ms"":0.013120,""run_pilot_enum_scan_ms"":19.874156,""tlsop_adaptive_pass1_ms"":135.239327,""tlsop_adaptive_sample_large_ms"":135.054230,""tlsop_alloc_tiles_ms"":0.061438,""tlsop_build_ms"":36.537434,""tlsop_build_edges_ms"":0.000760,""tlsop_pass1_count_caps_ms"":9.207682,""tlsop_pass1_reserve_ms"":0.462871,""tlsop_pass2_fill_ms"":8.100574,""tlsop_sort_lists_ms"":18.324905}",,"{""dataset"":{""source"":""synthetic"",""name"":""hetero_t__nr100000__ns100000__a1_000ep00__g1"",""dim"":2,""path_r"":"""",""path_s"":"""",""synthetic"":{""generator"":""hetero_sizes"",""n_r"":100000,""n_s"":100000,""alpha"":1,""seed"":1}},""run"":{""method"":""tlsop"",""variant"":""adaptive"",""t"":1000,""seed"":1,""repeats"":3,""j_star"":1000000,""enum_cap"":0,""write_samples"":false,""verify"":false},""output"":{""out_dir"":""run/temp/exp5/hetero_t"",""run_tag"":""exp5_hetero_t""},""sys"":{""threads"":1},""logging"":{""level"":""INFO"",""with_timestamp"":true,""with_thread_id"":false}}","{""generator"":""hetero_sizes"",""dataset"":""hetero_t__nr100000__ns100000__a1_000ep00__g1"",""n_r"":100000,""n_s"":100000,""has_exact_k"":false,""k_target"":0,""k_achieved"":0,""alpha_target"":1,""alpha_achieved"":nan,""notes"":""p_large_r=0.1, w_small=[0.002,0.01], w_large=[0.1,0.3], anisotropic=1""}"
hetero_t__nr100000__ns100000__a1_000ep00__g1,hetero_sizes,1,100000,100000,sirs,sampling,1000,0,1,1,1289.73,8.06931e+06,1,0,0,0,,0,"{""build_ms"":123.124931,""count_ms"":1133.180282,""run_build_ms"":123.125621,""run_count_ms"":1133.182922,""run_sample_ms"":33.421784,""sample_ms"":33.420454,""sirs_build_index_ms"":123.124501,""sirs_build_kd_ms"":11.247373,""sirs_embed_inner_ms"":56.043777,""sirs_phase1_degrees_ms"":1133.177932,""sirs_rank_axes_ms"":55.827742}",,"{""dataset"":{""source"":""synthetic"",""name"":""hetero_t__nr100000__ns100000__a1_000ep00__g1"",""dim"":2,""path_r"":"""",""path_s"":"""",""synthetic"":{""generator"":""hetero_sizes"",""n_r"":100000,""n_s"":100000,""alpha"":1,""seed"":1}},""run"":{""method"":""sirs"",""variant"":""sampling"",""t"":1000,""seed"":1,""repeats"":3,""j_star"":1000000,""enum_cap"":0,""write_samples"":false,""verify"":false},""output"":{""out_dir"":""run/temp/exp5/hetero_t"",""run_tag"":""exp5_hetero_t""},""sys"":{""threads"":1},""logging"":{""level"":""INFO"",""with_timestamp"":true,""with_thread_id"":false}}","{""generator"":""hetero_sizes"",""dataset"":""hetero_t__nr100000__ns100000__a1_000ep00__g1"",""n_r"":100000,""n_s"":100000,""has_exact_k"":false,""k_target"":0,""k_achieved"":0,""alpha_target"":1,""alpha_achieved"":nan,""notes"":""p_large_r=0.1, w_small=[0.002,0.01], w_large=[0.1,0.3], anisotropic=1""}"
hetero_t__nr100000__ns100000__a1_000ep00__g1,hetero_sizes,1,100000,100000,sirs,sampling,1000,1,2,1,1288.57,8.06931e+06,1,0,0,0,,0,"{""build_ms"":123.115962,""count_ms"":1132.217740,""run_build_ms"":123.116542,""run_count_ms"":1132.218809,""run_sample_ms"":33.234097,""sample_ms"":33.232138,""sirs_build_index_ms"":123.115262,""sirs_build_kd_ms"":11.274673,""sirs_embed_inner_ms"":56.260363,""sirs_phase1_degrees_ms"":1132.215320,""sirs_rank_axes_ms"":55.574076}",,"{""dataset"":{""source"":""synthetic"",""name"":""hetero_t__nr100000__ns100000__a1_000ep00__g1"",""dim"":2,""path_r"":"""",""path_s"":"""",""synthetic"":{""generator"":""hetero_sizes"",""n_r"":100000,""n_s"":100000,""alpha"":1,""seed"":1}},""run"":{""method"":""sirs"",""variant"":""sampling"",""t"":1000,""seed"":1,""repeats"":3,""j_star"":1000000,""enum_cap"":0,""write_samples"":false,""verify"":false},""output"":{""out_dir"":""run/temp/exp5/hetero_t"",""run_tag"":""exp5_hetero_t""},""sys"":{""threads"":1},""logging"":{""level"":""INFO"",""with_timestamp"":true,""with_thread_id"":false}}","{""generator"":""hetero_sizes"",""dataset"":""hetero_t__nr100000__ns100000__a1_000ep00__g1"",""n_r"":100000,""n_s"":100000,""has_exact_k"":false,""k_target"":0,""k_achieved"":0,""alpha_target"":1,""alpha_achieved"":nan,""notes"":""p_large_r=0.1, w_small=[0.002,0.01], w_large=[0.1,0.3], anisotropic=1""}"
hetero_t__nr100000__ns100000__a1_000ep00__g1,hetero_sizes,1,100000,100000,sirs,sampling,1000,2,3,1,1289.95,8.06931e+06,1,0,0,0,,0,"{""build_ms"":125.910567,""count_ms"":1132.592940,""run_build_ms"":125.910946,""run_count_ms"":1132.594331,""run_sample_ms"":31.443282,""sample_ms"":31.441792,""sirs_build_index_ms"":125.909887,""sirs_build_kd_ms"":13.999510,""sirs_embed_inner_ms"":56.353621,""sirs_phase1_degrees_ms"":1132.590471,""sirs_rank_axes_ms"":55.551317}",,"{""dataset"":{""source"":""synthetic"",""name"":""hetero_t__nr100000__ns100000__a1_000ep00__g1"",""dim"":2,""path_r"":"""",""path_s"":"""",""synthetic"":{""generator"":""hetero_sizes"",""n_r"":100000,""n_s"":100000,""alpha"":1,""seed"":1}},""run"":{""method"":""sirs"",""variant"":""sampling"",""t"":1000,""seed"":1,""repeats"":3,""j_star"":1000000,""enum_cap"":0,""write_samples"":false,""verify"":false},""output"":{""out_dir"":""run/temp/exp5/hetero_t"",""run_tag"":""exp5_hetero_t""},""sys"":{""threads"":1},""logging"":{""level"":""INFO"",""with_timestamp"":true,""with_thread_id"":false}}","{""generator"":""hetero_sizes"",""dataset"":""hetero_t__nr100000__ns100000__a1_000ep00__g1"",""n_r"":100000,""n_s"":100000,""has_exact_k"":false,""k_target"":0,""k_achieved"":0,""alpha_target"":1,""alpha_achieved"":nan,""notes"":""p_large_r=0.1, w_small=[0.002,0.01], w_large=[0.1,0.3], anisotropic=1""}"
hetero_t__nr100000__ns100000__a1_000ep00__g1,hetero_sizes,1,100000,100000,sirs,adaptive,1000,0,1,1,1519,8.06931e+06,1,0,1,0,fallback_sampling,1000001,"{""build_ms"":123.414705,""count_ms"":1163.795086,""run_build_ms"":123.415335,""run_fallback_count_ms"":1163.797696,""run_fallback_sample_ms"":33.446244,""run_pilot_enum_prepare_ms"":0.000670,""run_pilot_enum_scan_ms"":198.326856,""sample_ms"":33.444714,""sirs_build_index_ms"":123.413935,""sirs_build_kd_ms"":11.170884,""sirs_embed_inner_ms"":56.361541,""sirs_rank_axes_ms"":55.876470}",,"{""dataset"":{""source"":""synthetic"",""name"":""hetero_t__nr100000__ns100000__a1_000ep00__g1"",""dim"":2,""path_r"":"""",""path_s"":"""",""synthetic"":{""generator"":""hetero_sizes"",""n_r"":100000,""n_s"":100000,""alpha"":1,""seed"":1}},""run"":{""method"":""sirs"",""variant"":""adaptive"",""t"":1000,""seed"":1,""repeats"":3,""j_star"":1000000,""enum_cap"":0,""write_samples"":false,""verify"":false},""output"":{""out_dir"":""run/temp/exp5/hetero_t"",""run_tag"":""exp5_hetero_t""},""sys"":{""threads"":1},""logging"":{""level"":""INFO"",""with_timestamp"":true,""with_thread_id"":false}}","{""generator"":""hetero_sizes"",""dataset"":""hetero_t__nr100000__ns100000__a1_000ep00__g1"",""n_r"":100000,""n_s"":100000,""has_exact_k"":false,""k_target"":0,""k_achieved"":0,""alpha_target"":1,""alpha_achieved"":nan,""notes"":""p_large_r=0.1, w_small=[0.002,0.01], w_large=[0.1,0.3], anisotropic=1""}"
hetero_t__nr100000__ns100000__a1_000ep00__g1,hetero_sizes,1,100000,100000,sirs,adaptive,1000,1,2,1,1518.01,8.06931e+06,1,0,1,0,fallback_sampling,1000001,"{""build_ms"":123.074031,""count_ms"":1163.407232,""run_build_ms"":123.074621,""run_fallback_count_ms"":1163.409722,""run_fallback_sample_ms"":33.181138,""run_pilot_enum_prepare_ms"":0.000260,""run_pilot_enum_scan_ms"":198.327856,""sample_ms"":33.179848,""sirs_build_index_ms"":123.073541,""sirs_build_kd_ms"":11.150884,""sirs_embed_inner_ms"":56.344691,""sirs_rank_axes_ms"":55.572466}",,"{""dataset"":{""source"":""synthetic"",""name"":""hetero_t__nr100000__ns100000__a1_000ep00__g1"",""dim"":2,""path_r"":"""",""path_s"":"""",""synthetic"":{""generator"":""hetero_sizes"",""n_r"":100000,""n_s"":100000,""alpha"":1,""seed"":1}},""run"":{""method"":""sirs"",""variant"":""adaptive"",""t"":1000,""seed"":1,""repeats"":3,""j_star"":1000000,""enum_cap"":0,""write_samples"":false,""verify"":false},""output"":{""out_dir"":""run/temp/exp5/hetero_t"",""run_tag"":""exp5_hetero_t""},""sys"":{""threads"":1},""logging"":{""level"":""INFO"",""with_timestamp"":true,""with_thread_id"":false}}","{""generator"":""hetero_sizes"",""dataset"":""hetero_t__nr100000__ns100000__a1_000ep00__g1"",""n_r"":100000,""n_s"":100000,""has_exact_k"":false,""k_target"":0,""k_achieved"":0,""alpha_target"":1,""alpha_achieved"":nan,""notes"":""p_large_r=0.1, w_small=[0.002,0.01], w_large=[0.1,0.3], anisotropic=1""}"
hetero_t__nr100000__ns100000__a1_000ep00__g1,hetero_sizes,1,100000,100000,sirs,adaptive,1000,2,3,1,1513.79,8.06931e+06,1,0,1,0,fallback_sampling,1000001,"{""build_ms"":123.017793,""count_ms"":1160.804560,""run_build_ms"":123.018613,""run_fallback_count_ms"":1160.806950,""run_fallback_sample_ms"":31.421212,""run_pilot_enum_prepare_ms"":0.000250,""run_pilot_enum_scan_ms"":198.526532,""sample_ms"":31.419723,""sirs_build_index_ms"":123.016783,""sirs_build_kd_ms"":11.226663,""sirs_embed_inner_ms"":56.310272,""sirs_rank_axes_ms"":55.473808}",,"{""dataset"":{""source"":""synthetic"",""name"":""hetero_t__nr100000__ns100000__a1_000ep00__g1"",""dim"":2,""path_r"":"""",""path_s"":"""",""synthetic"":{""generator"":""hetero_sizes"",""n_r"":100000,""n_s"":100000,""alpha"":1,""seed"":1}},""run"":{""method"":""sirs"",""variant"":""adaptive"",""t"":1000,""seed"":1,""repeats"":3,""j_star"":1000000,""enum_cap"":0,""write_samples"":false,""verify"":false},""output"":{""out_dir"":""run/temp/exp5/hetero_t"",""run_tag"":""exp5_hetero_t""},""sys"":{""threads"":1},""logging"":{""level"":""INFO"",""with_timestamp"":true,""with_thread_id"":false}}","{""generator"":""hetero_sizes"",""dataset"":""hetero_t__nr100000__ns100000__a1_000ep00__g1"",""n_r"":100000,""n_s"":100000,""has_exact_k"":false,""k_target"":0,""k_achieved"":0,""alpha_target"":1,""alpha_achieved"":nan,""notes"":""p_large_r=0.1, w_small=[0.002,0.01], w_large=[0.1,0.3], anisotropic=1""}"
hetero_t__nr100000__ns100000__a1_000ep00__g1,hetero_sizes,1,100000,100000,rejection,sampling,1000,0,1,0,-1,-1,0,0,0,0,,0,{},SKIPPED: rejection+sampling is disabled in sjs_sweep; use variant=adaptive.,"{""dataset"":{""source"":""synthetic"",""name"":""hetero_t__nr100000__ns100000__a1_000ep00__g1"",""dim"":2,""path_r"":"""",""path_s"":"""",""synthetic"":{""generator"":""hetero_sizes"",""n_r"":100000,""n_s"":100000,""alpha"":1,""seed"":1}},""run"":{""method"":""rejection"",""variant"":""sampling"",""t"":1000,""seed"":1,""repeats"":3,""j_star"":1000000,""enum_cap"":0,""write_samples"":false,""verify"":false},""output"":{""out_dir"":""run/temp/exp5/hetero_t"",""run_tag"":""exp5_hetero_t""},""sys"":{""threads"":1},""logging"":{""level"":""INFO"",""with_timestamp"":true,""with_thread_id"":false}}","{""generator"":""hetero_sizes"",""dataset"":""hetero_t__nr100000__ns100000__a1_000ep00__g1"",""n_r"":100000,""n_s"":100000,""has_exact_k"":false,""k_target"":0,""k_achieved"":0,""alpha_target"":1,""alpha_achieved"":nan,""notes"":""p_large_r=0.1, w_small=[0.002,0.01], w_large=[0.1,0.3], anisotropic=1""}"
hetero_t__nr100000__ns100000__a1_000ep00__g1,hetero_sizes,1,100000,100000,rejection,sampling,1000,1,2,0,-1,-1,0,0,0,0,,0,{},SKIPPED: rejection+sampling is disabled in sjs_sweep; use variant=adaptive.,"{""dataset"":{""source"":""synthetic"",""name"":""hetero_t__nr100000__ns100000__a1_000ep00__g1"",""dim"":2,""path_r"":"""",""path_s"":"""",""synthetic"":{""generator"":""hetero_sizes"",""n_r"":100000,""n_s"":100000,""alpha"":1,""seed"":1}},""run"":{""method"":""rejection"",""variant"":""sampling"",""t"":1000,""seed"":1,""repeats"":3,""j_star"":1000000,""enum_cap"":0,""write_samples"":false,""verify"":false},""output"":{""out_dir"":""run/temp/exp5/hetero_t"",""run_tag"":""exp5_hetero_t""},""sys"":{""threads"":1},""logging"":{""level"":""INFO"",""with_timestamp"":true,""with_thread_id"":false}}","{""generator"":""hetero_sizes"",""dataset"":""hetero_t__nr100000__ns100000__a1_000ep00__g1"",""n_r"":100000,""n_s"":100000,""has_exact_k"":false,""k_target"":0,""k_achieved"":0,""alpha_target"":1,""alpha_achieved"":nan,""notes"":""p_large_r=0.1, w_small=[0.002,0.01], w_large=[0.1,0.3], anisotropic=1""}"
hetero_t__nr100000__ns100000__a1_000ep00__g1,hetero_sizes,1,100000,100000,rejection,sampling,1000,2,3,0,-1,-1,0,0,0,0,,0,{},SKIPPED: rejection+sampling is disabled in sjs_sweep; use variant=adaptive.,"{""dataset"":{""source"":""synthetic"",""name"":""hetero_t__nr100000__ns100000__a1_000ep00__g1"",""dim"":2,""path_r"":"""",""path_s"":"""",""synthetic"":{""generator"":""hetero_sizes"",""n_r"":100000,""n_s"":100000,""alpha"":1,""seed"":1}},""run"":{""method"":""rejection"",""variant"":""sampling"",""t"":1000,""seed"":1,""repeats"":3,""j_star"":1000000,""enum_cap"":0,""write_samples"":false,""verify"":false},""output"":{""out_dir"":""run/temp/exp5/hetero_t"",""run_tag"":""exp5_hetero_t""},""sys"":{""threads"":1},""logging"":{""level"":""INFO"",""with_timestamp"":true,""with_thread_id"":false}}","{""generator"":""hetero_sizes"",""dataset"":""hetero_t__nr100000__ns100000__a1_000ep00__g1"",""n_r"":100000,""n_s"":100000,""has_exact_k"":false,""k_target"":0,""k_achieved"":0,""alpha_target"":1,""alpha_achieved"":nan,""notes"":""p_large_r=0.1, w_small=[0.002,0.01], w_large=[0.1,0.3], anisotropic=1""}"
hetero_t__nr100000__ns100000__a1_000ep00__g1,hetero_sizes,1,100000,100000,rejection,adaptive,1000,0,1,1,2248.83,7.84917e+06,0,0,1,0,fallback_sampling,1000001,"{""adaptive_phase1_ms"":480.953282,""adaptive_sample_ms"":14.999390,""build_ms"":1270.396091,""build_M_ms"":0.108828,""build_cellmap_ms"":14.782964,""build_mu_alias_ms"":1255.233324,""build_slab_index_ms"":0.262945,""count_pilot_ms"":10.223992,""run_build_ms"":1270.397261,""run_fallback_count_ms"":480.954402,""run_fallback_sample_ms"":15.001580,""run_pilot_enum_prepare_ms"":0.006869,""run_pilot_enum_scan_ms"":482.450603}",,"{""dataset"":{""source"":""synthetic"",""name"":""hetero_t__nr100000__ns100000__a1_000ep00__g1"",""dim"":2,""path_r"":"""",""path_s"":"""",""synthetic"":{""generator"":""hetero_sizes"",""n_r"":100000,""n_s"":100000,""alpha"":1,""seed"":1}},""run"":{""method"":""rejection"",""variant"":""adaptive"",""t"":1000,""seed"":1,""repeats"":3,""j_star"":1000000,""enum_cap"":0,""write_samples"":false,""verify"":false},""output"":{""out_dir"":""run/temp/exp5/hetero_t"",""run_tag"":""exp5_hetero_t""},""sys"":{""threads"":1},""logging"":{""level"":""INFO"",""with_timestamp"":true,""with_thread_id"":false}}","{""generator"":""hetero_sizes"",""dataset"":""hetero_t__nr100000__ns100000__a1_000ep00__g1"",""n_r"":100000,""n_s"":100000,""has_exact_k"":false,""k_target"":0,""k_achieved"":0,""alpha_target"":1,""alpha_achieved"":nan,""notes"":""p_large_r=0.1, w_small=[0.002,0.01], w_large=[0.1,0.3], anisotropic=1""}"
hetero_t__nr100000__ns100000__a1_000ep00__g1,hetero_sizes,1,100000,100000,rejection,adaptive,1000,1,2,1,2232.59,7.73446e+06,0,0,1,0,fallback_sampling,1000001,"{""adaptive_phase1_ms"":480.386301,""adaptive_sample_ms"":14.964110,""build_ms"":1235.574641,""build_M_ms"":0.107378,""build_cellmap_ms"":14.842113,""build_mu_alias_ms"":1220.335845,""build_slab_index_ms"":0.277915,""count_pilot_ms"":10.232822,""run_build_ms"":1235.644040,""run_fallback_count_ms"":480.387101,""run_fallback_sample_ms"":14.965810,""run_pilot_enum_prepare_ms"":0.005190,""run_pilot_enum_scan_ms"":475.288520}",,"{""dataset"":{""source"":""synthetic"",""name"":""hetero_t__nr100000__ns100000__a1_000ep00__g1"",""dim"":2,""path_r"":"""",""path_s"":"""",""synthetic"":{""generator"":""hetero_sizes"",""n_r"":100000,""n_s"":100000,""alpha"":1,""seed"":1}},""run"":{""method"":""rejection"",""variant"":""adaptive"",""t"":1000,""seed"":1,""repeats"":3,""j_star"":1000000,""enum_cap"":0,""write_samples"":false,""verify"":false},""output"":{""out_dir"":""run/temp/exp5/hetero_t"",""run_tag"":""exp5_hetero_t""},""sys"":{""threads"":1},""logging"":{""level"":""INFO"",""with_timestamp"":true,""with_thread_id"":false}}","{""generator"":""hetero_sizes"",""dataset"":""hetero_t__nr100000__ns100000__a1_000ep00__g1"",""n_r"":100000,""n_s"":100000,""has_exact_k"":false,""k_target"":0,""k_achieved"":0,""alpha_target"":1,""alpha_achieved"":nan,""notes"":""p_large_r=0.1, w_small=[0.002,0.01], w_large=[0.1,0.3], anisotropic=1""}"
hetero_t__nr100000__ns100000__a1_000ep00__g1,hetero_sizes,1,100000,100000,rejection,adaptive,1000,2,3,1,2242.71,8.19329e+06,0,0,1,0,fallback_sampling,1000001,"{""adaptive_phase1_ms"":481.538878,""adaptive_sample_ms"":14.593638,""build_ms"":1235.623237,""build_M_ms"":0.107698,""build_cellmap_ms"":14.907552,""build_mu_alias_ms"":1220.322803,""build_slab_index_ms"":0.272954,""count_pilot_ms"":10.282221,""run_build_ms"":1235.692896,""run_fallback_count_ms"":481.540268,""run_fallback_sample_ms"":14.595698,""run_pilot_enum_prepare_ms"":0.005600,""run_pilot_enum_scan_ms"":484.551910}",,"{""dataset"":{""source"":""synthetic"",""name"":""hetero_t__nr100000__ns100000__a1_000ep00__g1"",""dim"":2,""path_r"":"""",""path_s"":"""",""synthetic"":{""generator"":""hetero_sizes"",""n_r"":100000,""n_s"":100000,""alpha"":1,""seed"":1}},""run"":{""method"":""rejection"",""variant"":""adaptive"",""t"":1000,""seed"":1,""repeats"":3,""j_star"":1000000,""enum_cap"":0,""write_samples"":false,""verify"":false},""output"":{""out_dir"":""run/temp/exp5/hetero_t"",""run_tag"":""exp5_hetero_t""},""sys"":{""threads"":1},""logging"":{""level"":""INFO"",""with_timestamp"":true,""with_thread_id"":false}}","{""generator"":""hetero_sizes"",""dataset"":""hetero_t__nr100000__ns100000__a1_000ep00__g1"",""n_r"":100000,""n_s"":100000,""has_exact_k"":false,""k_target"":0,""k_achieved"":0,""alpha_target"":1,""alpha_achieved"":nan,""notes"":""p_large_r=0.1, w_small=[0.002,0.01], w_large=[0.1,0.3], anisotropic=1""}"
hetero_t__nr100000__ns100000__a1_000ep00__g1,hetero_sizes,1,100000,100000,ours,sampling,3000,0,1,1,525.23,8.06931e+06,1,0,0,0,,0,"{""build_active_indices_ms"":5.551793,""build_events_ms"":33.894575,""build_ranks_ms"":43.650676,""build_y_domain_ms"":13.829683,""phase1_count_ms"":264.054943,""phase2_plan_ms"":4.348986,""phase3_sample_ms"":158.051734,""run_build_ms"":98.738631,""run_count_ms"":264.058663,""run_sample_ms"":162.409289}",,"{""dataset"":{""source"":""synthetic"",""name"":""hetero_t__nr100000__ns100000__a1_000ep00__g1"",""dim"":2,""path_r"":"""",""path_s"":"""",""synthetic"":{""generator"":""hetero_sizes"",""n_r"":100000,""n_s"":100000,""alpha"":1,""seed"":1}},""run"":{""method"":""ours"",""variant"":""sampling"",""t"":3000,""seed"":1,""repeats"":3,""j_star"":1000000,""enum_cap"":0,""write_samples"":false,""verify"":false},""output"":{""out_dir"":""run/temp/exp5/hetero_t"",""run_tag"":""exp5_hetero_t""},""sys"":{""threads"":1},""logging"":{""level"":""INFO"",""with_timestamp"":true,""with_thread_id"":false}}","{""generator"":""hetero_sizes"",""dataset"":""hetero_t__nr100000__ns100000__a1_000ep00__g1"",""n_r"":100000,""n_s"":100000,""has_exact_k"":false,""k_target"":0,""k_achieved"":0,""alpha_target"":1,""alpha_achieved"":nan,""notes"":""p_large_r=0.1, w_small=[0.002,0.01], w_large=[0.1,0.3], anisotropic=1""}"
hetero_t__nr100000__ns100000__a1_000ep00__g1,hetero_sizes,1,100000,100000,ours,sampling,3000,1,2,1,576.348,8.06931e+06,1,0,0,0,,0,"{""build_active_indices_ms"":5.391045,""build_events_ms"":40.799481,""build_ranks_ms"":43.667665,""build_y_domain_ms"":13.838213,""phase1_count_ms"":257.909562,""phase2_plan_ms"":4.333776,""phase3_sample_ms"":156.047282,""run_build_ms"":105.474590,""run_count_ms"":257.912632,""run_sample_ms"":160.390578}",,"{""dataset"":{""source"":""synthetic"",""name"":""hetero_t__nr100000__ns100000__a1_000ep00__g1"",""dim"":2,""path_r"":"""",""path_s"":"""",""synthetic"":{""generator"":""hetero_sizes"",""n_r"":100000,""n_s"":100000,""alpha"":1,""seed"":1}},""run"":{""method"":""ours"",""variant"":""sampling"",""t"":3000,""seed"":1,""repeats"":3,""j_star"":1000000,""enum_cap"":0,""write_samples"":false,""verify"":false},""output"":{""out_dir"":""run/temp/exp5/hetero_t"",""run_tag"":""exp5_hetero_t""},""sys"":{""threads"":1},""logging"":{""level"":""INFO"",""with_timestamp"":true,""with_thread_id"":false}}","{""generator"":""hetero_sizes"",""dataset"":""hetero_t__nr100000__ns100000__a1_000ep00__g1"",""n_r"":100000,""n_s"":100000,""has_exact_k"":false,""k_target"":0,""k_achieved"":0,""alpha_target"":1,""alpha_achieved"":nan,""notes"":""p_large_r=0.1, w_small=[0.002,0.01], w_large=[0.1,0.3], anisotropic=1""}"
hetero_t__nr100000__ns100000__a1_000ep00__g1,hetero_sizes,1,100000,100000,ours,sampling,3000,2,3,1,586.961,8.06931e+06,1,0,0,0,,0,"{""build_active_indices_ms"":5.361467,""build_events_ms"":47.741287,""build_ranks_ms"":43.627896,""build_y_domain_ms"":13.851613,""phase1_count_ms"":264.079314,""phase2_plan_ms"":4.358156,""phase3_sample_ms"":158.393377,""run_build_ms"":112.386056,""run_count_ms"":264.081924,""run_sample_ms"":162.760942}",,"{""dataset"":{""source"":""synthetic"",""name"":""hetero_t__nr100000__ns100000__a1_000ep00__g1"",""dim"":2,""path_r"":"""",""path_s"":"""",""synthetic"":{""generator"":""hetero_sizes"",""n_r"":100000,""n_s"":100000,""alpha"":1,""seed"":1}},""run"":{""method"":""ours"",""variant"":""sampling"",""t"":3000,""seed"":1,""repeats"":3,""j_star"":1000000,""enum_cap"":0,""write_samples"":false,""verify"":false},""output"":{""out_dir"":""run/temp/exp5/hetero_t"",""run_tag"":""exp5_hetero_t""},""sys"":{""threads"":1},""logging"":{""level"":""INFO"",""with_timestamp"":true,""with_thread_id"":false}}","{""generator"":""hetero_sizes"",""dataset"":""hetero_t__nr100000__ns100000__a1_000ep00__g1"",""n_r"":100000,""n_s"":100000,""has_exact_k"":false,""k_target"":0,""k_achieved"":0,""alpha_target"":1,""alpha_achieved"":nan,""notes"":""p_large_r=0.1, w_small=[0.002,0.01], w_large=[0.1,0.3], anisotropic=1""}"
hetero_t__nr100000__ns100000__a1_000ep00__g1,hetero_sizes,1,100000,100000,ours,adaptive,3000,0,1,1,587.549,8.06931e+06,1,0,1,0,fallback_sampling,1000001,"{""build_active_indices_ms"":5.645181,""build_events_ms"":33.899765,""build_ranks_ms"":43.601406,""build_y_domain_ms"":13.855253,""phase1_count_adaptive_ms"":255.653056,""phase2_plan_ms"":4.364475,""phase3_sample_ms"":159.540374,""run_build_ms"":98.782950,""run_fallback_count_ms"":255.655976,""run_fallback_sample_ms"":163.932459,""run_pilot_enum_prepare_ms"":1.548300,""run_pilot_enum_scan_ms"":67.597593,""sample_ms"":163.914449}",,"{""dataset"":{""source"":""synthetic"",""name"":""hetero_t__nr100000__ns100000__a1_000ep00__g1"",""dim"":2,""path_r"":"""",""path_s"":"""",""synthetic"":{""generator"":""hetero_sizes"",""n_r"":100000,""n_s"":100000,""alpha"":1,""seed"":1}},""run"":{""method"":""ours"",""variant"":""adaptive"",""t"":3000,""seed"":1,""repeats"":3,""j_star"":1000000,""enum_cap"":0,""write_samples"":false,""verify"":false},""output"":{""out_dir"":""run/temp/exp5/hetero_t"",""run_tag"":""exp5_hetero_t""},""sys"":{""threads"":1},""logging"":{""level"":""INFO"",""with_timestamp"":true,""with_thread_id"":false}}","{""generator"":""hetero_sizes"",""dataset"":""hetero_t__nr100000__ns100000__a1_000ep00__g1"",""n_r"":100000,""n_s"":100000,""has_exact_k"":false,""k_target"":0,""k_achieved"":0,""alpha_target"":1,""alpha_achieved"":nan,""notes"":""p_large_r=0.1, w_small=[0.002,0.01], w_large=[0.1,0.3], anisotropic=1""}"
hetero_t__nr100000__ns100000__a1_000ep00__g1,hetero_sizes,1,100000,100000,ours,adaptive,3000,1,2,1,662.766,8.06931e+06,1,0,1,0,fallback_sampling,1000001,"{""build_active_indices_ms"":5.503114,""build_events_ms"":65.696879,""build_ranks_ms"":43.586637,""build_y_domain_ms"":13.817923,""phase1_count_adaptive_ms"":257.388472,""phase2_plan_ms"":4.340217,""phase3_sample_ms"":157.108281,""run_build_ms"":130.373018,""run_fallback_count_ms"":257.392211,""run_fallback_sample_ms"":161.475347,""run_pilot_enum_prepare_ms"":1.520371,""run_pilot_enum_scan_ms"":73.528988,""sample_ms"":161.457108}",,"{""dataset"":{""source"":""synthetic"",""name"":""hetero_t__nr100000__ns100000__a1_000ep00__g1"",""dim"":2,""path_r"":"""",""path_s"":"""",""synthetic"":{""generator"":""hetero_sizes"",""n_r"":100000,""n_s"":100000,""alpha"":1,""seed"":1}},""run"":{""method"":""ours"",""variant"":""adaptive"",""t"":3000,""seed"":1,""repeats"":3,""j_star"":1000000,""enum_cap"":0,""write_samples"":false,""verify"":false},""output"":{""out_dir"":""run/temp/exp5/hetero_t"",""run_tag"":""exp5_hetero_t""},""sys"":{""threads"":1},""logging"":{""level"":""INFO"",""with_timestamp"":true,""with_thread_id"":false}}","{""generator"":""hetero_sizes"",""dataset"":""hetero_t__nr100000__ns100000__a1_000ep00__g1"",""n_r"":100000,""n_s"":100000,""has_exact_k"":false,""k_target"":0,""k_achieved"":0,""alpha_target"":1,""alpha_achieved"":nan,""notes"":""p_large_r=0.1, w_small=[0.002,0.01], w_large=[0.1,0.3], anisotropic=1""}"
hetero_t__nr100000__ns100000__a1_000ep00__g1,hetero_sizes,1,100000,100000,ours,adaptive,3000,2,3,1,659.44,8.06931e+06,1,0,1,0,fallback_sampling,1000001,"{""build_active_indices_ms"":5.482124,""build_events_ms"":65.727348,""build_ranks_ms"":43.636186,""build_y_domain_ms"":13.810213,""phase1_count_adaptive_ms"":260.359214,""phase2_plan_ms"":4.351286,""phase3_sample_ms"":157.318787,""run_build_ms"":130.434117,""run_fallback_count_ms"":260.362374,""run_fallback_sample_ms"":161.697153,""run_pilot_enum_prepare_ms"":1.563060,""run_pilot_enum_scan_ms"":66.953556,""sample_ms"":161.678693}",,"{""dataset"":{""source"":""synthetic"",""name"":""hetero_t__nr100000__ns100000__a1_000ep00__g1"",""dim"":2,""path_r"":"""",""path_s"":"""",""synthetic"":{""generator"":""hetero_sizes"",""n_r"":100000,""n_s"":100000,""alpha"":1,""seed"":1}},""run"":{""method"":""ours"",""variant"":""adaptive"",""t"":3000,""seed"":1,""repeats"":3,""j_star"":1000000,""enum_cap"":0,""write_samples"":false,""verify"":false},""output"":{""out_dir"":""run/temp/exp5/hetero_t"",""run_tag"":""exp5_hetero_t""},""sys"":{""threads"":1},""logging"":{""level"":""INFO"",""with_timestamp"":true,""with_thread_id"":false}}","{""generator"":""hetero_sizes"",""dataset"":""hetero_t__nr100000__ns100000__a1_000ep00__g1"",""n_r"":100000,""n_s"":100000,""has_exact_k"":false,""k_target"":0,""k_achieved"":0,""alpha_target"":1,""alpha_achieved"":nan,""notes"":""p_large_r=0.1, w_small=[0.002,0.01], w_large=[0.1,0.3], anisotropic=1""}"
hetero_t__nr100000__ns100000__a1_000ep00__g1,hetero_sizes,1,100000,100000,aabb,sampling,3000,0,1,1,789.802,8.06931e+06,1,0,0,0,,0,"{""build_ms"":35.590882,""phase1_count_ms"":646.405497,""phase2_assign_ms"":4.391515,""phase3_sample_ms"":103.398940,""run_build_ms"":35.592721,""run_count_ms"":646.408857,""run_sample_ms"":107.797875}",,"{""dataset"":{""source"":""synthetic"",""name"":""hetero_t__nr100000__ns100000__a1_000ep00__g1"",""dim"":2,""path_r"":"""",""path_s"":"""",""synthetic"":{""generator"":""hetero_sizes"",""n_r"":100000,""n_s"":100000,""alpha"":1,""seed"":1}},""run"":{""method"":""aabb"",""variant"":""sampling"",""t"":3000,""seed"":1,""repeats"":3,""j_star"":1000000,""enum_cap"":0,""write_samples"":false,""verify"":false},""output"":{""out_dir"":""run/temp/exp5/hetero_t"",""run_tag"":""exp5_hetero_t""},""sys"":{""threads"":1},""logging"":{""level"":""INFO"",""with_timestamp"":true,""with_thread_id"":false}}","{""generator"":""hetero_sizes"",""dataset"":""hetero_t__nr100000__ns100000__a1_000ep00__g1"",""n_r"":100000,""n_s"":100000,""has_exact_k"":false,""k_target"":0,""k_achieved"":0,""alpha_target"":1,""alpha_achieved"":nan,""notes"":""p_large_r=0.1, w_small=[0.002,0.01], w_large=[0.1,0.3], anisotropic=1""}"
hetero_t__nr100000__ns100000__a1_000ep00__g1,hetero_sizes,1,100000,100000,aabb,sampling,3000,1,2,1,795.511,8.06931e+06,1,0,0,0,,0,"{""build_ms"":35.509913,""phase1_count_ms"":652.437039,""phase2_assign_ms"":4.382876,""phase3_sample_ms"":103.169684,""run_build_ms"":35.511403,""run_count_ms"":652.438879,""run_sample_ms"":107.559390}",,"{""dataset"":{""source"":""synthetic"",""name"":""hetero_t__nr100000__ns100000__a1_000ep00__g1"",""dim"":2,""path_r"":"""",""path_s"":"""",""synthetic"":{""generator"":""hetero_sizes"",""n_r"":100000,""n_s"":100000,""alpha"":1,""seed"":1}},""run"":{""method"":""aabb"",""variant"":""sampling"",""t"":3000,""seed"":1,""repeats"":3,""j_star"":1000000,""enum_cap"":0,""write_samples"":false,""verify"":false},""output"":{""out_dir"":""run/temp/exp5/hetero_t"",""run_tag"":""exp5_hetero_t""},""sys"":{""threads"":1},""logging"":{""level"":""INFO"",""with_timestamp"":true,""with_thread_id"":false}}","{""generator"":""hetero_sizes"",""dataset"":""hetero_t__nr100000__ns100000__a1_000ep00__g1"",""n_r"":100000,""n_s"":100000,""has_exact_k"":false,""k_target"":0,""k_achieved"":0,""alpha_target"":1,""alpha_achieved"":nan,""notes"":""p_large_r=0.1, w_small=[0.002,0.01], w_large=[0.1,0.3], anisotropic=1""}"
hetero_t__nr100000__ns100000__a1_000ep00__g1,hetero_sizes,1,100000,100000,aabb,sampling,3000,2,3,1,794.022,8.06931e+06,1,0,0,0,,0,"{""build_ms"":35.545622,""phase1_count_ms"":650.673034,""phase2_assign_ms"":4.377335,""phase3_sample_ms"":103.413269,""run_build_ms"":35.547153,""run_count_ms"":650.674923,""run_sample_ms"":107.797314}",,"{""dataset"":{""source"":""synthetic"",""name"":""hetero_t__nr100000__ns100000__a1_000ep00__g1"",""dim"":2,""path_r"":"""",""path_s"":"""",""synthetic"":{""generator"":""hetero_sizes"",""n_r"":100000,""n_s"":100000,""alpha"":1,""seed"":1}},""run"":{""method"":""aabb"",""variant"":""sampling"",""t"":3000,""seed"":1,""repeats"":3,""j_star"":1000000,""enum_cap"":0,""write_samples"":false,""verify"":false},""output"":{""out_dir"":""run/temp/exp5/hetero_t"",""run_tag"":""exp5_hetero_t""},""sys"":{""threads"":1},""logging"":{""level"":""INFO"",""with_timestamp"":true,""with_thread_id"":false}}","{""generator"":""hetero_sizes"",""dataset"":""hetero_t__nr100000__ns100000__a1_000ep00__g1"",""n_r"":100000,""n_s"":100000,""has_exact_k"":false,""k_target"":0,""k_achieved"":0,""alpha_target"":1,""alpha_achieved"":nan,""notes"":""p_large_r=0.1, w_small=[0.002,0.01], w_large=[0.1,0.3], anisotropic=1""}"
hetero_t__nr100000__ns100000__a1_000ep00__g1,hetero_sizes,1,100000,100000,aabb,adaptive,3000,0,1,1,975.266,8.06931e+06,1,0,1,0,fallback_sampling,1000001,"{""build_ms"":35.648580,""enumerate_prepare_ms"":33.981173,""phase1_count_ms"":682.637934,""phase2_assign_ms"":4.369936,""phase3_sample_ms"":101.405689,""run_build_ms"":35.649630,""run_fallback_count_ms"":682.640574,""run_fallback_sample_ms"":105.784134,""run_pilot_enum_prepare_ms"":33.983963,""run_pilot_enum_scan_ms"":117.168864}",,"{""dataset"":{""source"":""synthetic"",""name"":""hetero_t__nr100000__ns100000__a1_000ep00__g1"",""dim"":2,""path_r"":"""",""path_s"":"""",""synthetic"":{""generator"":""hetero_sizes"",""n_r"":100000,""n_s"":100000,""alpha"":1,""seed"":1}},""run"":{""method"":""aabb"",""variant"":""adaptive"",""t"":3000,""seed"":1,""repeats"":3,""j_star"":1000000,""enum_cap"":0,""write_samples"":false,""verify"":false},""output"":{""out_dir"":""run/temp/exp5/hetero_t"",""run_tag"":""exp5_hetero_t""},""sys"":{""threads"":1},""logging"":{""level"":""INFO"",""with_timestamp"":true,""with_thread_id"":false}}","{""generator"":""hetero_sizes"",""dataset"":""hetero_t__nr100000__ns100000__a1_000ep00__g1"",""n_r"":100000,""n_s"":100000,""has_exact_k"":false,""k_target"":0,""k_achieved"":0,""alpha_target"":1,""alpha_achieved"":nan,""notes"":""p_large_r=0.1, w_small=[0.002,0.01], w_large=[0.1,0.3], anisotropic=1""}"
hetero_t__nr100000__ns100000__a1_000ep00__g1,hetero_sizes,1,100000,100000,aabb,adaptive,3000,1,2,1,980.202,8.06931e+06,1,0,1,0,fallback_sampling,1000001,"{""build_ms"":40.843260,""enumerate_prepare_ms"":34.051101,""phase1_count_ms"":682.615535,""phase2_assign_ms"":4.379655,""phase3_sample_ms"":101.168093,""run_build_ms"":40.844420,""run_fallback_count_ms"":682.617875,""run_fallback_sample_ms"":105.556567,""run_pilot_enum_prepare_ms"":34.053171,""run_pilot_enum_scan_ms"":117.102144}",,"{""dataset"":{""source"":""synthetic"",""name"":""hetero_t__nr100000__ns100000__a1_000ep00__g1"",""dim"":2,""path_r"":"""",""path_s"":"""",""synthetic"":{""generator"":""hetero_sizes"",""n_r"":100000,""n_s"":100000,""alpha"":1,""seed"":1}},""run"":{""method"":""aabb"",""variant"":""adaptive"",""t"":3000,""seed"":1,""repeats"":3,""j_star"":1000000,""enum_cap"":0,""write_samples"":false,""verify"":false},""output"":{""out_dir"":""run/temp/exp5/hetero_t"",""run_tag"":""exp5_hetero_t""},""sys"":{""threads"":1},""logging"":{""level"":""INFO"",""with_timestamp"":true,""with_thread_id"":false}}","{""generator"":""hetero_sizes"",""dataset"":""hetero_t__nr100000__ns100000__a1_000ep00__g1"",""n_r"":100000,""n_s"":100000,""has_exact_k"":false,""k_target"":0,""k_achieved"":0,""alpha_target"":1,""alpha_achieved"":nan,""notes"":""p_large_r=0.1, w_small=[0.002,0.01], w_large=[0.1,0.3], anisotropic=1""}"
hetero_t__nr100000__ns100000__a1_000ep00__g1,hetero_sizes,1,100000,100000,aabb,adaptive,3000,2,3,1,981.963,8.06931e+06,1,0,1,0,fallback_sampling,1000001,"{""build_ms"":35.590251,""enumerate_prepare_ms"":33.976203,""phase1_count_ms"":682.621403,""phase2_assign_ms"":4.390385,""phase3_sample_ms"":102.857760,""run_build_ms"":35.591791,""run_fallback_count_ms"":682.623783,""run_fallback_sample_ms"":107.255535,""run_pilot_enum_prepare_ms"":33.978483,""run_pilot_enum_scan_ms"":122.487520}",,"{""dataset"":{""source"":""synthetic"",""name"":""hetero_t__nr100000__ns100000__a1_000ep00__g1"",""dim"":2,""path_r"":"""",""path_s"":"""",""synthetic"":{""generator"":""hetero_sizes"",""n_r"":100000,""n_s"":100000,""alpha"":1,""seed"":1}},""run"":{""method"":""aabb"",""variant"":""adaptive"",""t"":3000,""seed"":1,""repeats"":3,""j_star"":1000000,""enum_cap"":0,""write_samples"":false,""verify"":false},""output"":{""out_dir"":""run/temp/exp5/hetero_t"",""run_tag"":""exp5_hetero_t""},""sys"":{""threads"":1},""logging"":{""level"":""INFO"",""with_timestamp"":true,""with_thread_id"":false}}","{""generator"":""hetero_sizes"",""dataset"":""hetero_t__nr100000__ns100000__a1_000ep00__g1"",""n_r"":100000,""n_s"":100000,""has_exact_k"":false,""k_target"":0,""k_achieved"":0,""alpha_target"":1,""alpha_achieved"":nan,""notes"":""p_large_r=0.1, w_small=[0.002,0.01], w_large=[0.1,0.3], anisotropic=1""}"
hetero_t__nr100000__ns100000__a1_000ep00__g1,hetero_sizes,1,100000,100000,interval_tree,sampling,3000,0,1,1,1001.06,8.06931e+06,1,0,0,0,,0,"{""build_ms"":157.914275,""build_active_ms"":41.146364,""build_events_ms"":37.328288,""build_start_ids_ms"":1.576630,""build_y_endpoints_ms"":28.028967,""build_y_indices_ms"":49.826396,""phase1_count_ms"":532.633345,""phase2_slots_ms"":4.817557,""phase3_resweep_ms"":305.678005,""run_build_ms"":157.915045,""run_count_ms"":532.635445,""run_sample_ms"":310.502532}",,"{""dataset"":{""source"":""synthetic"",""name"":""hetero_t__nr100000__ns100000__a1_000ep00__g1"",""dim"":2,""path_r"":"""",""path_s"":"""",""synthetic"":{""generator"":""hetero_sizes"",""n_r"":100000,""n_s"":100000,""alpha"":1,""seed"":1}},""run"":{""method"":""interval_tree"",""variant"":""sampling"",""t"":3000,""seed"":1,""repeats"":3,""j_star"":1000000,""enum_cap"":0,""write_samples"":false,""verify"":false},""output"":{""out_dir"":""run/temp/exp5/hetero_t"",""run_tag"":""exp5_hetero_t""},""sys"":{""threads"":1},""logging"":{""level"":""INFO"",""with_timestamp"":true,""with_thread_id"":false}}","{""generator"":""hetero_sizes"",""dataset"":""hetero_t__nr100000__ns100000__a1_000ep00__g1"",""n_r"":100000,""n_s"":100000,""has_exact_k"":false,""k_target"":0,""k_achieved"":0,""alpha_target"":1,""alpha_achieved"":nan,""notes"":""p_large_r=0.1, w_small=[0.002,0.01], w_large=[0.1,0.3], anisotropic=1""}"
hetero_t__nr100000__ns100000__a1_000ep00__g1,hetero_sizes,1,100000,100000,interval_tree,sampling,3000,1,2,1,1057.53,8.06931e+06,1,0,0,0,,0,"{""build_ms"":164.429898,""build_active_ms"":23.480725,""build_events_ms"":61.437941,""build_start_ids_ms"":1.602429,""build_y_endpoints_ms"":28.033938,""build_y_indices_ms"":49.868625,""phase1_count_ms"":533.378160,""phase2_slots_ms"":4.807297,""phase3_resweep_ms"":305.957430,""run_build_ms"":164.430828,""run_count_ms"":533.380000,""run_sample_ms"":310.772717}",,"{""dataset"":{""source"":""synthetic"",""name"":""hetero_t__nr100000__ns100000__a1_000ep00__g1"",""dim"":2,""path_r"":"""",""path_s"":"""",""synthetic"":{""generator"":""hetero_sizes"",""n_r"":100000,""n_s"":100000,""alpha"":1,""seed"":1}},""run"":{""method"":""interval_tree"",""variant"":""sampling"",""t"":3000,""seed"":1,""repeats"":3,""j_star"":1000000,""enum_cap"":0,""write_samples"":false,""verify"":false},""output"":{""out_dir"":""run/temp/exp5/hetero_t"",""run_tag"":""exp5_hetero_t""},""sys"":{""threads"":1},""logging"":{""level"":""INFO"",""with_timestamp"":true,""with_thread_id"":false}}","{""generator"":""hetero_sizes"",""dataset"":""hetero_t__nr100000__ns100000__a1_000ep00__g1"",""n_r"":100000,""n_s"":100000,""has_exact_k"":false,""k_target"":0,""k_achieved"":0,""alpha_target"":1,""alpha_achieved"":nan,""notes"":""p_large_r=0.1, w_small=[0.002,0.01], w_large=[0.1,0.3], anisotropic=1""}"
hetero_t__nr100000__ns100000__a1_000ep00__g1,hetero_sizes,1,100000,100000,interval_tree,sampling,3000,2,3,1,1060.46,8.06931e+06,1,0,0,0,,0,"{""build_ms"":177.555775,""build_active_ms"":23.439207,""build_events_ms"":74.598687,""build_start_ids_ms"":1.597069,""build_y_endpoints_ms"":27.998648,""build_y_indices_ms"":49.913924,""phase1_count_ms"":532.047495,""phase2_slots_ms"":4.809786,""phase3_resweep_ms"":306.731695,""run_build_ms"":177.556645,""run_count_ms"":532.049775,""run_sample_ms"":311.548701}",,"{""dataset"":{""source"":""synthetic"",""name"":""hetero_t__nr100000__ns100000__a1_000ep00__g1"",""dim"":2,""path_r"":"""",""path_s"":"""",""synthetic"":{""generator"":""hetero_sizes"",""n_r"":100000,""n_s"":100000,""alpha"":1,""seed"":1}},""run"":{""method"":""interval_tree"",""variant"":""sampling"",""t"":3000,""seed"":1,""repeats"":3,""j_star"":1000000,""enum_cap"":0,""write_samples"":false,""verify"":false},""output"":{""out_dir"":""run/temp/exp5/hetero_t"",""run_tag"":""exp5_hetero_t""},""sys"":{""threads"":1},""logging"":{""level"":""INFO"",""with_timestamp"":true,""with_thread_id"":false}}","{""generator"":""hetero_sizes"",""dataset"":""hetero_t__nr100000__ns100000__a1_000ep00__g1"",""n_r"":100000,""n_s"":100000,""has_exact_k"":false,""k_target"":0,""k_achieved"":0,""alpha_target"":1,""alpha_achieved"":nan,""notes"":""p_large_r=0.1, w_small=[0.002,0.01], w_large=[0.1,0.3], anisotropic=1""}"
hetero_t__nr100000__ns100000__a1_000ep00__g1,hetero_sizes,1,100000,100000,interval_tree,adaptive,3000,0,1,1,1325.66,8.06931e+06,1,0,1,0,fallback_sampling,1000001,"{""build_ms"":159.700500,""build_active_ms"":42.097056,""build_events_ms"":37.376637,""build_start_ids_ms"":1.543390,""build_y_endpoints_ms"":28.141626,""build_y_indices_ms"":50.534132,""enumerate_prepare_ms"":157.666768,""phase1_count_adaptive_ms"":567.894641,""phase2_slots_ms"":4.762977,""phase3_resweep_ms"":307.583258,""run_build_ms"":159.701450,""run_fallback_count_ms"":567.897201,""run_fallback_sample_ms"":312.355115,""run_pilot_enum_prepare_ms"":157.670158,""run_pilot_enum_scan_ms"":107.319463}",,"{""dataset"":{""source"":""synthetic"",""name"":""hetero_t__nr100000__ns100000__a1_000ep00__g1"",""dim"":2,""path_r"":"""",""path_s"":"""",""synthetic"":{""generator"":""hetero_sizes"",""n_r"":100000,""n_s"":100000,""alpha"":1,""seed"":1}},""run"":{""method"":""interval_tree"",""variant"":""adaptive"",""t"":3000,""seed"":1,""repeats"":3,""j_star"":1000000,""enum_cap"":0,""write_samples"":false,""verify"":false},""output"":{""out_dir"":""run/temp/exp5/hetero_t"",""run_tag"":""exp5_hetero_t""},""sys"":{""threads"":1},""logging"":{""level"":""INFO"",""with_timestamp"":true,""with_thread_id"":false}}","{""generator"":""hetero_sizes"",""dataset"":""hetero_t__nr100000__ns100000__a1_000ep00__g1"",""n_r"":100000,""n_s"":100000,""has_exact_k"":false,""k_target"":0,""k_achieved"":0,""alpha_target"":1,""alpha_achieved"":nan,""notes"":""p_large_r=0.1, w_small=[0.002,0.01], w_large=[0.1,0.3], anisotropic=1""}"
hetero_t__nr100000__ns100000__a1_000ep00__g1,hetero_sizes,1,100000,100000,interval_tree,adaptive,3000,1,2,1,1377.06,8.06931e+06,1,0,1,0,fallback_sampling,1000001,"{""build_ms"":146.041014,""build_active_ms"":23.461806,""build_events_ms"":42.382100,""build_start_ids_ms"":1.536180,""build_y_endpoints_ms"":28.119946,""build_y_indices_ms"":50.533032,""enumerate_prepare_ms"":160.704090,""phase1_count_adaptive_ms"":557.305965,""phase2_slots_ms"":4.782737,""phase3_resweep_ms"":307.829112,""run_build_ms"":146.041814,""run_fallback_count_ms"":557.308615,""run_fallback_sample_ms"":312.622849,""run_pilot_enum_prepare_ms"":160.708080,""run_pilot_enum_scan_ms"":107.419491}",,"{""dataset"":{""source"":""synthetic"",""name"":""hetero_t__nr100000__ns100000__a1_000ep00__g1"",""dim"":2,""path_r"":"""",""path_s"":"""",""synthetic"":{""generator"":""hetero_sizes"",""n_r"":100000,""n_s"":100000,""alpha"":1,""seed"":1}},""run"":{""method"":""interval_tree"",""variant"":""adaptive"",""t"":3000,""seed"":1,""repeats"":3,""j_star"":1000000,""enum_cap"":0,""write_samples"":false,""verify"":false},""output"":{""out_dir"":""run/temp/exp5/hetero_t"",""run_tag"":""exp5_hetero_t""},""sys"":{""threads"":1},""logging"":{""level"":""INFO"",""with_timestamp"":true,""with_thread_id"":false}}","{""generator"":""hetero_sizes"",""dataset"":""hetero_t__nr100000__ns100000__a1_000ep00__g1"",""n_r"":100000,""n_s"":100000,""has_exact_k"":false,""k_target"":0,""k_achieved"":0,""alpha_target"":1,""alpha_achieved"":nan,""notes"":""p_large_r=0.1, w_small=[0.002,0.01], w_large=[0.1,0.3], anisotropic=1""}"
hetero_t__nr100000__ns100000__a1_000ep00__g1,hetero_sizes,1,100000,100000,interval_tree,adaptive,3000,2,3,1,1384.77,8.06931e+06,1,0,1,0,fallback_sampling,1000001,"{""build_ms"":183.507409,""build_active_ms"":23.468146,""build_events_ms"":79.793176,""build_start_ids_ms"":1.542140,""build_y_endpoints_ms"":28.138705,""build_y_indices_ms"":50.554812,""enumerate_prepare_ms"":154.388492,""phase1_count_adaptive_ms"":558.728667,""phase2_slots_ms"":4.803647,""phase3_resweep_ms"":315.989364,""run_build_ms"":183.508528,""run_fallback_count_ms"":558.731727,""run_fallback_sample_ms"":320.801361,""run_pilot_enum_prepare_ms"":154.391852,""run_pilot_enum_scan_ms"":107.256145}",,"{""dataset"":{""source"":""synthetic"",""name"":""hetero_t__nr100000__ns100000__a1_000ep00__g1"",""dim"":2,""path_r"":"""",""path_s"":"""",""synthetic"":{""generator"":""hetero_sizes"",""n_r"":100000,""n_s"":100000,""alpha"":1,""seed"":1}},""run"":{""method"":""interval_tree"",""variant"":""adaptive"",""t"":3000,""seed"":1,""repeats"":3,""j_star"":1000000,""enum_cap"":0,""write_samples"":false,""verify"":false},""output"":{""out_dir"":""run/temp/exp5/hetero_t"",""run_tag"":""exp5_hetero_t""},""sys"":{""threads"":1},""logging"":{""level"":""INFO"",""with_timestamp"":true,""with_thread_id"":false}}","{""generator"":""hetero_sizes"",""dataset"":""hetero_t__nr100000__ns100000__a1_000ep00__g1"",""n_r"":100000,""n_s"":100000,""has_exact_k"":false,""k_target"":0,""k_achieved"":0,""alpha_target"":1,""alpha_achieved"":nan,""notes"":""p_large_r=0.1, w_small=[0.002,0.01], w_large=[0.1,0.3], anisotropic=1""}"
hetero_t__nr100000__ns100000__a1_000ep00__g1,hetero_sizes,1,100000,100000,kd_tree,sampling,3000,0,1,1,590.176,8.06931e+06,1,0,0,0,,0,"{""build_ms"":102.374929,""build_events_ms"":33.924734,""build_kdtrees_ms"":34.798427,""build_rank_arrays_ms"":32.232396,""build_start_index_ms"":1.371654,""phase1_count_ms"":434.411501,""phase2_alias_ms"":53.380197,""phase3_sweep_ms"":48.949123,""run_build_ms"":102.375959,""run_count_ms"":434.414101,""run_sample_ms"":53.381367}",,"{""dataset"":{""source"":""synthetic"",""name"":""hetero_t__nr100000__ns100000__a1_000ep00__g1"",""dim"":2,""path_r"":"""",""path_s"":"""",""synthetic"":{""generator"":""hetero_sizes"",""n_r"":100000,""n_s"":100000,""alpha"":1,""seed"":1}},""run"":{""method"":""kd_tree"",""variant"":""sampling"",""t"":3000,""seed"":1,""repeats"":3,""j_star"":1000000,""enum_cap"":0,""write_samples"":false,""verify"":false},""output"":{""out_dir"":""run/temp/exp5/hetero_t"",""run_tag"":""exp5_hetero_t""},""sys"":{""threads"":1},""logging"":{""level"":""INFO"",""with_timestamp"":true,""with_thread_id"":false}}","{""generator"":""hetero_sizes"",""dataset"":""hetero_t__nr100000__ns100000__a1_000ep00__g1"",""n_r"":100000,""n_s"":100000,""has_exact_k"":false,""k_target"":0,""k_achieved"":0,""alpha_target"":1,""alpha_achieved"":nan,""notes"":""p_large_r=0.1, w_small=[0.002,0.01], w_large=[0.1,0.3], anisotropic=1""}"
hetero_t__nr100000__ns100000__a1_000ep00__g1,hetero_sizes,1,100000,100000,kd_tree,sampling,3000,1,2,1,595.699,8.06931e+06,1,0,0,0,,0,"{""build_ms"":102.283630,""build_events_ms"":33.810815,""build_kdtrees_ms"":34.750907,""build_rank_arrays_ms"":32.293265,""build_start_index_ms"":1.375063,""phase1_count_ms"":440.179950,""phase2_alias_ms"":53.228669,""phase3_sweep_ms"":48.809445,""run_build_ms"":102.284340,""run_count_ms"":440.182421,""run_sample_ms"":53.229929}",,"{""dataset"":{""source"":""synthetic"",""name"":""hetero_t__nr100000__ns100000__a1_000ep00__g1"",""dim"":2,""path_r"":"""",""path_s"":"""",""synthetic"":{""generator"":""hetero_sizes"",""n_r"":100000,""n_s"":100000,""alpha"":1,""seed"":1}},""run"":{""method"":""kd_tree"",""variant"":""sampling"",""t"":3000,""seed"":1,""repeats"":3,""j_star"":1000000,""enum_cap"":0,""write_samples"":false,""verify"":false},""output"":{""out_dir"":""run/temp/exp5/hetero_t"",""run_tag"":""exp5_hetero_t""},""sys"":{""threads"":1},""logging"":{""level"":""INFO"",""with_timestamp"":true,""with_thread_id"":false}}","{""generator"":""hetero_sizes"",""dataset"":""hetero_t__nr100000__ns100000__a1_000ep00__g1"",""n_r"":100000,""n_s"":100000,""has_exact_k"":false,""k_target"":0,""k_achieved"":0,""alpha_target"":1,""alpha_achieved"":nan,""notes"":""p_large_r=0.1, w_small=[0.002,0.01], w_large=[0.1,0.3], anisotropic=1""}"
hetero_t__nr100000__ns100000__a1_000ep00__g1,hetero_sizes,1,100000,100000,kd_tree,sampling,3000,2,3,1,589.999,8.06931e+06,1,0,0,0,,0,"{""build_ms"":102.352219,""build_events_ms"":33.862335,""build_kdtrees_ms"":34.719268,""build_rank_arrays_ms"":32.350754,""build_start_index_ms"":1.371004,""phase1_count_ms"":434.290064,""phase2_alias_ms"":53.350087,""phase3_sweep_ms"":48.924483,""run_build_ms"":102.352829,""run_count_ms"":434.292894,""run_sample_ms"":53.351037}",,"{""dataset"":{""source"":""synthetic"",""name"":""hetero_t__nr100000__ns100000__a1_000ep00__g1"",""dim"":2,""path_r"":"""",""path_s"":"""",""synthetic"":{""generator"":""hetero_sizes"",""n_r"":100000,""n_s"":100000,""alpha"":1,""seed"":1}},""run"":{""method"":""kd_tree"",""variant"":""sampling"",""t"":3000,""seed"":1,""repeats"":3,""j_star"":1000000,""enum_cap"":0,""write_samples"":false,""verify"":false},""output"":{""out_dir"":""run/temp/exp5/hetero_t"",""run_tag"":""exp5_hetero_t""},""sys"":{""threads"":1},""logging"":{""level"":""INFO"",""with_timestamp"":true,""with_thread_id"":false}}","{""generator"":""hetero_sizes"",""dataset"":""hetero_t__nr100000__ns100000__a1_000ep00__g1"",""n_r"":100000,""n_s"":100000,""has_exact_k"":false,""k_target"":0,""k_achieved"":0,""alpha_target"":1,""alpha_achieved"":nan,""notes"":""p_large_r=0.1, w_small=[0.002,0.01], w_large=[0.1,0.3], anisotropic=1""}"
hetero_t__nr100000__ns100000__a1_000ep00__g1,hetero_sizes,1,100000,100000,kd_tree,adaptive,3000,0,1,1,1055.01,8.06931e+06,1,0,1,0,fallback_sampling,1000001,"{""adaptive_fallback_sampling_ms"":52.702250,""build_ms"":102.375739,""build_embedding_ms"":32.450272,""build_events_ms"":33.847945,""build_kdtrees_ms"":34.702148,""build_rank_arrays_ms"":32.408713,""build_start_index_ms"":1.369874,""enumerate_prepare_ms"":101.059133,""phase1_count_and_maybe_enumerate_ms"":554.819960,""phase2_alias_ms"":3.888994,""phase2_assign_ms"":0.180536,""phase3_sweep_ms"":48.233237,""run_build_ms"":102.376618,""run_fallback_count_ms"":554.822960,""run_fallback_sample_ms"":52.703760,""run_pilot_enum_prepare_ms"":101.062184,""run_pilot_enum_scan_ms"":244.002198}",,"{""dataset"":{""source"":""synthetic"",""name"":""hetero_t__nr100000__ns100000__a1_000ep00__g1"",""dim"":2,""path_r"":"""",""path_s"":"""",""synthetic"":{""generator"":""hetero_sizes"",""n_r"":100000,""n_s"":100000,""alpha"":1,""seed"":1}},""run"":{""method"":""kd_tree"",""variant"":""adaptive"",""t"":3000,""seed"":1,""repeats"":3,""j_star"":1000000,""enum_cap"":0,""write_samples"":false,""verify"":false},""output"":{""out_dir"":""run/temp/exp5/hetero_t"",""run_tag"":""exp5_hetero_t""},""sys"":{""threads"":1},""logging"":{""level"":""INFO"",""with_timestamp"":true,""with_thread_id"":false}}","{""generator"":""hetero_sizes"",""dataset"":""hetero_t__nr100000__ns100000__a1_000ep00__g1"",""n_r"":100000,""n_s"":100000,""has_exact_k"":false,""k_target"":0,""k_achieved"":0,""alpha_target"":1,""alpha_achieved"":nan,""notes"":""p_large_r=0.1, w_small=[0.002,0.01], w_large=[0.1,0.3], anisotropic=1""}"
hetero_t__nr100000__ns100000__a1_000ep00__g1,hetero_sizes,1,100000,100000,kd_tree,adaptive,3000,1,2,1,1055.13,8.06931e+06,1,0,1,0,fallback_sampling,1000001,"{""adaptive_fallback_sampling_ms"":52.567672,""build_ms"":102.367159,""build_embedding_ms"":32.426112,""build_events_ms"":33.860655,""build_kdtrees_ms"":34.700088,""build_rank_arrays_ms"":32.378583,""build_start_index_ms"":1.374454,""enumerate_prepare_ms"":100.980845,""phase1_count_and_maybe_enumerate_ms"":554.438168,""phase2_alias_ms"":3.896114,""phase2_assign_ms"":0.180527,""phase3_sweep_ms"":48.082419,""run_build_ms"":102.367688,""run_fallback_count_ms"":554.441397,""run_fallback_sample_ms"":52.568903,""run_pilot_enum_prepare_ms"":100.986245,""run_pilot_enum_scan_ms"":244.740423}",,"{""dataset"":{""source"":""synthetic"",""name"":""hetero_t__nr100000__ns100000__a1_000ep00__g1"",""dim"":2,""path_r"":"""",""path_s"":"""",""synthetic"":{""generator"":""hetero_sizes"",""n_r"":100000,""n_s"":100000,""alpha"":1,""seed"":1}},""run"":{""method"":""kd_tree"",""variant"":""adaptive"",""t"":3000,""seed"":1,""repeats"":3,""j_star"":1000000,""enum_cap"":0,""write_samples"":false,""verify"":false},""output"":{""out_dir"":""run/temp/exp5/hetero_t"",""run_tag"":""exp5_hetero_t""},""sys"":{""threads"":1},""logging"":{""level"":""INFO"",""with_timestamp"":true,""with_thread_id"":false}}","{""generator"":""hetero_sizes"",""dataset"":""hetero_t__nr100000__ns100000__a1_000ep00__g1"",""n_r"":100000,""n_s"":100000,""has_exact_k"":false,""k_target"":0,""k_achieved"":0,""alpha_target"":1,""alpha_achieved"":nan,""notes"":""p_large_r=0.1, w_small=[0.002,0.01], w_large=[0.1,0.3], anisotropic=1""}"
hetero_t__nr100000__ns100000__a1_000ep00__g1,hetero_sizes,1,100000,100000,kd_tree,adaptive,3000,2,3,1,1053.6,8.06931e+06,1,0,1,0,fallback_sampling,1000001,"{""adaptive_fallback_sampling_ms"":52.922756,""build_ms"":102.031915,""build_embedding_ms"":31.995450,""build_events_ms"":33.848025,""build_kdtrees_ms"":34.808657,""build_rank_arrays_ms"":31.945741,""build_start_index_ms"":1.374504,""enumerate_prepare_ms"":100.705251,""phase1_count_and_maybe_enumerate_ms"":560.501839,""phase2_alias_ms"":3.878514,""phase2_assign_ms"":0.174767,""phase3_sweep_ms"":48.469762,""run_build_ms"":102.032575,""run_fallback_count_ms"":560.504169,""run_fallback_sample_ms"":52.923956,""run_pilot_enum_prepare_ms"":100.709641,""run_pilot_enum_scan_ms"":237.396394}",,"{""dataset"":{""source"":""synthetic"",""name"":""hetero_t__nr100000__ns100000__a1_000ep00__g1"",""dim"":2,""path_r"":"""",""path_s"":"""",""synthetic"":{""generator"":""hetero_sizes"",""n_r"":100000,""n_s"":100000,""alpha"":1,""seed"":1}},""run"":{""method"":""kd_tree"",""variant"":""adaptive"",""t"":3000,""seed"":1,""repeats"":3,""j_star"":1000000,""enum_cap"":0,""write_samples"":false,""verify"":false},""output"":{""out_dir"":""run/temp/exp5/hetero_t"",""run_tag"":""exp5_hetero_t""},""sys"":{""threads"":1},""logging"":{""level"":""INFO"",""with_timestamp"":true,""with_thread_id"":false}}","{""generator"":""hetero_sizes"",""dataset"":""hetero_t__nr100000__ns100000__a1_000ep00__g1"",""n_r"":100000,""n_s"":100000,""has_exact_k"":false,""k_target"":0,""k_achieved"":0,""alpha_target"":1,""alpha_achieved"":nan,""notes"":""p_large_r=0.1, w_small=[0.002,0.01], w_large=[0.1,0.3], anisotropic=1""}"
hetero_t__nr100000__ns100000__a1_000ep00__g1,hetero_sizes,1,100000,100000,r_tree,sampling,3000,0,1,1,347.819,8.06931e+06,1,0,0,0,,0,"{""build_ms"":35.765077,""phase1_count_ms"":199.699074,""phase2_assign_ms"":4.096731,""phase3_sample_ms"":107.858872,""run_build_ms"":35.766617,""run_count_ms"":199.702164,""run_sample_ms"":112.347675}",,"{""dataset"":{""source"":""synthetic"",""name"":""hetero_t__nr100000__ns100000__a1_000ep00__g1"",""dim"":2,""path_r"":"""",""path_s"":"""",""synthetic"":{""generator"":""hetero_sizes"",""n_r"":100000,""n_s"":100000,""alpha"":1,""seed"":1}},""run"":{""method"":""r_tree"",""variant"":""sampling"",""t"":3000,""seed"":1,""repeats"":3,""j_star"":1000000,""enum_cap"":0,""write_samples"":false,""verify"":false},""output"":{""out_dir"":""run/temp/exp5/hetero_t"",""run_tag"":""exp5_hetero_t""},""sys"":{""threads"":1},""logging"":{""level"":""INFO"",""with_timestamp"":true,""with_thread_id"":false}}","{""generator"":""hetero_sizes"",""dataset"":""hetero_t__nr100000__ns100000__a1_000ep00__g1"",""n_r"":100000,""n_s"":100000,""has_exact_k"":false,""k_target"":0,""k_achieved"":0,""alpha_target"":1,""alpha_achieved"":nan,""notes"":""p_large_r=0.1, w_small=[0.002,0.01], w_large=[0.1,0.3], anisotropic=1""}"
hetero_t__nr100000__ns100000__a1_000ep00__g1,hetero_sizes,1,100000,100000,r_tree,sampling,3000,1,2,1,353.345,8.06931e+06,1,0,0,0,,0,"{""build_ms"":35.819927,""phase1_count_ms"":205.331685,""phase2_assign_ms"":4.107570,""phase3_sample_ms"":107.598996,""run_build_ms"":35.820987,""run_count_ms"":205.333485,""run_sample_ms"":112.100049}",,"{""dataset"":{""source"":""synthetic"",""name"":""hetero_t__nr100000__ns100000__a1_000ep00__g1"",""dim"":2,""path_r"":"""",""path_s"":"""",""synthetic"":{""generator"":""hetero_sizes"",""n_r"":100000,""n_s"":100000,""alpha"":1,""seed"":1}},""run"":{""method"":""r_tree"",""variant"":""sampling"",""t"":3000,""seed"":1,""repeats"":3,""j_star"":1000000,""enum_cap"":0,""write_samples"":false,""verify"":false},""output"":{""out_dir"":""run/temp/exp5/hetero_t"",""run_tag"":""exp5_hetero_t""},""sys"":{""threads"":1},""logging"":{""level"":""INFO"",""with_timestamp"":true,""with_thread_id"":false}}","{""generator"":""hetero_sizes"",""dataset"":""hetero_t__nr100000__ns100000__a1_000ep00__g1"",""n_r"":100000,""n_s"":100000,""has_exact_k"":false,""k_target"":0,""k_achieved"":0,""alpha_target"":1,""alpha_achieved"":nan,""notes"":""p_large_r=0.1, w_small=[0.002,0.01], w_large=[0.1,0.3], anisotropic=1""}"
hetero_t__nr100000__ns100000__a1_000ep00__g1,hetero_sizes,1,100000,100000,r_tree,sampling,3000,2,3,1,350.571,8.06931e+06,1,0,0,0,,0,"{""build_ms"":35.756418,""phase1_count_ms"":202.681626,""phase2_assign_ms"":4.072171,""phase3_sample_ms"":107.574997,""run_build_ms"":35.757738,""run_count_ms"":202.683226,""run_sample_ms"":112.040331}",,"{""dataset"":{""source"":""synthetic"",""name"":""hetero_t__nr100000__ns100000__a1_000ep00__g1"",""dim"":2,""path_r"":"""",""path_s"":"""",""synthetic"":{""generator"":""hetero_sizes"",""n_r"":100000,""n_s"":100000,""alpha"":1,""seed"":1}},""run"":{""method"":""r_tree"",""variant"":""sampling"",""t"":3000,""seed"":1,""repeats"":3,""j_star"":1000000,""enum_cap"":0,""write_samples"":false,""verify"":false},""output"":{""out_dir"":""run/temp/exp5/hetero_t"",""run_tag"":""exp5_hetero_t""},""sys"":{""threads"":1},""logging"":{""level"":""INFO"",""with_timestamp"":true,""with_thread_id"":false}}","{""generator"":""hetero_sizes"",""dataset"":""hetero_t__nr100000__ns100000__a1_000ep00__g1"",""n_r"":100000,""n_s"":100000,""has_exact_k"":false,""k_target"":0,""k_achieved"":0,""alpha_target"":1,""alpha_achieved"":nan,""notes"":""p_large_r=0.1, w_small=[0.002,0.01], w_large=[0.1,0.3], anisotropic=1""}"
hetero_t__nr100000__ns100000__a1_000ep00__g1,hetero_sizes,1,100000,100000,r_tree,adaptive,3000,0,1,1,491.675,8.06931e+06,1,0,1,0,fallback_sampling,1000001,"{""build_ms"":35.787707,""enumerate_prepare_ms"":34.087230,""phase1_adaptive_count_ms"":231.225893,""phase2+3_sampling_ms"":112.755187,""run_build_ms"":35.788607,""run_fallback_count_ms"":231.228443,""run_fallback_sample_ms"":112.757697,""run_pilot_enum_prepare_ms"":34.089610,""run_pilot_enum_scan_ms"":77.762894}",,"{""dataset"":{""source"":""synthetic"",""name"":""hetero_t__nr100000__ns100000__a1_000ep00__g1"",""dim"":2,""path_r"":"""",""path_s"":"""",""synthetic"":{""generator"":""hetero_sizes"",""n_r"":100000,""n_s"":100000,""alpha"":1,""seed"":1}},""run"":{""method"":""r_tree"",""variant"":""adaptive"",""t"":3000,""seed"":1,""repeats"":3,""j_star"":1000000,""enum_cap"":0,""write_samples"":false,""verify"":false},""output"":{""out_dir"":""run/temp/exp5/hetero_t"",""run_tag"":""exp5_hetero_t""},""sys"":{""threads"":1},""logging"":{""level"":""INFO"",""with_timestamp"":true,""with_thread_id"":false}}","{""generator"":""hetero_sizes"",""dataset"":""hetero_t__nr100000__ns100000__a1_000ep00__g1"",""n_r"":100000,""n_s"":100000,""has_exact_k"":false,""k_target"":0,""k_achieved"":0,""alpha_target"":1,""alpha_achieved"":nan,""notes"":""p_large_r=0.1, w_small=[0.002,0.01], w_large=[0.1,0.3], anisotropic=1""}"
hetero_t__nr100000__ns100000__a1_000ep00__g1,hetero_sizes,1,100000,100000,r_tree,adaptive,3000,1,2,1,497.191,8.06931e+06,1,0,1,0,fallback_sampling,1000001,"{""build_ms"":35.763208,""enumerate_prepare_ms"":34.078420,""phase1_adaptive_count_ms"":230.997888,""phase2+3_sampling_ms"":112.584610,""run_build_ms"":35.764458,""run_fallback_count_ms"":231.000547,""run_fallback_sample_ms"":112.587300,""run_pilot_enum_prepare_ms"":34.080300,""run_pilot_enum_scan_ms"":83.629521}",,"{""dataset"":{""source"":""synthetic"",""name"":""hetero_t__nr100000__ns100000__a1_000ep00__g1"",""dim"":2,""path_r"":"""",""path_s"":"""",""synthetic"":{""generator"":""hetero_sizes"",""n_r"":100000,""n_s"":100000,""alpha"":1,""seed"":1}},""run"":{""method"":""r_tree"",""variant"":""adaptive"",""t"":3000,""seed"":1,""repeats"":3,""j_star"":1000000,""enum_cap"":0,""write_samples"":false,""verify"":false},""output"":{""out_dir"":""run/temp/exp5/hetero_t"",""run_tag"":""exp5_hetero_t""},""sys"":{""threads"":1},""logging"":{""level"":""INFO"",""with_timestamp"":true,""with_thread_id"":false}}","{""generator"":""hetero_sizes"",""dataset"":""hetero_t__nr100000__ns100000__a1_000ep00__g1"",""n_r"":100000,""n_s"":100000,""has_exact_k"":false,""k_target"":0,""k_achieved"":0,""alpha_target"":1,""alpha_achieved"":nan,""notes"":""p_large_r=0.1, w_small=[0.002,0.01], w_large=[0.1,0.3], anisotropic=1""}"
hetero_t__nr100000__ns100000__a1_000ep00__g1,hetero_sizes,1,100000,100000,r_tree,adaptive,3000,2,3,1,491.515,8.06931e+06,1,0,1,0,fallback_sampling,1000001,"{""build_ms"":35.780607,""enumerate_prepare_ms"":34.072140,""phase1_adaptive_count_ms"":230.972698,""phase2+3_sampling_ms"":112.448713,""run_build_ms"":35.781887,""run_fallback_count_ms"":230.975198,""run_fallback_sample_ms"":112.450763,""run_pilot_enum_prepare_ms"":34.073900,""run_pilot_enum_scan_ms"":78.101898}",,"{""dataset"":{""source"":""synthetic"",""name"":""hetero_t__nr100000__ns100000__a1_000ep00__g1"",""dim"":2,""path_r"":"""",""path_s"":"""",""synthetic"":{""generator"":""hetero_sizes"",""n_r"":100000,""n_s"":100000,""alpha"":1,""seed"":1}},""run"":{""method"":""r_tree"",""variant"":""adaptive"",""t"":3000,""seed"":1,""repeats"":3,""j_star"":1000000,""enum_cap"":0,""write_samples"":false,""verify"":false},""output"":{""out_dir"":""run/temp/exp5/hetero_t"",""run_tag"":""exp5_hetero_t""},""sys"":{""threads"":1},""logging"":{""level"":""INFO"",""with_timestamp"":true,""with_thread_id"":false}}","{""generator"":""hetero_sizes"",""dataset"":""hetero_t__nr100000__ns100000__a1_000ep00__g1"",""n_r"":100000,""n_s"":100000,""has_exact_k"":false,""k_target"":0,""k_achieved"":0,""alpha_target"":1,""alpha_achieved"":nan,""notes"":""p_large_r=0.1, w_small=[0.002,0.01], w_large=[0.1,0.3], anisotropic=1""}"
hetero_t__nr100000__ns100000__a1_000ep00__g1,hetero_sizes,1,100000,100000,range_tree,sampling,3000,0,1,1,2218.7,8.06931e+06,1,0,0,0,,0,"{""build_ms"":100.932396,""build_events_ms"":33.827945,""build_range_trees_ms"":34.655749,""build_rank_arrays_ms"":31.035809,""build_start_index_ms"":1.363674,""phase1_count_ms"":1262.419747,""phase2_alias_ms"":855.319848,""phase3_sweep_ms"":850.786706,""run_build_ms"":100.933056,""run_count_ms"":1262.422157,""run_sample_ms"":855.321348}",,"{""dataset"":{""source"":""synthetic"",""name"":""hetero_t__nr100000__ns100000__a1_000ep00__g1"",""dim"":2,""path_r"":"""",""path_s"":"""",""synthetic"":{""generator"":""hetero_sizes"",""n_r"":100000,""n_s"":100000,""alpha"":1,""seed"":1}},""run"":{""method"":""range_tree"",""variant"":""sampling"",""t"":3000,""seed"":1,""repeats"":3,""j_star"":1000000,""enum_cap"":0,""write_samples"":false,""verify"":false},""output"":{""out_dir"":""run/temp/exp5/hetero_t"",""run_tag"":""exp5_hetero_t""},""sys"":{""threads"":1},""logging"":{""level"":""INFO"",""with_timestamp"":true,""with_thread_id"":false}}","{""generator"":""hetero_sizes"",""dataset"":""hetero_t__nr100000__ns100000__a1_000ep00__g1"",""n_r"":100000,""n_s"":100000,""has_exact_k"":false,""k_target"":0,""k_achieved"":0,""alpha_target"":1,""alpha_achieved"":nan,""notes"":""p_large_r=0.1, w_small=[0.002,0.01], w_large=[0.1,0.3], anisotropic=1""}"
hetero_t__nr100000__ns100000__a1_000ep00__g1,hetero_sizes,1,100000,100000,range_tree,sampling,3000,1,2,1,2209.86,8.06931e+06,1,0,0,0,,0,"{""build_ms"":99.302618,""build_events_ms"":33.880864,""build_range_trees_ms"":33.055600,""build_rank_arrays_ms"":30.925141,""build_start_index_ms"":1.372964,""phase1_count_ms"":1257.713645,""phase2_alias_ms"":852.785145,""phase3_sweep_ms"":848.274743,""run_build_ms"":99.303528,""run_count_ms"":1257.716275,""run_sample_ms"":852.808254}",,"{""dataset"":{""source"":""synthetic"",""name"":""hetero_t__nr100000__ns100000__a1_000ep00__g1"",""dim"":2,""path_r"":"""",""path_s"":"""",""synthetic"":{""generator"":""hetero_sizes"",""n_r"":100000,""n_s"":100000,""alpha"":1,""seed"":1}},""run"":{""method"":""range_tree"",""variant"":""sampling"",""t"":3000,""seed"":1,""repeats"":3,""j_star"":1000000,""enum_cap"":0,""write_samples"":false,""verify"":false},""output"":{""out_dir"":""run/temp/exp5/hetero_t"",""run_tag"":""exp5_hetero_t""},""sys"":{""threads"":1},""logging"":{""level"":""INFO"",""with_timestamp"":true,""with_thread_id"":false}}","{""generator"":""hetero_sizes"",""dataset"":""hetero_t__nr100000__ns100000__a1_000ep00__g1"",""n_r"":100000,""n_s"":100000,""has_exact_k"":false,""k_target"":0,""k_achieved"":0,""alpha_target"":1,""alpha_achieved"":nan,""notes"":""p_large_r=0.1, w_small=[0.002,0.01], w_large=[0.1,0.3], anisotropic=1""}"
hetero_t__nr100000__ns100000__a1_000ep00__g1,hetero_sizes,1,100000,100000,range_tree,sampling,3000,2,3,1,2216.54,8.06931e+06,1,0,0,0,,0,"{""build_ms"":99.401825,""build_events_ms"":33.888294,""build_range_trees_ms"":33.189107,""build_rank_arrays_ms"":30.891902,""build_start_index_ms"":1.378663,""phase1_count_ms"":1262.762975,""phase2_alias_ms"":854.367193,""phase3_sweep_ms"":849.843682,""run_build_ms"":99.402355,""run_count_ms"":1262.766435,""run_sample_ms"":854.368273}",,"{""dataset"":{""source"":""synthetic"",""name"":""hetero_t__nr100000__ns100000__a1_000ep00__g1"",""dim"":2,""path_r"":"""",""path_s"":"""",""synthetic"":{""generator"":""hetero_sizes"",""n_r"":100000,""n_s"":100000,""alpha"":1,""seed"":1}},""run"":{""method"":""range_tree"",""variant"":""sampling"",""t"":3000,""seed"":1,""repeats"":3,""j_star"":1000000,""enum_cap"":0,""write_samples"":false,""verify"":false},""output"":{""out_dir"":""run/temp/exp5/hetero_t"",""run_tag"":""exp5_hetero_t""},""sys"":{""threads"":1},""logging"":{""level"":""INFO"",""with_timestamp"":true,""with_thread_id"":false}}","{""generator"":""hetero_sizes"",""dataset"":""hetero_t__nr100000__ns100000__a1_000ep00__g1"",""n_r"":100000,""n_s"":100000,""has_exact_k"":false,""k_target"":0,""k_achieved"":0,""alpha_target"":1,""alpha_achieved"":nan,""notes"":""p_large_r=0.1, w_small=[0.002,0.01], w_large=[0.1,0.3], anisotropic=1""}"
hetero_t__nr100000__ns100000__a1_000ep00__g1,hetero_sizes,1,100000,100000,range_tree,adaptive,3000,0,1,1,2826.3,8.06931e+06,1,0,1,0,fallback_sampling,1000001,"{""adaptive_count_ms"":1379.262496,""build_ms"":100.760589,""build_events_ms"":33.908914,""build_range_trees_ms"":34.542501,""build_rank_arrays_ms"":30.893622,""build_start_index_ms"":1.366563,""enumerate_prepare_ms"":99.357345,""phase2_alias_ms"":851.450127,""phase3_sweep_ms"":846.934935,""run_build_ms"":100.761619,""run_fallback_count_ms"":1379.264995,""run_fallback_sample_ms"":851.473157,""run_pilot_enum_prepare_ms"":99.360445,""run_pilot_enum_scan_ms"":395.405882}",,"{""dataset"":{""source"":""synthetic"",""name"":""hetero_t__nr100000__ns100000__a1_000ep00__g1"",""dim"":2,""path_r"":"""",""path_s"":"""",""synthetic"":{""generator"":""hetero_sizes"",""n_r"":100000,""n_s"":100000,""alpha"":1,""seed"":1}},""run"":{""method"":""range_tree"",""variant"":""adaptive"",""t"":3000,""seed"":1,""repeats"":3,""j_star"":1000000,""enum_cap"":0,""write_samples"":false,""verify"":false},""output"":{""out_dir"":""run/temp/exp5/hetero_t"",""run_tag"":""exp5_hetero_t""},""sys"":{""threads"":1},""logging"":{""level"":""INFO"",""with_timestamp"":true,""with_thread_id"":false}}","{""generator"":""hetero_sizes"",""dataset"":""hetero_t__nr100000__ns100000__a1_000ep00__g1"",""n_r"":100000,""n_s"":100000,""has_exact_k"":false,""k_target"":0,""k_achieved"":0,""alpha_target"":1,""alpha_achieved"":nan,""notes"":""p_large_r=0.1, w_small=[0.002,0.01], w_large=[0.1,0.3], anisotropic=1""}"
hetero_t__nr100000__ns100000__a1_000ep00__g1,hetero_sizes,1,100000,100000,range_tree,adaptive,3000,1,2,1,2824.88,8.06931e+06,1,0,1,0,fallback_sampling,1000001,"{""adaptive_count_ms"":1382.070197,""build_ms"":99.321887,""build_events_ms"":33.910543,""build_range_trees_ms"":33.077610,""build_rank_arrays_ms"":30.886592,""build_start_index_ms"":1.379993,""enumerate_prepare_ms"":99.691328,""phase2_alias_ms"":855.579805,""phase3_sweep_ms"":851.047444,""run_build_ms"":99.322826,""run_fallback_count_ms"":1382.072747,""run_fallback_sample_ms"":855.601405,""run_pilot_enum_prepare_ms"":99.694128,""run_pilot_enum_scan_ms"":388.158101}",,"{""dataset"":{""source"":""synthetic"",""name"":""hetero_t__nr100000__ns100000__a1_000ep00__g1"",""dim"":2,""path_r"":"""",""path_s"":"""",""synthetic"":{""generator"":""hetero_sizes"",""n_r"":100000,""n_s"":100000,""alpha"":1,""seed"":1}},""run"":{""method"":""range_tree"",""variant"":""adaptive"",""t"":3000,""seed"":1,""repeats"":3,""j_star"":1000000,""enum_cap"":0,""write_samples"":false,""verify"":false},""output"":{""out_dir"":""run/temp/exp5/hetero_t"",""run_tag"":""exp5_hetero_t""},""sys"":{""threads"":1},""logging"":{""level"":""INFO"",""with_timestamp"":true,""with_thread_id"":false}}","{""generator"":""hetero_sizes"",""dataset"":""hetero_t__nr100000__ns100000__a1_000ep00__g1"",""n_r"":100000,""n_s"":100000,""has_exact_k"":false,""k_target"":0,""k_achieved"":0,""alpha_target"":1,""alpha_achieved"":nan,""notes"":""p_large_r=0.1, w_small=[0.002,0.01], w_large=[0.1,0.3], anisotropic=1""}"
hetero_t__nr100000__ns100000__a1_000ep00__g1,hetero_sizes,1,100000,100000,range_tree,adaptive,3000,2,3,1,2822.61,8.06931e+06,1,0,1,0,fallback_sampling,1000001,"{""adaptive_count_ms"":1379.586972,""build_ms"":99.672829,""build_events_ms"":33.866903,""build_range_trees_ms"":33.490891,""build_rank_arrays_ms"":30.888252,""build_start_index_ms"":1.371654,""enumerate_prepare_ms"":99.782767,""phase2_alias_ms"":848.315233,""phase3_sweep_ms"":843.798301,""run_build_ms"":99.673659,""run_fallback_count_ms"":1379.589892,""run_fallback_sample_ms"":848.336523,""run_pilot_enum_prepare_ms"":99.785527,""run_pilot_enum_scan_ms"":395.193104}",,"{""dataset"":{""source"":""synthetic"",""name"":""hetero_t__nr100000__ns100000__a1_000ep00__g1"",""dim"":2,""path_r"":"""",""path_s"":"""",""synthetic"":{""generator"":""hetero_sizes"",""n_r"":100000,""n_s"":100000,""alpha"":1,""seed"":1}},""run"":{""method"":""range_tree"",""variant"":""adaptive"",""t"":3000,""seed"":1,""repeats"":3,""j_star"":1000000,""enum_cap"":0,""write_samples"":false,""verify"":false},""output"":{""out_dir"":""run/temp/exp5/hetero_t"",""run_tag"":""exp5_hetero_t""},""sys"":{""threads"":1},""logging"":{""level"":""INFO"",""with_timestamp"":true,""with_thread_id"":false}}","{""generator"":""hetero_sizes"",""dataset"":""hetero_t__nr100000__ns100000__a1_000ep00__g1"",""n_r"":100000,""n_s"":100000,""has_exact_k"":false,""k_target"":0,""k_achieved"":0,""alpha_target"":1,""alpha_achieved"":nan,""notes"":""p_large_r=0.1, w_small=[0.002,0.01], w_large=[0.1,0.3], anisotropic=1""}"
hetero_t__nr100000__ns100000__a1_000ep00__g1,hetero_sizes,1,100000,100000,pbsm,sampling,3000,0,1,1,911.648,8.06931e+06,1,0,0,0,,0,"{""build_ms"":21.826777,""pbsm_build_ms"":21.826217,""pbsm_count_pass1_ms"":443.326181,""pbsm_partitions_stripes_ms"":21.479493,""pbsm_sample_draw_ranks_ms"":0.136088,""pbsm_sample_pass2_select_ms"":446.340892,""run_build_ms"":21.827257,""run_count_ms"":443.329821,""run_sample_ms"":446.488549}",,"{""dataset"":{""source"":""synthetic"",""name"":""hetero_t__nr100000__ns100000__a1_000ep00__g1"",""dim"":2,""path_r"":"""",""path_s"":"""",""synthetic"":{""generator"":""hetero_sizes"",""n_r"":100000,""n_s"":100000,""alpha"":1,""seed"":1}},""run"":{""method"":""pbsm"",""variant"":""sampling"",""t"":3000,""seed"":1,""repeats"":3,""j_star"":1000000,""enum_cap"":0,""write_samples"":false,""verify"":false},""output"":{""out_dir"":""run/temp/exp5/hetero_t"",""run_tag"":""exp5_hetero_t""},""sys"":{""threads"":1},""logging"":{""level"":""INFO"",""with_timestamp"":true,""with_thread_id"":false}}","{""generator"":""hetero_sizes"",""dataset"":""hetero_t__nr100000__ns100000__a1_000ep00__g1"",""n_r"":100000,""n_s"":100000,""has_exact_k"":false,""k_target"":0,""k_achieved"":0,""alpha_target"":1,""alpha_achieved"":nan,""notes"":""p_large_r=0.1, w_small=[0.002,0.01], w_large=[0.1,0.3], anisotropic=1""}"
hetero_t__nr100000__ns100000__a1_000ep00__g1,hetero_sizes,1,100000,100000,pbsm,sampling,3000,1,2,1,920.434,8.06931e+06,1,0,0,0,,0,"{""build_ms"":27.156184,""pbsm_build_ms"":27.155863,""pbsm_count_pass1_ms"":445.374140,""pbsm_partitions_stripes_ms"":26.809050,""pbsm_sample_draw_ranks_ms"":0.130508,""pbsm_sample_pass2_select_ms"":447.752894,""run_build_ms"":27.156604,""run_count_ms"":445.376170,""run_sample_ms"":447.896152}",,"{""dataset"":{""source"":""synthetic"",""name"":""hetero_t__nr100000__ns100000__a1_000ep00__g1"",""dim"":2,""path_r"":"""",""path_s"":"""",""synthetic"":{""generator"":""hetero_sizes"",""n_r"":100000,""n_s"":100000,""alpha"":1,""seed"":1}},""run"":{""method"":""pbsm"",""variant"":""sampling"",""t"":3000,""seed"":1,""repeats"":3,""j_star"":1000000,""enum_cap"":0,""write_samples"":false,""verify"":false},""output"":{""out_dir"":""run/temp/exp5/hetero_t"",""run_tag"":""exp5_hetero_t""},""sys"":{""threads"":1},""logging"":{""level"":""INFO"",""with_timestamp"":true,""with_thread_id"":false}}","{""generator"":""hetero_sizes"",""dataset"":""hetero_t__nr100000__ns100000__a1_000ep00__g1"",""n_r"":100000,""n_s"":100000,""has_exact_k"":false,""k_target"":0,""k_achieved"":0,""alpha_target"":1,""alpha_achieved"":nan,""notes"":""p_large_r=0.1, w_small=[0.002,0.01], w_large=[0.1,0.3], anisotropic=1""}"
hetero_t__nr100000__ns100000__a1_000ep00__g1,hetero_sizes,1,100000,100000,pbsm,sampling,3000,2,3,1,926.302,8.06931e+06,1,0,0,0,,0,"{""build_ms"":21.773518,""pbsm_build_ms"":21.773197,""pbsm_count_pass1_ms"":453.412055,""pbsm_partitions_stripes_ms"":21.428714,""pbsm_sample_draw_ranks_ms"":0.134648,""pbsm_sample_pass2_select_ms"":450.961981,""run_build_ms"":21.773837,""run_count_ms"":453.414974,""run_sample_ms"":451.108699}",,"{""dataset"":{""source"":""synthetic"",""name"":""hetero_t__nr100000__ns100000__a1_000ep00__g1"",""dim"":2,""path_r"":"""",""path_s"":"""",""synthetic"":{""generator"":""hetero_sizes"",""n_r"":100000,""n_s"":100000,""alpha"":1,""seed"":1}},""run"":{""method"":""pbsm"",""variant"":""sampling"",""t"":3000,""seed"":1,""repeats"":3,""j_star"":1000000,""enum_cap"":0,""write_samples"":false,""verify"":false},""output"":{""out_dir"":""run/temp/exp5/hetero_t"",""run_tag"":""exp5_hetero_t""},""sys"":{""threads"":1},""logging"":{""level"":""INFO"",""with_timestamp"":true,""with_thread_id"":false}}","{""generator"":""hetero_sizes"",""dataset"":""hetero_t__nr100000__ns100000__a1_000ep00__g1"",""n_r"":100000,""n_s"":100000,""has_exact_k"":false,""k_target"":0,""k_achieved"":0,""alpha_target"":1,""alpha_achieved"":nan,""notes"":""p_large_r=0.1, w_small=[0.002,0.01], w_large=[0.1,0.3], anisotropic=1""}"
hetero_t__nr100000__ns100000__a1_000ep00__g1,hetero_sizes,1,100000,100000,pbsm,adaptive,3000,0,1,1,1006.12,8.06931e+06,1,0,1,0,fallback_sampling,1000001,"{""build_ms"":21.815248,""enumerate_prepare_ms"":0.000320,""pbsm_adaptive_pass1_ms"":462.894300,""pbsm_adaptive_sample_large_ms"":453.736368,""pbsm_build_ms"":21.814748,""pbsm_partitions_stripes_ms"":21.469864,""run_build_ms"":21.815778,""run_fallback_count_ms"":462.905550,""run_fallback_sample_ms"":453.740017,""run_pilot_enum_prepare_ms"":0.000870,""run_pilot_enum_scan_ms"":67.620609}",,"{""dataset"":{""source"":""synthetic"",""name"":""hetero_t__nr100000__ns100000__a1_000ep00__g1"",""dim"":2,""path_r"":"""",""path_s"":"""",""synthetic"":{""generator"":""hetero_sizes"",""n_r"":100000,""n_s"":100000,""alpha"":1,""seed"":1}},""run"":{""method"":""pbsm"",""variant"":""adaptive"",""t"":3000,""seed"":1,""repeats"":3,""j_star"":1000000,""enum_cap"":0,""write_samples"":false,""verify"":false},""output"":{""out_dir"":""run/temp/exp5/hetero_t"",""run_tag"":""exp5_hetero_t""},""sys"":{""threads"":1},""logging"":{""level"":""INFO"",""with_timestamp"":true,""with_thread_id"":false}}","{""generator"":""hetero_sizes"",""dataset"":""hetero_t__nr100000__ns100000__a1_000ep00__g1"",""n_r"":100000,""n_s"":100000,""has_exact_k"":false,""k_target"":0,""k_achieved"":0,""alpha_target"":1,""alpha_achieved"":nan,""notes"":""p_large_r=0.1, w_small=[0.002,0.01], w_large=[0.1,0.3], anisotropic=1""}"
hetero_t__nr100000__ns100000__a1_000ep00__g1,hetero_sizes,1,100000,100000,pbsm,adaptive,3000,1,2,1,1009.42,8.06931e+06,1,0,1,0,fallback_sampling,1000001,"{""build_ms"":21.815278,""enumerate_prepare_ms"":0.000260,""pbsm_adaptive_pass1_ms"":459.238441,""pbsm_adaptive_sample_large_ms"":460.423137,""pbsm_build_ms"":21.814627,""pbsm_partitions_stripes_ms"":21.470844,""run_build_ms"":21.815778,""run_fallback_count_ms"":459.241880,""run_fallback_sample_ms"":460.426498,""run_pilot_enum_prepare_ms"":0.000780,""run_pilot_enum_scan_ms"":67.902273}",,"{""dataset"":{""source"":""synthetic"",""name"":""hetero_t__nr100000__ns100000__a1_000ep00__g1"",""dim"":2,""path_r"":"""",""path_s"":"""",""synthetic"":{""generator"":""hetero_sizes"",""n_r"":100000,""n_s"":100000,""alpha"":1,""seed"":1}},""run"":{""method"":""pbsm"",""variant"":""adaptive"",""t"":3000,""seed"":1,""repeats"":3,""j_star"":1000000,""enum_cap"":0,""write_samples"":false,""verify"":false},""output"":{""out_dir"":""run/temp/exp5/hetero_t"",""run_tag"":""exp5_hetero_t""},""sys"":{""threads"":1},""logging"":{""level"":""INFO"",""with_timestamp"":true,""with_thread_id"":false}}","{""generator"":""hetero_sizes"",""dataset"":""hetero_t__nr100000__ns100000__a1_000ep00__g1"",""n_r"":100000,""n_s"":100000,""has_exact_k"":false,""k_target"":0,""k_achieved"":0,""alpha_target"":1,""alpha_achieved"":nan,""notes"":""p_large_r=0.1, w_small=[0.002,0.01], w_large=[0.1,0.3], anisotropic=1""}"
hetero_t__nr100000__ns100000__a1_000ep00__g1,hetero_sizes,1,100000,100000,pbsm,adaptive,3000,2,3,1,1004,8.06931e+06,1,0,1,0,fallback_sampling,1000001,"{""build_ms"":21.816537,""enumerate_prepare_ms"":0.000380,""pbsm_adaptive_pass1_ms"":455.801236,""pbsm_adaptive_sample_large_ms"":459.313768,""pbsm_build_ms"":21.816117,""pbsm_partitions_stripes_ms"":21.470094,""run_build_ms"":21.817107,""run_fallback_count_ms"":455.805106,""run_fallback_sample_ms"":459.316538,""run_pilot_enum_prepare_ms"":0.000900,""run_pilot_enum_scan_ms"":67.027271}",,"{""dataset"":{""source"":""synthetic"",""name"":""hetero_t__nr100000__ns100000__a1_000ep00__g1"",""dim"":2,""path_r"":"""",""path_s"":"""",""synthetic"":{""generator"":""hetero_sizes"",""n_r"":100000,""n_s"":100000,""alpha"":1,""seed"":1}},""run"":{""method"":""pbsm"",""variant"":""adaptive"",""t"":3000,""seed"":1,""repeats"":3,""j_star"":1000000,""enum_cap"":0,""write_samples"":false,""verify"":false},""output"":{""out_dir"":""run/temp/exp5/hetero_t"",""run_tag"":""exp5_hetero_t""},""sys"":{""threads"":1},""logging"":{""level"":""INFO"",""with_timestamp"":true,""with_thread_id"":false}}","{""generator"":""hetero_sizes"",""dataset"":""hetero_t__nr100000__ns100000__a1_000ep00__g1"",""n_r"":100000,""n_s"":100000,""has_exact_k"":false,""k_target"":0,""k_achieved"":0,""alpha_target"":1,""alpha_achieved"":nan,""notes"":""p_large_r=0.1, w_small=[0.002,0.01], w_large=[0.1,0.3], anisotropic=1""}"
hetero_t__nr100000__ns100000__a1_000ep00__g1,hetero_sizes,1,100000,100000,tlsop,sampling,3000,0,1,1,300.621,8.06931e+06,1,0,0,0,,0,"{""build_ms"":33.582110,""run_build_ms"":33.582930,""run_count_ms"":131.787475,""run_sample_ms"":135.248609,""tlsop_alloc_tiles_ms"":0.066259,""tlsop_build_ms"":33.580560,""tlsop_build_edges_ms"":0.000360,""tlsop_count_pass1_ms"":131.783567,""tlsop_pass1_count_caps_ms"":6.539464,""tlsop_pass1_reserve_ms"":0.534599,""tlsop_pass2_fill_ms"":8.112103,""tlsop_sample_draw_ranks_ms"":0.135118,""tlsop_sample_pass2_select_ms"":135.095292,""tlsop_sort_lists_ms"":18.314306}",,"{""dataset"":{""source"":""synthetic"",""name"":""hetero_t__nr100000__ns100000__a1_000ep00__g1"",""dim"":2,""path_r"":"""",""path_s"":"""",""synthetic"":{""generator"":""hetero_sizes"",""n_r"":100000,""n_s"":100000,""alpha"":1,""seed"":1}},""run"":{""method"":""tlsop"",""variant"":""sampling"",""t"":3000,""seed"":1,""repeats"":3,""j_star"":1000000,""enum_cap"":0,""write_samples"":false,""verify"":false},""output"":{""out_dir"":""run/temp/exp5/hetero_t"",""run_tag"":""exp5_hetero_t""},""sys"":{""threads"":1},""logging"":{""level"":""INFO"",""with_timestamp"":true,""with_thread_id"":false}}","{""generator"":""hetero_sizes"",""dataset"":""hetero_t__nr100000__ns100000__a1_000ep00__g1"",""n_r"":100000,""n_s"":100000,""has_exact_k"":false,""k_target"":0,""k_achieved"":0,""alpha_target"":1,""alpha_achieved"":nan,""notes"":""p_large_r=0.1, w_small=[0.002,0.01], w_large=[0.1,0.3], anisotropic=1""}"
hetero_t__nr100000__ns100000__a1_000ep00__g1,hetero_sizes,1,100000,100000,tlsop,sampling,3000,1,2,1,301.801,8.06931e+06,1,0,0,0,,0,"{""build_ms"":33.817685,""run_build_ms"":33.818535,""run_count_ms"":131.946433,""run_sample_ms"":135.460855,""tlsop_alloc_tiles_ms"":0.061949,""tlsop_build_ms"":33.816935,""tlsop_build_edges_ms"":0.000630,""tlsop_count_pass1_ms"":131.942042,""tlsop_pass1_count_caps_ms"":6.525973,""tlsop_pass1_reserve_ms"":0.488691,""tlsop_pass2_fill_ms"":8.082513,""tlsop_sample_draw_ranks_ms"":0.127578,""tlsop_sample_pass2_select_ms"":135.323177,""tlsop_sort_lists_ms"":18.276876}",,"{""dataset"":{""source"":""synthetic"",""name"":""hetero_t__nr100000__ns100000__a1_000ep00__g1"",""dim"":2,""path_r"":"""",""path_s"":"""",""synthetic"":{""generator"":""hetero_sizes"",""n_r"":100000,""n_s"":100000,""alpha"":1,""seed"":1}},""run"":{""method"":""tlsop"",""variant"":""sampling"",""t"":3000,""seed"":1,""repeats"":3,""j_star"":1000000,""enum_cap"":0,""write_samples"":false,""verify"":false},""output"":{""out_dir"":""run/temp/exp5/hetero_t"",""run_tag"":""exp5_hetero_t""},""sys"":{""threads"":1},""logging"":{""level"":""INFO"",""with_timestamp"":true,""with_thread_id"":false}}","{""generator"":""hetero_sizes"",""dataset"":""hetero_t__nr100000__ns100000__a1_000ep00__g1"",""n_r"":100000,""n_s"":100000,""has_exact_k"":false,""k_target"":0,""k_achieved"":0,""alpha_target"":1,""alpha_achieved"":nan,""notes"":""p_large_r=0.1, w_small=[0.002,0.01], w_large=[0.1,0.3], anisotropic=1""}"
hetero_t__nr100000__ns100000__a1_000ep00__g1,hetero_sizes,1,100000,100000,tlsop,sampling,3000,2,3,1,306.749,8.06931e+06,1,0,0,0,,0,"{""build_ms"":33.917453,""run_build_ms"":33.918483,""run_count_ms"":131.882453,""run_sample_ms"":140.419619,""tlsop_alloc_tiles_ms"":0.061679,""tlsop_build_ms"":33.916203,""tlsop_build_edges_ms"":0.000470,""tlsop_count_pass1_ms"":131.878773,""tlsop_pass1_count_caps_ms"":6.543523,""tlsop_pass1_reserve_ms"":0.478471,""tlsop_pass2_fill_ms"":8.131992,""tlsop_sample_draw_ranks_ms"":0.129168,""tlsop_sample_pass2_select_ms"":140.279431,""tlsop_sort_lists_ms"":18.249217}",,"{""dataset"":{""source"":""synthetic"",""name"":""hetero_t__nr100000__ns100000__a1_000ep00__g1"",""dim"":2,""path_r"":"""",""path_s"":"""",""synthetic"":{""generator"":""hetero_sizes"",""n_r"":100000,""n_s"":100000,""alpha"":1,""seed"":1}},""run"":{""method"":""tlsop"",""variant"":""sampling"",""t"":3000,""seed"":1,""repeats"":3,""j_star"":1000000,""enum_cap"":0,""write_samples"":false,""verify"":false},""output"":{""out_dir"":""run/temp/exp5/hetero_t"",""run_tag"":""exp5_hetero_t""},""sys"":{""threads"":1},""logging"":{""level"":""INFO"",""with_timestamp"":true,""with_thread_id"":false}}","{""generator"":""hetero_sizes"",""dataset"":""hetero_t__nr100000__ns100000__a1_000ep00__g1"",""n_r"":100000,""n_s"":100000,""has_exact_k"":false,""k_target"":0,""k_achieved"":0,""alpha_target"":1,""alpha_achieved"":nan,""notes"":""p_large_r=0.1, w_small=[0.002,0.01], w_large=[0.1,0.3], anisotropic=1""}"
hetero_t__nr100000__ns100000__a1_000ep00__g1,hetero_sizes,1,100000,100000,tlsop,adaptive,3000,0,1,1,323.912,8.06931e+06,1,0,1,0,fallback_sampling,1000001,"{""build_ms"":33.568289,""enumerate_prepare_ms"":0.013570,""run_build_ms"":33.568729,""run_fallback_count_ms"":135.485334,""run_fallback_sample_ms"":135.119521,""run_pilot_enum_prepare_ms"":0.014270,""run_pilot_enum_scan_ms"":19.706258,""tlsop_adaptive_pass1_ms"":135.473074,""tlsop_adaptive_sample_large_ms"":135.116111,""tlsop_alloc_tiles_ms"":0.078788,""tlsop_build_ms"":33.566929,""tlsop_build_edges_ms"":0.000530,""tlsop_pass1_count_caps_ms"":6.527554,""tlsop_pass1_reserve_ms"":0.476350,""tlsop_pass2_fill_ms"":8.130792,""tlsop_sort_lists_ms"":18.340555}",,"{""dataset"":{""source"":""synthetic"",""name"":""hetero_t__nr100000__ns100000__a1_000ep00__g1"",""dim"":2,""path_r"":"""",""path_s"":"""",""synthetic"":{""generator"":""hetero_sizes"",""n_r"":100000,""n_s"":100000,""alpha"":1,""seed"":1}},""run"":{""method"":""tlsop"",""variant"":""adaptive"",""t"":3000,""seed"":1,""repeats"":3,""j_star"":1000000,""enum_cap"":0,""write_samples"":false,""verify"":false},""output"":{""out_dir"":""run/temp/exp5/hetero_t"",""run_tag"":""exp5_hetero_t""},""sys"":{""threads"":1},""logging"":{""level"":""INFO"",""with_timestamp"":true,""with_thread_id"":false}}","{""generator"":""hetero_sizes"",""dataset"":""hetero_t__nr100000__ns100000__a1_000ep00__g1"",""n_r"":100000,""n_s"":100000,""has_exact_k"":false,""k_target"":0,""k_achieved"":0,""alpha_target"":1,""alpha_achieved"":nan,""notes"":""p_large_r=0.1, w_small=[0.002,0.01], w_large=[0.1,0.3], anisotropic=1""}"
hetero_t__nr100000__ns100000__a1_000ep00__g1,hetero_sizes,1,100000,100000,tlsop,adaptive,3000,1,2,1,324.684,8.06931e+06,1,0,1,0,fallback_sampling,1000001,"{""build_ms"":33.952992,""enumerate_prepare_ms"":0.013339,""run_build_ms"":33.953561,""run_fallback_count_ms"":135.316347,""run_fallback_sample_ms"":135.091022,""run_pilot_enum_prepare_ms"":0.013990,""run_pilot_enum_scan_ms"":19.728078,""tlsop_adaptive_pass1_ms"":135.303467,""tlsop_adaptive_sample_large_ms"":135.086752,""tlsop_alloc_tiles_ms"":0.061698,""tlsop_build_ms"":33.952202,""tlsop_build_edges_ms"":0.000750,""tlsop_pass1_count_caps_ms"":6.527423,""tlsop_pass1_reserve_ms"":0.478771,""tlsop_pass2_fill_ms"":8.134662,""tlsop_sort_lists_ms"":18.312134}",,"{""dataset"":{""source"":""synthetic"",""name"":""hetero_t__nr100000__ns100000__a1_000ep00__g1"",""dim"":2,""path_r"":"""",""path_s"":"""",""synthetic"":{""generator"":""hetero_sizes"",""n_r"":100000,""n_s"":100000,""alpha"":1,""seed"":1}},""run"":{""method"":""tlsop"",""variant"":""adaptive"",""t"":3000,""seed"":1,""repeats"":3,""j_star"":1000000,""enum_cap"":0,""write_samples"":false,""verify"":false},""output"":{""out_dir"":""run/temp/exp5/hetero_t"",""run_tag"":""exp5_hetero_t""},""sys"":{""threads"":1},""logging"":{""level"":""INFO"",""with_timestamp"":true,""with_thread_id"":false}}","{""generator"":""hetero_sizes"",""dataset"":""hetero_t__nr100000__ns100000__a1_000ep00__g1"",""n_r"":100000,""n_s"":100000,""has_exact_k"":false,""k_target"":0,""k_achieved"":0,""alpha_target"":1,""alpha_achieved"":nan,""notes"":""p_large_r=0.1, w_small=[0.002,0.01], w_large=[0.1,0.3], anisotropic=1""}"
hetero_t__nr100000__ns100000__a1_000ep00__g1,hetero_sizes,1,100000,100000,tlsop,adaptive,3000,2,3,1,324.954,8.06931e+06,1,0,1,0,fallback_sampling,1000001,"{""build_ms"":33.945132,""enumerate_prepare_ms"":0.011870,""run_build_ms"":33.945772,""run_fallback_count_ms"":135.562482,""run_fallback_sample_ms"":135.119252,""run_pilot_enum_prepare_ms"":0.012390,""run_pilot_enum_scan_ms"":19.731688,""tlsop_adaptive_pass1_ms"":135.549843,""tlsop_adaptive_sample_large_ms"":135.115752,""tlsop_alloc_tiles_ms"":0.066779,""tlsop_build_ms"":33.944352,""tlsop_build_edges_ms"":0.000660,""tlsop_pass1_count_caps_ms"":6.524323,""tlsop_pass1_reserve_ms"":0.479371,""tlsop_pass2_fill_ms"":8.121823,""tlsop_sort_lists_ms"":18.322435}",,"{""dataset"":{""source"":""synthetic"",""name"":""hetero_t__nr100000__ns100000__a1_000ep00__g1"",""dim"":2,""path_r"":"""",""path_s"":"""",""synthetic"":{""generator"":""hetero_sizes"",""n_r"":100000,""n_s"":100000,""alpha"":1,""seed"":1}},""run"":{""method"":""tlsop"",""variant"":""adaptive"",""t"":3000,""seed"":1,""repeats"":3,""j_star"":1000000,""enum_cap"":0,""write_samples"":false,""verify"":false},""output"":{""out_dir"":""run/temp/exp5/hetero_t"",""run_tag"":""exp5_hetero_t""},""sys"":{""threads"":1},""logging"":{""level"":""INFO"",""with_timestamp"":true,""with_thread_id"":false}}","{""generator"":""hetero_sizes"",""dataset"":""hetero_t__nr100000__ns100000__a1_000ep00__g1"",""n_r"":100000,""n_s"":100000,""has_exact_k"":false,""k_target"":0,""k_achieved"":0,""alpha_target"":1,""alpha_achieved"":nan,""notes"":""p_large_r=0.1, w_small=[0.002,0.01], w_large=[0.1,0.3], anisotropic=1""}"
hetero_t__nr100000__ns100000__a1_000ep00__g1,hetero_sizes,1,100000,100000,sirs,sampling,3000,0,1,1,1349.59,8.06931e+06,1,0,0,0,,0,"{""build_ms"":128.268363,""count_ms"":1127.562164,""run_build_ms"":128.269064,""run_count_ms"":1127.564754,""run_sample_ms"":93.748523,""sample_ms"":93.745913,""sirs_build_index_ms"":128.267873,""sirs_build_kd_ms"":11.241372,""sirs_embed_inner_ms"":60.945489,""sirs_phase1_degrees_ms"":1127.559974,""sirs_rank_axes_ms"":56.075173}",,"{""dataset"":{""source"":""synthetic"",""name"":""hetero_t__nr100000__ns100000__a1_000ep00__g1"",""dim"":2,""path_r"":"""",""path_s"":"""",""synthetic"":{""generator"":""hetero_sizes"",""n_r"":100000,""n_s"":100000,""alpha"":1,""seed"":1}},""run"":{""method"":""sirs"",""variant"":""sampling"",""t"":3000,""seed"":1,""repeats"":3,""j_star"":1000000,""enum_cap"":0,""write_samples"":false,""verify"":false},""output"":{""out_dir"":""run/temp/exp5/hetero_t"",""run_tag"":""exp5_hetero_t""},""sys"":{""threads"":1},""logging"":{""level"":""INFO"",""with_timestamp"":true,""with_thread_id"":false}}","{""generator"":""hetero_sizes"",""dataset"":""hetero_t__nr100000__ns100000__a1_000ep00__g1"",""n_r"":100000,""n_s"":100000,""has_exact_k"":false,""k_target"":0,""k_achieved"":0,""alpha_target"":1,""alpha_achieved"":nan,""notes"":""p_large_r=0.1, w_small=[0.002,0.01], w_large=[0.1,0.3], anisotropic=1""}"
hetero_t__nr100000__ns100000__a1_000ep00__g1,hetero_sizes,1,100000,100000,sirs,sampling,3000,1,2,1,1344.88,8.06931e+06,1,0,0,0,,0,"{""build_ms"":122.546675,""count_ms"":1128.314498,""run_build_ms"":122.547125,""run_count_ms"":1128.315338,""run_sample_ms"":94.014338,""sample_ms"":94.012668,""sirs_build_index_ms"":122.545955,""sirs_build_kd_ms"":11.146434,""sirs_embed_inner_ms"":55.839848,""sirs_phase1_degrees_ms"":1128.311998,""sirs_rank_axes_ms"":55.553043}",,"{""dataset"":{""source"":""synthetic"",""name"":""hetero_t__nr100000__ns100000__a1_000ep00__g1"",""dim"":2,""path_r"":"""",""path_s"":"""",""synthetic"":{""generator"":""hetero_sizes"",""n_r"":100000,""n_s"":100000,""alpha"":1,""seed"":1}},""run"":{""method"":""sirs"",""variant"":""sampling"",""t"":3000,""seed"":1,""repeats"":3,""j_star"":1000000,""enum_cap"":0,""write_samples"":false,""verify"":false},""output"":{""out_dir"":""run/temp/exp5/hetero_t"",""run_tag"":""exp5_hetero_t""},""sys"":{""threads"":1},""logging"":{""level"":""INFO"",""with_timestamp"":true,""with_thread_id"":false}}","{""generator"":""hetero_sizes"",""dataset"":""hetero_t__nr100000__ns100000__a1_000ep00__g1"",""n_r"":100000,""n_s"":100000,""has_exact_k"":false,""k_target"":0,""k_achieved"":0,""alpha_target"":1,""alpha_achieved"":nan,""notes"":""p_large_r=0.1, w_small=[0.002,0.01], w_large=[0.1,0.3], anisotropic=1""}"
hetero_t__nr100000__ns100000__a1_000ep00__g1,hetero_sizes,1,100000,100000,sirs,sampling,3000,2,3,1,1342.13,8.06931e+06,1,0,0,0,,0,"{""build_ms"":122.709001,""count_ms"":1128.336836,""run_build_ms"":122.709771,""run_count_ms"":1128.338396,""run_sample_ms"":91.083325,""sample_ms"":91.081835,""sirs_build_index_ms"":122.708491,""sirs_build_kd_ms"":11.152033,""sirs_embed_inner_ms"":55.918306,""sirs_phase1_degrees_ms"":1128.334706,""sirs_rank_axes_ms"":55.631501}",,"{""dataset"":{""source"":""synthetic"",""name"":""hetero_t__nr100000__ns100000__a1_000ep00__g1"",""dim"":2,""path_r"":"""",""path_s"":"""",""synthetic"":{""generator"":""hetero_sizes"",""n_r"":100000,""n_s"":100000,""alpha"":1,""seed"":1}},""run"":{""method"":""sirs"",""variant"":""sampling"",""t"":3000,""seed"":1,""repeats"":3,""j_star"":1000000,""enum_cap"":0,""write_samples"":false,""verify"":false},""output"":{""out_dir"":""run/temp/exp5/hetero_t"",""run_tag"":""exp5_hetero_t""},""sys"":{""threads"":1},""logging"":{""level"":""INFO"",""with_timestamp"":true,""with_thread_id"":false}}","{""generator"":""hetero_sizes"",""dataset"":""hetero_t__nr100000__ns100000__a1_000ep00__g1"",""n_r"":100000,""n_s"":100000,""has_exact_k"":false,""k_target"":0,""k_achieved"":0,""alpha_target"":1,""alpha_achieved"":nan,""notes"":""p_large_r=0.1, w_small=[0.002,0.01], w_large=[0.1,0.3], anisotropic=1""}"
hetero_t__nr100000__ns100000__a1_000ep00__g1,hetero_sizes,1,100000,100000,sirs,adaptive,3000,0,1,1,1571.91,8.06931e+06,1,0,1,0,fallback_sampling,1000001,"{""build_ms"":123.075005,""count_ms"":1159.462652,""run_build_ms"":123.076054,""run_fallback_count_ms"":1159.465812,""run_fallback_sample_ms"":93.079785,""run_pilot_enum_prepare_ms"":0.000620,""run_pilot_enum_scan_ms"":196.270765,""sample_ms"":93.077875,""sirs_build_index_ms"":123.074425,""sirs_build_kd_ms"":11.164314,""sirs_embed_inner_ms"":55.851017,""sirs_rank_axes_ms"":56.053003}",,"{""dataset"":{""source"":""synthetic"",""name"":""hetero_t__nr100000__ns100000__a1_000ep00__g1"",""dim"":2,""path_r"":"""",""path_s"":"""",""synthetic"":{""generator"":""hetero_sizes"",""n_r"":100000,""n_s"":100000,""alpha"":1,""seed"":1}},""run"":{""method"":""sirs"",""variant"":""adaptive"",""t"":3000,""seed"":1,""repeats"":3,""j_star"":1000000,""enum_cap"":0,""write_samples"":false,""verify"":false},""output"":{""out_dir"":""run/temp/exp5/hetero_t"",""run_tag"":""exp5_hetero_t""},""sys"":{""threads"":1},""logging"":{""level"":""INFO"",""with_timestamp"":true,""with_thread_id"":false}}","{""generator"":""hetero_sizes"",""dataset"":""hetero_t__nr100000__ns100000__a1_000ep00__g1"",""n_r"":100000,""n_s"":100000,""has_exact_k"":false,""k_target"":0,""k_achieved"":0,""alpha_target"":1,""alpha_achieved"":nan,""notes"":""p_large_r=0.1, w_small=[0.002,0.01], w_large=[0.1,0.3], anisotropic=1""}"
hetero_t__nr100000__ns100000__a1_000ep00__g1,hetero_sizes,1,100000,100000,sirs,adaptive,3000,1,2,1,1577.26,8.06931e+06,1,0,1,0,fallback_sampling,1000001,"{""build_ms"":122.623573,""count_ms"":1160.056538,""run_build_ms"":122.624173,""run_fallback_count_ms"":1160.059178,""run_fallback_sample_ms"":93.414149,""run_pilot_enum_prepare_ms"":0.000480,""run_pilot_enum_scan_ms"":201.131401,""sample_ms"":93.411919,""sirs_build_index_ms"":122.623153,""sirs_build_kd_ms"":11.148154,""sirs_embed_inner_ms"":55.916176,""sirs_rank_axes_ms"":55.553873}",,"{""dataset"":{""source"":""synthetic"",""name"":""hetero_t__nr100000__ns100000__a1_000ep00__g1"",""dim"":2,""path_r"":"""",""path_s"":"""",""synthetic"":{""generator"":""hetero_sizes"",""n_r"":100000,""n_s"":100000,""alpha"":1,""seed"":1}},""run"":{""method"":""sirs"",""variant"":""adaptive"",""t"":3000,""seed"":1,""repeats"":3,""j_star"":1000000,""enum_cap"":0,""write_samples"":false,""verify"":false},""output"":{""out_dir"":""run/temp/exp5/hetero_t"",""run_tag"":""exp5_hetero_t""},""sys"":{""threads"":1},""logging"":{""level"":""INFO"",""with_timestamp"":true,""with_thread_id"":false}}","{""generator"":""hetero_sizes"",""dataset"":""hetero_t__nr100000__ns100000__a1_000ep00__g1"",""n_r"":100000,""n_s"":100000,""has_exact_k"":false,""k_target"":0,""k_achieved"":0,""alpha_target"":1,""alpha_achieved"":nan,""notes"":""p_large_r=0.1, w_small=[0.002,0.01], w_large=[0.1,0.3], anisotropic=1""}"
hetero_t__nr100000__ns100000__a1_000ep00__g1,hetero_sizes,1,100000,100000,sirs,adaptive,3000,2,3,1,1567.43,8.06931e+06,1,0,1,0,fallback_sampling,1000001,"{""build_ms"":122.596703,""count_ms"":1158.314290,""run_build_ms"":122.597433,""run_fallback_count_ms"":1158.316470,""run_fallback_sample_ms"":90.545074,""run_pilot_enum_prepare_ms"":0.000160,""run_pilot_enum_scan_ms"":195.920612,""sample_ms"":90.543284,""sirs_build_index_ms"":122.596043,""sirs_build_kd_ms"":11.140154,""sirs_embed_inner_ms"":55.910786,""sirs_rank_axes_ms"":55.539333}",,"{""dataset"":{""source"":""synthetic"",""name"":""hetero_t__nr100000__ns100000__a1_000ep00__g1"",""dim"":2,""path_r"":"""",""path_s"":"""",""synthetic"":{""generator"":""hetero_sizes"",""n_r"":100000,""n_s"":100000,""alpha"":1,""seed"":1}},""run"":{""method"":""sirs"",""variant"":""adaptive"",""t"":3000,""seed"":1,""repeats"":3,""j_star"":1000000,""enum_cap"":0,""write_samples"":false,""verify"":false},""output"":{""out_dir"":""run/temp/exp5/hetero_t"",""run_tag"":""exp5_hetero_t""},""sys"":{""threads"":1},""logging"":{""level"":""INFO"",""with_timestamp"":true,""with_thread_id"":false}}","{""generator"":""hetero_sizes"",""dataset"":""hetero_t__nr100000__ns100000__a1_000ep00__g1"",""n_r"":100000,""n_s"":100000,""has_exact_k"":false,""k_target"":0,""k_achieved"":0,""alpha_target"":1,""alpha_achieved"":nan,""notes"":""p_large_r=0.1, w_small=[0.002,0.01], w_large=[0.1,0.3], anisotropic=1""}"
hetero_t__nr100000__ns100000__a1_000ep00__g1,hetero_sizes,1,100000,100000,rejection,sampling,3000,0,1,0,-1,-1,0,0,0,0,,0,{},SKIPPED: rejection+sampling is disabled in sjs_sweep; use variant=adaptive.,"{""dataset"":{""source"":""synthetic"",""name"":""hetero_t__nr100000__ns100000__a1_000ep00__g1"",""dim"":2,""path_r"":"""",""path_s"":"""",""synthetic"":{""generator"":""hetero_sizes"",""n_r"":100000,""n_s"":100000,""alpha"":1,""seed"":1}},""run"":{""method"":""rejection"",""variant"":""sampling"",""t"":3000,""seed"":1,""repeats"":3,""j_star"":1000000,""enum_cap"":0,""write_samples"":false,""verify"":false},""output"":{""out_dir"":""run/temp/exp5/hetero_t"",""run_tag"":""exp5_hetero_t""},""sys"":{""threads"":1},""logging"":{""level"":""INFO"",""with_timestamp"":true,""with_thread_id"":false}}","{""generator"":""hetero_sizes"",""dataset"":""hetero_t__nr100000__ns100000__a1_000ep00__g1"",""n_r"":100000,""n_s"":100000,""has_exact_k"":false,""k_target"":0,""k_achieved"":0,""alpha_target"":1,""alpha_achieved"":nan,""notes"":""p_large_r=0.1, w_small=[0.002,0.01], w_large=[0.1,0.3], anisotropic=1""}"
hetero_t__nr100000__ns100000__a1_000ep00__g1,hetero_sizes,1,100000,100000,rejection,sampling,3000,1,2,0,-1,-1,0,0,0,0,,0,{},SKIPPED: rejection+sampling is disabled in sjs_sweep; use variant=adaptive.,"{""dataset"":{""source"":""synthetic"",""name"":""hetero_t__nr100000__ns100000__a1_000ep00__g1"",""dim"":2,""path_r"":"""",""path_s"":"""",""synthetic"":{""generator"":""hetero_sizes"",""n_r"":100000,""n_s"":100000,""alpha"":1,""seed"":1}},""run"":{""method"":""rejection"",""variant"":""sampling"",""t"":3000,""seed"":1,""repeats"":3,""j_star"":1000000,""enum_cap"":0,""write_samples"":false,""verify"":false},""output"":{""out_dir"":""run/temp/exp5/hetero_t"",""run_tag"":""exp5_hetero_t""},""sys"":{""threads"":1},""logging"":{""level"":""INFO"",""with_timestamp"":true,""with_thread_id"":false}}","{""generator"":""hetero_sizes"",""dataset"":""hetero_t__nr100000__ns100000__a1_000ep00__g1"",""n_r"":100000,""n_s"":100000,""has_exact_k"":false,""k_target"":0,""k_achieved"":0,""alpha_target"":1,""alpha_achieved"":nan,""notes"":""p_large_r=0.1, w_small=[0.002,0.01], w_large=[0.1,0.3], anisotropic=1""}"
hetero_t__nr100000__ns100000__a1_000ep00__g1,hetero_sizes,1,100000,100000,rejection,sampling,3000,2,3,0,-1,-1,0,0,0,0,,0,{},SKIPPED: rejection+sampling is disabled in sjs_sweep; use variant=adaptive.,"{""dataset"":{""source"":""synthetic"",""name"":""hetero_t__nr100000__ns100000__a1_000ep00__g1"",""dim"":2,""path_r"":"""",""path_s"":"""",""synthetic"":{""generator"":""hetero_sizes"",""n_r"":100000,""n_s"":100000,""alpha"":1,""seed"":1}},""run"":{""method"":""rejection"",""variant"":""sampling"",""t"":3000,""seed"":1,""repeats"":3,""j_star"":1000000,""enum_cap"":0,""write_samples"":false,""verify"":false},""output"":{""out_dir"":""run/temp/exp5/hetero_t"",""run_tag"":""exp5_hetero_t""},""sys"":{""threads"":1},""logging"":{""level"":""INFO"",""with_timestamp"":true,""with_thread_id"":false}}","{""generator"":""hetero_sizes"",""dataset"":""hetero_t__nr100000__ns100000__a1_000ep00__g1"",""n_r"":100000,""n_s"":100000,""has_exact_k"":false,""k_target"":0,""k_achieved"":0,""alpha_target"":1,""alpha_achieved"":nan,""notes"":""p_large_r=0.1, w_small=[0.002,0.01], w_large=[0.1,0.3], anisotropic=1""}"
hetero_t__nr100000__ns100000__a1_000ep00__g1,hetero_sizes,1,100000,100000,rejection,adaptive,3000,0,1,1,2236.82,7.84917e+06,0,0,1,0,fallback_sampling,1000001,"{""adaptive_phase1_ms"":482.962545,""adaptive_sample_ms"":48.566978,""build_ms"":1230.715426,""build_M_ms"":0.129617,""build_cellmap_ms"":14.731665,""build_mu_alias_ms"":1215.569609,""build_slab_index_ms"":0.275135,""count_pilot_ms"":10.299960,""run_build_ms"":1230.717006,""run_fallback_count_ms"":482.963515,""run_fallback_sample_ms"":48.569808,""run_pilot_enum_prepare_ms"":0.008559,""run_pilot_enum_scan_ms"":474.548578}",,"{""dataset"":{""source"":""synthetic"",""name"":""hetero_t__nr100000__ns100000__a1_000ep00__g1"",""dim"":2,""path_r"":"""",""path_s"":"""",""synthetic"":{""generator"":""hetero_sizes"",""n_r"":100000,""n_s"":100000,""alpha"":1,""seed"":1}},""run"":{""method"":""rejection"",""variant"":""adaptive"",""t"":3000,""seed"":1,""repeats"":3,""j_star"":1000000,""enum_cap"":0,""write_samples"":false,""verify"":false},""output"":{""out_dir"":""run/temp/exp5/hetero_t"",""run_tag"":""exp5_hetero_t""},""sys"":{""threads"":1},""logging"":{""level"":""INFO"",""with_timestamp"":true,""with_thread_id"":false}}","{""generator"":""hetero_sizes"",""dataset"":""hetero_t__nr100000__ns100000__a1_000ep00__g1"",""n_r"":100000,""n_s"":100000,""has_exact_k"":false,""k_target"":0,""k_achieved"":0,""alpha_target"":1,""alpha_achieved"":nan,""notes"":""p_large_r=0.1, w_small=[0.002,0.01], w_large=[0.1,0.3], anisotropic=1""}"
hetero_t__nr100000__ns100000__a1_000ep00__g1,hetero_sizes,1,100000,100000,rejection,adaptive,3000,1,2,1,2262.23,7.73446e+06,0,0,1,0,fallback_sampling,1000001,"{""adaptive_phase1_ms"":480.407993,""adaptive_sample_ms"":49.471480,""build_ms"":1236.644778,""build_M_ms"":0.107668,""build_cellmap_ms"":14.851901,""build_mu_alias_ms"":1221.391854,""build_slab_index_ms"":0.279795,""count_pilot_ms"":10.284511,""run_build_ms"":1236.703277,""run_fallback_count_ms"":480.408943,""run_fallback_sample_ms"":49.473950,""run_pilot_enum_prepare_ms"":0.006389,""run_pilot_enum_scan_ms"":470.248450}",,"{""dataset"":{""source"":""synthetic"",""name"":""hetero_t__nr100000__ns100000__a1_000ep00__g1"",""dim"":2,""path_r"":"""",""path_s"":"""",""synthetic"":{""generator"":""hetero_sizes"",""n_r"":100000,""n_s"":100000,""alpha"":1,""seed"":1}},""run"":{""method"":""rejection"",""variant"":""adaptive"",""t"":3000,""seed"":1,""repeats"":3,""j_star"":1000000,""enum_cap"":0,""write_samples"":false,""verify"":false},""output"":{""out_dir"":""run/temp/exp5/hetero_t"",""run_tag"":""exp5_hetero_t""},""sys"":{""threads"":1},""logging"":{""level"":""INFO"",""with_timestamp"":true,""with_thread_id"":false}}","{""generator"":""hetero_sizes"",""dataset"":""hetero_t__nr100000__ns100000__a1_000ep00__g1"",""n_r"":100000,""n_s"":100000,""has_exact_k"":false,""k_target"":0,""k_achieved"":0,""alpha_target"":1,""alpha_achieved"":nan,""notes"":""p_large_r=0.1, w_small=[0.002,0.01], w_large=[0.1,0.3], anisotropic=1""}"
hetero_t__nr100000__ns100000__a1_000ep00__g1,hetero_sizes,1,100000,100000,rejection,adaptive,3000,2,3,1,2275.46,8.19329e+06,0,0,1,0,fallback_sampling,1000001,"{""adaptive_phase1_ms"":485.391955,""adaptive_sample_ms"":48.780394,""build_ms"":1241.298786,""build_M_ms"":0.107808,""build_cellmap_ms"":14.908301,""build_mu_alias_ms"":1225.985142,""build_slab_index_ms"":0.283255,""count_pilot_ms"":10.849359,""run_build_ms"":1241.357994,""run_fallback_count_ms"":485.393035,""run_fallback_sample_ms"":48.783304,""run_pilot_enum_prepare_ms"":0.006110,""run_pilot_enum_scan_ms"":474.054925}",,"{""dataset"":{""source"":""synthetic"",""name"":""hetero_t__nr100000__ns100000__a1_000ep00__g1"",""dim"":2,""path_r"":"""",""path_s"":"""",""synthetic"":{""generator"":""hetero_sizes"",""n_r"":100000,""n_s"":100000,""alpha"":1,""seed"":1}},""run"":{""method"":""rejection"",""variant"":""adaptive"",""t"":3000,""seed"":1,""repeats"":3,""j_star"":1000000,""enum_cap"":0,""write_samples"":false,""verify"":false},""output"":{""out_dir"":""run/temp/exp5/hetero_t"",""run_tag"":""exp5_hetero_t""},""sys"":{""threads"":1},""logging"":{""level"":""INFO"",""with_timestamp"":true,""with_thread_id"":false}}","{""generator"":""hetero_sizes"",""dataset"":""hetero_t__nr100000__ns100000__a1_000ep00__g1"",""n_r"":100000,""n_s"":100000,""has_exact_k"":false,""k_target"":0,""k_achieved"":0,""alpha_target"":1,""alpha_achieved"":nan,""notes"":""p_large_r=0.1, w_small=[0.002,0.01], w_large=[0.1,0.3], anisotropic=1""}"
hetero_t__nr100000__ns100000__a1_000ep00__g1,hetero_sizes,1,100000,100000,ours,sampling,10000,0,1,1,515.41,8.06931e+06,1,0,0,0,,0,"{""build_active_indices_ms"":5.657340,""build_events_ms"":33.913513,""build_ranks_ms"":43.724382,""build_y_domain_ms"":13.812002,""phase1_count_ms"":255.024443,""phase2_plan_ms"":4.753538,""phase3_sample_ms"":156.700550,""run_build_ms"":98.889573,""run_count_ms"":255.028153,""run_sample_ms"":161.466778}",,"{""dataset"":{""source"":""synthetic"",""name"":""hetero_t__nr100000__ns100000__a1_000ep00__g1"",""dim"":2,""path_r"":"""",""path_s"":"""",""synthetic"":{""generator"":""hetero_sizes"",""n_r"":100000,""n_s"":100000,""alpha"":1,""seed"":1}},""run"":{""method"":""ours"",""variant"":""sampling"",""t"":10000,""seed"":1,""repeats"":3,""j_star"":1000000,""enum_cap"":0,""write_samples"":false,""verify"":false},""output"":{""out_dir"":""run/temp/exp5/hetero_t"",""run_tag"":""exp5_hetero_t""},""sys"":{""threads"":1},""logging"":{""level"":""INFO"",""with_timestamp"":true,""with_thread_id"":false}}","{""generator"":""hetero_sizes"",""dataset"":""hetero_t__nr100000__ns100000__a1_000ep00__g1"",""n_r"":100000,""n_s"":100000,""has_exact_k"":false,""k_target"":0,""k_achieved"":0,""alpha_target"":1,""alpha_achieved"":nan,""notes"":""p_large_r=0.1, w_small=[0.002,0.01], w_large=[0.1,0.3], anisotropic=1""}"
hetero_t__nr100000__ns100000__a1_000ep00__g1,hetero_sizes,1,100000,100000,ours,sampling,10000,1,2,1,587.64,8.06931e+06,1,0,0,0,,0,"{""build_active_indices_ms"":5.480334,""build_events_ms"":40.986015,""build_ranks_ms"":43.670453,""build_y_domain_ms"":13.832402,""phase1_count_ms"":261.471118,""phase2_plan_ms"":4.764337,""phase3_sample_ms"":157.779200,""run_build_ms"":105.741000,""run_count_ms"":261.474119,""run_sample_ms"":162.555307}",,"{""dataset"":{""source"":""synthetic"",""name"":""hetero_t__nr100000__ns100000__a1_000ep00__g1"",""dim"":2,""path_r"":"""",""path_s"":"""",""synthetic"":{""generator"":""hetero_sizes"",""n_r"":100000,""n_s"":100000,""alpha"":1,""seed"":1}},""run"":{""method"":""ours"",""variant"":""sampling"",""t"":10000,""seed"":1,""repeats"":3,""j_star"":1000000,""enum_cap"":0,""write_samples"":false,""verify"":false},""output"":{""out_dir"":""run/temp/exp5/hetero_t"",""run_tag"":""exp5_hetero_t""},""sys"":{""threads"":1},""logging"":{""level"":""INFO"",""with_timestamp"":true,""with_thread_id"":false}}","{""generator"":""hetero_sizes"",""dataset"":""hetero_t__nr100000__ns100000__a1_000ep00__g1"",""n_r"":100000,""n_s"":100000,""has_exact_k"":false,""k_target"":0,""k_achieved"":0,""alpha_target"":1,""alpha_achieved"":nan,""notes"":""p_large_r=0.1, w_small=[0.002,0.01], w_large=[0.1,0.3], anisotropic=1""}"
hetero_t__nr100000__ns100000__a1_000ep00__g1,hetero_sizes,1,100000,100000,ours,sampling,10000,2,3,1,577.419,8.06931e+06,1,0,0,0,,0,"{""build_active_indices_ms"":5.507933,""build_events_ms"":47.692515,""build_ranks_ms"":43.709492,""build_y_domain_ms"":13.824352,""phase1_count_ms"":255.120641,""phase2_plan_ms"":4.775177,""phase3_sample_ms"":156.718810,""run_build_ms"":112.536778,""run_count_ms"":255.123301,""run_sample_ms"":161.506977}",,"{""dataset"":{""source"":""synthetic"",""name"":""hetero_t__nr100000__ns100000__a1_000ep00__g1"",""dim"":2,""path_r"":"""",""path_s"":"""",""synthetic"":{""generator"":""hetero_sizes"",""n_r"":100000,""n_s"":100000,""alpha"":1,""seed"":1}},""run"":{""method"":""ours"",""variant"":""sampling"",""t"":10000,""seed"":1,""repeats"":3,""j_star"":1000000,""enum_cap"":0,""write_samples"":false,""verify"":false},""output"":{""out_dir"":""run/temp/exp5/hetero_t"",""run_tag"":""exp5_hetero_t""},""sys"":{""threads"":1},""logging"":{""level"":""INFO"",""with_timestamp"":true,""with_thread_id"":false}}","{""generator"":""hetero_sizes"",""dataset"":""hetero_t__nr100000__ns100000__a1_000ep00__g1"",""n_r"":100000,""n_s"":100000,""has_exact_k"":false,""k_target"":0,""k_achieved"":0,""alpha_target"":1,""alpha_achieved"":nan,""notes"":""p_large_r=0.1, w_small=[0.002,0.01], w_large=[0.1,0.3], anisotropic=1""}"
hetero_t__nr100000__ns100000__a1_000ep00__g1,hetero_sizes,1,100000,100000,ours,adaptive,10000,0,1,1,594.45,8.06931e+06,1,0,1,0,fallback_sampling,1000001,"{""build_active_indices_ms"":5.572871,""build_events_ms"":33.906412,""build_ranks_ms"":43.658983,""build_y_domain_ms"":13.836022,""phase1_count_adaptive_ms"":261.604246,""phase2_plan_ms"":4.721808,""phase3_sample_ms"":159.371369,""run_build_ms"":98.778984,""run_fallback_count_ms"":261.608416,""run_fallback_sample_ms"":164.124066,""run_pilot_enum_prepare_ms"":1.542090,""run_pilot_enum_scan_ms"":68.373914,""sample_ms"":164.104387}",,"{""dataset"":{""source"":""synthetic"",""name"":""hetero_t__nr100000__ns100000__a1_000ep00__g1"",""dim"":2,""path_r"":"""",""path_s"":"""",""synthetic"":{""generator"":""hetero_sizes"",""n_r"":100000,""n_s"":100000,""alpha"":1,""seed"":1}},""run"":{""method"":""ours"",""variant"":""adaptive"",""t"":10000,""seed"":1,""repeats"":3,""j_star"":1000000,""enum_cap"":0,""write_samples"":false,""verify"":false},""output"":{""out_dir"":""run/temp/exp5/hetero_t"",""run_tag"":""exp5_hetero_t""},""sys"":{""threads"":1},""logging"":{""level"":""INFO"",""with_timestamp"":true,""with_thread_id"":false}}","{""generator"":""hetero_sizes"",""dataset"":""hetero_t__nr100000__ns100000__a1_000ep00__g1"",""n_r"":100000,""n_s"":100000,""has_exact_k"":false,""k_target"":0,""k_achieved"":0,""alpha_target"":1,""alpha_achieved"":nan,""notes"":""p_large_r=0.1, w_small=[0.002,0.01], w_large=[0.1,0.3], anisotropic=1""}"
hetero_t__nr100000__ns100000__a1_000ep00__g1,hetero_sizes,1,100000,100000,ours,adaptive,10000,1,2,1,659.407,8.06931e+06,1,0,1,0,fallback_sampling,1000001,"{""build_active_indices_ms"":5.368306,""build_events_ms"":66.028569,""build_ranks_ms"":43.682353,""build_y_domain_ms"":13.858342,""phase1_count_adaptive_ms"":256.531484,""phase2_plan_ms"":4.750418,""phase3_sample_ms"":160.003156,""run_build_ms"":130.716815,""run_fallback_count_ms"":256.534954,""run_fallback_sample_ms"":164.786883,""run_pilot_enum_prepare_ms"":1.556220,""run_pilot_enum_scan_ms"":67.148518,""sample_ms"":164.766404}",,"{""dataset"":{""source"":""synthetic"",""name"":""hetero_t__nr100000__ns100000__a1_000ep00__g1"",""dim"":2,""path_r"":"""",""path_s"":"""",""synthetic"":{""generator"":""hetero_sizes"",""n_r"":100000,""n_s"":100000,""alpha"":1,""seed"":1}},""run"":{""method"":""ours"",""variant"":""adaptive"",""t"":10000,""seed"":1,""repeats"":3,""j_star"":1000000,""enum_cap"":0,""write_samples"":false,""verify"":false},""output"":{""out_dir"":""run/temp/exp5/hetero_t"",""run_tag"":""exp5_hetero_t""},""sys"":{""threads"":1},""logging"":{""level"":""INFO"",""with_timestamp"":true,""with_thread_id"":false}}","{""generator"":""hetero_sizes"",""dataset"":""hetero_t__nr100000__ns100000__a1_000ep00__g1"",""n_r"":100000,""n_s"":100000,""has_exact_k"":false,""k_target"":0,""k_achieved"":0,""alpha_target"":1,""alpha_achieved"":nan,""notes"":""p_large_r=0.1, w_small=[0.002,0.01], w_large=[0.1,0.3], anisotropic=1""}"
hetero_t__nr100000__ns100000__a1_000ep00__g1,hetero_sizes,1,100000,100000,ours,adaptive,10000,2,3,1,664.823,8.06931e+06,1,0,1,0,fallback_sampling,1000001,"{""build_active_indices_ms"":5.389166,""build_events_ms"":67.041329,""build_ranks_ms"":43.676352,""build_y_domain_ms"":13.841132,""phase1_count_adaptive_ms"":256.718081,""phase2_plan_ms"":4.726619,""phase3_sample_ms"":158.506505,""run_build_ms"":131.724054,""run_fallback_count_ms"":256.721940,""run_fallback_sample_ms"":163.264803,""run_pilot_enum_prepare_ms"":1.544880,""run_pilot_enum_scan_ms"":66.974701,""sample_ms"":163.244192}",,"{""dataset"":{""source"":""synthetic"",""name"":""hetero_t__nr100000__ns100000__a1_000ep00__g1"",""dim"":2,""path_r"":"""",""path_s"":"""",""synthetic"":{""generator"":""hetero_sizes"",""n_r"":100000,""n_s"":100000,""alpha"":1,""seed"":1}},""run"":{""method"":""ours"",""variant"":""adaptive"",""t"":10000,""seed"":1,""repeats"":3,""j_star"":1000000,""enum_cap"":0,""write_samples"":false,""verify"":false},""output"":{""out_dir"":""run/temp/exp5/hetero_t"",""run_tag"":""exp5_hetero_t""},""sys"":{""threads"":1},""logging"":{""level"":""INFO"",""with_timestamp"":true,""with_thread_id"":false}}","{""generator"":""hetero_sizes"",""dataset"":""hetero_t__nr100000__ns100000__a1_000ep00__g1"",""n_r"":100000,""n_s"":100000,""has_exact_k"":false,""k_target"":0,""k_achieved"":0,""alpha_target"":1,""alpha_achieved"":nan,""notes"":""p_large_r=0.1, w_small=[0.002,0.01], w_large=[0.1,0.3], anisotropic=1""}"
hetero_t__nr100000__ns100000__a1_000ep00__g1,hetero_sizes,1,100000,100000,aabb,sampling,10000,0,1,1,827.076,8.06931e+06,1,0,0,0,,0,"{""build_ms"":35.593529,""phase1_count_ms"":646.751983,""phase2_assign_ms"":4.788867,""phase3_sample_ms"":139.924166,""run_build_ms"":35.595449,""run_count_ms"":646.755633,""run_sample_ms"":144.722283}",,"{""dataset"":{""source"":""synthetic"",""name"":""hetero_t__nr100000__ns100000__a1_000ep00__g1"",""dim"":2,""path_r"":"""",""path_s"":"""",""synthetic"":{""generator"":""hetero_sizes"",""n_r"":100000,""n_s"":100000,""alpha"":1,""seed"":1}},""run"":{""method"":""aabb"",""variant"":""sampling"",""t"":10000,""seed"":1,""repeats"":3,""j_star"":1000000,""enum_cap"":0,""write_samples"":false,""verify"":false},""output"":{""out_dir"":""run/temp/exp5/hetero_t"",""run_tag"":""exp5_hetero_t""},""sys"":{""threads"":1},""logging"":{""level"":""INFO"",""with_timestamp"":true,""with_thread_id"":false}}","{""generator"":""hetero_sizes"",""dataset"":""hetero_t__nr100000__ns100000__a1_000ep00__g1"",""n_r"":100000,""n_s"":100000,""has_exact_k"":false,""k_target"":0,""k_achieved"":0,""alpha_target"":1,""alpha_achieved"":nan,""notes"":""p_large_r=0.1, w_small=[0.002,0.01], w_large=[0.1,0.3], anisotropic=1""}"
hetero_t__nr100000__ns100000__a1_000ep00__g1,hetero_sizes,1,100000,100000,aabb,sampling,10000,1,2,1,831.537,8.06931e+06,1,0,0,0,,0,"{""build_ms"":35.605978,""phase1_count_ms"":652.455852,""phase2_assign_ms"":4.798627,""phase3_sample_ms"":138.659980,""run_build_ms"":35.608019,""run_count_ms"":652.458592,""run_sample_ms"":143.468267}",,"{""dataset"":{""source"":""synthetic"",""name"":""hetero_t__nr100000__ns100000__a1_000ep00__g1"",""dim"":2,""path_r"":"""",""path_s"":"""",""synthetic"":{""generator"":""hetero_sizes"",""n_r"":100000,""n_s"":100000,""alpha"":1,""seed"":1}},""run"":{""method"":""aabb"",""variant"":""sampling"",""t"":10000,""seed"":1,""repeats"":3,""j_star"":1000000,""enum_cap"":0,""write_samples"":false,""verify"":false},""output"":{""out_dir"":""run/temp/exp5/hetero_t"",""run_tag"":""exp5_hetero_t""},""sys"":{""threads"":1},""logging"":{""level"":""INFO"",""with_timestamp"":true,""with_thread_id"":false}}","{""generator"":""hetero_sizes"",""dataset"":""hetero_t__nr100000__ns100000__a1_000ep00__g1"",""n_r"":100000,""n_s"":100000,""has_exact_k"":false,""k_target"":0,""k_achieved"":0,""alpha_target"":1,""alpha_achieved"":nan,""notes"":""p_large_r=0.1, w_small=[0.002,0.01], w_large=[0.1,0.3], anisotropic=1""}"
hetero_t__nr100000__ns100000__a1_000ep00__g1,hetero_sizes,1,100000,100000,aabb,sampling,10000,2,3,1,826.207,8.06931e+06,1,0,0,0,,0,"{""build_ms"":35.536480,""phase1_count_ms"":646.947879,""phase2_assign_ms"":4.798447,""phase3_sample_ms"":138.908854,""run_build_ms"":35.538160,""run_count_ms"":646.950609,""run_sample_ms"":143.716511}",,"{""dataset"":{""source"":""synthetic"",""name"":""hetero_t__nr100000__ns100000__a1_000ep00__g1"",""dim"":2,""path_r"":"""",""path_s"":"""",""synthetic"":{""generator"":""hetero_sizes"",""n_r"":100000,""n_s"":100000,""alpha"":1,""seed"":1}},""run"":{""method"":""aabb"",""variant"":""sampling"",""t"":10000,""seed"":1,""repeats"":3,""j_star"":1000000,""enum_cap"":0,""write_samples"":false,""verify"":false},""output"":{""out_dir"":""run/temp/exp5/hetero_t"",""run_tag"":""exp5_hetero_t""},""sys"":{""threads"":1},""logging"":{""level"":""INFO"",""with_timestamp"":true,""with_thread_id"":false}}","{""generator"":""hetero_sizes"",""dataset"":""hetero_t__nr100000__ns100000__a1_000ep00__g1"",""n_r"":100000,""n_s"":100000,""has_exact_k"":false,""k_target"":0,""k_achieved"":0,""alpha_target"":1,""alpha_achieved"":nan,""notes"":""p_large_r=0.1, w_small=[0.002,0.01], w_large=[0.1,0.3], anisotropic=1""}"
hetero_t__nr100000__ns100000__a1_000ep00__g1,hetero_sizes,1,100000,100000,aabb,adaptive,10000,0,1,1,1012.61,8.06931e+06,1,0,1,0,fallback_sampling,1000001,"{""build_ms"":35.601609,""enumerate_prepare_ms"":33.981931,""phase1_count_ms"":683.173845,""phase2_assign_ms"":4.797977,""phase3_sample_ms"":137.627669,""run_build_ms"":35.602799,""run_fallback_count_ms"":683.176595,""run_fallback_sample_ms"":142.437046,""run_pilot_enum_prepare_ms"":33.983691,""run_pilot_enum_scan_ms"":117.364832}",,"{""dataset"":{""source"":""synthetic"",""name"":""hetero_t__nr100000__ns100000__a1_000ep00__g1"",""dim"":2,""path_r"":"""",""path_s"":"""",""synthetic"":{""generator"":""hetero_sizes"",""n_r"":100000,""n_s"":100000,""alpha"":1,""seed"":1}},""run"":{""method"":""aabb"",""variant"":""adaptive"",""t"":10000,""seed"":1,""repeats"":3,""j_star"":1000000,""enum_cap"":0,""write_samples"":false,""verify"":false},""output"":{""out_dir"":""run/temp/exp5/hetero_t"",""run_tag"":""exp5_hetero_t""},""sys"":{""threads"":1},""logging"":{""level"":""INFO"",""with_timestamp"":true,""with_thread_id"":false}}","{""generator"":""hetero_sizes"",""dataset"":""hetero_t__nr100000__ns100000__a1_000ep00__g1"",""n_r"":100000,""n_s"":100000,""has_exact_k"":false,""k_target"":0,""k_achieved"":0,""alpha_target"":1,""alpha_achieved"":nan,""notes"":""p_large_r=0.1, w_small=[0.002,0.01], w_large=[0.1,0.3], anisotropic=1""}"
hetero_t__nr100000__ns100000__a1_000ep00__g1,hetero_sizes,1,100000,100000,aabb,adaptive,10000,1,2,1,1017.59,8.06931e+06,1,0,1,0,fallback_sampling,1000001,"{""build_ms"":35.558730,""enumerate_prepare_ms"":33.897862,""phase1_count_ms"":683.495938,""phase2_assign_ms"":4.786467,""phase3_sample_ms"":137.191218,""run_build_ms"":35.560190,""run_fallback_count_ms"":683.498628,""run_fallback_sample_ms"":141.988315,""run_pilot_enum_prepare_ms"":33.900472,""run_pilot_enum_scan_ms"":122.601941}",,"{""dataset"":{""source"":""synthetic"",""name"":""hetero_t__nr100000__ns100000__a1_000ep00__g1"",""dim"":2,""path_r"":"""",""path_s"":"""",""synthetic"":{""generator"":""hetero_sizes"",""n_r"":100000,""n_s"":100000,""alpha"":1,""seed"":1}},""run"":{""method"":""aabb"",""variant"":""adaptive"",""t"":10000,""seed"":1,""repeats"":3,""j_star"":1000000,""enum_cap"":0,""write_samples"":false,""verify"":false},""output"":{""out_dir"":""run/temp/exp5/hetero_t"",""run_tag"":""exp5_hetero_t""},""sys"":{""threads"":1},""logging"":{""level"":""INFO"",""with_timestamp"":true,""with_thread_id"":false}}","{""generator"":""hetero_sizes"",""dataset"":""hetero_t__nr100000__ns100000__a1_000ep00__g1"",""n_r"":100000,""n_s"":100000,""has_exact_k"":false,""k_target"":0,""k_achieved"":0,""alpha_target"":1,""alpha_achieved"":nan,""notes"":""p_large_r=0.1, w_small=[0.002,0.01], w_large=[0.1,0.3], anisotropic=1""}"
hetero_t__nr100000__ns100000__a1_000ep00__g1,hetero_sizes,1,100000,100000,aabb,adaptive,10000,2,3,1,1012.33,8.06931e+06,1,0,1,0,fallback_sampling,1000001,"{""build_ms"":35.563800,""enumerate_prepare_ms"":33.966022,""phase1_count_ms"":683.441878,""phase2_assign_ms"":4.790807,""phase3_sample_ms"":137.221868,""run_build_ms"":35.565270,""run_fallback_count_ms"":683.444558,""run_fallback_sample_ms"":142.023114,""run_pilot_enum_prepare_ms"":33.968612,""run_pilot_enum_scan_ms"":117.300664}",,"{""dataset"":{""source"":""synthetic"",""name"":""hetero_t__nr100000__ns100000__a1_000ep00__g1"",""dim"":2,""path_r"":"""",""path_s"":"""",""synthetic"":{""generator"":""hetero_sizes"",""n_r"":100000,""n_s"":100000,""alpha"":1,""seed"":1}},""run"":{""method"":""aabb"",""variant"":""adaptive"",""t"":10000,""seed"":1,""repeats"":3,""j_star"":1000000,""enum_cap"":0,""write_samples"":false,""verify"":false},""output"":{""out_dir"":""run/temp/exp5/hetero_t"",""run_tag"":""exp5_hetero_t""},""sys"":{""threads"":1},""logging"":{""level"":""INFO"",""with_timestamp"":true,""with_thread_id"":false}}","{""generator"":""hetero_sizes"",""dataset"":""hetero_t__nr100000__ns100000__a1_000ep00__g1"",""n_r"":100000,""n_s"":100000,""has_exact_k"":false,""k_target"":0,""k_achieved"":0,""alpha_target"":1,""alpha_achieved"":nan,""notes"":""p_large_r=0.1, w_small=[0.002,0.01], w_large=[0.1,0.3], anisotropic=1""}"
hetero_t__nr100000__ns100000__a1_000ep00__g1,hetero_sizes,1,100000,100000,interval_tree,sampling,10000,0,1,1,1012.51,8.06931e+06,1,0,0,0,,0,"{""build_ms"":157.791078,""build_active_ms"":40.918726,""build_events_ms"":37.334545,""build_start_ids_ms"":1.577230,""build_y_endpoints_ms"":27.994237,""build_y_indices_ms"":49.960150,""phase1_count_ms"":533.005497,""phase2_slots_ms"":5.323226,""phase3_resweep_ms"":316.371341,""run_build_ms"":157.792198,""run_count_ms"":533.007417,""run_sample_ms"":321.704947}",,"{""dataset"":{""source"":""synthetic"",""name"":""hetero_t__nr100000__ns100000__a1_000ep00__g1"",""dim"":2,""path_r"":"""",""path_s"":"""",""synthetic"":{""generator"":""hetero_sizes"",""n_r"":100000,""n_s"":100000,""alpha"":1,""seed"":1}},""run"":{""method"":""interval_tree"",""variant"":""sampling"",""t"":10000,""seed"":1,""repeats"":3,""j_star"":1000000,""enum_cap"":0,""write_samples"":false,""verify"":false},""output"":{""out_dir"":""run/temp/exp5/hetero_t"",""run_tag"":""exp5_hetero_t""},""sys"":{""threads"":1},""logging"":{""level"":""INFO"",""with_timestamp"":true,""with_thread_id"":false}}","{""generator"":""hetero_sizes"",""dataset"":""hetero_t__nr100000__ns100000__a1_000ep00__g1"",""n_r"":100000,""n_s"":100000,""has_exact_k"":false,""k_target"":0,""k_achieved"":0,""alpha_target"":1,""alpha_achieved"":nan,""notes"":""p_large_r=0.1, w_small=[0.002,0.01], w_large=[0.1,0.3], anisotropic=1""}"
hetero_t__nr100000__ns100000__a1_000ep00__g1,hetero_sizes,1,100000,100000,interval_tree,sampling,10000,1,2,1,1060.76,8.06931e+06,1,0,0,0,,0,"{""build_ms"":164.172823,""build_active_ms"":23.429594,""build_events_ms"":61.243971,""build_start_ids_ms"":1.575339,""build_y_endpoints_ms"":28.014437,""build_y_indices_ms"":49.901732,""phase1_count_ms"":527.012664,""phase2_slots_ms"":5.337796,""phase3_resweep_ms"":316.575537,""run_build_ms"":164.173583,""run_count_ms"":527.014824,""run_sample_ms"":321.922923}",,"{""dataset"":{""source"":""synthetic"",""name"":""hetero_t__nr100000__ns100000__a1_000ep00__g1"",""dim"":2,""path_r"":"""",""path_s"":"""",""synthetic"":{""generator"":""hetero_sizes"",""n_r"":100000,""n_s"":100000,""alpha"":1,""seed"":1}},""run"":{""method"":""interval_tree"",""variant"":""sampling"",""t"":10000,""seed"":1,""repeats"":3,""j_star"":1000000,""enum_cap"":0,""write_samples"":false,""verify"":false},""output"":{""out_dir"":""run/temp/exp5/hetero_t"",""run_tag"":""exp5_hetero_t""},""sys"":{""threads"":1},""logging"":{""level"":""INFO"",""with_timestamp"":true,""with_thread_id"":false}}","{""generator"":""hetero_sizes"",""dataset"":""hetero_t__nr100000__ns100000__a1_000ep00__g1"",""n_r"":100000,""n_s"":100000,""has_exact_k"":false,""k_target"":0,""k_achieved"":0,""alpha_target"":1,""alpha_achieved"":nan,""notes"":""p_large_r=0.1, w_small=[0.002,0.01], w_large=[0.1,0.3], anisotropic=1""}"
hetero_t__nr100000__ns100000__a1_000ep00__g1,hetero_sizes,1,100000,100000,interval_tree,sampling,10000,2,3,1,1075.15,8.06931e+06,1,0,0,0,,0,"{""build_ms"":177.906748,""build_active_ms"":23.472955,""build_events_ms"":74.905236,""build_start_ids_ms"":1.602579,""build_y_endpoints_ms"":28.006816,""build_y_indices_ms"":49.911192,""phase1_count_ms"":535.923229,""phase2_slots_ms"":5.318397,""phase3_resweep_ms"":316.817071,""run_build_ms"":177.907648,""run_count_ms"":535.925209,""run_sample_ms"":322.145638}",,"{""dataset"":{""source"":""synthetic"",""name"":""hetero_t__nr100000__ns100000__a1_000ep00__g1"",""dim"":2,""path_r"":"""",""path_s"":"""",""synthetic"":{""generator"":""hetero_sizes"",""n_r"":100000,""n_s"":100000,""alpha"":1,""seed"":1}},""run"":{""method"":""interval_tree"",""variant"":""sampling"",""t"":10000,""seed"":1,""repeats"":3,""j_star"":1000000,""enum_cap"":0,""write_samples"":false,""verify"":false},""output"":{""out_dir"":""run/temp/exp5/hetero_t"",""run_tag"":""exp5_hetero_t""},""sys"":{""threads"":1},""logging"":{""level"":""INFO"",""with_timestamp"":true,""with_thread_id"":false}}","{""generator"":""hetero_sizes"",""dataset"":""hetero_t__nr100000__ns100000__a1_000ep00__g1"",""n_r"":100000,""n_s"":100000,""has_exact_k"":false,""k_target"":0,""k_achieved"":0,""alpha_target"":1,""alpha_achieved"":nan,""notes"":""p_large_r=0.1, w_small=[0.002,0.01], w_large=[0.1,0.3], anisotropic=1""}"
hetero_t__nr100000__ns100000__a1_000ep00__g1,hetero_sizes,1,100000,100000,interval_tree,adaptive,10000,0,1,1,1335.35,8.06931e+06,1,0,1,0,fallback_sampling,1000001,"{""build_ms"":158.215519,""build_active_ms"":40.627242,""build_events_ms"":37.374194,""build_start_ids_ms"":1.539090,""build_y_endpoints_ms"":28.125135,""build_y_indices_ms"":50.541568,""enumerate_prepare_ms"":158.144891,""phase1_count_adaptive_ms"":561.389175,""phase2_slots_ms"":5.335186,""phase3_resweep_ms"":324.149789,""run_build_ms"":158.216489,""run_fallback_count_ms"":561.391955,""run_fallback_sample_ms"":329.495196,""run_pilot_enum_prepare_ms"":158.148461,""run_pilot_enum_scan_ms"":107.827608}",,"{""dataset"":{""source"":""synthetic"",""name"":""hetero_t__nr100000__ns100000__a1_000ep00__g1"",""dim"":2,""path_r"":"""",""path_s"":"""",""synthetic"":{""generator"":""hetero_sizes"",""n_r"":100000,""n_s"":100000,""alpha"":1,""seed"":1}},""run"":{""method"":""interval_tree"",""variant"":""adaptive"",""t"":10000,""seed"":1,""repeats"":3,""j_star"":1000000,""enum_cap"":0,""write_samples"":false,""verify"":false},""output"":{""out_dir"":""run/temp/exp5/hetero_t"",""run_tag"":""exp5_hetero_t""},""sys"":{""threads"":1},""logging"":{""level"":""INFO"",""with_timestamp"":true,""with_thread_id"":false}}","{""generator"":""hetero_sizes"",""dataset"":""hetero_t__nr100000__ns100000__a1_000ep00__g1"",""n_r"":100000,""n_s"":100000,""has_exact_k"":false,""k_target"":0,""k_achieved"":0,""alpha_target"":1,""alpha_achieved"":nan,""notes"":""p_large_r=0.1, w_small=[0.002,0.01], w_large=[0.1,0.3], anisotropic=1""}"
hetero_t__nr100000__ns100000__a1_000ep00__g1,hetero_sizes,1,100000,100000,interval_tree,adaptive,10000,1,2,1,1375.68,8.06931e+06,1,0,1,0,fallback_sampling,1000001,"{""build_ms"":146.155273,""build_active_ms"":23.480124,""build_events_ms"":42.398767,""build_start_ids_ms"":1.536930,""build_y_endpoints_ms"":28.115764,""build_y_indices_ms"":50.615398,""enumerate_prepare_ms"":155.058461,""phase1_count_adaptive_ms"":558.230315,""phase2_slots_ms"":5.361566,""phase3_resweep_ms"":315.429998,""run_build_ms"":146.155963,""run_fallback_count_ms"":558.232605,""run_fallback_sample_ms"":320.800934,""run_pilot_enum_prepare_ms"":155.061851,""run_pilot_enum_scan_ms"":106.994073}",,"{""dataset"":{""source"":""synthetic"",""name"":""hetero_t__nr100000__ns100000__a1_000ep00__g1"",""dim"":2,""path_r"":"""",""path_s"":"""",""synthetic"":{""generator"":""hetero_sizes"",""n_r"":100000,""n_s"":100000,""alpha"":1,""seed"":1}},""run"":{""method"":""interval_tree"",""variant"":""adaptive"",""t"":10000,""seed"":1,""repeats"":3,""j_star"":1000000,""enum_cap"":0,""write_samples"":false,""verify"":false},""output"":{""out_dir"":""run/temp/exp5/hetero_t"",""run_tag"":""exp5_hetero_t""},""sys"":{""threads"":1},""logging"":{""level"":""INFO"",""with_timestamp"":true,""with_thread_id"":false}}","{""generator"":""hetero_sizes"",""dataset"":""hetero_t__nr100000__ns100000__a1_000ep00__g1"",""n_r"":100000,""n_s"":100000,""has_exact_k"":false,""k_target"":0,""k_achieved"":0,""alpha_target"":1,""alpha_achieved"":nan,""notes"":""p_large_r=0.1, w_small=[0.002,0.01], w_large=[0.1,0.3], anisotropic=1""}"
hetero_t__nr100000__ns100000__a1_000ep00__g1,hetero_sizes,1,100000,100000,interval_tree,adaptive,10000,2,3,1,1383.94,8.06931e+06,1,0,1,0,fallback_sampling,1000001,"{""build_ms"":146.144943,""build_active_ms"":23.519843,""build_events_ms"":42.289999,""build_start_ids_ms"":1.531630,""build_y_endpoints_ms"":28.130264,""build_y_indices_ms"":50.665907,""enumerate_prepare_ms"":154.398913,""phase1_count_adaptive_ms"":566.627992,""phase2_slots_ms"":5.311697,""phase3_resweep_ms"":316.915548,""run_build_ms"":146.146193,""run_fallback_count_ms"":566.629882,""run_fallback_sample_ms"":322.236755,""run_pilot_enum_prepare_ms"":154.402753,""run_pilot_enum_scan_ms"":107.137871}",,"{""dataset"":{""source"":""synthetic"",""name"":""hetero_t__nr100000__ns100000__a1_000ep00__g1"",""dim"":2,""path_r"":"""",""path_s"":"""",""synthetic"":{""generator"":""hetero_sizes"",""n_r"":100000,""n_s"":100000,""alpha"":1,""seed"":1}},""run"":{""method"":""interval_tree"",""variant"":""adaptive"",""t"":10000,""seed"":1,""repeats"":3,""j_star"":1000000,""enum_cap"":0,""write_samples"":false,""verify"":false},""output"":{""out_dir"":""run/temp/exp5/hetero_t"",""run_tag"":""exp5_hetero_t""},""sys"":{""threads"":1},""logging"":{""level"":""INFO"",""with_timestamp"":true,""with_thread_id"":false}}","{""generator"":""hetero_sizes"",""dataset"":""hetero_t__nr100000__ns100000__a1_000ep00__g1"",""n_r"":100000,""n_s"":100000,""has_exact_k"":false,""k_target"":0,""k_achieved"":0,""alpha_target"":1,""alpha_achieved"":nan,""notes"":""p_large_r=0.1, w_small=[0.002,0.01], w_large=[0.1,0.3], anisotropic=1""}"
hetero_t__nr100000__ns100000__a1_000ep00__g1,hetero_sizes,1,100000,100000,kd_tree,sampling,10000,0,1,1,609.884,8.06931e+06,1,0,0,0,,0,"{""build_ms"":102.447101,""build_events_ms"":33.927642,""build_kdtrees_ms"":34.763235,""build_rank_arrays_ms"":32.336562,""build_start_index_ms"":1.376653,""phase1_count_ms"":434.471097,""phase2_alias_ms"":72.956764,""phase3_sweep_ms"":68.086189,""run_build_ms"":102.448081,""run_count_ms"":434.473997,""run_sample_ms"":72.958054}",,"{""dataset"":{""source"":""synthetic"",""name"":""hetero_t__nr100000__ns100000__a1_000ep00__g1"",""dim"":2,""path_r"":"""",""path_s"":"""",""synthetic"":{""generator"":""hetero_sizes"",""n_r"":100000,""n_s"":100000,""alpha"":1,""seed"":1}},""run"":{""method"":""kd_tree"",""variant"":""sampling"",""t"":10000,""seed"":1,""repeats"":3,""j_star"":1000000,""enum_cap"":0,""write_samples"":false,""verify"":false},""output"":{""out_dir"":""run/temp/exp5/hetero_t"",""run_tag"":""exp5_hetero_t""},""sys"":{""threads"":1},""logging"":{""level"":""INFO"",""with_timestamp"":true,""with_thread_id"":false}}","{""generator"":""hetero_sizes"",""dataset"":""hetero_t__nr100000__ns100000__a1_000ep00__g1"",""n_r"":100000,""n_s"":100000,""has_exact_k"":false,""k_target"":0,""k_achieved"":0,""alpha_target"":1,""alpha_achieved"":nan,""notes"":""p_large_r=0.1, w_small=[0.002,0.01], w_large=[0.1,0.3], anisotropic=1""}"
hetero_t__nr100000__ns100000__a1_000ep00__g1,hetero_sizes,1,100000,100000,kd_tree,sampling,10000,1,2,1,608.463,8.06931e+06,1,0,0,0,,0,"{""build_ms"":102.212617,""build_events_ms"":33.875023,""build_kdtrees_ms"":34.587038,""build_rank_arrays_ms"":32.311843,""build_start_index_ms"":1.377063,""phase1_count_ms"":433.487176,""phase2_alias_ms"":72.730028,""phase3_sweep_ms"":67.902032,""run_build_ms"":102.213236,""run_count_ms"":433.490395,""run_sample_ms"":72.730668}",,"{""dataset"":{""source"":""synthetic"",""name"":""hetero_t__nr100000__ns100000__a1_000ep00__g1"",""dim"":2,""path_r"":"""",""path_s"":"""",""synthetic"":{""generator"":""hetero_sizes"",""n_r"":100000,""n_s"":100000,""alpha"":1,""seed"":1}},""run"":{""method"":""kd_tree"",""variant"":""sampling"",""t"":10000,""seed"":1,""repeats"":3,""j_star"":1000000,""enum_cap"":0,""write_samples"":false,""verify"":false},""output"":{""out_dir"":""run/temp/exp5/hetero_t"",""run_tag"":""exp5_hetero_t""},""sys"":{""threads"":1},""logging"":{""level"":""INFO"",""with_timestamp"":true,""with_thread_id"":false}}","{""generator"":""hetero_sizes"",""dataset"":""hetero_t__nr100000__ns100000__a1_000ep00__g1"",""n_r"":100000,""n_s"":100000,""has_exact_k"":false,""k_target"":0,""k_achieved"":0,""alpha_target"":1,""alpha_achieved"":nan,""notes"":""p_large_r=0.1, w_small=[0.002,0.01], w_large=[0.1,0.3], anisotropic=1""}"
hetero_t__nr100000__ns100000__a1_000ep00__g1,hetero_sizes,1,100000,100000,kd_tree,sampling,10000,2,3,1,615.496,8.06931e+06,1,0,0,0,,0,"{""build_ms"":102.249195,""build_events_ms"":33.931081,""build_kdtrees_ms"":34.559120,""build_rank_arrays_ms"":32.326791,""build_start_index_ms"":1.378944,""phase1_count_ms"":440.596568,""phase2_alias_ms"":72.643360,""phase3_sweep_ms"":67.793504,""run_build_ms"":102.249895,""run_count_ms"":440.599107,""run_sample_ms"":72.644639}",,"{""dataset"":{""source"":""synthetic"",""name"":""hetero_t__nr100000__ns100000__a1_000ep00__g1"",""dim"":2,""path_r"":"""",""path_s"":"""",""synthetic"":{""generator"":""hetero_sizes"",""n_r"":100000,""n_s"":100000,""alpha"":1,""seed"":1}},""run"":{""method"":""kd_tree"",""variant"":""sampling"",""t"":10000,""seed"":1,""repeats"":3,""j_star"":1000000,""enum_cap"":0,""write_samples"":false,""verify"":false},""output"":{""out_dir"":""run/temp/exp5/hetero_t"",""run_tag"":""exp5_hetero_t""},""sys"":{""threads"":1},""logging"":{""level"":""INFO"",""with_timestamp"":true,""with_thread_id"":false}}","{""generator"":""hetero_sizes"",""dataset"":""hetero_t__nr100000__ns100000__a1_000ep00__g1"",""n_r"":100000,""n_s"":100000,""has_exact_k"":false,""k_target"":0,""k_achieved"":0,""alpha_target"":1,""alpha_achieved"":nan,""notes"":""p_large_r=0.1, w_small=[0.002,0.01], w_large=[0.1,0.3], anisotropic=1""}"
hetero_t__nr100000__ns100000__a1_000ep00__g1,hetero_sizes,1,100000,100000,kd_tree,adaptive,10000,0,1,1,1066.77,8.06931e+06,1,0,1,0,fallback_sampling,1000001,"{""adaptive_fallback_sampling_ms"":73.067671,""build_ms"":102.238496,""build_embedding_ms"":32.472990,""build_events_ms"":33.850693,""build_kdtrees_ms"":34.546120,""build_rank_arrays_ms"":32.431581,""build_start_index_ms"":1.363073,""enumerate_prepare_ms"":100.810053,""phase1_count_and_maybe_enumerate_ms"":552.933626,""phase2_alias_ms"":3.886554,""phase2_assign_ms"":0.616208,""phase3_sweep_ms"":68.166346,""run_build_ms"":102.239346,""run_fallback_count_ms"":552.936676,""run_fallback_sample_ms"":73.069711,""run_pilot_enum_prepare_ms"":100.830613,""run_pilot_enum_scan_ms"":237.672266}",,"{""dataset"":{""source"":""synthetic"",""name"":""hetero_t__nr100000__ns100000__a1_000ep00__g1"",""dim"":2,""path_r"":"""",""path_s"":"""",""synthetic"":{""generator"":""hetero_sizes"",""n_r"":100000,""n_s"":100000,""alpha"":1,""seed"":1}},""run"":{""method"":""kd_tree"",""variant"":""adaptive"",""t"":10000,""seed"":1,""repeats"":3,""j_star"":1000000,""enum_cap"":0,""write_samples"":false,""verify"":false},""output"":{""out_dir"":""run/temp/exp5/hetero_t"",""run_tag"":""exp5_hetero_t""},""sys"":{""threads"":1},""logging"":{""level"":""INFO"",""with_timestamp"":true,""with_thread_id"":false}}","{""generator"":""hetero_sizes"",""dataset"":""hetero_t__nr100000__ns100000__a1_000ep00__g1"",""n_r"":100000,""n_s"":100000,""has_exact_k"":false,""k_target"":0,""k_achieved"":0,""alpha_target"":1,""alpha_achieved"":nan,""notes"":""p_large_r=0.1, w_small=[0.002,0.01], w_large=[0.1,0.3], anisotropic=1""}"
hetero_t__nr100000__ns100000__a1_000ep00__g1,hetero_sizes,1,100000,100000,kd_tree,adaptive,10000,1,2,1,1073.99,8.06931e+06,1,0,1,0,fallback_sampling,1000001,"{""adaptive_fallback_sampling_ms"":73.063201,""build_ms"":102.341673,""build_embedding_ms"":32.363922,""build_events_ms"":33.888332,""build_kdtrees_ms"":34.699606,""build_rank_arrays_ms"":32.306523,""build_start_index_ms"":1.384163,""enumerate_prepare_ms"":101.016169,""phase1_count_and_maybe_enumerate_ms"":558.563026,""phase2_alias_ms"":3.899535,""phase2_assign_ms"":0.608328,""phase3_sweep_ms"":68.148126,""run_build_ms"":102.342463,""run_fallback_count_ms"":558.565646,""run_fallback_sample_ms"":73.064481,""run_pilot_enum_prepare_ms"":101.020679,""run_pilot_enum_scan_ms"":238.966012}",,"{""dataset"":{""source"":""synthetic"",""name"":""hetero_t__nr100000__ns100000__a1_000ep00__g1"",""dim"":2,""path_r"":"""",""path_s"":"""",""synthetic"":{""generator"":""hetero_sizes"",""n_r"":100000,""n_s"":100000,""alpha"":1,""seed"":1}},""run"":{""method"":""kd_tree"",""variant"":""adaptive"",""t"":10000,""seed"":1,""repeats"":3,""j_star"":1000000,""enum_cap"":0,""write_samples"":false,""verify"":false},""output"":{""out_dir"":""run/temp/exp5/hetero_t"",""run_tag"":""exp5_hetero_t""},""sys"":{""threads"":1},""logging"":{""level"":""INFO"",""with_timestamp"":true,""with_thread_id"":false}}","{""generator"":""hetero_sizes"",""dataset"":""hetero_t__nr100000__ns100000__a1_000ep00__g1"",""n_r"":100000,""n_s"":100000,""has_exact_k"":false,""k_target"":0,""k_achieved"":0,""alpha_target"":1,""alpha_achieved"":nan,""notes"":""p_large_r=0.1, w_small=[0.002,0.01], w_large=[0.1,0.3], anisotropic=1""}"
hetero_t__nr100000__ns100000__a1_000ep00__g1,hetero_sizes,1,100000,100000,kd_tree,adaptive,10000,2,3,1,1065.95,8.06931e+06,1,0,1,0,fallback_sampling,1000001,"{""adaptive_fallback_sampling_ms"":72.722388,""build_ms"":102.056919,""build_embedding_ms"":32.367102,""build_events_ms"":33.810664,""build_kdtrees_ms"":34.498231,""build_rank_arrays_ms"":32.318522,""build_start_index_ms"":1.375664,""enumerate_prepare_ms"":100.819052,""phase1_count_and_maybe_enumerate_ms"":552.494704,""phase2_alias_ms"":3.888905,""phase2_assign_ms"":0.608818,""phase3_sweep_ms"":67.819513,""run_build_ms"":102.057610,""run_fallback_count_ms"":552.497634,""run_fallback_sample_ms"":72.723968,""run_pilot_enum_prepare_ms"":100.822582,""run_pilot_enum_scan_ms"":237.811272}",,"{""dataset"":{""source"":""synthetic"",""name"":""hetero_t__nr100000__ns100000__a1_000ep00__g1"",""dim"":2,""path_r"":"""",""path_s"":"""",""synthetic"":{""generator"":""hetero_sizes"",""n_r"":100000,""n_s"":100000,""alpha"":1,""seed"":1}},""run"":{""method"":""kd_tree"",""variant"":""adaptive"",""t"":10000,""seed"":1,""repeats"":3,""j_star"":1000000,""enum_cap"":0,""write_samples"":false,""verify"":false},""output"":{""out_dir"":""run/temp/exp5/hetero_t"",""run_tag"":""exp5_hetero_t""},""sys"":{""threads"":1},""logging"":{""level"":""INFO"",""with_timestamp"":true,""with_thread_id"":false}}","{""generator"":""hetero_sizes"",""dataset"":""hetero_t__nr100000__ns100000__a1_000ep00__g1"",""n_r"":100000,""n_s"":100000,""has_exact_k"":false,""k_target"":0,""k_achieved"":0,""alpha_target"":1,""alpha_achieved"":nan,""notes"":""p_large_r=0.1, w_small=[0.002,0.01], w_large=[0.1,0.3], anisotropic=1""}"
hetero_t__nr100000__ns100000__a1_000ep00__g1,hetero_sizes,1,100000,100000,r_tree,sampling,10000,0,1,1,361.434,8.06931e+06,1,0,0,0,,0,"{""build_ms"":35.777386,""phase1_count_ms"":199.847280,""phase2_assign_ms"":4.189679,""phase3_sample_ms"":121.217416,""run_build_ms"":35.778366,""run_count_ms"":199.850450,""run_sample_ms"":125.802837}",,"{""dataset"":{""source"":""synthetic"",""name"":""hetero_t__nr100000__ns100000__a1_000ep00__g1"",""dim"":2,""path_r"":"""",""path_s"":"""",""synthetic"":{""generator"":""hetero_sizes"",""n_r"":100000,""n_s"":100000,""alpha"":1,""seed"":1}},""run"":{""method"":""r_tree"",""variant"":""sampling"",""t"":10000,""seed"":1,""repeats"":3,""j_star"":1000000,""enum_cap"":0,""write_samples"":false,""verify"":false},""output"":{""out_dir"":""run/temp/exp5/hetero_t"",""run_tag"":""exp5_hetero_t""},""sys"":{""threads"":1},""logging"":{""level"":""INFO"",""with_timestamp"":true,""with_thread_id"":false}}","{""generator"":""hetero_sizes"",""dataset"":""hetero_t__nr100000__ns100000__a1_000ep00__g1"",""n_r"":100000,""n_s"":100000,""has_exact_k"":false,""k_target"":0,""k_achieved"":0,""alpha_target"":1,""alpha_achieved"":nan,""notes"":""p_large_r=0.1, w_small=[0.002,0.01], w_large=[0.1,0.3], anisotropic=1""}"
hetero_t__nr100000__ns100000__a1_000ep00__g1,hetero_sizes,1,100000,100000,r_tree,sampling,10000,1,2,1,368.215,8.06931e+06,1,0,0,0,,0,"{""build_ms"":35.766615,""phase1_count_ms"":206.546091,""phase2_assign_ms"":4.286637,""phase3_sample_ms"":121.126048,""run_build_ms"":35.768175,""run_count_ms"":206.547901,""run_sample_ms"":125.808507}",,"{""dataset"":{""source"":""synthetic"",""name"":""hetero_t__nr100000__ns100000__a1_000ep00__g1"",""dim"":2,""path_r"":"""",""path_s"":"""",""synthetic"":{""generator"":""hetero_sizes"",""n_r"":100000,""n_s"":100000,""alpha"":1,""seed"":1}},""run"":{""method"":""r_tree"",""variant"":""sampling"",""t"":10000,""seed"":1,""repeats"":3,""j_star"":1000000,""enum_cap"":0,""write_samples"":false,""verify"":false},""output"":{""out_dir"":""run/temp/exp5/hetero_t"",""run_tag"":""exp5_hetero_t""},""sys"":{""threads"":1},""logging"":{""level"":""INFO"",""with_timestamp"":true,""with_thread_id"":false}}","{""generator"":""hetero_sizes"",""dataset"":""hetero_t__nr100000__ns100000__a1_000ep00__g1"",""n_r"":100000,""n_s"":100000,""has_exact_k"":false,""k_target"":0,""k_achieved"":0,""alpha_target"":1,""alpha_achieved"":nan,""notes"":""p_large_r=0.1, w_small=[0.002,0.01], w_large=[0.1,0.3], anisotropic=1""}"
hetero_t__nr100000__ns100000__a1_000ep00__g1,hetero_sizes,1,100000,100000,r_tree,sampling,10000,2,3,1,364.264,8.06931e+06,1,0,0,0,,0,"{""build_ms"":35.752936,""phase1_count_ms"":202.706114,""phase2_assign_ms"":4.225748,""phase3_sample_ms"":121.085479,""run_build_ms"":35.754756,""run_count_ms"":202.707914,""run_sample_ms"":125.706989}",,"{""dataset"":{""source"":""synthetic"",""name"":""hetero_t__nr100000__ns100000__a1_000ep00__g1"",""dim"":2,""path_r"":"""",""path_s"":"""",""synthetic"":{""generator"":""hetero_sizes"",""n_r"":100000,""n_s"":100000,""alpha"":1,""seed"":1}},""run"":{""method"":""r_tree"",""variant"":""sampling"",""t"":10000,""seed"":1,""repeats"":3,""j_star"":1000000,""enum_cap"":0,""write_samples"":false,""verify"":false},""output"":{""out_dir"":""run/temp/exp5/hetero_t"",""run_tag"":""exp5_hetero_t""},""sys"":{""threads"":1},""logging"":{""level"":""INFO"",""with_timestamp"":true,""with_thread_id"":false}}","{""generator"":""hetero_sizes"",""dataset"":""hetero_t__nr100000__ns100000__a1_000ep00__g1"",""n_r"":100000,""n_s"":100000,""has_exact_k"":false,""k_target"":0,""k_achieved"":0,""alpha_target"":1,""alpha_achieved"":nan,""notes"":""p_large_r=0.1, w_small=[0.002,0.01], w_large=[0.1,0.3], anisotropic=1""}"
hetero_t__nr100000__ns100000__a1_000ep00__g1,hetero_sizes,1,100000,100000,r_tree,adaptive,10000,0,1,1,503.684,8.06931e+06,1,0,1,0,fallback_sampling,1000001,"{""build_ms"":35.769426,""enumerate_prepare_ms"":34.120107,""phase1_adaptive_count_ms"":229.635272,""phase2+3_sampling_ms"":126.328407,""run_build_ms"":35.770676,""run_fallback_count_ms"":229.638051,""run_fallback_sample_ms"":126.330747,""run_pilot_enum_prepare_ms"":34.122597,""run_pilot_enum_scan_ms"":77.769760}",,"{""dataset"":{""source"":""synthetic"",""name"":""hetero_t__nr100000__ns100000__a1_000ep00__g1"",""dim"":2,""path_r"":"""",""path_s"":"""",""synthetic"":{""generator"":""hetero_sizes"",""n_r"":100000,""n_s"":100000,""alpha"":1,""seed"":1}},""run"":{""method"":""r_tree"",""variant"":""adaptive"",""t"":10000,""seed"":1,""repeats"":3,""j_star"":1000000,""enum_cap"":0,""write_samples"":false,""verify"":false},""output"":{""out_dir"":""run/temp/exp5/hetero_t"",""run_tag"":""exp5_hetero_t""},""sys"":{""threads"":1},""logging"":{""level"":""INFO"",""with_timestamp"":true,""with_thread_id"":false}}","{""generator"":""hetero_sizes"",""dataset"":""hetero_t__nr100000__ns100000__a1_000ep00__g1"",""n_r"":100000,""n_s"":100000,""has_exact_k"":false,""k_target"":0,""k_achieved"":0,""alpha_target"":1,""alpha_achieved"":nan,""notes"":""p_large_r=0.1, w_small=[0.002,0.01], w_large=[0.1,0.3], anisotropic=1""}"
hetero_t__nr100000__ns100000__a1_000ep00__g1,hetero_sizes,1,100000,100000,r_tree,adaptive,10000,1,2,1,503.789,8.06931e+06,1,0,1,0,fallback_sampling,1000001,"{""build_ms"":35.748417,""enumerate_prepare_ms"":34.076748,""phase1_adaptive_count_ms"":229.890216,""phase2+3_sampling_ms"":126.294358,""run_build_ms"":35.749877,""run_fallback_count_ms"":229.892186,""run_fallback_sample_ms"":126.296638,""run_pilot_enum_prepare_ms"":34.078608,""run_pilot_enum_scan_ms"":77.635483}",,"{""dataset"":{""source"":""synthetic"",""name"":""hetero_t__nr100000__ns100000__a1_000ep00__g1"",""dim"":2,""path_r"":"""",""path_s"":"""",""synthetic"":{""generator"":""hetero_sizes"",""n_r"":100000,""n_s"":100000,""alpha"":1,""seed"":1}},""run"":{""method"":""r_tree"",""variant"":""adaptive"",""t"":10000,""seed"":1,""repeats"":3,""j_star"":1000000,""enum_cap"":0,""write_samples"":false,""verify"":false},""output"":{""out_dir"":""run/temp/exp5/hetero_t"",""run_tag"":""exp5_hetero_t""},""sys"":{""threads"":1},""logging"":{""level"":""INFO"",""with_timestamp"":true,""with_thread_id"":false}}","{""generator"":""hetero_sizes"",""dataset"":""hetero_t__nr100000__ns100000__a1_000ep00__g1"",""n_r"":100000,""n_s"":100000,""has_exact_k"":false,""k_target"":0,""k_achieved"":0,""alpha_target"":1,""alpha_achieved"":nan,""notes"":""p_large_r=0.1, w_small=[0.002,0.01], w_large=[0.1,0.3], anisotropic=1""}"
hetero_t__nr100000__ns100000__a1_000ep00__g1,hetero_sizes,1,100000,100000,r_tree,adaptive,10000,2,3,1,503.965,8.06931e+06,1,0,1,0,fallback_sampling,1000001,"{""build_ms"":35.741466,""enumerate_prepare_ms"":34.093897,""phase1_adaptive_count_ms"":230.346658,""phase2+3_sampling_ms"":125.913626,""run_build_ms"":35.742906,""run_fallback_count_ms"":230.349097,""run_fallback_sample_ms"":125.916456,""run_pilot_enum_prepare_ms"":34.096027,""run_pilot_enum_scan_ms"":77.720241}",,"{""dataset"":{""source"":""synthetic"",""name"":""hetero_t__nr100000__ns100000__a1_000ep00__g1"",""dim"":2,""path_r"":"""",""path_s"":"""",""synthetic"":{""generator"":""hetero_sizes"",""n_r"":100000,""n_s"":100000,""alpha"":1,""seed"":1}},""run"":{""method"":""r_tree"",""variant"":""adaptive"",""t"":10000,""seed"":1,""repeats"":3,""j_star"":1000000,""enum_cap"":0,""write_samples"":false,""verify"":false},""output"":{""out_dir"":""run/temp/exp5/hetero_t"",""run_tag"":""exp5_hetero_t""},""sys"":{""threads"":1},""logging"":{""level"":""INFO"",""with_timestamp"":true,""with_thread_id"":false}}","{""generator"":""hetero_sizes"",""dataset"":""hetero_t__nr100000__ns100000__a1_000ep00__g1"",""n_r"":100000,""n_s"":100000,""has_exact_k"":false,""k_target"":0,""k_achieved"":0,""alpha_target"":1,""alpha_achieved"":nan,""notes"":""p_large_r=0.1, w_small=[0.002,0.01], w_large=[0.1,0.3], anisotropic=1""}"
hetero_t__nr100000__ns100000__a1_000ep00__g1,hetero_sizes,1,100000,100000,range_tree,sampling,10000,0,1,1,2241.47,8.06931e+06,1,0,0,0,,0,"{""build_ms"":100.709044,""build_events_ms"":33.851772,""build_range_trees_ms"":34.580768,""build_rank_arrays_ms"":30.866061,""build_start_index_ms"":1.366224,""phase1_count_ms"":1271.081629,""phase2_alias_ms"":869.649913,""phase3_sweep_ms"":864.522233,""run_build_ms"":100.709804,""run_count_ms"":1271.084149,""run_sample_ms"":869.676032}",,"{""dataset"":{""source"":""synthetic"",""name"":""hetero_t__nr100000__ns100000__a1_000ep00__g1"",""dim"":2,""path_r"":"""",""path_s"":"""",""synthetic"":{""generator"":""hetero_sizes"",""n_r"":100000,""n_s"":100000,""alpha"":1,""seed"":1}},""run"":{""method"":""range_tree"",""variant"":""sampling"",""t"":10000,""seed"":1,""repeats"":3,""j_star"":1000000,""enum_cap"":0,""write_samples"":false,""verify"":false},""output"":{""out_dir"":""run/temp/exp5/hetero_t"",""run_tag"":""exp5_hetero_t""},""sys"":{""threads"":1},""logging"":{""level"":""INFO"",""with_timestamp"":true,""with_thread_id"":false}}","{""generator"":""hetero_sizes"",""dataset"":""hetero_t__nr100000__ns100000__a1_000ep00__g1"",""n_r"":100000,""n_s"":100000,""has_exact_k"":false,""k_target"":0,""k_achieved"":0,""alpha_target"":1,""alpha_achieved"":nan,""notes"":""p_large_r=0.1, w_small=[0.002,0.01], w_large=[0.1,0.3], anisotropic=1""}"
hetero_t__nr100000__ns100000__a1_000ep00__g1,hetero_sizes,1,100000,100000,range_tree,sampling,10000,1,2,1,2244.81,8.06931e+06,1,0,0,0,,0,"{""build_ms"":104.948612,""build_events_ms"":39.273457,""build_range_trees_ms"":33.304413,""build_rank_arrays_ms"":30.932960,""build_start_index_ms"":1.373073,""phase1_count_ms"":1264.013163,""phase2_alias_ms"":875.838942,""phase3_sweep_ms"":870.718991,""run_build_ms"":104.949182,""run_count_ms"":1264.015723,""run_sample_ms"":875.839951}",,"{""dataset"":{""source"":""synthetic"",""name"":""hetero_t__nr100000__ns100000__a1_000ep00__g1"",""dim"":2,""path_r"":"""",""path_s"":"""",""synthetic"":{""generator"":""hetero_sizes"",""n_r"":100000,""n_s"":100000,""alpha"":1,""seed"":1}},""run"":{""method"":""range_tree"",""variant"":""sampling"",""t"":10000,""seed"":1,""repeats"":3,""j_star"":1000000,""enum_cap"":0,""write_samples"":false,""verify"":false},""output"":{""out_dir"":""run/temp/exp5/hetero_t"",""run_tag"":""exp5_hetero_t""},""sys"":{""threads"":1},""logging"":{""level"":""INFO"",""with_timestamp"":true,""with_thread_id"":false}}","{""generator"":""hetero_sizes"",""dataset"":""hetero_t__nr100000__ns100000__a1_000ep00__g1"",""n_r"":100000,""n_s"":100000,""has_exact_k"":false,""k_target"":0,""k_achieved"":0,""alpha_target"":1,""alpha_achieved"":nan,""notes"":""p_large_r=0.1, w_small=[0.002,0.01], w_large=[0.1,0.3], anisotropic=1""}"
hetero_t__nr100000__ns100000__a1_000ep00__g1,hetero_sizes,1,100000,100000,range_tree,sampling,10000,2,3,1,2238.38,8.06931e+06,1,0,0,0,,0,"{""build_ms"":99.309551,""build_events_ms"":33.873042,""build_range_trees_ms"":33.082697,""build_rank_arrays_ms"":30.923200,""build_start_index_ms"":1.375743,""phase1_count_ms"":1264.637289,""phase2_alias_ms"":874.401657,""phase3_sweep_ms"":869.294746,""run_build_ms"":99.310341,""run_count_ms"":1264.639669,""run_sample_ms"":874.428937}",,"{""dataset"":{""source"":""synthetic"",""name"":""hetero_t__nr100000__ns100000__a1_000ep00__g1"",""dim"":2,""path_r"":"""",""path_s"":"""",""synthetic"":{""generator"":""hetero_sizes"",""n_r"":100000,""n_s"":100000,""alpha"":1,""seed"":1}},""run"":{""method"":""range_tree"",""variant"":""sampling"",""t"":10000,""seed"":1,""repeats"":3,""j_star"":1000000,""enum_cap"":0,""write_samples"":false,""verify"":false},""output"":{""out_dir"":""run/temp/exp5/hetero_t"",""run_tag"":""exp5_hetero_t""},""sys"":{""threads"":1},""logging"":{""level"":""INFO"",""with_timestamp"":true,""with_thread_id"":false}}","{""generator"":""hetero_sizes"",""dataset"":""hetero_t__nr100000__ns100000__a1_000ep00__g1"",""n_r"":100000,""n_s"":100000,""has_exact_k"":false,""k_target"":0,""k_achieved"":0,""alpha_target"":1,""alpha_achieved"":nan,""notes"":""p_large_r=0.1, w_small=[0.002,0.01], w_large=[0.1,0.3], anisotropic=1""}"
hetero_t__nr100000__ns100000__a1_000ep00__g1,hetero_sizes,1,100000,100000,range_tree,adaptive,10000,0,1,1,2852.89,8.06931e+06,1,0,1,0,fallback_sampling,1000001,"{""adaptive_count_ms"":1392.616750,""build_ms"":100.759873,""build_events_ms"":33.839044,""build_range_trees_ms"":34.547549,""build_rank_arrays_ms"":30.955658,""build_start_index_ms"":1.370644,""enumerate_prepare_ms"":99.596846,""phase2_alias_ms"":868.962312,""phase3_sweep_ms"":863.833150,""run_build_ms"":100.760643,""run_fallback_count_ms"":1392.620091,""run_fallback_sample_ms"":868.989450,""run_pilot_enum_prepare_ms"":99.600286,""run_pilot_enum_scan_ms"":390.890808}",,"{""dataset"":{""source"":""synthetic"",""name"":""hetero_t__nr100000__ns100000__a1_000ep00__g1"",""dim"":2,""path_r"":"""",""path_s"":"""",""synthetic"":{""generator"":""hetero_sizes"",""n_r"":100000,""n_s"":100000,""alpha"":1,""seed"":1}},""run"":{""method"":""range_tree"",""variant"":""adaptive"",""t"":10000,""seed"":1,""repeats"":3,""j_star"":1000000,""enum_cap"":0,""write_samples"":false,""verify"":false},""output"":{""out_dir"":""run/temp/exp5/hetero_t"",""run_tag"":""exp5_hetero_t""},""sys"":{""threads"":1},""logging"":{""level"":""INFO"",""with_timestamp"":true,""with_thread_id"":false}}","{""generator"":""hetero_sizes"",""dataset"":""hetero_t__nr100000__ns100000__a1_000ep00__g1"",""n_r"":100000,""n_s"":100000,""has_exact_k"":false,""k_target"":0,""k_achieved"":0,""alpha_target"":1,""alpha_achieved"":nan,""notes"":""p_large_r=0.1, w_small=[0.002,0.01], w_large=[0.1,0.3], anisotropic=1""}"
hetero_t__nr100000__ns100000__a1_000ep00__g1,hetero_sizes,1,100000,100000,range_tree,adaptive,10000,1,2,1,2851.6,8.06931e+06,1,0,1,0,fallback_sampling,1000001,"{""adaptive_count_ms"":1391.703854,""build_ms"":99.593195,""build_events_ms"":33.861582,""build_range_trees_ms"":33.381351,""build_rank_arrays_ms"":30.901520,""build_start_index_ms"":1.383353,""enumerate_prepare_ms"":99.739583,""phase2_alias_ms"":868.501428,""phase3_sweep_ms"":863.407227,""run_build_ms"":99.593955,""run_fallback_count_ms"":1391.706214,""run_fallback_sample_ms"":868.528117,""run_pilot_enum_prepare_ms"":99.742393,""run_pilot_enum_scan_ms"":391.998055}",,"{""dataset"":{""source"":""synthetic"",""name"":""hetero_t__nr100000__ns100000__a1_000ep00__g1"",""dim"":2,""path_r"":"""",""path_s"":"""",""synthetic"":{""generator"":""hetero_sizes"",""n_r"":100000,""n_s"":100000,""alpha"":1,""seed"":1}},""run"":{""method"":""range_tree"",""variant"":""adaptive"",""t"":10000,""seed"":1,""repeats"":3,""j_star"":1000000,""enum_cap"":0,""write_samples"":false,""verify"":false},""output"":{""out_dir"":""run/temp/exp5/hetero_t"",""run_tag"":""exp5_hetero_t""},""sys"":{""threads"":1},""logging"":{""level"":""INFO"",""with_timestamp"":true,""with_thread_id"":false}}","{""generator"":""hetero_sizes"",""dataset"":""hetero_t__nr100000__ns100000__a1_000ep00__g1"",""n_r"":100000,""n_s"":100000,""has_exact_k"":false,""k_target"":0,""k_achieved"":0,""alpha_target"":1,""alpha_achieved"":nan,""notes"":""p_large_r=0.1, w_small=[0.002,0.01], w_large=[0.1,0.3], anisotropic=1""}"
hetero_t__nr100000__ns100000__a1_000ep00__g1,hetero_sizes,1,100000,100000,range_tree,adaptive,10000,2,3,1,2859.76,8.06931e+06,1,0,1,0,fallback_sampling,1000001,"{""adaptive_count_ms"":1386.790947,""build_ms"":99.704384,""build_events_ms"":33.854152,""build_range_trees_ms"":33.432401,""build_rank_arrays_ms"":30.984188,""build_start_index_ms"":1.380304,""enumerate_prepare_ms"":99.783011,""phase2_alias_ms"":876.426602,""phase3_sweep_ms"":871.323921,""run_build_ms"":99.704944,""run_fallback_count_ms"":1386.793157,""run_fallback_sample_ms"":876.453811,""run_pilot_enum_prepare_ms"":99.785551,""run_pilot_enum_scan_ms"":396.988828}",,"{""dataset"":{""source"":""synthetic"",""name"":""hetero_t__nr100000__ns100000__a1_000ep00__g1"",""dim"":2,""path_r"":"""",""path_s"":"""",""synthetic"":{""generator"":""hetero_sizes"",""n_r"":100000,""n_s"":100000,""alpha"":1,""seed"":1}},""run"":{""method"":""range_tree"",""variant"":""adaptive"",""t"":10000,""seed"":1,""repeats"":3,""j_star"":1000000,""enum_cap"":0,""write_samples"":false,""verify"":false},""output"":{""out_dir"":""run/temp/exp5/hetero_t"",""run_tag"":""exp5_hetero_t""},""sys"":{""threads"":1},""logging"":{""level"":""INFO"",""with_timestamp"":true,""with_thread_id"":false}}","{""generator"":""hetero_sizes"",""dataset"":""hetero_t__nr100000__ns100000__a1_000ep00__g1"",""n_r"":100000,""n_s"":100000,""has_exact_k"":false,""k_target"":0,""k_achieved"":0,""alpha_target"":1,""alpha_achieved"":nan,""notes"":""p_large_r=0.1, w_small=[0.002,0.01], w_large=[0.1,0.3], anisotropic=1""}"
hetero_t__nr100000__ns100000__a1_000ep00__g1,hetero_sizes,1,100000,100000,pbsm,sampling,10000,0,1,1,915.724,8.06931e+06,1,0,0,0,,0,"{""build_ms"":21.834635,""pbsm_build_ms"":21.834125,""pbsm_count_pass1_ms"":443.290967,""pbsm_partitions_stripes_ms"":21.487072,""pbsm_sample_draw_ranks_ms"":0.499671,""pbsm_sample_pass2_select_ms"":450.076526,""run_build_ms"":21.835336,""run_count_ms"":443.294226,""run_sample_ms"":450.592066}",,"{""dataset"":{""source"":""synthetic"",""name"":""hetero_t__nr100000__ns100000__a1_000ep00__g1"",""dim"":2,""path_r"":"""",""path_s"":"""",""synthetic"":{""generator"":""hetero_sizes"",""n_r"":100000,""n_s"":100000,""alpha"":1,""seed"":1}},""run"":{""method"":""pbsm"",""variant"":""sampling"",""t"":10000,""seed"":1,""repeats"":3,""j_star"":1000000,""enum_cap"":0,""write_samples"":false,""verify"":false},""output"":{""out_dir"":""run/temp/exp5/hetero_t"",""run_tag"":""exp5_hetero_t""},""sys"":{""threads"":1},""logging"":{""level"":""INFO"",""with_timestamp"":true,""with_thread_id"":false}}","{""generator"":""hetero_sizes"",""dataset"":""hetero_t__nr100000__ns100000__a1_000ep00__g1"",""n_r"":100000,""n_s"":100000,""has_exact_k"":false,""k_target"":0,""k_achieved"":0,""alpha_target"":1,""alpha_achieved"":nan,""notes"":""p_large_r=0.1, w_small=[0.002,0.01], w_large=[0.1,0.3], anisotropic=1""}"
hetero_t__nr100000__ns100000__a1_000ep00__g1,hetero_sizes,1,100000,100000,pbsm,sampling,10000,1,2,1,926.19,8.06931e+06,1,0,0,0,,0,"{""build_ms"":21.810266,""pbsm_build_ms"":21.809986,""pbsm_count_pass1_ms"":448.739660,""pbsm_partitions_stripes_ms"":21.464963,""pbsm_sample_draw_ranks_ms"":0.513390,""pbsm_sample_pass2_select_ms"":455.103887,""run_build_ms"":21.810677,""run_count_ms"":448.742740,""run_sample_ms"":455.632637}",,"{""dataset"":{""source"":""synthetic"",""name"":""hetero_t__nr100000__ns100000__a1_000ep00__g1"",""dim"":2,""path_r"":"""",""path_s"":"""",""synthetic"":{""generator"":""hetero_sizes"",""n_r"":100000,""n_s"":100000,""alpha"":1,""seed"":1}},""run"":{""method"":""pbsm"",""variant"":""sampling"",""t"":10000,""seed"":1,""repeats"":3,""j_star"":1000000,""enum_cap"":0,""write_samples"":false,""verify"":false},""output"":{""out_dir"":""run/temp/exp5/hetero_t"",""run_tag"":""exp5_hetero_t""},""sys"":{""threads"":1},""logging"":{""level"":""INFO"",""with_timestamp"":true,""with_thread_id"":false}}","{""generator"":""hetero_sizes"",""dataset"":""hetero_t__nr100000__ns100000__a1_000ep00__g1"",""n_r"":100000,""n_s"":100000,""has_exact_k"":false,""k_target"":0,""k_achieved"":0,""alpha_target"":1,""alpha_achieved"":nan,""notes"":""p_large_r=0.1, w_small=[0.002,0.01], w_large=[0.1,0.3], anisotropic=1""}"
hetero_t__nr100000__ns100000__a1_000ep00__g1,hetero_sizes,1,100000,100000,pbsm,sampling,10000,2,3,1,934.675,8.06931e+06,1,0,0,0,,0,"{""build_ms"":21.839666,""pbsm_build_ms"":21.839396,""pbsm_count_pass1_ms"":456.116817,""pbsm_partitions_stripes_ms"":21.496592,""pbsm_sample_draw_ranks_ms"":0.496990,""pbsm_sample_pass2_select_ms"":456.196574,""run_build_ms"":21.840016,""run_count_ms"":456.119157,""run_sample_ms"":456.711264}",,"{""dataset"":{""source"":""synthetic"",""name"":""hetero_t__nr100000__ns100000__a1_000ep00__g1"",""dim"":2,""path_r"":"""",""path_s"":"""",""synthetic"":{""generator"":""hetero_sizes"",""n_r"":100000,""n_s"":100000,""alpha"":1,""seed"":1}},""run"":{""method"":""pbsm"",""variant"":""sampling"",""t"":10000,""seed"":1,""repeats"":3,""j_star"":1000000,""enum_cap"":0,""write_samples"":false,""verify"":false},""output"":{""out_dir"":""run/temp/exp5/hetero_t"",""run_tag"":""exp5_hetero_t""},""sys"":{""threads"":1},""logging"":{""level"":""INFO"",""with_timestamp"":true,""with_thread_id"":false}}","{""generator"":""hetero_sizes"",""dataset"":""hetero_t__nr100000__ns100000__a1_000ep00__g1"",""n_r"":100000,""n_s"":100000,""has_exact_k"":false,""k_target"":0,""k_achieved"":0,""alpha_target"":1,""alpha_achieved"":nan,""notes"":""p_large_r=0.1, w_small=[0.002,0.01], w_large=[0.1,0.3], anisotropic=1""}"
hetero_t__nr100000__ns100000__a1_000ep00__g1,hetero_sizes,1,100000,100000,pbsm,adaptive,10000,0,1,1,1006.62,8.06931e+06,1,0,1,0,fallback_sampling,1000001,"{""build_ms"":21.772207,""enumerate_prepare_ms"":0.000310,""pbsm_adaptive_pass1_ms"":459.988301,""pbsm_adaptive_sample_large_ms"":458.538840,""pbsm_build_ms"":21.771757,""pbsm_partitions_stripes_ms"":21.427504,""run_build_ms"":21.772687,""run_fallback_count_ms"":459.991871,""run_fallback_sample_ms"":458.543310,""run_pilot_enum_prepare_ms"":0.000870,""run_pilot_enum_scan_ms"":66.283462}",,"{""dataset"":{""source"":""synthetic"",""name"":""hetero_t__nr100000__ns100000__a1_000ep00__g1"",""dim"":2,""path_r"":"""",""path_s"":"""",""synthetic"":{""generator"":""hetero_sizes"",""n_r"":100000,""n_s"":100000,""alpha"":1,""seed"":1}},""run"":{""method"":""pbsm"",""variant"":""adaptive"",""t"":10000,""seed"":1,""repeats"":3,""j_star"":1000000,""enum_cap"":0,""write_samples"":false,""verify"":false},""output"":{""out_dir"":""run/temp/exp5/hetero_t"",""run_tag"":""exp5_hetero_t""},""sys"":{""threads"":1},""logging"":{""level"":""INFO"",""with_timestamp"":true,""with_thread_id"":false}}","{""generator"":""hetero_sizes"",""dataset"":""hetero_t__nr100000__ns100000__a1_000ep00__g1"",""n_r"":100000,""n_s"":100000,""has_exact_k"":false,""k_target"":0,""k_achieved"":0,""alpha_target"":1,""alpha_achieved"":nan,""notes"":""p_large_r=0.1, w_small=[0.002,0.01], w_large=[0.1,0.3], anisotropic=1""}"
hetero_t__nr100000__ns100000__a1_000ep00__g1,hetero_sizes,1,100000,100000,pbsm,adaptive,10000,1,2,1,1010.23,8.06931e+06,1,0,1,0,fallback_sampling,1000001,"{""build_ms"":21.806546,""enumerate_prepare_ms"":0.000250,""pbsm_adaptive_pass1_ms"":464.786978,""pbsm_adaptive_sample_large_ms"":457.241534,""pbsm_build_ms"":21.806236,""pbsm_partitions_stripes_ms"":21.462663,""run_build_ms"":21.806926,""run_fallback_count_ms"":464.791428,""run_fallback_sample_ms"":457.246434,""run_pilot_enum_prepare_ms"":0.000840,""run_pilot_enum_scan_ms"":66.356410}",,"{""dataset"":{""source"":""synthetic"",""name"":""hetero_t__nr100000__ns100000__a1_000ep00__g1"",""dim"":2,""path_r"":"""",""path_s"":"""",""synthetic"":{""generator"":""hetero_sizes"",""n_r"":100000,""n_s"":100000,""alpha"":1,""seed"":1}},""run"":{""method"":""pbsm"",""variant"":""adaptive"",""t"":10000,""seed"":1,""repeats"":3,""j_star"":1000000,""enum_cap"":0,""write_samples"":false,""verify"":false},""output"":{""out_dir"":""run/temp/exp5/hetero_t"",""run_tag"":""exp5_hetero_t""},""sys"":{""threads"":1},""logging"":{""level"":""INFO"",""with_timestamp"":true,""with_thread_id"":false}}","{""generator"":""hetero_sizes"",""dataset"":""hetero_t__nr100000__ns100000__a1_000ep00__g1"",""n_r"":100000,""n_s"":100000,""has_exact_k"":false,""k_target"":0,""k_achieved"":0,""alpha_target"":1,""alpha_achieved"":nan,""notes"":""p_large_r=0.1, w_small=[0.002,0.01], w_large=[0.1,0.3], anisotropic=1""}"
hetero_t__nr100000__ns100000__a1_000ep00__g1,hetero_sizes,1,100000,100000,pbsm,adaptive,10000,2,3,1,1005.2,8.06931e+06,1,0,1,0,fallback_sampling,1000001,"{""build_ms"":21.784767,""enumerate_prepare_ms"":0.000210,""pbsm_adaptive_pass1_ms"":459.994890,""pbsm_adaptive_sample_large_ms"":457.080887,""pbsm_build_ms"":21.784467,""pbsm_partitions_stripes_ms"":21.439364,""run_build_ms"":21.785357,""run_fallback_count_ms"":459.998500,""run_fallback_sample_ms"":457.084777,""run_pilot_enum_prepare_ms"":0.000740,""run_pilot_enum_scan_ms"":66.301182}",,"{""dataset"":{""source"":""synthetic"",""name"":""hetero_t__nr100000__ns100000__a1_000ep00__g1"",""dim"":2,""path_r"":"""",""path_s"":"""",""synthetic"":{""generator"":""hetero_sizes"",""n_r"":100000,""n_s"":100000,""alpha"":1,""seed"":1}},""run"":{""method"":""pbsm"",""variant"":""adaptive"",""t"":10000,""seed"":1,""repeats"":3,""j_star"":1000000,""enum_cap"":0,""write_samples"":false,""verify"":false},""output"":{""out_dir"":""run/temp/exp5/hetero_t"",""run_tag"":""exp5_hetero_t""},""sys"":{""threads"":1},""logging"":{""level"":""INFO"",""with_timestamp"":true,""with_thread_id"":false}}","{""generator"":""hetero_sizes"",""dataset"":""hetero_t__nr100000__ns100000__a1_000ep00__g1"",""n_r"":100000,""n_s"":100000,""has_exact_k"":false,""k_target"":0,""k_achieved"":0,""alpha_target"":1,""alpha_achieved"":nan,""notes"":""p_large_r=0.1, w_small=[0.002,0.01], w_large=[0.1,0.3], anisotropic=1""}"
hetero_t__nr100000__ns100000__a1_000ep00__g1,hetero_sizes,1,100000,100000,tlsop,sampling,10000,0,1,1,300.947,8.06931e+06,1,0,0,0,,0,"{""build_ms"":33.415741,""run_build_ms"":33.416531,""run_count_ms"":131.937165,""run_sample_ms"":135.590606,""tlsop_alloc_tiles_ms"":0.064629,""tlsop_build_ms"":33.414461,""tlsop_build_edges_ms"":0.000340,""tlsop_count_pass1_ms"":131.933965,""tlsop_pass1_count_caps_ms"":6.533763,""tlsop_pass1_reserve_ms"":0.531349,""tlsop_pass2_fill_ms"":7.985065,""tlsop_sample_draw_ranks_ms"":0.487161,""tlsop_sample_pass2_select_ms"":135.089246,""tlsop_sort_lists_ms"":18.286475}",,"{""dataset"":{""source"":""synthetic"",""name"":""hetero_t__nr100000__ns100000__a1_000ep00__g1"",""dim"":2,""path_r"":"""",""path_s"":"""",""synthetic"":{""generator"":""hetero_sizes"",""n_r"":100000,""n_s"":100000,""alpha"":1,""seed"":1}},""run"":{""method"":""tlsop"",""variant"":""sampling"",""t"":10000,""seed"":1,""repeats"":3,""j_star"":1000000,""enum_cap"":0,""write_samples"":false,""verify"":false},""output"":{""out_dir"":""run/temp/exp5/hetero_t"",""run_tag"":""exp5_hetero_t""},""sys"":{""threads"":1},""logging"":{""level"":""INFO"",""with_timestamp"":true,""with_thread_id"":false}}","{""generator"":""hetero_sizes"",""dataset"":""hetero_t__nr100000__ns100000__a1_000ep00__g1"",""n_r"":100000,""n_s"":100000,""has_exact_k"":false,""k_target"":0,""k_achieved"":0,""alpha_target"":1,""alpha_achieved"":nan,""notes"":""p_large_r=0.1, w_small=[0.002,0.01], w_large=[0.1,0.3], anisotropic=1""}"
hetero_t__nr100000__ns100000__a1_000ep00__g1,hetero_sizes,1,100000,100000,tlsop,sampling,10000,1,2,1,308.09,8.06931e+06,1,0,0,0,,0,"{""build_ms"":33.752364,""run_build_ms"":33.752874,""run_count_ms"":137.588916,""run_sample_ms"":136.193454,""tlsop_alloc_tiles_ms"":0.061338,""tlsop_build_ms"":33.751594,""tlsop_build_edges_ms"":0.000700,""tlsop_count_pass1_ms"":137.584916,""tlsop_pass1_count_caps_ms"":6.533943,""tlsop_pass1_reserve_ms"":0.477521,""tlsop_pass2_fill_ms"":7.971535,""tlsop_sample_draw_ranks_ms"":0.489210,""tlsop_sample_pass2_select_ms"":135.689873,""tlsop_sort_lists_ms"":18.266255}",,"{""dataset"":{""source"":""synthetic"",""name"":""hetero_t__nr100000__ns100000__a1_000ep00__g1"",""dim"":2,""path_r"":"""",""path_s"":"""",""synthetic"":{""generator"":""hetero_sizes"",""n_r"":100000,""n_s"":100000,""alpha"":1,""seed"":1}},""run"":{""method"":""tlsop"",""variant"":""sampling"",""t"":10000,""seed"":1,""repeats"":3,""j_star"":1000000,""enum_cap"":0,""write_samples"":false,""verify"":false},""output"":{""out_dir"":""run/temp/exp5/hetero_t"",""run_tag"":""exp5_hetero_t""},""sys"":{""threads"":1},""logging"":{""level"":""INFO"",""with_timestamp"":true,""with_thread_id"":false}}","{""generator"":""hetero_sizes"",""dataset"":""hetero_t__nr100000__ns100000__a1_000ep00__g1"",""n_r"":100000,""n_s"":100000,""has_exact_k"":false,""k_target"":0,""k_achieved"":0,""alpha_target"":1,""alpha_achieved"":nan,""notes"":""p_large_r=0.1, w_small=[0.002,0.01], w_large=[0.1,0.3], anisotropic=1""}"
hetero_t__nr100000__ns100000__a1_000ep00__g1,hetero_sizes,1,100000,100000,tlsop,sampling,10000,2,3,1,302.532,8.06931e+06,1,0,0,0,,0,"{""build_ms"":33.848212,""run_build_ms"":33.848962,""run_count_ms"":131.893846,""run_sample_ms"":136.242442,""tlsop_alloc_tiles_ms"":0.061349,""tlsop_build_ms"":33.846892,""tlsop_build_edges_ms"":0.000680,""tlsop_count_pass1_ms"":131.890686,""tlsop_pass1_count_caps_ms"":6.521373,""tlsop_pass1_reserve_ms"":0.476051,""tlsop_pass2_fill_ms"":8.043793,""tlsop_sample_draw_ranks_ms"":0.480481,""tlsop_sample_pass2_select_ms"":135.747141,""tlsop_sort_lists_ms"":18.293845}",,"{""dataset"":{""source"":""synthetic"",""name"":""hetero_t__nr100000__ns100000__a1_000ep00__g1"",""dim"":2,""path_r"":"""",""path_s"":"""",""synthetic"":{""generator"":""hetero_sizes"",""n_r"":100000,""n_s"":100000,""alpha"":1,""seed"":1}},""run"":{""method"":""tlsop"",""variant"":""sampling"",""t"":10000,""seed"":1,""repeats"":3,""j_star"":1000000,""enum_cap"":0,""write_samples"":false,""verify"":false},""output"":{""out_dir"":""run/temp/exp5/hetero_t"",""run_tag"":""exp5_hetero_t""},""sys"":{""threads"":1},""logging"":{""level"":""INFO"",""with_timestamp"":true,""with_thread_id"":false}}","{""generator"":""hetero_sizes"",""dataset"":""hetero_t__nr100000__ns100000__a1_000ep00__g1"",""n_r"":100000,""n_s"":100000,""has_exact_k"":false,""k_target"":0,""k_achieved"":0,""alpha_target"":1,""alpha_achieved"":nan,""notes"":""p_large_r=0.1, w_small=[0.002,0.01], w_large=[0.1,0.3], anisotropic=1""}"
hetero_t__nr100000__ns100000__a1_000ep00__g1,hetero_sizes,1,100000,100000,tlsop,adaptive,10000,0,1,1,324.554,8.06931e+06,1,0,1,0,fallback_sampling,1000001,"{""build_ms"":33.346492,""enumerate_prepare_ms"":0.012110,""run_build_ms"":33.347073,""run_fallback_count_ms"":135.392739,""run_fallback_sample_ms"":136.031586,""run_pilot_enum_prepare_ms"":0.013070,""run_pilot_enum_scan_ms"":19.749686,""tlsop_adaptive_pass1_ms"":135.380240,""tlsop_adaptive_sample_large_ms"":136.027196,""tlsop_alloc_tiles_ms"":0.081739,""tlsop_build_ms"":33.345642,""tlsop_build_edges_ms"":0.000520,""tlsop_pass1_count_caps_ms"":6.523553,""tlsop_pass1_reserve_ms"":0.485390,""tlsop_pass2_fill_ms"":7.961246,""tlsop_sort_lists_ms"":18.281355}",,"{""dataset"":{""source"":""synthetic"",""name"":""hetero_t__nr100000__ns100000__a1_000ep00__g1"",""dim"":2,""path_r"":"""",""path_s"":"""",""synthetic"":{""generator"":""hetero_sizes"",""n_r"":100000,""n_s"":100000,""alpha"":1,""seed"":1}},""run"":{""method"":""tlsop"",""variant"":""adaptive"",""t"":10000,""seed"":1,""repeats"":3,""j_star"":1000000,""enum_cap"":0,""write_samples"":false,""verify"":false},""output"":{""out_dir"":""run/temp/exp5/hetero_t"",""run_tag"":""exp5_hetero_t""},""sys"":{""threads"":1},""logging"":{""level"":""INFO"",""with_timestamp"":true,""with_thread_id"":false}}","{""generator"":""hetero_sizes"",""dataset"":""hetero_t__nr100000__ns100000__a1_000ep00__g1"",""n_r"":100000,""n_s"":100000,""has_exact_k"":false,""k_target"":0,""k_achieved"":0,""alpha_target"":1,""alpha_achieved"":nan,""notes"":""p_large_r=0.1, w_small=[0.002,0.01], w_large=[0.1,0.3], anisotropic=1""}"
hetero_t__nr100000__ns100000__a1_000ep00__g1,hetero_sizes,1,100000,100000,tlsop,adaptive,10000,1,2,1,325.889,8.06931e+06,1,0,1,0,fallback_sampling,1000001,"{""build_ms"":33.799613,""enumerate_prepare_ms"":0.011570,""run_build_ms"":33.800153,""run_fallback_count_ms"":135.607754,""run_fallback_sample_ms"":136.221672,""run_pilot_enum_prepare_ms"":0.012489,""run_pilot_enum_scan_ms"":19.679798,""tlsop_adaptive_pass1_ms"":135.597424,""tlsop_adaptive_sample_large_ms"":136.216972,""tlsop_alloc_tiles_ms"":0.061179,""tlsop_build_ms"":33.798623,""tlsop_build_edges_ms"":0.000611,""tlsop_pass1_count_caps_ms"":6.531263,""tlsop_pass1_reserve_ms"":0.475231,""tlsop_pass2_fill_ms"":7.960136,""tlsop_sort_lists_ms"":18.318574}",,"{""dataset"":{""source"":""synthetic"",""name"":""hetero_t__nr100000__ns100000__a1_000ep00__g1"",""dim"":2,""path_r"":"""",""path_s"":"""",""synthetic"":{""generator"":""hetero_sizes"",""n_r"":100000,""n_s"":100000,""alpha"":1,""seed"":1}},""run"":{""method"":""tlsop"",""variant"":""adaptive"",""t"":10000,""seed"":1,""repeats"":3,""j_star"":1000000,""enum_cap"":0,""write_samples"":false,""verify"":false},""output"":{""out_dir"":""run/temp/exp5/hetero_t"",""run_tag"":""exp5_hetero_t""},""sys"":{""threads"":1},""logging"":{""level"":""INFO"",""with_timestamp"":true,""with_thread_id"":false}}","{""generator"":""hetero_sizes"",""dataset"":""hetero_t__nr100000__ns100000__a1_000ep00__g1"",""n_r"":100000,""n_s"":100000,""has_exact_k"":false,""k_target"":0,""k_achieved"":0,""alpha_target"":1,""alpha_achieved"":nan,""notes"":""p_large_r=0.1, w_small=[0.002,0.01], w_large=[0.1,0.3], anisotropic=1""}"
hetero_t__nr100000__ns100000__a1_000ep00__g1,hetero_sizes,1,100000,100000,tlsop,adaptive,10000,2,3,1,325.952,8.06931e+06,1,0,1,0,fallback_sampling,1000001,"{""build_ms"":33.769704,""enumerate_prepare_ms"":0.012180,""run_build_ms"":33.770324,""run_fallback_count_ms"":135.569745,""run_fallback_sample_ms"":136.274582,""run_pilot_enum_prepare_ms"":0.012780,""run_pilot_enum_scan_ms"":19.743936,""tlsop_adaptive_pass1_ms"":135.558525,""tlsop_adaptive_sample_large_ms"":136.270392,""tlsop_alloc_tiles_ms"":0.062189,""tlsop_build_ms"":33.768994,""tlsop_build_edges_ms"":0.000550,""tlsop_pass1_count_caps_ms"":6.523134,""tlsop_pass1_reserve_ms"":0.479430,""tlsop_pass2_fill_ms"":7.938476,""tlsop_sort_lists_ms"":18.312694}",,"{""dataset"":{""source"":""synthetic"",""name"":""hetero_t__nr100000__ns100000__a1_000ep00__g1"",""dim"":2,""path_r"":"""",""path_s"":"""",""synthetic"":{""generator"":""hetero_sizes"",""n_r"":100000,""n_s"":100000,""alpha"":1,""seed"":1}},""run"":{""method"":""tlsop"",""variant"":""adaptive"",""t"":10000,""seed"":1,""repeats"":3,""j_star"":1000000,""enum_cap"":0,""write_samples"":false,""verify"":false},""output"":{""out_dir"":""run/temp/exp5/hetero_t"",""run_tag"":""exp5_hetero_t""},""sys"":{""threads"":1},""logging"":{""level"":""INFO"",""with_timestamp"":true,""with_thread_id"":false}}","{""generator"":""hetero_sizes"",""dataset"":""hetero_t__nr100000__ns100000__a1_000ep00__g1"",""n_r"":100000,""n_s"":100000,""has_exact_k"":false,""k_target"":0,""k_achieved"":0,""alpha_target"":1,""alpha_achieved"":nan,""notes"":""p_large_r=0.1, w_small=[0.002,0.01], w_large=[0.1,0.3], anisotropic=1""}"
hetero_t__nr100000__ns100000__a1_000ep00__g1,hetero_sizes,1,100000,100000,sirs,sampling,10000,0,1,1,1512.1,8.06931e+06,1,0,0,0,,0,"{""build_ms"":122.889051,""count_ms"":1130.208443,""run_build_ms"":122.889781,""run_count_ms"":1130.210653,""run_sample_ms"":258.992996,""sample_ms"":258.990656,""sirs_build_index_ms"":122.888401,""sirs_build_kd_ms"":11.251091,""sirs_embed_inner_ms"":55.721838,""sirs_phase1_degrees_ms"":1130.206103,""sirs_rank_axes_ms"":55.908503}",,"{""dataset"":{""source"":""synthetic"",""name"":""hetero_t__nr100000__ns100000__a1_000ep00__g1"",""dim"":2,""path_r"":"""",""path_s"":"""",""synthetic"":{""generator"":""hetero_sizes"",""n_r"":100000,""n_s"":100000,""alpha"":1,""seed"":1}},""run"":{""method"":""sirs"",""variant"":""sampling"",""t"":10000,""seed"":1,""repeats"":3,""j_star"":1000000,""enum_cap"":0,""write_samples"":false,""verify"":false},""output"":{""out_dir"":""run/temp/exp5/hetero_t"",""run_tag"":""exp5_hetero_t""},""sys"":{""threads"":1},""logging"":{""level"":""INFO"",""with_timestamp"":true,""with_thread_id"":false}}","{""generator"":""hetero_sizes"",""dataset"":""hetero_t__nr100000__ns100000__a1_000ep00__g1"",""n_r"":100000,""n_s"":100000,""has_exact_k"":false,""k_target"":0,""k_achieved"":0,""alpha_target"":1,""alpha_achieved"":nan,""notes"":""p_large_r=0.1, w_small=[0.002,0.01], w_large=[0.1,0.3], anisotropic=1""}"
hetero_t__nr100000__ns100000__a1_000ep00__g1,hetero_sizes,1,100000,100000,sirs,sampling,10000,1,2,1,1516.23,8.06931e+06,1,0,0,0,,0,"{""build_ms"":122.489019,""count_ms"":1124.872066,""run_build_ms"":122.489569,""run_count_ms"":1124.873396,""run_sample_ms"":268.861724,""sample_ms"":268.859644,""sirs_build_index_ms"":122.488429,""sirs_build_kd_ms"":11.136134,""sirs_embed_inner_ms"":55.811834,""sirs_phase1_degrees_ms"":1124.868976,""sirs_rank_axes_ms"":55.535111}",,"{""dataset"":{""source"":""synthetic"",""name"":""hetero_t__nr100000__ns100000__a1_000ep00__g1"",""dim"":2,""path_r"":"""",""path_s"":"""",""synthetic"":{""generator"":""hetero_sizes"",""n_r"":100000,""n_s"":100000,""alpha"":1,""seed"":1}},""run"":{""method"":""sirs"",""variant"":""sampling"",""t"":10000,""seed"":1,""repeats"":3,""j_star"":1000000,""enum_cap"":0,""write_samples"":false,""verify"":false},""output"":{""out_dir"":""run/temp/exp5/hetero_t"",""run_tag"":""exp5_hetero_t""},""sys"":{""threads"":1},""logging"":{""level"":""INFO"",""with_timestamp"":true,""with_thread_id"":false}}","{""generator"":""hetero_sizes"",""dataset"":""hetero_t__nr100000__ns100000__a1_000ep00__g1"",""n_r"":100000,""n_s"":100000,""has_exact_k"":false,""k_target"":0,""k_achieved"":0,""alpha_target"":1,""alpha_achieved"":nan,""notes"":""p_large_r=0.1, w_small=[0.002,0.01], w_large=[0.1,0.3], anisotropic=1""}"
hetero_t__nr100000__ns100000__a1_000ep00__g1,hetero_sizes,1,100000,100000,sirs,sampling,10000,2,3,1,1510.71,8.06931e+06,1,0,0,0,,0,"{""build_ms"":122.562878,""count_ms"":1125.160318,""run_build_ms"":122.563597,""run_count_ms"":1125.161648,""run_sample_ms"":262.987068,""sample_ms"":262.984808,""sirs_build_index_ms"":122.562297,""sirs_build_kd_ms"":11.170454,""sirs_embed_inner_ms"":55.825576,""sirs_phase1_degrees_ms"":1125.157518,""sirs_rank_axes_ms"":55.560319}",,"{""dataset"":{""source"":""synthetic"",""name"":""hetero_t__nr100000__ns100000__a1_000ep00__g1"",""dim"":2,""path_r"":"""",""path_s"":"""",""synthetic"":{""generator"":""hetero_sizes"",""n_r"":100000,""n_s"":100000,""alpha"":1,""seed"":1}},""run"":{""method"":""sirs"",""variant"":""sampling"",""t"":10000,""seed"":1,""repeats"":3,""j_star"":1000000,""enum_cap"":0,""write_samples"":false,""verify"":false},""output"":{""out_dir"":""run/temp/exp5/hetero_t"",""run_tag"":""exp5_hetero_t""},""sys"":{""threads"":1},""logging"":{""level"":""INFO"",""with_timestamp"":true,""with_thread_id"":false}}","{""generator"":""hetero_sizes"",""dataset"":""hetero_t__nr100000__ns100000__a1_000ep00__g1"",""n_r"":100000,""n_s"":100000,""has_exact_k"":false,""k_target"":0,""k_achieved"":0,""alpha_target"":1,""alpha_achieved"":nan,""notes"":""p_large_r=0.1, w_small=[0.002,0.01], w_large=[0.1,0.3], anisotropic=1""}"
hetero_t__nr100000__ns100000__a1_000ep00__g1,hetero_sizes,1,100000,100000,sirs,adaptive,10000,0,1,1,1742.34,8.06931e+06,1,0,1,0,fallback_sampling,1000001,"{""build_ms"":123.124697,""count_ms"":1159.775474,""run_build_ms"":123.125317,""run_fallback_count_ms"":1159.778424,""run_fallback_sample_ms"":262.407298,""run_pilot_enum_prepare_ms"":0.000830,""run_pilot_enum_scan_ms"":197.017110,""sample_ms"":262.405408,""sirs_build_index_ms"":123.124077,""sirs_build_kd_ms"":11.309310,""sirs_embed_inner_ms"":55.825555,""sirs_rank_axes_ms"":55.982322}",,"{""dataset"":{""source"":""synthetic"",""name"":""hetero_t__nr100000__ns100000__a1_000ep00__g1"",""dim"":2,""path_r"":"""",""path_s"":"""",""synthetic"":{""generator"":""hetero_sizes"",""n_r"":100000,""n_s"":100000,""alpha"":1,""seed"":1}},""run"":{""method"":""sirs"",""variant"":""adaptive"",""t"":10000,""seed"":1,""repeats"":3,""j_star"":1000000,""enum_cap"":0,""write_samples"":false,""verify"":false},""output"":{""out_dir"":""run/temp/exp5/hetero_t"",""run_tag"":""exp5_hetero_t""},""sys"":{""threads"":1},""logging"":{""level"":""INFO"",""with_timestamp"":true,""with_thread_id"":false}}","{""generator"":""hetero_sizes"",""dataset"":""hetero_t__nr100000__ns100000__a1_000ep00__g1"",""n_r"":100000,""n_s"":100000,""has_exact_k"":false,""k_target"":0,""k_achieved"":0,""alpha_target"":1,""alpha_achieved"":nan,""notes"":""p_large_r=0.1, w_small=[0.002,0.01], w_large=[0.1,0.3], anisotropic=1""}"
hetero_t__nr100000__ns100000__a1_000ep00__g1,hetero_sizes,1,100000,100000,sirs,adaptive,10000,1,2,1,1742.51,8.06931e+06,1,0,1,0,fallback_sampling,1000001,"{""build_ms"":122.496909,""count_ms"":1159.108115,""run_build_ms"":122.497649,""run_fallback_count_ms"":1159.110415,""run_fallback_sample_ms"":263.932878,""run_pilot_enum_prepare_ms"":0.000640,""run_pilot_enum_scan_ms"":196.934472,""sample_ms"":263.930339,""sirs_build_index_ms"":122.496479,""sirs_build_kd_ms"":11.143363,""sirs_embed_inner_ms"":55.804555,""sirs_rank_axes_ms"":55.542781}",,"{""dataset"":{""source"":""synthetic"",""name"":""hetero_t__nr100000__ns100000__a1_000ep00__g1"",""dim"":2,""path_r"":"""",""path_s"":"""",""synthetic"":{""generator"":""hetero_sizes"",""n_r"":100000,""n_s"":100000,""alpha"":1,""seed"":1}},""run"":{""method"":""sirs"",""variant"":""adaptive"",""t"":10000,""seed"":1,""repeats"":3,""j_star"":1000000,""enum_cap"":0,""write_samples"":false,""verify"":false},""output"":{""out_dir"":""run/temp/exp5/hetero_t"",""run_tag"":""exp5_hetero_t""},""sys"":{""threads"":1},""logging"":{""level"":""INFO"",""with_timestamp"":true,""with_thread_id"":false}}","{""generator"":""hetero_sizes"",""dataset"":""hetero_t__nr100000__ns100000__a1_000ep00__g1"",""n_r"":100000,""n_s"":100000,""has_exact_k"":false,""k_target"":0,""k_achieved"":0,""alpha_target"":1,""alpha_achieved"":nan,""notes"":""p_large_r=0.1, w_small=[0.002,0.01], w_large=[0.1,0.3], anisotropic=1""}"
hetero_t__nr100000__ns100000__a1_000ep00__g1,hetero_sizes,1,100000,100000,sirs,adaptive,10000,2,3,1,1739.1,8.06931e+06,1,0,1,0,fallback_sampling,1000001,"{""build_ms"":122.599727,""count_ms"":1159.644073,""run_build_ms"":122.600476,""run_fallback_count_ms"":1159.646824,""run_fallback_sample_ms"":259.907587,""run_pilot_enum_prepare_ms"":0.000469,""run_pilot_enum_scan_ms"":196.909851,""sample_ms"":259.905396,""sirs_build_index_ms"":122.599137,""sirs_build_kd_ms"":11.239902,""sirs_embed_inner_ms"":55.823844,""sirs_rank_axes_ms"":55.529191}",,"{""dataset"":{""source"":""synthetic"",""name"":""hetero_t__nr100000__ns100000__a1_000ep00__g1"",""dim"":2,""path_r"":"""",""path_s"":"""",""synthetic"":{""generator"":""hetero_sizes"",""n_r"":100000,""n_s"":100000,""alpha"":1,""seed"":1}},""run"":{""method"":""sirs"",""variant"":""adaptive"",""t"":10000,""seed"":1,""repeats"":3,""j_star"":1000000,""enum_cap"":0,""write_samples"":false,""verify"":false},""output"":{""out_dir"":""run/temp/exp5/hetero_t"",""run_tag"":""exp5_hetero_t""},""sys"":{""threads"":1},""logging"":{""level"":""INFO"",""with_timestamp"":true,""with_thread_id"":false}}","{""generator"":""hetero_sizes"",""dataset"":""hetero_t__nr100000__ns100000__a1_000ep00__g1"",""n_r"":100000,""n_s"":100000,""has_exact_k"":false,""k_target"":0,""k_achieved"":0,""alpha_target"":1,""alpha_achieved"":nan,""notes"":""p_large_r=0.1, w_small=[0.002,0.01], w_large=[0.1,0.3], anisotropic=1""}"
hetero_t__nr100000__ns100000__a1_000ep00__g1,hetero_sizes,1,100000,100000,rejection,sampling,10000,0,1,0,-1,-1,0,0,0,0,,0,{},SKIPPED: rejection+sampling is disabled in sjs_sweep; use variant=adaptive.,"{""dataset"":{""source"":""synthetic"",""name"":""hetero_t__nr100000__ns100000__a1_000ep00__g1"",""dim"":2,""path_r"":"""",""path_s"":"""",""synthetic"":{""generator"":""hetero_sizes"",""n_r"":100000,""n_s"":100000,""alpha"":1,""seed"":1}},""run"":{""method"":""rejection"",""variant"":""sampling"",""t"":10000,""seed"":1,""repeats"":3,""j_star"":1000000,""enum_cap"":0,""write_samples"":false,""verify"":false},""output"":{""out_dir"":""run/temp/exp5/hetero_t"",""run_tag"":""exp5_hetero_t""},""sys"":{""threads"":1},""logging"":{""level"":""INFO"",""with_timestamp"":true,""with_thread_id"":false}}","{""generator"":""hetero_sizes"",""dataset"":""hetero_t__nr100000__ns100000__a1_000ep00__g1"",""n_r"":100000,""n_s"":100000,""has_exact_k"":false,""k_target"":0,""k_achieved"":0,""alpha_target"":1,""alpha_achieved"":nan,""notes"":""p_large_r=0.1, w_small=[0.002,0.01], w_large=[0.1,0.3], anisotropic=1""}"
hetero_t__nr100000__ns100000__a1_000ep00__g1,hetero_sizes,1,100000,100000,rejection,sampling,10000,1,2,0,-1,-1,0,0,0,0,,0,{},SKIPPED: rejection+sampling is disabled in sjs_sweep; use variant=adaptive.,"{""dataset"":{""source"":""synthetic"",""name"":""hetero_t__nr100000__ns100000__a1_000ep00__g1"",""dim"":2,""path_r"":"""",""path_s"":"""",""synthetic"":{""generator"":""hetero_sizes"",""n_r"":100000,""n_s"":100000,""alpha"":1,""seed"":1}},""run"":{""method"":""rejection"",""variant"":""sampling"",""t"":10000,""seed"":1,""repeats"":3,""j_star"":1000000,""enum_cap"":0,""write_samples"":false,""verify"":false},""output"":{""out_dir"":""run/temp/exp5/hetero_t"",""run_tag"":""exp5_hetero_t""},""sys"":{""threads"":1},""logging"":{""level"":""INFO"",""with_timestamp"":true,""with_thread_id"":false}}","{""generator"":""hetero_sizes"",""dataset"":""hetero_t__nr100000__ns100000__a1_000ep00__g1"",""n_r"":100000,""n_s"":100000,""has_exact_k"":false,""k_target"":0,""k_achieved"":0,""alpha_target"":1,""alpha_achieved"":nan,""notes"":""p_large_r=0.1, w_small=[0.002,0.01], w_large=[0.1,0.3], anisotropic=1""}"
hetero_t__nr100000__ns100000__a1_000ep00__g1,hetero_sizes,1,100000,100000,rejection,sampling,10000,2,3,0,-1,-1,0,0,0,0,,0,{},SKIPPED: rejection+sampling is disabled in sjs_sweep; use variant=adaptive.,"{""dataset"":{""source"":""synthetic"",""name"":""hetero_t__nr100000__ns100000__a1_000ep00__g1"",""dim"":2,""path_r"":"""",""path_s"":"""",""synthetic"":{""generator"":""hetero_sizes"",""n_r"":100000,""n_s"":100000,""alpha"":1,""seed"":1}},""run"":{""method"":""rejection"",""variant"":""sampling"",""t"":10000,""seed"":1,""repeats"":3,""j_star"":1000000,""enum_cap"":0,""write_samples"":false,""verify"":false},""output"":{""out_dir"":""run/temp/exp5/hetero_t"",""run_tag"":""exp5_hetero_t""},""sys"":{""threads"":1},""logging"":{""level"":""INFO"",""with_timestamp"":true,""with_thread_id"":false}}","{""generator"":""hetero_sizes"",""dataset"":""hetero_t__nr100000__ns100000__a1_000ep00__g1"",""n_r"":100000,""n_s"":100000,""has_exact_k"":false,""k_target"":0,""k_achieved"":0,""alpha_target"":1,""alpha_achieved"":nan,""notes"":""p_large_r=0.1, w_small=[0.002,0.01], w_large=[0.1,0.3], anisotropic=1""}"
hetero_t__nr100000__ns100000__a1_000ep00__g1,hetero_sizes,1,100000,100000,rejection,adaptive,10000,0,1,1,2356.06,7.84917e+06,0,0,1,0,fallback_sampling,1000001,"{""adaptive_phase1_ms"":486.265704,""adaptive_sample_ms"":167.588081,""build_ms"":1223.891743,""build_M_ms"":0.119627,""build_cellmap_ms"":14.798982,""build_mu_alias_ms"":1208.682859,""build_slab_index_ms"":0.282244,""count_pilot_ms"":10.281190,""run_build_ms"":1223.893083,""run_fallback_count_ms"":486.267264,""run_fallback_sample_ms"":167.590961,""run_pilot_enum_prepare_ms"":0.006150,""run_pilot_enum_scan_ms"":478.293460}",,"{""dataset"":{""source"":""synthetic"",""name"":""hetero_t__nr100000__ns100000__a1_000ep00__g1"",""dim"":2,""path_r"":"""",""path_s"":"""",""synthetic"":{""generator"":""hetero_sizes"",""n_r"":100000,""n_s"":100000,""alpha"":1,""seed"":1}},""run"":{""method"":""rejection"",""variant"":""adaptive"",""t"":10000,""seed"":1,""repeats"":3,""j_star"":1000000,""enum_cap"":0,""write_samples"":false,""verify"":false},""output"":{""out_dir"":""run/temp/exp5/hetero_t"",""run_tag"":""exp5_hetero_t""},""sys"":{""threads"":1},""logging"":{""level"":""INFO"",""with_timestamp"":true,""with_thread_id"":false}}","{""generator"":""hetero_sizes"",""dataset"":""hetero_t__nr100000__ns100000__a1_000ep00__g1"",""n_r"":100000,""n_s"":100000,""has_exact_k"":false,""k_target"":0,""k_achieved"":0,""alpha_target"":1,""alpha_achieved"":nan,""notes"":""p_large_r=0.1, w_small=[0.002,0.01], w_large=[0.1,0.3], anisotropic=1""}"
hetero_t__nr100000__ns100000__a1_000ep00__g1,hetero_sizes,1,100000,100000,rejection,adaptive,10000,1,2,1,2381.99,7.73446e+06,0,0,1,0,fallback_sampling,1000001,"{""adaptive_phase1_ms"":482.028376,""adaptive_sample_ms"":164.433452,""build_ms"":1232.742868,""build_M_ms"":0.107578,""build_cellmap_ms"":14.760082,""build_mu_alias_ms"":1217.579913,""build_slab_index_ms"":0.281755,""count_pilot_ms"":10.302769,""run_build_ms"":1232.799207,""run_fallback_count_ms"":482.029276,""run_fallback_sample_ms"":164.436532,""run_pilot_enum_prepare_ms"":0.006510,""run_pilot_enum_scan_ms"":476.598992}",,"{""dataset"":{""source"":""synthetic"",""name"":""hetero_t__nr100000__ns100000__a1_000ep00__g1"",""dim"":2,""path_r"":"""",""path_s"":"""",""synthetic"":{""generator"":""hetero_sizes"",""n_r"":100000,""n_s"":100000,""alpha"":1,""seed"":1}},""run"":{""method"":""rejection"",""variant"":""adaptive"",""t"":10000,""seed"":1,""repeats"":3,""j_star"":1000000,""enum_cap"":0,""write_samples"":false,""verify"":false},""output"":{""out_dir"":""run/temp/exp5/hetero_t"",""run_tag"":""exp5_hetero_t""},""sys"":{""threads"":1},""logging"":{""level"":""INFO"",""with_timestamp"":true,""with_thread_id"":false}}","{""generator"":""hetero_sizes"",""dataset"":""hetero_t__nr100000__ns100000__a1_000ep00__g1"",""n_r"":100000,""n_s"":100000,""has_exact_k"":false,""k_target"":0,""k_achieved"":0,""alpha_target"":1,""alpha_achieved"":nan,""notes"":""p_large_r=0.1, w_small=[0.002,0.01], w_large=[0.1,0.3], anisotropic=1""}"
hetero_t__nr100000__ns100000__a1_000ep00__g1,hetero_sizes,1,100000,100000,rejection,adaptive,10000,2,3,1,2385.25,8.19329e+06,0,0,1,0,fallback_sampling,1000001,"{""adaptive_phase1_ms"":485.163354,""adaptive_sample_ms"":166.814866,""build_ms"":1231.099177,""build_M_ms"":0.107647,""build_cellmap_ms"":14.799202,""build_mu_alias_ms"":1215.908743,""build_slab_index_ms"":0.271295,""count_pilot_ms"":10.285680,""run_build_ms"":1231.157876,""run_fallback_count_ms"":485.164434,""run_fallback_sample_ms"":166.818206,""run_pilot_enum_prepare_ms"":0.005980,""run_pilot_enum_scan_ms"":476.764968}",,"{""dataset"":{""source"":""synthetic"",""name"":""hetero_t__nr100000__ns100000__a1_000ep00__g1"",""dim"":2,""path_r"":"""",""path_s"":"""",""synthetic"":{""generator"":""hetero_sizes"",""n_r"":100000,""n_s"":100000,""alpha"":1,""seed"":1}},""run"":{""method"":""rejection"",""variant"":""adaptive"",""t"":10000,""seed"":1,""repeats"":3,""j_star"":1000000,""enum_cap"":0,""write_samples"":false,""verify"":false},""output"":{""out_dir"":""run/temp/exp5/hetero_t"",""run_tag"":""exp5_hetero_t""},""sys"":{""threads"":1},""logging"":{""level"":""INFO"",""with_timestamp"":true,""with_thread_id"":false}}","{""generator"":""hetero_sizes"",""dataset"":""hetero_t__nr100000__ns100000__a1_000ep00__g1"",""n_r"":100000,""n_s"":100000,""has_exact_k"":false,""k_target"":0,""k_achieved"":0,""alpha_target"":1,""alpha_achieved"":nan,""notes"":""p_large_r=0.1, w_small=[0.002,0.01], w_large=[0.1,0.3], anisotropic=1""}"
hetero_t__nr100000__ns100000__a1_000ep00__g1,hetero_sizes,1,100000,100000,ours,sampling,30000,0,1,1,523.215,8.06931e+06,1,0,0,0,,0,"{""build_active_indices_ms"":5.578512,""build_events_ms"":33.869821,""build_ranks_ms"":43.509973,""build_y_domain_ms"":13.813142,""phase1_count_ms"":256.201847,""phase2_plan_ms"":5.619551,""phase3_sample_ms"":162.790214,""run_build_ms"":98.559513,""run_count_ms"":256.205207,""run_sample_ms"":168.427684}",,"{""dataset"":{""source"":""synthetic"",""name"":""hetero_t__nr100000__ns100000__a1_000ep00__g1"",""dim"":2,""path_r"":"""",""path_s"":"""",""synthetic"":{""generator"":""hetero_sizes"",""n_r"":100000,""n_s"":100000,""alpha"":1,""seed"":1}},""run"":{""method"":""ours"",""variant"":""sampling"",""t"":30000,""seed"":1,""repeats"":3,""j_star"":1000000,""enum_cap"":0,""write_samples"":false,""verify"":false},""output"":{""out_dir"":""run/temp/exp5/hetero_t"",""run_tag"":""exp5_hetero_t""},""sys"":{""threads"":1},""logging"":{""level"":""INFO"",""with_timestamp"":true,""with_thread_id"":false}}","{""generator"":""hetero_sizes"",""dataset"":""hetero_t__nr100000__ns100000__a1_000ep00__g1"",""n_r"":100000,""n_s"":100000,""has_exact_k"":false,""k_target"":0,""k_achieved"":0,""alpha_target"":1,""alpha_achieved"":nan,""notes"":""p_large_r=0.1, w_small=[0.002,0.01], w_large=[0.1,0.3], anisotropic=1""}"
hetero_t__nr100000__ns100000__a1_000ep00__g1,hetero_sizes,1,100000,100000,ours,sampling,30000,1,2,1,587.174,8.06931e+06,1,0,0,0,,0,"{""build_active_indices_ms"":5.411104,""build_events_ms"":40.623370,""build_ranks_ms"":43.545714,""build_y_domain_ms"":13.826480,""phase1_count_ms"":262.457235,""phase2_plan_ms"":5.655090,""phase3_sample_ms"":161.698925,""run_build_ms"":105.196474,""run_count_ms"":262.459865,""run_sample_ms"":167.372185}",,"{""dataset"":{""source"":""synthetic"",""name"":""hetero_t__nr100000__ns100000__a1_000ep00__g1"",""dim"":2,""path_r"":"""",""path_s"":"""",""synthetic"":{""generator"":""hetero_sizes"",""n_r"":100000,""n_s"":100000,""alpha"":1,""seed"":1}},""run"":{""method"":""ours"",""variant"":""sampling"",""t"":30000,""seed"":1,""repeats"":3,""j_star"":1000000,""enum_cap"":0,""write_samples"":false,""verify"":false},""output"":{""out_dir"":""run/temp/exp5/hetero_t"",""run_tag"":""exp5_hetero_t""},""sys"":{""threads"":1},""logging"":{""level"":""INFO"",""with_timestamp"":true,""with_thread_id"":false}}","{""generator"":""hetero_sizes"",""dataset"":""hetero_t__nr100000__ns100000__a1_000ep00__g1"",""n_r"":100000,""n_s"":100000,""has_exact_k"":false,""k_target"":0,""k_achieved"":0,""alpha_target"":1,""alpha_achieved"":nan,""notes"":""p_large_r=0.1, w_small=[0.002,0.01], w_large=[0.1,0.3], anisotropic=1""}"
hetero_t__nr100000__ns100000__a1_000ep00__g1,hetero_sizes,1,100000,100000,ours,sampling,30000,2,3,1,595.323,8.06931e+06,1,0,0,0,,0,"{""build_active_indices_ms"":5.478344,""build_events_ms"":65.549715,""build_ranks_ms"":43.524154,""build_y_domain_ms"":13.837790,""phase1_count_ms"":257.331815,""phase2_plan_ms"":5.617411,""phase3_sample_ms"":163.002819,""run_build_ms"":130.181708,""run_count_ms"":257.334845,""run_sample_ms"":168.638130}",,"{""dataset"":{""source"":""synthetic"",""name"":""hetero_t__nr100000__ns100000__a1_000ep00__g1"",""dim"":2,""path_r"":"""",""path_s"":"""",""synthetic"":{""generator"":""hetero_sizes"",""n_r"":100000,""n_s"":100000,""alpha"":1,""seed"":1}},""run"":{""method"":""ours"",""variant"":""sampling"",""t"":30000,""seed"":1,""repeats"":3,""j_star"":1000000,""enum_cap"":0,""write_samples"":false,""verify"":false},""output"":{""out_dir"":""run/temp/exp5/hetero_t"",""run_tag"":""exp5_hetero_t""},""sys"":{""threads"":1},""logging"":{""level"":""INFO"",""with_timestamp"":true,""with_thread_id"":false}}","{""generator"":""hetero_sizes"",""dataset"":""hetero_t__nr100000__ns100000__a1_000ep00__g1"",""n_r"":100000,""n_s"":100000,""has_exact_k"":false,""k_target"":0,""k_achieved"":0,""alpha_target"":1,""alpha_achieved"":nan,""notes"":""p_large_r=0.1, w_small=[0.002,0.01], w_large=[0.1,0.3], anisotropic=1""}"
hetero_t__nr100000__ns100000__a1_000ep00__g1,hetero_sizes,1,100000,100000,ours,adaptive,30000,0,1,1,593.54,8.06931e+06,1,0,1,0,fallback_sampling,1000001,"{""build_active_indices_ms"":5.664890,""build_events_ms"":33.905971,""build_ranks_ms"":43.541983,""build_y_domain_ms"":13.855240,""phase1_count_adaptive_ms"":256.657158,""phase2_plan_ms"":5.590171,""phase3_sample_ms"":163.843193,""run_build_ms"":98.746669,""run_fallback_count_ms"":256.660398,""run_fallback_sample_ms"":169.470454,""run_pilot_enum_prepare_ms"":1.524211,""run_pilot_enum_scan_ms"":67.110514,""sample_ms"":169.451354}",,"{""dataset"":{""source"":""synthetic"",""name"":""hetero_t__nr100000__ns100000__a1_000ep00__g1"",""dim"":2,""path_r"":"""",""path_s"":"""",""synthetic"":{""generator"":""hetero_sizes"",""n_r"":100000,""n_s"":100000,""alpha"":1,""seed"":1}},""run"":{""method"":""ours"",""variant"":""adaptive"",""t"":30000,""seed"":1,""repeats"":3,""j_star"":1000000,""enum_cap"":0,""write_samples"":false,""verify"":false},""output"":{""out_dir"":""run/temp/exp5/hetero_t"",""run_tag"":""exp5_hetero_t""},""sys"":{""threads"":1},""logging"":{""level"":""INFO"",""with_timestamp"":true,""with_thread_id"":false}}","{""generator"":""hetero_sizes"",""dataset"":""hetero_t__nr100000__ns100000__a1_000ep00__g1"",""n_r"":100000,""n_s"":100000,""has_exact_k"":false,""k_target"":0,""k_achieved"":0,""alpha_target"":1,""alpha_achieved"":nan,""notes"":""p_large_r=0.1, w_small=[0.002,0.01], w_large=[0.1,0.3], anisotropic=1""}"
hetero_t__nr100000__ns100000__a1_000ep00__g1,hetero_sizes,1,100000,100000,ours,adaptive,30000,1,2,1,678.67,8.06931e+06,1,0,1,0,fallback_sampling,1000001,"{""build_active_indices_ms"":5.485424,""build_events_ms"":65.710062,""build_ranks_ms"":43.472715,""build_y_domain_ms"":13.841271,""phase1_count_adaptive_ms"":256.502640,""phase2_plan_ms"":5.572952,""phase3_sample_ms"":178.889690,""run_build_ms"":130.274586,""run_fallback_count_ms"":256.506440,""run_fallback_sample_ms"":184.494932,""run_pilot_enum_prepare_ms"":1.525260,""run_pilot_enum_scan_ms"":66.799130,""sample_ms"":184.478912}",,"{""dataset"":{""source"":""synthetic"",""name"":""hetero_t__nr100000__ns100000__a1_000ep00__g1"",""dim"":2,""path_r"":"""",""path_s"":"""",""synthetic"":{""generator"":""hetero_sizes"",""n_r"":100000,""n_s"":100000,""alpha"":1,""seed"":1}},""run"":{""method"":""ours"",""variant"":""adaptive"",""t"":30000,""seed"":1,""repeats"":3,""j_star"":1000000,""enum_cap"":0,""write_samples"":false,""verify"":false},""output"":{""out_dir"":""run/temp/exp5/hetero_t"",""run_tag"":""exp5_hetero_t""},""sys"":{""threads"":1},""logging"":{""level"":""INFO"",""with_timestamp"":true,""with_thread_id"":false}}","{""generator"":""hetero_sizes"",""dataset"":""hetero_t__nr100000__ns100000__a1_000ep00__g1"",""n_r"":100000,""n_s"":100000,""has_exact_k"":false,""k_target"":0,""k_achieved"":0,""alpha_target"":1,""alpha_achieved"":nan,""notes"":""p_large_r=0.1, w_small=[0.002,0.01], w_large=[0.1,0.3], anisotropic=1""}"
hetero_t__nr100000__ns100000__a1_000ep00__g1,hetero_sizes,1,100000,100000,ours,adaptive,30000,2,3,1,667.327,8.06931e+06,1,0,1,0,fallback_sampling,1000001,"{""build_active_indices_ms"":5.485323,""build_events_ms"":65.993156,""build_ranks_ms"":43.509483,""build_y_domain_ms"":13.838682,""phase1_count_adaptive_ms"":258.492891,""phase2_plan_ms"":5.628241,""phase3_sample_ms"":163.873152,""run_build_ms"":130.594550,""run_fallback_count_ms"":258.496291,""run_fallback_sample_ms"":169.537333,""run_pilot_enum_prepare_ms"":1.508131,""run_pilot_enum_scan_ms"":66.914839,""sample_ms"":169.518723}",,"{""dataset"":{""source"":""synthetic"",""name"":""hetero_t__nr100000__ns100000__a1_000ep00__g1"",""dim"":2,""path_r"":"""",""path_s"":"""",""synthetic"":{""generator"":""hetero_sizes"",""n_r"":100000,""n_s"":100000,""alpha"":1,""seed"":1}},""run"":{""method"":""ours"",""variant"":""adaptive"",""t"":30000,""seed"":1,""repeats"":3,""j_star"":1000000,""enum_cap"":0,""write_samples"":false,""verify"":false},""output"":{""out_dir"":""run/temp/exp5/hetero_t"",""run_tag"":""exp5_hetero_t""},""sys"":{""threads"":1},""logging"":{""level"":""INFO"",""with_timestamp"":true,""with_thread_id"":false}}","{""generator"":""hetero_sizes"",""dataset"":""hetero_t__nr100000__ns100000__a1_000ep00__g1"",""n_r"":100000,""n_s"":100000,""has_exact_k"":false,""k_target"":0,""k_achieved"":0,""alpha_target"":1,""alpha_achieved"":nan,""notes"":""p_large_r=0.1, w_small=[0.002,0.01], w_large=[0.1,0.3], anisotropic=1""}"
hetero_t__nr100000__ns100000__a1_000ep00__g1,hetero_sizes,1,100000,100000,aabb,sampling,30000,0,1,1,903.055,8.06931e+06,1,0,0,0,,0,"{""build_ms"":35.625947,""phase1_count_ms"":647.164312,""phase2_assign_ms"":6.082942,""phase3_sample_ms"":214.159894,""run_build_ms"":35.627687,""run_count_ms"":647.167221,""run_sample_ms"":220.257086}",,"{""dataset"":{""source"":""synthetic"",""name"":""hetero_t__nr100000__ns100000__a1_000ep00__g1"",""dim"":2,""path_r"":"""",""path_s"":"""",""synthetic"":{""generator"":""hetero_sizes"",""n_r"":100000,""n_s"":100000,""alpha"":1,""seed"":1}},""run"":{""method"":""aabb"",""variant"":""sampling"",""t"":30000,""seed"":1,""repeats"":3,""j_star"":1000000,""enum_cap"":0,""write_samples"":false,""verify"":false},""output"":{""out_dir"":""run/temp/exp5/hetero_t"",""run_tag"":""exp5_hetero_t""},""sys"":{""threads"":1},""logging"":{""level"":""INFO"",""with_timestamp"":true,""with_thread_id"":false}}","{""generator"":""hetero_sizes"",""dataset"":""hetero_t__nr100000__ns100000__a1_000ep00__g1"",""n_r"":100000,""n_s"":100000,""has_exact_k"":false,""k_target"":0,""k_achieved"":0,""alpha_target"":1,""alpha_achieved"":nan,""notes"":""p_large_r=0.1, w_small=[0.002,0.01], w_large=[0.1,0.3], anisotropic=1""}"
hetero_t__nr100000__ns100000__a1_000ep00__g1,hetero_sizes,1,100000,100000,aabb,sampling,30000,1,2,1,908.329,8.06931e+06,1,0,0,0,,0,"{""build_ms"":35.534829,""phase1_count_ms"":652.847800,""phase2_assign_ms"":6.082122,""phase3_sample_ms"":213.845710,""run_build_ms"":35.536539,""run_count_ms"":652.850070,""run_sample_ms"":219.940782}",,"{""dataset"":{""source"":""synthetic"",""name"":""hetero_t__nr100000__ns100000__a1_000ep00__g1"",""dim"":2,""path_r"":"""",""path_s"":"""",""synthetic"":{""generator"":""hetero_sizes"",""n_r"":100000,""n_s"":100000,""alpha"":1,""seed"":1}},""run"":{""method"":""aabb"",""variant"":""sampling"",""t"":30000,""seed"":1,""repeats"":3,""j_star"":1000000,""enum_cap"":0,""write_samples"":false,""verify"":false},""output"":{""out_dir"":""run/temp/exp5/hetero_t"",""run_tag"":""exp5_hetero_t""},""sys"":{""threads"":1},""logging"":{""level"":""INFO"",""with_timestamp"":true,""with_thread_id"":false}}","{""generator"":""hetero_sizes"",""dataset"":""hetero_t__nr100000__ns100000__a1_000ep00__g1"",""n_r"":100000,""n_s"":100000,""has_exact_k"":false,""k_target"":0,""k_achieved"":0,""alpha_target"":1,""alpha_achieved"":nan,""notes"":""p_large_r=0.1, w_small=[0.002,0.01], w_large=[0.1,0.3], anisotropic=1""}"
hetero_t__nr100000__ns100000__a1_000ep00__g1,hetero_sizes,1,100000,100000,aabb,sampling,30000,2,3,1,902.732,8.06931e+06,1,0,0,0,,0,"{""build_ms"":35.531738,""phase1_count_ms"":647.429376,""phase2_assign_ms"":6.126430,""phase3_sample_ms"":213.624204,""run_build_ms"":35.533598,""run_count_ms"":647.431546,""run_sample_ms"":219.764464}",,"{""dataset"":{""source"":""synthetic"",""name"":""hetero_t__nr100000__ns100000__a1_000ep00__g1"",""dim"":2,""path_r"":"""",""path_s"":"""",""synthetic"":{""generator"":""hetero_sizes"",""n_r"":100000,""n_s"":100000,""alpha"":1,""seed"":1}},""run"":{""method"":""aabb"",""variant"":""sampling"",""t"":30000,""seed"":1,""repeats"":3,""j_star"":1000000,""enum_cap"":0,""write_samples"":false,""verify"":false},""output"":{""out_dir"":""run/temp/exp5/hetero_t"",""run_tag"":""exp5_hetero_t""},""sys"":{""threads"":1},""logging"":{""level"":""INFO"",""with_timestamp"":true,""with_thread_id"":false}}","{""generator"":""hetero_sizes"",""dataset"":""hetero_t__nr100000__ns100000__a1_000ep00__g1"",""n_r"":100000,""n_s"":100000,""has_exact_k"":false,""k_target"":0,""k_achieved"":0,""alpha_target"":1,""alpha_achieved"":nan,""notes"":""p_large_r=0.1, w_small=[0.002,0.01], w_large=[0.1,0.3], anisotropic=1""}"
hetero_t__nr100000__ns100000__a1_000ep00__g1,hetero_sizes,1,100000,100000,aabb,adaptive,30000,0,1,1,1094.54,8.06931e+06,1,0,1,0,fallback_sampling,1000001,"{""build_ms"":35.562038,""enumerate_prepare_ms"":33.932630,""phase1_count_ms"":687.344828,""phase2_assign_ms"":6.101931,""phase3_sample_ms"":213.604434,""run_build_ms"":35.562818,""run_fallback_count_ms"":687.347658,""run_fallback_sample_ms"":219.721015,""run_pilot_enum_prepare_ms"":33.935490,""run_pilot_enum_scan_ms"":117.945456}",,"{""dataset"":{""source"":""synthetic"",""name"":""hetero_t__nr100000__ns100000__a1_000ep00__g1"",""dim"":2,""path_r"":"""",""path_s"":"""",""synthetic"":{""generator"":""hetero_sizes"",""n_r"":100000,""n_s"":100000,""alpha"":1,""seed"":1}},""run"":{""method"":""aabb"",""variant"":""adaptive"",""t"":30000,""seed"":1,""repeats"":3,""j_star"":1000000,""enum_cap"":0,""write_samples"":false,""verify"":false},""output"":{""out_dir"":""run/temp/exp5/hetero_t"",""run_tag"":""exp5_hetero_t""},""sys"":{""threads"":1},""logging"":{""level"":""INFO"",""with_timestamp"":true,""with_thread_id"":false}}","{""generator"":""hetero_sizes"",""dataset"":""hetero_t__nr100000__ns100000__a1_000ep00__g1"",""n_r"":100000,""n_s"":100000,""has_exact_k"":false,""k_target"":0,""k_achieved"":0,""alpha_target"":1,""alpha_achieved"":nan,""notes"":""p_large_r=0.1, w_small=[0.002,0.01], w_large=[0.1,0.3], anisotropic=1""}"
hetero_t__nr100000__ns100000__a1_000ep00__g1,hetero_sizes,1,100000,100000,aabb,adaptive,30000,1,2,1,1085.87,8.06931e+06,1,0,1,0,fallback_sampling,1000001,"{""build_ms"":35.602848,""enumerate_prepare_ms"":33.961380,""phase1_count_ms"":681.851594,""phase2_assign_ms"":6.085052,""phase3_sample_ms"":210.551904,""run_build_ms"":35.604297,""run_fallback_count_ms"":681.854454,""run_fallback_sample_ms"":216.650845,""run_pilot_enum_prepare_ms"":33.963490,""run_pilot_enum_scan_ms"":117.768789}",,"{""dataset"":{""source"":""synthetic"",""name"":""hetero_t__nr100000__ns100000__a1_000ep00__g1"",""dim"":2,""path_r"":"""",""path_s"":"""",""synthetic"":{""generator"":""hetero_sizes"",""n_r"":100000,""n_s"":100000,""alpha"":1,""seed"":1}},""run"":{""method"":""aabb"",""variant"":""adaptive"",""t"":30000,""seed"":1,""repeats"":3,""j_star"":1000000,""enum_cap"":0,""write_samples"":false,""verify"":false},""output"":{""out_dir"":""run/temp/exp5/hetero_t"",""run_tag"":""exp5_hetero_t""},""sys"":{""threads"":1},""logging"":{""level"":""INFO"",""with_timestamp"":true,""with_thread_id"":false}}","{""generator"":""hetero_sizes"",""dataset"":""hetero_t__nr100000__ns100000__a1_000ep00__g1"",""n_r"":100000,""n_s"":100000,""has_exact_k"":false,""k_target"":0,""k_achieved"":0,""alpha_target"":1,""alpha_achieved"":nan,""notes"":""p_large_r=0.1, w_small=[0.002,0.01], w_large=[0.1,0.3], anisotropic=1""}"
hetero_t__nr100000__ns100000__a1_000ep00__g1,hetero_sizes,1,100000,100000,aabb,adaptive,30000,2,3,1,1091.15,8.06931e+06,1,0,1,0,fallback_sampling,1000001,"{""build_ms"":35.581947,""enumerate_prepare_ms"":33.997099,""phase1_count_ms"":687.064352,""phase2_assign_ms"":6.109002,""phase3_sample_ms"":210.521334,""run_build_ms"":35.583058,""run_fallback_count_ms"":687.066912,""run_fallback_sample_ms"":216.644545,""run_pilot_enum_prepare_ms"":33.999449,""run_pilot_enum_scan_ms"":117.829507}",,"{""dataset"":{""source"":""synthetic"",""name"":""hetero_t__nr100000__ns100000__a1_000ep00__g1"",""dim"":2,""path_r"":"""",""path_s"":"""",""synthetic"":{""generator"":""hetero_sizes"",""n_r"":100000,""n_s"":100000,""alpha"":1,""seed"":1}},""run"":{""method"":""aabb"",""variant"":""adaptive"",""t"":30000,""seed"":1,""repeats"":3,""j_star"":1000000,""enum_cap"":0,""write_samples"":false,""verify"":false},""output"":{""out_dir"":""run/temp/exp5/hetero_t"",""run_tag"":""exp5_hetero_t""},""sys"":{""threads"":1},""logging"":{""level"":""INFO"",""with_timestamp"":true,""with_thread_id"":false}}","{""generator"":""hetero_sizes"",""dataset"":""hetero_t__nr100000__ns100000__a1_000ep00__g1"",""n_r"":100000,""n_s"":100000,""has_exact_k"":false,""k_target"":0,""k_achieved"":0,""alpha_target"":1,""alpha_achieved"":nan,""notes"":""p_large_r=0.1, w_small=[0.002,0.01], w_large=[0.1,0.3], anisotropic=1""}"
hetero_t__nr100000__ns100000__a1_000ep00__g1,hetero_sizes,1,100000,100000,interval_tree,sampling,30000,0,1,1,1016.22,8.06931e+06,1,0,0,0,,0,"{""build_ms"":148.948493,""build_active_ms"":32.042316,""build_events_ms"":37.402703,""build_start_ids_ms"":1.572559,""build_y_endpoints_ms"":28.003286,""build_y_indices_ms"":49.921400,""phase1_count_ms"":526.515835,""phase2_slots_ms"":6.364556,""phase3_resweep_ms"":334.369825,""run_build_ms"":148.949293,""run_count_ms"":526.518145,""run_sample_ms"":340.748340}",,"{""dataset"":{""source"":""synthetic"",""name"":""hetero_t__nr100000__ns100000__a1_000ep00__g1"",""dim"":2,""path_r"":"""",""path_s"":"""",""synthetic"":{""generator"":""hetero_sizes"",""n_r"":100000,""n_s"":100000,""alpha"":1,""seed"":1}},""run"":{""method"":""interval_tree"",""variant"":""sampling"",""t"":30000,""seed"":1,""repeats"":3,""j_star"":1000000,""enum_cap"":0,""write_samples"":false,""verify"":false},""output"":{""out_dir"":""run/temp/exp5/hetero_t"",""run_tag"":""exp5_hetero_t""},""sys"":{""threads"":1},""logging"":{""level"":""INFO"",""with_timestamp"":true,""with_thread_id"":false}}","{""generator"":""hetero_sizes"",""dataset"":""hetero_t__nr100000__ns100000__a1_000ep00__g1"",""n_r"":100000,""n_s"":100000,""has_exact_k"":false,""k_target"":0,""k_achieved"":0,""alpha_target"":1,""alpha_achieved"":nan,""notes"":""p_large_r=0.1, w_small=[0.002,0.01], w_large=[0.1,0.3], anisotropic=1""}"
hetero_t__nr100000__ns100000__a1_000ep00__g1,hetero_sizes,1,100000,100000,interval_tree,sampling,30000,1,2,1,1092.95,8.06931e+06,1,0,0,0,,0,"{""build_ms"":145.403471,""build_active_ms"":23.530852,""build_events_ms"":42.386555,""build_start_ids_ms"":1.593379,""build_y_endpoints_ms"":27.990695,""build_y_indices_ms"":49.893610,""phase1_count_ms"":532.673365,""phase2_slots_ms"":6.495234,""phase3_resweep_ms"":335.098979,""run_build_ms"":145.404171,""run_count_ms"":532.675495,""run_sample_ms"":341.609773}",,"{""dataset"":{""source"":""synthetic"",""name"":""hetero_t__nr100000__ns100000__a1_000ep00__g1"",""dim"":2,""path_r"":"""",""path_s"":"""",""synthetic"":{""generator"":""hetero_sizes"",""n_r"":100000,""n_s"":100000,""alpha"":1,""seed"":1}},""run"":{""method"":""interval_tree"",""variant"":""sampling"",""t"":30000,""seed"":1,""repeats"":3,""j_star"":1000000,""enum_cap"":0,""write_samples"":false,""verify"":false},""output"":{""out_dir"":""run/temp/exp5/hetero_t"",""run_tag"":""exp5_hetero_t""},""sys"":{""threads"":1},""logging"":{""level"":""INFO"",""with_timestamp"":true,""with_thread_id"":false}}","{""generator"":""hetero_sizes"",""dataset"":""hetero_t__nr100000__ns100000__a1_000ep00__g1"",""n_r"":100000,""n_s"":100000,""has_exact_k"":false,""k_target"":0,""k_achieved"":0,""alpha_target"":1,""alpha_achieved"":nan,""notes"":""p_large_r=0.1, w_small=[0.002,0.01], w_large=[0.1,0.3], anisotropic=1""}"
hetero_t__nr100000__ns100000__a1_000ep00__g1,hetero_sizes,1,100000,100000,interval_tree,sampling,30000,2,3,1,1080.48,8.06931e+06,1,0,0,0,,0,"{""build_ms"":164.703204,""build_active_ms"":23.514852,""build_events_ms"":61.631511,""build_start_ids_ms"":1.595339,""build_y_endpoints_ms"":28.022125,""build_y_indices_ms"":49.931188,""phase1_count_ms"":526.266660,""phase2_slots_ms"":6.408036,""phase3_resweep_ms"":335.158228,""run_build_ms"":164.704094,""run_count_ms"":526.269030,""run_sample_ms"":341.580414}",,"{""dataset"":{""source"":""synthetic"",""name"":""hetero_t__nr100000__ns100000__a1_000ep00__g1"",""dim"":2,""path_r"":"""",""path_s"":"""",""synthetic"":{""generator"":""hetero_sizes"",""n_r"":100000,""n_s"":100000,""alpha"":1,""seed"":1}},""run"":{""method"":""interval_tree"",""variant"":""sampling"",""t"":30000,""seed"":1,""repeats"":3,""j_star"":1000000,""enum_cap"":0,""write_samples"":false,""verify"":false},""output"":{""out_dir"":""run/temp/exp5/hetero_t"",""run_tag"":""exp5_hetero_t""},""sys"":{""threads"":1},""logging"":{""level"":""INFO"",""with_timestamp"":true,""with_thread_id"":false}}","{""generator"":""hetero_sizes"",""dataset"":""hetero_t__nr100000__ns100000__a1_000ep00__g1"",""n_r"":100000,""n_s"":100000,""has_exact_k"":false,""k_target"":0,""k_achieved"":0,""alpha_target"":1,""alpha_achieved"":nan,""notes"":""p_large_r=0.1, w_small=[0.002,0.01], w_large=[0.1,0.3], anisotropic=1""}"
hetero_t__nr100000__ns100000__a1_000ep00__g1,hetero_sizes,1,100000,100000,interval_tree,adaptive,30000,0,1,1,1360.05,8.06931e+06,1,0,1,0,fallback_sampling,1000001,"{""build_ms"":150.223756,""build_active_ms"":32.434469,""build_events_ms"":37.389512,""build_start_ids_ms"":1.541820,""build_y_endpoints_ms"":28.165521,""build_y_indices_ms"":50.683784,""enumerate_prepare_ms"":165.825743,""phase1_count_adaptive_ms"":573.461741,""phase2_slots_ms"":6.365356,""phase3_resweep_ms"":334.887183,""run_build_ms"":150.224856,""run_fallback_count_ms"":573.464061,""run_fallback_sample_ms"":341.276239,""run_pilot_enum_prepare_ms"":165.829743,""run_pilot_enum_scan_ms"":106.980508}",,"{""dataset"":{""source"":""synthetic"",""name"":""hetero_t__nr100000__ns100000__a1_000ep00__g1"",""dim"":2,""path_r"":"""",""path_s"":"""",""synthetic"":{""generator"":""hetero_sizes"",""n_r"":100000,""n_s"":100000,""alpha"":1,""seed"":1}},""run"":{""method"":""interval_tree"",""variant"":""adaptive"",""t"":30000,""seed"":1,""repeats"":3,""j_star"":1000000,""enum_cap"":0,""write_samples"":false,""verify"":false},""output"":{""out_dir"":""run/temp/exp5/hetero_t"",""run_tag"":""exp5_hetero_t""},""sys"":{""threads"":1},""logging"":{""level"":""INFO"",""with_timestamp"":true,""with_thread_id"":false}}","{""generator"":""hetero_sizes"",""dataset"":""hetero_t__nr100000__ns100000__a1_000ep00__g1"",""n_r"":100000,""n_s"":100000,""has_exact_k"":false,""k_target"":0,""k_achieved"":0,""alpha_target"":1,""alpha_achieved"":nan,""notes"":""p_large_r=0.1, w_small=[0.002,0.01], w_large=[0.1,0.3], anisotropic=1""}"
hetero_t__nr100000__ns100000__a1_000ep00__g1,hetero_sizes,1,100000,100000,interval_tree,adaptive,30000,1,2,1,1423.05,8.06931e+06,1,0,1,0,fallback_sampling,1000001,"{""build_ms"":146.030788,""build_active_ms"":23.466114,""build_events_ms"":42.363656,""build_start_ids_ms"":1.532570,""build_y_endpoints_ms"":28.123053,""build_y_indices_ms"":50.536416,""enumerate_prepare_ms"":167.055800,""phase1_count_adaptive_ms"":563.930176,""phase2_slots_ms"":6.442384,""phase3_resweep_ms"":335.396943,""run_build_ms"":146.031818,""run_fallback_count_ms"":563.932476,""run_fallback_sample_ms"":341.854067,""run_pilot_enum_prepare_ms"":167.059360,""run_pilot_enum_scan_ms"":106.783582}",,"{""dataset"":{""source"":""synthetic"",""name"":""hetero_t__nr100000__ns100000__a1_000ep00__g1"",""dim"":2,""path_r"":"""",""path_s"":"""",""synthetic"":{""generator"":""hetero_sizes"",""n_r"":100000,""n_s"":100000,""alpha"":1,""seed"":1}},""run"":{""method"":""interval_tree"",""variant"":""adaptive"",""t"":30000,""seed"":1,""repeats"":3,""j_star"":1000000,""enum_cap"":0,""write_samples"":false,""verify"":false},""output"":{""out_dir"":""run/temp/exp5/hetero_t"",""run_tag"":""exp5_hetero_t""},""sys"":{""threads"":1},""logging"":{""level"":""INFO"",""with_timestamp"":true,""with_thread_id"":false}}","{""generator"":""hetero_sizes"",""dataset"":""hetero_t__nr100000__ns100000__a1_000ep00__g1"",""n_r"":100000,""n_s"":100000,""has_exact_k"":false,""k_target"":0,""k_achieved"":0,""alpha_target"":1,""alpha_achieved"":nan,""notes"":""p_large_r=0.1, w_small=[0.002,0.01], w_large=[0.1,0.3], anisotropic=1""}"
hetero_t__nr100000__ns100000__a1_000ep00__g1,hetero_sizes,1,100000,100000,interval_tree,adaptive,30000,2,3,1,1415.49,8.06931e+06,1,0,1,0,fallback_sampling,1000001,"{""build_ms"":177.887088,""build_active_ms"":23.544262,""build_events_ms"":73.956460,""build_start_ids_ms"":1.534991,""build_y_endpoints_ms"":28.115703,""build_y_indices_ms"":50.726863,""enumerate_prepare_ms"":166.094648,""phase1_count_adaptive_ms"":562.599721,""phase2_slots_ms"":6.466205,""phase3_resweep_ms"":332.986629,""run_build_ms"":177.888598,""run_fallback_count_ms"":562.602061,""run_fallback_sample_ms"":339.468063,""run_pilot_enum_prepare_ms"":166.098178,""run_pilot_enum_scan_ms"":107.110756}",,"{""dataset"":{""source"":""synthetic"",""name"":""hetero_t__nr100000__ns100000__a1_000ep00__g1"",""dim"":2,""path_r"":"""",""path_s"":"""",""synthetic"":{""generator"":""hetero_sizes"",""n_r"":100000,""n_s"":100000,""alpha"":1,""seed"":1}},""run"":{""method"":""interval_tree"",""variant"":""adaptive"",""t"":30000,""seed"":1,""repeats"":3,""j_star"":1000000,""enum_cap"":0,""write_samples"":false,""verify"":false},""output"":{""out_dir"":""run/temp/exp5/hetero_t"",""run_tag"":""exp5_hetero_t""},""sys"":{""threads"":1},""logging"":{""level"":""INFO"",""with_timestamp"":true,""with_thread_id"":false}}","{""generator"":""hetero_sizes"",""dataset"":""hetero_t__nr100000__ns100000__a1_000ep00__g1"",""n_r"":100000,""n_s"":100000,""has_exact_k"":false,""k_target"":0,""k_achieved"":0,""alpha_target"":1,""alpha_achieved"":nan,""notes"":""p_large_r=0.1, w_small=[0.002,0.01], w_large=[0.1,0.3], anisotropic=1""}"
hetero_t__nr100000__ns100000__a1_000ep00__g1,hetero_sizes,1,100000,100000,kd_tree,sampling,30000,0,1,1,665.879,8.06931e+06,1,0,0,0,,0,"{""build_ms"":102.453435,""build_events_ms"":33.947470,""build_kdtrees_ms"":34.760364,""build_rank_arrays_ms"":32.335591,""build_start_index_ms"":1.366593,""phase1_count_ms"":435.540154,""phase2_alias_ms"":127.876561,""phase3_sweep_ms"":121.707722,""run_build_ms"":102.454206,""run_count_ms"":435.543264,""run_sample_ms"":127.877611}",,"{""dataset"":{""source"":""synthetic"",""name"":""hetero_t__nr100000__ns100000__a1_000ep00__g1"",""dim"":2,""path_r"":"""",""path_s"":"""",""synthetic"":{""generator"":""hetero_sizes"",""n_r"":100000,""n_s"":100000,""alpha"":1,""seed"":1}},""run"":{""method"":""kd_tree"",""variant"":""sampling"",""t"":30000,""seed"":1,""repeats"":3,""j_star"":1000000,""enum_cap"":0,""write_samples"":false,""verify"":false},""output"":{""out_dir"":""run/temp/exp5/hetero_t"",""run_tag"":""exp5_hetero_t""},""sys"":{""threads"":1},""logging"":{""level"":""INFO"",""with_timestamp"":true,""with_thread_id"":false}}","{""generator"":""hetero_sizes"",""dataset"":""hetero_t__nr100000__ns100000__a1_000ep00__g1"",""n_r"":100000,""n_s"":100000,""has_exact_k"":false,""k_target"":0,""k_achieved"":0,""alpha_target"":1,""alpha_achieved"":nan,""notes"":""p_large_r=0.1, w_small=[0.002,0.01], w_large=[0.1,0.3], anisotropic=1""}"
hetero_t__nr100000__ns100000__a1_000ep00__g1,hetero_sizes,1,100000,100000,kd_tree,sampling,30000,1,2,1,666.004,8.06931e+06,1,0,0,0,,0,"{""build_ms"":102.431726,""build_events_ms"":33.872960,""build_kdtrees_ms"":34.793783,""build_rank_arrays_ms"":32.344400,""build_start_index_ms"":1.369923,""phase1_count_ms"":441.713513,""phase2_alias_ms"":121.824539,""phase3_sweep_ms"":115.630140,""run_build_ms"":102.432386,""run_count_ms"":441.716633,""run_sample_ms"":121.825679}",,"{""dataset"":{""source"":""synthetic"",""name"":""hetero_t__nr100000__ns100000__a1_000ep00__g1"",""dim"":2,""path_r"":"""",""path_s"":"""",""synthetic"":{""generator"":""hetero_sizes"",""n_r"":100000,""n_s"":100000,""alpha"":1,""seed"":1}},""run"":{""method"":""kd_tree"",""variant"":""sampling"",""t"":30000,""seed"":1,""repeats"":3,""j_star"":1000000,""enum_cap"":0,""write_samples"":false,""verify"":false},""output"":{""out_dir"":""run/temp/exp5/hetero_t"",""run_tag"":""exp5_hetero_t""},""sys"":{""threads"":1},""logging"":{""level"":""INFO"",""with_timestamp"":true,""with_thread_id"":false}}","{""generator"":""hetero_sizes"",""dataset"":""hetero_t__nr100000__ns100000__a1_000ep00__g1"",""n_r"":100000,""n_s"":100000,""has_exact_k"":false,""k_target"":0,""k_achieved"":0,""alpha_target"":1,""alpha_achieved"":nan,""notes"":""p_large_r=0.1, w_small=[0.002,0.01], w_large=[0.1,0.3], anisotropic=1""}"
hetero_t__nr100000__ns100000__a1_000ep00__g1,hetero_sizes,1,100000,100000,kd_tree,sampling,30000,2,3,1,666.815,8.06931e+06,1,0,0,0,,0,"{""build_ms"":102.421957,""build_events_ms"":33.866711,""build_kdtrees_ms"":34.709765,""build_rank_arrays_ms"":32.420439,""build_start_index_ms"":1.375033,""phase1_count_ms"":442.626705,""phase2_alias_ms"":121.759370,""phase3_sweep_ms"":115.565541,""run_build_ms"":102.422777,""run_count_ms"":442.629415,""run_sample_ms"":121.760210}",,"{""dataset"":{""source"":""synthetic"",""name"":""hetero_t__nr100000__ns100000__a1_000ep00__g1"",""dim"":2,""path_r"":"""",""path_s"":"""",""synthetic"":{""generator"":""hetero_sizes"",""n_r"":100000,""n_s"":100000,""alpha"":1,""seed"":1}},""run"":{""method"":""kd_tree"",""variant"":""sampling"",""t"":30000,""seed"":1,""repeats"":3,""j_star"":1000000,""enum_cap"":0,""write_samples"":false,""verify"":false},""output"":{""out_dir"":""run/temp/exp5/hetero_t"",""run_tag"":""exp5_hetero_t""},""sys"":{""threads"":1},""logging"":{""level"":""INFO"",""with_timestamp"":true,""with_thread_id"":false}}","{""generator"":""hetero_sizes"",""dataset"":""hetero_t__nr100000__ns100000__a1_000ep00__g1"",""n_r"":100000,""n_s"":100000,""has_exact_k"":false,""k_target"":0,""k_achieved"":0,""alpha_target"":1,""alpha_achieved"":nan,""notes"":""p_large_r=0.1, w_small=[0.002,0.01], w_large=[0.1,0.3], anisotropic=1""}"
hetero_t__nr100000__ns100000__a1_000ep00__g1,hetero_sizes,1,100000,100000,kd_tree,adaptive,30000,0,1,1,1127.62,8.06931e+06,1,0,1,0,fallback_sampling,1000001,"{""adaptive_fallback_sampling_ms"":122.260130,""build_ms"":102.378827,""build_embedding_ms"":32.381600,""build_events_ms"":33.859271,""build_kdtrees_ms"":34.768113,""build_rank_arrays_ms"":32.341630,""build_start_index_ms"":1.364803,""enumerate_prepare_ms"":101.003374,""phase1_count_and_maybe_enumerate_ms"":562.474912,""phase2_alias_ms"":3.929643,""phase2_assign_ms"":1.930723,""phase3_sweep_ms"":115.976863,""run_build_ms"":102.379647,""run_fallback_count_ms"":562.477512,""run_fallback_sample_ms"":122.261490,""run_pilot_enum_prepare_ms"":101.007674,""run_pilot_enum_scan_ms"":239.463489}",,"{""dataset"":{""source"":""synthetic"",""name"":""hetero_t__nr100000__ns100000__a1_000ep00__g1"",""dim"":2,""path_r"":"""",""path_s"":"""",""synthetic"":{""generator"":""hetero_sizes"",""n_r"":100000,""n_s"":100000,""alpha"":1,""seed"":1}},""run"":{""method"":""kd_tree"",""variant"":""adaptive"",""t"":30000,""seed"":1,""repeats"":3,""j_star"":1000000,""enum_cap"":0,""write_samples"":false,""verify"":false},""output"":{""out_dir"":""run/temp/exp5/hetero_t"",""run_tag"":""exp5_hetero_t""},""sys"":{""threads"":1},""logging"":{""level"":""INFO"",""with_timestamp"":true,""with_thread_id"":false}}","{""generator"":""hetero_sizes"",""dataset"":""hetero_t__nr100000__ns100000__a1_000ep00__g1"",""n_r"":100000,""n_s"":100000,""has_exact_k"":false,""k_target"":0,""k_achieved"":0,""alpha_target"":1,""alpha_achieved"":nan,""notes"":""p_large_r=0.1, w_small=[0.002,0.01], w_large=[0.1,0.3], anisotropic=1""}"
hetero_t__nr100000__ns100000__a1_000ep00__g1,hetero_sizes,1,100000,100000,kd_tree,adaptive,30000,1,2,1,1121.23,8.06931e+06,1,0,1,0,fallback_sampling,1000001,"{""adaptive_fallback_sampling_ms"":122.059634,""build_ms"":102.438067,""build_embedding_ms"":32.410288,""build_events_ms"":33.882820,""build_kdtrees_ms"":34.765854,""build_rank_arrays_ms"":32.362179,""build_start_index_ms"":1.373784,""enumerate_prepare_ms"":101.090122,""phase1_count_and_maybe_enumerate_ms"":555.735732,""phase2_alias_ms"":3.900493,""phase2_assign_ms"":1.924513,""phase3_sweep_ms"":115.810825,""run_build_ms"":102.438836,""run_fallback_count_ms"":555.738882,""run_fallback_sample_ms"":122.061384,""run_pilot_enum_prepare_ms"":101.093942,""run_pilot_enum_scan_ms"":239.869331}",,"{""dataset"":{""source"":""synthetic"",""name"":""hetero_t__nr100000__ns100000__a1_000ep00__g1"",""dim"":2,""path_r"":"""",""path_s"":"""",""synthetic"":{""generator"":""hetero_sizes"",""n_r"":100000,""n_s"":100000,""alpha"":1,""seed"":1}},""run"":{""method"":""kd_tree"",""variant"":""adaptive"",""t"":30000,""seed"":1,""repeats"":3,""j_star"":1000000,""enum_cap"":0,""write_samples"":false,""verify"":false},""output"":{""out_dir"":""run/temp/exp5/hetero_t"",""run_tag"":""exp5_hetero_t""},""sys"":{""threads"":1},""logging"":{""level"":""INFO"",""with_timestamp"":true,""with_thread_id"":false}}","{""generator"":""hetero_sizes"",""dataset"":""hetero_t__nr100000__ns100000__a1_000ep00__g1"",""n_r"":100000,""n_s"":100000,""has_exact_k"":false,""k_target"":0,""k_achieved"":0,""alpha_target"":1,""alpha_achieved"":nan,""notes"":""p_large_r=0.1, w_small=[0.002,0.01], w_large=[0.1,0.3], anisotropic=1""}"
hetero_t__nr100000__ns100000__a1_000ep00__g1,hetero_sizes,1,100000,100000,kd_tree,adaptive,30000,2,3,1,1126.96,8.06931e+06,1,0,1,0,fallback_sampling,1000001,"{""adaptive_fallback_sampling_ms"":121.541944,""build_ms"":102.358018,""build_embedding_ms"":32.396800,""build_events_ms"":33.896260,""build_kdtrees_ms"":34.686735,""build_rank_arrays_ms"":32.349319,""build_start_index_ms"":1.373624,""enumerate_prepare_ms"":100.960204,""phase1_count_and_maybe_enumerate_ms"":562.686627,""phase2_alias_ms"":3.910424,""phase2_assign_ms"":1.950502,""phase3_sweep_ms"":115.258536,""run_build_ms"":102.358988,""run_fallback_count_ms"":562.689427,""run_fallback_sample_ms"":121.543824,""run_pilot_enum_prepare_ms"":100.964594,""run_pilot_enum_scan_ms"":239.377190}",,"{""dataset"":{""source"":""synthetic"",""name"":""hetero_t__nr100000__ns100000__a1_000ep00__g1"",""dim"":2,""path_r"":"""",""path_s"":"""",""synthetic"":{""generator"":""hetero_sizes"",""n_r"":100000,""n_s"":100000,""alpha"":1,""seed"":1}},""run"":{""method"":""kd_tree"",""variant"":""adaptive"",""t"":30000,""seed"":1,""repeats"":3,""j_star"":1000000,""enum_cap"":0,""write_samples"":false,""verify"":false},""output"":{""out_dir"":""run/temp/exp5/hetero_t"",""run_tag"":""exp5_hetero_t""},""sys"":{""threads"":1},""logging"":{""level"":""INFO"",""with_timestamp"":true,""with_thread_id"":false}}","{""generator"":""hetero_sizes"",""dataset"":""hetero_t__nr100000__ns100000__a1_000ep00__g1"",""n_r"":100000,""n_s"":100000,""has_exact_k"":false,""k_target"":0,""k_achieved"":0,""alpha_target"":1,""alpha_achieved"":nan,""notes"":""p_large_r=0.1, w_small=[0.002,0.01], w_large=[0.1,0.3], anisotropic=1""}"
hetero_t__nr100000__ns100000__a1_000ep00__g1,hetero_sizes,1,100000,100000,r_tree,sampling,30000,0,1,1,413.949,8.06931e+06,1,0,0,0,,0,"{""build_ms"":35.785963,""phase1_count_ms"":216.403368,""phase2_assign_ms"":4.675079,""phase3_sample_ms"":156.656830,""run_build_ms"":35.786993,""run_count_ms"":216.406138,""run_sample_ms"":161.752241}",,"{""dataset"":{""source"":""synthetic"",""name"":""hetero_t__nr100000__ns100000__a1_000ep00__g1"",""dim"":2,""path_r"":"""",""path_s"":"""",""synthetic"":{""generator"":""hetero_sizes"",""n_r"":100000,""n_s"":100000,""alpha"":1,""seed"":1}},""run"":{""method"":""r_tree"",""variant"":""sampling"",""t"":30000,""seed"":1,""repeats"":3,""j_star"":1000000,""enum_cap"":0,""write_samples"":false,""verify"":false},""output"":{""out_dir"":""run/temp/exp5/hetero_t"",""run_tag"":""exp5_hetero_t""},""sys"":{""threads"":1},""logging"":{""level"":""INFO"",""with_timestamp"":true,""with_thread_id"":false}}","{""generator"":""hetero_sizes"",""dataset"":""hetero_t__nr100000__ns100000__a1_000ep00__g1"",""n_r"":100000,""n_s"":100000,""has_exact_k"":false,""k_target"":0,""k_achieved"":0,""alpha_target"":1,""alpha_achieved"":nan,""notes"":""p_large_r=0.1, w_small=[0.002,0.01], w_large=[0.1,0.3], anisotropic=1""}"
hetero_t__nr100000__ns100000__a1_000ep00__g1,hetero_sizes,1,100000,100000,r_tree,sampling,30000,1,2,1,407.941,8.06931e+06,1,0,0,0,,0,"{""build_ms"":35.934091,""phase1_count_ms"":209.986052,""phase2_assign_ms"":4.711079,""phase3_sample_ms"":156.776659,""run_build_ms"":35.936481,""run_count_ms"":209.988612,""run_sample_ms"":161.901649}",,"{""dataset"":{""source"":""synthetic"",""name"":""hetero_t__nr100000__ns100000__a1_000ep00__g1"",""dim"":2,""path_r"":"""",""path_s"":"""",""synthetic"":{""generator"":""hetero_sizes"",""n_r"":100000,""n_s"":100000,""alpha"":1,""seed"":1}},""run"":{""method"":""r_tree"",""variant"":""sampling"",""t"":30000,""seed"":1,""repeats"":3,""j_star"":1000000,""enum_cap"":0,""write_samples"":false,""verify"":false},""output"":{""out_dir"":""run/temp/exp5/hetero_t"",""run_tag"":""exp5_hetero_t""},""sys"":{""threads"":1},""logging"":{""level"":""INFO"",""with_timestamp"":true,""with_thread_id"":false}}","{""generator"":""hetero_sizes"",""dataset"":""hetero_t__nr100000__ns100000__a1_000ep00__g1"",""n_r"":100000,""n_s"":100000,""has_exact_k"":false,""k_target"":0,""k_achieved"":0,""alpha_target"":1,""alpha_achieved"":nan,""notes"":""p_large_r=0.1, w_small=[0.002,0.01], w_large=[0.1,0.3], anisotropic=1""}"
hetero_t__nr100000__ns100000__a1_000ep00__g1,hetero_sizes,1,100000,100000,r_tree,sampling,30000,2,3,1,409.987,8.06931e+06,1,0,0,0,,0,"{""build_ms"":35.983449,""phase1_count_ms"":212.473484,""phase2_assign_ms"":4.673479,""phase3_sample_ms"":156.332417,""run_build_ms"":35.985219,""run_count_ms"":212.475604,""run_sample_ms"":161.416818}",,"{""dataset"":{""source"":""synthetic"",""name"":""hetero_t__nr100000__ns100000__a1_000ep00__g1"",""dim"":2,""path_r"":"""",""path_s"":"""",""synthetic"":{""generator"":""hetero_sizes"",""n_r"":100000,""n_s"":100000,""alpha"":1,""seed"":1}},""run"":{""method"":""r_tree"",""variant"":""sampling"",""t"":30000,""seed"":1,""repeats"":3,""j_star"":1000000,""enum_cap"":0,""write_samples"":false,""verify"":false},""output"":{""out_dir"":""run/temp/exp5/hetero_t"",""run_tag"":""exp5_hetero_t""},""sys"":{""threads"":1},""logging"":{""level"":""INFO"",""with_timestamp"":true,""with_thread_id"":false}}","{""generator"":""hetero_sizes"",""dataset"":""hetero_t__nr100000__ns100000__a1_000ep00__g1"",""n_r"":100000,""n_s"":100000,""has_exact_k"":false,""k_target"":0,""k_achieved"":0,""alpha_target"":1,""alpha_achieved"":nan,""notes"":""p_large_r=0.1, w_small=[0.002,0.01], w_large=[0.1,0.3], anisotropic=1""}"
hetero_t__nr100000__ns100000__a1_000ep00__g1,hetero_sizes,1,100000,100000,r_tree,adaptive,30000,0,1,1,571.949,8.06931e+06,1,0,1,0,fallback_sampling,1000001,"{""build_ms"":35.964180,""enumerate_prepare_ms"":34.142856,""phase1_adaptive_count_ms"":245.343244,""phase2+3_sampling_ms"":174.892385,""run_build_ms"":35.965830,""run_fallback_count_ms"":245.347554,""run_fallback_sample_ms"":174.896925,""run_pilot_enum_prepare_ms"":34.146545,""run_pilot_enum_scan_ms"":81.503843}",,"{""dataset"":{""source"":""synthetic"",""name"":""hetero_t__nr100000__ns100000__a1_000ep00__g1"",""dim"":2,""path_r"":"""",""path_s"":"""",""synthetic"":{""generator"":""hetero_sizes"",""n_r"":100000,""n_s"":100000,""alpha"":1,""seed"":1}},""run"":{""method"":""r_tree"",""variant"":""adaptive"",""t"":30000,""seed"":1,""repeats"":3,""j_star"":1000000,""enum_cap"":0,""write_samples"":false,""verify"":false},""output"":{""out_dir"":""run/temp/exp5/hetero_t"",""run_tag"":""exp5_hetero_t""},""sys"":{""threads"":1},""logging"":{""level"":""INFO"",""with_timestamp"":true,""with_thread_id"":false}}","{""generator"":""hetero_sizes"",""dataset"":""hetero_t__nr100000__ns100000__a1_000ep00__g1"",""n_r"":100000,""n_s"":100000,""has_exact_k"":false,""k_target"":0,""k_achieved"":0,""alpha_target"":1,""alpha_achieved"":nan,""notes"":""p_large_r=0.1, w_small=[0.002,0.01], w_large=[0.1,0.3], anisotropic=1""}"
hetero_t__nr100000__ns100000__a1_000ep00__g1,hetero_sizes,1,100000,100000,r_tree,adaptive,30000,1,2,1,534.273,8.06931e+06,1,0,1,0,fallback_sampling,1000001,"{""build_ms"":35.809382,""enumerate_prepare_ms"":35.107587,""phase1_adaptive_count_ms"":231.255738,""phase2+3_sampling_ms"":153.063451,""run_build_ms"":35.810922,""run_fallback_count_ms"":231.258447,""run_fallback_sample_ms"":153.065881,""run_pilot_enum_prepare_ms"":35.110397,""run_pilot_enum_scan_ms"":78.889845}",,"{""dataset"":{""source"":""synthetic"",""name"":""hetero_t__nr100000__ns100000__a1_000ep00__g1"",""dim"":2,""path_r"":"""",""path_s"":"""",""synthetic"":{""generator"":""hetero_sizes"",""n_r"":100000,""n_s"":100000,""alpha"":1,""seed"":1}},""run"":{""method"":""r_tree"",""variant"":""adaptive"",""t"":30000,""seed"":1,""repeats"":3,""j_star"":1000000,""enum_cap"":0,""write_samples"":false,""verify"":false},""output"":{""out_dir"":""run/temp/exp5/hetero_t"",""run_tag"":""exp5_hetero_t""},""sys"":{""threads"":1},""logging"":{""level"":""INFO"",""with_timestamp"":true,""with_thread_id"":false}}","{""generator"":""hetero_sizes"",""dataset"":""hetero_t__nr100000__ns100000__a1_000ep00__g1"",""n_r"":100000,""n_s"":100000,""has_exact_k"":false,""k_target"":0,""k_achieved"":0,""alpha_target"":1,""alpha_achieved"":nan,""notes"":""p_large_r=0.1, w_small=[0.002,0.01], w_large=[0.1,0.3], anisotropic=1""}"
hetero_t__nr100000__ns100000__a1_000ep00__g1,hetero_sizes,1,100000,100000,r_tree,adaptive,30000,2,3,1,531.849,8.06931e+06,1,0,1,0,fallback_sampling,1000001,"{""build_ms"":35.762024,""enumerate_prepare_ms"":34.077707,""phase1_adaptive_count_ms"":231.231768,""phase2+3_sampling_ms"":152.893984,""run_build_ms"":35.763104,""run_fallback_count_ms"":231.234868,""run_fallback_sample_ms"":152.896214,""run_pilot_enum_prepare_ms"":34.079797,""run_pilot_enum_scan_ms"":77.734317}",,"{""dataset"":{""source"":""synthetic"",""name"":""hetero_t__nr100000__ns100000__a1_000ep00__g1"",""dim"":2,""path_r"":"""",""path_s"":"""",""synthetic"":{""generator"":""hetero_sizes"",""n_r"":100000,""n_s"":100000,""alpha"":1,""seed"":1}},""run"":{""method"":""r_tree"",""variant"":""adaptive"",""t"":30000,""seed"":1,""repeats"":3,""j_star"":1000000,""enum_cap"":0,""write_samples"":false,""verify"":false},""output"":{""out_dir"":""run/temp/exp5/hetero_t"",""run_tag"":""exp5_hetero_t""},""sys"":{""threads"":1},""logging"":{""level"":""INFO"",""with_timestamp"":true,""with_thread_id"":false}}","{""generator"":""hetero_sizes"",""dataset"":""hetero_t__nr100000__ns100000__a1_000ep00__g1"",""n_r"":100000,""n_s"":100000,""has_exact_k"":false,""k_target"":0,""k_achieved"":0,""alpha_target"":1,""alpha_achieved"":nan,""notes"":""p_large_r=0.1, w_small=[0.002,0.01], w_large=[0.1,0.3], anisotropic=1""}"
hetero_t__nr100000__ns100000__a1_000ep00__g1,hetero_sizes,1,100000,100000,range_tree,sampling,30000,0,1,1,2309.49,8.06931e+06,1,0,0,0,,0,"{""build_ms"":103.630552,""build_events_ms"":33.870740,""build_range_trees_ms"":37.395581,""build_rank_arrays_ms"":30.956388,""build_start_index_ms"":1.365784,""phase1_count_ms"":1272.539676,""phase2_alias_ms"":933.294039,""phase3_sweep_ms"":926.694657,""run_build_ms"":103.631492,""run_count_ms"":1272.542306,""run_sample_ms"":933.317268}",,"{""dataset"":{""source"":""synthetic"",""name"":""hetero_t__nr100000__ns100000__a1_000ep00__g1"",""dim"":2,""path_r"":"""",""path_s"":"""",""synthetic"":{""generator"":""hetero_sizes"",""n_r"":100000,""n_s"":100000,""alpha"":1,""seed"":1}},""run"":{""method"":""range_tree"",""variant"":""sampling"",""t"":30000,""seed"":1,""repeats"":3,""j_star"":1000000,""enum_cap"":0,""write_samples"":false,""verify"":false},""output"":{""out_dir"":""run/temp/exp5/hetero_t"",""run_tag"":""exp5_hetero_t""},""sys"":{""threads"":1},""logging"":{""level"":""INFO"",""with_timestamp"":true,""with_thread_id"":false}}","{""generator"":""hetero_sizes"",""dataset"":""hetero_t__nr100000__ns100000__a1_000ep00__g1"",""n_r"":100000,""n_s"":100000,""has_exact_k"":false,""k_target"":0,""k_achieved"":0,""alpha_target"":1,""alpha_achieved"":nan,""notes"":""p_large_r=0.1, w_small=[0.002,0.01], w_large=[0.1,0.3], anisotropic=1""}"
hetero_t__nr100000__ns100000__a1_000ep00__g1,hetero_sizes,1,100000,100000,range_tree,sampling,30000,1,2,1,2294.33,8.06931e+06,1,0,0,0,,0,"{""build_ms"":99.197709,""build_events_ms"":33.855751,""build_range_trees_ms"":33.009137,""build_rank_arrays_ms"":30.908258,""build_start_index_ms"":1.373884,""phase1_count_ms"":1263.948780,""phase2_alias_ms"":931.155690,""phase3_sweep_ms"":924.594907,""run_build_ms"":99.198679,""run_count_ms"":1263.951121,""run_sample_ms"":931.178660}",,"{""dataset"":{""source"":""synthetic"",""name"":""hetero_t__nr100000__ns100000__a1_000ep00__g1"",""dim"":2,""path_r"":"""",""path_s"":"""",""synthetic"":{""generator"":""hetero_sizes"",""n_r"":100000,""n_s"":100000,""alpha"":1,""seed"":1}},""run"":{""method"":""range_tree"",""variant"":""sampling"",""t"":30000,""seed"":1,""repeats"":3,""j_star"":1000000,""enum_cap"":0,""write_samples"":false,""verify"":false},""output"":{""out_dir"":""run/temp/exp5/hetero_t"",""run_tag"":""exp5_hetero_t""},""sys"":{""threads"":1},""logging"":{""level"":""INFO"",""with_timestamp"":true,""with_thread_id"":false}}","{""generator"":""hetero_sizes"",""dataset"":""hetero_t__nr100000__ns100000__a1_000ep00__g1"",""n_r"":100000,""n_s"":100000,""has_exact_k"":false,""k_target"":0,""k_achieved"":0,""alpha_target"":1,""alpha_achieved"":nan,""notes"":""p_large_r=0.1, w_small=[0.002,0.01], w_large=[0.1,0.3], anisotropic=1""}"
hetero_t__nr100000__ns100000__a1_000ep00__g1,hetero_sizes,1,100000,100000,range_tree,sampling,30000,2,3,1,2284.44,8.06931e+06,1,0,0,0,,0,"{""build_ms"":99.342386,""build_events_ms"":33.868991,""build_range_trees_ms"":33.144875,""build_rank_arrays_ms"":30.894958,""build_start_index_ms"":1.380553,""phase1_count_ms"":1262.232672,""phase2_alias_ms"":922.853080,""phase3_sweep_ms"":916.234998,""run_build_ms"":99.343056,""run_count_ms"":1262.234732,""run_sample_ms"":922.854139}",,"{""dataset"":{""source"":""synthetic"",""name"":""hetero_t__nr100000__ns100000__a1_000ep00__g1"",""dim"":2,""path_r"":"""",""path_s"":"""",""synthetic"":{""generator"":""hetero_sizes"",""n_r"":100000,""n_s"":100000,""alpha"":1,""seed"":1}},""run"":{""method"":""range_tree"",""variant"":""sampling"",""t"":30000,""seed"":1,""repeats"":3,""j_star"":1000000,""enum_cap"":0,""write_samples"":false,""verify"":false},""output"":{""out_dir"":""run/temp/exp5/hetero_t"",""run_tag"":""exp5_hetero_t""},""sys"":{""threads"":1},""logging"":{""level"":""INFO"",""with_timestamp"":true,""with_thread_id"":false}}","{""generator"":""hetero_sizes"",""dataset"":""hetero_t__nr100000__ns100000__a1_000ep00__g1"",""n_r"":100000,""n_s"":100000,""has_exact_k"":false,""k_target"":0,""k_achieved"":0,""alpha_target"":1,""alpha_achieved"":nan,""notes"":""p_large_r=0.1, w_small=[0.002,0.01], w_large=[0.1,0.3], anisotropic=1""}"
hetero_t__nr100000__ns100000__a1_000ep00__g1,hetero_sizes,1,100000,100000,range_tree,adaptive,30000,0,1,1,2893.46,8.06931e+06,1,0,1,0,fallback_sampling,1000001,"{""adaptive_count_ms"":1384.357091,""build_ms"":100.844877,""build_events_ms"":33.877150,""build_range_trees_ms"":34.642566,""build_rank_arrays_ms"":30.916798,""build_start_index_ms"":1.364384,""enumerate_prepare_ms"":101.141920,""phase2_alias_ms"":922.183750,""phase3_sweep_ms"":915.563699,""run_build_ms"":100.845567,""run_fallback_count_ms"":1384.359831,""run_fallback_sample_ms"":922.185150,""run_pilot_enum_prepare_ms"":101.145100,""run_pilot_enum_scan_ms"":384.873846}",,"{""dataset"":{""source"":""synthetic"",""name"":""hetero_t__nr100000__ns100000__a1_000ep00__g1"",""dim"":2,""path_r"":"""",""path_s"":"""",""synthetic"":{""generator"":""hetero_sizes"",""n_r"":100000,""n_s"":100000,""alpha"":1,""seed"":1}},""run"":{""method"":""range_tree"",""variant"":""adaptive"",""t"":30000,""seed"":1,""repeats"":3,""j_star"":1000000,""enum_cap"":0,""write_samples"":false,""verify"":false},""output"":{""out_dir"":""run/temp/exp5/hetero_t"",""run_tag"":""exp5_hetero_t""},""sys"":{""threads"":1},""logging"":{""level"":""INFO"",""with_timestamp"":true,""with_thread_id"":false}}","{""generator"":""hetero_sizes"",""dataset"":""hetero_t__nr100000__ns100000__a1_000ep00__g1"",""n_r"":100000,""n_s"":100000,""has_exact_k"":false,""k_target"":0,""k_achieved"":0,""alpha_target"":1,""alpha_achieved"":nan,""notes"":""p_large_r=0.1, w_small=[0.002,0.01], w_large=[0.1,0.3], anisotropic=1""}"
hetero_t__nr100000__ns100000__a1_000ep00__g1,hetero_sizes,1,100000,100000,range_tree,adaptive,30000,1,2,1,2883.66,8.06931e+06,1,0,1,0,fallback_sampling,1000001,"{""adaptive_count_ms"":1379.120260,""build_ms"":99.417133,""build_events_ms"":33.871270,""build_range_trees_ms"":33.220843,""build_rank_arrays_ms"":30.900588,""build_start_index_ms"":1.372533,""enumerate_prepare_ms"":99.620290,""phase2_alias_ms"":920.606029,""phase3_sweep_ms"":913.977238,""run_build_ms"":99.417933,""run_fallback_count_ms"":1379.122970,""run_fallback_sample_ms"":920.607159,""run_pilot_enum_prepare_ms"":99.623700,""run_pilot_enum_scan_ms"":384.840575}",,"{""dataset"":{""source"":""synthetic"",""name"":""hetero_t__nr100000__ns100000__a1_000ep00__g1"",""dim"":2,""path_r"":"""",""path_s"":"""",""synthetic"":{""generator"":""hetero_sizes"",""n_r"":100000,""n_s"":100000,""alpha"":1,""seed"":1}},""run"":{""method"":""range_tree"",""variant"":""adaptive"",""t"":30000,""seed"":1,""repeats"":3,""j_star"":1000000,""enum_cap"":0,""write_samples"":false,""verify"":false},""output"":{""out_dir"":""run/temp/exp5/hetero_t"",""run_tag"":""exp5_hetero_t""},""sys"":{""threads"":1},""logging"":{""level"":""INFO"",""with_timestamp"":true,""with_thread_id"":false}}","{""generator"":""hetero_sizes"",""dataset"":""hetero_t__nr100000__ns100000__a1_000ep00__g1"",""n_r"":100000,""n_s"":100000,""has_exact_k"":false,""k_target"":0,""k_achieved"":0,""alpha_target"":1,""alpha_achieved"":nan,""notes"":""p_large_r=0.1, w_small=[0.002,0.01], w_large=[0.1,0.3], anisotropic=1""}"
hetero_t__nr100000__ns100000__a1_000ep00__g1,hetero_sizes,1,100000,100000,range_tree,adaptive,30000,2,3,1,2888.74,8.06931e+06,1,0,1,0,fallback_sampling,1000001,"{""adaptive_count_ms"":1380.768535,""build_ms"":99.617140,""build_events_ms"":33.857381,""build_range_trees_ms"":33.426909,""build_rank_arrays_ms"":30.905238,""build_start_index_ms"":1.373923,""enumerate_prepare_ms"":99.668809,""phase2_alias_ms"":924.453932,""phase3_sweep_ms"":917.811912,""run_build_ms"":99.617900,""run_fallback_count_ms"":1380.771155,""run_fallback_sample_ms"":924.476282,""run_pilot_enum_prepare_ms"":99.672269,""run_pilot_enum_scan_ms"":384.174587}",,"{""dataset"":{""source"":""synthetic"",""name"":""hetero_t__nr100000__ns100000__a1_000ep00__g1"",""dim"":2,""path_r"":"""",""path_s"":"""",""synthetic"":{""generator"":""hetero_sizes"",""n_r"":100000,""n_s"":100000,""alpha"":1,""seed"":1}},""run"":{""method"":""range_tree"",""variant"":""adaptive"",""t"":30000,""seed"":1,""repeats"":3,""j_star"":1000000,""enum_cap"":0,""write_samples"":false,""verify"":false},""output"":{""out_dir"":""run/temp/exp5/hetero_t"",""run_tag"":""exp5_hetero_t""},""sys"":{""threads"":1},""logging"":{""level"":""INFO"",""with_timestamp"":true,""with_thread_id"":false}}","{""generator"":""hetero_sizes"",""dataset"":""hetero_t__nr100000__ns100000__a1_000ep00__g1"",""n_r"":100000,""n_s"":100000,""has_exact_k"":false,""k_target"":0,""k_achieved"":0,""alpha_target"":1,""alpha_achieved"":nan,""notes"":""p_large_r=0.1, w_small=[0.002,0.01], w_large=[0.1,0.3], anisotropic=1""}"
hetero_t__nr100000__ns100000__a1_000ep00__g1,hetero_sizes,1,100000,100000,pbsm,sampling,30000,0,1,1,917.755,8.06931e+06,1,0,0,0,,0,"{""build_ms"":22.214998,""pbsm_build_ms"":22.214458,""pbsm_count_pass1_ms"":444.071949,""pbsm_partitions_stripes_ms"":21.872384,""pbsm_sample_draw_ranks_ms"":1.619748,""pbsm_sample_pass2_select_ms"":449.805038,""run_build_ms"":22.215838,""run_count_ms"":444.075339,""run_sample_ms"":451.461466}",,"{""dataset"":{""source"":""synthetic"",""name"":""hetero_t__nr100000__ns100000__a1_000ep00__g1"",""dim"":2,""path_r"":"""",""path_s"":"""",""synthetic"":{""generator"":""hetero_sizes"",""n_r"":100000,""n_s"":100000,""alpha"":1,""seed"":1}},""run"":{""method"":""pbsm"",""variant"":""sampling"",""t"":30000,""seed"":1,""repeats"":3,""j_star"":1000000,""enum_cap"":0,""write_samples"":false,""verify"":false},""output"":{""out_dir"":""run/temp/exp5/hetero_t"",""run_tag"":""exp5_hetero_t""},""sys"":{""threads"":1},""logging"":{""level"":""INFO"",""with_timestamp"":true,""with_thread_id"":false}}","{""generator"":""hetero_sizes"",""dataset"":""hetero_t__nr100000__ns100000__a1_000ep00__g1"",""n_r"":100000,""n_s"":100000,""has_exact_k"":false,""k_target"":0,""k_achieved"":0,""alpha_target"":1,""alpha_achieved"":nan,""notes"":""p_large_r=0.1, w_small=[0.002,0.01], w_large=[0.1,0.3], anisotropic=1""}"
hetero_t__nr100000__ns100000__a1_000ep00__g1,hetero_sizes,1,100000,100000,pbsm,sampling,30000,1,2,1,921.964,8.06931e+06,1,0,0,0,,0,"{""build_ms"":21.815355,""pbsm_build_ms"":21.814925,""pbsm_count_pass1_ms"":445.983592,""pbsm_partitions_stripes_ms"":21.470352,""pbsm_sample_draw_ranks_ms"":1.627679,""pbsm_sample_pass2_select_ms"":452.494876,""run_build_ms"":21.815735,""run_count_ms"":445.986072,""run_sample_ms"":454.157013}",,"{""dataset"":{""source"":""synthetic"",""name"":""hetero_t__nr100000__ns100000__a1_000ep00__g1"",""dim"":2,""path_r"":"""",""path_s"":"""",""synthetic"":{""generator"":""hetero_sizes"",""n_r"":100000,""n_s"":100000,""alpha"":1,""seed"":1}},""run"":{""method"":""pbsm"",""variant"":""sampling"",""t"":30000,""seed"":1,""repeats"":3,""j_star"":1000000,""enum_cap"":0,""write_samples"":false,""verify"":false},""output"":{""out_dir"":""run/temp/exp5/hetero_t"",""run_tag"":""exp5_hetero_t""},""sys"":{""threads"":1},""logging"":{""level"":""INFO"",""with_timestamp"":true,""with_thread_id"":false}}","{""generator"":""hetero_sizes"",""dataset"":""hetero_t__nr100000__ns100000__a1_000ep00__g1"",""n_r"":100000,""n_s"":100000,""has_exact_k"":false,""k_target"":0,""k_achieved"":0,""alpha_target"":1,""alpha_achieved"":nan,""notes"":""p_large_r=0.1, w_small=[0.002,0.01], w_large=[0.1,0.3], anisotropic=1""}"
hetero_t__nr100000__ns100000__a1_000ep00__g1,hetero_sizes,1,100000,100000,pbsm,sampling,30000,2,3,1,936.07,8.06931e+06,1,0,0,0,,0,"{""build_ms"":21.834484,""pbsm_build_ms"":21.834054,""pbsm_count_pass1_ms"":455.294291,""pbsm_partitions_stripes_ms"":21.491891,""pbsm_sample_draw_ranks_ms"":1.611878,""pbsm_sample_pass2_select_ms"":457.287571,""run_build_ms"":21.835014,""run_count_ms"":455.296641,""run_sample_ms"":458.933429}",,"{""dataset"":{""source"":""synthetic"",""name"":""hetero_t__nr100000__ns100000__a1_000ep00__g1"",""dim"":2,""path_r"":"""",""path_s"":"""",""synthetic"":{""generator"":""hetero_sizes"",""n_r"":100000,""n_s"":100000,""alpha"":1,""seed"":1}},""run"":{""method"":""pbsm"",""variant"":""sampling"",""t"":30000,""seed"":1,""repeats"":3,""j_star"":1000000,""enum_cap"":0,""write_samples"":false,""verify"":false},""output"":{""out_dir"":""run/temp/exp5/hetero_t"",""run_tag"":""exp5_hetero_t""},""sys"":{""threads"":1},""logging"":{""level"":""INFO"",""with_timestamp"":true,""with_thread_id"":false}}","{""generator"":""hetero_sizes"",""dataset"":""hetero_t__nr100000__ns100000__a1_000ep00__g1"",""n_r"":100000,""n_s"":100000,""has_exact_k"":false,""k_target"":0,""k_achieved"":0,""alpha_target"":1,""alpha_achieved"":nan,""notes"":""p_large_r=0.1, w_small=[0.002,0.01], w_large=[0.1,0.3], anisotropic=1""}"
hetero_t__nr100000__ns100000__a1_000ep00__g1,hetero_sizes,1,100000,100000,pbsm,adaptive,30000,0,1,1,1010.03,8.06931e+06,1,0,1,0,fallback_sampling,1000001,"{""build_ms"":21.785315,""enumerate_prepare_ms"":0.000410,""pbsm_adaptive_pass1_ms"":461.390612,""pbsm_adaptive_sample_large_ms"":459.891681,""pbsm_build_ms"":21.784885,""pbsm_partitions_stripes_ms"":21.442942,""run_build_ms"":21.785775,""run_fallback_count_ms"":461.395541,""run_fallback_sample_ms"":459.896321,""run_pilot_enum_prepare_ms"":0.000910,""run_pilot_enum_scan_ms"":66.916806}",,"{""dataset"":{""source"":""synthetic"",""name"":""hetero_t__nr100000__ns100000__a1_000ep00__g1"",""dim"":2,""path_r"":"""",""path_s"":"""",""synthetic"":{""generator"":""hetero_sizes"",""n_r"":100000,""n_s"":100000,""alpha"":1,""seed"":1}},""run"":{""method"":""pbsm"",""variant"":""adaptive"",""t"":30000,""seed"":1,""repeats"":3,""j_star"":1000000,""enum_cap"":0,""write_samples"":false,""verify"":false},""output"":{""out_dir"":""run/temp/exp5/hetero_t"",""run_tag"":""exp5_hetero_t""},""sys"":{""threads"":1},""logging"":{""level"":""INFO"",""with_timestamp"":true,""with_thread_id"":false}}","{""generator"":""hetero_sizes"",""dataset"":""hetero_t__nr100000__ns100000__a1_000ep00__g1"",""n_r"":100000,""n_s"":100000,""has_exact_k"":false,""k_target"":0,""k_achieved"":0,""alpha_target"":1,""alpha_achieved"":nan,""notes"":""p_large_r=0.1, w_small=[0.002,0.01], w_large=[0.1,0.3], anisotropic=1""}"
hetero_t__nr100000__ns100000__a1_000ep00__g1,hetero_sizes,1,100000,100000,pbsm,adaptive,30000,1,2,1,1009.25,8.06931e+06,1,0,1,0,fallback_sampling,1000001,"{""build_ms"":21.797755,""enumerate_prepare_ms"":0.000200,""pbsm_adaptive_pass1_ms"":461.712734,""pbsm_adaptive_sample_large_ms"":459.015077,""pbsm_build_ms"":21.797325,""pbsm_partitions_stripes_ms"":21.451992,""run_build_ms"":21.798125,""run_fallback_count_ms"":461.717144,""run_fallback_sample_ms"":459.018767,""run_pilot_enum_prepare_ms"":0.000680,""run_pilot_enum_scan_ms"":66.683661}",,"{""dataset"":{""source"":""synthetic"",""name"":""hetero_t__nr100000__ns100000__a1_000ep00__g1"",""dim"":2,""path_r"":"""",""path_s"":"""",""synthetic"":{""generator"":""hetero_sizes"",""n_r"":100000,""n_s"":100000,""alpha"":1,""seed"":1}},""run"":{""method"":""pbsm"",""variant"":""adaptive"",""t"":30000,""seed"":1,""repeats"":3,""j_star"":1000000,""enum_cap"":0,""write_samples"":false,""verify"":false},""output"":{""out_dir"":""run/temp/exp5/hetero_t"",""run_tag"":""exp5_hetero_t""},""sys"":{""threads"":1},""logging"":{""level"":""INFO"",""with_timestamp"":true,""with_thread_id"":false}}","{""generator"":""hetero_sizes"",""dataset"":""hetero_t__nr100000__ns100000__a1_000ep00__g1"",""n_r"":100000,""n_s"":100000,""has_exact_k"":false,""k_target"":0,""k_achieved"":0,""alpha_target"":1,""alpha_achieved"":nan,""notes"":""p_large_r=0.1, w_small=[0.002,0.01], w_large=[0.1,0.3], anisotropic=1""}"
hetero_t__nr100000__ns100000__a1_000ep00__g1,hetero_sizes,1,100000,100000,pbsm,adaptive,30000,2,3,1,1009.45,8.06931e+06,1,0,1,0,fallback_sampling,1000001,"{""build_ms"":21.837545,""enumerate_prepare_ms"":0.000370,""pbsm_adaptive_pass1_ms"":460.578886,""pbsm_adaptive_sample_large_ms"":460.483208,""pbsm_build_ms"":21.837245,""pbsm_partitions_stripes_ms"":21.488132,""run_build_ms"":21.837895,""run_fallback_count_ms"":460.582856,""run_fallback_sample_ms"":460.486248,""run_pilot_enum_prepare_ms"":0.000860,""run_pilot_enum_scan_ms"":66.508624}",,"{""dataset"":{""source"":""synthetic"",""name"":""hetero_t__nr100000__ns100000__a1_000ep00__g1"",""dim"":2,""path_r"":"""",""path_s"":"""",""synthetic"":{""generator"":""hetero_sizes"",""n_r"":100000,""n_s"":100000,""alpha"":1,""seed"":1}},""run"":{""method"":""pbsm"",""variant"":""adaptive"",""t"":30000,""seed"":1,""repeats"":3,""j_star"":1000000,""enum_cap"":0,""write_samples"":false,""verify"":false},""output"":{""out_dir"":""run/temp/exp5/hetero_t"",""run_tag"":""exp5_hetero_t""},""sys"":{""threads"":1},""logging"":{""level"":""INFO"",""with_timestamp"":true,""with_thread_id"":false}}","{""generator"":""hetero_sizes"",""dataset"":""hetero_t__nr100000__ns100000__a1_000ep00__g1"",""n_r"":100000,""n_s"":100000,""has_exact_k"":false,""k_target"":0,""k_achieved"":0,""alpha_target"":1,""alpha_achieved"":nan,""notes"":""p_large_r=0.1, w_small=[0.002,0.01], w_large=[0.1,0.3], anisotropic=1""}"
hetero_t__nr100000__ns100000__a1_000ep00__g1,hetero_sizes,1,100000,100000,tlsop,sampling,30000,0,1,1,302.939,8.06931e+06,1,0,0,0,,0,"{""build_ms"":33.607825,""run_build_ms"":33.608655,""run_count_ms"":131.776173,""run_sample_ms"":137.550720,""tlsop_alloc_tiles_ms"":0.065378,""tlsop_build_ms"":33.606535,""tlsop_build_edges_ms"":0.000350,""tlsop_count_pass1_ms"":131.772312,""tlsop_pass1_count_caps_ms"":6.515034,""tlsop_pass1_reserve_ms"":0.695006,""tlsop_pass2_fill_ms"":7.975094,""tlsop_sample_draw_ranks_ms"":1.597869,""tlsop_sample_pass2_select_ms"":135.919752,""tlsop_sort_lists_ms"":18.341593}",,"{""dataset"":{""source"":""synthetic"",""name"":""hetero_t__nr100000__ns100000__a1_000ep00__g1"",""dim"":2,""path_r"":"""",""path_s"":"""",""synthetic"":{""generator"":""hetero_sizes"",""n_r"":100000,""n_s"":100000,""alpha"":1,""seed"":1}},""run"":{""method"":""tlsop"",""variant"":""sampling"",""t"":30000,""seed"":1,""repeats"":3,""j_star"":1000000,""enum_cap"":0,""write_samples"":false,""verify"":false},""output"":{""out_dir"":""run/temp/exp5/hetero_t"",""run_tag"":""exp5_hetero_t""},""sys"":{""threads"":1},""logging"":{""level"":""INFO"",""with_timestamp"":true,""with_thread_id"":false}}","{""generator"":""hetero_sizes"",""dataset"":""hetero_t__nr100000__ns100000__a1_000ep00__g1"",""n_r"":100000,""n_s"":100000,""has_exact_k"":false,""k_target"":0,""k_achieved"":0,""alpha_target"":1,""alpha_achieved"":nan,""notes"":""p_large_r=0.1, w_small=[0.002,0.01], w_large=[0.1,0.3], anisotropic=1""}"
hetero_t__nr100000__ns100000__a1_000ep00__g1,hetero_sizes,1,100000,100000,tlsop,sampling,30000,1,2,1,303.577,8.06931e+06,1,0,0,0,,0,"{""build_ms"":33.793031,""run_build_ms"":33.793801,""run_count_ms"":131.558727,""run_sample_ms"":137.700066,""tlsop_alloc_tiles_ms"":0.061739,""tlsop_build_ms"":33.792122,""tlsop_build_edges_ms"":0.000660,""tlsop_count_pass1_ms"":131.555007,""tlsop_pass1_count_caps_ms"":6.509043,""tlsop_pass1_reserve_ms"":0.484131,""tlsop_pass2_fill_ms"":8.011264,""tlsop_sample_draw_ranks_ms"":1.582039,""tlsop_sample_pass2_select_ms"":136.085458,""tlsop_sort_lists_ms"":18.257674}",,"{""dataset"":{""source"":""synthetic"",""name"":""hetero_t__nr100000__ns100000__a1_000ep00__g1"",""dim"":2,""path_r"":"""",""path_s"":"""",""synthetic"":{""generator"":""hetero_sizes"",""n_r"":100000,""n_s"":100000,""alpha"":1,""seed"":1}},""run"":{""method"":""tlsop"",""variant"":""sampling"",""t"":30000,""seed"":1,""repeats"":3,""j_star"":1000000,""enum_cap"":0,""write_samples"":false,""verify"":false},""output"":{""out_dir"":""run/temp/exp5/hetero_t"",""run_tag"":""exp5_hetero_t""},""sys"":{""threads"":1},""logging"":{""level"":""INFO"",""with_timestamp"":true,""with_thread_id"":false}}","{""generator"":""hetero_sizes"",""dataset"":""hetero_t__nr100000__ns100000__a1_000ep00__g1"",""n_r"":100000,""n_s"":100000,""has_exact_k"":false,""k_target"":0,""k_achieved"":0,""alpha_target"":1,""alpha_achieved"":nan,""notes"":""p_large_r=0.1, w_small=[0.002,0.01], w_large=[0.1,0.3], anisotropic=1""}"
hetero_t__nr100000__ns100000__a1_000ep00__g1,hetero_sizes,1,100000,100000,tlsop,sampling,30000,2,3,1,303.266,8.06931e+06,1,0,0,0,,0,"{""build_ms"":33.749003,""run_build_ms"":33.749623,""run_count_ms"":131.592196,""run_sample_ms"":137.391063,""tlsop_alloc_tiles_ms"":0.061349,""tlsop_build_ms"":33.747813,""tlsop_build_edges_ms"":0.000540,""tlsop_count_pass1_ms"":131.588786,""tlsop_pass1_count_caps_ms"":6.521074,""tlsop_pass1_reserve_ms"":0.484360,""tlsop_pass2_fill_ms"":7.999804,""tlsop_sample_draw_ranks_ms"":1.587730,""tlsop_sample_pass2_select_ms"":135.769524,""tlsop_sort_lists_ms"":18.230845}",,"{""dataset"":{""source"":""synthetic"",""name"":""hetero_t__nr100000__ns100000__a1_000ep00__g1"",""dim"":2,""path_r"":"""",""path_s"":"""",""synthetic"":{""generator"":""hetero_sizes"",""n_r"":100000,""n_s"":100000,""alpha"":1,""seed"":1}},""run"":{""method"":""tlsop"",""variant"":""sampling"",""t"":30000,""seed"":1,""repeats"":3,""j_star"":1000000,""enum_cap"":0,""write_samples"":false,""verify"":false},""output"":{""out_dir"":""run/temp/exp5/hetero_t"",""run_tag"":""exp5_hetero_t""},""sys"":{""threads"":1},""logging"":{""level"":""INFO"",""with_timestamp"":true,""with_thread_id"":false}}","{""generator"":""hetero_sizes"",""dataset"":""hetero_t__nr100000__ns100000__a1_000ep00__g1"",""n_r"":100000,""n_s"":100000,""has_exact_k"":false,""k_target"":0,""k_achieved"":0,""alpha_target"":1,""alpha_achieved"":nan,""notes"":""p_large_r=0.1, w_small=[0.002,0.01], w_large=[0.1,0.3], anisotropic=1""}"
hetero_t__nr100000__ns100000__a1_000ep00__g1,hetero_sizes,1,100000,100000,tlsop,adaptive,30000,0,1,1,326.267,8.06931e+06,1,0,1,0,fallback_sampling,1000001,"{""build_ms"":33.408949,""enumerate_prepare_ms"":0.012950,""run_build_ms"":33.409459,""run_fallback_count_ms"":135.579189,""run_fallback_sample_ms"":137.533181,""run_pilot_enum_prepare_ms"":0.014000,""run_pilot_enum_scan_ms"":19.713426,""tlsop_adaptive_pass1_ms"":135.567879,""tlsop_adaptive_sample_large_ms"":137.528391,""tlsop_alloc_tiles_ms"":0.082288,""tlsop_build_ms"":33.407419,""tlsop_build_edges_ms"":0.000460,""tlsop_pass1_count_caps_ms"":6.512023,""tlsop_pass1_reserve_ms"":0.477111,""tlsop_pass2_fill_ms"":7.995955,""tlsop_sort_lists_ms"":18.326542}",,"{""dataset"":{""source"":""synthetic"",""name"":""hetero_t__nr100000__ns100000__a1_000ep00__g1"",""dim"":2,""path_r"":"""",""path_s"":"""",""synthetic"":{""generator"":""hetero_sizes"",""n_r"":100000,""n_s"":100000,""alpha"":1,""seed"":1}},""run"":{""method"":""tlsop"",""variant"":""adaptive"",""t"":30000,""seed"":1,""repeats"":3,""j_star"":1000000,""enum_cap"":0,""write_samples"":false,""verify"":false},""output"":{""out_dir"":""run/temp/exp5/hetero_t"",""run_tag"":""exp5_hetero_t""},""sys"":{""threads"":1},""logging"":{""level"":""INFO"",""with_timestamp"":true,""with_thread_id"":false}}","{""generator"":""hetero_sizes"",""dataset"":""hetero_t__nr100000__ns100000__a1_000ep00__g1"",""n_r"":100000,""n_s"":100000,""has_exact_k"":false,""k_target"":0,""k_achieved"":0,""alpha_target"":1,""alpha_achieved"":nan,""notes"":""p_large_r=0.1, w_small=[0.002,0.01], w_large=[0.1,0.3], anisotropic=1""}"
hetero_t__nr100000__ns100000__a1_000ep00__g1,hetero_sizes,1,100000,100000,tlsop,adaptive,30000,1,2,1,327.516,8.06931e+06,1,0,1,0,fallback_sampling,1000001,"{""build_ms"":33.787131,""enumerate_prepare_ms"":0.012350,""run_build_ms"":33.787551,""run_fallback_count_ms"":135.597528,""run_fallback_sample_ms"":137.771286,""run_pilot_enum_prepare_ms"":0.013160,""run_pilot_enum_scan_ms"":19.789734,""tlsop_adaptive_pass1_ms"":135.584439,""tlsop_adaptive_sample_large_ms"":137.765686,""tlsop_alloc_tiles_ms"":0.061519,""tlsop_build_ms"":33.786321,""tlsop_build_edges_ms"":0.000690,""tlsop_pass1_count_caps_ms"":6.520193,""tlsop_pass1_reserve_ms"":0.476441,""tlsop_pass2_fill_ms"":8.003644,""tlsop_sort_lists_ms"":18.273233}",,"{""dataset"":{""source"":""synthetic"",""name"":""hetero_t__nr100000__ns100000__a1_000ep00__g1"",""dim"":2,""path_r"":"""",""path_s"":"""",""synthetic"":{""generator"":""hetero_sizes"",""n_r"":100000,""n_s"":100000,""alpha"":1,""seed"":1}},""run"":{""method"":""tlsop"",""variant"":""adaptive"",""t"":30000,""seed"":1,""repeats"":3,""j_star"":1000000,""enum_cap"":0,""write_samples"":false,""verify"":false},""output"":{""out_dir"":""run/temp/exp5/hetero_t"",""run_tag"":""exp5_hetero_t""},""sys"":{""threads"":1},""logging"":{""level"":""INFO"",""with_timestamp"":true,""with_thread_id"":false}}","{""generator"":""hetero_sizes"",""dataset"":""hetero_t__nr100000__ns100000__a1_000ep00__g1"",""n_r"":100000,""n_s"":100000,""has_exact_k"":false,""k_target"":0,""k_achieved"":0,""alpha_target"":1,""alpha_achieved"":nan,""notes"":""p_large_r=0.1, w_small=[0.002,0.01], w_large=[0.1,0.3], anisotropic=1""}"
hetero_t__nr100000__ns100000__a1_000ep00__g1,hetero_sizes,1,100000,100000,tlsop,adaptive,30000,2,3,1,327.413,8.06931e+06,1,0,1,0,fallback_sampling,1000001,"{""build_ms"":33.716793,""enumerate_prepare_ms"":0.012940,""run_build_ms"":33.717513,""run_fallback_count_ms"":135.687976,""run_fallback_sample_ms"":137.623559,""run_pilot_enum_prepare_ms"":0.013700,""run_pilot_enum_scan_ms"":19.754635,""tlsop_adaptive_pass1_ms"":135.677216,""tlsop_adaptive_sample_large_ms"":137.618459,""tlsop_alloc_tiles_ms"":0.061329,""tlsop_build_ms"":33.716143,""tlsop_build_edges_ms"":0.000590,""tlsop_pass1_count_caps_ms"":6.512403,""tlsop_pass1_reserve_ms"":0.476301,""tlsop_pass2_fill_ms"":7.979864,""tlsop_sort_lists_ms"":18.309293}",,"{""dataset"":{""source"":""synthetic"",""name"":""hetero_t__nr100000__ns100000__a1_000ep00__g1"",""dim"":2,""path_r"":"""",""path_s"":"""",""synthetic"":{""generator"":""hetero_sizes"",""n_r"":100000,""n_s"":100000,""alpha"":1,""seed"":1}},""run"":{""method"":""tlsop"",""variant"":""adaptive"",""t"":30000,""seed"":1,""repeats"":3,""j_star"":1000000,""enum_cap"":0,""write_samples"":false,""verify"":false},""output"":{""out_dir"":""run/temp/exp5/hetero_t"",""run_tag"":""exp5_hetero_t""},""sys"":{""threads"":1},""logging"":{""level"":""INFO"",""with_timestamp"":true,""with_thread_id"":false}}","{""generator"":""hetero_sizes"",""dataset"":""hetero_t__nr100000__ns100000__a1_000ep00__g1"",""n_r"":100000,""n_s"":100000,""has_exact_k"":false,""k_target"":0,""k_achieved"":0,""alpha_target"":1,""alpha_achieved"":nan,""notes"":""p_large_r=0.1, w_small=[0.002,0.01], w_large=[0.1,0.3], anisotropic=1""}"
hetero_t__nr100000__ns100000__a1_000ep00__g1,hetero_sizes,1,100000,100000,sirs,sampling,30000,0,1,1,1791.31,8.06931e+06,1,0,0,0,,0,"{""build_ms"":124.241229,""count_ms"":1124.648516,""run_build_ms"":124.241908,""run_count_ms"":1124.651196,""run_sample_ms"":542.410051,""sample_ms"":542.407691,""sirs_build_index_ms"":124.240748,""sirs_build_kd_ms"":11.270300,""sirs_embed_inner_ms"":56.082757,""sirs_phase1_degrees_ms"":1124.646486,""sirs_rank_axes_ms"":56.881662}",,"{""dataset"":{""source"":""synthetic"",""name"":""hetero_t__nr100000__ns100000__a1_000ep00__g1"",""dim"":2,""path_r"":"""",""path_s"":"""",""synthetic"":{""generator"":""hetero_sizes"",""n_r"":100000,""n_s"":100000,""alpha"":1,""seed"":1}},""run"":{""method"":""sirs"",""variant"":""sampling"",""t"":30000,""seed"":1,""repeats"":3,""j_star"":1000000,""enum_cap"":0,""write_samples"":false,""verify"":false},""output"":{""out_dir"":""run/temp/exp5/hetero_t"",""run_tag"":""exp5_hetero_t""},""sys"":{""threads"":1},""logging"":{""level"":""INFO"",""with_timestamp"":true,""with_thread_id"":false}}","{""generator"":""hetero_sizes"",""dataset"":""hetero_t__nr100000__ns100000__a1_000ep00__g1"",""n_r"":100000,""n_s"":100000,""has_exact_k"":false,""k_target"":0,""k_achieved"":0,""alpha_target"":1,""alpha_achieved"":nan,""notes"":""p_large_r=0.1, w_small=[0.002,0.01], w_large=[0.1,0.3], anisotropic=1""}"
hetero_t__nr100000__ns100000__a1_000ep00__g1,hetero_sizes,1,100000,100000,sirs,sampling,30000,1,2,1,1787.54,8.06931e+06,1,0,0,0,,0,"{""build_ms"":122.688299,""count_ms"":1124.138995,""run_build_ms"":122.688909,""run_count_ms"":1124.140425,""run_sample_ms"":540.703463,""sample_ms"":540.700913,""sirs_build_index_ms"":122.687669,""sirs_build_kd_ms"":11.166352,""sirs_embed_inner_ms"":55.962510,""sirs_phase1_degrees_ms"":1124.136735,""sirs_rank_axes_ms"":55.551877}",,"{""dataset"":{""source"":""synthetic"",""name"":""hetero_t__nr100000__ns100000__a1_000ep00__g1"",""dim"":2,""path_r"":"""",""path_s"":"""",""synthetic"":{""generator"":""hetero_sizes"",""n_r"":100000,""n_s"":100000,""alpha"":1,""seed"":1}},""run"":{""method"":""sirs"",""variant"":""sampling"",""t"":30000,""seed"":1,""repeats"":3,""j_star"":1000000,""enum_cap"":0,""write_samples"":false,""verify"":false},""output"":{""out_dir"":""run/temp/exp5/hetero_t"",""run_tag"":""exp5_hetero_t""},""sys"":{""threads"":1},""logging"":{""level"":""INFO"",""with_timestamp"":true,""with_thread_id"":false}}","{""generator"":""hetero_sizes"",""dataset"":""hetero_t__nr100000__ns100000__a1_000ep00__g1"",""n_r"":100000,""n_s"":100000,""has_exact_k"":false,""k_target"":0,""k_achieved"":0,""alpha_target"":1,""alpha_achieved"":nan,""notes"":""p_large_r=0.1, w_small=[0.002,0.01], w_large=[0.1,0.3], anisotropic=1""}"
hetero_t__nr100000__ns100000__a1_000ep00__g1,hetero_sizes,1,100000,100000,sirs,sampling,30000,2,3,1,1788.87,8.06931e+06,1,0,0,0,,0,"{""build_ms"":122.805297,""count_ms"":1124.566395,""run_build_ms"":122.805867,""run_count_ms"":1124.568045,""run_sample_ms"":541.495417,""sample_ms"":541.493327,""sirs_build_index_ms"":122.804517,""sirs_build_kd_ms"":11.246331,""sirs_embed_inner_ms"":55.963149,""sirs_phase1_degrees_ms"":1124.564295,""sirs_rank_axes_ms"":55.588667}",,"{""dataset"":{""source"":""synthetic"",""name"":""hetero_t__nr100000__ns100000__a1_000ep00__g1"",""dim"":2,""path_r"":"""",""path_s"":"""",""synthetic"":{""generator"":""hetero_sizes"",""n_r"":100000,""n_s"":100000,""alpha"":1,""seed"":1}},""run"":{""method"":""sirs"",""variant"":""sampling"",""t"":30000,""seed"":1,""repeats"":3,""j_star"":1000000,""enum_cap"":0,""write_samples"":false,""verify"":false},""output"":{""out_dir"":""run/temp/exp5/hetero_t"",""run_tag"":""exp5_hetero_t""},""sys"":{""threads"":1},""logging"":{""level"":""INFO"",""with_timestamp"":true,""with_thread_id"":false}}","{""generator"":""hetero_sizes"",""dataset"":""hetero_t__nr100000__ns100000__a1_000ep00__g1"",""n_r"":100000,""n_s"":100000,""has_exact_k"":false,""k_target"":0,""k_achieved"":0,""alpha_target"":1,""alpha_achieved"":nan,""notes"":""p_large_r=0.1, w_small=[0.002,0.01], w_large=[0.1,0.3], anisotropic=1""}"
hetero_t__nr100000__ns100000__a1_000ep00__g1,hetero_sizes,1,100000,100000,sirs,adaptive,30000,0,1,1,2016.67,8.06931e+06,1,0,1,0,fallback_sampling,1000001,"{""build_ms"":123.320136,""count_ms"":1154.611917,""run_build_ms"":123.320876,""run_fallback_count_ms"":1154.614807,""run_fallback_sample_ms"":542.029257,""run_pilot_enum_prepare_ms"":0.000720,""run_pilot_enum_scan_ms"":196.687017,""sample_ms"":542.027167,""sirs_build_index_ms"":123.319476,""sirs_build_kd_ms"":11.274901,""sirs_embed_inner_ms"":56.022968,""sirs_rank_axes_ms"":56.016188}",,"{""dataset"":{""source"":""synthetic"",""name"":""hetero_t__nr100000__ns100000__a1_000ep00__g1"",""dim"":2,""path_r"":"""",""path_s"":"""",""synthetic"":{""generator"":""hetero_sizes"",""n_r"":100000,""n_s"":100000,""alpha"":1,""seed"":1}},""run"":{""method"":""sirs"",""variant"":""adaptive"",""t"":30000,""seed"":1,""repeats"":3,""j_star"":1000000,""enum_cap"":0,""write_samples"":false,""verify"":false},""output"":{""out_dir"":""run/temp/exp5/hetero_t"",""run_tag"":""exp5_hetero_t""},""sys"":{""threads"":1},""logging"":{""level"":""INFO"",""with_timestamp"":true,""with_thread_id"":false}}","{""generator"":""hetero_sizes"",""dataset"":""hetero_t__nr100000__ns100000__a1_000ep00__g1"",""n_r"":100000,""n_s"":100000,""has_exact_k"":false,""k_target"":0,""k_achieved"":0,""alpha_target"":1,""alpha_achieved"":nan,""notes"":""p_large_r=0.1, w_small=[0.002,0.01], w_large=[0.1,0.3], anisotropic=1""}"
hetero_t__nr100000__ns100000__a1_000ep00__g1,hetero_sizes,1,100000,100000,sirs,adaptive,30000,1,2,1,2016.06,8.06931e+06,1,0,1,0,fallback_sampling,1000001,"{""build_ms"":122.671878,""count_ms"":1154.086777,""run_build_ms"":122.672518,""run_fallback_count_ms"":1154.088787,""run_fallback_sample_ms"":542.536125,""run_pilot_enum_prepare_ms"":0.000440,""run_pilot_enum_scan_ms"":196.731486,""sample_ms"":542.533705,""sirs_build_index_ms"":122.671059,""sirs_build_kd_ms"":11.137043,""sirs_embed_inner_ms"":55.960199,""sirs_rank_axes_ms"":55.567617}",,"{""dataset"":{""source"":""synthetic"",""name"":""hetero_t__nr100000__ns100000__a1_000ep00__g1"",""dim"":2,""path_r"":"""",""path_s"":"""",""synthetic"":{""generator"":""hetero_sizes"",""n_r"":100000,""n_s"":100000,""alpha"":1,""seed"":1}},""run"":{""method"":""sirs"",""variant"":""adaptive"",""t"":30000,""seed"":1,""repeats"":3,""j_star"":1000000,""enum_cap"":0,""write_samples"":false,""verify"":false},""output"":{""out_dir"":""run/temp/exp5/hetero_t"",""run_tag"":""exp5_hetero_t""},""sys"":{""threads"":1},""logging"":{""level"":""INFO"",""with_timestamp"":true,""with_thread_id"":false}}","{""generator"":""hetero_sizes"",""dataset"":""hetero_t__nr100000__ns100000__a1_000ep00__g1"",""n_r"":100000,""n_s"":100000,""has_exact_k"":false,""k_target"":0,""k_achieved"":0,""alpha_target"":1,""alpha_achieved"":nan,""notes"":""p_large_r=0.1, w_small=[0.002,0.01], w_large=[0.1,0.3], anisotropic=1""}"
hetero_t__nr100000__ns100000__a1_000ep00__g1,hetero_sizes,1,100000,100000,sirs,adaptive,30000,2,3,1,2015.43,8.06931e+06,1,0,1,0,fallback_sampling,1000001,"{""build_ms"":122.734708,""count_ms"":1154.532816,""run_build_ms"":122.735308,""run_fallback_count_ms"":1154.534986,""run_fallback_sample_ms"":541.263770,""run_pilot_enum_prepare_ms"":0.000500,""run_pilot_enum_scan_ms"":196.862803,""sample_ms"":541.261320,""sirs_build_index_ms"":122.733898,""sirs_build_kd_ms"":11.180902,""sirs_embed_inner_ms"":55.977549,""sirs_rank_axes_ms"":55.569577}",,"{""dataset"":{""source"":""synthetic"",""name"":""hetero_t__nr100000__ns100000__a1_000ep00__g1"",""dim"":2,""path_r"":"""",""path_s"":"""",""synthetic"":{""generator"":""hetero_sizes"",""n_r"":100000,""n_s"":100000,""alpha"":1,""seed"":1}},""run"":{""method"":""sirs"",""variant"":""adaptive"",""t"":30000,""seed"":1,""repeats"":3,""j_star"":1000000,""enum_cap"":0,""write_samples"":false,""verify"":false},""output"":{""out_dir"":""run/temp/exp5/hetero_t"",""run_tag"":""exp5_hetero_t""},""sys"":{""threads"":1},""logging"":{""level"":""INFO"",""with_timestamp"":true,""with_thread_id"":false}}","{""generator"":""hetero_sizes"",""dataset"":""hetero_t__nr100000__ns100000__a1_000ep00__g1"",""n_r"":100000,""n_s"":100000,""has_exact_k"":false,""k_target"":0,""k_achieved"":0,""alpha_target"":1,""alpha_achieved"":nan,""notes"":""p_large_r=0.1, w_small=[0.002,0.01], w_large=[0.1,0.3], anisotropic=1""}"
hetero_t__nr100000__ns100000__a1_000ep00__g1,hetero_sizes,1,100000,100000,rejection,sampling,30000,0,1,0,-1,-1,0,0,0,0,,0,{},SKIPPED: rejection+sampling is disabled in sjs_sweep; use variant=adaptive.,"{""dataset"":{""source"":""synthetic"",""name"":""hetero_t__nr100000__ns100000__a1_000ep00__g1"",""dim"":2,""path_r"":"""",""path_s"":"""",""synthetic"":{""generator"":""hetero_sizes"",""n_r"":100000,""n_s"":100000,""alpha"":1,""seed"":1}},""run"":{""method"":""rejection"",""variant"":""sampling"",""t"":30000,""seed"":1,""repeats"":3,""j_star"":1000000,""enum_cap"":0,""write_samples"":false,""verify"":false},""output"":{""out_dir"":""run/temp/exp5/hetero_t"",""run_tag"":""exp5_hetero_t""},""sys"":{""threads"":1},""logging"":{""level"":""INFO"",""with_timestamp"":true,""with_thread_id"":false}}","{""generator"":""hetero_sizes"",""dataset"":""hetero_t__nr100000__ns100000__a1_000ep00__g1"",""n_r"":100000,""n_s"":100000,""has_exact_k"":false,""k_target"":0,""k_achieved"":0,""alpha_target"":1,""alpha_achieved"":nan,""notes"":""p_large_r=0.1, w_small=[0.002,0.01], w_large=[0.1,0.3], anisotropic=1""}"
hetero_t__nr100000__ns100000__a1_000ep00__g1,hetero_sizes,1,100000,100000,rejection,sampling,30000,1,2,0,-1,-1,0,0,0,0,,0,{},SKIPPED: rejection+sampling is disabled in sjs_sweep; use variant=adaptive.,"{""dataset"":{""source"":""synthetic"",""name"":""hetero_t__nr100000__ns100000__a1_000ep00__g1"",""dim"":2,""path_r"":"""",""path_s"":"""",""synthetic"":{""generator"":""hetero_sizes"",""n_r"":100000,""n_s"":100000,""alpha"":1,""seed"":1}},""run"":{""method"":""rejection"",""variant"":""sampling"",""t"":30000,""seed"":1,""repeats"":3,""j_star"":1000000,""enum_cap"":0,""write_samples"":false,""verify"":false},""output"":{""out_dir"":""run/temp/exp5/hetero_t"",""run_tag"":""exp5_hetero_t""},""sys"":{""threads"":1},""logging"":{""level"":""INFO"",""with_timestamp"":true,""with_thread_id"":false}}","{""generator"":""hetero_sizes"",""dataset"":""hetero_t__nr100000__ns100000__a1_000ep00__g1"",""n_r"":100000,""n_s"":100000,""has_exact_k"":false,""k_target"":0,""k_achieved"":0,""alpha_target"":1,""alpha_achieved"":nan,""notes"":""p_large_r=0.1, w_small=[0.002,0.01], w_large=[0.1,0.3], anisotropic=1""}"
hetero_t__nr100000__ns100000__a1_000ep00__g1,hetero_sizes,1,100000,100000,rejection,sampling,30000,2,3,0,-1,-1,0,0,0,0,,0,{},SKIPPED: rejection+sampling is disabled in sjs_sweep; use variant=adaptive.,"{""dataset"":{""source"":""synthetic"",""name"":""hetero_t__nr100000__ns100000__a1_000ep00__g1"",""dim"":2,""path_r"":"""",""path_s"":"""",""synthetic"":{""generator"":""hetero_sizes"",""n_r"":100000,""n_s"":100000,""alpha"":1,""seed"":1}},""run"":{""method"":""rejection"",""variant"":""sampling"",""t"":30000,""seed"":1,""repeats"":3,""j_star"":1000000,""enum_cap"":0,""write_samples"":false,""verify"":false},""output"":{""out_dir"":""run/temp/exp5/hetero_t"",""run_tag"":""exp5_hetero_t""},""sys"":{""threads"":1},""logging"":{""level"":""INFO"",""with_timestamp"":true,""with_thread_id"":false}}","{""generator"":""hetero_sizes"",""dataset"":""hetero_t__nr100000__ns100000__a1_000ep00__g1"",""n_r"":100000,""n_s"":100000,""has_exact_k"":false,""k_target"":0,""k_achieved"":0,""alpha_target"":1,""alpha_achieved"":nan,""notes"":""p_large_r=0.1, w_small=[0.002,0.01], w_large=[0.1,0.3], anisotropic=1""}"
hetero_t__nr100000__ns100000__a1_000ep00__g1,hetero_sizes,1,100000,100000,rejection,adaptive,30000,0,1,1,2707.68,7.84917e+06,0,0,1,0,fallback_sampling,1000001,"{""adaptive_phase1_ms"":480.490693,""adaptive_sample_ms"":501.889496,""build_ms"":1255.498577,""build_M_ms"":0.108238,""build_cellmap_ms"":14.685884,""build_mu_alias_ms"":1240.418671,""build_slab_index_ms"":0.276785,""count_pilot_ms"":10.217331,""run_build_ms"":1255.499907,""run_fallback_count_ms"":480.491613,""run_fallback_sample_ms"":501.892816,""run_pilot_enum_prepare_ms"":0.005589,""run_pilot_enum_scan_ms"":469.780252}",,"{""dataset"":{""source"":""synthetic"",""name"":""hetero_t__nr100000__ns100000__a1_000ep00__g1"",""dim"":2,""path_r"":"""",""path_s"":"""",""synthetic"":{""generator"":""hetero_sizes"",""n_r"":100000,""n_s"":100000,""alpha"":1,""seed"":1}},""run"":{""method"":""rejection"",""variant"":""adaptive"",""t"":30000,""seed"":1,""repeats"":3,""j_star"":1000000,""enum_cap"":0,""write_samples"":false,""verify"":false},""output"":{""out_dir"":""run/temp/exp5/hetero_t"",""run_tag"":""exp5_hetero_t""},""sys"":{""threads"":1},""logging"":{""level"":""INFO"",""with_timestamp"":true,""with_thread_id"":false}}","{""generator"":""hetero_sizes"",""dataset"":""hetero_t__nr100000__ns100000__a1_000ep00__g1"",""n_r"":100000,""n_s"":100000,""has_exact_k"":false,""k_target"":0,""k_achieved"":0,""alpha_target"":1,""alpha_achieved"":nan,""notes"":""p_large_r=0.1, w_small=[0.002,0.01], w_large=[0.1,0.3], anisotropic=1""}"
hetero_t__nr100000__ns100000__a1_000ep00__g1,hetero_sizes,1,100000,100000,rejection,adaptive,30000,1,2,1,2714.01,7.73446e+06,0,0,1,0,fallback_sampling,1000001,"{""adaptive_phase1_ms"":483.701890,""adaptive_sample_ms"":499.184258,""build_ms"":1233.510133,""build_M_ms"":0.107758,""build_cellmap_ms"":15.003077,""build_mu_alias_ms"":1218.108283,""build_slab_index_ms"":0.279055,""count_pilot_ms"":10.778290,""run_build_ms"":1233.566471,""run_fallback_count_ms"":483.702730,""run_fallback_sample_ms"":499.187728,""run_pilot_enum_prepare_ms"":0.007040,""run_pilot_enum_scan_ms"":472.277453}",,"{""dataset"":{""source"":""synthetic"",""name"":""hetero_t__nr100000__ns100000__a1_000ep00__g1"",""dim"":2,""path_r"":"""",""path_s"":"""",""synthetic"":{""generator"":""hetero_sizes"",""n_r"":100000,""n_s"":100000,""alpha"":1,""seed"":1}},""run"":{""method"":""rejection"",""variant"":""adaptive"",""t"":30000,""seed"":1,""repeats"":3,""j_star"":1000000,""enum_cap"":0,""write_samples"":false,""verify"":false},""output"":{""out_dir"":""run/temp/exp5/hetero_t"",""run_tag"":""exp5_hetero_t""},""sys"":{""threads"":1},""logging"":{""level"":""INFO"",""with_timestamp"":true,""with_thread_id"":false}}","{""generator"":""hetero_sizes"",""dataset"":""hetero_t__nr100000__ns100000__a1_000ep00__g1"",""n_r"":100000,""n_s"":100000,""has_exact_k"":false,""k_target"":0,""k_achieved"":0,""alpha_target"":1,""alpha_achieved"":nan,""notes"":""p_large_r=0.1, w_small=[0.002,0.01], w_large=[0.1,0.3], anisotropic=1""}"
hetero_t__nr100000__ns100000__a1_000ep00__g1,hetero_sizes,1,100000,100000,rejection,adaptive,30000,2,3,1,2702.08,8.19329e+06,0,0,1,0,fallback_sampling,1000001,"{""adaptive_phase1_ms"":484.167940,""adaptive_sample_ms"":489.912258,""build_ms"":1232.141417,""build_M_ms"":0.107288,""build_cellmap_ms"":14.861190,""build_mu_alias_ms"":1216.880956,""build_slab_index_ms"":0.281014,""count_pilot_ms"":10.168972,""run_build_ms"":1232.196677,""run_fallback_count_ms"":484.168600,""run_fallback_sample_ms"":489.915718,""run_pilot_enum_prepare_ms"":0.004800,""run_pilot_enum_scan_ms"":470.615314}",,"{""dataset"":{""source"":""synthetic"",""name"":""hetero_t__nr100000__ns100000__a1_000ep00__g1"",""dim"":2,""path_r"":"""",""path_s"":"""",""synthetic"":{""generator"":""hetero_sizes"",""n_r"":100000,""n_s"":100000,""alpha"":1,""seed"":1}},""run"":{""method"":""rejection"",""variant"":""adaptive"",""t"":30000,""seed"":1,""repeats"":3,""j_star"":1000000,""enum_cap"":0,""write_samples"":false,""verify"":false},""output"":{""out_dir"":""run/temp/exp5/hetero_t"",""run_tag"":""exp5_hetero_t""},""sys"":{""threads"":1},""logging"":{""level"":""INFO"",""with_timestamp"":true,""with_thread_id"":false}}","{""generator"":""hetero_sizes"",""dataset"":""hetero_t__nr100000__ns100000__a1_000ep00__g1"",""n_r"":100000,""n_s"":100000,""has_exact_k"":false,""k_target"":0,""k_achieved"":0,""alpha_target"":1,""alpha_achieved"":nan,""notes"":""p_large_r=0.1, w_small=[0.002,0.01], w_large=[0.1,0.3], anisotropic=1""}"
hetero_t__nr100000__ns100000__a1_000ep00__g1,hetero_sizes,1,100000,100000,ours,sampling,100000,0,1,1,531.131,8.06931e+06,1,0,0,0,,0,"{""build_active_indices_ms"":5.683360,""build_events_ms"":33.875639,""build_ranks_ms"":43.503461,""build_y_domain_ms"":13.843490,""phase1_count_ms"":255.112426,""phase2_plan_ms"":7.594242,""phase3_sample_ms"":169.696921,""run_build_ms"":98.684206,""run_count_ms"":255.115645,""run_sample_ms"":177.327443}",,"{""dataset"":{""source"":""synthetic"",""name"":""hetero_t__nr100000__ns100000__a1_000ep00__g1"",""dim"":2,""path_r"":"""",""path_s"":"""",""synthetic"":{""generator"":""hetero_sizes"",""n_r"":100000,""n_s"":100000,""alpha"":1,""seed"":1}},""run"":{""method"":""ours"",""variant"":""sampling"",""t"":100000,""seed"":1,""repeats"":3,""j_star"":1000000,""enum_cap"":0,""write_samples"":false,""verify"":false},""output"":{""out_dir"":""run/temp/exp5/hetero_t"",""run_tag"":""exp5_hetero_t""},""sys"":{""threads"":1},""logging"":{""level"":""INFO"",""with_timestamp"":true,""with_thread_id"":false}}","{""generator"":""hetero_sizes"",""dataset"":""hetero_t__nr100000__ns100000__a1_000ep00__g1"",""n_r"":100000,""n_s"":100000,""has_exact_k"":false,""k_target"":0,""k_achieved"":0,""alpha_target"":1,""alpha_achieved"":nan,""notes"":""p_large_r=0.1, w_small=[0.002,0.01], w_large=[0.1,0.3], anisotropic=1""}"
hetero_t__nr100000__ns100000__a1_000ep00__g1,hetero_sizes,1,100000,100000,ours,sampling,100000,1,2,1,589.297,8.06931e+06,1,0,0,0,,0,"{""build_active_indices_ms"":5.489993,""build_events_ms"":40.562219,""build_ranks_ms"":43.559310,""build_y_domain_ms"":13.856219,""phase1_count_ms"":255.065877,""phase2_plan_ms"":7.636301,""phase3_sample_ms"":169.423316,""run_build_ms"":105.236428,""run_count_ms"":255.068907,""run_sample_ms"":177.095956}",,"{""dataset"":{""source"":""synthetic"",""name"":""hetero_t__nr100000__ns100000__a1_000ep00__g1"",""dim"":2,""path_r"":"""",""path_s"":"""",""synthetic"":{""generator"":""hetero_sizes"",""n_r"":100000,""n_s"":100000,""alpha"":1,""seed"":1}},""run"":{""method"":""ours"",""variant"":""sampling"",""t"":100000,""seed"":1,""repeats"":3,""j_star"":1000000,""enum_cap"":0,""write_samples"":false,""verify"":false},""output"":{""out_dir"":""run/temp/exp5/hetero_t"",""run_tag"":""exp5_hetero_t""},""sys"":{""threads"":1},""logging"":{""level"":""INFO"",""with_timestamp"":true,""with_thread_id"":false}}","{""generator"":""hetero_sizes"",""dataset"":""hetero_t__nr100000__ns100000__a1_000ep00__g1"",""n_r"":100000,""n_s"":100000,""has_exact_k"":false,""k_target"":0,""k_achieved"":0,""alpha_target"":1,""alpha_achieved"":nan,""notes"":""p_large_r=0.1, w_small=[0.002,0.01], w_large=[0.1,0.3], anisotropic=1""}"
hetero_t__nr100000__ns100000__a1_000ep00__g1,hetero_sizes,1,100000,100000,ours,sampling,100000,2,3,1,602.159,8.06931e+06,1,0,0,0,,0,"{""build_active_indices_ms"":5.508883,""build_events_ms"":40.966211,""build_ranks_ms"":43.520272,""build_y_domain_ms"":13.839480,""phase1_count_ms"":256.781723,""phase2_plan_ms"":7.828837,""phase3_sample_ms"":169.940485,""run_build_ms"":105.618310,""run_count_ms"":256.784923,""run_sample_ms"":177.805772}",,"{""dataset"":{""source"":""synthetic"",""name"":""hetero_t__nr100000__ns100000__a1_000ep00__g1"",""dim"":2,""path_r"":"""",""path_s"":"""",""synthetic"":{""generator"":""hetero_sizes"",""n_r"":100000,""n_s"":100000,""alpha"":1,""seed"":1}},""run"":{""method"":""ours"",""variant"":""sampling"",""t"":100000,""seed"":1,""repeats"":3,""j_star"":1000000,""enum_cap"":0,""write_samples"":false,""verify"":false},""output"":{""out_dir"":""run/temp/exp5/hetero_t"",""run_tag"":""exp5_hetero_t""},""sys"":{""threads"":1},""logging"":{""level"":""INFO"",""with_timestamp"":true,""with_thread_id"":false}}","{""generator"":""hetero_sizes"",""dataset"":""hetero_t__nr100000__ns100000__a1_000ep00__g1"",""n_r"":100000,""n_s"":100000,""has_exact_k"":false,""k_target"":0,""k_achieved"":0,""alpha_target"":1,""alpha_achieved"":nan,""notes"":""p_large_r=0.1, w_small=[0.002,0.01], w_large=[0.1,0.3], anisotropic=1""}"
hetero_t__nr100000__ns100000__a1_000ep00__g1,hetero_sizes,1,100000,100000,ours,adaptive,100000,0,1,1,606.664,8.06931e+06,1,0,1,0,fallback_sampling,1000001,"{""build_active_indices_ms"":5.698999,""build_events_ms"":33.904219,""build_ranks_ms"":43.514981,""build_y_domain_ms"":13.826711,""phase1_count_adaptive_ms"":255.716334,""phase2_plan_ms"":7.977015,""phase3_sample_ms"":173.847770,""run_build_ms"":98.731884,""run_fallback_count_ms"":255.720273,""run_fallback_sample_ms"":181.861934,""run_pilot_enum_prepare_ms"":1.538151,""run_pilot_enum_scan_ms"":68.765330,""sample_ms"":181.860474}",,"{""dataset"":{""source"":""synthetic"",""name"":""hetero_t__nr100000__ns100000__a1_000ep00__g1"",""dim"":2,""path_r"":"""",""path_s"":"""",""synthetic"":{""generator"":""hetero_sizes"",""n_r"":100000,""n_s"":100000,""alpha"":1,""seed"":1}},""run"":{""method"":""ours"",""variant"":""adaptive"",""t"":100000,""seed"":1,""repeats"":3,""j_star"":1000000,""enum_cap"":0,""write_samples"":false,""verify"":false},""output"":{""out_dir"":""run/temp/exp5/hetero_t"",""run_tag"":""exp5_hetero_t""},""sys"":{""threads"":1},""logging"":{""level"":""INFO"",""with_timestamp"":true,""with_thread_id"":false}}","{""generator"":""hetero_sizes"",""dataset"":""hetero_t__nr100000__ns100000__a1_000ep00__g1"",""n_r"":100000,""n_s"":100000,""has_exact_k"":false,""k_target"":0,""k_achieved"":0,""alpha_target"":1,""alpha_achieved"":nan,""notes"":""p_large_r=0.1, w_small=[0.002,0.01], w_large=[0.1,0.3], anisotropic=1""}"
hetero_t__nr100000__ns100000__a1_000ep00__g1,hetero_sizes,1,100000,100000,ours,adaptive,100000,1,2,1,677.469,8.06931e+06,1,0,1,0,fallback_sampling,1000001,"{""build_active_indices_ms"":5.532752,""build_events_ms"":65.559472,""build_ranks_ms"":43.515712,""build_y_domain_ms"":13.845910,""phase1_count_adaptive_ms"":256.897850,""phase2_plan_ms"":7.929185,""phase3_sample_ms"":173.842650,""run_build_ms"":130.220901,""run_fallback_count_ms"":256.901470,""run_fallback_sample_ms"":181.807274,""run_pilot_enum_prepare_ms"":1.533700,""run_pilot_enum_scan_ms"":67.859597,""sample_ms"":181.806395}",,"{""dataset"":{""source"":""synthetic"",""name"":""hetero_t__nr100000__ns100000__a1_000ep00__g1"",""dim"":2,""path_r"":"""",""path_s"":"""",""synthetic"":{""generator"":""hetero_sizes"",""n_r"":100000,""n_s"":100000,""alpha"":1,""seed"":1}},""run"":{""method"":""ours"",""variant"":""adaptive"",""t"":100000,""seed"":1,""repeats"":3,""j_star"":1000000,""enum_cap"":0,""write_samples"":false,""verify"":false},""output"":{""out_dir"":""run/temp/exp5/hetero_t"",""run_tag"":""exp5_hetero_t""},""sys"":{""threads"":1},""logging"":{""level"":""INFO"",""with_timestamp"":true,""with_thread_id"":false}}","{""generator"":""hetero_sizes"",""dataset"":""hetero_t__nr100000__ns100000__a1_000ep00__g1"",""n_r"":100000,""n_s"":100000,""has_exact_k"":false,""k_target"":0,""k_achieved"":0,""alpha_target"":1,""alpha_achieved"":nan,""notes"":""p_large_r=0.1, w_small=[0.002,0.01], w_large=[0.1,0.3], anisotropic=1""}"
hetero_t__nr100000__ns100000__a1_000ep00__g1,hetero_sizes,1,100000,100000,ours,adaptive,100000,2,3,1,677.189,8.06931e+06,1,0,1,0,fallback_sampling,1000001,"{""build_active_indices_ms"":5.442014,""build_events_ms"":65.705979,""build_ranks_ms"":43.556241,""build_y_domain_ms"":13.829840,""phase1_count_adaptive_ms"":257.038338,""phase2_plan_ms"":7.954635,""phase3_sample_ms"":174.473778,""run_build_ms"":130.311780,""run_fallback_count_ms"":257.041837,""run_fallback_sample_ms"":182.484651,""run_pilot_enum_prepare_ms"":1.515520,""run_pilot_enum_scan_ms"":67.685590,""sample_ms"":182.463871}",,"{""dataset"":{""source"":""synthetic"",""name"":""hetero_t__nr100000__ns100000__a1_000ep00__g1"",""dim"":2,""path_r"":"""",""path_s"":"""",""synthetic"":{""generator"":""hetero_sizes"",""n_r"":100000,""n_s"":100000,""alpha"":1,""seed"":1}},""run"":{""method"":""ours"",""variant"":""adaptive"",""t"":100000,""seed"":1,""repeats"":3,""j_star"":1000000,""enum_cap"":0,""write_samples"":false,""verify"":false},""output"":{""out_dir"":""run/temp/exp5/hetero_t"",""run_tag"":""exp5_hetero_t""},""sys"":{""threads"":1},""logging"":{""level"":""INFO"",""with_timestamp"":true,""with_thread_id"":false}}","{""generator"":""hetero_sizes"",""dataset"":""hetero_t__nr100000__ns100000__a1_000ep00__g1"",""n_r"":100000,""n_s"":100000,""has_exact_k"":false,""k_target"":0,""k_achieved"":0,""alpha_target"":1,""alpha_achieved"":nan,""notes"":""p_large_r=0.1, w_small=[0.002,0.01], w_large=[0.1,0.3], anisotropic=1""}"
hetero_t__nr100000__ns100000__a1_000ep00__g1,hetero_sizes,1,100000,100000,aabb,sampling,100000,0,1,1,1058.26,8.06931e+06,1,0,0,0,,0,"{""build_ms"":35.605396,""phase1_count_ms"":646.190958,""phase2_assign_ms"":11.235091,""phase3_sample_ms"":365.196208,""run_build_ms"":35.606976,""run_count_ms"":646.193628,""run_sample_ms"":376.452989}",,"{""dataset"":{""source"":""synthetic"",""name"":""hetero_t__nr100000__ns100000__a1_000ep00__g1"",""dim"":2,""path_r"":"""",""path_s"":"""",""synthetic"":{""generator"":""hetero_sizes"",""n_r"":100000,""n_s"":100000,""alpha"":1,""seed"":1}},""run"":{""method"":""aabb"",""variant"":""sampling"",""t"":100000,""seed"":1,""repeats"":3,""j_star"":1000000,""enum_cap"":0,""write_samples"":false,""verify"":false},""output"":{""out_dir"":""run/temp/exp5/hetero_t"",""run_tag"":""exp5_hetero_t""},""sys"":{""threads"":1},""logging"":{""level"":""INFO"",""with_timestamp"":true,""with_thread_id"":false}}","{""generator"":""hetero_sizes"",""dataset"":""hetero_t__nr100000__ns100000__a1_000ep00__g1"",""n_r"":100000,""n_s"":100000,""has_exact_k"":false,""k_target"":0,""k_achieved"":0,""alpha_target"":1,""alpha_achieved"":nan,""notes"":""p_large_r=0.1, w_small=[0.002,0.01], w_large=[0.1,0.3], anisotropic=1""}"
hetero_t__nr100000__ns100000__a1_000ep00__g1,hetero_sizes,1,100000,100000,aabb,sampling,100000,1,2,1,1057.76,8.06931e+06,1,0,0,0,,0,"{""build_ms"":35.541777,""phase1_count_ms"":645.644649,""phase2_assign_ms"":11.138242,""phase3_sample_ms"":365.409074,""run_build_ms"":35.543657,""run_count_ms"":645.646169,""run_sample_ms"":376.568166}",,"{""dataset"":{""source"":""synthetic"",""name"":""hetero_t__nr100000__ns100000__a1_000ep00__g1"",""dim"":2,""path_r"":"""",""path_s"":"""",""synthetic"":{""generator"":""hetero_sizes"",""n_r"":100000,""n_s"":100000,""alpha"":1,""seed"":1}},""run"":{""method"":""aabb"",""variant"":""sampling"",""t"":100000,""seed"":1,""repeats"":3,""j_star"":1000000,""enum_cap"":0,""write_samples"":false,""verify"":false},""output"":{""out_dir"":""run/temp/exp5/hetero_t"",""run_tag"":""exp5_hetero_t""},""sys"":{""threads"":1},""logging"":{""level"":""INFO"",""with_timestamp"":true,""with_thread_id"":false}}","{""generator"":""hetero_sizes"",""dataset"":""hetero_t__nr100000__ns100000__a1_000ep00__g1"",""n_r"":100000,""n_s"":100000,""has_exact_k"":false,""k_target"":0,""k_achieved"":0,""alpha_target"":1,""alpha_achieved"":nan,""notes"":""p_large_r=0.1, w_small=[0.002,0.01], w_large=[0.1,0.3], anisotropic=1""}"
hetero_t__nr100000__ns100000__a1_000ep00__g1,hetero_sizes,1,100000,100000,aabb,sampling,100000,2,3,1,1056.84,8.06931e+06,1,0,0,0,,0,"{""build_ms"":35.489557,""phase1_count_ms"":645.369714,""phase2_assign_ms"":11.196462,""phase3_sample_ms"":364.762007,""run_build_ms"":35.490557,""run_count_ms"":645.371324,""run_sample_ms"":375.980017}",,"{""dataset"":{""source"":""synthetic"",""name"":""hetero_t__nr100000__ns100000__a1_000ep00__g1"",""dim"":2,""path_r"":"""",""path_s"":"""",""synthetic"":{""generator"":""hetero_sizes"",""n_r"":100000,""n_s"":100000,""alpha"":1,""seed"":1}},""run"":{""method"":""aabb"",""variant"":""sampling"",""t"":100000,""seed"":1,""repeats"":3,""j_star"":1000000,""enum_cap"":0,""write_samples"":false,""verify"":false},""output"":{""out_dir"":""run/temp/exp5/hetero_t"",""run_tag"":""exp5_hetero_t""},""sys"":{""threads"":1},""logging"":{""level"":""INFO"",""with_timestamp"":true,""with_thread_id"":false}}","{""generator"":""hetero_sizes"",""dataset"":""hetero_t__nr100000__ns100000__a1_000ep00__g1"",""n_r"":100000,""n_s"":100000,""has_exact_k"":false,""k_target"":0,""k_achieved"":0,""alpha_target"":1,""alpha_achieved"":nan,""notes"":""p_large_r=0.1, w_small=[0.002,0.01], w_large=[0.1,0.3], anisotropic=1""}"
hetero_t__nr100000__ns100000__a1_000ep00__g1,hetero_sizes,1,100000,100000,aabb,adaptive,100000,0,1,1,1242.61,8.06931e+06,1,0,1,0,fallback_sampling,1000001,"{""build_ms"":35.583666,""enumerate_prepare_ms"":33.970547,""phase1_count_ms"":681.128036,""phase2_assign_ms"":11.278950,""phase3_sample_ms"":363.350523,""run_build_ms"":35.584866,""run_fallback_count_ms"":681.131266,""run_fallback_sample_ms"":374.654013,""run_pilot_enum_prepare_ms"":33.973247,""run_pilot_enum_scan_ms"":117.236523}",,"{""dataset"":{""source"":""synthetic"",""name"":""hetero_t__nr100000__ns100000__a1_000ep00__g1"",""dim"":2,""path_r"":"""",""path_s"":"""",""synthetic"":{""generator"":""hetero_sizes"",""n_r"":100000,""n_s"":100000,""alpha"":1,""seed"":1}},""run"":{""method"":""aabb"",""variant"":""adaptive"",""t"":100000,""seed"":1,""repeats"":3,""j_star"":1000000,""enum_cap"":0,""write_samples"":false,""verify"":false},""output"":{""out_dir"":""run/temp/exp5/hetero_t"",""run_tag"":""exp5_hetero_t""},""sys"":{""threads"":1},""logging"":{""level"":""INFO"",""with_timestamp"":true,""with_thread_id"":false}}","{""generator"":""hetero_sizes"",""dataset"":""hetero_t__nr100000__ns100000__a1_000ep00__g1"",""n_r"":100000,""n_s"":100000,""has_exact_k"":false,""k_target"":0,""k_achieved"":0,""alpha_target"":1,""alpha_achieved"":nan,""notes"":""p_large_r=0.1, w_small=[0.002,0.01], w_large=[0.1,0.3], anisotropic=1""}"
hetero_t__nr100000__ns100000__a1_000ep00__g1,hetero_sizes,1,100000,100000,aabb,adaptive,100000,1,2,1,1242.95,8.06931e+06,1,0,1,0,fallback_sampling,1000001,"{""build_ms"":35.579046,""enumerate_prepare_ms"":33.987267,""phase1_count_ms"":681.456229,""phase2_assign_ms"":11.203771,""phase3_sample_ms"":363.407572,""run_build_ms"":35.580276,""run_fallback_count_ms"":681.458859,""run_fallback_sample_ms"":374.634943,""run_pilot_enum_prepare_ms"":33.989117,""run_pilot_enum_scan_ms"":117.256883}",,"{""dataset"":{""source"":""synthetic"",""name"":""hetero_t__nr100000__ns100000__a1_000ep00__g1"",""dim"":2,""path_r"":"""",""path_s"":"""",""synthetic"":{""generator"":""hetero_sizes"",""n_r"":100000,""n_s"":100000,""alpha"":1,""seed"":1}},""run"":{""method"":""aabb"",""variant"":""adaptive"",""t"":100000,""seed"":1,""repeats"":3,""j_star"":1000000,""enum_cap"":0,""write_samples"":false,""verify"":false},""output"":{""out_dir"":""run/temp/exp5/hetero_t"",""run_tag"":""exp5_hetero_t""},""sys"":{""threads"":1},""logging"":{""level"":""INFO"",""with_timestamp"":true,""with_thread_id"":false}}","{""generator"":""hetero_sizes"",""dataset"":""hetero_t__nr100000__ns100000__a1_000ep00__g1"",""n_r"":100000,""n_s"":100000,""has_exact_k"":false,""k_target"":0,""k_achieved"":0,""alpha_target"":1,""alpha_achieved"":nan,""notes"":""p_large_r=0.1, w_small=[0.002,0.01], w_large=[0.1,0.3], anisotropic=1""}"
hetero_t__nr100000__ns100000__a1_000ep00__g1,hetero_sizes,1,100000,100000,aabb,adaptive,100000,2,3,1,1241.81,8.06931e+06,1,0,1,0,fallback_sampling,1000001,"{""build_ms"":35.552877,""enumerate_prepare_ms"":33.982257,""phase1_count_ms"":681.135754,""phase2_assign_ms"":11.319049,""phase3_sample_ms"":362.567298,""run_build_ms"":35.554407,""run_fallback_count_ms"":681.137944,""run_fallback_sample_ms"":373.907697,""run_pilot_enum_prepare_ms"":33.984437,""run_pilot_enum_scan_ms"":117.197034}",,"{""dataset"":{""source"":""synthetic"",""name"":""hetero_t__nr100000__ns100000__a1_000ep00__g1"",""dim"":2,""path_r"":"""",""path_s"":"""",""synthetic"":{""generator"":""hetero_sizes"",""n_r"":100000,""n_s"":100000,""alpha"":1,""seed"":1}},""run"":{""method"":""aabb"",""variant"":""adaptive"",""t"":100000,""seed"":1,""repeats"":3,""j_star"":1000000,""enum_cap"":0,""write_samples"":false,""verify"":false},""output"":{""out_dir"":""run/temp/exp5/hetero_t"",""run_tag"":""exp5_hetero_t""},""sys"":{""threads"":1},""logging"":{""level"":""INFO"",""with_timestamp"":true,""with_thread_id"":false}}","{""generator"":""hetero_sizes"",""dataset"":""hetero_t__nr100000__ns100000__a1_000ep00__g1"",""n_r"":100000,""n_s"":100000,""has_exact_k"":false,""k_target"":0,""k_achieved"":0,""alpha_target"":1,""alpha_achieved"":nan,""notes"":""p_large_r=0.1, w_small=[0.002,0.01], w_large=[0.1,0.3], anisotropic=1""}"
hetero_t__nr100000__ns100000__a1_000ep00__g1,hetero_sizes,1,100000,100000,interval_tree,sampling,100000,0,1,1,1065.95,8.06931e+06,1,0,0,0,,0,"{""build_ms"":157.783513,""build_active_ms"":40.958631,""build_events_ms"":37.368661,""build_start_ids_ms"":1.601639,""build_y_endpoints_ms"":28.018694,""build_y_indices_ms"":49.829959,""phase1_count_ms"":524.292323,""phase2_slots_ms"":9.460635,""phase3_resweep_ms"":374.378127,""run_build_ms"":157.784313,""run_count_ms"":524.294353,""run_sample_ms"":383.871082}",,"{""dataset"":{""source"":""synthetic"",""name"":""hetero_t__nr100000__ns100000__a1_000ep00__g1"",""dim"":2,""path_r"":"""",""path_s"":"""",""synthetic"":{""generator"":""hetero_sizes"",""n_r"":100000,""n_s"":100000,""alpha"":1,""seed"":1}},""run"":{""method"":""interval_tree"",""variant"":""sampling"",""t"":100000,""seed"":1,""repeats"":3,""j_star"":1000000,""enum_cap"":0,""write_samples"":false,""verify"":false},""output"":{""out_dir"":""run/temp/exp5/hetero_t"",""run_tag"":""exp5_hetero_t""},""sys"":{""threads"":1},""logging"":{""level"":""INFO"",""with_timestamp"":true,""with_thread_id"":false}}","{""generator"":""hetero_sizes"",""dataset"":""hetero_t__nr100000__ns100000__a1_000ep00__g1"",""n_r"":100000,""n_s"":100000,""has_exact_k"":false,""k_target"":0,""k_achieved"":0,""alpha_target"":1,""alpha_achieved"":nan,""notes"":""p_large_r=0.1, w_small=[0.002,0.01], w_large=[0.1,0.3], anisotropic=1""}"
hetero_t__nr100000__ns100000__a1_000ep00__g1,hetero_sizes,1,100000,100000,interval_tree,sampling,100000,1,2,1,1136.15,8.06931e+06,1,0,0,0,,0,"{""build_ms"":145.238148,""build_active_ms"":23.526891,""build_events_ms"":42.317775,""build_start_ids_ms"":1.572639,""build_y_endpoints_ms"":28.019933,""build_y_indices_ms"":49.793620,""phase1_count_ms"":533.770678,""phase2_slots_ms"":9.463146,""phase3_resweep_ms"":374.624203,""run_build_ms"":145.238838,""run_count_ms"":533.772787,""run_sample_ms"":384.121108}",,"{""dataset"":{""source"":""synthetic"",""name"":""hetero_t__nr100000__ns100000__a1_000ep00__g1"",""dim"":2,""path_r"":"""",""path_s"":"""",""synthetic"":{""generator"":""hetero_sizes"",""n_r"":100000,""n_s"":100000,""alpha"":1,""seed"":1}},""run"":{""method"":""interval_tree"",""variant"":""sampling"",""t"":100000,""seed"":1,""repeats"":3,""j_star"":1000000,""enum_cap"":0,""write_samples"":false,""verify"":false},""output"":{""out_dir"":""run/temp/exp5/hetero_t"",""run_tag"":""exp5_hetero_t""},""sys"":{""threads"":1},""logging"":{""level"":""INFO"",""with_timestamp"":true,""with_thread_id"":false}}","{""generator"":""hetero_sizes"",""dataset"":""hetero_t__nr100000__ns100000__a1_000ep00__g1"",""n_r"":100000,""n_s"":100000,""has_exact_k"":false,""k_target"":0,""k_achieved"":0,""alpha_target"":1,""alpha_achieved"":nan,""notes"":""p_large_r=0.1, w_small=[0.002,0.01], w_large=[0.1,0.3], anisotropic=1""}"
hetero_t__nr100000__ns100000__a1_000ep00__g1,hetero_sizes,1,100000,100000,interval_tree,sampling,100000,2,3,1,1125.8,8.06931e+06,1,0,0,0,,0,"{""build_ms"":176.756152,""build_active_ms"":23.488901,""build_events_ms"":73.837270,""build_start_ids_ms"":1.604359,""build_y_endpoints_ms"":28.033153,""build_y_indices_ms"":49.784209,""phase1_count_ms"":523.796933,""phase2_slots_ms"":9.091513,""phase3_resweep_ms"":376.030404,""run_build_ms"":176.757082,""run_count_ms"":523.799462,""run_sample_ms"":385.153097}",,"{""dataset"":{""source"":""synthetic"",""name"":""hetero_t__nr100000__ns100000__a1_000ep00__g1"",""dim"":2,""path_r"":"""",""path_s"":"""",""synthetic"":{""generator"":""hetero_sizes"",""n_r"":100000,""n_s"":100000,""alpha"":1,""seed"":1}},""run"":{""method"":""interval_tree"",""variant"":""sampling"",""t"":100000,""seed"":1,""repeats"":3,""j_star"":1000000,""enum_cap"":0,""write_samples"":false,""verify"":false},""output"":{""out_dir"":""run/temp/exp5/hetero_t"",""run_tag"":""exp5_hetero_t""},""sys"":{""threads"":1},""logging"":{""level"":""INFO"",""with_timestamp"":true,""with_thread_id"":false}}","{""generator"":""hetero_sizes"",""dataset"":""hetero_t__nr100000__ns100000__a1_000ep00__g1"",""n_r"":100000,""n_s"":100000,""has_exact_k"":false,""k_target"":0,""k_achieved"":0,""alpha_target"":1,""alpha_achieved"":nan,""notes"":""p_large_r=0.1, w_small=[0.002,0.01], w_large=[0.1,0.3], anisotropic=1""}"
hetero_t__nr100000__ns100000__a1_000ep00__g1,hetero_sizes,1,100000,100000,interval_tree,adaptive,100000,0,1,1,1390.55,8.06931e+06,1,0,1,0,fallback_sampling,1000001,"{""build_ms"":158.949659,""build_active_ms"":41.179037,""build_events_ms"":37.411061,""build_start_ids_ms"":1.538161,""build_y_endpoints_ms"":28.126251,""build_y_indices_ms"":50.687331,""enumerate_prepare_ms"":161.766254,""phase1_count_adaptive_ms"":556.844277,""phase2_slots_ms"":9.103232,""phase3_resweep_ms"":374.853598,""run_build_ms"":158.950748,""run_fallback_count_ms"":556.846877,""run_fallback_sample_ms"":383.989789,""run_pilot_enum_prepare_ms"":161.769644,""run_pilot_enum_scan_ms"":106.676390}",,"{""dataset"":{""source"":""synthetic"",""name"":""hetero_t__nr100000__ns100000__a1_000ep00__g1"",""dim"":2,""path_r"":"""",""path_s"":"""",""synthetic"":{""generator"":""hetero_sizes"",""n_r"":100000,""n_s"":100000,""alpha"":1,""seed"":1}},""run"":{""method"":""interval_tree"",""variant"":""adaptive"",""t"":100000,""seed"":1,""repeats"":3,""j_star"":1000000,""enum_cap"":0,""write_samples"":false,""verify"":false},""output"":{""out_dir"":""run/temp/exp5/hetero_t"",""run_tag"":""exp5_hetero_t""},""sys"":{""threads"":1},""logging"":{""level"":""INFO"",""with_timestamp"":true,""with_thread_id"":false}}","{""generator"":""hetero_sizes"",""dataset"":""hetero_t__nr100000__ns100000__a1_000ep00__g1"",""n_r"":100000,""n_s"":100000,""has_exact_k"":false,""k_target"":0,""k_achieved"":0,""alpha_target"":1,""alpha_achieved"":nan,""notes"":""p_large_r=0.1, w_small=[0.002,0.01], w_large=[0.1,0.3], anisotropic=1""}"
hetero_t__nr100000__ns100000__a1_000ep00__g1,hetero_sizes,1,100000,100000,interval_tree,adaptive,100000,1,2,1,1453.79,8.06931e+06,1,0,1,0,fallback_sampling,1000001,"{""build_ms"":146.017222,""build_active_ms"":23.470562,""build_events_ms"":42.290105,""build_start_ids_ms"":1.530310,""build_y_endpoints_ms"":28.134061,""build_y_indices_ms"":50.584054,""enumerate_prepare_ms"":165.246456,""phase1_count_adaptive_ms"":556.542782,""phase2_slots_ms"":9.146602,""phase3_resweep_ms"":376.048973,""run_build_ms"":146.018252,""run_fallback_count_ms"":556.545172,""run_fallback_sample_ms"":385.229294,""run_pilot_enum_prepare_ms"":165.250366,""run_pilot_enum_scan_ms"":106.610911}",,"{""dataset"":{""source"":""synthetic"",""name"":""hetero_t__nr100000__ns100000__a1_000ep00__g1"",""dim"":2,""path_r"":"""",""path_s"":"""",""synthetic"":{""generator"":""hetero_sizes"",""n_r"":100000,""n_s"":100000,""alpha"":1,""seed"":1}},""run"":{""method"":""interval_tree"",""variant"":""adaptive"",""t"":100000,""seed"":1,""repeats"":3,""j_star"":1000000,""enum_cap"":0,""write_samples"":false,""verify"":false},""output"":{""out_dir"":""run/temp/exp5/hetero_t"",""run_tag"":""exp5_hetero_t""},""sys"":{""threads"":1},""logging"":{""level"":""INFO"",""with_timestamp"":true,""with_thread_id"":false}}","{""generator"":""hetero_sizes"",""dataset"":""hetero_t__nr100000__ns100000__a1_000ep00__g1"",""n_r"":100000,""n_s"":100000,""has_exact_k"":false,""k_target"":0,""k_achieved"":0,""alpha_target"":1,""alpha_achieved"":nan,""notes"":""p_large_r=0.1, w_small=[0.002,0.01], w_large=[0.1,0.3], anisotropic=1""}"
hetero_t__nr100000__ns100000__a1_000ep00__g1,hetero_sizes,1,100000,100000,interval_tree,adaptive,100000,2,3,1,1448,8.06931e+06,1,0,1,0,fallback_sampling,1000001,"{""build_ms"":164.784496,""build_active_ms"":23.482602,""build_events_ms"":61.108658,""build_start_ids_ms"":1.532700,""build_y_endpoints_ms"":28.138531,""build_y_indices_ms"":50.514145,""enumerate_prepare_ms"":165.896663,""phase1_count_adaptive_ms"":554.989232,""phase2_slots_ms"":9.097243,""phase3_resweep_ms"":375.203140,""run_build_ms"":164.785816,""run_fallback_count_ms"":554.991392,""run_fallback_sample_ms"":384.333411,""run_pilot_enum_prepare_ms"":165.899983,""run_pilot_enum_scan_ms"":106.656759}",,"{""dataset"":{""source"":""synthetic"",""name"":""hetero_t__nr100000__ns100000__a1_000ep00__g1"",""dim"":2,""path_r"":"""",""path_s"":"""",""synthetic"":{""generator"":""hetero_sizes"",""n_r"":100000,""n_s"":100000,""alpha"":1,""seed"":1}},""run"":{""method"":""interval_tree"",""variant"":""adaptive"",""t"":100000,""seed"":1,""repeats"":3,""j_star"":1000000,""enum_cap"":0,""write_samples"":false,""verify"":false},""output"":{""out_dir"":""run/temp/exp5/hetero_t"",""run_tag"":""exp5_hetero_t""},""sys"":{""threads"":1},""logging"":{""level"":""INFO"",""with_timestamp"":true,""with_thread_id"":false}}","{""generator"":""hetero_sizes"",""dataset"":""hetero_t__nr100000__ns100000__a1_000ep00__g1"",""n_r"":100000,""n_s"":100000,""has_exact_k"":false,""k_target"":0,""k_achieved"":0,""alpha_target"":1,""alpha_achieved"":nan,""notes"":""p_large_r=0.1, w_small=[0.002,0.01], w_large=[0.1,0.3], anisotropic=1""}"
hetero_t__nr100000__ns100000__a1_000ep00__g1,hetero_sizes,1,100000,100000,kd_tree,sampling,100000,0,1,1,774.196,8.06931e+06,1,0,0,0,,0,"{""build_ms"":102.014850,""build_events_ms"":33.870979,""build_kdtrees_ms"":34.535856,""build_rank_arrays_ms"":32.198772,""build_start_index_ms"":1.366303,""phase1_count_ms"":435.766358,""phase2_alias_ms"":236.405658,""phase3_sweep_ms"":225.029320,""run_build_ms"":102.015650,""run_count_ms"":435.768938,""run_sample_ms"":236.406818}",,"{""dataset"":{""source"":""synthetic"",""name"":""hetero_t__nr100000__ns100000__a1_000ep00__g1"",""dim"":2,""path_r"":"""",""path_s"":"""",""synthetic"":{""generator"":""hetero_sizes"",""n_r"":100000,""n_s"":100000,""alpha"":1,""seed"":1}},""run"":{""method"":""kd_tree"",""variant"":""sampling"",""t"":100000,""seed"":1,""repeats"":3,""j_star"":1000000,""enum_cap"":0,""write_samples"":false,""verify"":false},""output"":{""out_dir"":""run/temp/exp5/hetero_t"",""run_tag"":""exp5_hetero_t""},""sys"":{""threads"":1},""logging"":{""level"":""INFO"",""with_timestamp"":true,""with_thread_id"":false}}","{""generator"":""hetero_sizes"",""dataset"":""hetero_t__nr100000__ns100000__a1_000ep00__g1"",""n_r"":100000,""n_s"":100000,""has_exact_k"":false,""k_target"":0,""k_achieved"":0,""alpha_target"":1,""alpha_achieved"":nan,""notes"":""p_large_r=0.1, w_small=[0.002,0.01], w_large=[0.1,0.3], anisotropic=1""}"
hetero_t__nr100000__ns100000__a1_000ep00__g1,hetero_sizes,1,100000,100000,kd_tree,sampling,100000,1,2,1,778.529,8.06931e+06,1,0,0,0,,0,"{""build_ms"":102.144427,""build_events_ms"":33.914798,""build_kdtrees_ms"":34.506687,""build_rank_arrays_ms"":32.278540,""build_start_index_ms"":1.381512,""phase1_count_ms"":440.058214,""phase2_alias_ms"":236.294230,""phase3_sweep_ms"":225.006590,""run_build_ms"":102.145137,""run_count_ms"":440.061064,""run_sample_ms"":236.294820}",,"{""dataset"":{""source"":""synthetic"",""name"":""hetero_t__nr100000__ns100000__a1_000ep00__g1"",""dim"":2,""path_r"":"""",""path_s"":"""",""synthetic"":{""generator"":""hetero_sizes"",""n_r"":100000,""n_s"":100000,""alpha"":1,""seed"":1}},""run"":{""method"":""kd_tree"",""variant"":""sampling"",""t"":100000,""seed"":1,""repeats"":3,""j_star"":1000000,""enum_cap"":0,""write_samples"":false,""verify"":false},""output"":{""out_dir"":""run/temp/exp5/hetero_t"",""run_tag"":""exp5_hetero_t""},""sys"":{""threads"":1},""logging"":{""level"":""INFO"",""with_timestamp"":true,""with_thread_id"":false}}","{""generator"":""hetero_sizes"",""dataset"":""hetero_t__nr100000__ns100000__a1_000ep00__g1"",""n_r"":100000,""n_s"":100000,""has_exact_k"":false,""k_target"":0,""k_achieved"":0,""alpha_target"":1,""alpha_achieved"":nan,""notes"":""p_large_r=0.1, w_small=[0.002,0.01], w_large=[0.1,0.3], anisotropic=1""}"
hetero_t__nr100000__ns100000__a1_000ep00__g1,hetero_sizes,1,100000,100000,kd_tree,sampling,100000,2,3,1,779.671,8.06931e+06,1,0,0,0,,0,"{""build_ms"":102.188075,""build_events_ms"":33.861379,""build_kdtrees_ms"":34.550186,""build_rank_arrays_ms"":32.342379,""build_start_index_ms"":1.384183,""phase1_count_ms"":441.560785,""phase2_alias_ms"":235.916107,""phase3_sweep_ms"":224.512509,""run_build_ms"":102.188596,""run_count_ms"":441.563224,""run_sample_ms"":235.916907}",,"{""dataset"":{""source"":""synthetic"",""name"":""hetero_t__nr100000__ns100000__a1_000ep00__g1"",""dim"":2,""path_r"":"""",""path_s"":"""",""synthetic"":{""generator"":""hetero_sizes"",""n_r"":100000,""n_s"":100000,""alpha"":1,""seed"":1}},""run"":{""method"":""kd_tree"",""variant"":""sampling"",""t"":100000,""seed"":1,""repeats"":3,""j_star"":1000000,""enum_cap"":0,""write_samples"":false,""verify"":false},""output"":{""out_dir"":""run/temp/exp5/hetero_t"",""run_tag"":""exp5_hetero_t""},""sys"":{""threads"":1},""logging"":{""level"":""INFO"",""with_timestamp"":true,""with_thread_id"":false}}","{""generator"":""hetero_sizes"",""dataset"":""hetero_t__nr100000__ns100000__a1_000ep00__g1"",""n_r"":100000,""n_s"":100000,""has_exact_k"":false,""k_target"":0,""k_achieved"":0,""alpha_target"":1,""alpha_achieved"":nan,""notes"":""p_large_r=0.1, w_small=[0.002,0.01], w_large=[0.1,0.3], anisotropic=1""}"
hetero_t__nr100000__ns100000__a1_000ep00__g1,hetero_sizes,1,100000,100000,kd_tree,adaptive,100000,0,1,1,1243.14,8.06931e+06,1,0,1,0,fallback_sampling,1000001,"{""adaptive_fallback_sampling_ms"":236.976006,""build_ms"":102.148017,""build_embedding_ms"":32.389718,""build_events_ms"":33.878329,""build_kdtrees_ms"":34.498537,""build_rank_arrays_ms"":32.348418,""build_start_index_ms"":1.376973,""enumerate_prepare_ms"":100.825773,""phase1_count_and_maybe_enumerate_ms"":562.533764,""phase2_alias_ms"":3.893554,""phase2_assign_ms"":7.197080,""phase3_sweep_ms"":225.458011,""run_build_ms"":102.148697,""run_fallback_count_ms"":562.536563,""run_fallback_sample_ms"":236.977906,""run_pilot_enum_prepare_ms"":100.830293,""run_pilot_enum_scan_ms"":240.604656}",,"{""dataset"":{""source"":""synthetic"",""name"":""hetero_t__nr100000__ns100000__a1_000ep00__g1"",""dim"":2,""path_r"":"""",""path_s"":"""",""synthetic"":{""generator"":""hetero_sizes"",""n_r"":100000,""n_s"":100000,""alpha"":1,""seed"":1}},""run"":{""method"":""kd_tree"",""variant"":""adaptive"",""t"":100000,""seed"":1,""repeats"":3,""j_star"":1000000,""enum_cap"":0,""write_samples"":false,""verify"":false},""output"":{""out_dir"":""run/temp/exp5/hetero_t"",""run_tag"":""exp5_hetero_t""},""sys"":{""threads"":1},""logging"":{""level"":""INFO"",""with_timestamp"":true,""with_thread_id"":false}}","{""generator"":""hetero_sizes"",""dataset"":""hetero_t__nr100000__ns100000__a1_000ep00__g1"",""n_r"":100000,""n_s"":100000,""has_exact_k"":false,""k_target"":0,""k_achieved"":0,""alpha_target"":1,""alpha_achieved"":nan,""notes"":""p_large_r=0.1, w_small=[0.002,0.01], w_large=[0.1,0.3], anisotropic=1""}"
hetero_t__nr100000__ns100000__a1_000ep00__g1,hetero_sizes,1,100000,100000,kd_tree,adaptive,100000,1,2,1,1242.56,8.06931e+06,1,0,1,0,fallback_sampling,1000001,"{""adaptive_fallback_sampling_ms"":237.208771,""build_ms"":102.472440,""build_embedding_ms"":32.417357,""build_events_ms"":33.865499,""build_kdtrees_ms"":34.797041,""build_rank_arrays_ms"":32.360598,""build_start_index_ms"":1.387653,""enumerate_prepare_ms"":101.095877,""phase1_count_and_maybe_enumerate_ms"":561.260518,""phase2_alias_ms"":3.884564,""phase2_assign_ms"":7.109522,""phase3_sweep_ms"":225.782535,""run_build_ms"":102.473030,""run_fallback_count_ms"":561.263198,""run_fallback_sample_ms"":237.210172,""run_pilot_enum_prepare_ms"":101.100587,""run_pilot_enum_scan_ms"":240.491527}",,"{""dataset"":{""source"":""synthetic"",""name"":""hetero_t__nr100000__ns100000__a1_000ep00__g1"",""dim"":2,""path_r"":"""",""path_s"":"""",""synthetic"":{""generator"":""hetero_sizes"",""n_r"":100000,""n_s"":100000,""alpha"":1,""seed"":1}},""run"":{""method"":""kd_tree"",""variant"":""adaptive"",""t"":100000,""seed"":1,""repeats"":3,""j_star"":1000000,""enum_cap"":0,""write_samples"":false,""verify"":false},""output"":{""out_dir"":""run/temp/exp5/hetero_t"",""run_tag"":""exp5_hetero_t""},""sys"":{""threads"":1},""logging"":{""level"":""INFO"",""with_timestamp"":true,""with_thread_id"":false}}","{""generator"":""hetero_sizes"",""dataset"":""hetero_t__nr100000__ns100000__a1_000ep00__g1"",""n_r"":100000,""n_s"":100000,""has_exact_k"":false,""k_target"":0,""k_achieved"":0,""alpha_target"":1,""alpha_achieved"":nan,""notes"":""p_large_r=0.1, w_small=[0.002,0.01], w_large=[0.1,0.3], anisotropic=1""}"
hetero_t__nr100000__ns100000__a1_000ep00__g1,hetero_sizes,1,100000,100000,kd_tree,adaptive,100000,2,3,1,1248.76,8.06931e+06,1,0,1,0,fallback_sampling,1000001,"{""adaptive_fallback_sampling_ms"":236.326259,""build_ms"":102.458900,""build_embedding_ms"":32.487616,""build_events_ms"":33.866589,""build_kdtrees_ms"":34.725512,""build_rank_arrays_ms"":32.438547,""build_start_index_ms"":1.374243,""enumerate_prepare_ms"":101.089318,""phase1_count_and_maybe_enumerate_ms"":567.667723,""phase2_alias_ms"":3.891824,""phase2_assign_ms"":7.161850,""phase3_sweep_ms"":224.840902,""run_build_ms"":102.459400,""run_fallback_count_ms"":567.670762,""run_fallback_sample_ms"":236.328199,""run_pilot_enum_prepare_ms"":101.093888,""run_pilot_enum_scan_ms"":241.178104}",,"{""dataset"":{""source"":""synthetic"",""name"":""hetero_t__nr100000__ns100000__a1_000ep00__g1"",""dim"":2,""path_r"":"""",""path_s"":"""",""synthetic"":{""generator"":""hetero_sizes"",""n_r"":100000,""n_s"":100000,""alpha"":1,""seed"":1}},""run"":{""method"":""kd_tree"",""variant"":""adaptive"",""t"":100000,""seed"":1,""repeats"":3,""j_star"":1000000,""enum_cap"":0,""write_samples"":false,""verify"":false},""output"":{""out_dir"":""run/temp/exp5/hetero_t"",""run_tag"":""exp5_hetero_t""},""sys"":{""threads"":1},""logging"":{""level"":""INFO"",""with_timestamp"":true,""with_thread_id"":false}}","{""generator"":""hetero_sizes"",""dataset"":""hetero_t__nr100000__ns100000__a1_000ep00__g1"",""n_r"":100000,""n_s"":100000,""has_exact_k"":false,""k_target"":0,""k_achieved"":0,""alpha_target"":1,""alpha_achieved"":nan,""notes"":""p_large_r=0.1, w_small=[0.002,0.01], w_large=[0.1,0.3], anisotropic=1""}"
hetero_t__nr100000__ns100000__a1_000ep00__g1,hetero_sizes,1,100000,100000,r_tree,sampling,100000,0,1,1,448.667,8.06931e+06,1,0,0,0,,0,"{""build_ms"":35.780872,""phase1_count_ms"":203.796262,""phase2_assign_ms"":5.599501,""phase3_sample_ms"":203.074697,""run_build_ms"":35.781861,""run_count_ms"":203.799102,""run_sample_ms"":209.083590}",,"{""dataset"":{""source"":""synthetic"",""name"":""hetero_t__nr100000__ns100000__a1_000ep00__g1"",""dim"":2,""path_r"":"""",""path_s"":"""",""synthetic"":{""generator"":""hetero_sizes"",""n_r"":100000,""n_s"":100000,""alpha"":1,""seed"":1}},""run"":{""method"":""r_tree"",""variant"":""sampling"",""t"":100000,""seed"":1,""repeats"":3,""j_star"":1000000,""enum_cap"":0,""write_samples"":false,""verify"":false},""output"":{""out_dir"":""run/temp/exp5/hetero_t"",""run_tag"":""exp5_hetero_t""},""sys"":{""threads"":1},""logging"":{""level"":""INFO"",""with_timestamp"":true,""with_thread_id"":false}}","{""generator"":""hetero_sizes"",""dataset"":""hetero_t__nr100000__ns100000__a1_000ep00__g1"",""n_r"":100000,""n_s"":100000,""has_exact_k"":false,""k_target"":0,""k_achieved"":0,""alpha_target"":1,""alpha_achieved"":nan,""notes"":""p_large_r=0.1, w_small=[0.002,0.01], w_large=[0.1,0.3], anisotropic=1""}"
hetero_t__nr100000__ns100000__a1_000ep00__g1,hetero_sizes,1,100000,100000,r_tree,sampling,100000,1,2,1,443.684,8.06931e+06,1,0,0,0,,0,"{""build_ms"":35.742253,""phase1_count_ms"":200.067395,""phase2_assign_ms"":5.607091,""phase3_sample_ms"":201.762903,""run_build_ms"":35.743683,""run_count_ms"":200.069015,""run_sample_ms"":207.777866}",,"{""dataset"":{""source"":""synthetic"",""name"":""hetero_t__nr100000__ns100000__a1_000ep00__g1"",""dim"":2,""path_r"":"""",""path_s"":"""",""synthetic"":{""generator"":""hetero_sizes"",""n_r"":100000,""n_s"":100000,""alpha"":1,""seed"":1}},""run"":{""method"":""r_tree"",""variant"":""sampling"",""t"":100000,""seed"":1,""repeats"":3,""j_star"":1000000,""enum_cap"":0,""write_samples"":false,""verify"":false},""output"":{""out_dir"":""run/temp/exp5/hetero_t"",""run_tag"":""exp5_hetero_t""},""sys"":{""threads"":1},""logging"":{""level"":""INFO"",""with_timestamp"":true,""with_thread_id"":false}}","{""generator"":""hetero_sizes"",""dataset"":""hetero_t__nr100000__ns100000__a1_000ep00__g1"",""n_r"":100000,""n_s"":100000,""has_exact_k"":false,""k_target"":0,""k_achieved"":0,""alpha_target"":1,""alpha_achieved"":nan,""notes"":""p_large_r=0.1, w_small=[0.002,0.01], w_large=[0.1,0.3], anisotropic=1""}"
hetero_t__nr100000__ns100000__a1_000ep00__g1,hetero_sizes,1,100000,100000,r_tree,sampling,100000,2,3,1,444.478,8.06931e+06,1,0,0,0,,0,"{""build_ms"":35.764392,""phase1_count_ms"":201.261632,""phase2_assign_ms"":5.605931,""phase3_sample_ms"":201.342011,""run_build_ms"":35.765702,""run_count_ms"":201.263402,""run_sample_ms"":207.356183}",,"{""dataset"":{""source"":""synthetic"",""name"":""hetero_t__nr100000__ns100000__a1_000ep00__g1"",""dim"":2,""path_r"":"""",""path_s"":"""",""synthetic"":{""generator"":""hetero_sizes"",""n_r"":100000,""n_s"":100000,""alpha"":1,""seed"":1}},""run"":{""method"":""r_tree"",""variant"":""sampling"",""t"":100000,""seed"":1,""repeats"":3,""j_star"":1000000,""enum_cap"":0,""write_samples"":false,""verify"":false},""output"":{""out_dir"":""run/temp/exp5/hetero_t"",""run_tag"":""exp5_hetero_t""},""sys"":{""threads"":1},""logging"":{""level"":""INFO"",""with_timestamp"":true,""with_thread_id"":false}}","{""generator"":""hetero_sizes"",""dataset"":""hetero_t__nr100000__ns100000__a1_000ep00__g1"",""n_r"":100000,""n_s"":100000,""has_exact_k"":false,""k_target"":0,""k_achieved"":0,""alpha_target"":1,""alpha_achieved"":nan,""notes"":""p_large_r=0.1, w_small=[0.002,0.01], w_large=[0.1,0.3], anisotropic=1""}"
hetero_t__nr100000__ns100000__a1_000ep00__g1,hetero_sizes,1,100000,100000,r_tree,adaptive,100000,0,1,1,586.368,8.06931e+06,1,0,1,0,fallback_sampling,1000001,"{""build_ms"":35.741843,""enumerate_prepare_ms"":34.076475,""phase1_adaptive_count_ms"":230.732737,""phase2+3_sampling_ms"":207.922962,""run_build_ms"":35.742643,""run_fallback_count_ms"":230.735307,""run_fallback_sample_ms"":207.925222,""run_pilot_enum_prepare_ms"":34.079484,""run_pilot_enum_scan_ms"":77.832661}",,"{""dataset"":{""source"":""synthetic"",""name"":""hetero_t__nr100000__ns100000__a1_000ep00__g1"",""dim"":2,""path_r"":"""",""path_s"":"""",""synthetic"":{""generator"":""hetero_sizes"",""n_r"":100000,""n_s"":100000,""alpha"":1,""seed"":1}},""run"":{""method"":""r_tree"",""variant"":""adaptive"",""t"":100000,""seed"":1,""repeats"":3,""j_star"":1000000,""enum_cap"":0,""write_samples"":false,""verify"":false},""output"":{""out_dir"":""run/temp/exp5/hetero_t"",""run_tag"":""exp5_hetero_t""},""sys"":{""threads"":1},""logging"":{""level"":""INFO"",""with_timestamp"":true,""with_thread_id"":false}}","{""generator"":""hetero_sizes"",""dataset"":""hetero_t__nr100000__ns100000__a1_000ep00__g1"",""n_r"":100000,""n_s"":100000,""has_exact_k"":false,""k_target"":0,""k_achieved"":0,""alpha_target"":1,""alpha_achieved"":nan,""notes"":""p_large_r=0.1, w_small=[0.002,0.01], w_large=[0.1,0.3], anisotropic=1""}"
hetero_t__nr100000__ns100000__a1_000ep00__g1,hetero_sizes,1,100000,100000,r_tree,adaptive,100000,1,2,1,584.902,8.06931e+06,1,0,1,0,fallback_sampling,1000001,"{""build_ms"":35.732653,""enumerate_prepare_ms"":34.080215,""phase1_adaptive_count_ms"":229.627479,""phase2+3_sampling_ms"":207.569779,""run_build_ms"":35.733753,""run_fallback_count_ms"":229.630359,""run_fallback_sample_ms"":207.571859,""run_pilot_enum_prepare_ms"":34.082395,""run_pilot_enum_scan_ms"":77.750782}",,"{""dataset"":{""source"":""synthetic"",""name"":""hetero_t__nr100000__ns100000__a1_000ep00__g1"",""dim"":2,""path_r"":"""",""path_s"":"""",""synthetic"":{""generator"":""hetero_sizes"",""n_r"":100000,""n_s"":100000,""alpha"":1,""seed"":1}},""run"":{""method"":""r_tree"",""variant"":""adaptive"",""t"":100000,""seed"":1,""repeats"":3,""j_star"":1000000,""enum_cap"":0,""write_samples"":false,""verify"":false},""output"":{""out_dir"":""run/temp/exp5/hetero_t"",""run_tag"":""exp5_hetero_t""},""sys"":{""threads"":1},""logging"":{""level"":""INFO"",""with_timestamp"":true,""with_thread_id"":false}}","{""generator"":""hetero_sizes"",""dataset"":""hetero_t__nr100000__ns100000__a1_000ep00__g1"",""n_r"":100000,""n_s"":100000,""has_exact_k"":false,""k_target"":0,""k_achieved"":0,""alpha_target"":1,""alpha_achieved"":nan,""notes"":""p_large_r=0.1, w_small=[0.002,0.01], w_large=[0.1,0.3], anisotropic=1""}"
hetero_t__nr100000__ns100000__a1_000ep00__g1,hetero_sizes,1,100000,100000,r_tree,adaptive,100000,2,3,1,584.19,8.06931e+06,1,0,1,0,fallback_sampling,1000001,"{""build_ms"":35.767982,""enumerate_prepare_ms"":34.103255,""phase1_adaptive_count_ms"":229.473782,""phase2+3_sampling_ms"":207.012629,""run_build_ms"":35.768882,""run_fallback_count_ms"":229.476262,""run_fallback_sample_ms"":207.015659,""run_pilot_enum_prepare_ms"":34.105464,""run_pilot_enum_scan_ms"":77.684814}",,"{""dataset"":{""source"":""synthetic"",""name"":""hetero_t__nr100000__ns100000__a1_000ep00__g1"",""dim"":2,""path_r"":"""",""path_s"":"""",""synthetic"":{""generator"":""hetero_sizes"",""n_r"":100000,""n_s"":100000,""alpha"":1,""seed"":1}},""run"":{""method"":""r_tree"",""variant"":""adaptive"",""t"":100000,""seed"":1,""repeats"":3,""j_star"":1000000,""enum_cap"":0,""write_samples"":false,""verify"":false},""output"":{""out_dir"":""run/temp/exp5/hetero_t"",""run_tag"":""exp5_hetero_t""},""sys"":{""threads"":1},""logging"":{""level"":""INFO"",""with_timestamp"":true,""with_thread_id"":false}}","{""generator"":""hetero_sizes"",""dataset"":""hetero_t__nr100000__ns100000__a1_000ep00__g1"",""n_r"":100000,""n_s"":100000,""has_exact_k"":false,""k_target"":0,""k_achieved"":0,""alpha_target"":1,""alpha_achieved"":nan,""notes"":""p_large_r=0.1, w_small=[0.002,0.01], w_large=[0.1,0.3], anisotropic=1""}"
hetero_t__nr100000__ns100000__a1_000ep00__g1,hetero_sizes,1,100000,100000,range_tree,sampling,100000,0,1,1,2393.93,8.06931e+06,1,0,0,0,,0,"{""build_ms"":100.754853,""build_events_ms"":33.893158,""build_range_trees_ms"":34.578185,""build_rank_arrays_ms"":30.871347,""build_start_index_ms"":1.370093,""phase1_count_ms"":1263.163918,""phase2_alias_ms"":1029.978808,""phase3_sweep_ms"":1018.462912,""run_build_ms"":100.755683,""run_count_ms"":1263.167407,""run_sample_ms"":1030.001028}",,"{""dataset"":{""source"":""synthetic"",""name"":""hetero_t__nr100000__ns100000__a1_000ep00__g1"",""dim"":2,""path_r"":"""",""path_s"":"""",""synthetic"":{""generator"":""hetero_sizes"",""n_r"":100000,""n_s"":100000,""alpha"":1,""seed"":1}},""run"":{""method"":""range_tree"",""variant"":""sampling"",""t"":100000,""seed"":1,""repeats"":3,""j_star"":1000000,""enum_cap"":0,""write_samples"":false,""verify"":false},""output"":{""out_dir"":""run/temp/exp5/hetero_t"",""run_tag"":""exp5_hetero_t""},""sys"":{""threads"":1},""logging"":{""level"":""INFO"",""with_timestamp"":true,""with_thread_id"":false}}","{""generator"":""hetero_sizes"",""dataset"":""hetero_t__nr100000__ns100000__a1_000ep00__g1"",""n_r"":100000,""n_s"":100000,""has_exact_k"":false,""k_target"":0,""k_achieved"":0,""alpha_target"":1,""alpha_achieved"":nan,""notes"":""p_large_r=0.1, w_small=[0.002,0.01], w_large=[0.1,0.3], anisotropic=1""}"
hetero_t__nr100000__ns100000__a1_000ep00__g1,hetero_sizes,1,100000,100000,range_tree,sampling,100000,1,2,1,2392.08,8.06931e+06,1,0,0,0,,0,"{""build_ms"":99.579647,""build_events_ms"":33.898569,""build_range_trees_ms"":33.252162,""build_rank_arrays_ms"":30.993555,""build_start_index_ms"":1.374793,""phase1_count_ms"":1262.066507,""phase2_alias_ms"":1030.398908,""phase3_sweep_ms"":1018.970281,""run_build_ms"":99.580575,""run_count_ms"":1262.069146,""run_sample_ms"":1030.399598}",,"{""dataset"":{""source"":""synthetic"",""name"":""hetero_t__nr100000__ns100000__a1_000ep00__g1"",""dim"":2,""path_r"":"""",""path_s"":"""",""synthetic"":{""generator"":""hetero_sizes"",""n_r"":100000,""n_s"":100000,""alpha"":1,""seed"":1}},""run"":{""method"":""range_tree"",""variant"":""sampling"",""t"":100000,""seed"":1,""repeats"":3,""j_star"":1000000,""enum_cap"":0,""write_samples"":false,""verify"":false},""output"":{""out_dir"":""run/temp/exp5/hetero_t"",""run_tag"":""exp5_hetero_t""},""sys"":{""threads"":1},""logging"":{""level"":""INFO"",""with_timestamp"":true,""with_thread_id"":false}}","{""generator"":""hetero_sizes"",""dataset"":""hetero_t__nr100000__ns100000__a1_000ep00__g1"",""n_r"":100000,""n_s"":100000,""has_exact_k"":false,""k_target"":0,""k_achieved"":0,""alpha_target"":1,""alpha_achieved"":nan,""notes"":""p_large_r=0.1, w_small=[0.002,0.01], w_large=[0.1,0.3], anisotropic=1""}"
hetero_t__nr100000__ns100000__a1_000ep00__g1,hetero_sizes,1,100000,100000,range_tree,sampling,100000,2,3,1,2391.56,8.06931e+06,1,0,0,0,,0,"{""build_ms"":99.721013,""build_events_ms"":33.914397,""build_range_trees_ms"":33.464687,""build_rank_arrays_ms"":30.913396,""build_start_index_ms"":1.373754,""phase1_count_ms"":1261.790360,""phase2_alias_ms"":1030.020513,""phase3_sweep_ms"":1018.129335,""run_build_ms"":99.721664,""run_count_ms"":1261.792750,""run_sample_ms"":1030.021373}",,"{""dataset"":{""source"":""synthetic"",""name"":""hetero_t__nr100000__ns100000__a1_000ep00__g1"",""dim"":2,""path_r"":"""",""path_s"":"""",""synthetic"":{""generator"":""hetero_sizes"",""n_r"":100000,""n_s"":100000,""alpha"":1,""seed"":1}},""run"":{""method"":""range_tree"",""variant"":""sampling"",""t"":100000,""seed"":1,""repeats"":3,""j_star"":1000000,""enum_cap"":0,""write_samples"":false,""verify"":false},""output"":{""out_dir"":""run/temp/exp5/hetero_t"",""run_tag"":""exp5_hetero_t""},""sys"":{""threads"":1},""logging"":{""level"":""INFO"",""with_timestamp"":true,""with_thread_id"":false}}","{""generator"":""hetero_sizes"",""dataset"":""hetero_t__nr100000__ns100000__a1_000ep00__g1"",""n_r"":100000,""n_s"":100000,""has_exact_k"":false,""k_target"":0,""k_achieved"":0,""alpha_target"":1,""alpha_achieved"":nan,""notes"":""p_large_r=0.1, w_small=[0.002,0.01], w_large=[0.1,0.3], anisotropic=1""}"
hetero_t__nr100000__ns100000__a1_000ep00__g1,hetero_sizes,1,100000,100000,range_tree,adaptive,100000,0,1,1,3014.42,8.06931e+06,1,0,1,0,fallback_sampling,1000001,"{""adaptive_count_ms"":1389.632122,""build_ms"":100.907261,""build_events_ms"":33.887989,""build_range_trees_ms"":34.637904,""build_rank_arrays_ms"":30.969176,""build_start_index_ms"":1.366434,""enumerate_prepare_ms"":99.601785,""phase2_alias_ms"":1030.750417,""phase3_sweep_ms"":1018.946998,""run_build_ms"":100.907831,""run_fallback_count_ms"":1389.634442,""run_fallback_sample_ms"":1030.772487,""run_pilot_enum_prepare_ms"":99.604555,""run_pilot_enum_scan_ms"":393.474869}",,"{""dataset"":{""source"":""synthetic"",""name"":""hetero_t__nr100000__ns100000__a1_000ep00__g1"",""dim"":2,""path_r"":"""",""path_s"":"""",""synthetic"":{""generator"":""hetero_sizes"",""n_r"":100000,""n_s"":100000,""alpha"":1,""seed"":1}},""run"":{""method"":""range_tree"",""variant"":""adaptive"",""t"":100000,""seed"":1,""repeats"":3,""j_star"":1000000,""enum_cap"":0,""write_samples"":false,""verify"":false},""output"":{""out_dir"":""run/temp/exp5/hetero_t"",""run_tag"":""exp5_hetero_t""},""sys"":{""threads"":1},""logging"":{""level"":""INFO"",""with_timestamp"":true,""with_thread_id"":false}}","{""generator"":""hetero_sizes"",""dataset"":""hetero_t__nr100000__ns100000__a1_000ep00__g1"",""n_r"":100000,""n_s"":100000,""has_exact_k"":false,""k_target"":0,""k_achieved"":0,""alpha_target"":1,""alpha_achieved"":nan,""notes"":""p_large_r=0.1, w_small=[0.002,0.01], w_large=[0.1,0.3], anisotropic=1""}"
hetero_t__nr100000__ns100000__a1_000ep00__g1,hetero_sizes,1,100000,100000,range_tree,adaptive,100000,1,2,1,3004.52,8.06931e+06,1,0,1,0,fallback_sampling,1000001,"{""adaptive_count_ms"":1381.989569,""build_ms"":99.454009,""build_events_ms"":33.859590,""build_range_trees_ms"":33.240701,""build_rank_arrays_ms"":30.906797,""build_start_index_ms"":1.385993,""enumerate_prepare_ms"":99.776292,""phase2_alias_ms"":1029.525469,""phase3_sweep_ms"":1017.915676,""run_build_ms"":99.454649,""run_fallback_count_ms"":1381.991939,""run_fallback_sample_ms"":1029.526659,""run_pilot_enum_prepare_ms"":99.779011,""run_pilot_enum_scan_ms"":393.715514}",,"{""dataset"":{""source"":""synthetic"",""name"":""hetero_t__nr100000__ns100000__a1_000ep00__g1"",""dim"":2,""path_r"":"""",""path_s"":"""",""synthetic"":{""generator"":""hetero_sizes"",""n_r"":100000,""n_s"":100000,""alpha"":1,""seed"":1}},""run"":{""method"":""range_tree"",""variant"":""adaptive"",""t"":100000,""seed"":1,""repeats"":3,""j_star"":1000000,""enum_cap"":0,""write_samples"":false,""verify"":false},""output"":{""out_dir"":""run/temp/exp5/hetero_t"",""run_tag"":""exp5_hetero_t""},""sys"":{""threads"":1},""logging"":{""level"":""INFO"",""with_timestamp"":true,""with_thread_id"":false}}","{""generator"":""hetero_sizes"",""dataset"":""hetero_t__nr100000__ns100000__a1_000ep00__g1"",""n_r"":100000,""n_s"":100000,""has_exact_k"":false,""k_target"":0,""k_achieved"":0,""alpha_target"":1,""alpha_achieved"":nan,""notes"":""p_large_r=0.1, w_small=[0.002,0.01], w_large=[0.1,0.3], anisotropic=1""}"
hetero_t__nr100000__ns100000__a1_000ep00__g1,hetero_sizes,1,100000,100000,range_tree,adaptive,100000,2,3,1,3006.4,8.06931e+06,1,0,1,0,fallback_sampling,1000001,"{""adaptive_count_ms"":1384.224102,""build_ms"":99.766332,""build_events_ms"":33.899418,""build_range_trees_ms"":33.495646,""build_rank_arrays_ms"":30.940696,""build_start_index_ms"":1.374663,""enumerate_prepare_ms"":99.920729,""phase2_alias_ms"":1028.926599,""phase3_sweep_ms"":1017.247117,""run_build_ms"":99.767192,""run_fallback_count_ms"":1384.226612,""run_fallback_sample_ms"":1028.927769,""run_pilot_enum_prepare_ms"":99.924549,""run_pilot_enum_scan_ms"":393.500577}",,"{""dataset"":{""source"":""synthetic"",""name"":""hetero_t__nr100000__ns100000__a1_000ep00__g1"",""dim"":2,""path_r"":"""",""path_s"":"""",""synthetic"":{""generator"":""hetero_sizes"",""n_r"":100000,""n_s"":100000,""alpha"":1,""seed"":1}},""run"":{""method"":""range_tree"",""variant"":""adaptive"",""t"":100000,""seed"":1,""repeats"":3,""j_star"":1000000,""enum_cap"":0,""write_samples"":false,""verify"":false},""output"":{""out_dir"":""run/temp/exp5/hetero_t"",""run_tag"":""exp5_hetero_t""},""sys"":{""threads"":1},""logging"":{""level"":""INFO"",""with_timestamp"":true,""with_thread_id"":false}}","{""generator"":""hetero_sizes"",""dataset"":""hetero_t__nr100000__ns100000__a1_000ep00__g1"",""n_r"":100000,""n_s"":100000,""has_exact_k"":false,""k_target"":0,""k_achieved"":0,""alpha_target"":1,""alpha_achieved"":nan,""notes"":""p_large_r=0.1, w_small=[0.002,0.01], w_large=[0.1,0.3], anisotropic=1""}"
hetero_t__nr100000__ns100000__a1_000ep00__g1,hetero_sizes,1,100000,100000,pbsm,sampling,100000,0,1,1,925.9,8.06931e+06,1,0,0,0,,0,"{""build_ms"":21.883143,""pbsm_build_ms"":21.882504,""pbsm_count_pass1_ms"":444.036559,""pbsm_partitions_stripes_ms"":21.539000,""pbsm_sample_draw_ranks_ms"":5.873435,""pbsm_sample_pass2_select_ms"":454.029475,""run_build_ms"":21.883603,""run_count_ms"":444.040609,""run_sample_ms"":459.973358}",,"{""dataset"":{""source"":""synthetic"",""name"":""hetero_t__nr100000__ns100000__a1_000ep00__g1"",""dim"":2,""path_r"":"""",""path_s"":"""",""synthetic"":{""generator"":""hetero_sizes"",""n_r"":100000,""n_s"":100000,""alpha"":1,""seed"":1}},""run"":{""method"":""pbsm"",""variant"":""sampling"",""t"":100000,""seed"":1,""repeats"":3,""j_star"":1000000,""enum_cap"":0,""write_samples"":false,""verify"":false},""output"":{""out_dir"":""run/temp/exp5/hetero_t"",""run_tag"":""exp5_hetero_t""},""sys"":{""threads"":1},""logging"":{""level"":""INFO"",""with_timestamp"":true,""with_thread_id"":false}}","{""generator"":""hetero_sizes"",""dataset"":""hetero_t__nr100000__ns100000__a1_000ep00__g1"",""n_r"":100000,""n_s"":100000,""has_exact_k"":false,""k_target"":0,""k_achieved"":0,""alpha_target"":1,""alpha_achieved"":nan,""notes"":""p_large_r=0.1, w_small=[0.002,0.01], w_large=[0.1,0.3], anisotropic=1""}"
hetero_t__nr100000__ns100000__a1_000ep00__g1,hetero_sizes,1,100000,100000,pbsm,sampling,100000,1,2,1,935.565,8.06931e+06,1,0,0,0,,0,"{""build_ms"":21.820764,""pbsm_build_ms"":21.820455,""pbsm_count_pass1_ms"":449.383764,""pbsm_partitions_stripes_ms"":21.475351,""pbsm_sample_draw_ranks_ms"":5.884725,""pbsm_sample_pass2_select_ms"":458.400589,""run_build_ms"":21.821114,""run_count_ms"":449.387194,""run_sample_ms"":464.352193}",,"{""dataset"":{""source"":""synthetic"",""name"":""hetero_t__nr100000__ns100000__a1_000ep00__g1"",""dim"":2,""path_r"":"""",""path_s"":"""",""synthetic"":{""generator"":""hetero_sizes"",""n_r"":100000,""n_s"":100000,""alpha"":1,""seed"":1}},""run"":{""method"":""pbsm"",""variant"":""sampling"",""t"":100000,""seed"":1,""repeats"":3,""j_star"":1000000,""enum_cap"":0,""write_samples"":false,""verify"":false},""output"":{""out_dir"":""run/temp/exp5/hetero_t"",""run_tag"":""exp5_hetero_t""},""sys"":{""threads"":1},""logging"":{""level"":""INFO"",""with_timestamp"":true,""with_thread_id"":false}}","{""generator"":""hetero_sizes"",""dataset"":""hetero_t__nr100000__ns100000__a1_000ep00__g1"",""n_r"":100000,""n_s"":100000,""has_exact_k"":false,""k_target"":0,""k_achieved"":0,""alpha_target"":1,""alpha_achieved"":nan,""notes"":""p_large_r=0.1, w_small=[0.002,0.01], w_large=[0.1,0.3], anisotropic=1""}"
hetero_t__nr100000__ns100000__a1_000ep00__g1,hetero_sizes,1,100000,100000,pbsm,sampling,100000,2,3,1,936.384,8.06931e+06,1,0,0,0,,0,"{""build_ms"":21.826174,""pbsm_build_ms"":21.825874,""pbsm_count_pass1_ms"":449.288526,""pbsm_partitions_stripes_ms"":21.481430,""pbsm_sample_draw_ranks_ms"":5.964184,""pbsm_sample_pass2_select_ms"":459.210103,""run_build_ms"":21.826794,""run_count_ms"":449.291136,""run_sample_ms"":465.239705}",,"{""dataset"":{""source"":""synthetic"",""name"":""hetero_t__nr100000__ns100000__a1_000ep00__g1"",""dim"":2,""path_r"":"""",""path_s"":"""",""synthetic"":{""generator"":""hetero_sizes"",""n_r"":100000,""n_s"":100000,""alpha"":1,""seed"":1}},""run"":{""method"":""pbsm"",""variant"":""sampling"",""t"":100000,""seed"":1,""repeats"":3,""j_star"":1000000,""enum_cap"":0,""write_samples"":false,""verify"":false},""output"":{""out_dir"":""run/temp/exp5/hetero_t"",""run_tag"":""exp5_hetero_t""},""sys"":{""threads"":1},""logging"":{""level"":""INFO"",""with_timestamp"":true,""with_thread_id"":false}}","{""generator"":""hetero_sizes"",""dataset"":""hetero_t__nr100000__ns100000__a1_000ep00__g1"",""n_r"":100000,""n_s"":100000,""has_exact_k"":false,""k_target"":0,""k_achieved"":0,""alpha_target"":1,""alpha_achieved"":nan,""notes"":""p_large_r=0.1, w_small=[0.002,0.01], w_large=[0.1,0.3], anisotropic=1""}"
hetero_t__nr100000__ns100000__a1_000ep00__g1,hetero_sizes,1,100000,100000,pbsm,adaptive,100000,0,1,1,1019.64,8.06931e+06,1,0,1,0,fallback_sampling,1000001,"{""build_ms"":21.849484,""enumerate_prepare_ms"":0.000290,""pbsm_adaptive_pass1_ms"":456.675092,""pbsm_adaptive_sample_large_ms"":473.582052,""pbsm_build_ms"":21.849084,""pbsm_partitions_stripes_ms"":21.505171,""run_build_ms"":21.850334,""run_fallback_count_ms"":456.679272,""run_fallback_sample_ms"":473.586002,""run_pilot_enum_prepare_ms"":0.000720,""run_pilot_enum_scan_ms"":67.487552}",,"{""dataset"":{""source"":""synthetic"",""name"":""hetero_t__nr100000__ns100000__a1_000ep00__g1"",""dim"":2,""path_r"":"""",""path_s"":"""",""synthetic"":{""generator"":""hetero_sizes"",""n_r"":100000,""n_s"":100000,""alpha"":1,""seed"":1}},""run"":{""method"":""pbsm"",""variant"":""adaptive"",""t"":100000,""seed"":1,""repeats"":3,""j_star"":1000000,""enum_cap"":0,""write_samples"":false,""verify"":false},""output"":{""out_dir"":""run/temp/exp5/hetero_t"",""run_tag"":""exp5_hetero_t""},""sys"":{""threads"":1},""logging"":{""level"":""INFO"",""with_timestamp"":true,""with_thread_id"":false}}","{""generator"":""hetero_sizes"",""dataset"":""hetero_t__nr100000__ns100000__a1_000ep00__g1"",""n_r"":100000,""n_s"":100000,""has_exact_k"":false,""k_target"":0,""k_achieved"":0,""alpha_target"":1,""alpha_achieved"":nan,""notes"":""p_large_r=0.1, w_small=[0.002,0.01], w_large=[0.1,0.3], anisotropic=1""}"
hetero_t__nr100000__ns100000__a1_000ep00__g1,hetero_sizes,1,100000,100000,pbsm,adaptive,100000,1,2,1,1021.81,8.06931e+06,1,0,1,0,fallback_sampling,1000001,"{""build_ms"":21.842644,""enumerate_prepare_ms"":0.000280,""pbsm_adaptive_pass1_ms"":462.385161,""pbsm_adaptive_sample_large_ms"":469.517651,""pbsm_build_ms"":21.842314,""pbsm_partitions_stripes_ms"":21.497741,""run_build_ms"":21.843184,""run_fallback_count_ms"":462.388540,""run_fallback_sample_ms"":469.520930,""run_pilot_enum_prepare_ms"":0.000800,""run_pilot_enum_scan_ms"":68.039471}",,"{""dataset"":{""source"":""synthetic"",""name"":""hetero_t__nr100000__ns100000__a1_000ep00__g1"",""dim"":2,""path_r"":"""",""path_s"":"""",""synthetic"":{""generator"":""hetero_sizes"",""n_r"":100000,""n_s"":100000,""alpha"":1,""seed"":1}},""run"":{""method"":""pbsm"",""variant"":""adaptive"",""t"":100000,""seed"":1,""repeats"":3,""j_star"":1000000,""enum_cap"":0,""write_samples"":false,""verify"":false},""output"":{""out_dir"":""run/temp/exp5/hetero_t"",""run_tag"":""exp5_hetero_t""},""sys"":{""threads"":1},""logging"":{""level"":""INFO"",""with_timestamp"":true,""with_thread_id"":false}}","{""generator"":""hetero_sizes"",""dataset"":""hetero_t__nr100000__ns100000__a1_000ep00__g1"",""n_r"":100000,""n_s"":100000,""has_exact_k"":false,""k_target"":0,""k_achieved"":0,""alpha_target"":1,""alpha_achieved"":nan,""notes"":""p_large_r=0.1, w_small=[0.002,0.01], w_large=[0.1,0.3], anisotropic=1""}"
hetero_t__nr100000__ns100000__a1_000ep00__g1,hetero_sizes,1,100000,100000,pbsm,adaptive,100000,2,3,1,1019.76,8.06931e+06,1,0,1,0,fallback_sampling,1000001,"{""build_ms"":21.818523,""enumerate_prepare_ms"":0.000349,""pbsm_adaptive_pass1_ms"":461.067446,""pbsm_adaptive_sample_large_ms"":468.683946,""pbsm_build_ms"":21.818143,""pbsm_partitions_stripes_ms"":21.472080,""run_build_ms"":21.818993,""run_fallback_count_ms"":461.071046,""run_fallback_sample_ms"":468.686526,""run_pilot_enum_prepare_ms"":0.001011,""run_pilot_enum_scan_ms"":68.160469}",,"{""dataset"":{""source"":""synthetic"",""name"":""hetero_t__nr100000__ns100000__a1_000ep00__g1"",""dim"":2,""path_r"":"""",""path_s"":"""",""synthetic"":{""generator"":""hetero_sizes"",""n_r"":100000,""n_s"":100000,""alpha"":1,""seed"":1}},""run"":{""method"":""pbsm"",""variant"":""adaptive"",""t"":100000,""seed"":1,""repeats"":3,""j_star"":1000000,""enum_cap"":0,""write_samples"":false,""verify"":false},""output"":{""out_dir"":""run/temp/exp5/hetero_t"",""run_tag"":""exp5_hetero_t""},""sys"":{""threads"":1},""logging"":{""level"":""INFO"",""with_timestamp"":true,""with_thread_id"":false}}","{""generator"":""hetero_sizes"",""dataset"":""hetero_t__nr100000__ns100000__a1_000ep00__g1"",""n_r"":100000,""n_s"":100000,""has_exact_k"":false,""k_target"":0,""k_achieved"":0,""alpha_target"":1,""alpha_achieved"":nan,""notes"":""p_large_r=0.1, w_small=[0.002,0.01], w_large=[0.1,0.3], anisotropic=1""}"
hetero_t__nr100000__ns100000__a1_000ep00__g1,hetero_sizes,1,100000,100000,tlsop,sampling,100000,0,1,1,309.859,8.06931e+06,1,0,0,0,,0,"{""build_ms"":33.480986,""run_build_ms"":33.481666,""run_count_ms"":132.169609,""run_sample_ms"":144.183494,""tlsop_alloc_tiles_ms"":0.072248,""tlsop_build_ms"":33.479956,""tlsop_build_edges_ms"":0.000320,""tlsop_count_pass1_ms"":132.166429,""tlsop_pass1_count_caps_ms"":6.527663,""tlsop_pass1_reserve_ms"":0.526820,""tlsop_pass2_fill_ms"":8.081482,""tlsop_sample_draw_ranks_ms"":5.831066,""tlsop_sample_pass2_select_ms"":138.282279,""tlsop_sort_lists_ms"":18.259773}",,"{""dataset"":{""source"":""synthetic"",""name"":""hetero_t__nr100000__ns100000__a1_000ep00__g1"",""dim"":2,""path_r"":"""",""path_s"":"""",""synthetic"":{""generator"":""hetero_sizes"",""n_r"":100000,""n_s"":100000,""alpha"":1,""seed"":1}},""run"":{""method"":""tlsop"",""variant"":""sampling"",""t"":100000,""seed"":1,""repeats"":3,""j_star"":1000000,""enum_cap"":0,""write_samples"":false,""verify"":false},""output"":{""out_dir"":""run/temp/exp5/hetero_t"",""run_tag"":""exp5_hetero_t""},""sys"":{""threads"":1},""logging"":{""level"":""INFO"",""with_timestamp"":true,""with_thread_id"":false}}","{""generator"":""hetero_sizes"",""dataset"":""hetero_t__nr100000__ns100000__a1_000ep00__g1"",""n_r"":100000,""n_s"":100000,""has_exact_k"":false,""k_target"":0,""k_achieved"":0,""alpha_target"":1,""alpha_achieved"":nan,""notes"":""p_large_r=0.1, w_small=[0.002,0.01], w_large=[0.1,0.3], anisotropic=1""}"
hetero_t__nr100000__ns100000__a1_000ep00__g1,hetero_sizes,1,100000,100000,tlsop,sampling,100000,1,2,1,311.116,8.06931e+06,1,0,0,0,,0,"{""build_ms"":33.814279,""run_build_ms"":33.814869,""run_count_ms"":132.029412,""run_sample_ms"":144.643155,""tlsop_alloc_tiles_ms"":0.062089,""tlsop_build_ms"":33.812949,""tlsop_build_edges_ms"":0.000610,""tlsop_count_pass1_ms"":132.026062,""tlsop_pass1_count_caps_ms"":6.527263,""tlsop_pass1_reserve_ms"":0.481011,""tlsop_pass2_fill_ms"":8.059212,""tlsop_sample_draw_ranks_ms"":5.850696,""tlsop_sample_pass2_select_ms"":138.721661,""tlsop_sort_lists_ms"":18.304072}",,"{""dataset"":{""source"":""synthetic"",""name"":""hetero_t__nr100000__ns100000__a1_000ep00__g1"",""dim"":2,""path_r"":"""",""path_s"":"""",""synthetic"":{""generator"":""hetero_sizes"",""n_r"":100000,""n_s"":100000,""alpha"":1,""seed"":1}},""run"":{""method"":""tlsop"",""variant"":""sampling"",""t"":100000,""seed"":1,""repeats"":3,""j_star"":1000000,""enum_cap"":0,""write_samples"":false,""verify"":false},""output"":{""out_dir"":""run/temp/exp5/hetero_t"",""run_tag"":""exp5_hetero_t""},""sys"":{""threads"":1},""logging"":{""level"":""INFO"",""with_timestamp"":true,""with_thread_id"":false}}","{""generator"":""hetero_sizes"",""dataset"":""hetero_t__nr100000__ns100000__a1_000ep00__g1"",""n_r"":100000,""n_s"":100000,""has_exact_k"":false,""k_target"":0,""k_achieved"":0,""alpha_target"":1,""alpha_achieved"":nan,""notes"":""p_large_r=0.1, w_small=[0.002,0.01], w_large=[0.1,0.3], anisotropic=1""}"
hetero_t__nr100000__ns100000__a1_000ep00__g1,hetero_sizes,1,100000,100000,tlsop,sampling,100000,2,3,1,311.084,8.06931e+06,1,0,0,0,,0,"{""build_ms"":33.830860,""run_build_ms"":33.831390,""run_count_ms"":132.249807,""run_sample_ms"":144.414739,""tlsop_alloc_tiles_ms"":0.062039,""tlsop_build_ms"":33.830060,""tlsop_build_edges_ms"":0.000560,""tlsop_count_pass1_ms"":132.246677,""tlsop_pass1_count_caps_ms"":6.537262,""tlsop_pass1_reserve_ms"":0.479831,""tlsop_pass2_fill_ms"":8.062472,""tlsop_sample_draw_ranks_ms"":5.899435,""tlsop_sample_pass2_select_ms"":138.447816,""tlsop_sort_lists_ms"":18.260924}",,"{""dataset"":{""source"":""synthetic"",""name"":""hetero_t__nr100000__ns100000__a1_000ep00__g1"",""dim"":2,""path_r"":"""",""path_s"":"""",""synthetic"":{""generator"":""hetero_sizes"",""n_r"":100000,""n_s"":100000,""alpha"":1,""seed"":1}},""run"":{""method"":""tlsop"",""variant"":""sampling"",""t"":100000,""seed"":1,""repeats"":3,""j_star"":1000000,""enum_cap"":0,""write_samples"":false,""verify"":false},""output"":{""out_dir"":""run/temp/exp5/hetero_t"",""run_tag"":""exp5_hetero_t""},""sys"":{""threads"":1},""logging"":{""level"":""INFO"",""with_timestamp"":true,""with_thread_id"":false}}","{""generator"":""hetero_sizes"",""dataset"":""hetero_t__nr100000__ns100000__a1_000ep00__g1"",""n_r"":100000,""n_s"":100000,""has_exact_k"":false,""k_target"":0,""k_achieved"":0,""alpha_target"":1,""alpha_achieved"":nan,""notes"":""p_large_r=0.1, w_small=[0.002,0.01], w_large=[0.1,0.3], anisotropic=1""}"
hetero_t__nr100000__ns100000__a1_000ep00__g1,hetero_sizes,1,100000,100000,tlsop,adaptive,100000,0,1,1,333.287,8.06931e+06,1,0,1,0,fallback_sampling,1000001,"{""build_ms"":33.487046,""enumerate_prepare_ms"":0.012450,""run_build_ms"":33.487716,""run_fallback_count_ms"":135.476884,""run_fallback_sample_ms"":144.482958,""run_pilot_enum_prepare_ms"":0.013150,""run_pilot_enum_scan_ms"":19.806383,""tlsop_adaptive_pass1_ms"":135.464624,""tlsop_adaptive_sample_large_ms"":144.457939,""tlsop_alloc_tiles_ms"":0.069999,""tlsop_build_ms"":33.485986,""tlsop_build_edges_ms"":0.000490,""tlsop_pass1_count_caps_ms"":6.522232,""tlsop_pass1_reserve_ms"":0.486431,""tlsop_pass2_fill_ms"":8.097322,""tlsop_sort_lists_ms"":18.297463}",,"{""dataset"":{""source"":""synthetic"",""name"":""hetero_t__nr100000__ns100000__a1_000ep00__g1"",""dim"":2,""path_r"":"""",""path_s"":"""",""synthetic"":{""generator"":""hetero_sizes"",""n_r"":100000,""n_s"":100000,""alpha"":1,""seed"":1}},""run"":{""method"":""tlsop"",""variant"":""adaptive"",""t"":100000,""seed"":1,""repeats"":3,""j_star"":1000000,""enum_cap"":0,""write_samples"":false,""verify"":false},""output"":{""out_dir"":""run/temp/exp5/hetero_t"",""run_tag"":""exp5_hetero_t""},""sys"":{""threads"":1},""logging"":{""level"":""INFO"",""with_timestamp"":true,""with_thread_id"":false}}","{""generator"":""hetero_sizes"",""dataset"":""hetero_t__nr100000__ns100000__a1_000ep00__g1"",""n_r"":100000,""n_s"":100000,""has_exact_k"":false,""k_target"":0,""k_achieved"":0,""alpha_target"":1,""alpha_achieved"":nan,""notes"":""p_large_r=0.1, w_small=[0.002,0.01], w_large=[0.1,0.3], anisotropic=1""}"
hetero_t__nr100000__ns100000__a1_000ep00__g1,hetero_sizes,1,100000,100000,tlsop,adaptive,100000,1,2,1,334.104,8.06931e+06,1,0,1,0,fallback_sampling,1000001,"{""build_ms"":33.904397,""enumerate_prepare_ms"":0.013070,""run_build_ms"":33.904918,""run_fallback_count_ms"":135.397826,""run_fallback_sample_ms"":144.434739,""run_pilot_enum_prepare_ms"":0.013710,""run_pilot_enum_scan_ms"":19.794843,""tlsop_adaptive_pass1_ms"":135.385536,""tlsop_adaptive_sample_large_ms"":144.411799,""tlsop_alloc_tiles_ms"":0.061869,""tlsop_build_ms"":33.903387,""tlsop_build_edges_ms"":0.000870,""tlsop_pass1_count_caps_ms"":6.530993,""tlsop_pass1_reserve_ms"":0.480721,""tlsop_pass2_fill_ms"":8.085873,""tlsop_sort_lists_ms"":18.288483}",,"{""dataset"":{""source"":""synthetic"",""name"":""hetero_t__nr100000__ns100000__a1_000ep00__g1"",""dim"":2,""path_r"":"""",""path_s"":"""",""synthetic"":{""generator"":""hetero_sizes"",""n_r"":100000,""n_s"":100000,""alpha"":1,""seed"":1}},""run"":{""method"":""tlsop"",""variant"":""adaptive"",""t"":100000,""seed"":1,""repeats"":3,""j_star"":1000000,""enum_cap"":0,""write_samples"":false,""verify"":false},""output"":{""out_dir"":""run/temp/exp5/hetero_t"",""run_tag"":""exp5_hetero_t""},""sys"":{""threads"":1},""logging"":{""level"":""INFO"",""with_timestamp"":true,""with_thread_id"":false}}","{""generator"":""hetero_sizes"",""dataset"":""hetero_t__nr100000__ns100000__a1_000ep00__g1"",""n_r"":100000,""n_s"":100000,""has_exact_k"":false,""k_target"":0,""k_achieved"":0,""alpha_target"":1,""alpha_achieved"":nan,""notes"":""p_large_r=0.1, w_small=[0.002,0.01], w_large=[0.1,0.3], anisotropic=1""}"
hetero_t__nr100000__ns100000__a1_000ep00__g1,hetero_sizes,1,100000,100000,tlsop,adaptive,100000,2,3,1,334.445,8.06931e+06,1,0,1,0,fallback_sampling,1000001,"{""build_ms"":33.914778,""enumerate_prepare_ms"":0.012299,""run_build_ms"":33.915278,""run_fallback_count_ms"":135.804018,""run_fallback_sample_ms"":144.388809,""run_pilot_enum_prepare_ms"":0.013029,""run_pilot_enum_scan_ms"":19.754404,""tlsop_adaptive_pass1_ms"":135.791828,""tlsop_adaptive_sample_large_ms"":144.364140,""tlsop_alloc_tiles_ms"":0.061879,""tlsop_build_ms"":33.913428,""tlsop_build_edges_ms"":0.000740,""tlsop_pass1_count_caps_ms"":6.530803,""tlsop_pass1_reserve_ms"":0.478330,""tlsop_pass2_fill_ms"":8.076862,""tlsop_sort_lists_ms"":18.309083}",,"{""dataset"":{""source"":""synthetic"",""name"":""hetero_t__nr100000__ns100000__a1_000ep00__g1"",""dim"":2,""path_r"":"""",""path_s"":"""",""synthetic"":{""generator"":""hetero_sizes"",""n_r"":100000,""n_s"":100000,""alpha"":1,""seed"":1}},""run"":{""method"":""tlsop"",""variant"":""adaptive"",""t"":100000,""seed"":1,""repeats"":3,""j_star"":1000000,""enum_cap"":0,""write_samples"":false,""verify"":false},""output"":{""out_dir"":""run/temp/exp5/hetero_t"",""run_tag"":""exp5_hetero_t""},""sys"":{""threads"":1},""logging"":{""level"":""INFO"",""with_timestamp"":true,""with_thread_id"":false}}","{""generator"":""hetero_sizes"",""dataset"":""hetero_t__nr100000__ns100000__a1_000ep00__g1"",""n_r"":100000,""n_s"":100000,""has_exact_k"":false,""k_target"":0,""k_achieved"":0,""alpha_target"":1,""alpha_achieved"":nan,""notes"":""p_large_r=0.1, w_small=[0.002,0.01], w_large=[0.1,0.3], anisotropic=1""}"
hetero_t__nr100000__ns100000__a1_000ep00__g1,hetero_sizes,1,100000,100000,sirs,sampling,100000,0,1,1,2227.82,8.06931e+06,1,0,0,0,,0,"{""build_ms"":123.144775,""count_ms"":1121.879768,""run_build_ms"":123.145625,""run_count_ms"":1121.881768,""run_sample_ms"":982.788154,""sample_ms"":982.786124,""sirs_build_index_ms"":123.144295,""sirs_build_kd_ms"":11.266581,""sirs_embed_inner_ms"":55.910598,""sirs_phase1_degrees_ms"":1121.877798,""sirs_rank_axes_ms"":55.961017}",,"{""dataset"":{""source"":""synthetic"",""name"":""hetero_t__nr100000__ns100000__a1_000ep00__g1"",""dim"":2,""path_r"":"""",""path_s"":"""",""synthetic"":{""generator"":""hetero_sizes"",""n_r"":100000,""n_s"":100000,""alpha"":1,""seed"":1}},""run"":{""method"":""sirs"",""variant"":""sampling"",""t"":100000,""seed"":1,""repeats"":3,""j_star"":1000000,""enum_cap"":0,""write_samples"":false,""verify"":false},""output"":{""out_dir"":""run/temp/exp5/hetero_t"",""run_tag"":""exp5_hetero_t""},""sys"":{""threads"":1},""logging"":{""level"":""INFO"",""with_timestamp"":true,""with_thread_id"":false}}","{""generator"":""hetero_sizes"",""dataset"":""hetero_t__nr100000__ns100000__a1_000ep00__g1"",""n_r"":100000,""n_s"":100000,""has_exact_k"":false,""k_target"":0,""k_achieved"":0,""alpha_target"":1,""alpha_achieved"":nan,""notes"":""p_large_r=0.1, w_small=[0.002,0.01], w_large=[0.1,0.3], anisotropic=1""}"
hetero_t__nr100000__ns100000__a1_000ep00__g1,hetero_sizes,1,100000,100000,sirs,sampling,100000,1,2,1,2220.65,8.06931e+06,1,0,0,0,,0,"{""build_ms"":122.618885,""count_ms"":1121.581852,""run_build_ms"":122.619494,""run_count_ms"":1121.583223,""run_sample_ms"":976.442137,""sample_ms"":976.439337,""sirs_build_index_ms"":122.618354,""sirs_build_kd_ms"":11.171962,""sirs_embed_inner_ms"":55.910948,""sirs_phase1_degrees_ms"":1121.579483,""sirs_rank_axes_ms"":55.529854}",,"{""dataset"":{""source"":""synthetic"",""name"":""hetero_t__nr100000__ns100000__a1_000ep00__g1"",""dim"":2,""path_r"":"""",""path_s"":"""",""synthetic"":{""generator"":""hetero_sizes"",""n_r"":100000,""n_s"":100000,""alpha"":1,""seed"":1}},""run"":{""method"":""sirs"",""variant"":""sampling"",""t"":100000,""seed"":1,""repeats"":3,""j_star"":1000000,""enum_cap"":0,""write_samples"":false,""verify"":false},""output"":{""out_dir"":""run/temp/exp5/hetero_t"",""run_tag"":""exp5_hetero_t""},""sys"":{""threads"":1},""logging"":{""level"":""INFO"",""with_timestamp"":true,""with_thread_id"":false}}","{""generator"":""hetero_sizes"",""dataset"":""hetero_t__nr100000__ns100000__a1_000ep00__g1"",""n_r"":100000,""n_s"":100000,""has_exact_k"":false,""k_target"":0,""k_achieved"":0,""alpha_target"":1,""alpha_achieved"":nan,""notes"":""p_large_r=0.1, w_small=[0.002,0.01], w_large=[0.1,0.3], anisotropic=1""}"
hetero_t__nr100000__ns100000__a1_000ep00__g1,hetero_sizes,1,100000,100000,sirs,sampling,100000,2,3,1,2224.75,8.06931e+06,1,0,0,0,,0,"{""build_ms"":122.600195,""count_ms"":1122.112481,""run_build_ms"":122.600755,""run_count_ms"":1122.113931,""run_sample_ms"":980.031295,""sample_ms"":980.029305,""sirs_build_index_ms"":122.599735,""sirs_build_kd_ms"":11.141142,""sirs_embed_inner_ms"":55.936898,""sirs_phase1_degrees_ms"":1122.109741,""sirs_rank_axes_ms"":55.515655}",,"{""dataset"":{""source"":""synthetic"",""name"":""hetero_t__nr100000__ns100000__a1_000ep00__g1"",""dim"":2,""path_r"":"""",""path_s"":"""",""synthetic"":{""generator"":""hetero_sizes"",""n_r"":100000,""n_s"":100000,""alpha"":1,""seed"":1}},""run"":{""method"":""sirs"",""variant"":""sampling"",""t"":100000,""seed"":1,""repeats"":3,""j_star"":1000000,""enum_cap"":0,""write_samples"":false,""verify"":false},""output"":{""out_dir"":""run/temp/exp5/hetero_t"",""run_tag"":""exp5_hetero_t""},""sys"":{""threads"":1},""logging"":{""level"":""INFO"",""with_timestamp"":true,""with_thread_id"":false}}","{""generator"":""hetero_sizes"",""dataset"":""hetero_t__nr100000__ns100000__a1_000ep00__g1"",""n_r"":100000,""n_s"":100000,""has_exact_k"":false,""k_target"":0,""k_achieved"":0,""alpha_target"":1,""alpha_achieved"":nan,""notes"":""p_large_r=0.1, w_small=[0.002,0.01], w_large=[0.1,0.3], anisotropic=1""}"
hetero_t__nr100000__ns100000__a1_000ep00__g1,hetero_sizes,1,100000,100000,sirs,adaptive,100000,0,1,1,2460.21,8.06931e+06,1,0,1,0,fallback_sampling,1000001,"{""build_ms"":123.230743,""count_ms"":1156.665564,""run_build_ms"":123.231453,""run_fallback_count_ms"":1156.668194,""run_fallback_sample_ms"":983.755370,""run_pilot_enum_prepare_ms"":0.000670,""run_pilot_enum_scan_ms"":196.537360,""sample_ms"":983.753000,""sirs_build_index_ms"":123.230183,""sirs_build_kd_ms"":11.278650,""sirs_embed_inner_ms"":55.949717,""sirs_rank_axes_ms"":55.995526}",,"{""dataset"":{""source"":""synthetic"",""name"":""hetero_t__nr100000__ns100000__a1_000ep00__g1"",""dim"":2,""path_r"":"""",""path_s"":"""",""synthetic"":{""generator"":""hetero_sizes"",""n_r"":100000,""n_s"":100000,""alpha"":1,""seed"":1}},""run"":{""method"":""sirs"",""variant"":""adaptive"",""t"":100000,""seed"":1,""repeats"":3,""j_star"":1000000,""enum_cap"":0,""write_samples"":false,""verify"":false},""output"":{""out_dir"":""run/temp/exp5/hetero_t"",""run_tag"":""exp5_hetero_t""},""sys"":{""threads"":1},""logging"":{""level"":""INFO"",""with_timestamp"":true,""with_thread_id"":false}}","{""generator"":""hetero_sizes"",""dataset"":""hetero_t__nr100000__ns100000__a1_000ep00__g1"",""n_r"":100000,""n_s"":100000,""has_exact_k"":false,""k_target"":0,""k_achieved"":0,""alpha_target"":1,""alpha_achieved"":nan,""notes"":""p_large_r=0.1, w_small=[0.002,0.01], w_large=[0.1,0.3], anisotropic=1""}"
hetero_t__nr100000__ns100000__a1_000ep00__g1,hetero_sizes,1,100000,100000,sirs,adaptive,100000,1,2,1,2448.04,8.06931e+06,1,0,1,0,fallback_sampling,1000001,"{""build_ms"":122.679253,""count_ms"":1151.256118,""run_build_ms"":122.679793,""run_fallback_count_ms"":1151.258588,""run_fallback_sample_ms"":977.437552,""run_pilot_enum_prepare_ms"":0.000760,""run_pilot_enum_scan_ms"":196.624828,""sample_ms"":977.435013,""sirs_build_index_ms"":122.678753,""sirs_build_kd_ms"":11.215051,""sirs_embed_inner_ms"":55.875709,""sirs_rank_axes_ms"":55.582284}",,"{""dataset"":{""source"":""synthetic"",""name"":""hetero_t__nr100000__ns100000__a1_000ep00__g1"",""dim"":2,""path_r"":"""",""path_s"":"""",""synthetic"":{""generator"":""hetero_sizes"",""n_r"":100000,""n_s"":100000,""alpha"":1,""seed"":1}},""run"":{""method"":""sirs"",""variant"":""adaptive"",""t"":100000,""seed"":1,""repeats"":3,""j_star"":1000000,""enum_cap"":0,""write_samples"":false,""verify"":false},""output"":{""out_dir"":""run/temp/exp5/hetero_t"",""run_tag"":""exp5_hetero_t""},""sys"":{""threads"":1},""logging"":{""level"":""INFO"",""with_timestamp"":true,""with_thread_id"":false}}","{""generator"":""hetero_sizes"",""dataset"":""hetero_t__nr100000__ns100000__a1_000ep00__g1"",""n_r"":100000,""n_s"":100000,""has_exact_k"":false,""k_target"":0,""k_achieved"":0,""alpha_target"":1,""alpha_achieved"":nan,""notes"":""p_large_r=0.1, w_small=[0.002,0.01], w_large=[0.1,0.3], anisotropic=1""}"
hetero_t__nr100000__ns100000__a1_000ep00__g1,hetero_sizes,1,100000,100000,sirs,adaptive,100000,2,3,1,2451.58,8.06931e+06,1,0,1,0,fallback_sampling,1000001,"{""build_ms"":122.608925,""count_ms"":1151.125838,""run_build_ms"":122.609595,""run_fallback_count_ms"":1151.128368,""run_fallback_sample_ms"":981.154969,""run_pilot_enum_prepare_ms"":0.000730,""run_pilot_enum_scan_ms"":196.652138,""sample_ms"":981.152259,""sirs_build_index_ms"":122.608345,""sirs_build_kd_ms"":11.171142,""sirs_embed_inner_ms"":55.924337,""sirs_rank_axes_ms"":55.507166}",,"{""dataset"":{""source"":""synthetic"",""name"":""hetero_t__nr100000__ns100000__a1_000ep00__g1"",""dim"":2,""path_r"":"""",""path_s"":"""",""synthetic"":{""generator"":""hetero_sizes"",""n_r"":100000,""n_s"":100000,""alpha"":1,""seed"":1}},""run"":{""method"":""sirs"",""variant"":""adaptive"",""t"":100000,""seed"":1,""repeats"":3,""j_star"":1000000,""enum_cap"":0,""write_samples"":false,""verify"":false},""output"":{""out_dir"":""run/temp/exp5/hetero_t"",""run_tag"":""exp5_hetero_t""},""sys"":{""threads"":1},""logging"":{""level"":""INFO"",""with_timestamp"":true,""with_thread_id"":false}}","{""generator"":""hetero_sizes"",""dataset"":""hetero_t__nr100000__ns100000__a1_000ep00__g1"",""n_r"":100000,""n_s"":100000,""has_exact_k"":false,""k_target"":0,""k_achieved"":0,""alpha_target"":1,""alpha_achieved"":nan,""notes"":""p_large_r=0.1, w_small=[0.002,0.01], w_large=[0.1,0.3], anisotropic=1""}"
hetero_t__nr100000__ns100000__a1_000ep00__g1,hetero_sizes,1,100000,100000,rejection,sampling,100000,0,1,0,-1,-1,0,0,0,0,,0,{},SKIPPED: rejection+sampling is disabled in sjs_sweep; use variant=adaptive.,"{""dataset"":{""source"":""synthetic"",""name"":""hetero_t__nr100000__ns100000__a1_000ep00__g1"",""dim"":2,""path_r"":"""",""path_s"":"""",""synthetic"":{""generator"":""hetero_sizes"",""n_r"":100000,""n_s"":100000,""alpha"":1,""seed"":1}},""run"":{""method"":""rejection"",""variant"":""sampling"",""t"":100000,""seed"":1,""repeats"":3,""j_star"":1000000,""enum_cap"":0,""write_samples"":false,""verify"":false},""output"":{""out_dir"":""run/temp/exp5/hetero_t"",""run_tag"":""exp5_hetero_t""},""sys"":{""threads"":1},""logging"":{""level"":""INFO"",""with_timestamp"":true,""with_thread_id"":false}}","{""generator"":""hetero_sizes"",""dataset"":""hetero_t__nr100000__ns100000__a1_000ep00__g1"",""n_r"":100000,""n_s"":100000,""has_exact_k"":false,""k_target"":0,""k_achieved"":0,""alpha_target"":1,""alpha_achieved"":nan,""notes"":""p_large_r=0.1, w_small=[0.002,0.01], w_large=[0.1,0.3], anisotropic=1""}"
hetero_t__nr100000__ns100000__a1_000ep00__g1,hetero_sizes,1,100000,100000,rejection,sampling,100000,1,2,0,-1,-1,0,0,0,0,,0,{},SKIPPED: rejection+sampling is disabled in sjs_sweep; use variant=adaptive.,"{""dataset"":{""source"":""synthetic"",""name"":""hetero_t__nr100000__ns100000__a1_000ep00__g1"",""dim"":2,""path_r"":"""",""path_s"":"""",""synthetic"":{""generator"":""hetero_sizes"",""n_r"":100000,""n_s"":100000,""alpha"":1,""seed"":1}},""run"":{""method"":""rejection"",""variant"":""sampling"",""t"":100000,""seed"":1,""repeats"":3,""j_star"":1000000,""enum_cap"":0,""write_samples"":false,""verify"":false},""output"":{""out_dir"":""run/temp/exp5/hetero_t"",""run_tag"":""exp5_hetero_t""},""sys"":{""threads"":1},""logging"":{""level"":""INFO"",""with_timestamp"":true,""with_thread_id"":false}}","{""generator"":""hetero_sizes"",""dataset"":""hetero_t__nr100000__ns100000__a1_000ep00__g1"",""n_r"":100000,""n_s"":100000,""has_exact_k"":false,""k_target"":0,""k_achieved"":0,""alpha_target"":1,""alpha_achieved"":nan,""notes"":""p_large_r=0.1, w_small=[0.002,0.01], w_large=[0.1,0.3], anisotropic=1""}"
hetero_t__nr100000__ns100000__a1_000ep00__g1,hetero_sizes,1,100000,100000,rejection,sampling,100000,2,3,0,-1,-1,0,0,0,0,,0,{},SKIPPED: rejection+sampling is disabled in sjs_sweep; use variant=adaptive.,"{""dataset"":{""source"":""synthetic"",""name"":""hetero_t__nr100000__ns100000__a1_000ep00__g1"",""dim"":2,""path_r"":"""",""path_s"":"""",""synthetic"":{""generator"":""hetero_sizes"",""n_r"":100000,""n_s"":100000,""alpha"":1,""seed"":1}},""run"":{""method"":""rejection"",""variant"":""sampling"",""t"":100000,""seed"":1,""repeats"":3,""j_star"":1000000,""enum_cap"":0,""write_samples"":false,""verify"":false},""output"":{""out_dir"":""run/temp/exp5/hetero_t"",""run_tag"":""exp5_hetero_t""},""sys"":{""threads"":1},""logging"":{""level"":""INFO"",""with_timestamp"":true,""with_thread_id"":false}}","{""generator"":""hetero_sizes"",""dataset"":""hetero_t__nr100000__ns100000__a1_000ep00__g1"",""n_r"":100000,""n_s"":100000,""has_exact_k"":false,""k_target"":0,""k_achieved"":0,""alpha_target"":1,""alpha_achieved"":nan,""notes"":""p_large_r=0.1, w_small=[0.002,0.01], w_large=[0.1,0.3], anisotropic=1""}"
hetero_t__nr100000__ns100000__a1_000ep00__g1,hetero_sizes,1,100000,100000,rejection,adaptive,100000,0,1,1,3863.7,7.84917e+06,0,0,1,0,fallback_sampling,1000001,"{""adaptive_phase1_ms"":486.465254,""adaptive_sample_ms"":1676.199015,""build_ms"":1227.135792,""build_M_ms"":0.108358,""build_cellmap_ms"":14.839759,""build_mu_alias_ms"":1211.900380,""build_slab_index_ms"":0.278765,""count_pilot_ms"":10.750610,""run_build_ms"":1227.137212,""run_fallback_count_ms"":486.466353,""run_fallback_sample_ms"":1676.201765,""run_pilot_enum_prepare_ms"":0.007279,""run_pilot_enum_scan_ms"":473.875841}",,"{""dataset"":{""source"":""synthetic"",""name"":""hetero_t__nr100000__ns100000__a1_000ep00__g1"",""dim"":2,""path_r"":"""",""path_s"":"""",""synthetic"":{""generator"":""hetero_sizes"",""n_r"":100000,""n_s"":100000,""alpha"":1,""seed"":1}},""run"":{""method"":""rejection"",""variant"":""adaptive"",""t"":100000,""seed"":1,""repeats"":3,""j_star"":1000000,""enum_cap"":0,""write_samples"":false,""verify"":false},""output"":{""out_dir"":""run/temp/exp5/hetero_t"",""run_tag"":""exp5_hetero_t""},""sys"":{""threads"":1},""logging"":{""level"":""INFO"",""with_timestamp"":true,""with_thread_id"":false}}","{""generator"":""hetero_sizes"",""dataset"":""hetero_t__nr100000__ns100000__a1_000ep00__g1"",""n_r"":100000,""n_s"":100000,""has_exact_k"":false,""k_target"":0,""k_achieved"":0,""alpha_target"":1,""alpha_achieved"":nan,""notes"":""p_large_r=0.1, w_small=[0.002,0.01], w_large=[0.1,0.3], anisotropic=1""}"
hetero_t__nr100000__ns100000__a1_000ep00__g1,hetero_sizes,1,100000,100000,rejection,adaptive,100000,1,2,1,3845.27,7.73446e+06,0,0,1,0,fallback_sampling,1000001,"{""adaptive_phase1_ms"":482.103049,""adaptive_sample_ms"":1633.223761,""build_ms"":1229.800627,""build_M_ms"":0.107758,""build_cellmap_ms"":14.857580,""build_mu_alias_ms"":1214.545065,""build_slab_index_ms"":0.277485,""count_pilot_ms"":10.349508,""run_build_ms"":1229.857086,""run_fallback_count_ms"":482.103898,""run_fallback_sample_ms"":1633.227861,""run_pilot_enum_prepare_ms"":0.007380,""run_pilot_enum_scan_ms"":474.834580}",,"{""dataset"":{""source"":""synthetic"",""name"":""hetero_t__nr100000__ns100000__a1_000ep00__g1"",""dim"":2,""path_r"":"""",""path_s"":"""",""synthetic"":{""generator"":""hetero_sizes"",""n_r"":100000,""n_s"":100000,""alpha"":1,""seed"":1}},""run"":{""method"":""rejection"",""variant"":""adaptive"",""t"":100000,""seed"":1,""repeats"":3,""j_star"":1000000,""enum_cap"":0,""write_samples"":false,""verify"":false},""output"":{""out_dir"":""run/temp/exp5/hetero_t"",""run_tag"":""exp5_hetero_t""},""sys"":{""threads"":1},""logging"":{""level"":""INFO"",""with_timestamp"":true,""with_thread_id"":false}}","{""generator"":""hetero_sizes"",""dataset"":""hetero_t__nr100000__ns100000__a1_000ep00__g1"",""n_r"":100000,""n_s"":100000,""has_exact_k"":false,""k_target"":0,""k_achieved"":0,""alpha_target"":1,""alpha_achieved"":nan,""notes"":""p_large_r=0.1, w_small=[0.002,0.01], w_large=[0.1,0.3], anisotropic=1""}"
hetero_t__nr100000__ns100000__a1_000ep00__g1,hetero_sizes,1,100000,100000,rejection,adaptive,100000,2,3,1,3856.95,8.19329e+06,0,0,1,0,fallback_sampling,1000001,"{""adaptive_phase1_ms"":483.334552,""adaptive_sample_ms"":1651.733546,""build_ms"":1222.927979,""build_M_ms"":0.107878,""build_cellmap_ms"":14.811821,""build_mu_alias_ms"":1207.720895,""build_slab_index_ms"":0.274365,""count_pilot_ms"":10.743089,""run_build_ms"":1222.983617,""run_fallback_count_ms"":483.335382,""run_fallback_sample_ms"":1651.736375,""run_pilot_enum_prepare_ms"":0.005300,""run_pilot_enum_scan_ms"":473.697822}",,"{""dataset"":{""source"":""synthetic"",""name"":""hetero_t__nr100000__ns100000__a1_000ep00__g1"",""dim"":2,""path_r"":"""",""path_s"":"""",""synthetic"":{""generator"":""hetero_sizes"",""n_r"":100000,""n_s"":100000,""alpha"":1,""seed"":1}},""run"":{""method"":""rejection"",""variant"":""adaptive"",""t"":100000,""seed"":1,""repeats"":3,""j_star"":1000000,""enum_cap"":0,""write_samples"":false,""verify"":false},""output"":{""out_dir"":""run/temp/exp5/hetero_t"",""run_tag"":""exp5_hetero_t""},""sys"":{""threads"":1},""logging"":{""level"":""INFO"",""with_timestamp"":true,""with_thread_id"":false}}","{""generator"":""hetero_sizes"",""dataset"":""hetero_t__nr100000__ns100000__a1_000ep00__g1"",""n_r"":100000,""n_s"":100000,""has_exact_k"":false,""k_target"":0,""k_achieved"":0,""alpha_target"":1,""alpha_achieved"":nan,""notes"":""p_large_r=0.1, w_small=[0.002,0.01], w_large=[0.1,0.3], anisotropic=1""}"
hetero_t__nr100000__ns100000__a1_000ep00__g1,hetero_sizes,1,100000,100000,ours,sampling,300000,0,1,1,555.106,8.06931e+06,1,0,0,0,,0,"{""build_active_indices_ms"":5.543852,""build_events_ms"":33.891917,""build_ranks_ms"":43.511339,""build_y_domain_ms"":13.821290,""phase1_count_ms"":254.721881,""phase2_plan_ms"":13.045655,""phase3_sample_ms"":188.669902,""run_build_ms"":98.567514,""run_count_ms"":254.724901,""run_sample_ms"":201.809916}",,"{""dataset"":{""source"":""synthetic"",""name"":""hetero_t__nr100000__ns100000__a1_000ep00__g1"",""dim"":2,""path_r"":"""",""path_s"":"""",""synthetic"":{""generator"":""hetero_sizes"",""n_r"":100000,""n_s"":100000,""alpha"":1,""seed"":1}},""run"":{""method"":""ours"",""variant"":""sampling"",""t"":300000,""seed"":1,""repeats"":3,""j_star"":1000000,""enum_cap"":0,""write_samples"":false,""verify"":false},""output"":{""out_dir"":""run/temp/exp5/hetero_t"",""run_tag"":""exp5_hetero_t""},""sys"":{""threads"":1},""logging"":{""level"":""INFO"",""with_timestamp"":true,""with_thread_id"":false}}","{""generator"":""hetero_sizes"",""dataset"":""hetero_t__nr100000__ns100000__a1_000ep00__g1"",""n_r"":100000,""n_s"":100000,""has_exact_k"":false,""k_target"":0,""k_achieved"":0,""alpha_target"":1,""alpha_achieved"":nan,""notes"":""p_large_r=0.1, w_small=[0.002,0.01], w_large=[0.1,0.3], anisotropic=1""}"
hetero_t__nr100000__ns100000__a1_000ep00__g1,hetero_sizes,1,100000,100000,ours,sampling,300000,1,2,1,622.578,8.06931e+06,1,0,0,0,,0,"{""build_active_indices_ms"":5.367335,""build_events_ms"":40.625386,""build_ranks_ms"":43.523930,""build_y_domain_ms"":13.827569,""phase1_count_ms"":260.669955,""phase2_plan_ms"":13.162653,""phase3_sample_ms"":188.425367,""run_build_ms"":105.123375,""run_count_ms"":260.672895,""run_sample_ms"":201.681958}",,"{""dataset"":{""source"":""synthetic"",""name"":""hetero_t__nr100000__ns100000__a1_000ep00__g1"",""dim"":2,""path_r"":"""",""path_s"":"""",""synthetic"":{""generator"":""hetero_sizes"",""n_r"":100000,""n_s"":100000,""alpha"":1,""seed"":1}},""run"":{""method"":""ours"",""variant"":""sampling"",""t"":300000,""seed"":1,""repeats"":3,""j_star"":1000000,""enum_cap"":0,""write_samples"":false,""verify"":false},""output"":{""out_dir"":""run/temp/exp5/hetero_t"",""run_tag"":""exp5_hetero_t""},""sys"":{""threads"":1},""logging"":{""level"":""INFO"",""with_timestamp"":true,""with_thread_id"":false}}","{""generator"":""hetero_sizes"",""dataset"":""hetero_t__nr100000__ns100000__a1_000ep00__g1"",""n_r"":100000,""n_s"":100000,""has_exact_k"":false,""k_target"":0,""k_achieved"":0,""alpha_target"":1,""alpha_achieved"":nan,""notes"":""p_large_r=0.1, w_small=[0.002,0.01], w_large=[0.1,0.3], anisotropic=1""}"
hetero_t__nr100000__ns100000__a1_000ep00__g1,hetero_sizes,1,100000,100000,ours,sampling,300000,2,3,1,635.189,8.06931e+06,1,0,0,0,,0,"{""build_active_indices_ms"":5.367745,""build_events_ms"":47.507731,""build_ranks_ms"":43.505600,""build_y_domain_ms"":13.839039,""phase1_count_ms"":263.419861,""phase2_plan_ms"":14.156563,""phase3_sample_ms"":194.702265,""run_build_ms"":112.000810,""run_count_ms"":263.422601,""run_sample_ms"":208.957946}",,"{""dataset"":{""source"":""synthetic"",""name"":""hetero_t__nr100000__ns100000__a1_000ep00__g1"",""dim"":2,""path_r"":"""",""path_s"":"""",""synthetic"":{""generator"":""hetero_sizes"",""n_r"":100000,""n_s"":100000,""alpha"":1,""seed"":1}},""run"":{""method"":""ours"",""variant"":""sampling"",""t"":300000,""seed"":1,""repeats"":3,""j_star"":1000000,""enum_cap"":0,""write_samples"":false,""verify"":false},""output"":{""out_dir"":""run/temp/exp5/hetero_t"",""run_tag"":""exp5_hetero_t""},""sys"":{""threads"":1},""logging"":{""level"":""INFO"",""with_timestamp"":true,""with_thread_id"":false}}","{""generator"":""hetero_sizes"",""dataset"":""hetero_t__nr100000__ns100000__a1_000ep00__g1"",""n_r"":100000,""n_s"":100000,""has_exact_k"":false,""k_target"":0,""k_achieved"":0,""alpha_target"":1,""alpha_achieved"":nan,""notes"":""p_large_r=0.1, w_small=[0.002,0.01], w_large=[0.1,0.3], anisotropic=1""}"
hetero_t__nr100000__ns100000__a1_000ep00__g1,hetero_sizes,1,100000,100000,ours,adaptive,300000,0,1,1,638.732,8.06931e+06,1,0,1,0,fallback_sampling,1000001,"{""build_active_indices_ms"":5.689799,""build_events_ms"":33.931997,""build_ranks_ms"":43.528440,""build_y_domain_ms"":13.837559,""phase1_count_adaptive_ms"":261.420340,""phase2_plan_ms"":13.356489,""phase3_sample_ms"":195.556938,""run_build_ms"":98.780309,""run_fallback_count_ms"":261.423360,""run_fallback_sample_ms"":209.014264,""run_pilot_enum_prepare_ms"":1.542310,""run_pilot_enum_scan_ms"":67.927053,""sample_ms"":209.013144}",,"{""dataset"":{""source"":""synthetic"",""name"":""hetero_t__nr100000__ns100000__a1_000ep00__g1"",""dim"":2,""path_r"":"""",""path_s"":"""",""synthetic"":{""generator"":""hetero_sizes"",""n_r"":100000,""n_s"":100000,""alpha"":1,""seed"":1}},""run"":{""method"":""ours"",""variant"":""adaptive"",""t"":300000,""seed"":1,""repeats"":3,""j_star"":1000000,""enum_cap"":0,""write_samples"":false,""verify"":false},""output"":{""out_dir"":""run/temp/exp5/hetero_t"",""run_tag"":""exp5_hetero_t""},""sys"":{""threads"":1},""logging"":{""level"":""INFO"",""with_timestamp"":true,""with_thread_id"":false}}","{""generator"":""hetero_sizes"",""dataset"":""hetero_t__nr100000__ns100000__a1_000ep00__g1"",""n_r"":100000,""n_s"":100000,""has_exact_k"":false,""k_target"":0,""k_achieved"":0,""alpha_target"":1,""alpha_achieved"":nan,""notes"":""p_large_r=0.1, w_small=[0.002,0.01], w_large=[0.1,0.3], anisotropic=1""}"
hetero_t__nr100000__ns100000__a1_000ep00__g1,hetero_sizes,1,100000,100000,ours,adaptive,300000,1,2,1,700.992,8.06931e+06,1,0,1,0,fallback_sampling,1000001,"{""build_active_indices_ms"":5.471773,""build_events_ms"":65.422371,""build_ranks_ms"":43.578318,""build_y_domain_ms"":13.849999,""phase1_count_adaptive_ms"":255.568234,""phase2_plan_ms"":13.228861,""phase3_sample_ms"":195.027208,""run_build_ms"":130.117437,""run_fallback_count_ms"":255.571104,""run_fallback_sample_ms"":208.347227,""run_pilot_enum_prepare_ms"":1.509270,""run_pilot_enum_scan_ms"":67.328473,""sample_ms"":208.346348}",,"{""dataset"":{""source"":""synthetic"",""name"":""hetero_t__nr100000__ns100000__a1_000ep00__g1"",""dim"":2,""path_r"":"""",""path_s"":"""",""synthetic"":{""generator"":""hetero_sizes"",""n_r"":100000,""n_s"":100000,""alpha"":1,""seed"":1}},""run"":{""method"":""ours"",""variant"":""adaptive"",""t"":300000,""seed"":1,""repeats"":3,""j_star"":1000000,""enum_cap"":0,""write_samples"":false,""verify"":false},""output"":{""out_dir"":""run/temp/exp5/hetero_t"",""run_tag"":""exp5_hetero_t""},""sys"":{""threads"":1},""logging"":{""level"":""INFO"",""with_timestamp"":true,""with_thread_id"":false}}","{""generator"":""hetero_sizes"",""dataset"":""hetero_t__nr100000__ns100000__a1_000ep00__g1"",""n_r"":100000,""n_s"":100000,""has_exact_k"":false,""k_target"":0,""k_achieved"":0,""alpha_target"":1,""alpha_achieved"":nan,""notes"":""p_large_r=0.1, w_small=[0.002,0.01], w_large=[0.1,0.3], anisotropic=1""}"
hetero_t__nr100000__ns100000__a1_000ep00__g1,hetero_sizes,1,100000,100000,ours,adaptive,300000,2,3,1,716.215,8.06931e+06,1,0,1,0,fallback_sampling,1000001,"{""build_active_indices_ms"":5.548232,""build_events_ms"":65.235714,""build_ranks_ms"":43.587748,""build_y_domain_ms"":13.837969,""phase1_count_adaptive_ms"":262.330272,""phase2_plan_ms"":14.573385,""phase3_sample_ms"":202.208546,""run_build_ms"":129.979019,""run_fallback_count_ms"":262.332652,""run_fallback_sample_ms"":216.900170,""run_pilot_enum_prepare_ms"":1.520381,""run_pilot_enum_scan_ms"":67.453491,""sample_ms"":216.881250}",,"{""dataset"":{""source"":""synthetic"",""name"":""hetero_t__nr100000__ns100000__a1_000ep00__g1"",""dim"":2,""path_r"":"""",""path_s"":"""",""synthetic"":{""generator"":""hetero_sizes"",""n_r"":100000,""n_s"":100000,""alpha"":1,""seed"":1}},""run"":{""method"":""ours"",""variant"":""adaptive"",""t"":300000,""seed"":1,""repeats"":3,""j_star"":1000000,""enum_cap"":0,""write_samples"":false,""verify"":false},""output"":{""out_dir"":""run/temp/exp5/hetero_t"",""run_tag"":""exp5_hetero_t""},""sys"":{""threads"":1},""logging"":{""level"":""INFO"",""with_timestamp"":true,""with_thread_id"":false}}","{""generator"":""hetero_sizes"",""dataset"":""hetero_t__nr100000__ns100000__a1_000ep00__g1"",""n_r"":100000,""n_s"":100000,""has_exact_k"":false,""k_target"":0,""k_achieved"":0,""alpha_target"":1,""alpha_achieved"":nan,""notes"":""p_large_r=0.1, w_small=[0.002,0.01], w_large=[0.1,0.3], anisotropic=1""}"
hetero_t__nr100000__ns100000__a1_000ep00__g1,hetero_sizes,1,100000,100000,aabb,sampling,300000,0,1,1,1311.63,8.06931e+06,1,0,0,0,,0,"{""build_ms"":35.585004,""phase1_count_ms"":645.823575,""phase2_assign_ms"":27.345125,""phase3_sample_ms"":602.796025,""run_build_ms"":35.586724,""run_count_ms"":645.825875,""run_sample_ms"":630.212979}",,"{""dataset"":{""source"":""synthetic"",""name"":""hetero_t__nr100000__ns100000__a1_000ep00__g1"",""dim"":2,""path_r"":"""",""path_s"":"""",""synthetic"":{""generator"":""hetero_sizes"",""n_r"":100000,""n_s"":100000,""alpha"":1,""seed"":1}},""run"":{""method"":""aabb"",""variant"":""sampling"",""t"":300000,""seed"":1,""repeats"":3,""j_star"":1000000,""enum_cap"":0,""write_samples"":false,""verify"":false},""output"":{""out_dir"":""run/temp/exp5/hetero_t"",""run_tag"":""exp5_hetero_t""},""sys"":{""threads"":1},""logging"":{""level"":""INFO"",""with_timestamp"":true,""with_thread_id"":false}}","{""generator"":""hetero_sizes"",""dataset"":""hetero_t__nr100000__ns100000__a1_000ep00__g1"",""n_r"":100000,""n_s"":100000,""has_exact_k"":false,""k_target"":0,""k_achieved"":0,""alpha_target"":1,""alpha_achieved"":nan,""notes"":""p_large_r=0.1, w_small=[0.002,0.01], w_large=[0.1,0.3], anisotropic=1""}"
hetero_t__nr100000__ns100000__a1_000ep00__g1,hetero_sizes,1,100000,100000,aabb,sampling,300000,1,2,1,1313.04,8.06931e+06,1,0,0,0,,0,"{""build_ms"":35.516626,""phase1_count_ms"":647.009091,""phase2_assign_ms"":27.050721,""phase3_sample_ms"":603.391453,""run_build_ms"":35.517956,""run_count_ms"":647.010831,""run_sample_ms"":630.511643}",,"{""dataset"":{""source"":""synthetic"",""name"":""hetero_t__nr100000__ns100000__a1_000ep00__g1"",""dim"":2,""path_r"":"""",""path_s"":"""",""synthetic"":{""generator"":""hetero_sizes"",""n_r"":100000,""n_s"":100000,""alpha"":1,""seed"":1}},""run"":{""method"":""aabb"",""variant"":""sampling"",""t"":300000,""seed"":1,""repeats"":3,""j_star"":1000000,""enum_cap"":0,""write_samples"":false,""verify"":false},""output"":{""out_dir"":""run/temp/exp5/hetero_t"",""run_tag"":""exp5_hetero_t""},""sys"":{""threads"":1},""logging"":{""level"":""INFO"",""with_timestamp"":true,""with_thread_id"":false}}","{""generator"":""hetero_sizes"",""dataset"":""hetero_t__nr100000__ns100000__a1_000ep00__g1"",""n_r"":100000,""n_s"":100000,""has_exact_k"":false,""k_target"":0,""k_achieved"":0,""alpha_target"":1,""alpha_achieved"":nan,""notes"":""p_large_r=0.1, w_small=[0.002,0.01], w_large=[0.1,0.3], anisotropic=1""}"
hetero_t__nr100000__ns100000__a1_000ep00__g1,hetero_sizes,1,100000,100000,aabb,sampling,300000,2,3,1,1311.81,8.06931e+06,1,0,0,0,,0,"{""build_ms"":35.494356,""phase1_count_ms"":647.317625,""phase2_assign_ms"":27.330906,""phase3_sample_ms"":601.587188,""run_build_ms"":35.496276,""run_count_ms"":647.320305,""run_sample_ms"":628.989602}",,"{""dataset"":{""source"":""synthetic"",""name"":""hetero_t__nr100000__ns100000__a1_000ep00__g1"",""dim"":2,""path_r"":"""",""path_s"":"""",""synthetic"":{""generator"":""hetero_sizes"",""n_r"":100000,""n_s"":100000,""alpha"":1,""seed"":1}},""run"":{""method"":""aabb"",""variant"":""sampling"",""t"":300000,""seed"":1,""repeats"":3,""j_star"":1000000,""enum_cap"":0,""write_samples"":false,""verify"":false},""output"":{""out_dir"":""run/temp/exp5/hetero_t"",""run_tag"":""exp5_hetero_t""},""sys"":{""threads"":1},""logging"":{""level"":""INFO"",""with_timestamp"":true,""with_thread_id"":false}}","{""generator"":""hetero_sizes"",""dataset"":""hetero_t__nr100000__ns100000__a1_000ep00__g1"",""n_r"":100000,""n_s"":100000,""has_exact_k"":false,""k_target"":0,""k_achieved"":0,""alpha_target"":1,""alpha_achieved"":nan,""notes"":""p_large_r=0.1, w_small=[0.002,0.01], w_large=[0.1,0.3], anisotropic=1""}"
hetero_t__nr100000__ns100000__a1_000ep00__g1,hetero_sizes,1,100000,100000,aabb,adaptive,300000,0,1,1,1496.88,8.06931e+06,1,0,1,0,fallback_sampling,1000001,"{""build_ms"":35.598004,""enumerate_prepare_ms"":33.950386,""phase1_count_ms"":682.947267,""phase2_assign_ms"":27.416384,""phase3_sample_ms"":598.879191,""run_build_ms"":35.598975,""run_fallback_count_ms"":682.949497,""run_fallback_sample_ms"":626.367004,""run_pilot_enum_prepare_ms"":33.952766,""run_pilot_enum_scan_ms"":117.982493}",,"{""dataset"":{""source"":""synthetic"",""name"":""hetero_t__nr100000__ns100000__a1_000ep00__g1"",""dim"":2,""path_r"":"""",""path_s"":"""",""synthetic"":{""generator"":""hetero_sizes"",""n_r"":100000,""n_s"":100000,""alpha"":1,""seed"":1}},""run"":{""method"":""aabb"",""variant"":""adaptive"",""t"":300000,""seed"":1,""repeats"":3,""j_star"":1000000,""enum_cap"":0,""write_samples"":false,""verify"":false},""output"":{""out_dir"":""run/temp/exp5/hetero_t"",""run_tag"":""exp5_hetero_t""},""sys"":{""threads"":1},""logging"":{""level"":""INFO"",""with_timestamp"":true,""with_thread_id"":false}}","{""generator"":""hetero_sizes"",""dataset"":""hetero_t__nr100000__ns100000__a1_000ep00__g1"",""n_r"":100000,""n_s"":100000,""has_exact_k"":false,""k_target"":0,""k_achieved"":0,""alpha_target"":1,""alpha_achieved"":nan,""notes"":""p_large_r=0.1, w_small=[0.002,0.01], w_large=[0.1,0.3], anisotropic=1""}"
hetero_t__nr100000__ns100000__a1_000ep00__g1,hetero_sizes,1,100000,100000,aabb,adaptive,300000,1,2,1,1498.95,8.06931e+06,1,0,1,0,fallback_sampling,1000001,"{""build_ms"":35.627823,""enumerate_prepare_ms"":34.023515,""phase1_count_ms"":683.432567,""phase2_assign_ms"":27.226367,""phase3_sample_ms"":600.669475,""run_build_ms"":35.629554,""run_fallback_count_ms"":683.435627,""run_fallback_sample_ms"":627.966971,""run_pilot_enum_prepare_ms"":34.026175,""run_pilot_enum_scan_ms"":117.867396}",,"{""dataset"":{""source"":""synthetic"",""name"":""hetero_t__nr100000__ns100000__a1_000ep00__g1"",""dim"":2,""path_r"":"""",""path_s"":"""",""synthetic"":{""generator"":""hetero_sizes"",""n_r"":100000,""n_s"":100000,""alpha"":1,""seed"":1}},""run"":{""method"":""aabb"",""variant"":""adaptive"",""t"":300000,""seed"":1,""repeats"":3,""j_star"":1000000,""enum_cap"":0,""write_samples"":false,""verify"":false},""output"":{""out_dir"":""run/temp/exp5/hetero_t"",""run_tag"":""exp5_hetero_t""},""sys"":{""threads"":1},""logging"":{""level"":""INFO"",""with_timestamp"":true,""with_thread_id"":false}}","{""generator"":""hetero_sizes"",""dataset"":""hetero_t__nr100000__ns100000__a1_000ep00__g1"",""n_r"":100000,""n_s"":100000,""has_exact_k"":false,""k_target"":0,""k_achieved"":0,""alpha_target"":1,""alpha_achieved"":nan,""notes"":""p_large_r=0.1, w_small=[0.002,0.01], w_large=[0.1,0.3], anisotropic=1""}"
hetero_t__nr100000__ns100000__a1_000ep00__g1,hetero_sizes,1,100000,100000,aabb,adaptive,300000,2,3,1,1502.35,8.06931e+06,1,0,1,0,fallback_sampling,1000001,"{""build_ms"":35.587064,""enumerate_prepare_ms"":33.976226,""phase1_count_ms"":683.425158,""phase2_assign_ms"":27.420873,""phase3_sample_ms"":604.071688,""run_build_ms"":35.588434,""run_fallback_count_ms"":683.427387,""run_fallback_sample_ms"":631.561190,""run_pilot_enum_prepare_ms"":33.978406,""run_pilot_enum_scan_ms"":117.768097}",,"{""dataset"":{""source"":""synthetic"",""name"":""hetero_t__nr100000__ns100000__a1_000ep00__g1"",""dim"":2,""path_r"":"""",""path_s"":"""",""synthetic"":{""generator"":""hetero_sizes"",""n_r"":100000,""n_s"":100000,""alpha"":1,""seed"":1}},""run"":{""method"":""aabb"",""variant"":""adaptive"",""t"":300000,""seed"":1,""repeats"":3,""j_star"":1000000,""enum_cap"":0,""write_samples"":false,""verify"":false},""output"":{""out_dir"":""run/temp/exp5/hetero_t"",""run_tag"":""exp5_hetero_t""},""sys"":{""threads"":1},""logging"":{""level"":""INFO"",""with_timestamp"":true,""with_thread_id"":false}}","{""generator"":""hetero_sizes"",""dataset"":""hetero_t__nr100000__ns100000__a1_000ep00__g1"",""n_r"":100000,""n_s"":100000,""has_exact_k"":false,""k_target"":0,""k_achieved"":0,""alpha_target"":1,""alpha_achieved"":nan,""notes"":""p_large_r=0.1, w_small=[0.002,0.01], w_large=[0.1,0.3], anisotropic=1""}"
hetero_t__nr100000__ns100000__a1_000ep00__g1,hetero_sizes,1,100000,100000,interval_tree,sampling,300000,0,1,1,1160.52,8.06931e+06,1,0,0,0,,0,"{""build_ms"":158.367574,""build_active_ms"":41.322622,""build_events_ms"":37.351590,""build_start_ids_ms"":1.611109,""build_y_endpoints_ms"":28.020363,""build_y_indices_ms"":50.054981,""phase1_count_ms"":523.675300,""phase2_slots_ms"":15.783331,""phase3_resweep_ms"":462.595874,""run_build_ms"":158.368604,""run_count_ms"":523.677970,""run_sample_ms"":478.467184}",,"{""dataset"":{""source"":""synthetic"",""name"":""hetero_t__nr100000__ns100000__a1_000ep00__g1"",""dim"":2,""path_r"":"""",""path_s"":"""",""synthetic"":{""generator"":""hetero_sizes"",""n_r"":100000,""n_s"":100000,""alpha"":1,""seed"":1}},""run"":{""method"":""interval_tree"",""variant"":""sampling"",""t"":300000,""seed"":1,""repeats"":3,""j_star"":1000000,""enum_cap"":0,""write_samples"":false,""verify"":false},""output"":{""out_dir"":""run/temp/exp5/hetero_t"",""run_tag"":""exp5_hetero_t""},""sys"":{""threads"":1},""logging"":{""level"":""INFO"",""with_timestamp"":true,""with_thread_id"":false}}","{""generator"":""hetero_sizes"",""dataset"":""hetero_t__nr100000__ns100000__a1_000ep00__g1"",""n_r"":100000,""n_s"":100000,""has_exact_k"":false,""k_target"":0,""k_achieved"":0,""alpha_target"":1,""alpha_achieved"":nan,""notes"":""p_large_r=0.1, w_small=[0.002,0.01], w_large=[0.1,0.3], anisotropic=1""}"
hetero_t__nr100000__ns100000__a1_000ep00__g1,hetero_sizes,1,100000,100000,interval_tree,sampling,300000,1,2,1,1218.96,8.06931e+06,1,0,0,0,,0,"{""build_ms"":145.109272,""build_active_ms"":23.285075,""build_events_ms"":42.302152,""build_start_ids_ms"":1.568240,""build_y_endpoints_ms"":28.022551,""build_y_indices_ms"":49.923754,""phase1_count_ms"":527.361258,""phase2_slots_ms"":15.680834,""phase3_resweep_ms"":458.707580,""run_build_ms"":145.110052,""run_count_ms"":527.363577,""run_sample_ms"":474.476681}",,"{""dataset"":{""source"":""synthetic"",""name"":""hetero_t__nr100000__ns100000__a1_000ep00__g1"",""dim"":2,""path_r"":"""",""path_s"":"""",""synthetic"":{""generator"":""hetero_sizes"",""n_r"":100000,""n_s"":100000,""alpha"":1,""seed"":1}},""run"":{""method"":""interval_tree"",""variant"":""sampling"",""t"":300000,""seed"":1,""repeats"":3,""j_star"":1000000,""enum_cap"":0,""write_samples"":false,""verify"":false},""output"":{""out_dir"":""run/temp/exp5/hetero_t"",""run_tag"":""exp5_hetero_t""},""sys"":{""threads"":1},""logging"":{""level"":""INFO"",""with_timestamp"":true,""with_thread_id"":false}}","{""generator"":""hetero_sizes"",""dataset"":""hetero_t__nr100000__ns100000__a1_000ep00__g1"",""n_r"":100000,""n_s"":100000,""has_exact_k"":false,""k_target"":0,""k_achieved"":0,""alpha_target"":1,""alpha_achieved"":nan,""notes"":""p_large_r=0.1, w_small=[0.002,0.01], w_large=[0.1,0.3], anisotropic=1""}"
hetero_t__nr100000__ns100000__a1_000ep00__g1,hetero_sizes,1,100000,100000,interval_tree,sampling,300000,2,3,1,1215.81,8.06931e+06,1,0,0,0,,0,"{""build_ms"":176.835902,""build_active_ms"":23.325634,""build_events_ms"":73.886875,""build_start_ids_ms"":1.596439,""build_y_endpoints_ms"":28.033031,""build_y_indices_ms"":49.985452,""phase1_count_ms"":523.636000,""phase2_slots_ms"":15.790262,""phase3_resweep_ms"":459.951856,""run_build_ms"":176.836841,""run_count_ms"":523.637780,""run_sample_ms"":475.829324}",,"{""dataset"":{""source"":""synthetic"",""name"":""hetero_t__nr100000__ns100000__a1_000ep00__g1"",""dim"":2,""path_r"":"""",""path_s"":"""",""synthetic"":{""generator"":""hetero_sizes"",""n_r"":100000,""n_s"":100000,""alpha"":1,""seed"":1}},""run"":{""method"":""interval_tree"",""variant"":""sampling"",""t"":300000,""seed"":1,""repeats"":3,""j_star"":1000000,""enum_cap"":0,""write_samples"":false,""verify"":false},""output"":{""out_dir"":""run/temp/exp5/hetero_t"",""run_tag"":""exp5_hetero_t""},""sys"":{""threads"":1},""logging"":{""level"":""INFO"",""with_timestamp"":true,""with_thread_id"":false}}","{""generator"":""hetero_sizes"",""dataset"":""hetero_t__nr100000__ns100000__a1_000ep00__g1"",""n_r"":100000,""n_s"":100000,""has_exact_k"":false,""k_target"":0,""k_achieved"":0,""alpha_target"":1,""alpha_achieved"":nan,""notes"":""p_large_r=0.1, w_small=[0.002,0.01], w_large=[0.1,0.3], anisotropic=1""}"
hetero_t__nr100000__ns100000__a1_000ep00__g1,hetero_sizes,1,100000,100000,interval_tree,adaptive,300000,0,1,1,1473.03,8.06931e+06,1,0,1,0,fallback_sampling,1000001,"{""build_ms"":158.817694,""build_active_ms"":40.988059,""build_events_ms"":37.393158,""build_start_ids_ms"":1.550430,""build_y_endpoints_ms"":28.118760,""build_y_indices_ms"":50.759228,""enumerate_prepare_ms"":154.749414,""phase1_count_adaptive_ms"":559.603207,""phase2_slots_ms"":15.635804,""phase3_resweep_ms"":457.345276,""run_build_ms"":158.818594,""run_fallback_count_ms"":559.606057,""run_fallback_sample_ms"":473.068418,""run_pilot_enum_prepare_ms"":154.753524,""run_pilot_enum_scan_ms"":106.652125}",,"{""dataset"":{""source"":""synthetic"",""name"":""hetero_t__nr100000__ns100000__a1_000ep00__g1"",""dim"":2,""path_r"":"""",""path_s"":"""",""synthetic"":{""generator"":""hetero_sizes"",""n_r"":100000,""n_s"":100000,""alpha"":1,""seed"":1}},""run"":{""method"":""interval_tree"",""variant"":""adaptive"",""t"":300000,""seed"":1,""repeats"":3,""j_star"":1000000,""enum_cap"":0,""write_samples"":false,""verify"":false},""output"":{""out_dir"":""run/temp/exp5/hetero_t"",""run_tag"":""exp5_hetero_t""},""sys"":{""threads"":1},""logging"":{""level"":""INFO"",""with_timestamp"":true,""with_thread_id"":false}}","{""generator"":""hetero_sizes"",""dataset"":""hetero_t__nr100000__ns100000__a1_000ep00__g1"",""n_r"":100000,""n_s"":100000,""has_exact_k"":false,""k_target"":0,""k_achieved"":0,""alpha_target"":1,""alpha_achieved"":nan,""notes"":""p_large_r=0.1, w_small=[0.002,0.01], w_large=[0.1,0.3], anisotropic=1""}"
hetero_t__nr100000__ns100000__a1_000ep00__g1,hetero_sizes,1,100000,100000,interval_tree,adaptive,300000,1,2,1,1531.43,8.06931e+06,1,0,1,0,fallback_sampling,1000001,"{""build_ms"":146.075673,""build_active_ms"":23.235986,""build_events_ms"":42.369911,""build_start_ids_ms"":1.531310,""build_y_endpoints_ms"":28.138050,""build_y_indices_ms"":50.791867,""enumerate_prepare_ms"":155.569138,""phase1_count_adaptive_ms"":557.493357,""phase2_slots_ms"":15.709652,""phase3_resweep_ms"":456.939833,""run_build_ms"":146.076463,""run_fallback_count_ms"":557.495757,""run_fallback_sample_ms"":472.737335,""run_pilot_enum_prepare_ms"":155.572748,""run_pilot_enum_scan_ms"":107.227892}",,"{""dataset"":{""source"":""synthetic"",""name"":""hetero_t__nr100000__ns100000__a1_000ep00__g1"",""dim"":2,""path_r"":"""",""path_s"":"""",""synthetic"":{""generator"":""hetero_sizes"",""n_r"":100000,""n_s"":100000,""alpha"":1,""seed"":1}},""run"":{""method"":""interval_tree"",""variant"":""adaptive"",""t"":300000,""seed"":1,""repeats"":3,""j_star"":1000000,""enum_cap"":0,""write_samples"":false,""verify"":false},""output"":{""out_dir"":""run/temp/exp5/hetero_t"",""run_tag"":""exp5_hetero_t""},""sys"":{""threads"":1},""logging"":{""level"":""INFO"",""with_timestamp"":true,""with_thread_id"":false}}","{""generator"":""hetero_sizes"",""dataset"":""hetero_t__nr100000__ns100000__a1_000ep00__g1"",""n_r"":100000,""n_s"":100000,""has_exact_k"":false,""k_target"":0,""k_achieved"":0,""alpha_target"":1,""alpha_achieved"":nan,""notes"":""p_large_r=0.1, w_small=[0.002,0.01], w_large=[0.1,0.3], anisotropic=1""}"
hetero_t__nr100000__ns100000__a1_000ep00__g1,hetero_sizes,1,100000,100000,interval_tree,adaptive,300000,2,3,1,1528.25,8.06931e+06,1,0,1,0,fallback_sampling,1000001,"{""build_ms"":177.546328,""build_active_ms"":23.216556,""build_events_ms"":73.970594,""build_start_ids_ms"":1.547299,""build_y_endpoints_ms"":28.125710,""build_y_indices_ms"":50.677069,""enumerate_prepare_ms"":154.650425,""phase1_count_adaptive_ms"":555.651562,""phase2_slots_ms"":15.676754,""phase3_resweep_ms"":457.091110,""run_build_ms"":177.547528,""run_fallback_count_ms"":555.653383,""run_fallback_sample_ms"":472.855912,""run_pilot_enum_prepare_ms"":154.653535,""run_pilot_enum_scan_ms"":107.906930}",,"{""dataset"":{""source"":""synthetic"",""name"":""hetero_t__nr100000__ns100000__a1_000ep00__g1"",""dim"":2,""path_r"":"""",""path_s"":"""",""synthetic"":{""generator"":""hetero_sizes"",""n_r"":100000,""n_s"":100000,""alpha"":1,""seed"":1}},""run"":{""method"":""interval_tree"",""variant"":""adaptive"",""t"":300000,""seed"":1,""repeats"":3,""j_star"":1000000,""enum_cap"":0,""write_samples"":false,""verify"":false},""output"":{""out_dir"":""run/temp/exp5/hetero_t"",""run_tag"":""exp5_hetero_t""},""sys"":{""threads"":1},""logging"":{""level"":""INFO"",""with_timestamp"":true,""with_thread_id"":false}}","{""generator"":""hetero_sizes"",""dataset"":""hetero_t__nr100000__ns100000__a1_000ep00__g1"",""n_r"":100000,""n_s"":100000,""has_exact_k"":false,""k_target"":0,""k_achieved"":0,""alpha_target"":1,""alpha_achieved"":nan,""notes"":""p_large_r=0.1, w_small=[0.002,0.01], w_large=[0.1,0.3], anisotropic=1""}"
hetero_t__nr100000__ns100000__a1_000ep00__g1,hetero_sizes,1,100000,100000,kd_tree,sampling,300000,0,1,1,996.108,8.06931e+06,1,0,0,0,,0,"{""build_ms"":102.823289,""build_events_ms"":33.903357,""build_kdtrees_ms"":35.284920,""build_rank_arrays_ms"":32.221080,""build_start_index_ms"":1.366653,""phase1_count_ms"":445.912958,""phase2_alias_ms"":447.364251,""phase3_sweep_ms"":419.810119,""run_build_ms"":102.824369,""run_count_ms"":445.915558,""run_sample_ms"":447.365311}",,"{""dataset"":{""source"":""synthetic"",""name"":""hetero_t__nr100000__ns100000__a1_000ep00__g1"",""dim"":2,""path_r"":"""",""path_s"":"""",""synthetic"":{""generator"":""hetero_sizes"",""n_r"":100000,""n_s"":100000,""alpha"":1,""seed"":1}},""run"":{""method"":""kd_tree"",""variant"":""sampling"",""t"":300000,""seed"":1,""repeats"":3,""j_star"":1000000,""enum_cap"":0,""write_samples"":false,""verify"":false},""output"":{""out_dir"":""run/temp/exp5/hetero_t"",""run_tag"":""exp5_hetero_t""},""sys"":{""threads"":1},""logging"":{""level"":""INFO"",""with_timestamp"":true,""with_thread_id"":false}}","{""generator"":""hetero_sizes"",""dataset"":""hetero_t__nr100000__ns100000__a1_000ep00__g1"",""n_r"":100000,""n_s"":100000,""has_exact_k"":false,""k_target"":0,""k_achieved"":0,""alpha_target"":1,""alpha_achieved"":nan,""notes"":""p_large_r=0.1, w_small=[0.002,0.01], w_large=[0.1,0.3], anisotropic=1""}"
hetero_t__nr100000__ns100000__a1_000ep00__g1,hetero_sizes,1,100000,100000,kd_tree,sampling,300000,1,2,1,999.647,8.06931e+06,1,0,0,0,,0,"{""build_ms"":102.508825,""build_events_ms"":33.892527,""build_kdtrees_ms"":34.821888,""build_rank_arrays_ms"":32.358058,""build_start_index_ms"":1.371604,""phase1_count_ms"":447.794862,""phase2_alias_ms"":449.309702,""phase3_sweep_ms"":421.842159,""run_build_ms"":102.509395,""run_count_ms"":447.797822,""run_sample_ms"":449.310502}",,"{""dataset"":{""source"":""synthetic"",""name"":""hetero_t__nr100000__ns100000__a1_000ep00__g1"",""dim"":2,""path_r"":"""",""path_s"":"""",""synthetic"":{""generator"":""hetero_sizes"",""n_r"":100000,""n_s"":100000,""alpha"":1,""seed"":1}},""run"":{""method"":""kd_tree"",""variant"":""sampling"",""t"":300000,""seed"":1,""repeats"":3,""j_star"":1000000,""enum_cap"":0,""write_samples"":false,""verify"":false},""output"":{""out_dir"":""run/temp/exp5/hetero_t"",""run_tag"":""exp5_hetero_t""},""sys"":{""threads"":1},""logging"":{""level"":""INFO"",""with_timestamp"":true,""with_thread_id"":false}}","{""generator"":""hetero_sizes"",""dataset"":""hetero_t__nr100000__ns100000__a1_000ep00__g1"",""n_r"":100000,""n_s"":100000,""has_exact_k"":false,""k_target"":0,""k_achieved"":0,""alpha_target"":1,""alpha_achieved"":nan,""notes"":""p_large_r=0.1, w_small=[0.002,0.01], w_large=[0.1,0.3], anisotropic=1""}"
hetero_t__nr100000__ns100000__a1_000ep00__g1,hetero_sizes,1,100000,100000,kd_tree,sampling,300000,2,3,1,998.634,8.06931e+06,1,0,0,0,,0,"{""build_ms"":102.409838,""build_events_ms"":33.888567,""build_kdtrees_ms"":34.783420,""build_rank_arrays_ms"":32.305768,""build_start_index_ms"":1.374303,""phase1_count_ms"":447.803120,""phase2_alias_ms"":448.413750,""phase3_sweep_ms"":420.836169,""run_build_ms"":102.410578,""run_count_ms"":447.805700,""run_sample_ms"":448.414490}",,"{""dataset"":{""source"":""synthetic"",""name"":""hetero_t__nr100000__ns100000__a1_000ep00__g1"",""dim"":2,""path_r"":"""",""path_s"":"""",""synthetic"":{""generator"":""hetero_sizes"",""n_r"":100000,""n_s"":100000,""alpha"":1,""seed"":1}},""run"":{""method"":""kd_tree"",""variant"":""sampling"",""t"":300000,""seed"":1,""repeats"":3,""j_star"":1000000,""enum_cap"":0,""write_samples"":false,""verify"":false},""output"":{""out_dir"":""run/temp/exp5/hetero_t"",""run_tag"":""exp5_hetero_t""},""sys"":{""threads"":1},""logging"":{""level"":""INFO"",""with_timestamp"":true,""with_thread_id"":false}}","{""generator"":""hetero_sizes"",""dataset"":""hetero_t__nr100000__ns100000__a1_000ep00__g1"",""n_r"":100000,""n_s"":100000,""has_exact_k"":false,""k_target"":0,""k_achieved"":0,""alpha_target"":1,""alpha_achieved"":nan,""notes"":""p_large_r=0.1, w_small=[0.002,0.01], w_large=[0.1,0.3], anisotropic=1""}"
hetero_t__nr100000__ns100000__a1_000ep00__g1,hetero_sizes,1,100000,100000,kd_tree,adaptive,300000,0,1,1,1462.15,8.06931e+06,1,0,1,0,fallback_sampling,1000001,"{""adaptive_fallback_sampling_ms"":450.757323,""build_ms"":102.479555,""build_embedding_ms"":32.423816,""build_events_ms"":33.873817,""build_kdtrees_ms"":34.807929,""build_rank_arrays_ms"":32.379377,""build_start_index_ms"":1.370053,""enumerate_prepare_ms"":101.077983,""phase1_count_and_maybe_enumerate_ms"":568.708086,""phase2_alias_ms"":3.871875,""phase2_assign_ms"":23.250276,""phase3_sweep_ms"":423.139273,""run_build_ms"":102.480315,""run_fallback_count_ms"":568.711166,""run_fallback_sample_ms"":450.759363,""run_pilot_enum_prepare_ms"":101.082473,""run_pilot_enum_scan_ms"":239.073495}",,"{""dataset"":{""source"":""synthetic"",""name"":""hetero_t__nr100000__ns100000__a1_000ep00__g1"",""dim"":2,""path_r"":"""",""path_s"":"""",""synthetic"":{""generator"":""hetero_sizes"",""n_r"":100000,""n_s"":100000,""alpha"":1,""seed"":1}},""run"":{""method"":""kd_tree"",""variant"":""adaptive"",""t"":300000,""seed"":1,""repeats"":3,""j_star"":1000000,""enum_cap"":0,""write_samples"":false,""verify"":false},""output"":{""out_dir"":""run/temp/exp5/hetero_t"",""run_tag"":""exp5_hetero_t""},""sys"":{""threads"":1},""logging"":{""level"":""INFO"",""with_timestamp"":true,""with_thread_id"":false}}","{""generator"":""hetero_sizes"",""dataset"":""hetero_t__nr100000__ns100000__a1_000ep00__g1"",""n_r"":100000,""n_s"":100000,""has_exact_k"":false,""k_target"":0,""k_achieved"":0,""alpha_target"":1,""alpha_achieved"":nan,""notes"":""p_large_r=0.1, w_small=[0.002,0.01], w_large=[0.1,0.3], anisotropic=1""}"
hetero_t__nr100000__ns100000__a1_000ep00__g1,hetero_sizes,1,100000,100000,kd_tree,adaptive,300000,1,2,1,1461,8.06931e+06,1,0,1,0,fallback_sampling,1000001,"{""adaptive_fallback_sampling_ms"":450.779262,""build_ms"":102.321538,""build_embedding_ms"":32.399926,""build_events_ms"":33.828399,""build_kdtrees_ms"":34.714991,""build_rank_arrays_ms"":32.336668,""build_start_index_ms"":1.371903,""enumerate_prepare_ms"":101.064413,""phase1_count_and_maybe_enumerate_ms"":566.171975,""phase2_alias_ms"":3.876864,""phase2_assign_ms"":23.039449,""phase3_sweep_ms"":423.367508,""run_build_ms"":102.322509,""run_fallback_count_ms"":566.174565,""run_fallback_sample_ms"":450.780653,""run_pilot_enum_prepare_ms"":101.068133,""run_pilot_enum_scan_ms"":240.629773}",,"{""dataset"":{""source"":""synthetic"",""name"":""hetero_t__nr100000__ns100000__a1_000ep00__g1"",""dim"":2,""path_r"":"""",""path_s"":"""",""synthetic"":{""generator"":""hetero_sizes"",""n_r"":100000,""n_s"":100000,""alpha"":1,""seed"":1}},""run"":{""method"":""kd_tree"",""variant"":""adaptive"",""t"":300000,""seed"":1,""repeats"":3,""j_star"":1000000,""enum_cap"":0,""write_samples"":false,""verify"":false},""output"":{""out_dir"":""run/temp/exp5/hetero_t"",""run_tag"":""exp5_hetero_t""},""sys"":{""threads"":1},""logging"":{""level"":""INFO"",""with_timestamp"":true,""with_thread_id"":false}}","{""generator"":""hetero_sizes"",""dataset"":""hetero_t__nr100000__ns100000__a1_000ep00__g1"",""n_r"":100000,""n_s"":100000,""has_exact_k"":false,""k_target"":0,""k_achieved"":0,""alpha_target"":1,""alpha_achieved"":nan,""notes"":""p_large_r=0.1, w_small=[0.002,0.01], w_large=[0.1,0.3], anisotropic=1""}"
hetero_t__nr100000__ns100000__a1_000ep00__g1,hetero_sizes,1,100000,100000,kd_tree,adaptive,300000,2,3,1,1464.69,8.06931e+06,1,0,1,0,fallback_sampling,1000001,"{""adaptive_fallback_sampling_ms"":448.839190,""build_ms"":102.387047,""build_embedding_ms"":32.384027,""build_events_ms"":33.887447,""build_kdtrees_ms"":34.729961,""build_rank_arrays_ms"":32.330778,""build_start_index_ms"":1.381113,""enumerate_prepare_ms"":100.992734,""phase1_count_and_maybe_enumerate_ms"":572.155477,""phase2_alias_ms"":3.871574,""phase2_assign_ms"":23.180137,""phase3_sweep_ms"":421.292999,""run_build_ms"":102.387897,""run_fallback_count_ms"":572.158107,""run_fallback_sample_ms"":448.840680,""run_pilot_enum_prepare_ms"":100.998084,""run_pilot_enum_scan_ms"":240.277720}",,"{""dataset"":{""source"":""synthetic"",""name"":""hetero_t__nr100000__ns100000__a1_000ep00__g1"",""dim"":2,""path_r"":"""",""path_s"":"""",""synthetic"":{""generator"":""hetero_sizes"",""n_r"":100000,""n_s"":100000,""alpha"":1,""seed"":1}},""run"":{""method"":""kd_tree"",""variant"":""adaptive"",""t"":300000,""seed"":1,""repeats"":3,""j_star"":1000000,""enum_cap"":0,""write_samples"":false,""verify"":false},""output"":{""out_dir"":""run/temp/exp5/hetero_t"",""run_tag"":""exp5_hetero_t""},""sys"":{""threads"":1},""logging"":{""level"":""INFO"",""with_timestamp"":true,""with_thread_id"":false}}","{""generator"":""hetero_sizes"",""dataset"":""hetero_t__nr100000__ns100000__a1_000ep00__g1"",""n_r"":100000,""n_s"":100000,""has_exact_k"":false,""k_target"":0,""k_achieved"":0,""alpha_target"":1,""alpha_achieved"":nan,""notes"":""p_large_r=0.1, w_small=[0.002,0.01], w_large=[0.1,0.3], anisotropic=1""}"
hetero_t__nr100000__ns100000__a1_000ep00__g1,hetero_sizes,1,100000,100000,r_tree,sampling,300000,0,1,1,533.393,8.06931e+06,1,0,0,0,,0,"{""build_ms"":35.865518,""phase1_count_ms"":204.966491,""phase2_assign_ms"":8.802878,""phase3_sample_ms"":283.299278,""run_build_ms"":35.866888,""run_count_ms"":204.968461,""run_sample_ms"":292.555407}",,"{""dataset"":{""source"":""synthetic"",""name"":""hetero_t__nr100000__ns100000__a1_000ep00__g1"",""dim"":2,""path_r"":"""",""path_s"":"""",""synthetic"":{""generator"":""hetero_sizes"",""n_r"":100000,""n_s"":100000,""alpha"":1,""seed"":1}},""run"":{""method"":""r_tree"",""variant"":""sampling"",""t"":300000,""seed"":1,""repeats"":3,""j_star"":1000000,""enum_cap"":0,""write_samples"":false,""verify"":false},""output"":{""out_dir"":""run/temp/exp5/hetero_t"",""run_tag"":""exp5_hetero_t""},""sys"":{""threads"":1},""logging"":{""level"":""INFO"",""with_timestamp"":true,""with_thread_id"":false}}","{""generator"":""hetero_sizes"",""dataset"":""hetero_t__nr100000__ns100000__a1_000ep00__g1"",""n_r"":100000,""n_s"":100000,""has_exact_k"":false,""k_target"":0,""k_achieved"":0,""alpha_target"":1,""alpha_achieved"":nan,""notes"":""p_large_r=0.1, w_small=[0.002,0.01], w_large=[0.1,0.3], anisotropic=1""}"
hetero_t__nr100000__ns100000__a1_000ep00__g1,hetero_sizes,1,100000,100000,r_tree,sampling,300000,1,2,1,528.798,8.06931e+06,1,0,0,0,,0,"{""build_ms"":35.799150,""phase1_count_ms"":199.611775,""phase2_assign_ms"":8.800977,""phase3_sample_ms"":284.037814,""run_build_ms"":35.800409,""run_count_ms"":199.613566,""run_sample_ms"":293.289082}",,"{""dataset"":{""source"":""synthetic"",""name"":""hetero_t__nr100000__ns100000__a1_000ep00__g1"",""dim"":2,""path_r"":"""",""path_s"":"""",""synthetic"":{""generator"":""hetero_sizes"",""n_r"":100000,""n_s"":100000,""alpha"":1,""seed"":1}},""run"":{""method"":""r_tree"",""variant"":""sampling"",""t"":300000,""seed"":1,""repeats"":3,""j_star"":1000000,""enum_cap"":0,""write_samples"":false,""verify"":false},""output"":{""out_dir"":""run/temp/exp5/hetero_t"",""run_tag"":""exp5_hetero_t""},""sys"":{""threads"":1},""logging"":{""level"":""INFO"",""with_timestamp"":true,""with_thread_id"":false}}","{""generator"":""hetero_sizes"",""dataset"":""hetero_t__nr100000__ns100000__a1_000ep00__g1"",""n_r"":100000,""n_s"":100000,""has_exact_k"":false,""k_target"":0,""k_achieved"":0,""alpha_target"":1,""alpha_achieved"":nan,""notes"":""p_large_r=0.1, w_small=[0.002,0.01], w_large=[0.1,0.3], anisotropic=1""}"
hetero_t__nr100000__ns100000__a1_000ep00__g1,hetero_sizes,1,100000,100000,r_tree,sampling,300000,2,3,1,527.938,8.06931e+06,1,0,0,0,,0,"{""build_ms"":35.771911,""phase1_count_ms"":199.523906,""phase2_assign_ms"":8.836717,""phase3_sample_ms"":283.249329,""run_build_ms"":35.773411,""run_count_ms"":199.525696,""run_sample_ms"":292.543318}",,"{""dataset"":{""source"":""synthetic"",""name"":""hetero_t__nr100000__ns100000__a1_000ep00__g1"",""dim"":2,""path_r"":"""",""path_s"":"""",""synthetic"":{""generator"":""hetero_sizes"",""n_r"":100000,""n_s"":100000,""alpha"":1,""seed"":1}},""run"":{""method"":""r_tree"",""variant"":""sampling"",""t"":300000,""seed"":1,""repeats"":3,""j_star"":1000000,""enum_cap"":0,""write_samples"":false,""verify"":false},""output"":{""out_dir"":""run/temp/exp5/hetero_t"",""run_tag"":""exp5_hetero_t""},""sys"":{""threads"":1},""logging"":{""level"":""INFO"",""with_timestamp"":true,""with_thread_id"":false}}","{""generator"":""hetero_sizes"",""dataset"":""hetero_t__nr100000__ns100000__a1_000ep00__g1"",""n_r"":100000,""n_s"":100000,""has_exact_k"":false,""k_target"":0,""k_achieved"":0,""alpha_target"":1,""alpha_achieved"":nan,""notes"":""p_large_r=0.1, w_small=[0.002,0.01], w_large=[0.1,0.3], anisotropic=1""}"
hetero_t__nr100000__ns100000__a1_000ep00__g1,hetero_sizes,1,100000,100000,r_tree,adaptive,300000,0,1,1,671.05,8.06931e+06,1,0,1,0,fallback_sampling,1000001,"{""build_ms"":35.786580,""enumerate_prepare_ms"":34.115772,""phase1_adaptive_count_ms"":230.529901,""phase2+3_sampling_ms"":292.425658,""run_build_ms"":35.788230,""run_fallback_count_ms"":230.532191,""run_fallback_sample_ms"":292.428348,""run_pilot_enum_prepare_ms"":34.118062,""run_pilot_enum_scan_ms"":78.126431}",,"{""dataset"":{""source"":""synthetic"",""name"":""hetero_t__nr100000__ns100000__a1_000ep00__g1"",""dim"":2,""path_r"":"""",""path_s"":"""",""synthetic"":{""generator"":""hetero_sizes"",""n_r"":100000,""n_s"":100000,""alpha"":1,""seed"":1}},""run"":{""method"":""r_tree"",""variant"":""adaptive"",""t"":300000,""seed"":1,""repeats"":3,""j_star"":1000000,""enum_cap"":0,""write_samples"":false,""verify"":false},""output"":{""out_dir"":""run/temp/exp5/hetero_t"",""run_tag"":""exp5_hetero_t""},""sys"":{""threads"":1},""logging"":{""level"":""INFO"",""with_timestamp"":true,""with_thread_id"":false}}","{""generator"":""hetero_sizes"",""dataset"":""hetero_t__nr100000__ns100000__a1_000ep00__g1"",""n_r"":100000,""n_s"":100000,""has_exact_k"":false,""k_target"":0,""k_achieved"":0,""alpha_target"":1,""alpha_achieved"":nan,""notes"":""p_large_r=0.1, w_small=[0.002,0.01], w_large=[0.1,0.3], anisotropic=1""}"
hetero_t__nr100000__ns100000__a1_000ep00__g1,hetero_sizes,1,100000,100000,r_tree,adaptive,300000,1,2,1,671.592,8.06931e+06,1,0,1,0,fallback_sampling,1000001,"{""build_ms"":35.766921,""enumerate_prepare_ms"":34.072444,""phase1_adaptive_count_ms"":231.116898,""phase2+3_sampling_ms"":292.484168,""run_build_ms"":35.768341,""run_fallback_count_ms"":231.119429,""run_fallback_sample_ms"":292.486047,""run_pilot_enum_prepare_ms"":34.074454,""run_pilot_enum_scan_ms"":78.001884}",,"{""dataset"":{""source"":""synthetic"",""name"":""hetero_t__nr100000__ns100000__a1_000ep00__g1"",""dim"":2,""path_r"":"""",""path_s"":"""",""synthetic"":{""generator"":""hetero_sizes"",""n_r"":100000,""n_s"":100000,""alpha"":1,""seed"":1}},""run"":{""method"":""r_tree"",""variant"":""adaptive"",""t"":300000,""seed"":1,""repeats"":3,""j_star"":1000000,""enum_cap"":0,""write_samples"":false,""verify"":false},""output"":{""out_dir"":""run/temp/exp5/hetero_t"",""run_tag"":""exp5_hetero_t""},""sys"":{""threads"":1},""logging"":{""level"":""INFO"",""with_timestamp"":true,""with_thread_id"":false}}","{""generator"":""hetero_sizes"",""dataset"":""hetero_t__nr100000__ns100000__a1_000ep00__g1"",""n_r"":100000,""n_s"":100000,""has_exact_k"":false,""k_target"":0,""k_achieved"":0,""alpha_target"":1,""alpha_achieved"":nan,""notes"":""p_large_r=0.1, w_small=[0.002,0.01], w_large=[0.1,0.3], anisotropic=1""}"
hetero_t__nr100000__ns100000__a1_000ep00__g1,hetero_sizes,1,100000,100000,r_tree,adaptive,300000,2,3,1,671.607,8.06931e+06,1,0,1,0,fallback_sampling,1000001,"{""build_ms"":35.725211,""enumerate_prepare_ms"":34.084823,""phase1_adaptive_count_ms"":230.877053,""phase2+3_sampling_ms"":292.849541,""run_build_ms"":35.726791,""run_fallback_count_ms"":230.879483,""run_fallback_sample_ms"":292.852111,""run_pilot_enum_prepare_ms"":34.087053,""run_pilot_enum_scan_ms"":77.922885}",,"{""dataset"":{""source"":""synthetic"",""name"":""hetero_t__nr100000__ns100000__a1_000ep00__g1"",""dim"":2,""path_r"":"""",""path_s"":"""",""synthetic"":{""generator"":""hetero_sizes"",""n_r"":100000,""n_s"":100000,""alpha"":1,""seed"":1}},""run"":{""method"":""r_tree"",""variant"":""adaptive"",""t"":300000,""seed"":1,""repeats"":3,""j_star"":1000000,""enum_cap"":0,""write_samples"":false,""verify"":false},""output"":{""out_dir"":""run/temp/exp5/hetero_t"",""run_tag"":""exp5_hetero_t""},""sys"":{""threads"":1},""logging"":{""level"":""INFO"",""with_timestamp"":true,""with_thread_id"":false}}","{""generator"":""hetero_sizes"",""dataset"":""hetero_t__nr100000__ns100000__a1_000ep00__g1"",""n_r"":100000,""n_s"":100000,""has_exact_k"":false,""k_target"":0,""k_achieved"":0,""alpha_target"":1,""alpha_achieved"":nan,""notes"":""p_large_r=0.1, w_small=[0.002,0.01], w_large=[0.1,0.3], anisotropic=1""}"
hetero_t__nr100000__ns100000__a1_000ep00__g1,hetero_sizes,1,100000,100000,range_tree,sampling,300000,0,1,1,2585.75,8.06931e+06,1,0,0,0,,0,"{""build_ms"":100.756109,""build_events_ms"":33.853998,""build_range_trees_ms"":34.576644,""build_rank_arrays_ms"":30.913826,""build_start_index_ms"":1.367293,""phase1_count_ms"":1265.768236,""phase2_alias_ms"":1219.191946,""phase3_sweep_ms"":1191.125945,""run_build_ms"":100.757099,""run_count_ms"":1265.770716,""run_sample_ms"":1219.193106}",,"{""dataset"":{""source"":""synthetic"",""name"":""hetero_t__nr100000__ns100000__a1_000ep00__g1"",""dim"":2,""path_r"":"""",""path_s"":"""",""synthetic"":{""generator"":""hetero_sizes"",""n_r"":100000,""n_s"":100000,""alpha"":1,""seed"":1}},""run"":{""method"":""range_tree"",""variant"":""sampling"",""t"":300000,""seed"":1,""repeats"":3,""j_star"":1000000,""enum_cap"":0,""write_samples"":false,""verify"":false},""output"":{""out_dir"":""run/temp/exp5/hetero_t"",""run_tag"":""exp5_hetero_t""},""sys"":{""threads"":1},""logging"":{""level"":""INFO"",""with_timestamp"":true,""with_thread_id"":false}}","{""generator"":""hetero_sizes"",""dataset"":""hetero_t__nr100000__ns100000__a1_000ep00__g1"",""n_r"":100000,""n_s"":100000,""has_exact_k"":false,""k_target"":0,""k_achieved"":0,""alpha_target"":1,""alpha_achieved"":nan,""notes"":""p_large_r=0.1, w_small=[0.002,0.01], w_large=[0.1,0.3], anisotropic=1""}"
hetero_t__nr100000__ns100000__a1_000ep00__g1,hetero_sizes,1,100000,100000,range_tree,sampling,300000,1,2,1,2583.84,8.06931e+06,1,0,0,0,,0,"{""build_ms"":99.613461,""build_events_ms"":33.869158,""build_range_trees_ms"":33.377897,""build_rank_arrays_ms"":30.920695,""build_start_index_ms"":1.384532,""phase1_count_ms"":1264.598637,""phase2_alias_ms"":1219.599696,""phase3_sweep_ms"":1191.876979,""run_build_ms"":99.614071,""run_count_ms"":1264.601187,""run_sample_ms"":1219.600596}",,"{""dataset"":{""source"":""synthetic"",""name"":""hetero_t__nr100000__ns100000__a1_000ep00__g1"",""dim"":2,""path_r"":"""",""path_s"":"""",""synthetic"":{""generator"":""hetero_sizes"",""n_r"":100000,""n_s"":100000,""alpha"":1,""seed"":1}},""run"":{""method"":""range_tree"",""variant"":""sampling"",""t"":300000,""seed"":1,""repeats"":3,""j_star"":1000000,""enum_cap"":0,""write_samples"":false,""verify"":false},""output"":{""out_dir"":""run/temp/exp5/hetero_t"",""run_tag"":""exp5_hetero_t""},""sys"":{""threads"":1},""logging"":{""level"":""INFO"",""with_timestamp"":true,""with_thread_id"":false}}","{""generator"":""hetero_sizes"",""dataset"":""hetero_t__nr100000__ns100000__a1_000ep00__g1"",""n_r"":100000,""n_s"":100000,""has_exact_k"":false,""k_target"":0,""k_achieved"":0,""alpha_target"":1,""alpha_achieved"":nan,""notes"":""p_large_r=0.1, w_small=[0.002,0.01], w_large=[0.1,0.3], anisotropic=1""}"
hetero_t__nr100000__ns100000__a1_000ep00__g1,hetero_sizes,1,100000,100000,range_tree,sampling,300000,2,3,1,2580.06,8.06931e+06,1,0,0,0,,0,"{""build_ms"":99.450874,""build_events_ms"":33.881977,""build_range_trees_ms"":33.183161,""build_rank_arrays_ms"":30.952054,""build_start_index_ms"":1.377413,""phase1_count_ms"":1263.468797,""phase2_alias_ms"":1217.132213,""phase3_sweep_ms"":1189.332937,""run_build_ms"":99.451424,""run_count_ms"":1263.471127,""run_sample_ms"":1217.132902}",,"{""dataset"":{""source"":""synthetic"",""name"":""hetero_t__nr100000__ns100000__a1_000ep00__g1"",""dim"":2,""path_r"":"""",""path_s"":"""",""synthetic"":{""generator"":""hetero_sizes"",""n_r"":100000,""n_s"":100000,""alpha"":1,""seed"":1}},""run"":{""method"":""range_tree"",""variant"":""sampling"",""t"":300000,""seed"":1,""repeats"":3,""j_star"":1000000,""enum_cap"":0,""write_samples"":false,""verify"":false},""output"":{""out_dir"":""run/temp/exp5/hetero_t"",""run_tag"":""exp5_hetero_t""},""sys"":{""threads"":1},""logging"":{""level"":""INFO"",""with_timestamp"":true,""with_thread_id"":false}}","{""generator"":""hetero_sizes"",""dataset"":""hetero_t__nr100000__ns100000__a1_000ep00__g1"",""n_r"":100000,""n_s"":100000,""has_exact_k"":false,""k_target"":0,""k_achieved"":0,""alpha_target"":1,""alpha_achieved"":nan,""notes"":""p_large_r=0.1, w_small=[0.002,0.01], w_large=[0.1,0.3], anisotropic=1""}"
hetero_t__nr100000__ns100000__a1_000ep00__g1,hetero_sizes,1,100000,100000,range_tree,adaptive,300000,0,1,1,3192.83,8.06931e+06,1,0,1,0,fallback_sampling,1000001,"{""adaptive_count_ms"":1383.673543,""build_ms"":101.054902,""build_events_ms"":33.887467,""build_range_trees_ms"":34.817610,""build_rank_arrays_ms"":30.932394,""build_start_index_ms"":1.369503,""enumerate_prepare_ms"":99.299687,""phase2_alias_ms"":1224.477948,""phase3_sweep_ms"":1196.112533,""run_build_ms"":101.055502,""run_fallback_count_ms"":1383.676193,""run_fallback_sample_ms"":1224.479368,""run_pilot_enum_prepare_ms"":99.302977,""run_pilot_enum_scan_ms"":384.265090}",,"{""dataset"":{""source"":""synthetic"",""name"":""hetero_t__nr100000__ns100000__a1_000ep00__g1"",""dim"":2,""path_r"":"""",""path_s"":"""",""synthetic"":{""generator"":""hetero_sizes"",""n_r"":100000,""n_s"":100000,""alpha"":1,""seed"":1}},""run"":{""method"":""range_tree"",""variant"":""adaptive"",""t"":300000,""seed"":1,""repeats"":3,""j_star"":1000000,""enum_cap"":0,""write_samples"":false,""verify"":false},""output"":{""out_dir"":""run/temp/exp5/hetero_t"",""run_tag"":""exp5_hetero_t""},""sys"":{""threads"":1},""logging"":{""level"":""INFO"",""with_timestamp"":true,""with_thread_id"":false}}","{""generator"":""hetero_sizes"",""dataset"":""hetero_t__nr100000__ns100000__a1_000ep00__g1"",""n_r"":100000,""n_s"":100000,""has_exact_k"":false,""k_target"":0,""k_achieved"":0,""alpha_target"":1,""alpha_achieved"":nan,""notes"":""p_large_r=0.1, w_small=[0.002,0.01], w_large=[0.1,0.3], anisotropic=1""}"
hetero_t__nr100000__ns100000__a1_000ep00__g1,hetero_sizes,1,100000,100000,range_tree,adaptive,300000,1,2,1,3183.36,8.06931e+06,1,0,1,0,fallback_sampling,1000001,"{""adaptive_count_ms"":1381.832507,""build_ms"":99.298967,""build_events_ms"":33.807218,""build_range_trees_ms"":33.153172,""build_rank_arrays_ms"":30.901405,""build_start_index_ms"":1.375253,""enumerate_prepare_ms"":99.280637,""phase2_alias_ms"":1219.178099,""phase3_sweep_ms"":1190.958821,""run_build_ms"":99.299527,""run_fallback_count_ms"":1381.835036,""run_fallback_sample_ms"":1219.178979,""run_pilot_enum_prepare_ms"":99.283557,""run_pilot_enum_scan_ms"":383.709080}",,"{""dataset"":{""source"":""synthetic"",""name"":""hetero_t__nr100000__ns100000__a1_000ep00__g1"",""dim"":2,""path_r"":"""",""path_s"":"""",""synthetic"":{""generator"":""hetero_sizes"",""n_r"":100000,""n_s"":100000,""alpha"":1,""seed"":1}},""run"":{""method"":""range_tree"",""variant"":""adaptive"",""t"":300000,""seed"":1,""repeats"":3,""j_star"":1000000,""enum_cap"":0,""write_samples"":false,""verify"":false},""output"":{""out_dir"":""run/temp/exp5/hetero_t"",""run_tag"":""exp5_hetero_t""},""sys"":{""threads"":1},""logging"":{""level"":""INFO"",""with_timestamp"":true,""with_thread_id"":false}}","{""generator"":""hetero_sizes"",""dataset"":""hetero_t__nr100000__ns100000__a1_000ep00__g1"",""n_r"":100000,""n_s"":100000,""has_exact_k"":false,""k_target"":0,""k_achieved"":0,""alpha_target"":1,""alpha_achieved"":nan,""notes"":""p_large_r=0.1, w_small=[0.002,0.01], w_large=[0.1,0.3], anisotropic=1""}"
hetero_t__nr100000__ns100000__a1_000ep00__g1,hetero_sizes,1,100000,100000,range_tree,adaptive,300000,2,3,1,3181.98,8.06931e+06,1,0,1,0,fallback_sampling,1000001,"{""adaptive_count_ms"":1381.950102,""build_ms"":99.385185,""build_events_ms"":33.900067,""build_range_trees_ms"":33.104152,""build_rank_arrays_ms"":30.942904,""build_start_index_ms"":1.381533,""enumerate_prepare_ms"":99.210859,""phase2_alias_ms"":1217.997540,""phase3_sweep_ms"":1189.590126,""run_build_ms"":99.385885,""run_fallback_count_ms"":1381.953042,""run_fallback_sample_ms"":1217.998820,""run_pilot_enum_prepare_ms"":99.213278,""run_pilot_enum_scan_ms"":383.376046}",,"{""dataset"":{""source"":""synthetic"",""name"":""hetero_t__nr100000__ns100000__a1_000ep00__g1"",""dim"":2,""path_r"":"""",""path_s"":"""",""synthetic"":{""generator"":""hetero_sizes"",""n_r"":100000,""n_s"":100000,""alpha"":1,""seed"":1}},""run"":{""method"":""range_tree"",""variant"":""adaptive"",""t"":300000,""seed"":1,""repeats"":3,""j_star"":1000000,""enum_cap"":0,""write_samples"":false,""verify"":false},""output"":{""out_dir"":""run/temp/exp5/hetero_t"",""run_tag"":""exp5_hetero_t""},""sys"":{""threads"":1},""logging"":{""level"":""INFO"",""with_timestamp"":true,""with_thread_id"":false}}","{""generator"":""hetero_sizes"",""dataset"":""hetero_t__nr100000__ns100000__a1_000ep00__g1"",""n_r"":100000,""n_s"":100000,""has_exact_k"":false,""k_target"":0,""k_achieved"":0,""alpha_target"":1,""alpha_achieved"":nan,""notes"":""p_large_r=0.1, w_small=[0.002,0.01], w_large=[0.1,0.3], anisotropic=1""}"
hetero_t__nr100000__ns100000__a1_000ep00__g1,hetero_sizes,1,100000,100000,pbsm,sampling,300000,0,1,1,947.967,8.06931e+06,1,0,0,0,,0,"{""build_ms"":22.215855,""pbsm_build_ms"":22.215235,""pbsm_count_pass1_ms"":443.410021,""pbsm_partitions_stripes_ms"":21.869472,""pbsm_sample_draw_ranks_ms"":19.084967,""pbsm_sample_pass2_select_ms"":463.063168,""run_build_ms"":22.216265,""run_count_ms"":443.413291,""run_sample_ms"":482.334989}",,"{""dataset"":{""source"":""synthetic"",""name"":""hetero_t__nr100000__ns100000__a1_000ep00__g1"",""dim"":2,""path_r"":"""",""path_s"":"""",""synthetic"":{""generator"":""hetero_sizes"",""n_r"":100000,""n_s"":100000,""alpha"":1,""seed"":1}},""run"":{""method"":""pbsm"",""variant"":""sampling"",""t"":300000,""seed"":1,""repeats"":3,""j_star"":1000000,""enum_cap"":0,""write_samples"":false,""verify"":false},""output"":{""out_dir"":""run/temp/exp5/hetero_t"",""run_tag"":""exp5_hetero_t""},""sys"":{""threads"":1},""logging"":{""level"":""INFO"",""with_timestamp"":true,""with_thread_id"":false}}","{""generator"":""hetero_sizes"",""dataset"":""hetero_t__nr100000__ns100000__a1_000ep00__g1"",""n_r"":100000,""n_s"":100000,""has_exact_k"":false,""k_target"":0,""k_achieved"":0,""alpha_target"":1,""alpha_achieved"":nan,""notes"":""p_large_r=0.1, w_small=[0.002,0.01], w_large=[0.1,0.3], anisotropic=1""}"
hetero_t__nr100000__ns100000__a1_000ep00__g1,hetero_sizes,1,100000,100000,pbsm,sampling,300000,1,2,1,952.382,8.06931e+06,1,0,0,0,,0,"{""build_ms"":21.852952,""pbsm_build_ms"":21.852642,""pbsm_count_pass1_ms"":444.400342,""pbsm_partitions_stripes_ms"":21.508178,""pbsm_sample_draw_ranks_ms"":18.872841,""pbsm_sample_pass2_select_ms"":467.044217,""run_build_ms"":21.853352,""run_count_ms"":444.403042,""run_sample_ms"":486.105875}",,"{""dataset"":{""source"":""synthetic"",""name"":""hetero_t__nr100000__ns100000__a1_000ep00__g1"",""dim"":2,""path_r"":"""",""path_s"":"""",""synthetic"":{""generator"":""hetero_sizes"",""n_r"":100000,""n_s"":100000,""alpha"":1,""seed"":1}},""run"":{""method"":""pbsm"",""variant"":""sampling"",""t"":300000,""seed"":1,""repeats"":3,""j_star"":1000000,""enum_cap"":0,""write_samples"":false,""verify"":false},""output"":{""out_dir"":""run/temp/exp5/hetero_t"",""run_tag"":""exp5_hetero_t""},""sys"":{""threads"":1},""logging"":{""level"":""INFO"",""with_timestamp"":true,""with_thread_id"":false}}","{""generator"":""hetero_sizes"",""dataset"":""hetero_t__nr100000__ns100000__a1_000ep00__g1"",""n_r"":100000,""n_s"":100000,""has_exact_k"":false,""k_target"":0,""k_achieved"":0,""alpha_target"":1,""alpha_achieved"":nan,""notes"":""p_large_r=0.1, w_small=[0.002,0.01], w_large=[0.1,0.3], anisotropic=1""}"
hetero_t__nr100000__ns100000__a1_000ep00__g1,hetero_sizes,1,100000,100000,pbsm,sampling,300000,2,3,1,964.399,8.06931e+06,1,0,0,0,,0,"{""build_ms"":21.801023,""pbsm_build_ms"":21.800553,""pbsm_count_pass1_ms"":450.952663,""pbsm_partitions_stripes_ms"":21.453230,""pbsm_sample_draw_ranks_ms"":19.062727,""pbsm_sample_pass2_select_ms"":472.383653,""run_build_ms"":21.801534,""run_count_ms"":450.954942,""run_sample_ms"":491.637496}",,"{""dataset"":{""source"":""synthetic"",""name"":""hetero_t__nr100000__ns100000__a1_000ep00__g1"",""dim"":2,""path_r"":"""",""path_s"":"""",""synthetic"":{""generator"":""hetero_sizes"",""n_r"":100000,""n_s"":100000,""alpha"":1,""seed"":1}},""run"":{""method"":""pbsm"",""variant"":""sampling"",""t"":300000,""seed"":1,""repeats"":3,""j_star"":1000000,""enum_cap"":0,""write_samples"":false,""verify"":false},""output"":{""out_dir"":""run/temp/exp5/hetero_t"",""run_tag"":""exp5_hetero_t""},""sys"":{""threads"":1},""logging"":{""level"":""INFO"",""with_timestamp"":true,""with_thread_id"":false}}","{""generator"":""hetero_sizes"",""dataset"":""hetero_t__nr100000__ns100000__a1_000ep00__g1"",""n_r"":100000,""n_s"":100000,""has_exact_k"":false,""k_target"":0,""k_achieved"":0,""alpha_target"":1,""alpha_achieved"":nan,""notes"":""p_large_r=0.1, w_small=[0.002,0.01], w_large=[0.1,0.3], anisotropic=1""}"
hetero_t__nr100000__ns100000__a1_000ep00__g1,hetero_sizes,1,100000,100000,pbsm,adaptive,300000,0,1,1,1046.93,8.06931e+06,1,0,1,0,fallback_sampling,1000001,"{""build_ms"":21.798294,""enumerate_prepare_ms"":0.000260,""pbsm_adaptive_pass1_ms"":463.034436,""pbsm_adaptive_sample_large_ms"":495.681427,""pbsm_build_ms"":21.797904,""pbsm_partitions_stripes_ms"":21.454050,""run_build_ms"":21.799004,""run_fallback_count_ms"":463.038745,""run_fallback_sample_ms"":495.696136,""run_pilot_enum_prepare_ms"":0.000900,""run_pilot_enum_scan_ms"":66.364262}",,"{""dataset"":{""source"":""synthetic"",""name"":""hetero_t__nr100000__ns100000__a1_000ep00__g1"",""dim"":2,""path_r"":"""",""path_s"":"""",""synthetic"":{""generator"":""hetero_sizes"",""n_r"":100000,""n_s"":100000,""alpha"":1,""seed"":1}},""run"":{""method"":""pbsm"",""variant"":""adaptive"",""t"":300000,""seed"":1,""repeats"":3,""j_star"":1000000,""enum_cap"":0,""write_samples"":false,""verify"":false},""output"":{""out_dir"":""run/temp/exp5/hetero_t"",""run_tag"":""exp5_hetero_t""},""sys"":{""threads"":1},""logging"":{""level"":""INFO"",""with_timestamp"":true,""with_thread_id"":false}}","{""generator"":""hetero_sizes"",""dataset"":""hetero_t__nr100000__ns100000__a1_000ep00__g1"",""n_r"":100000,""n_s"":100000,""has_exact_k"":false,""k_target"":0,""k_achieved"":0,""alpha_target"":1,""alpha_achieved"":nan,""notes"":""p_large_r=0.1, w_small=[0.002,0.01], w_large=[0.1,0.3], anisotropic=1""}"
hetero_t__nr100000__ns100000__a1_000ep00__g1,hetero_sizes,1,100000,100000,pbsm,adaptive,300000,1,2,1,1046.81,8.06931e+06,1,0,1,0,fallback_sampling,1000001,"{""build_ms"":21.819884,""enumerate_prepare_ms"":0.000260,""pbsm_adaptive_pass1_ms"":462.665923,""pbsm_adaptive_sample_large_ms"":495.424412,""pbsm_build_ms"":21.819434,""pbsm_partitions_stripes_ms"":21.475550,""run_build_ms"":21.820504,""run_fallback_count_ms"":462.669203,""run_fallback_sample_ms"":495.441451,""run_pilot_enum_prepare_ms"":0.000600,""run_pilot_enum_scan_ms"":66.848632}",,"{""dataset"":{""source"":""synthetic"",""name"":""hetero_t__nr100000__ns100000__a1_000ep00__g1"",""dim"":2,""path_r"":"""",""path_s"":"""",""synthetic"":{""generator"":""hetero_sizes"",""n_r"":100000,""n_s"":100000,""alpha"":1,""seed"":1}},""run"":{""method"":""pbsm"",""variant"":""adaptive"",""t"":300000,""seed"":1,""repeats"":3,""j_star"":1000000,""enum_cap"":0,""write_samples"":false,""verify"":false},""output"":{""out_dir"":""run/temp/exp5/hetero_t"",""run_tag"":""exp5_hetero_t""},""sys"":{""threads"":1},""logging"":{""level"":""INFO"",""with_timestamp"":true,""with_thread_id"":false}}","{""generator"":""hetero_sizes"",""dataset"":""hetero_t__nr100000__ns100000__a1_000ep00__g1"",""n_r"":100000,""n_s"":100000,""has_exact_k"":false,""k_target"":0,""k_achieved"":0,""alpha_target"":1,""alpha_achieved"":nan,""notes"":""p_large_r=0.1, w_small=[0.002,0.01], w_large=[0.1,0.3], anisotropic=1""}"
hetero_t__nr100000__ns100000__a1_000ep00__g1,hetero_sizes,1,100000,100000,pbsm,adaptive,300000,2,3,1,1048.47,8.06931e+06,1,0,1,0,fallback_sampling,1000001,"{""build_ms"":21.826393,""enumerate_prepare_ms"":0.000180,""pbsm_adaptive_pass1_ms"":462.743911,""pbsm_adaptive_sample_large_ms"":496.784135,""pbsm_build_ms"":21.825993,""pbsm_partitions_stripes_ms"":21.481189,""run_build_ms"":21.826853,""run_fallback_count_ms"":462.747721,""run_fallback_sample_ms"":496.802314,""run_pilot_enum_prepare_ms"":0.000800,""run_pilot_enum_scan_ms"":67.064067}",,"{""dataset"":{""source"":""synthetic"",""name"":""hetero_t__nr100000__ns100000__a1_000ep00__g1"",""dim"":2,""path_r"":"""",""path_s"":"""",""synthetic"":{""generator"":""hetero_sizes"",""n_r"":100000,""n_s"":100000,""alpha"":1,""seed"":1}},""run"":{""method"":""pbsm"",""variant"":""adaptive"",""t"":300000,""seed"":1,""repeats"":3,""j_star"":1000000,""enum_cap"":0,""write_samples"":false,""verify"":false},""output"":{""out_dir"":""run/temp/exp5/hetero_t"",""run_tag"":""exp5_hetero_t""},""sys"":{""threads"":1},""logging"":{""level"":""INFO"",""with_timestamp"":true,""with_thread_id"":false}}","{""generator"":""hetero_sizes"",""dataset"":""hetero_t__nr100000__ns100000__a1_000ep00__g1"",""n_r"":100000,""n_s"":100000,""has_exact_k"":false,""k_target"":0,""k_achieved"":0,""alpha_target"":1,""alpha_achieved"":nan,""notes"":""p_large_r=0.1, w_small=[0.002,0.01], w_large=[0.1,0.3], anisotropic=1""}"
hetero_t__nr100000__ns100000__a1_000ep00__g1,hetero_sizes,1,100000,100000,tlsop,sampling,300000,0,1,1,328.248,8.06931e+06,1,0,0,0,,0,"{""build_ms"":33.483894,""run_build_ms"":33.484684,""run_count_ms"":131.977606,""run_sample_ms"":162.771024,""tlsop_alloc_tiles_ms"":0.066649,""tlsop_build_ms"":33.482954,""tlsop_build_edges_ms"":0.000310,""tlsop_count_pass1_ms"":131.974076,""tlsop_pass1_count_caps_ms"":6.538042,""tlsop_pass1_reserve_ms"":0.525950,""tlsop_pass2_fill_ms"":8.072942,""tlsop_sample_draw_ranks_ms"":18.992569,""tlsop_sample_pass2_select_ms"":143.590649,""tlsop_sort_lists_ms"":18.265642}",,"{""dataset"":{""source"":""synthetic"",""name"":""hetero_t__nr100000__ns100000__a1_000ep00__g1"",""dim"":2,""path_r"":"""",""path_s"":"""",""synthetic"":{""generator"":""hetero_sizes"",""n_r"":100000,""n_s"":100000,""alpha"":1,""seed"":1}},""run"":{""method"":""tlsop"",""variant"":""sampling"",""t"":300000,""seed"":1,""repeats"":3,""j_star"":1000000,""enum_cap"":0,""write_samples"":false,""verify"":false},""output"":{""out_dir"":""run/temp/exp5/hetero_t"",""run_tag"":""exp5_hetero_t""},""sys"":{""threads"":1},""logging"":{""level"":""INFO"",""with_timestamp"":true,""with_thread_id"":false}}","{""generator"":""hetero_sizes"",""dataset"":""hetero_t__nr100000__ns100000__a1_000ep00__g1"",""n_r"":100000,""n_s"":100000,""has_exact_k"":false,""k_target"":0,""k_achieved"":0,""alpha_target"":1,""alpha_achieved"":nan,""notes"":""p_large_r=0.1, w_small=[0.002,0.01], w_large=[0.1,0.3], anisotropic=1""}"
hetero_t__nr100000__ns100000__a1_000ep00__g1,hetero_sizes,1,100000,100000,tlsop,sampling,300000,1,2,1,329.24,8.06931e+06,1,0,0,0,,0,"{""build_ms"":33.888107,""run_build_ms"":33.888807,""run_count_ms"":131.960736,""run_sample_ms"":162.811333,""tlsop_alloc_tiles_ms"":0.061879,""tlsop_build_ms"":33.887257,""tlsop_build_edges_ms"":0.000400,""tlsop_count_pass1_ms"":131.957176,""tlsop_pass1_count_caps_ms"":6.535032,""tlsop_pass1_reserve_ms"":0.480060,""tlsop_pass2_fill_ms"":8.071393,""tlsop_sample_draw_ranks_ms"":18.869360,""tlsop_sample_pass2_select_ms"":143.756146,""tlsop_sort_lists_ms"":18.283323}",,"{""dataset"":{""source"":""synthetic"",""name"":""hetero_t__nr100000__ns100000__a1_000ep00__g1"",""dim"":2,""path_r"":"""",""path_s"":"""",""synthetic"":{""generator"":""hetero_sizes"",""n_r"":100000,""n_s"":100000,""alpha"":1,""seed"":1}},""run"":{""method"":""tlsop"",""variant"":""sampling"",""t"":300000,""seed"":1,""repeats"":3,""j_star"":1000000,""enum_cap"":0,""write_samples"":false,""verify"":false},""output"":{""out_dir"":""run/temp/exp5/hetero_t"",""run_tag"":""exp5_hetero_t""},""sys"":{""threads"":1},""logging"":{""level"":""INFO"",""with_timestamp"":true,""with_thread_id"":false}}","{""generator"":""hetero_sizes"",""dataset"":""hetero_t__nr100000__ns100000__a1_000ep00__g1"",""n_r"":100000,""n_s"":100000,""has_exact_k"":false,""k_target"":0,""k_achieved"":0,""alpha_target"":1,""alpha_achieved"":nan,""notes"":""p_large_r=0.1, w_small=[0.002,0.01], w_large=[0.1,0.3], anisotropic=1""}"
hetero_t__nr100000__ns100000__a1_000ep00__g1,hetero_sizes,1,100000,100000,tlsop,sampling,300000,2,3,1,330.001,8.06931e+06,1,0,0,0,,0,"{""build_ms"":33.881126,""run_build_ms"":33.881626,""run_count_ms"":132.310260,""run_sample_ms"":163.255994,""tlsop_alloc_tiles_ms"":0.061639,""tlsop_build_ms"":33.880406,""tlsop_build_edges_ms"":0.000680,""tlsop_count_pass1_ms"":132.306850,""tlsop_pass1_count_caps_ms"":6.515012,""tlsop_pass1_reserve_ms"":0.484831,""tlsop_pass2_fill_ms"":8.069272,""tlsop_sample_draw_ranks_ms"":19.072496,""tlsop_sample_pass2_select_ms"":143.998341,""tlsop_sort_lists_ms"":18.293261}",,"{""dataset"":{""source"":""synthetic"",""name"":""hetero_t__nr100000__ns100000__a1_000ep00__g1"",""dim"":2,""path_r"":"""",""path_s"":"""",""synthetic"":{""generator"":""hetero_sizes"",""n_r"":100000,""n_s"":100000,""alpha"":1,""seed"":1}},""run"":{""method"":""tlsop"",""variant"":""sampling"",""t"":300000,""seed"":1,""repeats"":3,""j_star"":1000000,""enum_cap"":0,""write_samples"":false,""verify"":false},""output"":{""out_dir"":""run/temp/exp5/hetero_t"",""run_tag"":""exp5_hetero_t""},""sys"":{""threads"":1},""logging"":{""level"":""INFO"",""with_timestamp"":true,""with_thread_id"":false}}","{""generator"":""hetero_sizes"",""dataset"":""hetero_t__nr100000__ns100000__a1_000ep00__g1"",""n_r"":100000,""n_s"":100000,""has_exact_k"":false,""k_target"":0,""k_achieved"":0,""alpha_target"":1,""alpha_achieved"":nan,""notes"":""p_large_r=0.1, w_small=[0.002,0.01], w_large=[0.1,0.3], anisotropic=1""}"
hetero_t__nr100000__ns100000__a1_000ep00__g1,hetero_sizes,1,100000,100000,tlsop,adaptive,300000,0,1,1,351.966,8.06931e+06,1,0,1,0,fallback_sampling,1000001,"{""build_ms"":33.510614,""enumerate_prepare_ms"":0.012990,""run_build_ms"":33.511164,""run_fallback_count_ms"":135.750152,""run_fallback_sample_ms"":162.855932,""run_pilot_enum_prepare_ms"":0.013649,""run_pilot_enum_scan_ms"":19.815082,""tlsop_adaptive_pass1_ms"":135.739272,""tlsop_adaptive_sample_large_ms"":162.838312,""tlsop_alloc_tiles_ms"":0.073688,""tlsop_build_ms"":33.509504,""tlsop_build_edges_ms"":0.000450,""tlsop_pass1_count_caps_ms"":6.534052,""tlsop_pass1_reserve_ms"":0.474811,""tlsop_pass2_fill_ms"":8.091891,""tlsop_sort_lists_ms"":18.322862}",,"{""dataset"":{""source"":""synthetic"",""name"":""hetero_t__nr100000__ns100000__a1_000ep00__g1"",""dim"":2,""path_r"":"""",""path_s"":"""",""synthetic"":{""generator"":""hetero_sizes"",""n_r"":100000,""n_s"":100000,""alpha"":1,""seed"":1}},""run"":{""method"":""tlsop"",""variant"":""adaptive"",""t"":300000,""seed"":1,""repeats"":3,""j_star"":1000000,""enum_cap"":0,""write_samples"":false,""verify"":false},""output"":{""out_dir"":""run/temp/exp5/hetero_t"",""run_tag"":""exp5_hetero_t""},""sys"":{""threads"":1},""logging"":{""level"":""INFO"",""with_timestamp"":true,""with_thread_id"":false}}","{""generator"":""hetero_sizes"",""dataset"":""hetero_t__nr100000__ns100000__a1_000ep00__g1"",""n_r"":100000,""n_s"":100000,""has_exact_k"":false,""k_target"":0,""k_achieved"":0,""alpha_target"":1,""alpha_achieved"":nan,""notes"":""p_large_r=0.1, w_small=[0.002,0.01], w_large=[0.1,0.3], anisotropic=1""}"
hetero_t__nr100000__ns100000__a1_000ep00__g1,hetero_sizes,1,100000,100000,tlsop,adaptive,300000,1,2,1,352.957,8.06931e+06,1,0,1,0,fallback_sampling,1000001,"{""build_ms"":33.877177,""enumerate_prepare_ms"":0.012060,""run_build_ms"":33.877587,""run_fallback_count_ms"":135.945618,""run_fallback_sample_ms"":162.735364,""run_pilot_enum_prepare_ms"":0.012720,""run_pilot_enum_scan_ms"":19.816832,""tlsop_adaptive_pass1_ms"":135.934738,""tlsop_adaptive_sample_large_ms"":162.718814,""tlsop_alloc_tiles_ms"":0.061839,""tlsop_build_ms"":33.876447,""tlsop_build_edges_ms"":0.000640,""tlsop_pass1_count_caps_ms"":6.519993,""tlsop_pass1_reserve_ms"":0.477050,""tlsop_pass2_fill_ms"":8.068112,""tlsop_sort_lists_ms"":18.288152}",,"{""dataset"":{""source"":""synthetic"",""name"":""hetero_t__nr100000__ns100000__a1_000ep00__g1"",""dim"":2,""path_r"":"""",""path_s"":"""",""synthetic"":{""generator"":""hetero_sizes"",""n_r"":100000,""n_s"":100000,""alpha"":1,""seed"":1}},""run"":{""method"":""tlsop"",""variant"":""adaptive"",""t"":300000,""seed"":1,""repeats"":3,""j_star"":1000000,""enum_cap"":0,""write_samples"":false,""verify"":false},""output"":{""out_dir"":""run/temp/exp5/hetero_t"",""run_tag"":""exp5_hetero_t""},""sys"":{""threads"":1},""logging"":{""level"":""INFO"",""with_timestamp"":true,""with_thread_id"":false}}","{""generator"":""hetero_sizes"",""dataset"":""hetero_t__nr100000__ns100000__a1_000ep00__g1"",""n_r"":100000,""n_s"":100000,""has_exact_k"":false,""k_target"":0,""k_achieved"":0,""alpha_target"":1,""alpha_achieved"":nan,""notes"":""p_large_r=0.1, w_small=[0.002,0.01], w_large=[0.1,0.3], anisotropic=1""}"
hetero_t__nr100000__ns100000__a1_000ep00__g1,hetero_sizes,1,100000,100000,tlsop,adaptive,300000,2,3,1,352.41,8.06931e+06,1,0,1,0,fallback_sampling,1000001,"{""build_ms"":33.894967,""enumerate_prepare_ms"":0.012360,""run_build_ms"":33.895577,""run_fallback_count_ms"":135.384030,""run_fallback_sample_ms"":162.864252,""run_pilot_enum_prepare_ms"":0.013070,""run_pilot_enum_scan_ms"":19.692264,""tlsop_adaptive_pass1_ms"":135.373051,""tlsop_adaptive_sample_large_ms"":162.847791,""tlsop_alloc_tiles_ms"":0.061719,""tlsop_build_ms"":33.894266,""tlsop_build_edges_ms"":0.000400,""tlsop_pass1_count_caps_ms"":6.524003,""tlsop_pass1_reserve_ms"":0.481961,""tlsop_pass2_fill_ms"":8.055131,""tlsop_sort_lists_ms"":18.314341}",,"{""dataset"":{""source"":""synthetic"",""name"":""hetero_t__nr100000__ns100000__a1_000ep00__g1"",""dim"":2,""path_r"":"""",""path_s"":"""",""synthetic"":{""generator"":""hetero_sizes"",""n_r"":100000,""n_s"":100000,""alpha"":1,""seed"":1}},""run"":{""method"":""tlsop"",""variant"":""adaptive"",""t"":300000,""seed"":1,""repeats"":3,""j_star"":1000000,""enum_cap"":0,""write_samples"":false,""verify"":false},""output"":{""out_dir"":""run/temp/exp5/hetero_t"",""run_tag"":""exp5_hetero_t""},""sys"":{""threads"":1},""logging"":{""level"":""INFO"",""with_timestamp"":true,""with_thread_id"":false}}","{""generator"":""hetero_sizes"",""dataset"":""hetero_t__nr100000__ns100000__a1_000ep00__g1"",""n_r"":100000,""n_s"":100000,""has_exact_k"":false,""k_target"":0,""k_achieved"":0,""alpha_target"":1,""alpha_achieved"":nan,""notes"":""p_large_r=0.1, w_small=[0.002,0.01], w_large=[0.1,0.3], anisotropic=1""}"
hetero_t__nr100000__ns100000__a1_000ep00__g1,hetero_sizes,1,100000,100000,sirs,sampling,300000,0,1,1,2792.7,8.06931e+06,1,0,0,0,,0,"{""build_ms"":123.033161,""count_ms"":1130.655414,""run_build_ms"":123.033761,""run_count_ms"":1130.658005,""run_sample_ms"":1539.001608,""sample_ms"":1538.999097,""sirs_build_index_ms"":123.032571,""sirs_build_kd_ms"":11.265210,""sirs_embed_inner_ms"":55.790278,""sirs_phase1_degrees_ms"":1130.653094,""sirs_rank_axes_ms"":55.972154}",,"{""dataset"":{""source"":""synthetic"",""name"":""hetero_t__nr100000__ns100000__a1_000ep00__g1"",""dim"":2,""path_r"":"""",""path_s"":"""",""synthetic"":{""generator"":""hetero_sizes"",""n_r"":100000,""n_s"":100000,""alpha"":1,""seed"":1}},""run"":{""method"":""sirs"",""variant"":""sampling"",""t"":300000,""seed"":1,""repeats"":3,""j_star"":1000000,""enum_cap"":0,""write_samples"":false,""verify"":false},""output"":{""out_dir"":""run/temp/exp5/hetero_t"",""run_tag"":""exp5_hetero_t""},""sys"":{""threads"":1},""logging"":{""level"":""INFO"",""with_timestamp"":true,""with_thread_id"":false}}","{""generator"":""hetero_sizes"",""dataset"":""hetero_t__nr100000__ns100000__a1_000ep00__g1"",""n_r"":100000,""n_s"":100000,""has_exact_k"":false,""k_target"":0,""k_achieved"":0,""alpha_target"":1,""alpha_achieved"":nan,""notes"":""p_large_r=0.1, w_small=[0.002,0.01], w_large=[0.1,0.3], anisotropic=1""}"
hetero_t__nr100000__ns100000__a1_000ep00__g1,hetero_sizes,1,100000,100000,sirs,sampling,300000,1,2,1,2787.88,8.06931e+06,1,0,0,0,,0,"{""build_ms"":122.508171,""count_ms"":1124.931525,""run_build_ms"":122.508811,""run_count_ms"":1124.932815,""run_sample_ms"":1540.436558,""sample_ms"":1540.434748,""sirs_build_index_ms"":122.507711,""sirs_build_kd_ms"":11.161061,""sirs_embed_inner_ms"":55.834837,""sirs_phase1_degrees_ms"":1124.929915,""sirs_rank_axes_ms"":55.506623}",,"{""dataset"":{""source"":""synthetic"",""name"":""hetero_t__nr100000__ns100000__a1_000ep00__g1"",""dim"":2,""path_r"":"""",""path_s"":"""",""synthetic"":{""generator"":""hetero_sizes"",""n_r"":100000,""n_s"":100000,""alpha"":1,""seed"":1}},""run"":{""method"":""sirs"",""variant"":""sampling"",""t"":300000,""seed"":1,""repeats"":3,""j_star"":1000000,""enum_cap"":0,""write_samples"":false,""verify"":false},""output"":{""out_dir"":""run/temp/exp5/hetero_t"",""run_tag"":""exp5_hetero_t""},""sys"":{""threads"":1},""logging"":{""level"":""INFO"",""with_timestamp"":true,""with_thread_id"":false}}","{""generator"":""hetero_sizes"",""dataset"":""hetero_t__nr100000__ns100000__a1_000ep00__g1"",""n_r"":100000,""n_s"":100000,""has_exact_k"":false,""k_target"":0,""k_achieved"":0,""alpha_target"":1,""alpha_achieved"":nan,""notes"":""p_large_r=0.1, w_small=[0.002,0.01], w_large=[0.1,0.3], anisotropic=1""}"
hetero_t__nr100000__ns100000__a1_000ep00__g1,hetero_sizes,1,100000,100000,sirs,sampling,300000,2,3,1,2786.2,8.06931e+06,1,0,0,0,,0,"{""build_ms"":122.549320,""count_ms"":1125.005001,""run_build_ms"":122.550000,""run_count_ms"":1125.006731,""run_sample_ms"":1538.642261,""sample_ms"":1538.639931,""sirs_build_index_ms"":122.548710,""sirs_build_kd_ms"":11.153522,""sirs_embed_inner_ms"":55.802747,""sirs_phase1_degrees_ms"":1125.003081,""sirs_rank_axes_ms"":55.586752}",,"{""dataset"":{""source"":""synthetic"",""name"":""hetero_t__nr100000__ns100000__a1_000ep00__g1"",""dim"":2,""path_r"":"""",""path_s"":"""",""synthetic"":{""generator"":""hetero_sizes"",""n_r"":100000,""n_s"":100000,""alpha"":1,""seed"":1}},""run"":{""method"":""sirs"",""variant"":""sampling"",""t"":300000,""seed"":1,""repeats"":3,""j_star"":1000000,""enum_cap"":0,""write_samples"":false,""verify"":false},""output"":{""out_dir"":""run/temp/exp5/hetero_t"",""run_tag"":""exp5_hetero_t""},""sys"":{""threads"":1},""logging"":{""level"":""INFO"",""with_timestamp"":true,""with_thread_id"":false}}","{""generator"":""hetero_sizes"",""dataset"":""hetero_t__nr100000__ns100000__a1_000ep00__g1"",""n_r"":100000,""n_s"":100000,""has_exact_k"":false,""k_target"":0,""k_achieved"":0,""alpha_target"":1,""alpha_achieved"":nan,""notes"":""p_large_r=0.1, w_small=[0.002,0.01], w_large=[0.1,0.3], anisotropic=1""}"
hetero_t__nr100000__ns100000__a1_000ep00__g1,hetero_sizes,1,100000,100000,sirs,adaptive,300000,0,1,1,3017.24,8.06931e+06,1,0,1,0,fallback_sampling,1000001,"{""build_ms"":123.213227,""count_ms"":1153.327085,""run_build_ms"":123.213797,""run_fallback_count_ms"":1153.330155,""run_fallback_sample_ms"":1544.717139,""run_pilot_enum_prepare_ms"":0.000510,""run_pilot_enum_scan_ms"":195.954032,""sample_ms"":1544.714699,""sirs_build_index_ms"":123.212037,""sirs_build_kd_ms"":11.333738,""sirs_embed_inner_ms"":55.888116,""sirs_rank_axes_ms"":55.983603}",,"{""dataset"":{""source"":""synthetic"",""name"":""hetero_t__nr100000__ns100000__a1_000ep00__g1"",""dim"":2,""path_r"":"""",""path_s"":"""",""synthetic"":{""generator"":""hetero_sizes"",""n_r"":100000,""n_s"":100000,""alpha"":1,""seed"":1}},""run"":{""method"":""sirs"",""variant"":""adaptive"",""t"":300000,""seed"":1,""repeats"":3,""j_star"":1000000,""enum_cap"":0,""write_samples"":false,""verify"":false},""output"":{""out_dir"":""run/temp/exp5/hetero_t"",""run_tag"":""exp5_hetero_t""},""sys"":{""threads"":1},""logging"":{""level"":""INFO"",""with_timestamp"":true,""with_thread_id"":false}}","{""generator"":""hetero_sizes"",""dataset"":""hetero_t__nr100000__ns100000__a1_000ep00__g1"",""n_r"":100000,""n_s"":100000,""has_exact_k"":false,""k_target"":0,""k_achieved"":0,""alpha_target"":1,""alpha_achieved"":nan,""notes"":""p_large_r=0.1, w_small=[0.002,0.01], w_large=[0.1,0.3], anisotropic=1""}"
hetero_t__nr100000__ns100000__a1_000ep00__g1,hetero_sizes,1,100000,100000,sirs,adaptive,300000,1,2,1,3017.01,8.06931e+06,1,0,1,0,fallback_sampling,1000001,"{""build_ms"":122.501011,""count_ms"":1152.997699,""run_build_ms"":122.501681,""run_fallback_count_ms"":1153.000179,""run_fallback_sample_ms"":1545.535461,""run_pilot_enum_prepare_ms"":0.000650,""run_pilot_enum_scan_ms"":195.929304,""sample_ms"":1545.532701,""sirs_build_index_ms"":122.500341,""sirs_build_kd_ms"":11.147841,""sirs_embed_inner_ms"":55.828337,""sirs_rank_axes_ms"":55.518143}",,"{""dataset"":{""source"":""synthetic"",""name"":""hetero_t__nr100000__ns100000__a1_000ep00__g1"",""dim"":2,""path_r"":"""",""path_s"":"""",""synthetic"":{""generator"":""hetero_sizes"",""n_r"":100000,""n_s"":100000,""alpha"":1,""seed"":1}},""run"":{""method"":""sirs"",""variant"":""adaptive"",""t"":300000,""seed"":1,""repeats"":3,""j_star"":1000000,""enum_cap"":0,""write_samples"":false,""verify"":false},""output"":{""out_dir"":""run/temp/exp5/hetero_t"",""run_tag"":""exp5_hetero_t""},""sys"":{""threads"":1},""logging"":{""level"":""INFO"",""with_timestamp"":true,""with_thread_id"":false}}","{""generator"":""hetero_sizes"",""dataset"":""hetero_t__nr100000__ns100000__a1_000ep00__g1"",""n_r"":100000,""n_s"":100000,""has_exact_k"":false,""k_target"":0,""k_achieved"":0,""alpha_target"":1,""alpha_achieved"":nan,""notes"":""p_large_r=0.1, w_small=[0.002,0.01], w_large=[0.1,0.3], anisotropic=1""}"
hetero_t__nr100000__ns100000__a1_000ep00__g1,hetero_sizes,1,100000,100000,sirs,adaptive,300000,2,3,1,3021.51,8.06931e+06,1,0,1,0,fallback_sampling,1000001,"{""build_ms"":122.599549,""count_ms"":1158.384412,""run_build_ms"":122.599999,""run_fallback_count_ms"":1158.387183,""run_fallback_sample_ms"":1544.438151,""run_pilot_enum_prepare_ms"":0.000520,""run_pilot_enum_scan_ms"":196.042210,""sample_ms"":1544.435871,""sirs_build_index_ms"":122.598749,""sirs_build_kd_ms"":11.177372,""sirs_embed_inner_ms"":55.875775,""sirs_rank_axes_ms"":55.539282}",,"{""dataset"":{""source"":""synthetic"",""name"":""hetero_t__nr100000__ns100000__a1_000ep00__g1"",""dim"":2,""path_r"":"""",""path_s"":"""",""synthetic"":{""generator"":""hetero_sizes"",""n_r"":100000,""n_s"":100000,""alpha"":1,""seed"":1}},""run"":{""method"":""sirs"",""variant"":""adaptive"",""t"":300000,""seed"":1,""repeats"":3,""j_star"":1000000,""enum_cap"":0,""write_samples"":false,""verify"":false},""output"":{""out_dir"":""run/temp/exp5/hetero_t"",""run_tag"":""exp5_hetero_t""},""sys"":{""threads"":1},""logging"":{""level"":""INFO"",""with_timestamp"":true,""with_thread_id"":false}}","{""generator"":""hetero_sizes"",""dataset"":""hetero_t__nr100000__ns100000__a1_000ep00__g1"",""n_r"":100000,""n_s"":100000,""has_exact_k"":false,""k_target"":0,""k_achieved"":0,""alpha_target"":1,""alpha_achieved"":nan,""notes"":""p_large_r=0.1, w_small=[0.002,0.01], w_large=[0.1,0.3], anisotropic=1""}"
hetero_t__nr100000__ns100000__a1_000ep00__g1,hetero_sizes,1,100000,100000,rejection,sampling,300000,0,1,0,-1,-1,0,0,0,0,,0,{},SKIPPED: rejection+sampling is disabled in sjs_sweep; use variant=adaptive.,"{""dataset"":{""source"":""synthetic"",""name"":""hetero_t__nr100000__ns100000__a1_000ep00__g1"",""dim"":2,""path_r"":"""",""path_s"":"""",""synthetic"":{""generator"":""hetero_sizes"",""n_r"":100000,""n_s"":100000,""alpha"":1,""seed"":1}},""run"":{""method"":""rejection"",""variant"":""sampling"",""t"":300000,""seed"":1,""repeats"":3,""j_star"":1000000,""enum_cap"":0,""write_samples"":false,""verify"":false},""output"":{""out_dir"":""run/temp/exp5/hetero_t"",""run_tag"":""exp5_hetero_t""},""sys"":{""threads"":1},""logging"":{""level"":""INFO"",""with_timestamp"":true,""with_thread_id"":false}}","{""generator"":""hetero_sizes"",""dataset"":""hetero_t__nr100000__ns100000__a1_000ep00__g1"",""n_r"":100000,""n_s"":100000,""has_exact_k"":false,""k_target"":0,""k_achieved"":0,""alpha_target"":1,""alpha_achieved"":nan,""notes"":""p_large_r=0.1, w_small=[0.002,0.01], w_large=[0.1,0.3], anisotropic=1""}"
hetero_t__nr100000__ns100000__a1_000ep00__g1,hetero_sizes,1,100000,100000,rejection,sampling,300000,1,2,0,-1,-1,0,0,0,0,,0,{},SKIPPED: rejection+sampling is disabled in sjs_sweep; use variant=adaptive.,"{""dataset"":{""source"":""synthetic"",""name"":""hetero_t__nr100000__ns100000__a1_000ep00__g1"",""dim"":2,""path_r"":"""",""path_s"":"""",""synthetic"":{""generator"":""hetero_sizes"",""n_r"":100000,""n_s"":100000,""alpha"":1,""seed"":1}},""run"":{""method"":""rejection"",""variant"":""sampling"",""t"":300000,""seed"":1,""repeats"":3,""j_star"":1000000,""enum_cap"":0,""write_samples"":false,""verify"":false},""output"":{""out_dir"":""run/temp/exp5/hetero_t"",""run_tag"":""exp5_hetero_t""},""sys"":{""threads"":1},""logging"":{""level"":""INFO"",""with_timestamp"":true,""with_thread_id"":false}}","{""generator"":""hetero_sizes"",""dataset"":""hetero_t__nr100000__ns100000__a1_000ep00__g1"",""n_r"":100000,""n_s"":100000,""has_exact_k"":false,""k_target"":0,""k_achieved"":0,""alpha_target"":1,""alpha_achieved"":nan,""notes"":""p_large_r=0.1, w_small=[0.002,0.01], w_large=[0.1,0.3], anisotropic=1""}"
hetero_t__nr100000__ns100000__a1_000ep00__g1,hetero_sizes,1,100000,100000,rejection,sampling,300000,2,3,0,-1,-1,0,0,0,0,,0,{},SKIPPED: rejection+sampling is disabled in sjs_sweep; use variant=adaptive.,"{""dataset"":{""source"":""synthetic"",""name"":""hetero_t__nr100000__ns100000__a1_000ep00__g1"",""dim"":2,""path_r"":"""",""path_s"":"""",""synthetic"":{""generator"":""hetero_sizes"",""n_r"":100000,""n_s"":100000,""alpha"":1,""seed"":1}},""run"":{""method"":""rejection"",""variant"":""sampling"",""t"":300000,""seed"":1,""repeats"":3,""j_star"":1000000,""enum_cap"":0,""write_samples"":false,""verify"":false},""output"":{""out_dir"":""run/temp/exp5/hetero_t"",""run_tag"":""exp5_hetero_t""},""sys"":{""threads"":1},""logging"":{""level"":""INFO"",""with_timestamp"":true,""with_thread_id"":false}}","{""generator"":""hetero_sizes"",""dataset"":""hetero_t__nr100000__ns100000__a1_000ep00__g1"",""n_r"":100000,""n_s"":100000,""has_exact_k"":false,""k_target"":0,""k_achieved"":0,""alpha_target"":1,""alpha_achieved"":nan,""notes"":""p_large_r=0.1, w_small=[0.002,0.01], w_large=[0.1,0.3], anisotropic=1""}"
hetero_t__nr100000__ns100000__a1_000ep00__g1,hetero_sizes,1,100000,100000,rejection,adaptive,300000,0,1,1,7146.74,7.84917e+06,0,0,1,0,fallback_sampling,1000001,"{""adaptive_phase1_ms"":479.953119,""adaptive_sample_ms"":4969.961023,""build_ms"":1227.171773,""build_M_ms"":0.107877,""build_cellmap_ms"":14.852479,""build_mu_alias_ms"":1211.915412,""build_slab_index_ms"":0.287094,""count_pilot_ms"":10.183121,""run_build_ms"":1227.172813,""run_fallback_count_ms"":479.954149,""run_fallback_sample_ms"":4969.964373,""run_pilot_enum_prepare_ms"":0.007030,""run_pilot_enum_scan_ms"":469.628981}",,"{""dataset"":{""source"":""synthetic"",""name"":""hetero_t__nr100000__ns100000__a1_000ep00__g1"",""dim"":2,""path_r"":"""",""path_s"":"""",""synthetic"":{""generator"":""hetero_sizes"",""n_r"":100000,""n_s"":100000,""alpha"":1,""seed"":1}},""run"":{""method"":""rejection"",""variant"":""adaptive"",""t"":300000,""seed"":1,""repeats"":3,""j_star"":1000000,""enum_cap"":0,""write_samples"":false,""verify"":false},""output"":{""out_dir"":""run/temp/exp5/hetero_t"",""run_tag"":""exp5_hetero_t""},""sys"":{""threads"":1},""logging"":{""level"":""INFO"",""with_timestamp"":true,""with_thread_id"":false}}","{""generator"":""hetero_sizes"",""dataset"":""hetero_t__nr100000__ns100000__a1_000ep00__g1"",""n_r"":100000,""n_s"":100000,""has_exact_k"":false,""k_target"":0,""k_achieved"":0,""alpha_target"":1,""alpha_achieved"":nan,""notes"":""p_large_r=0.1, w_small=[0.002,0.01], w_large=[0.1,0.3], anisotropic=1""}"
hetero_t__nr100000__ns100000__a1_000ep00__g1,hetero_sizes,1,100000,100000,rejection,adaptive,300000,1,2,1,7223.98,7.73446e+06,0,0,1,0,fallback_sampling,1000001,"{""adaptive_phase1_ms"":483.516177,""adaptive_sample_ms"":5013.935384,""build_ms"":1226.316916,""build_M_ms"":0.107788,""build_cellmap_ms"":14.809170,""build_mu_alias_ms"":1211.107593,""build_slab_index_ms"":0.278905,""count_pilot_ms"":10.213410,""run_build_ms"":1226.372945,""run_fallback_count_ms"":483.517137,""run_fallback_sample_ms"":5013.939344,""run_pilot_enum_prepare_ms"":0.005730,""run_pilot_enum_scan_ms"":474.969925}",,"{""dataset"":{""source"":""synthetic"",""name"":""hetero_t__nr100000__ns100000__a1_000ep00__g1"",""dim"":2,""path_r"":"""",""path_s"":"""",""synthetic"":{""generator"":""hetero_sizes"",""n_r"":100000,""n_s"":100000,""alpha"":1,""seed"":1}},""run"":{""method"":""rejection"",""variant"":""adaptive"",""t"":300000,""seed"":1,""repeats"":3,""j_star"":1000000,""enum_cap"":0,""write_samples"":false,""verify"":false},""output"":{""out_dir"":""run/temp/exp5/hetero_t"",""run_tag"":""exp5_hetero_t""},""sys"":{""threads"":1},""logging"":{""level"":""INFO"",""with_timestamp"":true,""with_thread_id"":false}}","{""generator"":""hetero_sizes"",""dataset"":""hetero_t__nr100000__ns100000__a1_000ep00__g1"",""n_r"":100000,""n_s"":100000,""has_exact_k"":false,""k_target"":0,""k_achieved"":0,""alpha_target"":1,""alpha_achieved"":nan,""notes"":""p_large_r=0.1, w_small=[0.002,0.01], w_large=[0.1,0.3], anisotropic=1""}"
hetero_t__nr100000__ns100000__a1_000ep00__g1,hetero_sizes,1,100000,100000,rejection,adaptive,300000,2,3,1,7237.85,8.19329e+06,0,0,1,0,fallback_sampling,1000001,"{""adaptive_phase1_ms"":487.061906,""adaptive_sample_ms"":5013.158872,""build_ms"":1231.360102,""build_M_ms"":0.107698,""build_cellmap_ms"":14.880428,""build_mu_alias_ms"":1216.078072,""build_slab_index_ms"":0.281394,""count_pilot_ms"":10.764810,""run_build_ms"":1231.415801,""run_fallback_count_ms"":487.063186,""run_fallback_sample_ms"":5013.161982,""run_pilot_enum_prepare_ms"":0.005470,""run_pilot_enum_scan_ms"":481.020535}",,"{""dataset"":{""source"":""synthetic"",""name"":""hetero_t__nr100000__ns100000__a1_000ep00__g1"",""dim"":2,""path_r"":"""",""path_s"":"""",""synthetic"":{""generator"":""hetero_sizes"",""n_r"":100000,""n_s"":100000,""alpha"":1,""seed"":1}},""run"":{""method"":""rejection"",""variant"":""adaptive"",""t"":300000,""seed"":1,""repeats"":3,""j_star"":1000000,""enum_cap"":0,""write_samples"":false,""verify"":false},""output"":{""out_dir"":""run/temp/exp5/hetero_t"",""run_tag"":""exp5_hetero_t""},""sys"":{""threads"":1},""logging"":{""level"":""INFO"",""with_timestamp"":true,""with_thread_id"":false}}","{""generator"":""hetero_sizes"",""dataset"":""hetero_t__nr100000__ns100000__a1_000ep00__g1"",""n_r"":100000,""n_s"":100000,""has_exact_k"":false,""k_target"":0,""k_achieved"":0,""alpha_target"":1,""alpha_achieved"":nan,""notes"":""p_large_r=0.1, w_small=[0.002,0.01], w_large=[0.1,0.3], anisotropic=1""}"
hetero_t__nr100000__ns100000__a1_000ep00__g1,hetero_sizes,1,100000,100000,ours,sampling,1000000,0,1,1,623.088,8.06931e+06,1,0,0,0,,0,"{""build_active_indices_ms"":5.611019,""build_events_ms"":33.895925,""build_ranks_ms"":43.702294,""build_y_domain_ms"":13.812290,""phase1_count_ms"":258.248799,""phase2_plan_ms"":32.682450,""phase3_sample_ms"":233.059302,""run_build_ms"":98.808274,""run_count_ms"":258.252658,""run_sample_ms"":266.023717}",,"{""dataset"":{""source"":""synthetic"",""name"":""hetero_t__nr100000__ns100000__a1_000ep00__g1"",""dim"":2,""path_r"":"""",""path_s"":"""",""synthetic"":{""generator"":""hetero_sizes"",""n_r"":100000,""n_s"":100000,""alpha"":1,""seed"":1}},""run"":{""method"":""ours"",""variant"":""sampling"",""t"":1000000,""seed"":1,""repeats"":3,""j_star"":1000000,""enum_cap"":0,""write_samples"":false,""verify"":false},""output"":{""out_dir"":""run/temp/exp5/hetero_t"",""run_tag"":""exp5_hetero_t""},""sys"":{""threads"":1},""logging"":{""level"":""INFO"",""with_timestamp"":true,""with_thread_id"":false}}","{""generator"":""hetero_sizes"",""dataset"":""hetero_t__nr100000__ns100000__a1_000ep00__g1"",""n_r"":100000,""n_s"":100000,""has_exact_k"":false,""k_target"":0,""k_achieved"":0,""alpha_target"":1,""alpha_achieved"":nan,""notes"":""p_large_r=0.1, w_small=[0.002,0.01], w_large=[0.1,0.3], anisotropic=1""}"
hetero_t__nr100000__ns100000__a1_000ep00__g1,hetero_sizes,1,100000,100000,ours,sampling,1000000,1,2,1,681.696,8.06931e+06,1,0,0,0,,0,"{""build_active_indices_ms"":5.388314,""build_events_ms"":40.587114,""build_ranks_ms"":43.683265,""build_y_domain_ms"":13.846128,""phase1_count_ms"":256.945574,""phase2_plan_ms"":32.793127,""phase3_sample_ms"":233.408376,""run_build_ms"":105.280117,""run_count_ms"":256.949595,""run_sample_ms"":266.482398}",,"{""dataset"":{""source"":""synthetic"",""name"":""hetero_t__nr100000__ns100000__a1_000ep00__g1"",""dim"":2,""path_r"":"""",""path_s"":"""",""synthetic"":{""generator"":""hetero_sizes"",""n_r"":100000,""n_s"":100000,""alpha"":1,""seed"":1}},""run"":{""method"":""ours"",""variant"":""sampling"",""t"":1000000,""seed"":1,""repeats"":3,""j_star"":1000000,""enum_cap"":0,""write_samples"":false,""verify"":false},""output"":{""out_dir"":""run/temp/exp5/hetero_t"",""run_tag"":""exp5_hetero_t""},""sys"":{""threads"":1},""logging"":{""level"":""INFO"",""with_timestamp"":true,""with_thread_id"":false}}","{""generator"":""hetero_sizes"",""dataset"":""hetero_t__nr100000__ns100000__a1_000ep00__g1"",""n_r"":100000,""n_s"":100000,""has_exact_k"":false,""k_target"":0,""k_achieved"":0,""alpha_target"":1,""alpha_achieved"":nan,""notes"":""p_large_r=0.1, w_small=[0.002,0.01], w_large=[0.1,0.3], anisotropic=1""}"
hetero_t__nr100000__ns100000__a1_000ep00__g1,hetero_sizes,1,100000,100000,ours,sampling,1000000,2,3,1,689.686,8.06931e+06,1,0,0,0,,0,"{""build_active_indices_ms"":5.377196,""build_events_ms"":40.866429,""build_ranks_ms"":43.675324,""build_y_domain_ms"":13.824720,""phase1_count_ms"":258.304088,""phase2_plan_ms"":32.283178,""phase3_sample_ms"":234.987324,""run_build_ms"":105.536632,""run_count_ms"":258.307498,""run_sample_ms"":267.554917}",,"{""dataset"":{""source"":""synthetic"",""name"":""hetero_t__nr100000__ns100000__a1_000ep00__g1"",""dim"":2,""path_r"":"""",""path_s"":"""",""synthetic"":{""generator"":""hetero_sizes"",""n_r"":100000,""n_s"":100000,""alpha"":1,""seed"":1}},""run"":{""method"":""ours"",""variant"":""sampling"",""t"":1000000,""seed"":1,""repeats"":3,""j_star"":1000000,""enum_cap"":0,""write_samples"":false,""verify"":false},""output"":{""out_dir"":""run/temp/exp5/hetero_t"",""run_tag"":""exp5_hetero_t""},""sys"":{""threads"":1},""logging"":{""level"":""INFO"",""with_timestamp"":true,""with_thread_id"":false}}","{""generator"":""hetero_sizes"",""dataset"":""hetero_t__nr100000__ns100000__a1_000ep00__g1"",""n_r"":100000,""n_s"":100000,""has_exact_k"":false,""k_target"":0,""k_achieved"":0,""alpha_target"":1,""alpha_achieved"":nan,""notes"":""p_large_r=0.1, w_small=[0.002,0.01], w_large=[0.1,0.3], anisotropic=1""}"
hetero_t__nr100000__ns100000__a1_000ep00__g1,hetero_sizes,1,100000,100000,ours,adaptive,1000000,0,1,1,696.555,8.06931e+06,1,0,1,0,fallback_sampling,1000001,"{""build_active_indices_ms"":5.707938,""build_events_ms"":33.888366,""build_ranks_ms"":43.531456,""build_y_domain_ms"":13.845020,""phase1_count_adaptive_ms"":256.653150,""phase2_plan_ms"":31.964414,""phase3_sample_ms"":240.031606,""run_build_ms"":98.765374,""run_fallback_count_ms"":256.656250,""run_fallback_sample_ms"":272.293614,""run_pilot_enum_prepare_ms"":1.526550,""run_pilot_enum_scan_ms"":67.264952,""sample_ms"":272.292543}",,"{""dataset"":{""source"":""synthetic"",""name"":""hetero_t__nr100000__ns100000__a1_000ep00__g1"",""dim"":2,""path_r"":"""",""path_s"":"""",""synthetic"":{""generator"":""hetero_sizes"",""n_r"":100000,""n_s"":100000,""alpha"":1,""seed"":1}},""run"":{""method"":""ours"",""variant"":""adaptive"",""t"":1000000,""seed"":1,""repeats"":3,""j_star"":1000000,""enum_cap"":0,""write_samples"":false,""verify"":false},""output"":{""out_dir"":""run/temp/exp5/hetero_t"",""run_tag"":""exp5_hetero_t""},""sys"":{""threads"":1},""logging"":{""level"":""INFO"",""with_timestamp"":true,""with_thread_id"":false}}","{""generator"":""hetero_sizes"",""dataset"":""hetero_t__nr100000__ns100000__a1_000ep00__g1"",""n_r"":100000,""n_s"":100000,""has_exact_k"":false,""k_target"":0,""k_achieved"":0,""alpha_target"":1,""alpha_achieved"":nan,""notes"":""p_large_r=0.1, w_small=[0.002,0.01], w_large=[0.1,0.3], anisotropic=1""}"
hetero_t__nr100000__ns100000__a1_000ep00__g1,hetero_sizes,1,100000,100000,ours,adaptive,1000000,1,2,1,768.15,8.06931e+06,1,0,1,0,fallback_sampling,1000001,"{""build_active_indices_ms"":5.541061,""build_events_ms"":65.672413,""build_ranks_ms"":43.488779,""build_y_domain_ms"":13.824358,""phase1_count_adaptive_ms"":256.236478,""phase2_plan_ms"":31.957284,""phase3_sample_ms"":241.256432,""run_build_ms"":130.302776,""run_fallback_count_ms"":256.240038,""run_fallback_sample_ms"":273.516619,""run_pilot_enum_prepare_ms"":1.551410,""run_pilot_enum_scan_ms"":68.168884,""sample_ms"":273.496290}",,"{""dataset"":{""source"":""synthetic"",""name"":""hetero_t__nr100000__ns100000__a1_000ep00__g1"",""dim"":2,""path_r"":"""",""path_s"":"""",""synthetic"":{""generator"":""hetero_sizes"",""n_r"":100000,""n_s"":100000,""alpha"":1,""seed"":1}},""run"":{""method"":""ours"",""variant"":""adaptive"",""t"":1000000,""seed"":1,""repeats"":3,""j_star"":1000000,""enum_cap"":0,""write_samples"":false,""verify"":false},""output"":{""out_dir"":""run/temp/exp5/hetero_t"",""run_tag"":""exp5_hetero_t""},""sys"":{""threads"":1},""logging"":{""level"":""INFO"",""with_timestamp"":true,""with_thread_id"":false}}","{""generator"":""hetero_sizes"",""dataset"":""hetero_t__nr100000__ns100000__a1_000ep00__g1"",""n_r"":100000,""n_s"":100000,""has_exact_k"":false,""k_target"":0,""k_achieved"":0,""alpha_target"":1,""alpha_achieved"":nan,""notes"":""p_large_r=0.1, w_small=[0.002,0.01], w_large=[0.1,0.3], anisotropic=1""}"
hetero_t__nr100000__ns100000__a1_000ep00__g1,hetero_sizes,1,100000,100000,ours,adaptive,1000000,2,3,1,777.636,8.06931e+06,1,0,1,0,fallback_sampling,1000001,"{""build_active_indices_ms"":5.446373,""build_events_ms"":67.531526,""build_ranks_ms"":43.544326,""build_y_domain_ms"":13.830289,""phase1_count_adaptive_ms"":264.077594,""phase2_plan_ms"":32.177719,""phase3_sample_ms"":241.025016,""run_build_ms"":132.161259,""run_fallback_count_ms"":264.081264,""run_fallback_sample_ms"":273.505070,""run_pilot_enum_prepare_ms"":1.516750,""run_pilot_enum_scan_ms"":67.289241,""sample_ms"":273.485290}",,"{""dataset"":{""source"":""synthetic"",""name"":""hetero_t__nr100000__ns100000__a1_000ep00__g1"",""dim"":2,""path_r"":"""",""path_s"":"""",""synthetic"":{""generator"":""hetero_sizes"",""n_r"":100000,""n_s"":100000,""alpha"":1,""seed"":1}},""run"":{""method"":""ours"",""variant"":""adaptive"",""t"":1000000,""seed"":1,""repeats"":3,""j_star"":1000000,""enum_cap"":0,""write_samples"":false,""verify"":false},""output"":{""out_dir"":""run/temp/exp5/hetero_t"",""run_tag"":""exp5_hetero_t""},""sys"":{""threads"":1},""logging"":{""level"":""INFO"",""with_timestamp"":true,""with_thread_id"":false}}","{""generator"":""hetero_sizes"",""dataset"":""hetero_t__nr100000__ns100000__a1_000ep00__g1"",""n_r"":100000,""n_s"":100000,""has_exact_k"":false,""k_target"":0,""k_achieved"":0,""alpha_target"":1,""alpha_achieved"":nan,""notes"":""p_large_r=0.1, w_small=[0.002,0.01], w_large=[0.1,0.3], anisotropic=1""}"
hetero_t__nr100000__ns100000__a1_000ep00__g1,hetero_sizes,1,100000,100000,aabb,sampling,1000000,0,1,1,1638.03,8.06931e+06,1,0,0,0,,0,"{""build_ms"":35.668491,""phase1_count_ms"":654.455463,""phase2_assign_ms"":87.125502,""phase3_sample_ms"":860.564382,""run_build_ms"":35.670151,""run_count_ms"":654.458483,""run_sample_ms"":947.901360}",,"{""dataset"":{""source"":""synthetic"",""name"":""hetero_t__nr100000__ns100000__a1_000ep00__g1"",""dim"":2,""path_r"":"""",""path_s"":"""",""synthetic"":{""generator"":""hetero_sizes"",""n_r"":100000,""n_s"":100000,""alpha"":1,""seed"":1}},""run"":{""method"":""aabb"",""variant"":""sampling"",""t"":1000000,""seed"":1,""repeats"":3,""j_star"":1000000,""enum_cap"":0,""write_samples"":false,""verify"":false},""output"":{""out_dir"":""run/temp/exp5/hetero_t"",""run_tag"":""exp5_hetero_t""},""sys"":{""threads"":1},""logging"":{""level"":""INFO"",""with_timestamp"":true,""with_thread_id"":false}}","{""generator"":""hetero_sizes"",""dataset"":""hetero_t__nr100000__ns100000__a1_000ep00__g1"",""n_r"":100000,""n_s"":100000,""has_exact_k"":false,""k_target"":0,""k_achieved"":0,""alpha_target"":1,""alpha_achieved"":nan,""notes"":""p_large_r=0.1, w_small=[0.002,0.01], w_large=[0.1,0.3], anisotropic=1""}"
hetero_t__nr100000__ns100000__a1_000ep00__g1,hetero_sizes,1,100000,100000,aabb,sampling,1000000,1,2,1,1643.04,8.06931e+06,1,0,0,0,,0,"{""build_ms"":35.586243,""phase1_count_ms"":655.813576,""phase2_assign_ms"":92.970748,""phase3_sample_ms"":858.457533,""run_build_ms"":35.587703,""run_count_ms"":655.815696,""run_sample_ms"":951.638117}",,"{""dataset"":{""source"":""synthetic"",""name"":""hetero_t__nr100000__ns100000__a1_000ep00__g1"",""dim"":2,""path_r"":"""",""path_s"":"""",""synthetic"":{""generator"":""hetero_sizes"",""n_r"":100000,""n_s"":100000,""alpha"":1,""seed"":1}},""run"":{""method"":""aabb"",""variant"":""sampling"",""t"":1000000,""seed"":1,""repeats"":3,""j_star"":1000000,""enum_cap"":0,""write_samples"":false,""verify"":false},""output"":{""out_dir"":""run/temp/exp5/hetero_t"",""run_tag"":""exp5_hetero_t""},""sys"":{""threads"":1},""logging"":{""level"":""INFO"",""with_timestamp"":true,""with_thread_id"":false}}","{""generator"":""hetero_sizes"",""dataset"":""hetero_t__nr100000__ns100000__a1_000ep00__g1"",""n_r"":100000,""n_s"":100000,""has_exact_k"":false,""k_target"":0,""k_achieved"":0,""alpha_target"":1,""alpha_achieved"":nan,""notes"":""p_large_r=0.1, w_small=[0.002,0.01], w_large=[0.1,0.3], anisotropic=1""}"
hetero_t__nr100000__ns100000__a1_000ep00__g1,hetero_sizes,1,100000,100000,aabb,sampling,1000000,2,3,1,1630.31,8.06931e+06,1,0,0,0,,0,"{""build_ms"":35.536863,""phase1_count_ms"":646.189884,""phase2_assign_ms"":87.282299,""phase3_sample_ms"":861.083102,""run_build_ms"":35.538393,""run_count_ms"":646.191934,""run_sample_ms"":948.578676}",,"{""dataset"":{""source"":""synthetic"",""name"":""hetero_t__nr100000__ns100000__a1_000ep00__g1"",""dim"":2,""path_r"":"""",""path_s"":"""",""synthetic"":{""generator"":""hetero_sizes"",""n_r"":100000,""n_s"":100000,""alpha"":1,""seed"":1}},""run"":{""method"":""aabb"",""variant"":""sampling"",""t"":1000000,""seed"":1,""repeats"":3,""j_star"":1000000,""enum_cap"":0,""write_samples"":false,""verify"":false},""output"":{""out_dir"":""run/temp/exp5/hetero_t"",""run_tag"":""exp5_hetero_t""},""sys"":{""threads"":1},""logging"":{""level"":""INFO"",""with_timestamp"":true,""with_thread_id"":false}}","{""generator"":""hetero_sizes"",""dataset"":""hetero_t__nr100000__ns100000__a1_000ep00__g1"",""n_r"":100000,""n_s"":100000,""has_exact_k"":false,""k_target"":0,""k_achieved"":0,""alpha_target"":1,""alpha_achieved"":nan,""notes"":""p_large_r=0.1, w_small=[0.002,0.01], w_large=[0.1,0.3], anisotropic=1""}"
hetero_t__nr100000__ns100000__a1_000ep00__g1,hetero_sizes,1,100000,100000,aabb,adaptive,1000000,0,1,1,1816.08,8.06931e+06,1,0,1,0,fallback_sampling,1000001,"{""build_ms"":35.590653,""enumerate_prepare_ms"":33.979024,""phase1_count_ms"":683.166368,""phase2_assign_ms"":88.095194,""phase3_sample_ms"":857.232086,""run_build_ms"":35.591652,""run_fallback_count_ms"":683.168878,""run_fallback_sample_ms"":945.541416,""run_pilot_enum_prepare_ms"":33.981714,""run_pilot_enum_scan_ms"":117.760972}",,"{""dataset"":{""source"":""synthetic"",""name"":""hetero_t__nr100000__ns100000__a1_000ep00__g1"",""dim"":2,""path_r"":"""",""path_s"":"""",""synthetic"":{""generator"":""hetero_sizes"",""n_r"":100000,""n_s"":100000,""alpha"":1,""seed"":1}},""run"":{""method"":""aabb"",""variant"":""adaptive"",""t"":1000000,""seed"":1,""repeats"":3,""j_star"":1000000,""enum_cap"":0,""write_samples"":false,""verify"":false},""output"":{""out_dir"":""run/temp/exp5/hetero_t"",""run_tag"":""exp5_hetero_t""},""sys"":{""threads"":1},""logging"":{""level"":""INFO"",""with_timestamp"":true,""with_thread_id"":false}}","{""generator"":""hetero_sizes"",""dataset"":""hetero_t__nr100000__ns100000__a1_000ep00__g1"",""n_r"":100000,""n_s"":100000,""has_exact_k"":false,""k_target"":0,""k_achieved"":0,""alpha_target"":1,""alpha_achieved"":nan,""notes"":""p_large_r=0.1, w_small=[0.002,0.01], w_large=[0.1,0.3], anisotropic=1""}"
hetero_t__nr100000__ns100000__a1_000ep00__g1,hetero_sizes,1,100000,100000,aabb,adaptive,1000000,1,2,1,1814.23,8.06931e+06,1,0,1,0,fallback_sampling,1000001,"{""build_ms"":35.550573,""enumerate_prepare_ms"":34.025933,""phase1_count_ms"":682.097498,""phase2_assign_ms"":88.840259,""phase3_sample_ms"":856.252384,""run_build_ms"":35.552043,""run_fallback_count_ms"":682.099888,""run_fallback_sample_ms"":945.305669,""run_pilot_enum_prepare_ms"":34.028763,""run_pilot_enum_scan_ms"":117.211123}",,"{""dataset"":{""source"":""synthetic"",""name"":""hetero_t__nr100000__ns100000__a1_000ep00__g1"",""dim"":2,""path_r"":"""",""path_s"":"""",""synthetic"":{""generator"":""hetero_sizes"",""n_r"":100000,""n_s"":100000,""alpha"":1,""seed"":1}},""run"":{""method"":""aabb"",""variant"":""adaptive"",""t"":1000000,""seed"":1,""repeats"":3,""j_star"":1000000,""enum_cap"":0,""write_samples"":false,""verify"":false},""output"":{""out_dir"":""run/temp/exp5/hetero_t"",""run_tag"":""exp5_hetero_t""},""sys"":{""threads"":1},""logging"":{""level"":""INFO"",""with_timestamp"":true,""with_thread_id"":false}}","{""generator"":""hetero_sizes"",""dataset"":""hetero_t__nr100000__ns100000__a1_000ep00__g1"",""n_r"":100000,""n_s"":100000,""has_exact_k"":false,""k_target"":0,""k_achieved"":0,""alpha_target"":1,""alpha_achieved"":nan,""notes"":""p_large_r=0.1, w_small=[0.002,0.01], w_large=[0.1,0.3], anisotropic=1""}"
hetero_t__nr100000__ns100000__a1_000ep00__g1,hetero_sizes,1,100000,100000,aabb,adaptive,1000000,2,3,1,1814.45,8.06931e+06,1,0,1,0,fallback_sampling,1000001,"{""build_ms"":35.541213,""enumerate_prepare_ms"":34.010053,""phase1_count_ms"":682.332183,""phase2_assign_ms"":88.557844,""phase3_sample_ms"":856.598807,""run_build_ms"":35.542693,""run_fallback_count_ms"":682.334544,""run_fallback_sample_ms"":945.368837,""run_pilot_enum_prepare_ms"":34.012663,""run_pilot_enum_scan_ms"":117.163094}",,"{""dataset"":{""source"":""synthetic"",""name"":""hetero_t__nr100000__ns100000__a1_000ep00__g1"",""dim"":2,""path_r"":"""",""path_s"":"""",""synthetic"":{""generator"":""hetero_sizes"",""n_r"":100000,""n_s"":100000,""alpha"":1,""seed"":1}},""run"":{""method"":""aabb"",""variant"":""adaptive"",""t"":1000000,""seed"":1,""repeats"":3,""j_star"":1000000,""enum_cap"":0,""write_samples"":false,""verify"":false},""output"":{""out_dir"":""run/temp/exp5/hetero_t"",""run_tag"":""exp5_hetero_t""},""sys"":{""threads"":1},""logging"":{""level"":""INFO"",""with_timestamp"":true,""with_thread_id"":false}}","{""generator"":""hetero_sizes"",""dataset"":""hetero_t__nr100000__ns100000__a1_000ep00__g1"",""n_r"":100000,""n_s"":100000,""has_exact_k"":false,""k_target"":0,""k_achieved"":0,""alpha_target"":1,""alpha_achieved"":nan,""notes"":""p_large_r=0.1, w_small=[0.002,0.01], w_large=[0.1,0.3], anisotropic=1""}"
hetero_t__nr100000__ns100000__a1_000ep00__g1,hetero_sizes,1,100000,100000,interval_tree,sampling,1000000,0,1,1,1321.98,8.06931e+06,1,0,0,0,,0,"{""build_ms"":157.791997,""build_active_ms"":40.772411,""build_events_ms"":37.378827,""build_start_ids_ms"":1.585239,""build_y_endpoints_ms"":28.002451,""build_y_indices_ms"":50.046639,""phase1_count_ms"":526.473408,""phase2_slots_ms"":39.014835,""phase3_resweep_ms"":598.417568,""run_build_ms"":157.792917,""run_count_ms"":526.475528,""run_sample_ms"":637.708808}",,"{""dataset"":{""source"":""synthetic"",""name"":""hetero_t__nr100000__ns100000__a1_000ep00__g1"",""dim"":2,""path_r"":"""",""path_s"":"""",""synthetic"":{""generator"":""hetero_sizes"",""n_r"":100000,""n_s"":100000,""alpha"":1,""seed"":1}},""run"":{""method"":""interval_tree"",""variant"":""sampling"",""t"":1000000,""seed"":1,""repeats"":3,""j_star"":1000000,""enum_cap"":0,""write_samples"":false,""verify"":false},""output"":{""out_dir"":""run/temp/exp5/hetero_t"",""run_tag"":""exp5_hetero_t""},""sys"":{""threads"":1},""logging"":{""level"":""INFO"",""with_timestamp"":true,""with_thread_id"":false}}","{""generator"":""hetero_sizes"",""dataset"":""hetero_t__nr100000__ns100000__a1_000ep00__g1"",""n_r"":100000,""n_s"":100000,""has_exact_k"":false,""k_target"":0,""k_achieved"":0,""alpha_target"":1,""alpha_achieved"":nan,""notes"":""p_large_r=0.1, w_small=[0.002,0.01], w_large=[0.1,0.3], anisotropic=1""}"
hetero_t__nr100000__ns100000__a1_000ep00__g1,hetero_sizes,1,100000,100000,interval_tree,sampling,1000000,1,2,1,1376.77,8.06931e+06,1,0,0,0,,0,"{""build_ms"":164.216150,""build_active_ms"":23.338742,""build_events_ms"":61.319848,""build_start_ids_ms"":1.588599,""build_y_endpoints_ms"":27.999821,""build_y_indices_ms"":49.961171,""phase1_count_ms"":525.022898,""phase2_slots_ms"":39.773451,""phase3_resweep_ms"":599.027166,""run_build_ms"":164.216950,""run_count_ms"":525.024677,""run_sample_ms"":639.084041}",,"{""dataset"":{""source"":""synthetic"",""name"":""hetero_t__nr100000__ns100000__a1_000ep00__g1"",""dim"":2,""path_r"":"""",""path_s"":"""",""synthetic"":{""generator"":""hetero_sizes"",""n_r"":100000,""n_s"":100000,""alpha"":1,""seed"":1}},""run"":{""method"":""interval_tree"",""variant"":""sampling"",""t"":1000000,""seed"":1,""repeats"":3,""j_star"":1000000,""enum_cap"":0,""write_samples"":false,""verify"":false},""output"":{""out_dir"":""run/temp/exp5/hetero_t"",""run_tag"":""exp5_hetero_t""},""sys"":{""threads"":1},""logging"":{""level"":""INFO"",""with_timestamp"":true,""with_thread_id"":false}}","{""generator"":""hetero_sizes"",""dataset"":""hetero_t__nr100000__ns100000__a1_000ep00__g1"",""n_r"":100000,""n_s"":100000,""has_exact_k"":false,""k_target"":0,""k_achieved"":0,""alpha_target"":1,""alpha_achieved"":nan,""notes"":""p_large_r=0.1, w_small=[0.002,0.01], w_large=[0.1,0.3], anisotropic=1""}"
hetero_t__nr100000__ns100000__a1_000ep00__g1,hetero_sizes,1,100000,100000,interval_tree,sampling,1000000,2,3,1,1375.39,8.06931e+06,1,0,0,0,,0,"{""build_ms"":164.038203,""build_active_ms"":23.325243,""build_events_ms"":61.245228,""build_start_ids_ms"":1.584329,""build_y_endpoints_ms"":28.008631,""build_y_indices_ms"":49.867632,""phase1_count_ms"":524.424688,""phase2_slots_ms"":39.032335,""phase3_resweep_ms"":598.564054,""run_build_ms"":164.039453,""run_count_ms"":524.426828,""run_sample_ms"":637.878764}",,"{""dataset"":{""source"":""synthetic"",""name"":""hetero_t__nr100000__ns100000__a1_000ep00__g1"",""dim"":2,""path_r"":"""",""path_s"":"""",""synthetic"":{""generator"":""hetero_sizes"",""n_r"":100000,""n_s"":100000,""alpha"":1,""seed"":1}},""run"":{""method"":""interval_tree"",""variant"":""sampling"",""t"":1000000,""seed"":1,""repeats"":3,""j_star"":1000000,""enum_cap"":0,""write_samples"":false,""verify"":false},""output"":{""out_dir"":""run/temp/exp5/hetero_t"",""run_tag"":""exp5_hetero_t""},""sys"":{""threads"":1},""logging"":{""level"":""INFO"",""with_timestamp"":true,""with_thread_id"":false}}","{""generator"":""hetero_sizes"",""dataset"":""hetero_t__nr100000__ns100000__a1_000ep00__g1"",""n_r"":100000,""n_s"":100000,""has_exact_k"":false,""k_target"":0,""k_achieved"":0,""alpha_target"":1,""alpha_achieved"":nan,""notes"":""p_large_r=0.1, w_small=[0.002,0.01], w_large=[0.1,0.3], anisotropic=1""}"
hetero_t__nr100000__ns100000__a1_000ep00__g1,hetero_sizes,1,100000,100000,interval_tree,adaptive,1000000,0,1,1,1648.27,8.06931e+06,1,0,1,0,fallback_sampling,1000001,"{""build_ms"":158.767837,""build_active_ms"":40.947427,""build_events_ms"":37.385627,""build_start_ids_ms"":1.545619,""build_y_endpoints_ms"":28.146157,""build_y_indices_ms"":50.734636,""enumerate_prepare_ms"":167.389908,""phase1_count_adaptive_ms"":556.985420,""phase2_slots_ms"":39.266861,""phase3_resweep_ms"":596.758269,""run_build_ms"":158.769137,""run_fallback_count_ms"":556.988730,""run_fallback_sample_ms"":636.309584,""run_pilot_enum_prepare_ms"":167.393838,""run_pilot_enum_scan_ms"":106.863424}",,"{""dataset"":{""source"":""synthetic"",""name"":""hetero_t__nr100000__ns100000__a1_000ep00__g1"",""dim"":2,""path_r"":"""",""path_s"":"""",""synthetic"":{""generator"":""hetero_sizes"",""n_r"":100000,""n_s"":100000,""alpha"":1,""seed"":1}},""run"":{""method"":""interval_tree"",""variant"":""adaptive"",""t"":1000000,""seed"":1,""repeats"":3,""j_star"":1000000,""enum_cap"":0,""write_samples"":false,""verify"":false},""output"":{""out_dir"":""run/temp/exp5/hetero_t"",""run_tag"":""exp5_hetero_t""},""sys"":{""threads"":1},""logging"":{""level"":""INFO"",""with_timestamp"":true,""with_thread_id"":false}}","{""generator"":""hetero_sizes"",""dataset"":""hetero_t__nr100000__ns100000__a1_000ep00__g1"",""n_r"":100000,""n_s"":100000,""has_exact_k"":false,""k_target"":0,""k_achieved"":0,""alpha_target"":1,""alpha_achieved"":nan,""notes"":""p_large_r=0.1, w_small=[0.002,0.01], w_large=[0.1,0.3], anisotropic=1""}"
hetero_t__nr100000__ns100000__a1_000ep00__g1,hetero_sizes,1,100000,100000,interval_tree,adaptive,1000000,1,2,1,1711.67,8.06931e+06,1,0,1,0,fallback_sampling,1000001,"{""build_ms"":145.837141,""build_active_ms"":23.293703,""build_events_ms"":42.280381,""build_start_ids_ms"":1.539130,""build_y_endpoints_ms"":28.134849,""build_y_indices_ms"":50.582518,""enumerate_prepare_ms"":164.728010,""phase1_count_adaptive_ms"":554.700854,""phase2_slots_ms"":39.601764,""phase3_resweep_ms"":604.972047,""run_build_ms"":145.838041,""run_fallback_count_ms"":554.703974,""run_fallback_sample_ms"":644.858185,""run_pilot_enum_prepare_ms"":164.732030,""run_pilot_enum_scan_ms"":106.335466}",,"{""dataset"":{""source"":""synthetic"",""name"":""hetero_t__nr100000__ns100000__a1_000ep00__g1"",""dim"":2,""path_r"":"""",""path_s"":"""",""synthetic"":{""generator"":""hetero_sizes"",""n_r"":100000,""n_s"":100000,""alpha"":1,""seed"":1}},""run"":{""method"":""interval_tree"",""variant"":""adaptive"",""t"":1000000,""seed"":1,""repeats"":3,""j_star"":1000000,""enum_cap"":0,""write_samples"":false,""verify"":false},""output"":{""out_dir"":""run/temp/exp5/hetero_t"",""run_tag"":""exp5_hetero_t""},""sys"":{""threads"":1},""logging"":{""level"":""INFO"",""with_timestamp"":true,""with_thread_id"":false}}","{""generator"":""hetero_sizes"",""dataset"":""hetero_t__nr100000__ns100000__a1_000ep00__g1"",""n_r"":100000,""n_s"":100000,""has_exact_k"":false,""k_target"":0,""k_achieved"":0,""alpha_target"":1,""alpha_achieved"":nan,""notes"":""p_large_r=0.1, w_small=[0.002,0.01], w_large=[0.1,0.3], anisotropic=1""}"
hetero_t__nr100000__ns100000__a1_000ep00__g1,hetero_sizes,1,100000,100000,interval_tree,adaptive,1000000,2,3,1,1696.67,8.06931e+06,1,0,1,0,fallback_sampling,1000001,"{""build_ms"":164.861318,""build_active_ms"":23.275544,""build_events_ms"":61.277579,""build_start_ids_ms"":1.535040,""build_y_endpoints_ms"":28.148408,""build_y_indices_ms"":50.616147,""enumerate_prepare_ms"":164.904086,""phase1_count_adaptive_ms"":554.097485,""phase2_slots_ms"":39.421407,""phase3_resweep_ms"":596.302447,""run_build_ms"":164.862258,""run_fallback_count_ms"":554.100865,""run_fallback_sample_ms"":636.008669,""run_pilot_enum_prepare_ms"":164.907637,""run_pilot_enum_scan_ms"":106.543211}",,"{""dataset"":{""source"":""synthetic"",""name"":""hetero_t__nr100000__ns100000__a1_000ep00__g1"",""dim"":2,""path_r"":"""",""path_s"":"""",""synthetic"":{""generator"":""hetero_sizes"",""n_r"":100000,""n_s"":100000,""alpha"":1,""seed"":1}},""run"":{""method"":""interval_tree"",""variant"":""adaptive"",""t"":1000000,""seed"":1,""repeats"":3,""j_star"":1000000,""enum_cap"":0,""write_samples"":false,""verify"":false},""output"":{""out_dir"":""run/temp/exp5/hetero_t"",""run_tag"":""exp5_hetero_t""},""sys"":{""threads"":1},""logging"":{""level"":""INFO"",""with_timestamp"":true,""with_thread_id"":false}}","{""generator"":""hetero_sizes"",""dataset"":""hetero_t__nr100000__ns100000__a1_000ep00__g1"",""n_r"":100000,""n_s"":100000,""has_exact_k"":false,""k_target"":0,""k_achieved"":0,""alpha_target"":1,""alpha_achieved"":nan,""notes"":""p_large_r=0.1, w_small=[0.002,0.01], w_large=[0.1,0.3], anisotropic=1""}"
hetero_t__nr100000__ns100000__a1_000ep00__g1,hetero_sizes,1,100000,100000,kd_tree,sampling,1000000,0,1,1,1313.77,8.06931e+06,1,0,0,0,,0,"{""build_ms"":102.444172,""build_events_ms"":33.910426,""build_kdtrees_ms"":34.780867,""build_rank_arrays_ms"":32.339536,""build_start_index_ms"":1.370563,""phase1_count_ms"":434.003161,""phase2_alias_ms"":777.308068,""phase3_sweep_ms"":689.046279,""run_build_ms"":102.445441,""run_count_ms"":434.005990,""run_sample_ms"":777.309278}",,"{""dataset"":{""source"":""synthetic"",""name"":""hetero_t__nr100000__ns100000__a1_000ep00__g1"",""dim"":2,""path_r"":"""",""path_s"":"""",""synthetic"":{""generator"":""hetero_sizes"",""n_r"":100000,""n_s"":100000,""alpha"":1,""seed"":1}},""run"":{""method"":""kd_tree"",""variant"":""sampling"",""t"":1000000,""seed"":1,""repeats"":3,""j_star"":1000000,""enum_cap"":0,""write_samples"":false,""verify"":false},""output"":{""out_dir"":""run/temp/exp5/hetero_t"",""run_tag"":""exp5_hetero_t""},""sys"":{""threads"":1},""logging"":{""level"":""INFO"",""with_timestamp"":true,""with_thread_id"":false}}","{""generator"":""hetero_sizes"",""dataset"":""hetero_t__nr100000__ns100000__a1_000ep00__g1"",""n_r"":100000,""n_s"":100000,""has_exact_k"":false,""k_target"":0,""k_achieved"":0,""alpha_target"":1,""alpha_achieved"":nan,""notes"":""p_large_r=0.1, w_small=[0.002,0.01], w_large=[0.1,0.3], anisotropic=1""}"
hetero_t__nr100000__ns100000__a1_000ep00__g1,hetero_sizes,1,100000,100000,kd_tree,sampling,1000000,1,2,1,1316.01,8.06931e+06,1,0,0,0,,0,"{""build_ms"":102.456601,""build_events_ms"":33.926725,""build_kdtrees_ms"":34.736759,""build_rank_arrays_ms"":32.366195,""build_start_index_ms"":1.372723,""phase1_count_ms"":435.833783,""phase2_alias_ms"":777.712890,""phase3_sweep_ms"":688.648396,""run_build_ms"":102.457411,""run_count_ms"":435.836464,""run_sample_ms"":777.713970}",,"{""dataset"":{""source"":""synthetic"",""name"":""hetero_t__nr100000__ns100000__a1_000ep00__g1"",""dim"":2,""path_r"":"""",""path_s"":"""",""synthetic"":{""generator"":""hetero_sizes"",""n_r"":100000,""n_s"":100000,""alpha"":1,""seed"":1}},""run"":{""method"":""kd_tree"",""variant"":""sampling"",""t"":1000000,""seed"":1,""repeats"":3,""j_star"":1000000,""enum_cap"":0,""write_samples"":false,""verify"":false},""output"":{""out_dir"":""run/temp/exp5/hetero_t"",""run_tag"":""exp5_hetero_t""},""sys"":{""threads"":1},""logging"":{""level"":""INFO"",""with_timestamp"":true,""with_thread_id"":false}}","{""generator"":""hetero_sizes"",""dataset"":""hetero_t__nr100000__ns100000__a1_000ep00__g1"",""n_r"":100000,""n_s"":100000,""has_exact_k"":false,""k_target"":0,""k_achieved"":0,""alpha_target"":1,""alpha_achieved"":nan,""notes"":""p_large_r=0.1, w_small=[0.002,0.01], w_large=[0.1,0.3], anisotropic=1""}"
hetero_t__nr100000__ns100000__a1_000ep00__g1,hetero_sizes,1,100000,100000,kd_tree,sampling,1000000,2,3,1,1314.82,8.06931e+06,1,0,0,0,,0,"{""build_ms"":102.334573,""build_events_ms"":33.869145,""build_kdtrees_ms"":34.673581,""build_rank_arrays_ms"":32.363345,""build_start_index_ms"":1.374342,""phase1_count_ms"":434.083137,""phase2_alias_ms"":778.399636,""phase3_sweep_ms"":689.583327,""run_build_ms"":102.335543,""run_count_ms"":434.085588,""run_sample_ms"":778.400455}",,"{""dataset"":{""source"":""synthetic"",""name"":""hetero_t__nr100000__ns100000__a1_000ep00__g1"",""dim"":2,""path_r"":"""",""path_s"":"""",""synthetic"":{""generator"":""hetero_sizes"",""n_r"":100000,""n_s"":100000,""alpha"":1,""seed"":1}},""run"":{""method"":""kd_tree"",""variant"":""sampling"",""t"":1000000,""seed"":1,""repeats"":3,""j_star"":1000000,""enum_cap"":0,""write_samples"":false,""verify"":false},""output"":{""out_dir"":""run/temp/exp5/hetero_t"",""run_tag"":""exp5_hetero_t""},""sys"":{""threads"":1},""logging"":{""level"":""INFO"",""with_timestamp"":true,""with_thread_id"":false}}","{""generator"":""hetero_sizes"",""dataset"":""hetero_t__nr100000__ns100000__a1_000ep00__g1"",""n_r"":100000,""n_s"":100000,""has_exact_k"":false,""k_target"":0,""k_achieved"":0,""alpha_target"":1,""alpha_achieved"":nan,""notes"":""p_large_r=0.1, w_small=[0.002,0.01], w_large=[0.1,0.3], anisotropic=1""}"
hetero_t__nr100000__ns100000__a1_000ep00__g1,hetero_sizes,1,100000,100000,kd_tree,adaptive,1000000,0,1,1,1773.32,8.06931e+06,1,0,1,0,fallback_sampling,1000001,"{""adaptive_fallback_sampling_ms"":777.067982,""build_ms"":102.361233,""build_embedding_ms"":32.379535,""build_events_ms"":33.867936,""build_kdtrees_ms"":34.742688,""build_rank_arrays_ms"":32.336766,""build_start_index_ms"":1.366303,""enumerate_prepare_ms"":101.003149,""phase1_count_and_maybe_enumerate_ms"":553.006844,""phase2_alias_ms"":3.890063,""phase2_assign_ms"":83.755428,""phase3_sweep_ms"":688.722774,""run_build_ms"":102.362313,""run_fallback_count_ms"":553.010084,""run_fallback_sample_ms"":777.069831,""run_pilot_enum_prepare_ms"":101.006659,""run_pilot_enum_scan_ms"":239.832627}",,"{""dataset"":{""source"":""synthetic"",""name"":""hetero_t__nr100000__ns100000__a1_000ep00__g1"",""dim"":2,""path_r"":"""",""path_s"":"""",""synthetic"":{""generator"":""hetero_sizes"",""n_r"":100000,""n_s"":100000,""alpha"":1,""seed"":1}},""run"":{""method"":""kd_tree"",""variant"":""adaptive"",""t"":1000000,""seed"":1,""repeats"":3,""j_star"":1000000,""enum_cap"":0,""write_samples"":false,""verify"":false},""output"":{""out_dir"":""run/temp/exp5/hetero_t"",""run_tag"":""exp5_hetero_t""},""sys"":{""threads"":1},""logging"":{""level"":""INFO"",""with_timestamp"":true,""with_thread_id"":false}}","{""generator"":""hetero_sizes"",""dataset"":""hetero_t__nr100000__ns100000__a1_000ep00__g1"",""n_r"":100000,""n_s"":100000,""has_exact_k"":false,""k_target"":0,""k_achieved"":0,""alpha_target"":1,""alpha_achieved"":nan,""notes"":""p_large_r=0.1, w_small=[0.002,0.01], w_large=[0.1,0.3], anisotropic=1""}"
hetero_t__nr100000__ns100000__a1_000ep00__g1,hetero_sizes,1,100000,100000,kd_tree,adaptive,1000000,1,2,1,1775.21,8.06931e+06,1,0,1,0,fallback_sampling,1000001,"{""adaptive_fallback_sampling_ms"":778.114680,""build_ms"":102.365722,""build_embedding_ms"":32.413925,""build_events_ms"":33.848136,""build_kdtrees_ms"":34.723828,""build_rank_arrays_ms"":32.364486,""build_start_index_ms"":1.374713,""enumerate_prepare_ms"":100.977520,""phase1_count_and_maybe_enumerate_ms"":553.298338,""phase2_alias_ms"":3.894235,""phase2_assign_ms"":84.481784,""phase3_sweep_ms"":689.038417,""run_build_ms"":102.366452,""run_fallback_count_ms"":553.300918,""run_fallback_sample_ms"":778.116430,""run_pilot_enum_prepare_ms"":100.981010,""run_pilot_enum_scan_ms"":240.419075}",,"{""dataset"":{""source"":""synthetic"",""name"":""hetero_t__nr100000__ns100000__a1_000ep00__g1"",""dim"":2,""path_r"":"""",""path_s"":"""",""synthetic"":{""generator"":""hetero_sizes"",""n_r"":100000,""n_s"":100000,""alpha"":1,""seed"":1}},""run"":{""method"":""kd_tree"",""variant"":""adaptive"",""t"":1000000,""seed"":1,""repeats"":3,""j_star"":1000000,""enum_cap"":0,""write_samples"":false,""verify"":false},""output"":{""out_dir"":""run/temp/exp5/hetero_t"",""run_tag"":""exp5_hetero_t""},""sys"":{""threads"":1},""logging"":{""level"":""INFO"",""with_timestamp"":true,""with_thread_id"":false}}","{""generator"":""hetero_sizes"",""dataset"":""hetero_t__nr100000__ns100000__a1_000ep00__g1"",""n_r"":100000,""n_s"":100000,""has_exact_k"":false,""k_target"":0,""k_achieved"":0,""alpha_target"":1,""alpha_achieved"":nan,""notes"":""p_large_r=0.1, w_small=[0.002,0.01], w_large=[0.1,0.3], anisotropic=1""}"
hetero_t__nr100000__ns100000__a1_000ep00__g1,hetero_sizes,1,100000,100000,kd_tree,adaptive,1000000,2,3,1,1776.72,8.06931e+06,1,0,1,0,fallback_sampling,1000001,"{""adaptive_fallback_sampling_ms"":777.994591,""build_ms"":102.325343,""build_embedding_ms"":32.406884,""build_events_ms"":33.864816,""build_kdtrees_ms"":34.675761,""build_rank_arrays_ms"":32.358155,""build_start_index_ms"":1.372873,""enumerate_prepare_ms"":100.903941,""phase1_count_and_maybe_enumerate_ms"":554.357238,""phase2_alias_ms"":3.894184,""phase2_assign_ms"":84.090000,""phase3_sweep_ms"":689.311170,""run_build_ms"":102.326063,""run_fallback_count_ms"":554.359798,""run_fallback_sample_ms"":777.996341,""run_pilot_enum_prepare_ms"":100.908861,""run_pilot_enum_scan_ms"":241.100652}",,"{""dataset"":{""source"":""synthetic"",""name"":""hetero_t__nr100000__ns100000__a1_000ep00__g1"",""dim"":2,""path_r"":"""",""path_s"":"""",""synthetic"":{""generator"":""hetero_sizes"",""n_r"":100000,""n_s"":100000,""alpha"":1,""seed"":1}},""run"":{""method"":""kd_tree"",""variant"":""adaptive"",""t"":1000000,""seed"":1,""repeats"":3,""j_star"":1000000,""enum_cap"":0,""write_samples"":false,""verify"":false},""output"":{""out_dir"":""run/temp/exp5/hetero_t"",""run_tag"":""exp5_hetero_t""},""sys"":{""threads"":1},""logging"":{""level"":""INFO"",""with_timestamp"":true,""with_thread_id"":false}}","{""generator"":""hetero_sizes"",""dataset"":""hetero_t__nr100000__ns100000__a1_000ep00__g1"",""n_r"":100000,""n_s"":100000,""has_exact_k"":false,""k_target"":0,""k_achieved"":0,""alpha_target"":1,""alpha_achieved"":nan,""notes"":""p_large_r=0.1, w_small=[0.002,0.01], w_large=[0.1,0.3], anisotropic=1""}"
hetero_t__nr100000__ns100000__a1_000ep00__g1,hetero_sizes,1,100000,100000,r_tree,sampling,1000000,0,1,1,629.87,8.06931e+06,1,0,0,0,,0,"{""build_ms"":35.795989,""phase1_count_ms"":199.467228,""phase2_assign_ms"":19.976559,""phase3_sample_ms"":374.036994,""run_build_ms"":35.797158,""run_count_ms"":199.469158,""run_sample_ms"":394.601251}",,"{""dataset"":{""source"":""synthetic"",""name"":""hetero_t__nr100000__ns100000__a1_000ep00__g1"",""dim"":2,""path_r"":"""",""path_s"":"""",""synthetic"":{""generator"":""hetero_sizes"",""n_r"":100000,""n_s"":100000,""alpha"":1,""seed"":1}},""run"":{""method"":""r_tree"",""variant"":""sampling"",""t"":1000000,""seed"":1,""repeats"":3,""j_star"":1000000,""enum_cap"":0,""write_samples"":false,""verify"":false},""output"":{""out_dir"":""run/temp/exp5/hetero_t"",""run_tag"":""exp5_hetero_t""},""sys"":{""threads"":1},""logging"":{""level"":""INFO"",""with_timestamp"":true,""with_thread_id"":false}}","{""generator"":""hetero_sizes"",""dataset"":""hetero_t__nr100000__ns100000__a1_000ep00__g1"",""n_r"":100000,""n_s"":100000,""has_exact_k"":false,""k_target"":0,""k_achieved"":0,""alpha_target"":1,""alpha_achieved"":nan,""notes"":""p_large_r=0.1, w_small=[0.002,0.01], w_large=[0.1,0.3], anisotropic=1""}"
hetero_t__nr100000__ns100000__a1_000ep00__g1,hetero_sizes,1,100000,100000,r_tree,sampling,1000000,1,2,1,630.769,8.06931e+06,1,0,0,0,,0,"{""build_ms"":35.800708,""phase1_count_ms"":199.681653,""phase2_assign_ms"":20.146386,""phase3_sample_ms"":374.458065,""run_build_ms"":35.802258,""run_count_ms"":199.683573,""run_sample_ms"":395.187729}",,"{""dataset"":{""source"":""synthetic"",""name"":""hetero_t__nr100000__ns100000__a1_000ep00__g1"",""dim"":2,""path_r"":"""",""path_s"":"""",""synthetic"":{""generator"":""hetero_sizes"",""n_r"":100000,""n_s"":100000,""alpha"":1,""seed"":1}},""run"":{""method"":""r_tree"",""variant"":""sampling"",""t"":1000000,""seed"":1,""repeats"":3,""j_star"":1000000,""enum_cap"":0,""write_samples"":false,""verify"":false},""output"":{""out_dir"":""run/temp/exp5/hetero_t"",""run_tag"":""exp5_hetero_t""},""sys"":{""threads"":1},""logging"":{""level"":""INFO"",""with_timestamp"":true,""with_thread_id"":false}}","{""generator"":""hetero_sizes"",""dataset"":""hetero_t__nr100000__ns100000__a1_000ep00__g1"",""n_r"":100000,""n_s"":100000,""has_exact_k"":false,""k_target"":0,""k_achieved"":0,""alpha_target"":1,""alpha_achieved"":nan,""notes"":""p_large_r=0.1, w_small=[0.002,0.01], w_large=[0.1,0.3], anisotropic=1""}"
hetero_t__nr100000__ns100000__a1_000ep00__g1,hetero_sizes,1,100000,100000,r_tree,sampling,1000000,2,3,1,632.513,8.06931e+06,1,0,0,0,,0,"{""build_ms"":35.803108,""phase1_count_ms"":202.032538,""phase2_assign_ms"":20.013577,""phase3_sample_ms"":373.985675,""run_build_ms"":35.804848,""run_count_ms"":202.034308,""run_sample_ms"":394.578881}",,"{""dataset"":{""source"":""synthetic"",""name"":""hetero_t__nr100000__ns100000__a1_000ep00__g1"",""dim"":2,""path_r"":"""",""path_s"":"""",""synthetic"":{""generator"":""hetero_sizes"",""n_r"":100000,""n_s"":100000,""alpha"":1,""seed"":1}},""run"":{""method"":""r_tree"",""variant"":""sampling"",""t"":1000000,""seed"":1,""repeats"":3,""j_star"":1000000,""enum_cap"":0,""write_samples"":false,""verify"":false},""output"":{""out_dir"":""run/temp/exp5/hetero_t"",""run_tag"":""exp5_hetero_t""},""sys"":{""threads"":1},""logging"":{""level"":""INFO"",""with_timestamp"":true,""with_thread_id"":false}}","{""generator"":""hetero_sizes"",""dataset"":""hetero_t__nr100000__ns100000__a1_000ep00__g1"",""n_r"":100000,""n_s"":100000,""has_exact_k"":false,""k_target"":0,""k_achieved"":0,""alpha_target"":1,""alpha_achieved"":nan,""notes"":""p_large_r=0.1, w_small=[0.002,0.01], w_large=[0.1,0.3], anisotropic=1""}"
hetero_t__nr100000__ns100000__a1_000ep00__g1,hetero_sizes,1,100000,100000,r_tree,adaptive,1000000,0,1,1,773.697,8.06931e+06,1,0,1,0,fallback_sampling,1000001,"{""build_ms"":35.715270,""enumerate_prepare_ms"":34.080342,""phase1_adaptive_count_ms"":231.981860,""phase2+3_sampling_ms"":393.975362,""run_build_ms"":35.716619,""run_fallback_count_ms"":231.984290,""run_fallback_sample_ms"":393.977592,""run_pilot_enum_prepare_ms"":34.082781,""run_pilot_enum_scan_ms"":77.887492}",,"{""dataset"":{""source"":""synthetic"",""name"":""hetero_t__nr100000__ns100000__a1_000ep00__g1"",""dim"":2,""path_r"":"""",""path_s"":"""",""synthetic"":{""generator"":""hetero_sizes"",""n_r"":100000,""n_s"":100000,""alpha"":1,""seed"":1}},""run"":{""method"":""r_tree"",""variant"":""adaptive"",""t"":1000000,""seed"":1,""repeats"":3,""j_star"":1000000,""enum_cap"":0,""write_samples"":false,""verify"":false},""output"":{""out_dir"":""run/temp/exp5/hetero_t"",""run_tag"":""exp5_hetero_t""},""sys"":{""threads"":1},""logging"":{""level"":""INFO"",""with_timestamp"":true,""with_thread_id"":false}}","{""generator"":""hetero_sizes"",""dataset"":""hetero_t__nr100000__ns100000__a1_000ep00__g1"",""n_r"":100000,""n_s"":100000,""has_exact_k"":false,""k_target"":0,""k_achieved"":0,""alpha_target"":1,""alpha_achieved"":nan,""notes"":""p_large_r=0.1, w_small=[0.002,0.01], w_large=[0.1,0.3], anisotropic=1""}"
hetero_t__nr100000__ns100000__a1_000ep00__g1,hetero_sizes,1,100000,100000,r_tree,adaptive,1000000,1,2,1,774.505,8.06931e+06,1,0,1,0,fallback_sampling,1000001,"{""build_ms"":35.809308,""enumerate_prepare_ms"":34.171359,""phase1_adaptive_count_ms"":231.597088,""phase2+3_sampling_ms"":394.883054,""run_build_ms"":35.810628,""run_fallback_count_ms"":231.600038,""run_fallback_sample_ms"":394.885144,""run_pilot_enum_prepare_ms"":34.173699,""run_pilot_enum_scan_ms"":77.896523}",,"{""dataset"":{""source"":""synthetic"",""name"":""hetero_t__nr100000__ns100000__a1_000ep00__g1"",""dim"":2,""path_r"":"""",""path_s"":"""",""synthetic"":{""generator"":""hetero_sizes"",""n_r"":100000,""n_s"":100000,""alpha"":1,""seed"":1}},""run"":{""method"":""r_tree"",""variant"":""adaptive"",""t"":1000000,""seed"":1,""repeats"":3,""j_star"":1000000,""enum_cap"":0,""write_samples"":false,""verify"":false},""output"":{""out_dir"":""run/temp/exp5/hetero_t"",""run_tag"":""exp5_hetero_t""},""sys"":{""threads"":1},""logging"":{""level"":""INFO"",""with_timestamp"":true,""with_thread_id"":false}}","{""generator"":""hetero_sizes"",""dataset"":""hetero_t__nr100000__ns100000__a1_000ep00__g1"",""n_r"":100000,""n_s"":100000,""has_exact_k"":false,""k_target"":0,""k_achieved"":0,""alpha_target"":1,""alpha_achieved"":nan,""notes"":""p_large_r=0.1, w_small=[0.002,0.01], w_large=[0.1,0.3], anisotropic=1""}"
hetero_t__nr100000__ns100000__a1_000ep00__g1,hetero_sizes,1,100000,100000,r_tree,adaptive,1000000,2,3,1,780.296,8.06931e+06,1,0,1,0,fallback_sampling,1000001,"{""build_ms"":35.769938,""enumerate_prepare_ms"":34.109621,""phase1_adaptive_count_ms"":236.556640,""phase2+3_sampling_ms"":395.913564,""run_build_ms"":35.771368,""run_fallback_count_ms"":236.558600,""run_fallback_sample_ms"":395.915744,""run_pilot_enum_prepare_ms"":34.111641,""run_pilot_enum_scan_ms"":77.800935}",,"{""dataset"":{""source"":""synthetic"",""name"":""hetero_t__nr100000__ns100000__a1_000ep00__g1"",""dim"":2,""path_r"":"""",""path_s"":"""",""synthetic"":{""generator"":""hetero_sizes"",""n_r"":100000,""n_s"":100000,""alpha"":1,""seed"":1}},""run"":{""method"":""r_tree"",""variant"":""adaptive"",""t"":1000000,""seed"":1,""repeats"":3,""j_star"":1000000,""enum_cap"":0,""write_samples"":false,""verify"":false},""output"":{""out_dir"":""run/temp/exp5/hetero_t"",""run_tag"":""exp5_hetero_t""},""sys"":{""threads"":1},""logging"":{""level"":""INFO"",""with_timestamp"":true,""with_thread_id"":false}}","{""generator"":""hetero_sizes"",""dataset"":""hetero_t__nr100000__ns100000__a1_000ep00__g1"",""n_r"":100000,""n_s"":100000,""has_exact_k"":false,""k_target"":0,""k_achieved"":0,""alpha_target"":1,""alpha_achieved"":nan,""notes"":""p_large_r=0.1, w_small=[0.002,0.01], w_large=[0.1,0.3], anisotropic=1""}"
hetero_t__nr100000__ns100000__a1_000ep00__g1,hetero_sizes,1,100000,100000,range_tree,sampling,1000000,0,1,1,2824.51,8.06931e+06,1,0,0,0,,0,"{""build_ms"":100.703075,""build_events_ms"":33.866296,""build_range_trees_ms"":34.477984,""build_rank_arrays_ms"":30.950972,""build_start_index_ms"":1.363744,""phase1_count_ms"":1244.890231,""phase2_alias_ms"":1478.907551,""phase3_sweep_ms"":1391.042034,""run_build_ms"":100.703985,""run_count_ms"":1244.893321,""run_sample_ms"":1478.908721}",,"{""dataset"":{""source"":""synthetic"",""name"":""hetero_t__nr100000__ns100000__a1_000ep00__g1"",""dim"":2,""path_r"":"""",""path_s"":"""",""synthetic"":{""generator"":""hetero_sizes"",""n_r"":100000,""n_s"":100000,""alpha"":1,""seed"":1}},""run"":{""method"":""range_tree"",""variant"":""sampling"",""t"":1000000,""seed"":1,""repeats"":3,""j_star"":1000000,""enum_cap"":0,""write_samples"":false,""verify"":false},""output"":{""out_dir"":""run/temp/exp5/hetero_t"",""run_tag"":""exp5_hetero_t""},""sys"":{""threads"":1},""logging"":{""level"":""INFO"",""with_timestamp"":true,""with_thread_id"":false}}","{""generator"":""hetero_sizes"",""dataset"":""hetero_t__nr100000__ns100000__a1_000ep00__g1"",""n_r"":100000,""n_s"":100000,""has_exact_k"":false,""k_target"":0,""k_achieved"":0,""alpha_target"":1,""alpha_achieved"":nan,""notes"":""p_large_r=0.1, w_small=[0.002,0.01], w_large=[0.1,0.3], anisotropic=1""}"
hetero_t__nr100000__ns100000__a1_000ep00__g1,hetero_sizes,1,100000,100000,range_tree,sampling,1000000,1,2,1,2823,8.06931e+06,1,0,0,0,,0,"{""build_ms"":99.466668,""build_events_ms"":33.893525,""build_range_trees_ms"":33.198859,""build_rank_arrays_ms"":30.943703,""build_start_index_ms"":1.373573,""phase1_count_ms"":1244.149424,""phase2_alias_ms"":1479.351389,""phase3_sweep_ms"":1390.992053,""run_build_ms"":99.467238,""run_count_ms"":1244.152145,""run_sample_ms"":1479.352159}",,"{""dataset"":{""source"":""synthetic"",""name"":""hetero_t__nr100000__ns100000__a1_000ep00__g1"",""dim"":2,""path_r"":"""",""path_s"":"""",""synthetic"":{""generator"":""hetero_sizes"",""n_r"":100000,""n_s"":100000,""alpha"":1,""seed"":1}},""run"":{""method"":""range_tree"",""variant"":""sampling"",""t"":1000000,""seed"":1,""repeats"":3,""j_star"":1000000,""enum_cap"":0,""write_samples"":false,""verify"":false},""output"":{""out_dir"":""run/temp/exp5/hetero_t"",""run_tag"":""exp5_hetero_t""},""sys"":{""threads"":1},""logging"":{""level"":""INFO"",""with_timestamp"":true,""with_thread_id"":false}}","{""generator"":""hetero_sizes"",""dataset"":""hetero_t__nr100000__ns100000__a1_000ep00__g1"",""n_r"":100000,""n_s"":100000,""has_exact_k"":false,""k_target"":0,""k_achieved"":0,""alpha_target"":1,""alpha_achieved"":nan,""notes"":""p_large_r=0.1, w_small=[0.002,0.01], w_large=[0.1,0.3], anisotropic=1""}"
hetero_t__nr100000__ns100000__a1_000ep00__g1,hetero_sizes,1,100000,100000,range_tree,sampling,1000000,2,3,1,2822.67,8.06931e+06,1,0,0,0,,0,"{""build_ms"":99.403810,""build_events_ms"":33.862976,""build_range_trees_ms"":33.220958,""build_rank_arrays_ms"":30.894764,""build_start_index_ms"":1.369593,""phase1_count_ms"":1244.132593,""phase2_alias_ms"":1479.105973,""phase3_sweep_ms"":1391.130309,""run_build_ms"":99.404430,""run_count_ms"":1244.135903,""run_sample_ms"":1479.107033}",,"{""dataset"":{""source"":""synthetic"",""name"":""hetero_t__nr100000__ns100000__a1_000ep00__g1"",""dim"":2,""path_r"":"""",""path_s"":"""",""synthetic"":{""generator"":""hetero_sizes"",""n_r"":100000,""n_s"":100000,""alpha"":1,""seed"":1}},""run"":{""method"":""range_tree"",""variant"":""sampling"",""t"":1000000,""seed"":1,""repeats"":3,""j_star"":1000000,""enum_cap"":0,""write_samples"":false,""verify"":false},""output"":{""out_dir"":""run/temp/exp5/hetero_t"",""run_tag"":""exp5_hetero_t""},""sys"":{""threads"":1},""logging"":{""level"":""INFO"",""with_timestamp"":true,""with_thread_id"":false}}","{""generator"":""hetero_sizes"",""dataset"":""hetero_t__nr100000__ns100000__a1_000ep00__g1"",""n_r"":100000,""n_s"":100000,""has_exact_k"":false,""k_target"":0,""k_achieved"":0,""alpha_target"":1,""alpha_achieved"":nan,""notes"":""p_large_r=0.1, w_small=[0.002,0.01], w_large=[0.1,0.3], anisotropic=1""}"
hetero_t__nr100000__ns100000__a1_000ep00__g1,hetero_sizes,1,100000,100000,range_tree,adaptive,1000000,0,1,1,3440.38,8.06931e+06,1,0,1,0,fallback_sampling,1000001,"{""adaptive_count_ms"":1363.626027,""build_ms"":101.026758,""build_events_ms"":33.867245,""build_range_trees_ms"":34.667400,""build_rank_arrays_ms"":31.075580,""build_start_index_ms"":1.370963,""enumerate_prepare_ms"":99.654135,""phase2_alias_ms"":1481.990954,""phase3_sweep_ms"":1392.120157,""run_build_ms"":101.027448,""run_fallback_count_ms"":1363.629057,""run_fallback_sample_ms"":1481.992434,""run_pilot_enum_prepare_ms"":99.657065,""run_pilot_enum_scan_ms"":394.017710}",,"{""dataset"":{""source"":""synthetic"",""name"":""hetero_t__nr100000__ns100000__a1_000ep00__g1"",""dim"":2,""path_r"":"""",""path_s"":"""",""synthetic"":{""generator"":""hetero_sizes"",""n_r"":100000,""n_s"":100000,""alpha"":1,""seed"":1}},""run"":{""method"":""range_tree"",""variant"":""adaptive"",""t"":1000000,""seed"":1,""repeats"":3,""j_star"":1000000,""enum_cap"":0,""write_samples"":false,""verify"":false},""output"":{""out_dir"":""run/temp/exp5/hetero_t"",""run_tag"":""exp5_hetero_t""},""sys"":{""threads"":1},""logging"":{""level"":""INFO"",""with_timestamp"":true,""with_thread_id"":false}}","{""generator"":""hetero_sizes"",""dataset"":""hetero_t__nr100000__ns100000__a1_000ep00__g1"",""n_r"":100000,""n_s"":100000,""has_exact_k"":false,""k_target"":0,""k_achieved"":0,""alpha_target"":1,""alpha_achieved"":nan,""notes"":""p_large_r=0.1, w_small=[0.002,0.01], w_large=[0.1,0.3], anisotropic=1""}"
hetero_t__nr100000__ns100000__a1_000ep00__g1,hetero_sizes,1,100000,100000,range_tree,adaptive,1000000,1,2,1,3448.57,8.06931e+06,1,0,1,0,fallback_sampling,1000001,"{""adaptive_count_ms"":1366.190474,""build_ms"":99.458938,""build_events_ms"":33.911445,""build_range_trees_ms"":33.223238,""build_rank_arrays_ms"":30.873834,""build_start_index_ms"":1.396452,""enumerate_prepare_ms"":99.701615,""phase2_alias_ms"":1488.788359,""phase3_sweep_ms"":1398.273724,""run_build_ms"":99.459678,""run_fallback_count_ms"":1366.192844,""run_fallback_sample_ms"":1488.789198,""run_pilot_enum_prepare_ms"":99.704984,""run_pilot_enum_scan_ms"":394.367223}",,"{""dataset"":{""source"":""synthetic"",""name"":""hetero_t__nr100000__ns100000__a1_000ep00__g1"",""dim"":2,""path_r"":"""",""path_s"":"""",""synthetic"":{""generator"":""hetero_sizes"",""n_r"":100000,""n_s"":100000,""alpha"":1,""seed"":1}},""run"":{""method"":""range_tree"",""variant"":""adaptive"",""t"":1000000,""seed"":1,""repeats"":3,""j_star"":1000000,""enum_cap"":0,""write_samples"":false,""verify"":false},""output"":{""out_dir"":""run/temp/exp5/hetero_t"",""run_tag"":""exp5_hetero_t""},""sys"":{""threads"":1},""logging"":{""level"":""INFO"",""with_timestamp"":true,""with_thread_id"":false}}","{""generator"":""hetero_sizes"",""dataset"":""hetero_t__nr100000__ns100000__a1_000ep00__g1"",""n_r"":100000,""n_s"":100000,""has_exact_k"":false,""k_target"":0,""k_achieved"":0,""alpha_target"":1,""alpha_achieved"":nan,""notes"":""p_large_r=0.1, w_small=[0.002,0.01], w_large=[0.1,0.3], anisotropic=1""}"
hetero_t__nr100000__ns100000__a1_000ep00__g1,hetero_sizes,1,100000,100000,range_tree,adaptive,1000000,2,3,1,3439.62,8.06931e+06,1,0,1,0,fallback_sampling,1000001,"{""adaptive_count_ms"":1364.711241,""build_ms"":99.502848,""build_events_ms"":33.849325,""build_range_trees_ms"":33.358286,""build_rank_arrays_ms"":30.860935,""build_start_index_ms"":1.378023,""enumerate_prepare_ms"":99.610945,""phase2_alias_ms"":1481.738134,""phase3_sweep_ms"":1391.444037,""run_build_ms"":99.503548,""run_fallback_count_ms"":1364.713241,""run_fallback_sample_ms"":1481.739045,""run_pilot_enum_prepare_ms"":99.614565,""run_pilot_enum_scan_ms"":393.997449}",,"{""dataset"":{""source"":""synthetic"",""name"":""hetero_t__nr100000__ns100000__a1_000ep00__g1"",""dim"":2,""path_r"":"""",""path_s"":"""",""synthetic"":{""generator"":""hetero_sizes"",""n_r"":100000,""n_s"":100000,""alpha"":1,""seed"":1}},""run"":{""method"":""range_tree"",""variant"":""adaptive"",""t"":1000000,""seed"":1,""repeats"":3,""j_star"":1000000,""enum_cap"":0,""write_samples"":false,""verify"":false},""output"":{""out_dir"":""run/temp/exp5/hetero_t"",""run_tag"":""exp5_hetero_t""},""sys"":{""threads"":1},""logging"":{""level"":""INFO"",""with_timestamp"":true,""with_thread_id"":false}}","{""generator"":""hetero_sizes"",""dataset"":""hetero_t__nr100000__ns100000__a1_000ep00__g1"",""n_r"":100000,""n_s"":100000,""has_exact_k"":false,""k_target"":0,""k_achieved"":0,""alpha_target"":1,""alpha_achieved"":nan,""notes"":""p_large_r=0.1, w_small=[0.002,0.01], w_large=[0.1,0.3], anisotropic=1""}"
hetero_t__nr100000__ns100000__a1_000ep00__g1,hetero_sizes,1,100000,100000,pbsm,sampling,1000000,0,1,1,1034.6,8.06931e+06,1,0,0,0,,0,"{""build_ms"":21.876531,""pbsm_build_ms"":21.876110,""pbsm_count_pass1_ms"":444.512017,""pbsm_partitions_stripes_ms"":21.531978,""pbsm_sample_draw_ranks_ms"":69.085524,""pbsm_sample_pass2_select_ms"":498.537918,""run_build_ms"":21.877191,""run_count_ms"":444.515137,""run_sample_ms"":568.204910}",,"{""dataset"":{""source"":""synthetic"",""name"":""hetero_t__nr100000__ns100000__a1_000ep00__g1"",""dim"":2,""path_r"":"""",""path_s"":"""",""synthetic"":{""generator"":""hetero_sizes"",""n_r"":100000,""n_s"":100000,""alpha"":1,""seed"":1}},""run"":{""method"":""pbsm"",""variant"":""sampling"",""t"":1000000,""seed"":1,""repeats"":3,""j_star"":1000000,""enum_cap"":0,""write_samples"":false,""verify"":false},""output"":{""out_dir"":""run/temp/exp5/hetero_t"",""run_tag"":""exp5_hetero_t""},""sys"":{""threads"":1},""logging"":{""level"":""INFO"",""with_timestamp"":true,""with_thread_id"":false}}","{""generator"":""hetero_sizes"",""dataset"":""hetero_t__nr100000__ns100000__a1_000ep00__g1"",""n_r"":100000,""n_s"":100000,""has_exact_k"":false,""k_target"":0,""k_achieved"":0,""alpha_target"":1,""alpha_achieved"":nan,""notes"":""p_large_r=0.1, w_small=[0.002,0.01], w_large=[0.1,0.3], anisotropic=1""}"
hetero_t__nr100000__ns100000__a1_000ep00__g1,hetero_sizes,1,100000,100000,pbsm,sampling,1000000,1,2,1,1037.9,8.06931e+06,1,0,0,0,,0,"{""build_ms"":21.788632,""pbsm_build_ms"":21.788392,""pbsm_count_pass1_ms"":448.965790,""pbsm_partitions_stripes_ms"":21.444289,""pbsm_sample_draw_ranks_ms"":68.025494,""pbsm_sample_pass2_select_ms"":498.532277,""run_build_ms"":21.789002,""run_count_ms"":448.969030,""run_sample_ms"":567.141420}",,"{""dataset"":{""source"":""synthetic"",""name"":""hetero_t__nr100000__ns100000__a1_000ep00__g1"",""dim"":2,""path_r"":"""",""path_s"":"""",""synthetic"":{""generator"":""hetero_sizes"",""n_r"":100000,""n_s"":100000,""alpha"":1,""seed"":1}},""run"":{""method"":""pbsm"",""variant"":""sampling"",""t"":1000000,""seed"":1,""repeats"":3,""j_star"":1000000,""enum_cap"":0,""write_samples"":false,""verify"":false},""output"":{""out_dir"":""run/temp/exp5/hetero_t"",""run_tag"":""exp5_hetero_t""},""sys"":{""threads"":1},""logging"":{""level"":""INFO"",""with_timestamp"":true,""with_thread_id"":false}}","{""generator"":""hetero_sizes"",""dataset"":""hetero_t__nr100000__ns100000__a1_000ep00__g1"",""n_r"":100000,""n_s"":100000,""has_exact_k"":false,""k_target"":0,""k_achieved"":0,""alpha_target"":1,""alpha_achieved"":nan,""notes"":""p_large_r=0.1, w_small=[0.002,0.01], w_large=[0.1,0.3], anisotropic=1""}"
hetero_t__nr100000__ns100000__a1_000ep00__g1,hetero_sizes,1,100000,100000,pbsm,sampling,1000000,2,3,1,1046.58,8.06931e+06,1,0,0,0,,0,"{""build_ms"":21.777583,""pbsm_build_ms"":21.777313,""pbsm_count_pass1_ms"":452.860283,""pbsm_partitions_stripes_ms"":21.432749,""pbsm_sample_draw_ranks_ms"":68.364498,""pbsm_sample_pass2_select_ms"":502.981920,""run_build_ms"":21.777973,""run_count_ms"":452.864073,""run_sample_ms"":571.934876}",,"{""dataset"":{""source"":""synthetic"",""name"":""hetero_t__nr100000__ns100000__a1_000ep00__g1"",""dim"":2,""path_r"":"""",""path_s"":"""",""synthetic"":{""generator"":""hetero_sizes"",""n_r"":100000,""n_s"":100000,""alpha"":1,""seed"":1}},""run"":{""method"":""pbsm"",""variant"":""sampling"",""t"":1000000,""seed"":1,""repeats"":3,""j_star"":1000000,""enum_cap"":0,""write_samples"":false,""verify"":false},""output"":{""out_dir"":""run/temp/exp5/hetero_t"",""run_tag"":""exp5_hetero_t""},""sys"":{""threads"":1},""logging"":{""level"":""INFO"",""with_timestamp"":true,""with_thread_id"":false}}","{""generator"":""hetero_sizes"",""dataset"":""hetero_t__nr100000__ns100000__a1_000ep00__g1"",""n_r"":100000,""n_s"":100000,""has_exact_k"":false,""k_target"":0,""k_achieved"":0,""alpha_target"":1,""alpha_achieved"":nan,""notes"":""p_large_r=0.1, w_small=[0.002,0.01], w_large=[0.1,0.3], anisotropic=1""}"
hetero_t__nr100000__ns100000__a1_000ep00__g1,hetero_sizes,1,100000,100000,pbsm,adaptive,1000000,0,1,1,1121.22,8.06931e+06,1,0,1,0,fallback_sampling,1000001,"{""build_ms"":21.782703,""enumerate_prepare_ms"":0.000409,""pbsm_adaptive_pass1_ms"":461.254398,""pbsm_adaptive_sample_large_ms"":571.652372,""pbsm_build_ms"":21.782283,""pbsm_partitions_stripes_ms"":21.436989,""run_build_ms"":21.783483,""run_fallback_count_ms"":461.259288,""run_fallback_sample_ms"":571.655652,""run_pilot_enum_prepare_ms"":0.001091,""run_pilot_enum_scan_ms"":66.485075}",,"{""dataset"":{""source"":""synthetic"",""name"":""hetero_t__nr100000__ns100000__a1_000ep00__g1"",""dim"":2,""path_r"":"""",""path_s"":"""",""synthetic"":{""generator"":""hetero_sizes"",""n_r"":100000,""n_s"":100000,""alpha"":1,""seed"":1}},""run"":{""method"":""pbsm"",""variant"":""adaptive"",""t"":1000000,""seed"":1,""repeats"":3,""j_star"":1000000,""enum_cap"":0,""write_samples"":false,""verify"":false},""output"":{""out_dir"":""run/temp/exp5/hetero_t"",""run_tag"":""exp5_hetero_t""},""sys"":{""threads"":1},""logging"":{""level"":""INFO"",""with_timestamp"":true,""with_thread_id"":false}}","{""generator"":""hetero_sizes"",""dataset"":""hetero_t__nr100000__ns100000__a1_000ep00__g1"",""n_r"":100000,""n_s"":100000,""has_exact_k"":false,""k_target"":0,""k_achieved"":0,""alpha_target"":1,""alpha_achieved"":nan,""notes"":""p_large_r=0.1, w_small=[0.002,0.01], w_large=[0.1,0.3], anisotropic=1""}"
hetero_t__nr100000__ns100000__a1_000ep00__g1,hetero_sizes,1,100000,100000,pbsm,adaptive,1000000,1,2,1,1129.92,8.06931e+06,1,0,1,0,fallback_sampling,1000001,"{""build_ms"":21.807742,""enumerate_prepare_ms"":0.000260,""pbsm_adaptive_pass1_ms"":463.677520,""pbsm_adaptive_sample_large_ms"":577.751850,""pbsm_build_ms"":21.807302,""pbsm_partitions_stripes_ms"":21.458569,""run_build_ms"":21.808192,""run_fallback_count_ms"":463.681920,""run_fallback_sample_ms"":577.754791,""run_pilot_enum_prepare_ms"":0.000780,""run_pilot_enum_scan_ms"":66.637472}",,"{""dataset"":{""source"":""synthetic"",""name"":""hetero_t__nr100000__ns100000__a1_000ep00__g1"",""dim"":2,""path_r"":"""",""path_s"":"""",""synthetic"":{""generator"":""hetero_sizes"",""n_r"":100000,""n_s"":100000,""alpha"":1,""seed"":1}},""run"":{""method"":""pbsm"",""variant"":""adaptive"",""t"":1000000,""seed"":1,""repeats"":3,""j_star"":1000000,""enum_cap"":0,""write_samples"":false,""verify"":false},""output"":{""out_dir"":""run/temp/exp5/hetero_t"",""run_tag"":""exp5_hetero_t""},""sys"":{""threads"":1},""logging"":{""level"":""INFO"",""with_timestamp"":true,""with_thread_id"":false}}","{""generator"":""hetero_sizes"",""dataset"":""hetero_t__nr100000__ns100000__a1_000ep00__g1"",""n_r"":100000,""n_s"":100000,""has_exact_k"":false,""k_target"":0,""k_achieved"":0,""alpha_target"":1,""alpha_achieved"":nan,""notes"":""p_large_r=0.1, w_small=[0.002,0.01], w_large=[0.1,0.3], anisotropic=1""}"
hetero_t__nr100000__ns100000__a1_000ep00__g1,hetero_sizes,1,100000,100000,pbsm,adaptive,1000000,2,3,1,1127.27,8.06931e+06,1,0,1,0,fallback_sampling,1000001,"{""build_ms"":21.788293,""enumerate_prepare_ms"":0.000289,""pbsm_adaptive_pass1_ms"":464.267059,""pbsm_adaptive_sample_large_ms"":573.963925,""pbsm_build_ms"":21.787813,""pbsm_partitions_stripes_ms"":21.441600,""run_build_ms"":21.789012,""run_fallback_count_ms"":464.271489,""run_fallback_sample_ms"":573.971535,""run_pilot_enum_prepare_ms"":0.000671,""run_pilot_enum_scan_ms"":67.206241}",,"{""dataset"":{""source"":""synthetic"",""name"":""hetero_t__nr100000__ns100000__a1_000ep00__g1"",""dim"":2,""path_r"":"""",""path_s"":"""",""synthetic"":{""generator"":""hetero_sizes"",""n_r"":100000,""n_s"":100000,""alpha"":1,""seed"":1}},""run"":{""method"":""pbsm"",""variant"":""adaptive"",""t"":1000000,""seed"":1,""repeats"":3,""j_star"":1000000,""enum_cap"":0,""write_samples"":false,""verify"":false},""output"":{""out_dir"":""run/temp/exp5/hetero_t"",""run_tag"":""exp5_hetero_t""},""sys"":{""threads"":1},""logging"":{""level"":""INFO"",""with_timestamp"":true,""with_thread_id"":false}}","{""generator"":""hetero_sizes"",""dataset"":""hetero_t__nr100000__ns100000__a1_000ep00__g1"",""n_r"":100000,""n_s"":100000,""has_exact_k"":false,""k_target"":0,""k_achieved"":0,""alpha_target"":1,""alpha_achieved"":nan,""notes"":""p_large_r=0.1, w_small=[0.002,0.01], w_large=[0.1,0.3], anisotropic=1""}"
hetero_t__nr100000__ns100000__a1_000ep00__g1,hetero_sizes,1,100000,100000,tlsop,sampling,1000000,0,1,1,396.229,8.06931e+06,1,0,0,0,,0,"{""build_ms"":33.577991,""run_build_ms"":33.578691,""run_count_ms"":132.328653,""run_sample_ms"":230.315650,""tlsop_alloc_tiles_ms"":0.068858,""tlsop_build_ms"":33.576311,""tlsop_build_edges_ms"":0.000310,""tlsop_count_pass1_ms"":132.325043,""tlsop_pass1_count_caps_ms"":6.548162,""tlsop_pass1_reserve_ms"":0.531759,""tlsop_pass2_fill_ms"":8.105891,""tlsop_sample_draw_ranks_ms"":69.405668,""tlsop_sample_pass2_select_ms"":160.326724,""tlsop_sort_lists_ms"":18.307381}",,"{""dataset"":{""source"":""synthetic"",""name"":""hetero_t__nr100000__ns100000__a1_000ep00__g1"",""dim"":2,""path_r"":"""",""path_s"":"""",""synthetic"":{""generator"":""hetero_sizes"",""n_r"":100000,""n_s"":100000,""alpha"":1,""seed"":1}},""run"":{""method"":""tlsop"",""variant"":""sampling"",""t"":1000000,""seed"":1,""repeats"":3,""j_star"":1000000,""enum_cap"":0,""write_samples"":false,""verify"":false},""output"":{""out_dir"":""run/temp/exp5/hetero_t"",""run_tag"":""exp5_hetero_t""},""sys"":{""threads"":1},""logging"":{""level"":""INFO"",""with_timestamp"":true,""with_thread_id"":false}}","{""generator"":""hetero_sizes"",""dataset"":""hetero_t__nr100000__ns100000__a1_000ep00__g1"",""n_r"":100000,""n_s"":100000,""has_exact_k"":false,""k_target"":0,""k_achieved"":0,""alpha_target"":1,""alpha_achieved"":nan,""notes"":""p_large_r=0.1, w_small=[0.002,0.01], w_large=[0.1,0.3], anisotropic=1""}"
hetero_t__nr100000__ns100000__a1_000ep00__g1,hetero_sizes,1,100000,100000,tlsop,sampling,1000000,1,2,1,395.39,8.06931e+06,1,0,0,0,,0,"{""build_ms"":33.978053,""run_build_ms"":33.978513,""run_count_ms"":131.889911,""run_sample_ms"":228.950217,""tlsop_alloc_tiles_ms"":0.061809,""tlsop_build_ms"":33.976893,""tlsop_build_edges_ms"":0.000540,""tlsop_count_pass1_ms"":131.886731,""tlsop_pass1_count_caps_ms"":6.554812,""tlsop_pass1_reserve_ms"":0.480620,""tlsop_pass2_fill_ms"":8.116841,""tlsop_sample_draw_ranks_ms"":67.933247,""tlsop_sample_pass2_select_ms"":160.435111,""tlsop_sort_lists_ms"":18.294451}",,"{""dataset"":{""source"":""synthetic"",""name"":""hetero_t__nr100000__ns100000__a1_000ep00__g1"",""dim"":2,""path_r"":"""",""path_s"":"""",""synthetic"":{""generator"":""hetero_sizes"",""n_r"":100000,""n_s"":100000,""alpha"":1,""seed"":1}},""run"":{""method"":""tlsop"",""variant"":""sampling"",""t"":1000000,""seed"":1,""repeats"":3,""j_star"":1000000,""enum_cap"":0,""write_samples"":false,""verify"":false},""output"":{""out_dir"":""run/temp/exp5/hetero_t"",""run_tag"":""exp5_hetero_t""},""sys"":{""threads"":1},""logging"":{""level"":""INFO"",""with_timestamp"":true,""with_thread_id"":false}}","{""generator"":""hetero_sizes"",""dataset"":""hetero_t__nr100000__ns100000__a1_000ep00__g1"",""n_r"":100000,""n_s"":100000,""has_exact_k"":false,""k_target"":0,""k_achieved"":0,""alpha_target"":1,""alpha_achieved"":nan,""notes"":""p_large_r=0.1, w_small=[0.002,0.01], w_large=[0.1,0.3], anisotropic=1""}"
hetero_t__nr100000__ns100000__a1_000ep00__g1,hetero_sizes,1,100000,100000,tlsop,sampling,1000000,2,3,1,395.437,8.06931e+06,1,0,0,0,,0,"{""build_ms"":33.958154,""run_build_ms"":33.958764,""run_count_ms"":131.840653,""run_sample_ms"":229.066644,""tlsop_alloc_tiles_ms"":0.070659,""tlsop_build_ms"":33.957414,""tlsop_build_edges_ms"":0.000600,""tlsop_count_pass1_ms"":131.837173,""tlsop_pass1_count_caps_ms"":6.548161,""tlsop_pass1_reserve_ms"":0.480921,""tlsop_pass2_fill_ms"":8.113850,""tlsop_sample_draw_ranks_ms"":68.368668,""tlsop_sample_pass2_select_ms"":160.116308,""tlsop_sort_lists_ms"":18.268882}",,"{""dataset"":{""source"":""synthetic"",""name"":""hetero_t__nr100000__ns100000__a1_000ep00__g1"",""dim"":2,""path_r"":"""",""path_s"":"""",""synthetic"":{""generator"":""hetero_sizes"",""n_r"":100000,""n_s"":100000,""alpha"":1,""seed"":1}},""run"":{""method"":""tlsop"",""variant"":""sampling"",""t"":1000000,""seed"":1,""repeats"":3,""j_star"":1000000,""enum_cap"":0,""write_samples"":false,""verify"":false},""output"":{""out_dir"":""run/temp/exp5/hetero_t"",""run_tag"":""exp5_hetero_t""},""sys"":{""threads"":1},""logging"":{""level"":""INFO"",""with_timestamp"":true,""with_thread_id"":false}}","{""generator"":""hetero_sizes"",""dataset"":""hetero_t__nr100000__ns100000__a1_000ep00__g1"",""n_r"":100000,""n_s"":100000,""has_exact_k"":false,""k_target"":0,""k_achieved"":0,""alpha_target"":1,""alpha_achieved"":nan,""notes"":""p_large_r=0.1, w_small=[0.002,0.01], w_large=[0.1,0.3], anisotropic=1""}"
hetero_t__nr100000__ns100000__a1_000ep00__g1,hetero_sizes,1,100000,100000,tlsop,adaptive,1000000,0,1,1,419.734,8.06931e+06,1,0,1,0,fallback_sampling,1000001,"{""build_ms"":33.589480,""enumerate_prepare_ms"":0.011999,""run_build_ms"":33.590120,""run_fallback_count_ms"":135.606868,""run_fallback_sample_ms"":230.721702,""run_pilot_enum_prepare_ms"":0.012840,""run_pilot_enum_scan_ms"":19.782802,""tlsop_adaptive_pass1_ms"":135.593899,""tlsop_adaptive_sample_large_ms"":230.713642,""tlsop_alloc_tiles_ms"":0.078028,""tlsop_build_ms"":33.588211,""tlsop_build_edges_ms"":0.000390,""tlsop_pass1_count_caps_ms"":6.577731,""tlsop_pass1_reserve_ms"":0.479030,""tlsop_pass2_fill_ms"":8.103272,""tlsop_sort_lists_ms"":18.338049}",,"{""dataset"":{""source"":""synthetic"",""name"":""hetero_t__nr100000__ns100000__a1_000ep00__g1"",""dim"":2,""path_r"":"""",""path_s"":"""",""synthetic"":{""generator"":""hetero_sizes"",""n_r"":100000,""n_s"":100000,""alpha"":1,""seed"":1}},""run"":{""method"":""tlsop"",""variant"":""adaptive"",""t"":1000000,""seed"":1,""repeats"":3,""j_star"":1000000,""enum_cap"":0,""write_samples"":false,""verify"":false},""output"":{""out_dir"":""run/temp/exp5/hetero_t"",""run_tag"":""exp5_hetero_t""},""sys"":{""threads"":1},""logging"":{""level"":""INFO"",""with_timestamp"":true,""with_thread_id"":false}}","{""generator"":""hetero_sizes"",""dataset"":""hetero_t__nr100000__ns100000__a1_000ep00__g1"",""n_r"":100000,""n_s"":100000,""has_exact_k"":false,""k_target"":0,""k_achieved"":0,""alpha_target"":1,""alpha_achieved"":nan,""notes"":""p_large_r=0.1, w_small=[0.002,0.01], w_large=[0.1,0.3], anisotropic=1""}"
hetero_t__nr100000__ns100000__a1_000ep00__g1,hetero_sizes,1,100000,100000,tlsop,adaptive,1000000,1,2,1,419.786,8.06931e+06,1,0,1,0,fallback_sampling,1000001,"{""build_ms"":34.047132,""enumerate_prepare_ms"":0.012010,""run_build_ms"":34.047632,""run_fallback_count_ms"":135.861094,""run_fallback_sample_ms"":229.477396,""run_pilot_enum_prepare_ms"":0.012590,""run_pilot_enum_scan_ms"":19.767852,""tlsop_adaptive_pass1_ms"":135.847764,""tlsop_adaptive_sample_large_ms"":229.469146,""tlsop_alloc_tiles_ms"":0.061869,""tlsop_build_ms"":34.046032,""tlsop_build_edges_ms"":0.000290,""tlsop_pass1_count_caps_ms"":6.582731,""tlsop_pass1_reserve_ms"":0.476991,""tlsop_pass2_fill_ms"":8.099731,""tlsop_sort_lists_ms"":18.363080}",,"{""dataset"":{""source"":""synthetic"",""name"":""hetero_t__nr100000__ns100000__a1_000ep00__g1"",""dim"":2,""path_r"":"""",""path_s"":"""",""synthetic"":{""generator"":""hetero_sizes"",""n_r"":100000,""n_s"":100000,""alpha"":1,""seed"":1}},""run"":{""method"":""tlsop"",""variant"":""adaptive"",""t"":1000000,""seed"":1,""repeats"":3,""j_star"":1000000,""enum_cap"":0,""write_samples"":false,""verify"":false},""output"":{""out_dir"":""run/temp/exp5/hetero_t"",""run_tag"":""exp5_hetero_t""},""sys"":{""threads"":1},""logging"":{""level"":""INFO"",""with_timestamp"":true,""with_thread_id"":false}}","{""generator"":""hetero_sizes"",""dataset"":""hetero_t__nr100000__ns100000__a1_000ep00__g1"",""n_r"":100000,""n_s"":100000,""has_exact_k"":false,""k_target"":0,""k_achieved"":0,""alpha_target"":1,""alpha_achieved"":nan,""notes"":""p_large_r=0.1, w_small=[0.002,0.01], w_large=[0.1,0.3], anisotropic=1""}"
hetero_t__nr100000__ns100000__a1_000ep00__g1,hetero_sizes,1,100000,100000,tlsop,adaptive,1000000,2,3,1,419.84,8.06931e+06,1,0,1,0,fallback_sampling,1000001,"{""build_ms"":33.994793,""enumerate_prepare_ms"":0.011750,""run_build_ms"":33.995323,""run_fallback_count_ms"":135.692366,""run_fallback_sample_ms"":229.604674,""run_pilot_enum_prepare_ms"":0.012180,""run_pilot_enum_scan_ms"":19.933709,""tlsop_adaptive_pass1_ms"":135.678876,""tlsop_adaptive_sample_large_ms"":229.596774,""tlsop_alloc_tiles_ms"":0.061749,""tlsop_build_ms"":33.993503,""tlsop_build_edges_ms"":0.000520,""tlsop_pass1_count_caps_ms"":6.575160,""tlsop_pass1_reserve_ms"":0.476831,""tlsop_pass2_fill_ms"":8.096021,""tlsop_sort_lists_ms"":18.318771}",,"{""dataset"":{""source"":""synthetic"",""name"":""hetero_t__nr100000__ns100000__a1_000ep00__g1"",""dim"":2,""path_r"":"""",""path_s"":"""",""synthetic"":{""generator"":""hetero_sizes"",""n_r"":100000,""n_s"":100000,""alpha"":1,""seed"":1}},""run"":{""method"":""tlsop"",""variant"":""adaptive"",""t"":1000000,""seed"":1,""repeats"":3,""j_star"":1000000,""enum_cap"":0,""write_samples"":false,""verify"":false},""output"":{""out_dir"":""run/temp/exp5/hetero_t"",""run_tag"":""exp5_hetero_t""},""sys"":{""threads"":1},""logging"":{""level"":""INFO"",""with_timestamp"":true,""with_thread_id"":false}}","{""generator"":""hetero_sizes"",""dataset"":""hetero_t__nr100000__ns100000__a1_000ep00__g1"",""n_r"":100000,""n_s"":100000,""has_exact_k"":false,""k_target"":0,""k_achieved"":0,""alpha_target"":1,""alpha_achieved"":nan,""notes"":""p_large_r=0.1, w_small=[0.002,0.01], w_large=[0.1,0.3], anisotropic=1""}"
hetero_t__nr100000__ns100000__a1_000ep00__g1,hetero_sizes,1,100000,100000,sirs,sampling,1000000,0,1,1,3223.48,8.06931e+06,1,0,0,0,,0,"{""build_ms"":123.239982,""count_ms"":1123.514498,""run_build_ms"":123.240562,""run_count_ms"":1123.516608,""run_sample_ms"":1976.724012,""sample_ms"":1976.721892,""sirs_build_index_ms"":123.239502,""sirs_build_kd_ms"":11.313238,""sirs_embed_inner_ms"":55.855754,""sirs_phase1_degrees_ms"":1123.511598,""sirs_rank_axes_ms"":56.064820}",,"{""dataset"":{""source"":""synthetic"",""name"":""hetero_t__nr100000__ns100000__a1_000ep00__g1"",""dim"":2,""path_r"":"""",""path_s"":"""",""synthetic"":{""generator"":""hetero_sizes"",""n_r"":100000,""n_s"":100000,""alpha"":1,""seed"":1}},""run"":{""method"":""sirs"",""variant"":""sampling"",""t"":1000000,""seed"":1,""repeats"":3,""j_star"":1000000,""enum_cap"":0,""write_samples"":false,""verify"":false},""output"":{""out_dir"":""run/temp/exp5/hetero_t"",""run_tag"":""exp5_hetero_t""},""sys"":{""threads"":1},""logging"":{""level"":""INFO"",""with_timestamp"":true,""with_thread_id"":false}}","{""generator"":""hetero_sizes"",""dataset"":""hetero_t__nr100000__ns100000__a1_000ep00__g1"",""n_r"":100000,""n_s"":100000,""has_exact_k"":false,""k_target"":0,""k_achieved"":0,""alpha_target"":1,""alpha_achieved"":nan,""notes"":""p_large_r=0.1, w_small=[0.002,0.01], w_large=[0.1,0.3], anisotropic=1""}"
hetero_t__nr100000__ns100000__a1_000ep00__g1,hetero_sizes,1,100000,100000,sirs,sampling,1000000,1,2,1,3218.5,8.06931e+06,1,0,0,0,,0,"{""build_ms"":122.786570,""count_ms"":1123.576466,""run_build_ms"":122.787020,""run_count_ms"":1123.577675,""run_sample_ms"":1972.127960,""sample_ms"":1972.124420,""sirs_build_index_ms"":122.786210,""sirs_build_kd_ms"":11.208020,""sirs_embed_inner_ms"":56.015191,""sirs_phase1_degrees_ms"":1123.574446,""sirs_rank_axes_ms"":55.557189}",,"{""dataset"":{""source"":""synthetic"",""name"":""hetero_t__nr100000__ns100000__a1_000ep00__g1"",""dim"":2,""path_r"":"""",""path_s"":"""",""synthetic"":{""generator"":""hetero_sizes"",""n_r"":100000,""n_s"":100000,""alpha"":1,""seed"":1}},""run"":{""method"":""sirs"",""variant"":""sampling"",""t"":1000000,""seed"":1,""repeats"":3,""j_star"":1000000,""enum_cap"":0,""write_samples"":false,""verify"":false},""output"":{""out_dir"":""run/temp/exp5/hetero_t"",""run_tag"":""exp5_hetero_t""},""sys"":{""threads"":1},""logging"":{""level"":""INFO"",""with_timestamp"":true,""with_thread_id"":false}}","{""generator"":""hetero_sizes"",""dataset"":""hetero_t__nr100000__ns100000__a1_000ep00__g1"",""n_r"":100000,""n_s"":100000,""has_exact_k"":false,""k_target"":0,""k_achieved"":0,""alpha_target"":1,""alpha_achieved"":nan,""notes"":""p_large_r=0.1, w_small=[0.002,0.01], w_large=[0.1,0.3], anisotropic=1""}"
hetero_t__nr100000__ns100000__a1_000ep00__g1,hetero_sizes,1,100000,100000,sirs,sampling,1000000,2,3,1,3216.75,8.06931e+06,1,0,0,0,,0,"{""build_ms"":122.682221,""count_ms"":1123.323360,""run_build_ms"":122.682862,""run_count_ms"":1123.324310,""run_sample_ms"":1970.744434,""sample_ms"":1970.742444,""sirs_build_index_ms"":122.681531,""sirs_build_kd_ms"":11.158741,""sirs_embed_inner_ms"":55.959762,""sirs_phase1_degrees_ms"":1123.320790,""sirs_rank_axes_ms"":55.556119}",,"{""dataset"":{""source"":""synthetic"",""name"":""hetero_t__nr100000__ns100000__a1_000ep00__g1"",""dim"":2,""path_r"":"""",""path_s"":"""",""synthetic"":{""generator"":""hetero_sizes"",""n_r"":100000,""n_s"":100000,""alpha"":1,""seed"":1}},""run"":{""method"":""sirs"",""variant"":""sampling"",""t"":1000000,""seed"":1,""repeats"":3,""j_star"":1000000,""enum_cap"":0,""write_samples"":false,""verify"":false},""output"":{""out_dir"":""run/temp/exp5/hetero_t"",""run_tag"":""exp5_hetero_t""},""sys"":{""threads"":1},""logging"":{""level"":""INFO"",""with_timestamp"":true,""with_thread_id"":false}}","{""generator"":""hetero_sizes"",""dataset"":""hetero_t__nr100000__ns100000__a1_000ep00__g1"",""n_r"":100000,""n_s"":100000,""has_exact_k"":false,""k_target"":0,""k_achieved"":0,""alpha_target"":1,""alpha_achieved"":nan,""notes"":""p_large_r=0.1, w_small=[0.002,0.01], w_large=[0.1,0.3], anisotropic=1""}"
hetero_t__nr100000__ns100000__a1_000ep00__g1,hetero_sizes,1,100000,100000,sirs,adaptive,1000000,0,1,1,3448.63,8.06931e+06,1,0,1,0,fallback_sampling,1000001,"{""build_ms"":123.336428,""count_ms"":1153.788121,""run_build_ms"":123.337188,""run_fallback_count_ms"":1153.790780,""run_fallback_sample_ms"":1974.489107,""run_pilot_enum_prepare_ms"":0.000630,""run_pilot_enum_scan_ms"":196.998492,""sample_ms"":1974.486587,""sirs_build_index_ms"":123.335868,""sirs_build_kd_ms"":11.162510,""sirs_embed_inner_ms"":56.098419,""sirs_rank_axes_ms"":56.068029}",,"{""dataset"":{""source"":""synthetic"",""name"":""hetero_t__nr100000__ns100000__a1_000ep00__g1"",""dim"":2,""path_r"":"""",""path_s"":"""",""synthetic"":{""generator"":""hetero_sizes"",""n_r"":100000,""n_s"":100000,""alpha"":1,""seed"":1}},""run"":{""method"":""sirs"",""variant"":""adaptive"",""t"":1000000,""seed"":1,""repeats"":3,""j_star"":1000000,""enum_cap"":0,""write_samples"":false,""verify"":false},""output"":{""out_dir"":""run/temp/exp5/hetero_t"",""run_tag"":""exp5_hetero_t""},""sys"":{""threads"":1},""logging"":{""level"":""INFO"",""with_timestamp"":true,""with_thread_id"":false}}","{""generator"":""hetero_sizes"",""dataset"":""hetero_t__nr100000__ns100000__a1_000ep00__g1"",""n_r"":100000,""n_s"":100000,""has_exact_k"":false,""k_target"":0,""k_achieved"":0,""alpha_target"":1,""alpha_achieved"":nan,""notes"":""p_large_r=0.1, w_small=[0.002,0.01], w_large=[0.1,0.3], anisotropic=1""}"
hetero_t__nr100000__ns100000__a1_000ep00__g1,hetero_sizes,1,100000,100000,sirs,adaptive,1000000,1,2,1,3448.72,8.06931e+06,1,0,1,0,fallback_sampling,1000001,"{""build_ms"":122.648102,""count_ms"":1153.430195,""run_build_ms"":122.648732,""run_fallback_count_ms"":1153.432815,""run_fallback_sample_ms"":1975.549993,""run_pilot_enum_prepare_ms"":0.000550,""run_pilot_enum_scan_ms"":197.048682,""sample_ms"":1975.547564,""sirs_build_index_ms"":122.647422,""sirs_build_kd_ms"":11.148441,""sirs_embed_inner_ms"":55.951611,""sirs_rank_axes_ms"":55.540340}",,"{""dataset"":{""source"":""synthetic"",""name"":""hetero_t__nr100000__ns100000__a1_000ep00__g1"",""dim"":2,""path_r"":"""",""path_s"":"""",""synthetic"":{""generator"":""hetero_sizes"",""n_r"":100000,""n_s"":100000,""alpha"":1,""seed"":1}},""run"":{""method"":""sirs"",""variant"":""adaptive"",""t"":1000000,""seed"":1,""repeats"":3,""j_star"":1000000,""enum_cap"":0,""write_samples"":false,""verify"":false},""output"":{""out_dir"":""run/temp/exp5/hetero_t"",""run_tag"":""exp5_hetero_t""},""sys"":{""threads"":1},""logging"":{""level"":""INFO"",""with_timestamp"":true,""with_thread_id"":false}}","{""generator"":""hetero_sizes"",""dataset"":""hetero_t__nr100000__ns100000__a1_000ep00__g1"",""n_r"":100000,""n_s"":100000,""has_exact_k"":false,""k_target"":0,""k_achieved"":0,""alpha_target"":1,""alpha_achieved"":nan,""notes"":""p_large_r=0.1, w_small=[0.002,0.01], w_large=[0.1,0.3], anisotropic=1""}"
hetero_t__nr100000__ns100000__a1_000ep00__g1,hetero_sizes,1,100000,100000,sirs,adaptive,1000000,2,3,1,3453.01,8.06931e+06,1,0,1,0,fallback_sampling,1000001,"{""build_ms"":122.742940,""count_ms"":1158.764399,""run_build_ms"":122.743490,""run_fallback_count_ms"":1158.767089,""run_fallback_sample_ms"":1974.257377,""run_pilot_enum_prepare_ms"":0.000770,""run_pilot_enum_scan_ms"":197.202158,""sample_ms"":1974.255027,""sirs_build_index_ms"":122.742180,""sirs_build_kd_ms"":11.130342,""sirs_embed_inner_ms"":56.041980,""sirs_rank_axes_ms"":55.563939}",,"{""dataset"":{""source"":""synthetic"",""name"":""hetero_t__nr100000__ns100000__a1_000ep00__g1"",""dim"":2,""path_r"":"""",""path_s"":"""",""synthetic"":{""generator"":""hetero_sizes"",""n_r"":100000,""n_s"":100000,""alpha"":1,""seed"":1}},""run"":{""method"":""sirs"",""variant"":""adaptive"",""t"":1000000,""seed"":1,""repeats"":3,""j_star"":1000000,""enum_cap"":0,""write_samples"":false,""verify"":false},""output"":{""out_dir"":""run/temp/exp5/hetero_t"",""run_tag"":""exp5_hetero_t""},""sys"":{""threads"":1},""logging"":{""level"":""INFO"",""with_timestamp"":true,""with_thread_id"":false}}","{""generator"":""hetero_sizes"",""dataset"":""hetero_t__nr100000__ns100000__a1_000ep00__g1"",""n_r"":100000,""n_s"":100000,""has_exact_k"":false,""k_target"":0,""k_achieved"":0,""alpha_target"":1,""alpha_achieved"":nan,""notes"":""p_large_r=0.1, w_small=[0.002,0.01], w_large=[0.1,0.3], anisotropic=1""}"
hetero_t__nr100000__ns100000__a1_000ep00__g1,hetero_sizes,1,100000,100000,rejection,sampling,1000000,0,1,0,-1,-1,0,0,0,0,,0,{},SKIPPED: rejection+sampling is disabled in sjs_sweep; use variant=adaptive.,"{""dataset"":{""source"":""synthetic"",""name"":""hetero_t__nr100000__ns100000__a1_000ep00__g1"",""dim"":2,""path_r"":"""",""path_s"":"""",""synthetic"":{""generator"":""hetero_sizes"",""n_r"":100000,""n_s"":100000,""alpha"":1,""seed"":1}},""run"":{""method"":""rejection"",""variant"":""sampling"",""t"":1000000,""seed"":1,""repeats"":3,""j_star"":1000000,""enum_cap"":0,""write_samples"":false,""verify"":false},""output"":{""out_dir"":""run/temp/exp5/hetero_t"",""run_tag"":""exp5_hetero_t""},""sys"":{""threads"":1},""logging"":{""level"":""INFO"",""with_timestamp"":true,""with_thread_id"":false}}","{""generator"":""hetero_sizes"",""dataset"":""hetero_t__nr100000__ns100000__a1_000ep00__g1"",""n_r"":100000,""n_s"":100000,""has_exact_k"":false,""k_target"":0,""k_achieved"":0,""alpha_target"":1,""alpha_achieved"":nan,""notes"":""p_large_r=0.1, w_small=[0.002,0.01], w_large=[0.1,0.3], anisotropic=1""}"
hetero_t__nr100000__ns100000__a1_000ep00__g1,hetero_sizes,1,100000,100000,rejection,sampling,1000000,1,2,0,-1,-1,0,0,0,0,,0,{},SKIPPED: rejection+sampling is disabled in sjs_sweep; use variant=adaptive.,"{""dataset"":{""source"":""synthetic"",""name"":""hetero_t__nr100000__ns100000__a1_000ep00__g1"",""dim"":2,""path_r"":"""",""path_s"":"""",""synthetic"":{""generator"":""hetero_sizes"",""n_r"":100000,""n_s"":100000,""alpha"":1,""seed"":1}},""run"":{""method"":""rejection"",""variant"":""sampling"",""t"":1000000,""seed"":1,""repeats"":3,""j_star"":1000000,""enum_cap"":0,""write_samples"":false,""verify"":false},""output"":{""out_dir"":""run/temp/exp5/hetero_t"",""run_tag"":""exp5_hetero_t""},""sys"":{""threads"":1},""logging"":{""level"":""INFO"",""with_timestamp"":true,""with_thread_id"":false}}","{""generator"":""hetero_sizes"",""dataset"":""hetero_t__nr100000__ns100000__a1_000ep00__g1"",""n_r"":100000,""n_s"":100000,""has_exact_k"":false,""k_target"":0,""k_achieved"":0,""alpha_target"":1,""alpha_achieved"":nan,""notes"":""p_large_r=0.1, w_small=[0.002,0.01], w_large=[0.1,0.3], anisotropic=1""}"
hetero_t__nr100000__ns100000__a1_000ep00__g1,hetero_sizes,1,100000,100000,rejection,sampling,1000000,2,3,0,-1,-1,0,0,0,0,,0,{},SKIPPED: rejection+sampling is disabled in sjs_sweep; use variant=adaptive.,"{""dataset"":{""source"":""synthetic"",""name"":""hetero_t__nr100000__ns100000__a1_000ep00__g1"",""dim"":2,""path_r"":"""",""path_s"":"""",""synthetic"":{""generator"":""hetero_sizes"",""n_r"":100000,""n_s"":100000,""alpha"":1,""seed"":1}},""run"":{""method"":""rejection"",""variant"":""sampling"",""t"":1000000,""seed"":1,""repeats"":3,""j_star"":1000000,""enum_cap"":0,""write_samples"":false,""verify"":false},""output"":{""out_dir"":""run/temp/exp5/hetero_t"",""run_tag"":""exp5_hetero_t""},""sys"":{""threads"":1},""logging"":{""level"":""INFO"",""with_timestamp"":true,""with_thread_id"":false}}","{""generator"":""hetero_sizes"",""dataset"":""hetero_t__nr100000__ns100000__a1_000ep00__g1"",""n_r"":100000,""n_s"":100000,""has_exact_k"":false,""k_target"":0,""k_achieved"":0,""alpha_target"":1,""alpha_achieved"":nan,""notes"":""p_large_r=0.1, w_small=[0.002,0.01], w_large=[0.1,0.3], anisotropic=1""}"
hetero_t__nr100000__ns100000__a1_000ep00__g1,hetero_sizes,1,100000,100000,rejection,adaptive,1000000,0,1,1,18959.4,7.84917e+06,0,0,1,0,fallback_sampling,1000001,"{""adaptive_phase1_ms"":479.950896,""adaptive_sample_ms"":16787.199783,""build_ms"":1222.314740,""build_M_ms"":0.108538,""build_cellmap_ms"":14.759540,""build_mu_alias_ms"":1207.158297,""build_slab_index_ms"":0.279625,""count_pilot_ms"":10.191930,""run_build_ms"":1222.316120,""run_fallback_count_ms"":479.952186,""run_fallback_sample_ms"":16787.203882,""run_pilot_enum_prepare_ms"":0.007260,""run_pilot_enum_scan_ms"":469.880933}",,"{""dataset"":{""source"":""synthetic"",""name"":""hetero_t__nr100000__ns100000__a1_000ep00__g1"",""dim"":2,""path_r"":"""",""path_s"":"""",""synthetic"":{""generator"":""hetero_sizes"",""n_r"":100000,""n_s"":100000,""alpha"":1,""seed"":1}},""run"":{""method"":""rejection"",""variant"":""adaptive"",""t"":1000000,""seed"":1,""repeats"":3,""j_star"":1000000,""enum_cap"":0,""write_samples"":false,""verify"":false},""output"":{""out_dir"":""run/temp/exp5/hetero_t"",""run_tag"":""exp5_hetero_t""},""sys"":{""threads"":1},""logging"":{""level"":""INFO"",""with_timestamp"":true,""with_thread_id"":false}}","{""generator"":""hetero_sizes"",""dataset"":""hetero_t__nr100000__ns100000__a1_000ep00__g1"",""n_r"":100000,""n_s"":100000,""has_exact_k"":false,""k_target"":0,""k_achieved"":0,""alpha_target"":1,""alpha_achieved"":nan,""notes"":""p_large_r=0.1, w_small=[0.002,0.01], w_large=[0.1,0.3], anisotropic=1""}"
hetero_t__nr100000__ns100000__a1_000ep00__g1,hetero_sizes,1,100000,100000,rejection,adaptive,1000000,1,2,1,18722.1,7.73446e+06,0,0,1,0,fallback_sampling,1000001,"{""adaptive_phase1_ms"":481.178358,""adaptive_sample_ms"":16514.229031,""build_ms"":1224.771072,""build_M_ms"":0.107818,""build_cellmap_ms"":15.020794,""build_mu_alias_ms"":1209.348205,""build_slab_index_ms"":0.281105,""count_pilot_ms"":10.205570,""run_build_ms"":1224.826971,""run_fallback_count_ms"":481.179328,""run_fallback_sample_ms"":16514.233451,""run_pilot_enum_prepare_ms"":0.005180,""run_pilot_enum_scan_ms"":476.508420}",,"{""dataset"":{""source"":""synthetic"",""name"":""hetero_t__nr100000__ns100000__a1_000ep00__g1"",""dim"":2,""path_r"":"""",""path_s"":"""",""synthetic"":{""generator"":""hetero_sizes"",""n_r"":100000,""n_s"":100000,""alpha"":1,""seed"":1}},""run"":{""method"":""rejection"",""variant"":""adaptive"",""t"":1000000,""seed"":1,""repeats"":3,""j_star"":1000000,""enum_cap"":0,""write_samples"":false,""verify"":false},""output"":{""out_dir"":""run/temp/exp5/hetero_t"",""run_tag"":""exp5_hetero_t""},""sys"":{""threads"":1},""logging"":{""level"":""INFO"",""with_timestamp"":true,""with_thread_id"":false}}","{""generator"":""hetero_sizes"",""dataset"":""hetero_t__nr100000__ns100000__a1_000ep00__g1"",""n_r"":100000,""n_s"":100000,""has_exact_k"":false,""k_target"":0,""k_achieved"":0,""alpha_target"":1,""alpha_achieved"":nan,""notes"":""p_large_r=0.1, w_small=[0.002,0.01], w_large=[0.1,0.3], anisotropic=1""}"
hetero_t__nr100000__ns100000__a1_000ep00__g1,hetero_sizes,1,100000,100000,rejection,adaptive,1000000,2,3,1,18848.5,8.19329e+06,0,0,1,0,fallback_sampling,1000001,"{""adaptive_phase1_ms"":480.406659,""adaptive_sample_ms"":16638.596581,""build_ms"":1226.483049,""build_M_ms"":0.107068,""build_cellmap_ms"":14.842978,""build_mu_alias_ms"":1211.232139,""build_slab_index_ms"":0.287994,""count_pilot_ms"":10.170210,""run_build_ms"":1226.539048,""run_fallback_count_ms"":480.407739,""run_fallback_sample_ms"":16638.601341,""run_pilot_enum_prepare_ms"":0.006630,""run_pilot_enum_scan_ms"":477.783672}",,"{""dataset"":{""source"":""synthetic"",""name"":""hetero_t__nr100000__ns100000__a1_000ep00__g1"",""dim"":2,""path_r"":"""",""path_s"":"""",""synthetic"":{""generator"":""hetero_sizes"",""n_r"":100000,""n_s"":100000,""alpha"":1,""seed"":1}},""run"":{""method"":""rejection"",""variant"":""adaptive"",""t"":1000000,""seed"":1,""repeats"":3,""j_star"":1000000,""enum_cap"":0,""write_samples"":false,""verify"":false},""output"":{""out_dir"":""run/temp/exp5/hetero_t"",""run_tag"":""exp5_hetero_t""},""sys"":{""threads"":1},""logging"":{""level"":""INFO"",""with_timestamp"":true,""with_thread_id"":false}}","{""generator"":""hetero_sizes"",""dataset"":""hetero_t__nr100000__ns100000__a1_000ep00__g1"",""n_r"":100000,""n_s"":100000,""has_exact_k"":false,""k_target"":0,""k_achieved"":0,""alpha_target"":1,""alpha_achieved"":nan,""notes"":""p_large_r=0.1, w_small=[0.002,0.01], w_large=[0.1,0.3], anisotropic=1""}"
