dataset,generator,alpha,n_r,n_s,method,variant,t,rep,seed,ok,wall_ms,count_value,count_exact,used_enumeration,enum_truncated,enum_cap,adaptive_branch,adaptive_pilot_pairs,phases_json,note,config_json,gen_report_json
uniform_t__nr100000__ns100000__a1_000ep00__g1,uniform,1,100000,100000,ours,sampling,1000,0,1,1,581.877,6.33447e+06,1,0,0,0,,0,"{""build_active_indices_ms"":25.388223,""build_events_ms"":39.413339,""build_ranks_ms"":44.346849,""build_y_domain_ms"":14.347008,""phase1_count_ms"":275.397110,""phase2_plan_ms"":8.024617,""phase3_sample_ms"":171.498573,""run_build_ms"":126.943039,""run_count_ms"":275.400021,""run_sample_ms"":179.530290}",,"{""dataset"":{""source"":""synthetic"",""name"":""uniform_t__nr100000__ns100000__a1_000ep00__g1"",""dim"":2,""path_r"":"""",""path_s"":"""",""synthetic"":{""generator"":""uniform"",""n_r"":100000,""n_s"":100000,""alpha"":1,""seed"":1}},""run"":{""method"":""ours"",""variant"":""sampling"",""t"":1000,""seed"":1,""repeats"":3,""j_star"":1000000,""enum_cap"":0,""write_samples"":false,""verify"":false},""output"":{""out_dir"":""run/temp/exp5/uniform_t"",""run_tag"":""exp5_uniform_t""},""sys"":{""threads"":1},""logging"":{""level"":""INFO"",""with_timestamp"":true,""with_thread_id"":false}}","{""generator"":""uniform"",""dataset"":""uniform_t__nr100000__ns100000__a1_000ep00__g1"",""n_r"":100000,""n_s"":100000,""has_exact_k"":false,""k_target"":0,""k_achieved"":0,""alpha_target"":1,""alpha_achieved"":nan,""notes"":""w_min_r=0.005, w_max_r=0.02, w_min_s=0.005, w_max_s=0.02, same_size_all_dims=0""}"
uniform_t__nr100000__ns100000__a1_000ep00__g1,uniform,1,100000,100000,ours,sampling,1000,1,2,1,629.562,6.33447e+06,1,0,0,0,,0,"{""build_active_indices_ms"":5.403540,""build_events_ms"":68.066746,""build_ranks_ms"":43.966037,""build_y_domain_ms"":13.967545,""phase1_count_ms"":273.008709,""phase2_plan_ms"":6.283063,""phase3_sample_ms"":179.101918,""run_build_ms"":133.179232,""run_count_ms"":273.011518,""run_sample_ms"":185.390501}",,"{""dataset"":{""source"":""synthetic"",""name"":""uniform_t__nr100000__ns100000__a1_000ep00__g1"",""dim"":2,""path_r"":"""",""path_s"":"""",""synthetic"":{""generator"":""uniform"",""n_r"":100000,""n_s"":100000,""alpha"":1,""seed"":1}},""run"":{""method"":""ours"",""variant"":""sampling"",""t"":1000,""seed"":1,""repeats"":3,""j_star"":1000000,""enum_cap"":0,""write_samples"":false,""verify"":false},""output"":{""out_dir"":""run/temp/exp5/uniform_t"",""run_tag"":""exp5_uniform_t""},""sys"":{""threads"":1},""logging"":{""level"":""INFO"",""with_timestamp"":true,""with_thread_id"":false}}","{""generator"":""uniform"",""dataset"":""uniform_t__nr100000__ns100000__a1_000ep00__g1"",""n_r"":100000,""n_s"":100000,""has_exact_k"":false,""k_target"":0,""k_achieved"":0,""alpha_target"":1,""alpha_achieved"":nan,""notes"":""w_min_r=0.005, w_max_r=0.02, w_min_s=0.005, w_max_s=0.02, same_size_all_dims=0""}"
uniform_t__nr100000__ns100000__a1_000ep00__g1,uniform,1,100000,100000,ours,sampling,1000,2,3,1,619.369,6.33447e+06,1,0,0,0,,0,"{""build_active_indices_ms"":5.513198,""build_events_ms"":66.770833,""build_ranks_ms"":43.996416,""build_y_domain_ms"":14.002595,""phase1_count_ms"":270.639406,""phase2_plan_ms"":7.356421,""phase3_sample_ms"":171.376615,""run_build_ms"":132.049526,""run_count_ms"":270.642897,""run_sample_ms"":178.739966}",,"{""dataset"":{""source"":""synthetic"",""name"":""uniform_t__nr100000__ns100000__a1_000ep00__g1"",""dim"":2,""path_r"":"""",""path_s"":"""",""synthetic"":{""generator"":""uniform"",""n_r"":100000,""n_s"":100000,""alpha"":1,""seed"":1}},""run"":{""method"":""ours"",""variant"":""sampling"",""t"":1000,""seed"":1,""repeats"":3,""j_star"":1000000,""enum_cap"":0,""write_samples"":false,""verify"":false},""output"":{""out_dir"":""run/temp/exp5/uniform_t"",""run_tag"":""exp5_uniform_t""},""sys"":{""threads"":1},""logging"":{""level"":""INFO"",""with_timestamp"":true,""with_thread_id"":false}}","{""generator"":""uniform"",""dataset"":""uniform_t__nr100000__ns100000__a1_000ep00__g1"",""n_r"":100000,""n_s"":100000,""has_exact_k"":false,""k_target"":0,""k_achieved"":0,""alpha_target"":1,""alpha_achieved"":nan,""notes"":""w_min_r=0.005, w_max_r=0.02, w_min_s=0.005, w_max_s=0.02, same_size_all_dims=0""}"
uniform_t__nr100000__ns100000__a1_000ep00__g1,uniform,1,100000,100000,ours,adaptive,1000,0,1,1,636.302,6.33447e+06,1,0,1,0,fallback_sampling,1000001,"{""build_active_indices_ms"":22.948204,""build_events_ms"":34.511618,""build_ranks_ms"":44.391237,""build_y_domain_ms"":13.967716,""phase1_count_adaptive_ms"":269.968521,""phase2_plan_ms"":7.150585,""phase3_sample_ms"":169.402686,""run_build_ms"":117.598469,""run_fallback_count_ms"":269.971881,""run_fallback_sample_ms"":176.560831,""run_pilot_enum_prepare_ms"":1.573298,""run_pilot_enum_scan_ms"":70.573125,""sample_ms"":176.559301}",,"{""dataset"":{""source"":""synthetic"",""name"":""uniform_t__nr100000__ns100000__a1_000ep00__g1"",""dim"":2,""path_r"":"""",""path_s"":"""",""synthetic"":{""generator"":""uniform"",""n_r"":100000,""n_s"":100000,""alpha"":1,""seed"":1}},""run"":{""method"":""ours"",""variant"":""adaptive"",""t"":1000,""seed"":1,""repeats"":3,""j_star"":1000000,""enum_cap"":0,""write_samples"":false,""verify"":false},""output"":{""out_dir"":""run/temp/exp5/uniform_t"",""run_tag"":""exp5_uniform_t""},""sys"":{""threads"":1},""logging"":{""level"":""INFO"",""with_timestamp"":true,""with_thread_id"":false}}","{""generator"":""uniform"",""dataset"":""uniform_t__nr100000__ns100000__a1_000ep00__g1"",""n_r"":100000,""n_s"":100000,""has_exact_k"":false,""k_target"":0,""k_achieved"":0,""alpha_target"":1,""alpha_achieved"":nan,""notes"":""w_min_r=0.005, w_max_r=0.02, w_min_s=0.005, w_max_s=0.02, same_size_all_dims=0""}"
uniform_t__nr100000__ns100000__a1_000ep00__g1,uniform,1,100000,100000,ours,adaptive,1000,1,2,1,690.818,6.33447e+06,1,0,1,0,fallback_sampling,1000001,"{""build_active_indices_ms"":5.488798,""build_events_ms"":66.587036,""build_ranks_ms"":43.977806,""build_y_domain_ms"":13.964926,""phase1_count_adaptive_ms"":272.285234,""phase2_plan_ms"":5.761563,""phase3_sample_ms"":169.738909,""run_build_ms"":131.789091,""run_fallback_count_ms"":272.288644,""run_fallback_sample_ms"":175.507732,""run_pilot_enum_prepare_ms"":1.540208,""run_pilot_enum_scan_ms"":71.251452,""sample_ms"":175.506202}",,"{""dataset"":{""source"":""synthetic"",""name"":""uniform_t__nr100000__ns100000__a1_000ep00__g1"",""dim"":2,""path_r"":"""",""path_s"":"""",""synthetic"":{""generator"":""uniform"",""n_r"":100000,""n_s"":100000,""alpha"":1,""seed"":1}},""run"":{""method"":""ours"",""variant"":""adaptive"",""t"":1000,""seed"":1,""repeats"":3,""j_star"":1000000,""enum_cap"":0,""write_samples"":false,""verify"":false},""output"":{""out_dir"":""run/temp/exp5/uniform_t"",""run_tag"":""exp5_uniform_t""},""sys"":{""threads"":1},""logging"":{""level"":""INFO"",""with_timestamp"":true,""with_thread_id"":false}}","{""generator"":""uniform"",""dataset"":""uniform_t__nr100000__ns100000__a1_000ep00__g1"",""n_r"":100000,""n_s"":100000,""has_exact_k"":false,""k_target"":0,""k_achieved"":0,""alpha_target"":1,""alpha_achieved"":nan,""notes"":""w_min_r=0.005, w_max_r=0.02, w_min_s=0.005, w_max_s=0.02, same_size_all_dims=0""}"
uniform_t__nr100000__ns100000__a1_000ep00__g1,uniform,1,100000,100000,ours,adaptive,1000,2,3,1,680.041,6.33447e+06,1,0,1,0,fallback_sampling,1000001,"{""build_active_indices_ms"":5.389831,""build_events_ms"":58.229496,""build_ranks_ms"":43.954417,""build_y_domain_ms"":13.964656,""phase1_count_adaptive_ms"":269.347894,""phase2_plan_ms"":5.808312,""phase3_sample_ms"":169.334687,""run_build_ms"":123.305514,""run_fallback_count_ms"":269.352444,""run_fallback_sample_ms"":175.149869,""run_pilot_enum_prepare_ms"":1.514809,""run_pilot_enum_scan_ms"":69.017527,""sample_ms"":175.148609}",,"{""dataset"":{""source"":""synthetic"",""name"":""uniform_t__nr100000__ns100000__a1_000ep00__g1"",""dim"":2,""path_r"":"""",""path_s"":"""",""synthetic"":{""generator"":""uniform"",""n_r"":100000,""n_s"":100000,""alpha"":1,""seed"":1}},""run"":{""method"":""ours"",""variant"":""adaptive"",""t"":1000,""seed"":1,""repeats"":3,""j_star"":1000000,""enum_cap"":0,""write_samples"":false,""verify"":false},""output"":{""out_dir"":""run/temp/exp5/uniform_t"",""run_tag"":""exp5_uniform_t""},""sys"":{""threads"":1},""logging"":{""level"":""INFO"",""with_timestamp"":true,""with_thread_id"":false}}","{""generator"":""uniform"",""dataset"":""uniform_t__nr100000__ns100000__a1_000ep00__g1"",""n_r"":100000,""n_s"":100000,""has_exact_k"":false,""k_target"":0,""k_achieved"":0,""alpha_target"":1,""alpha_achieved"":nan,""notes"":""w_min_r=0.005, w_max_r=0.02, w_min_s=0.005, w_max_s=0.02, same_size_all_dims=0""}"
uniform_t__nr100000__ns100000__a1_000ep00__g1,uniform,1,100000,100000,aabb,sampling,1000,0,1,1,407.399,6.33447e+06,1,0,0,0,,0,"{""build_ms"":36.210974,""phase1_count_ms"":282.193442,""phase2_assign_ms"":5.861270,""phase3_sample_ms"":83.106911,""run_build_ms"":36.226653,""run_count_ms"":282.196263,""run_sample_ms"":88.973221}",,"{""dataset"":{""source"":""synthetic"",""name"":""uniform_t__nr100000__ns100000__a1_000ep00__g1"",""dim"":2,""path_r"":"""",""path_s"":"""",""synthetic"":{""generator"":""uniform"",""n_r"":100000,""n_s"":100000,""alpha"":1,""seed"":1}},""run"":{""method"":""aabb"",""variant"":""sampling"",""t"":1000,""seed"":1,""repeats"":3,""j_star"":1000000,""enum_cap"":0,""write_samples"":false,""verify"":false},""output"":{""out_dir"":""run/temp/exp5/uniform_t"",""run_tag"":""exp5_uniform_t""},""sys"":{""threads"":1},""logging"":{""level"":""INFO"",""with_timestamp"":true,""with_thread_id"":false}}","{""generator"":""uniform"",""dataset"":""uniform_t__nr100000__ns100000__a1_000ep00__g1"",""n_r"":100000,""n_s"":100000,""has_exact_k"":false,""k_target"":0,""k_achieved"":0,""alpha_target"":1,""alpha_achieved"":nan,""notes"":""w_min_r=0.005, w_max_r=0.02, w_min_s=0.005, w_max_s=0.02, same_size_all_dims=0""}"
uniform_t__nr100000__ns100000__a1_000ep00__g1,uniform,1,100000,100000,aabb,sampling,1000,1,2,1,406.505,6.33447e+06,1,0,0,0,,0,"{""build_ms"":36.146535,""phase1_count_ms"":281.334880,""phase2_assign_ms"":5.877541,""phase3_sample_ms"":83.135530,""run_build_ms"":36.147365,""run_count_ms"":281.337480,""run_sample_ms"":89.018060}",,"{""dataset"":{""source"":""synthetic"",""name"":""uniform_t__nr100000__ns100000__a1_000ep00__g1"",""dim"":2,""path_r"":"""",""path_s"":"""",""synthetic"":{""generator"":""uniform"",""n_r"":100000,""n_s"":100000,""alpha"":1,""seed"":1}},""run"":{""method"":""aabb"",""variant"":""sampling"",""t"":1000,""seed"":1,""repeats"":3,""j_star"":1000000,""enum_cap"":0,""write_samples"":false,""verify"":false},""output"":{""out_dir"":""run/temp/exp5/uniform_t"",""run_tag"":""exp5_uniform_t""},""sys"":{""threads"":1},""logging"":{""level"":""INFO"",""with_timestamp"":true,""with_thread_id"":false}}","{""generator"":""uniform"",""dataset"":""uniform_t__nr100000__ns100000__a1_000ep00__g1"",""n_r"":100000,""n_s"":100000,""has_exact_k"":false,""k_target"":0,""k_achieved"":0,""alpha_target"":1,""alpha_achieved"":nan,""notes"":""w_min_r=0.005, w_max_r=0.02, w_min_s=0.005, w_max_s=0.02, same_size_all_dims=0""}"
uniform_t__nr100000__ns100000__a1_000ep00__g1,uniform,1,100000,100000,aabb,sampling,1000,2,3,1,407.812,6.33447e+06,1,0,0,0,,0,"{""build_ms"":36.161005,""phase1_count_ms"":282.591765,""phase2_assign_ms"":5.901850,""phase3_sample_ms"":83.146550,""run_build_ms"":36.162675,""run_count_ms"":282.594425,""run_sample_ms"":89.053000}",,"{""dataset"":{""source"":""synthetic"",""name"":""uniform_t__nr100000__ns100000__a1_000ep00__g1"",""dim"":2,""path_r"":"""",""path_s"":"""",""synthetic"":{""generator"":""uniform"",""n_r"":100000,""n_s"":100000,""alpha"":1,""seed"":1}},""run"":{""method"":""aabb"",""variant"":""sampling"",""t"":1000,""seed"":1,""repeats"":3,""j_star"":1000000,""enum_cap"":0,""write_samples"":false,""verify"":false},""output"":{""out_dir"":""run/temp/exp5/uniform_t"",""run_tag"":""exp5_uniform_t""},""sys"":{""threads"":1},""logging"":{""level"":""INFO"",""with_timestamp"":true,""with_thread_id"":false}}","{""generator"":""uniform"",""dataset"":""uniform_t__nr100000__ns100000__a1_000ep00__g1"",""n_r"":100000,""n_s"":100000,""has_exact_k"":false,""k_target"":0,""k_achieved"":0,""alpha_target"":1,""alpha_achieved"":nan,""notes"":""w_min_r=0.005, w_max_r=0.02, w_min_s=0.005, w_max_s=0.02, same_size_all_dims=0""}"
uniform_t__nr100000__ns100000__a1_000ep00__g1,uniform,1,100000,100000,aabb,adaptive,1000,0,1,1,549.783,6.33447e+06,1,0,1,0,fallback_sampling,1000001,"{""build_ms"":36.178335,""enumerate_prepare_ms"":34.592506,""phase1_count_ms"":305.739594,""phase2_assign_ms"":5.914290,""phase3_sample_ms"":81.792327,""run_build_ms"":36.179755,""run_fallback_count_ms"":305.741904,""run_fallback_sample_ms"":87.712537,""run_pilot_enum_prepare_ms"":34.594976,""run_pilot_enum_scan_ms"":85.541001}",,"{""dataset"":{""source"":""synthetic"",""name"":""uniform_t__nr100000__ns100000__a1_000ep00__g1"",""dim"":2,""path_r"":"""",""path_s"":"""",""synthetic"":{""generator"":""uniform"",""n_r"":100000,""n_s"":100000,""alpha"":1,""seed"":1}},""run"":{""method"":""aabb"",""variant"":""adaptive"",""t"":1000,""seed"":1,""repeats"":3,""j_star"":1000000,""enum_cap"":0,""write_samples"":false,""verify"":false},""output"":{""out_dir"":""run/temp/exp5/uniform_t"",""run_tag"":""exp5_uniform_t""},""sys"":{""threads"":1},""logging"":{""level"":""INFO"",""with_timestamp"":true,""with_thread_id"":false}}","{""generator"":""uniform"",""dataset"":""uniform_t__nr100000__ns100000__a1_000ep00__g1"",""n_r"":100000,""n_s"":100000,""has_exact_k"":false,""k_target"":0,""k_achieved"":0,""alpha_target"":1,""alpha_achieved"":nan,""notes"":""w_min_r=0.005, w_max_r=0.02, w_min_s=0.005, w_max_s=0.02, same_size_all_dims=0""}"
uniform_t__nr100000__ns100000__a1_000ep00__g1,uniform,1,100000,100000,aabb,adaptive,1000,1,2,1,550.713,6.33447e+06,1,0,1,0,fallback_sampling,1000001,"{""build_ms"":36.187604,""enumerate_prepare_ms"":34.585807,""phase1_count_ms"":307.034797,""phase2_assign_ms"":5.877761,""phase3_sample_ms"":81.588971,""run_build_ms"":36.188724,""run_fallback_count_ms"":307.037417,""run_fallback_sample_ms"":87.472682,""run_pilot_enum_prepare_ms"":34.588057,""run_pilot_enum_scan_ms"":85.413364}",,"{""dataset"":{""source"":""synthetic"",""name"":""uniform_t__nr100000__ns100000__a1_000ep00__g1"",""dim"":2,""path_r"":"""",""path_s"":"""",""synthetic"":{""generator"":""uniform"",""n_r"":100000,""n_s"":100000,""alpha"":1,""seed"":1}},""run"":{""method"":""aabb"",""variant"":""adaptive"",""t"":1000,""seed"":1,""repeats"":3,""j_star"":1000000,""enum_cap"":0,""write_samples"":false,""verify"":false},""output"":{""out_dir"":""run/temp/exp5/uniform_t"",""run_tag"":""exp5_uniform_t""},""sys"":{""threads"":1},""logging"":{""level"":""INFO"",""with_timestamp"":true,""with_thread_id"":false}}","{""generator"":""uniform"",""dataset"":""uniform_t__nr100000__ns100000__a1_000ep00__g1"",""n_r"":100000,""n_s"":100000,""has_exact_k"":false,""k_target"":0,""k_achieved"":0,""alpha_target"":1,""alpha_achieved"":nan,""notes"":""w_min_r=0.005, w_max_r=0.02, w_min_s=0.005, w_max_s=0.02, same_size_all_dims=0""}"
uniform_t__nr100000__ns100000__a1_000ep00__g1,uniform,1,100000,100000,aabb,adaptive,1000,2,3,1,549.862,6.33447e+06,1,0,1,0,fallback_sampling,1000001,"{""build_ms"":36.154685,""enumerate_prepare_ms"":34.568037,""phase1_count_ms"":305.839123,""phase2_assign_ms"":5.875821,""phase3_sample_ms"":81.691398,""run_build_ms"":36.156515,""run_fallback_count_ms"":305.842042,""run_fallback_sample_ms"":87.573309,""run_pilot_enum_prepare_ms"":34.569317,""run_pilot_enum_scan_ms"":85.706848}",,"{""dataset"":{""source"":""synthetic"",""name"":""uniform_t__nr100000__ns100000__a1_000ep00__g1"",""dim"":2,""path_r"":"""",""path_s"":"""",""synthetic"":{""generator"":""uniform"",""n_r"":100000,""n_s"":100000,""alpha"":1,""seed"":1}},""run"":{""method"":""aabb"",""variant"":""adaptive"",""t"":1000,""seed"":1,""repeats"":3,""j_star"":1000000,""enum_cap"":0,""write_samples"":false,""verify"":false},""output"":{""out_dir"":""run/temp/exp5/uniform_t"",""run_tag"":""exp5_uniform_t""},""sys"":{""threads"":1},""logging"":{""level"":""INFO"",""with_timestamp"":true,""with_thread_id"":false}}","{""generator"":""uniform"",""dataset"":""uniform_t__nr100000__ns100000__a1_000ep00__g1"",""n_r"":100000,""n_s"":100000,""has_exact_k"":false,""k_target"":0,""k_achieved"":0,""alpha_target"":1,""alpha_achieved"":nan,""notes"":""w_min_r=0.005, w_max_r=0.02, w_min_s=0.005, w_max_s=0.02, same_size_all_dims=0""}"
uniform_t__nr100000__ns100000__a1_000ep00__g1,uniform,1,100000,100000,interval_tree,sampling,1000,0,1,1,1029.45,6.33447e+06,1,0,0,0,,0,"{""build_ms"":158.011217,""build_active_ms"":40.227242,""build_events_ms"":37.802031,""build_start_ids_ms"":1.562978,""build_y_endpoints_ms"":28.099428,""build_y_indices_ms"":50.311907,""phase1_count_ms"":547.720376,""phase2_slots_ms"":8.019557,""phase3_resweep_ms"":315.683343,""run_build_ms"":158.018747,""run_count_ms"":547.723176,""run_sample_ms"":323.708259}",,"{""dataset"":{""source"":""synthetic"",""name"":""uniform_t__nr100000__ns100000__a1_000ep00__g1"",""dim"":2,""path_r"":"""",""path_s"":"""",""synthetic"":{""generator"":""uniform"",""n_r"":100000,""n_s"":100000,""alpha"":1,""seed"":1}},""run"":{""method"":""interval_tree"",""variant"":""sampling"",""t"":1000,""seed"":1,""repeats"":3,""j_star"":1000000,""enum_cap"":0,""write_samples"":false,""verify"":false},""output"":{""out_dir"":""run/temp/exp5/uniform_t"",""run_tag"":""exp5_uniform_t""},""sys"":{""threads"":1},""logging"":{""level"":""INFO"",""with_timestamp"":true,""with_thread_id"":false}}","{""generator"":""uniform"",""dataset"":""uniform_t__nr100000__ns100000__a1_000ep00__g1"",""n_r"":100000,""n_s"":100000,""has_exact_k"":false,""k_target"":0,""k_achieved"":0,""alpha_target"":1,""alpha_achieved"":nan,""notes"":""w_min_r=0.005, w_max_r=0.02, w_min_s=0.005, w_max_s=0.02, same_size_all_dims=0""}"
uniform_t__nr100000__ns100000__a1_000ep00__g1,uniform,1,100000,100000,interval_tree,sampling,1000,1,2,1,1093.44,6.33447e+06,1,0,0,0,,0,"{""build_ms"":179.684267,""build_active_ms"":23.432573,""build_events_ms"":74.182322,""build_start_ids_ms"":1.577468,""build_y_endpoints_ms"":28.124588,""build_y_indices_ms"":52.359096,""phase1_count_ms"":550.873982,""phase2_slots_ms"":6.207664,""phase3_resweep_ms"":316.833929,""run_build_ms"":179.685267,""run_count_ms"":550.876562,""run_sample_ms"":323.046053}",,"{""dataset"":{""source"":""synthetic"",""name"":""uniform_t__nr100000__ns100000__a1_000ep00__g1"",""dim"":2,""path_r"":"""",""path_s"":"""",""synthetic"":{""generator"":""uniform"",""n_r"":100000,""n_s"":100000,""alpha"":1,""seed"":1}},""run"":{""method"":""interval_tree"",""variant"":""sampling"",""t"":1000,""seed"":1,""repeats"":3,""j_star"":1000000,""enum_cap"":0,""write_samples"":false,""verify"":false},""output"":{""out_dir"":""run/temp/exp5/uniform_t"",""run_tag"":""exp5_uniform_t""},""sys"":{""threads"":1},""logging"":{""level"":""INFO"",""with_timestamp"":true,""with_thread_id"":false}}","{""generator"":""uniform"",""dataset"":""uniform_t__nr100000__ns100000__a1_000ep00__g1"",""n_r"":100000,""n_s"":100000,""has_exact_k"":false,""k_target"":0,""k_achieved"":0,""alpha_target"":1,""alpha_achieved"":nan,""notes"":""w_min_r=0.005, w_max_r=0.02, w_min_s=0.005, w_max_s=0.02, same_size_all_dims=0""}"
uniform_t__nr100000__ns100000__a1_000ep00__g1,uniform,1,100000,100000,interval_tree,sampling,1000,2,3,1,1091.03,6.33447e+06,1,0,0,0,,0,"{""build_ms"":179.555980,""build_active_ms"":23.465064,""build_events_ms"":76.030084,""build_start_ids_ms"":1.560588,""build_y_endpoints_ms"":28.132848,""build_y_indices_ms"":50.360036,""phase1_count_ms"":547.485970,""phase2_slots_ms"":6.195104,""phase3_resweep_ms"":317.681832,""run_build_ms"":179.556900,""run_count_ms"":547.488151,""run_sample_ms"":323.881676}",,"{""dataset"":{""source"":""synthetic"",""name"":""uniform_t__nr100000__ns100000__a1_000ep00__g1"",""dim"":2,""path_r"":"""",""path_s"":"""",""synthetic"":{""generator"":""uniform"",""n_r"":100000,""n_s"":100000,""alpha"":1,""seed"":1}},""run"":{""method"":""interval_tree"",""variant"":""sampling"",""t"":1000,""seed"":1,""repeats"":3,""j_star"":1000000,""enum_cap"":0,""write_samples"":false,""verify"":false},""output"":{""out_dir"":""run/temp/exp5/uniform_t"",""run_tag"":""exp5_uniform_t""},""sys"":{""threads"":1},""logging"":{""level"":""INFO"",""with_timestamp"":true,""with_thread_id"":false}}","{""generator"":""uniform"",""dataset"":""uniform_t__nr100000__ns100000__a1_000ep00__g1"",""n_r"":100000,""n_s"":100000,""has_exact_k"":false,""k_target"":0,""k_achieved"":0,""alpha_target"":1,""alpha_achieved"":nan,""notes"":""w_min_r=0.005, w_max_r=0.02, w_min_s=0.005, w_max_s=0.02, same_size_all_dims=0""}"
uniform_t__nr100000__ns100000__a1_000ep00__g1,uniform,1,100000,100000,interval_tree,adaptive,1000,0,1,1,1381.49,6.33447e+06,1,0,1,0,fallback_sampling,1000001,"{""build_ms"":157.493709,""build_active_ms"":38.761552,""build_events_ms"":37.901460,""build_start_ids_ms"":1.527139,""build_y_endpoints_ms"":28.227046,""build_y_indices_ms"":51.068412,""enumerate_prepare_ms"":173.035342,""phase1_count_adaptive_ms"":590.926098,""phase2_slots_ms"":8.004517,""phase3_resweep_ms"":318.936808,""run_build_ms"":157.494839,""run_fallback_count_ms"":590.928818,""run_fallback_sample_ms"":326.948564,""run_pilot_enum_prepare_ms"":173.039202,""run_pilot_enum_scan_ms"":111.655670}",,"{""dataset"":{""source"":""synthetic"",""name"":""uniform_t__nr100000__ns100000__a1_000ep00__g1"",""dim"":2,""path_r"":"""",""path_s"":"""",""synthetic"":{""generator"":""uniform"",""n_r"":100000,""n_s"":100000,""alpha"":1,""seed"":1}},""run"":{""method"":""interval_tree"",""variant"":""adaptive"",""t"":1000,""seed"":1,""repeats"":3,""j_star"":1000000,""enum_cap"":0,""write_samples"":false,""verify"":false},""output"":{""out_dir"":""run/temp/exp5/uniform_t"",""run_tag"":""exp5_uniform_t""},""sys"":{""threads"":1},""logging"":{""level"":""INFO"",""with_timestamp"":true,""with_thread_id"":false}}","{""generator"":""uniform"",""dataset"":""uniform_t__nr100000__ns100000__a1_000ep00__g1"",""n_r"":100000,""n_s"":100000,""has_exact_k"":false,""k_target"":0,""k_achieved"":0,""alpha_target"":1,""alpha_achieved"":nan,""notes"":""w_min_r=0.005, w_max_r=0.02, w_min_s=0.005, w_max_s=0.02, same_size_all_dims=0""}"
uniform_t__nr100000__ns100000__a1_000ep00__g1,uniform,1,100000,100000,interval_tree,adaptive,1000,1,2,1,1410.04,6.33447e+06,1,0,1,0,fallback_sampling,1000001,"{""build_ms"":147.071770,""build_active_ms"":23.440293,""build_events_ms"":42.698592,""build_start_ids_ms"":1.529689,""build_y_endpoints_ms"":28.251316,""build_y_indices_ms"":51.142590,""enumerate_prepare_ms"":159.098666,""phase1_count_adaptive_ms"":585.415290,""phase2_slots_ms"":6.172485,""phase3_resweep_ms"":316.113524,""run_build_ms"":147.072700,""run_fallback_count_ms"":585.417950,""run_fallback_sample_ms"":322.292769,""run_pilot_enum_prepare_ms"":159.102386,""run_pilot_enum_scan_ms"":107.095763}",,"{""dataset"":{""source"":""synthetic"",""name"":""uniform_t__nr100000__ns100000__a1_000ep00__g1"",""dim"":2,""path_r"":"""",""path_s"":"""",""synthetic"":{""generator"":""uniform"",""n_r"":100000,""n_s"":100000,""alpha"":1,""seed"":1}},""run"":{""method"":""interval_tree"",""variant"":""adaptive"",""t"":1000,""seed"":1,""repeats"":3,""j_star"":1000000,""enum_cap"":0,""write_samples"":false,""verify"":false},""output"":{""out_dir"":""run/temp/exp5/uniform_t"",""run_tag"":""exp5_uniform_t""},""sys"":{""threads"":1},""logging"":{""level"":""INFO"",""with_timestamp"":true,""with_thread_id"":false}}","{""generator"":""uniform"",""dataset"":""uniform_t__nr100000__ns100000__a1_000ep00__g1"",""n_r"":100000,""n_s"":100000,""has_exact_k"":false,""k_target"":0,""k_achieved"":0,""alpha_target"":1,""alpha_achieved"":nan,""notes"":""w_min_r=0.005, w_max_r=0.02, w_min_s=0.005, w_max_s=0.02, same_size_all_dims=0""}"
uniform_t__nr100000__ns100000__a1_000ep00__g1,uniform,1,100000,100000,interval_tree,adaptive,1000,2,3,1,1412.26,6.33447e+06,1,0,1,0,fallback_sampling,1000001,"{""build_ms"":149.743436,""build_active_ms"":23.455393,""build_events_ms"":42.654453,""build_start_ids_ms"":1.538478,""build_y_endpoints_ms"":28.206487,""build_y_indices_ms"":53.879975,""enumerate_prepare_ms"":159.741373,""phase1_count_adaptive_ms"":577.937033,""phase2_slots_ms"":6.200993,""phase3_resweep_ms"":320.097534,""run_build_ms"":149.744326,""run_fallback_count_ms"":577.940023,""run_fallback_sample_ms"":326.303908,""run_pilot_enum_prepare_ms"":159.744743,""run_pilot_enum_scan_ms"":106.858158}",,"{""dataset"":{""source"":""synthetic"",""name"":""uniform_t__nr100000__ns100000__a1_000ep00__g1"",""dim"":2,""path_r"":"""",""path_s"":"""",""synthetic"":{""generator"":""uniform"",""n_r"":100000,""n_s"":100000,""alpha"":1,""seed"":1}},""run"":{""method"":""interval_tree"",""variant"":""adaptive"",""t"":1000,""seed"":1,""repeats"":3,""j_star"":1000000,""enum_cap"":0,""write_samples"":false,""verify"":false},""output"":{""out_dir"":""run/temp/exp5/uniform_t"",""run_tag"":""exp5_uniform_t""},""sys"":{""threads"":1},""logging"":{""level"":""INFO"",""with_timestamp"":true,""with_thread_id"":false}}","{""generator"":""uniform"",""dataset"":""uniform_t__nr100000__ns100000__a1_000ep00__g1"",""n_r"":100000,""n_s"":100000,""has_exact_k"":false,""k_target"":0,""k_achieved"":0,""alpha_target"":1,""alpha_achieved"":nan,""notes"":""w_min_r=0.005, w_max_r=0.02, w_min_s=0.005, w_max_s=0.02, same_size_all_dims=0""}"
uniform_t__nr100000__ns100000__a1_000ep00__g1,uniform,1,100000,100000,kd_tree,sampling,1000,0,1,1,470.614,6.33447e+06,1,0,0,0,,0,"{""build_ms"":104.312259,""build_events_ms"":34.757404,""build_kdtrees_ms"":35.559727,""build_rank_arrays_ms"":32.579558,""build_start_index_ms"":1.368273,""phase1_count_ms"":319.073435,""phase2_alias_ms"":47.218910,""phase3_sweep_ms"":41.308681,""run_build_ms"":104.313460,""run_count_ms"":319.076875,""run_sample_ms"":47.219830}",,"{""dataset"":{""source"":""synthetic"",""name"":""uniform_t__nr100000__ns100000__a1_000ep00__g1"",""dim"":2,""path_r"":"""",""path_s"":"""",""synthetic"":{""generator"":""uniform"",""n_r"":100000,""n_s"":100000,""alpha"":1,""seed"":1}},""run"":{""method"":""kd_tree"",""variant"":""sampling"",""t"":1000,""seed"":1,""repeats"":3,""j_star"":1000000,""enum_cap"":0,""write_samples"":false,""verify"":false},""output"":{""out_dir"":""run/temp/exp5/uniform_t"",""run_tag"":""exp5_uniform_t""},""sys"":{""threads"":1},""logging"":{""level"":""INFO"",""with_timestamp"":true,""with_thread_id"":false}}","{""generator"":""uniform"",""dataset"":""uniform_t__nr100000__ns100000__a1_000ep00__g1"",""n_r"":100000,""n_s"":100000,""has_exact_k"":false,""k_target"":0,""k_achieved"":0,""alpha_target"":1,""alpha_achieved"":nan,""notes"":""w_min_r=0.005, w_max_r=0.02, w_min_s=0.005, w_max_s=0.02, same_size_all_dims=0""}"
uniform_t__nr100000__ns100000__a1_000ep00__g1,uniform,1,100000,100000,kd_tree,sampling,1000,1,2,1,471.42,6.33447e+06,1,0,0,0,,0,"{""build_ms"":103.973317,""build_events_ms"":34.521219,""build_kdtrees_ms"":35.443690,""build_rank_arrays_ms"":32.590457,""build_start_index_ms"":1.372182,""phase1_count_ms"":320.500365,""phase2_alias_ms"":46.933836,""phase3_sweep_ms"":41.080865,""run_build_ms"":103.974397,""run_count_ms"":320.503545,""run_sample_ms"":46.934746}",,"{""dataset"":{""source"":""synthetic"",""name"":""uniform_t__nr100000__ns100000__a1_000ep00__g1"",""dim"":2,""path_r"":"""",""path_s"":"""",""synthetic"":{""generator"":""uniform"",""n_r"":100000,""n_s"":100000,""alpha"":1,""seed"":1}},""run"":{""method"":""kd_tree"",""variant"":""sampling"",""t"":1000,""seed"":1,""repeats"":3,""j_star"":1000000,""enum_cap"":0,""write_samples"":false,""verify"":false},""output"":{""out_dir"":""run/temp/exp5/uniform_t"",""run_tag"":""exp5_uniform_t""},""sys"":{""threads"":1},""logging"":{""level"":""INFO"",""with_timestamp"":true,""with_thread_id"":false}}","{""generator"":""uniform"",""dataset"":""uniform_t__nr100000__ns100000__a1_000ep00__g1"",""n_r"":100000,""n_s"":100000,""has_exact_k"":false,""k_target"":0,""k_achieved"":0,""alpha_target"":1,""alpha_achieved"":nan,""notes"":""w_min_r=0.005, w_max_r=0.02, w_min_s=0.005, w_max_s=0.02, same_size_all_dims=0""}"
uniform_t__nr100000__ns100000__a1_000ep00__g1,uniform,1,100000,100000,kd_tree,sampling,1000,2,3,1,468.198,6.33447e+06,1,0,0,0,,0,"{""build_ms"":103.677223,""build_events_ms"":34.478819,""build_kdtrees_ms"":35.186505,""build_rank_arrays_ms"":32.599247,""build_start_index_ms"":1.368272,""phase1_count_ms"":317.424299,""phase2_alias_ms"":47.089943,""phase3_sweep_ms"":41.219592,""run_build_ms"":103.677853,""run_count_ms"":317.427099,""run_sample_ms"":47.090822}",,"{""dataset"":{""source"":""synthetic"",""name"":""uniform_t__nr100000__ns100000__a1_000ep00__g1"",""dim"":2,""path_r"":"""",""path_s"":"""",""synthetic"":{""generator"":""uniform"",""n_r"":100000,""n_s"":100000,""alpha"":1,""seed"":1}},""run"":{""method"":""kd_tree"",""variant"":""sampling"",""t"":1000,""seed"":1,""repeats"":3,""j_star"":1000000,""enum_cap"":0,""write_samples"":false,""verify"":false},""output"":{""out_dir"":""run/temp/exp5/uniform_t"",""run_tag"":""exp5_uniform_t""},""sys"":{""threads"":1},""logging"":{""level"":""INFO"",""with_timestamp"":true,""with_thread_id"":false}}","{""generator"":""uniform"",""dataset"":""uniform_t__nr100000__ns100000__a1_000ep00__g1"",""n_r"":100000,""n_s"":100000,""has_exact_k"":false,""k_target"":0,""k_achieved"":0,""alpha_target"":1,""alpha_achieved"":nan,""notes"":""w_min_r=0.005, w_max_r=0.02, w_min_s=0.005, w_max_s=0.02, same_size_all_dims=0""}"
uniform_t__nr100000__ns100000__a1_000ep00__g1,uniform,1,100000,100000,kd_tree,adaptive,1000,0,1,1,908.17,6.33447e+06,1,0,1,0,fallback_sampling,1000001,"{""adaptive_fallback_sampling_ms"":46.713670,""build_ms"":103.706202,""build_embedding_ms"":32.638537,""build_events_ms"":34.493088,""build_kdtrees_ms"":35.215464,""build_rank_arrays_ms"":32.597018,""build_start_index_ms"":1.354592,""enumerate_prepare_ms"":102.362819,""phase1_count_and_maybe_enumerate_ms"":427.159568,""phase2_alias_ms"":5.463039,""phase2_assign_ms"":0.052719,""phase3_sweep_ms"":40.757581,""run_build_ms"":103.706872,""run_fallback_count_ms"":427.162828,""run_fallback_sample_ms"":46.715260,""run_pilot_enum_prepare_ms"":102.368049,""run_pilot_enum_scan_ms"":228.202542}",,"{""dataset"":{""source"":""synthetic"",""name"":""uniform_t__nr100000__ns100000__a1_000ep00__g1"",""dim"":2,""path_r"":"""",""path_s"":"""",""synthetic"":{""generator"":""uniform"",""n_r"":100000,""n_s"":100000,""alpha"":1,""seed"":1}},""run"":{""method"":""kd_tree"",""variant"":""adaptive"",""t"":1000,""seed"":1,""repeats"":3,""j_star"":1000000,""enum_cap"":0,""write_samples"":false,""verify"":false},""output"":{""out_dir"":""run/temp/exp5/uniform_t"",""run_tag"":""exp5_uniform_t""},""sys"":{""threads"":1},""logging"":{""level"":""INFO"",""with_timestamp"":true,""with_thread_id"":false}}","{""generator"":""uniform"",""dataset"":""uniform_t__nr100000__ns100000__a1_000ep00__g1"",""n_r"":100000,""n_s"":100000,""has_exact_k"":false,""k_target"":0,""k_achieved"":0,""alpha_target"":1,""alpha_achieved"":nan,""notes"":""w_min_r=0.005, w_max_r=0.02, w_min_s=0.005, w_max_s=0.02, same_size_all_dims=0""}"
uniform_t__nr100000__ns100000__a1_000ep00__g1,uniform,1,100000,100000,kd_tree,adaptive,1000,1,2,1,909.171,6.33447e+06,1,0,1,0,fallback_sampling,1000001,"{""adaptive_fallback_sampling_ms"":46.674152,""build_ms"":103.748431,""build_embedding_ms"":32.627277,""build_events_ms"":34.459129,""build_kdtrees_ms"":35.290862,""build_rank_arrays_ms"":32.584588,""build_start_index_ms"":1.367113,""enumerate_prepare_ms"":102.485737,""phase1_count_and_maybe_enumerate_ms"":427.152118,""phase2_alias_ms"":5.459120,""phase2_assign_ms"":0.053188,""phase3_sweep_ms"":40.725543,""run_build_ms"":103.749171,""run_fallback_count_ms"":427.154958,""run_fallback_sample_ms"":46.675292,""run_pilot_enum_prepare_ms"":102.490257,""run_pilot_enum_scan_ms"":229.088084}",,"{""dataset"":{""source"":""synthetic"",""name"":""uniform_t__nr100000__ns100000__a1_000ep00__g1"",""dim"":2,""path_r"":"""",""path_s"":"""",""synthetic"":{""generator"":""uniform"",""n_r"":100000,""n_s"":100000,""alpha"":1,""seed"":1}},""run"":{""method"":""kd_tree"",""variant"":""adaptive"",""t"":1000,""seed"":1,""repeats"":3,""j_star"":1000000,""enum_cap"":0,""write_samples"":false,""verify"":false},""output"":{""out_dir"":""run/temp/exp5/uniform_t"",""run_tag"":""exp5_uniform_t""},""sys"":{""threads"":1},""logging"":{""level"":""INFO"",""with_timestamp"":true,""with_thread_id"":false}}","{""generator"":""uniform"",""dataset"":""uniform_t__nr100000__ns100000__a1_000ep00__g1"",""n_r"":100000,""n_s"":100000,""has_exact_k"":false,""k_target"":0,""k_achieved"":0,""alpha_target"":1,""alpha_achieved"":nan,""notes"":""w_min_r=0.005, w_max_r=0.02, w_min_s=0.005, w_max_s=0.02, same_size_all_dims=0""}"
uniform_t__nr100000__ns100000__a1_000ep00__g1,uniform,1,100000,100000,kd_tree,adaptive,1000,2,3,1,908.327,6.33447e+06,1,0,1,0,fallback_sampling,1000001,"{""adaptive_fallback_sampling_ms"":46.686272,""build_ms"":103.821199,""build_embedding_ms"":32.667185,""build_events_ms"":34.484319,""build_kdtrees_ms"":35.295834,""build_rank_arrays_ms"":32.623497,""build_start_index_ms"":1.368672,""enumerate_prepare_ms"":102.415919,""phase1_count_and_maybe_enumerate_ms"":429.119038,""phase2_alias_ms"":5.465360,""phase2_assign_ms"":0.052249,""phase3_sweep_ms"":40.735402,""run_build_ms"":103.821799,""run_fallback_count_ms"":429.121848,""run_fallback_sample_ms"":46.687872,""run_pilot_enum_prepare_ms"":102.419939,""run_pilot_enum_scan_ms"":226.261721}",,"{""dataset"":{""source"":""synthetic"",""name"":""uniform_t__nr100000__ns100000__a1_000ep00__g1"",""dim"":2,""path_r"":"""",""path_s"":"""",""synthetic"":{""generator"":""uniform"",""n_r"":100000,""n_s"":100000,""alpha"":1,""seed"":1}},""run"":{""method"":""kd_tree"",""variant"":""adaptive"",""t"":1000,""seed"":1,""repeats"":3,""j_star"":1000000,""enum_cap"":0,""write_samples"":false,""verify"":false},""output"":{""out_dir"":""run/temp/exp5/uniform_t"",""run_tag"":""exp5_uniform_t""},""sys"":{""threads"":1},""logging"":{""level"":""INFO"",""with_timestamp"":true,""with_thread_id"":false}}","{""generator"":""uniform"",""dataset"":""uniform_t__nr100000__ns100000__a1_000ep00__g1"",""n_r"":100000,""n_s"":100000,""has_exact_k"":false,""k_target"":0,""k_achieved"":0,""alpha_target"":1,""alpha_achieved"":nan,""notes"":""w_min_r=0.005, w_max_r=0.02, w_min_s=0.005, w_max_s=0.02, same_size_all_dims=0""}"
uniform_t__nr100000__ns100000__a1_000ep00__g1,uniform,1,100000,100000,r_tree,sampling,1000,0,1,1,287.468,6.33447e+06,1,0,0,0,,0,"{""build_ms"":36.397060,""phase1_count_ms"":148.014252,""phase2_assign_ms"":5.608777,""phase3_sample_ms"":97.058237,""run_build_ms"":36.398090,""run_count_ms"":148.016532,""run_sample_ms"":103.050926}",,"{""dataset"":{""source"":""synthetic"",""name"":""uniform_t__nr100000__ns100000__a1_000ep00__g1"",""dim"":2,""path_r"":"""",""path_s"":"""",""synthetic"":{""generator"":""uniform"",""n_r"":100000,""n_s"":100000,""alpha"":1,""seed"":1}},""run"":{""method"":""r_tree"",""variant"":""sampling"",""t"":1000,""seed"":1,""repeats"":3,""j_star"":1000000,""enum_cap"":0,""write_samples"":false,""verify"":false},""output"":{""out_dir"":""run/temp/exp5/uniform_t"",""run_tag"":""exp5_uniform_t""},""sys"":{""threads"":1},""logging"":{""level"":""INFO"",""with_timestamp"":true,""with_thread_id"":false}}","{""generator"":""uniform"",""dataset"":""uniform_t__nr100000__ns100000__a1_000ep00__g1"",""n_r"":100000,""n_s"":100000,""has_exact_k"":false,""k_target"":0,""k_achieved"":0,""alpha_target"":1,""alpha_achieved"":nan,""notes"":""w_min_r=0.005, w_max_r=0.02, w_min_s=0.005, w_max_s=0.02, same_size_all_dims=0""}"
uniform_t__nr100000__ns100000__a1_000ep00__g1,uniform,1,100000,100000,r_tree,sampling,1000,1,2,1,287.787,6.33447e+06,1,0,0,0,,0,"{""build_ms"":36.361692,""phase1_count_ms"":148.697708,""phase2_assign_ms"":5.610326,""phase3_sample_ms"":96.651356,""run_build_ms"":36.363071,""run_count_ms"":148.699648,""run_sample_ms"":102.645064}",,"{""dataset"":{""source"":""synthetic"",""name"":""uniform_t__nr100000__ns100000__a1_000ep00__g1"",""dim"":2,""path_r"":"""",""path_s"":"""",""synthetic"":{""generator"":""uniform"",""n_r"":100000,""n_s"":100000,""alpha"":1,""seed"":1}},""run"":{""method"":""r_tree"",""variant"":""sampling"",""t"":1000,""seed"":1,""repeats"":3,""j_star"":1000000,""enum_cap"":0,""write_samples"":false,""verify"":false},""output"":{""out_dir"":""run/temp/exp5/uniform_t"",""run_tag"":""exp5_uniform_t""},""sys"":{""threads"":1},""logging"":{""level"":""INFO"",""with_timestamp"":true,""with_thread_id"":false}}","{""generator"":""uniform"",""dataset"":""uniform_t__nr100000__ns100000__a1_000ep00__g1"",""n_r"":100000,""n_s"":100000,""has_exact_k"":false,""k_target"":0,""k_achieved"":0,""alpha_target"":1,""alpha_achieved"":nan,""notes"":""w_min_r=0.005, w_max_r=0.02, w_min_s=0.005, w_max_s=0.02, same_size_all_dims=0""}"
uniform_t__nr100000__ns100000__a1_000ep00__g1,uniform,1,100000,100000,r_tree,sampling,1000,2,3,1,291.388,6.33447e+06,1,0,0,0,,0,"{""build_ms"":38.970278,""phase1_count_ms"":149.574761,""phase2_assign_ms"":5.639075,""phase3_sample_ms"":96.737584,""run_build_ms"":38.972198,""run_count_ms"":149.576680,""run_sample_ms"":102.760802}",,"{""dataset"":{""source"":""synthetic"",""name"":""uniform_t__nr100000__ns100000__a1_000ep00__g1"",""dim"":2,""path_r"":"""",""path_s"":"""",""synthetic"":{""generator"":""uniform"",""n_r"":100000,""n_s"":100000,""alpha"":1,""seed"":1}},""run"":{""method"":""r_tree"",""variant"":""sampling"",""t"":1000,""seed"":1,""repeats"":3,""j_star"":1000000,""enum_cap"":0,""write_samples"":false,""verify"":false},""output"":{""out_dir"":""run/temp/exp5/uniform_t"",""run_tag"":""exp5_uniform_t""},""sys"":{""threads"":1},""logging"":{""level"":""INFO"",""with_timestamp"":true,""with_thread_id"":false}}","{""generator"":""uniform"",""dataset"":""uniform_t__nr100000__ns100000__a1_000ep00__g1"",""n_r"":100000,""n_s"":100000,""has_exact_k"":false,""k_target"":0,""k_achieved"":0,""alpha_target"":1,""alpha_achieved"":nan,""notes"":""w_min_r=0.005, w_max_r=0.02, w_min_s=0.005, w_max_s=0.02, same_size_all_dims=0""}"
uniform_t__nr100000__ns100000__a1_000ep00__g1,uniform,1,100000,100000,r_tree,adaptive,1000,0,1,1,412.614,6.33447e+06,1,0,1,0,fallback_sampling,1000001,"{""build_ms"":36.379881,""enumerate_prepare_ms"":34.704475,""phase1_adaptive_count_ms"":168.838549,""phase2+3_sampling_ms"":102.863759,""run_build_ms"":36.380841,""run_fallback_count_ms"":168.841969,""run_fallback_sample_ms"":102.866429,""run_pilot_enum_prepare_ms"":34.707305,""run_pilot_enum_scan_ms"":69.791921}",,"{""dataset"":{""source"":""synthetic"",""name"":""uniform_t__nr100000__ns100000__a1_000ep00__g1"",""dim"":2,""path_r"":"""",""path_s"":"""",""synthetic"":{""generator"":""uniform"",""n_r"":100000,""n_s"":100000,""alpha"":1,""seed"":1}},""run"":{""method"":""r_tree"",""variant"":""adaptive"",""t"":1000,""seed"":1,""repeats"":3,""j_star"":1000000,""enum_cap"":0,""write_samples"":false,""verify"":false},""output"":{""out_dir"":""run/temp/exp5/uniform_t"",""run_tag"":""exp5_uniform_t""},""sys"":{""threads"":1},""logging"":{""level"":""INFO"",""with_timestamp"":true,""with_thread_id"":false}}","{""generator"":""uniform"",""dataset"":""uniform_t__nr100000__ns100000__a1_000ep00__g1"",""n_r"":100000,""n_s"":100000,""has_exact_k"":false,""k_target"":0,""k_achieved"":0,""alpha_target"":1,""alpha_achieved"":nan,""notes"":""w_min_r=0.005, w_max_r=0.02, w_min_s=0.005, w_max_s=0.02, same_size_all_dims=0""}"
uniform_t__nr100000__ns100000__a1_000ep00__g1,uniform,1,100000,100000,r_tree,adaptive,1000,1,2,1,415.462,6.33447e+06,1,0,1,0,fallback_sampling,1000001,"{""build_ms"":36.388091,""enumerate_prepare_ms"":34.698754,""phase1_adaptive_count_ms"":168.557594,""phase2+3_sampling_ms"":105.867968,""run_build_ms"":36.388961,""run_fallback_count_ms"":168.560544,""run_fallback_sample_ms"":105.871108,""run_pilot_enum_prepare_ms"":34.701184,""run_pilot_enum_scan_ms"":69.837481}",,"{""dataset"":{""source"":""synthetic"",""name"":""uniform_t__nr100000__ns100000__a1_000ep00__g1"",""dim"":2,""path_r"":"""",""path_s"":"""",""synthetic"":{""generator"":""uniform"",""n_r"":100000,""n_s"":100000,""alpha"":1,""seed"":1}},""run"":{""method"":""r_tree"",""variant"":""adaptive"",""t"":1000,""seed"":1,""repeats"":3,""j_star"":1000000,""enum_cap"":0,""write_samples"":false,""verify"":false},""output"":{""out_dir"":""run/temp/exp5/uniform_t"",""run_tag"":""exp5_uniform_t""},""sys"":{""threads"":1},""logging"":{""level"":""INFO"",""with_timestamp"":true,""with_thread_id"":false}}","{""generator"":""uniform"",""dataset"":""uniform_t__nr100000__ns100000__a1_000ep00__g1"",""n_r"":100000,""n_s"":100000,""has_exact_k"":false,""k_target"":0,""k_achieved"":0,""alpha_target"":1,""alpha_achieved"":nan,""notes"":""w_min_r=0.005, w_max_r=0.02, w_min_s=0.005, w_max_s=0.02, same_size_all_dims=0""}"
uniform_t__nr100000__ns100000__a1_000ep00__g1,uniform,1,100000,100000,r_tree,adaptive,1000,2,3,1,412.649,6.33447e+06,1,0,1,0,fallback_sampling,1000001,"{""build_ms"":36.378112,""enumerate_prepare_ms"":34.689946,""phase1_adaptive_count_ms"":168.345679,""phase2+3_sampling_ms"":103.267411,""run_build_ms"":36.379681,""run_fallback_count_ms"":168.347719,""run_fallback_sample_ms"":103.269681,""run_pilot_enum_prepare_ms"":34.692455,""run_pilot_enum_scan_ms"":69.859789}",,"{""dataset"":{""source"":""synthetic"",""name"":""uniform_t__nr100000__ns100000__a1_000ep00__g1"",""dim"":2,""path_r"":"""",""path_s"":"""",""synthetic"":{""generator"":""uniform"",""n_r"":100000,""n_s"":100000,""alpha"":1,""seed"":1}},""run"":{""method"":""r_tree"",""variant"":""adaptive"",""t"":1000,""seed"":1,""repeats"":3,""j_star"":1000000,""enum_cap"":0,""write_samples"":false,""verify"":false},""output"":{""out_dir"":""run/temp/exp5/uniform_t"",""run_tag"":""exp5_uniform_t""},""sys"":{""threads"":1},""logging"":{""level"":""INFO"",""with_timestamp"":true,""with_thread_id"":false}}","{""generator"":""uniform"",""dataset"":""uniform_t__nr100000__ns100000__a1_000ep00__g1"",""n_r"":100000,""n_s"":100000,""has_exact_k"":false,""k_target"":0,""k_achieved"":0,""alpha_target"":1,""alpha_achieved"":nan,""notes"":""w_min_r=0.005, w_max_r=0.02, w_min_s=0.005, w_max_s=0.02, same_size_all_dims=0""}"
uniform_t__nr100000__ns100000__a1_000ep00__g1,uniform,1,100000,100000,range_tree,sampling,1000,0,1,1,2109.5,6.33447e+06,1,0,0,0,,0,"{""build_ms"":102.373070,""build_events_ms"":34.490160,""build_range_trees_ms"":35.314952,""build_rank_arrays_ms"":31.167997,""build_start_index_ms"":1.354332,""phase1_count_ms"":1188.425048,""phase2_alias_ms"":818.686663,""phase3_sweep_ms"":812.726924,""run_build_ms"":102.374080,""run_count_ms"":1188.428318,""run_sample_ms"":818.691483}",,"{""dataset"":{""source"":""synthetic"",""name"":""uniform_t__nr100000__ns100000__a1_000ep00__g1"",""dim"":2,""path_r"":"""",""path_s"":"""",""synthetic"":{""generator"":""uniform"",""n_r"":100000,""n_s"":100000,""alpha"":1,""seed"":1}},""run"":{""method"":""range_tree"",""variant"":""sampling"",""t"":1000,""seed"":1,""repeats"":3,""j_star"":1000000,""enum_cap"":0,""write_samples"":false,""verify"":false},""output"":{""out_dir"":""run/temp/exp5/uniform_t"",""run_tag"":""exp5_uniform_t""},""sys"":{""threads"":1},""logging"":{""level"":""INFO"",""with_timestamp"":true,""with_thread_id"":false}}","{""generator"":""uniform"",""dataset"":""uniform_t__nr100000__ns100000__a1_000ep00__g1"",""n_r"":100000,""n_s"":100000,""has_exact_k"":false,""k_target"":0,""k_achieved"":0,""alpha_target"":1,""alpha_achieved"":nan,""notes"":""w_min_r=0.005, w_max_r=0.02, w_min_s=0.005, w_max_s=0.02, same_size_all_dims=0""}"
uniform_t__nr100000__ns100000__a1_000ep00__g1,uniform,1,100000,100000,range_tree,sampling,1000,1,2,1,2109,6.33447e+06,1,0,0,0,,0,"{""build_ms"":100.739262,""build_events_ms"":34.465449,""build_range_trees_ms"":33.720894,""build_rank_arrays_ms"":31.139398,""build_start_index_ms"":1.366702,""phase1_count_ms"":1189.171644,""phase2_alias_ms"":819.074716,""phase3_sweep_ms"":813.080807,""run_build_ms"":100.739733,""run_count_ms"":1189.174684,""run_sample_ms"":819.078356}",,"{""dataset"":{""source"":""synthetic"",""name"":""uniform_t__nr100000__ns100000__a1_000ep00__g1"",""dim"":2,""path_r"":"""",""path_s"":"""",""synthetic"":{""generator"":""uniform"",""n_r"":100000,""n_s"":100000,""alpha"":1,""seed"":1}},""run"":{""method"":""range_tree"",""variant"":""sampling"",""t"":1000,""seed"":1,""repeats"":3,""j_star"":1000000,""enum_cap"":0,""write_samples"":false,""verify"":false},""output"":{""out_dir"":""run/temp/exp5/uniform_t"",""run_tag"":""exp5_uniform_t""},""sys"":{""threads"":1},""logging"":{""level"":""INFO"",""with_timestamp"":true,""with_thread_id"":false}}","{""generator"":""uniform"",""dataset"":""uniform_t__nr100000__ns100000__a1_000ep00__g1"",""n_r"":100000,""n_s"":100000,""has_exact_k"":false,""k_target"":0,""k_achieved"":0,""alpha_target"":1,""alpha_achieved"":nan,""notes"":""w_min_r=0.005, w_max_r=0.02, w_min_s=0.005, w_max_s=0.02, same_size_all_dims=0""}"
uniform_t__nr100000__ns100000__a1_000ep00__g1,uniform,1,100000,100000,range_tree,sampling,1000,2,3,1,2107.97,6.33447e+06,1,0,0,0,,0,"{""build_ms"":100.690274,""build_events_ms"":34.469009,""build_range_trees_ms"":33.661876,""build_rank_arrays_ms"":31.140987,""build_start_index_ms"":1.371843,""phase1_count_ms"":1187.924600,""phase2_alias_ms"":819.339101,""phase3_sweep_ms"":813.380392,""run_build_ms"":100.691014,""run_count_ms"":1187.927870,""run_sample_ms"":819.343141}",,"{""dataset"":{""source"":""synthetic"",""name"":""uniform_t__nr100000__ns100000__a1_000ep00__g1"",""dim"":2,""path_r"":"""",""path_s"":"""",""synthetic"":{""generator"":""uniform"",""n_r"":100000,""n_s"":100000,""alpha"":1,""seed"":1}},""run"":{""method"":""range_tree"",""variant"":""sampling"",""t"":1000,""seed"":1,""repeats"":3,""j_star"":1000000,""enum_cap"":0,""write_samples"":false,""verify"":false},""output"":{""out_dir"":""run/temp/exp5/uniform_t"",""run_tag"":""exp5_uniform_t""},""sys"":{""threads"":1},""logging"":{""level"":""INFO"",""with_timestamp"":true,""with_thread_id"":false}}","{""generator"":""uniform"",""dataset"":""uniform_t__nr100000__ns100000__a1_000ep00__g1"",""n_r"":100000,""n_s"":100000,""has_exact_k"":false,""k_target"":0,""k_achieved"":0,""alpha_target"":1,""alpha_achieved"":nan,""notes"":""w_min_r=0.005, w_max_r=0.02, w_min_s=0.005, w_max_s=0.02, same_size_all_dims=0""}"
uniform_t__nr100000__ns100000__a1_000ep00__g1,uniform,1,100000,100000,range_tree,adaptive,1000,0,1,1,2690.68,6.33447e+06,1,0,1,0,fallback_sampling,1000001,"{""adaptive_count_ms"":1299.633063,""build_ms"":102.205423,""build_events_ms"":34.494978,""build_range_trees_ms"":35.125286,""build_rank_arrays_ms"":31.181797,""build_start_index_ms"":1.356692,""enumerate_prepare_ms"":102.007088,""phase2_alias_ms"":818.484919,""phase3_sweep_ms"":812.480471,""run_build_ms"":102.206253,""run_fallback_count_ms"":1299.635603,""run_fallback_sample_ms"":818.489399,""run_pilot_enum_prepare_ms"":102.010828,""run_pilot_enum_scan_ms"":368.319715}",,"{""dataset"":{""source"":""synthetic"",""name"":""uniform_t__nr100000__ns100000__a1_000ep00__g1"",""dim"":2,""path_r"":"""",""path_s"":"""",""synthetic"":{""generator"":""uniform"",""n_r"":100000,""n_s"":100000,""alpha"":1,""seed"":1}},""run"":{""method"":""range_tree"",""variant"":""adaptive"",""t"":1000,""seed"":1,""repeats"":3,""j_star"":1000000,""enum_cap"":0,""write_samples"":false,""verify"":false},""output"":{""out_dir"":""run/temp/exp5/uniform_t"",""run_tag"":""exp5_uniform_t""},""sys"":{""threads"":1},""logging"":{""level"":""INFO"",""with_timestamp"":true,""with_thread_id"":false}}","{""generator"":""uniform"",""dataset"":""uniform_t__nr100000__ns100000__a1_000ep00__g1"",""n_r"":100000,""n_s"":100000,""has_exact_k"":false,""k_target"":0,""k_achieved"":0,""alpha_target"":1,""alpha_achieved"":nan,""notes"":""w_min_r=0.005, w_max_r=0.02, w_min_s=0.005, w_max_s=0.02, same_size_all_dims=0""}"
uniform_t__nr100000__ns100000__a1_000ep00__g1,uniform,1,100000,100000,range_tree,adaptive,1000,1,2,1,2687.77,6.33447e+06,1,0,1,0,fallback_sampling,1000001,"{""adaptive_count_ms"":1298.763322,""build_ms"":100.749192,""build_events_ms"":34.475379,""build_range_trees_ms"":33.715375,""build_rank_arrays_ms"":31.121838,""build_start_index_ms"":1.390422,""enumerate_prepare_ms"":100.889741,""phase2_alias_ms"":820.170166,""phase3_sweep_ms"":814.225627,""run_build_ms"":100.749873,""run_fallback_count_ms"":1298.765552,""run_fallback_sample_ms"":820.171536,""run_pilot_enum_prepare_ms"":100.893041,""run_pilot_enum_scan_ms"":367.173369}",,"{""dataset"":{""source"":""synthetic"",""name"":""uniform_t__nr100000__ns100000__a1_000ep00__g1"",""dim"":2,""path_r"":"""",""path_s"":"""",""synthetic"":{""generator"":""uniform"",""n_r"":100000,""n_s"":100000,""alpha"":1,""seed"":1}},""run"":{""method"":""range_tree"",""variant"":""adaptive"",""t"":1000,""seed"":1,""repeats"":3,""j_star"":1000000,""enum_cap"":0,""write_samples"":false,""verify"":false},""output"":{""out_dir"":""run/temp/exp5/uniform_t"",""run_tag"":""exp5_uniform_t""},""sys"":{""threads"":1},""logging"":{""level"":""INFO"",""with_timestamp"":true,""with_thread_id"":false}}","{""generator"":""uniform"",""dataset"":""uniform_t__nr100000__ns100000__a1_000ep00__g1"",""n_r"":100000,""n_s"":100000,""has_exact_k"":false,""k_target"":0,""k_achieved"":0,""alpha_target"":1,""alpha_achieved"":nan,""notes"":""w_min_r=0.005, w_max_r=0.02, w_min_s=0.005, w_max_s=0.02, same_size_all_dims=0""}"
uniform_t__nr100000__ns100000__a1_000ep00__g1,uniform,1,100000,100000,range_tree,adaptive,1000,2,3,1,2693.59,6.33447e+06,1,0,1,0,fallback_sampling,1000001,"{""adaptive_count_ms"":1304.454147,""build_ms"":100.693224,""build_events_ms"":34.465649,""build_range_trees_ms"":33.645587,""build_rank_arrays_ms"":31.164277,""build_start_index_ms"":1.370962,""enumerate_prepare_ms"":100.617065,""phase2_alias_ms"":821.385733,""phase3_sweep_ms"":815.427044,""run_build_ms"":100.693955,""run_fallback_count_ms"":1304.456907,""run_fallback_sample_ms"":821.387083,""run_pilot_enum_prepare_ms"":100.620575,""run_pilot_enum_scan_ms"":366.409706}",,"{""dataset"":{""source"":""synthetic"",""name"":""uniform_t__nr100000__ns100000__a1_000ep00__g1"",""dim"":2,""path_r"":"""",""path_s"":"""",""synthetic"":{""generator"":""uniform"",""n_r"":100000,""n_s"":100000,""alpha"":1,""seed"":1}},""run"":{""method"":""range_tree"",""variant"":""adaptive"",""t"":1000,""seed"":1,""repeats"":3,""j_star"":1000000,""enum_cap"":0,""write_samples"":false,""verify"":false},""output"":{""out_dir"":""run/temp/exp5/uniform_t"",""run_tag"":""exp5_uniform_t""},""sys"":{""threads"":1},""logging"":{""level"":""INFO"",""with_timestamp"":true,""with_thread_id"":false}}","{""generator"":""uniform"",""dataset"":""uniform_t__nr100000__ns100000__a1_000ep00__g1"",""n_r"":100000,""n_s"":100000,""has_exact_k"":false,""k_target"":0,""k_achieved"":0,""alpha_target"":1,""alpha_achieved"":nan,""notes"":""w_min_r=0.005, w_max_r=0.02, w_min_s=0.005, w_max_s=0.02, same_size_all_dims=0""}"
uniform_t__nr100000__ns100000__a1_000ep00__g1,uniform,1,100000,100000,pbsm,sampling,1000,0,1,1,510.31,6.33447e+06,1,0,0,0,,0,"{""build_ms"":21.818637,""pbsm_build_ms"":21.818017,""pbsm_count_pass1_ms"":244.541722,""pbsm_partitions_stripes_ms"":21.321407,""pbsm_sample_draw_ranks_ms"":0.040489,""pbsm_sample_pass2_select_ms"":243.891655,""run_build_ms"":21.819147,""run_count_ms"":244.545082,""run_sample_ms"":243.942764}",,"{""dataset"":{""source"":""synthetic"",""name"":""uniform_t__nr100000__ns100000__a1_000ep00__g1"",""dim"":2,""path_r"":"""",""path_s"":"""",""synthetic"":{""generator"":""uniform"",""n_r"":100000,""n_s"":100000,""alpha"":1,""seed"":1}},""run"":{""method"":""pbsm"",""variant"":""sampling"",""t"":1000,""seed"":1,""repeats"":3,""j_star"":1000000,""enum_cap"":0,""write_samples"":false,""verify"":false},""output"":{""out_dir"":""run/temp/exp5/uniform_t"",""run_tag"":""exp5_uniform_t""},""sys"":{""threads"":1},""logging"":{""level"":""INFO"",""with_timestamp"":true,""with_thread_id"":false}}","{""generator"":""uniform"",""dataset"":""uniform_t__nr100000__ns100000__a1_000ep00__g1"",""n_r"":100000,""n_s"":100000,""has_exact_k"":false,""k_target"":0,""k_achieved"":0,""alpha_target"":1,""alpha_achieved"":nan,""notes"":""w_min_r=0.005, w_max_r=0.02, w_min_s=0.005, w_max_s=0.02, same_size_all_dims=0""}"
uniform_t__nr100000__ns100000__a1_000ep00__g1,uniform,1,100000,100000,pbsm,sampling,1000,1,2,1,508.613,6.33447e+06,1,0,0,0,,0,"{""build_ms"":21.329906,""pbsm_build_ms"":21.329436,""pbsm_count_pass1_ms"":242.029573,""pbsm_partitions_stripes_ms"":20.985124,""pbsm_sample_draw_ranks_ms"":0.039879,""pbsm_sample_pass2_select_ms"":245.197109,""run_build_ms"":21.330337,""run_count_ms"":242.031833,""run_sample_ms"":245.245778}",,"{""dataset"":{""source"":""synthetic"",""name"":""uniform_t__nr100000__ns100000__a1_000ep00__g1"",""dim"":2,""path_r"":"""",""path_s"":"""",""synthetic"":{""generator"":""uniform"",""n_r"":100000,""n_s"":100000,""alpha"":1,""seed"":1}},""run"":{""method"":""pbsm"",""variant"":""sampling"",""t"":1000,""seed"":1,""repeats"":3,""j_star"":1000000,""enum_cap"":0,""write_samples"":false,""verify"":false},""output"":{""out_dir"":""run/temp/exp5/uniform_t"",""run_tag"":""exp5_uniform_t""},""sys"":{""threads"":1},""logging"":{""level"":""INFO"",""with_timestamp"":true,""with_thread_id"":false}}","{""generator"":""uniform"",""dataset"":""uniform_t__nr100000__ns100000__a1_000ep00__g1"",""n_r"":100000,""n_s"":100000,""has_exact_k"":false,""k_target"":0,""k_achieved"":0,""alpha_target"":1,""alpha_achieved"":nan,""notes"":""w_min_r=0.005, w_max_r=0.02, w_min_s=0.005, w_max_s=0.02, same_size_all_dims=0""}"
uniform_t__nr100000__ns100000__a1_000ep00__g1,uniform,1,100000,100000,pbsm,sampling,1000,2,3,1,511.433,6.33447e+06,1,0,0,0,,0,"{""build_ms"":21.354796,""pbsm_build_ms"":21.354266,""pbsm_count_pass1_ms"":244.706438,""pbsm_partitions_stripes_ms"":21.010183,""pbsm_sample_draw_ranks_ms"":0.040229,""pbsm_sample_pass2_select_ms"":245.314737,""run_build_ms"":21.355136,""run_count_ms"":244.709388,""run_sample_ms"":245.363486}",,"{""dataset"":{""source"":""synthetic"",""name"":""uniform_t__nr100000__ns100000__a1_000ep00__g1"",""dim"":2,""path_r"":"""",""path_s"":"""",""synthetic"":{""generator"":""uniform"",""n_r"":100000,""n_s"":100000,""alpha"":1,""seed"":1}},""run"":{""method"":""pbsm"",""variant"":""sampling"",""t"":1000,""seed"":1,""repeats"":3,""j_star"":1000000,""enum_cap"":0,""write_samples"":false,""verify"":false},""output"":{""out_dir"":""run/temp/exp5/uniform_t"",""run_tag"":""exp5_uniform_t""},""sys"":{""threads"":1},""logging"":{""level"":""INFO"",""with_timestamp"":true,""with_thread_id"":false}}","{""generator"":""uniform"",""dataset"":""uniform_t__nr100000__ns100000__a1_000ep00__g1"",""n_r"":100000,""n_s"":100000,""has_exact_k"":false,""k_target"":0,""k_achieved"":0,""alpha_target"":1,""alpha_achieved"":nan,""notes"":""w_min_r=0.005, w_max_r=0.02, w_min_s=0.005, w_max_s=0.02, same_size_all_dims=0""}"
uniform_t__nr100000__ns100000__a1_000ep00__g1,uniform,1,100000,100000,pbsm,adaptive,1000,0,1,1,551.597,6.33447e+06,1,0,1,0,fallback_sampling,1000001,"{""build_ms"":21.357137,""enumerate_prepare_ms"":0.000340,""pbsm_adaptive_pass1_ms"":247.197148,""pbsm_adaptive_sample_large_ms"":245.270987,""pbsm_build_ms"":21.356487,""pbsm_partitions_stripes_ms"":21.014483,""run_build_ms"":21.357497,""run_fallback_count_ms"":247.200898,""run_fallback_sample_ms"":245.275956,""run_pilot_enum_prepare_ms"":0.000750,""run_pilot_enum_scan_ms"":37.752994}",,"{""dataset"":{""source"":""synthetic"",""name"":""uniform_t__nr100000__ns100000__a1_000ep00__g1"",""dim"":2,""path_r"":"""",""path_s"":"""",""synthetic"":{""generator"":""uniform"",""n_r"":100000,""n_s"":100000,""alpha"":1,""seed"":1}},""run"":{""method"":""pbsm"",""variant"":""adaptive"",""t"":1000,""seed"":1,""repeats"":3,""j_star"":1000000,""enum_cap"":0,""write_samples"":false,""verify"":false},""output"":{""out_dir"":""run/temp/exp5/uniform_t"",""run_tag"":""exp5_uniform_t""},""sys"":{""threads"":1},""logging"":{""level"":""INFO"",""with_timestamp"":true,""with_thread_id"":false}}","{""generator"":""uniform"",""dataset"":""uniform_t__nr100000__ns100000__a1_000ep00__g1"",""n_r"":100000,""n_s"":100000,""has_exact_k"":false,""k_target"":0,""k_achieved"":0,""alpha_target"":1,""alpha_achieved"":nan,""notes"":""w_min_r=0.005, w_max_r=0.02, w_min_s=0.005, w_max_s=0.02, same_size_all_dims=0""}"
uniform_t__nr100000__ns100000__a1_000ep00__g1,uniform,1,100000,100000,pbsm,adaptive,1000,1,2,1,557.129,6.33447e+06,1,0,1,0,fallback_sampling,1000001,"{""build_ms"":21.318357,""enumerate_prepare_ms"":0.000339,""pbsm_adaptive_pass1_ms"":250.897303,""pbsm_adaptive_sample_large_ms"":247.077631,""pbsm_build_ms"":21.317698,""pbsm_partitions_stripes_ms"":20.975884,""run_build_ms"":21.318757,""run_fallback_count_ms"":250.900653,""run_fallback_sample_ms"":247.082550,""run_pilot_enum_prepare_ms"":0.000740,""run_pilot_enum_scan_ms"":37.813582}",,"{""dataset"":{""source"":""synthetic"",""name"":""uniform_t__nr100000__ns100000__a1_000ep00__g1"",""dim"":2,""path_r"":"""",""path_s"":"""",""synthetic"":{""generator"":""uniform"",""n_r"":100000,""n_s"":100000,""alpha"":1,""seed"":1}},""run"":{""method"":""pbsm"",""variant"":""adaptive"",""t"":1000,""seed"":1,""repeats"":3,""j_star"":1000000,""enum_cap"":0,""write_samples"":false,""verify"":false},""output"":{""out_dir"":""run/temp/exp5/uniform_t"",""run_tag"":""exp5_uniform_t""},""sys"":{""threads"":1},""logging"":{""level"":""INFO"",""with_timestamp"":true,""with_thread_id"":false}}","{""generator"":""uniform"",""dataset"":""uniform_t__nr100000__ns100000__a1_000ep00__g1"",""n_r"":100000,""n_s"":100000,""has_exact_k"":false,""k_target"":0,""k_achieved"":0,""alpha_target"":1,""alpha_achieved"":nan,""notes"":""w_min_r=0.005, w_max_r=0.02, w_min_s=0.005, w_max_s=0.02, same_size_all_dims=0""}"
uniform_t__nr100000__ns100000__a1_000ep00__g1,uniform,1,100000,100000,pbsm,adaptive,1000,2,3,1,555.738,6.33447e+06,1,0,1,0,fallback_sampling,1000001,"{""build_ms"":21.366716,""enumerate_prepare_ms"":0.000380,""pbsm_adaptive_pass1_ms"":248.906374,""pbsm_adaptive_sample_large_ms"":247.544981,""pbsm_build_ms"":21.366246,""pbsm_partitions_stripes_ms"":21.023583,""run_build_ms"":21.367056,""run_fallback_count_ms"":248.909754,""run_fallback_sample_ms"":247.550741,""run_pilot_enum_prepare_ms"":0.000750,""run_pilot_enum_scan_ms"":37.898390}",,"{""dataset"":{""source"":""synthetic"",""name"":""uniform_t__nr100000__ns100000__a1_000ep00__g1"",""dim"":2,""path_r"":"""",""path_s"":"""",""synthetic"":{""generator"":""uniform"",""n_r"":100000,""n_s"":100000,""alpha"":1,""seed"":1}},""run"":{""method"":""pbsm"",""variant"":""adaptive"",""t"":1000,""seed"":1,""repeats"":3,""j_star"":1000000,""enum_cap"":0,""write_samples"":false,""verify"":false},""output"":{""out_dir"":""run/temp/exp5/uniform_t"",""run_tag"":""exp5_uniform_t""},""sys"":{""threads"":1},""logging"":{""level"":""INFO"",""with_timestamp"":true,""with_thread_id"":false}}","{""generator"":""uniform"",""dataset"":""uniform_t__nr100000__ns100000__a1_000ep00__g1"",""n_r"":100000,""n_s"":100000,""has_exact_k"":false,""k_target"":0,""k_achieved"":0,""alpha_target"":1,""alpha_achieved"":nan,""notes"":""w_min_r=0.005, w_max_r=0.02, w_min_s=0.005, w_max_s=0.02, same_size_all_dims=0""}"
uniform_t__nr100000__ns100000__a1_000ep00__g1,uniform,1,100000,100000,tlsop,sampling,1000,0,1,1,249.279,6.33447e+06,1,0,0,0,,0,"{""build_ms"":29.479350,""run_build_ms"":29.480020,""run_count_ms"":110.073543,""run_sample_ms"":109.722091,""tlsop_alloc_tiles_ms"":0.058968,""tlsop_build_ms"":29.478401,""tlsop_build_edges_ms"":0.000331,""tlsop_count_pass1_ms"":110.070504,""tlsop_pass1_count_caps_ms"":5.752173,""tlsop_pass1_reserve_ms"":0.440941,""tlsop_pass2_fill_ms"":7.643345,""tlsop_sample_draw_ranks_ms"":0.039689,""tlsop_sample_pass2_select_ms"":109.674902,""tlsop_sort_lists_ms"":15.571174}",,"{""dataset"":{""source"":""synthetic"",""name"":""uniform_t__nr100000__ns100000__a1_000ep00__g1"",""dim"":2,""path_r"":"""",""path_s"":"""",""synthetic"":{""generator"":""uniform"",""n_r"":100000,""n_s"":100000,""alpha"":1,""seed"":1}},""run"":{""method"":""tlsop"",""variant"":""sampling"",""t"":1000,""seed"":1,""repeats"":3,""j_star"":1000000,""enum_cap"":0,""write_samples"":false,""verify"":false},""output"":{""out_dir"":""run/temp/exp5/uniform_t"",""run_tag"":""exp5_uniform_t""},""sys"":{""threads"":1},""logging"":{""level"":""INFO"",""with_timestamp"":true,""with_thread_id"":false}}","{""generator"":""uniform"",""dataset"":""uniform_t__nr100000__ns100000__a1_000ep00__g1"",""n_r"":100000,""n_s"":100000,""has_exact_k"":false,""k_target"":0,""k_achieved"":0,""alpha_target"":1,""alpha_achieved"":nan,""notes"":""w_min_r=0.005, w_max_r=0.02, w_min_s=0.005, w_max_s=0.02, same_size_all_dims=0""}"
uniform_t__nr100000__ns100000__a1_000ep00__g1,uniform,1,100000,100000,tlsop,sampling,1000,1,2,1,246.938,6.33447e+06,1,0,0,0,,0,"{""build_ms"":30.001361,""run_build_ms"":30.002081,""run_count_ms"":107.004056,""run_sample_ms"":109.616993,""tlsop_alloc_tiles_ms"":0.061958,""tlsop_build_ms"":30.000551,""tlsop_build_edges_ms"":0.000860,""tlsop_count_pass1_ms"":107.001166,""tlsop_pass1_count_caps_ms"":5.746033,""tlsop_pass1_reserve_ms"":0.431982,""tlsop_pass2_fill_ms"":7.684184,""tlsop_sample_draw_ranks_ms"":0.039339,""tlsop_sample_pass2_select_ms"":109.570634,""tlsop_sort_lists_ms"":15.595013}",,"{""dataset"":{""source"":""synthetic"",""name"":""uniform_t__nr100000__ns100000__a1_000ep00__g1"",""dim"":2,""path_r"":"""",""path_s"":"""",""synthetic"":{""generator"":""uniform"",""n_r"":100000,""n_s"":100000,""alpha"":1,""seed"":1}},""run"":{""method"":""tlsop"",""variant"":""sampling"",""t"":1000,""seed"":1,""repeats"":3,""j_star"":1000000,""enum_cap"":0,""write_samples"":false,""verify"":false},""output"":{""out_dir"":""run/temp/exp5/uniform_t"",""run_tag"":""exp5_uniform_t""},""sys"":{""threads"":1},""logging"":{""level"":""INFO"",""with_timestamp"":true,""with_thread_id"":false}}","{""generator"":""uniform"",""dataset"":""uniform_t__nr100000__ns100000__a1_000ep00__g1"",""n_r"":100000,""n_s"":100000,""has_exact_k"":false,""k_target"":0,""k_achieved"":0,""alpha_target"":1,""alpha_achieved"":nan,""notes"":""w_min_r=0.005, w_max_r=0.02, w_min_s=0.005, w_max_s=0.02, same_size_all_dims=0""}"
uniform_t__nr100000__ns100000__a1_000ep00__g1,uniform,1,100000,100000,tlsop,sampling,1000,2,3,1,247.139,6.33447e+06,1,0,0,0,,0,"{""build_ms"":30.038949,""run_build_ms"":30.039669,""run_count_ms"":107.165753,""run_sample_ms"":109.603354,""tlsop_alloc_tiles_ms"":0.061829,""tlsop_build_ms"":30.038329,""tlsop_build_edges_ms"":0.000660,""tlsop_count_pass1_ms"":107.162013,""tlsop_pass1_count_caps_ms"":5.752093,""tlsop_pass1_reserve_ms"":0.433071,""tlsop_pass2_fill_ms"":7.636515,""tlsop_sample_draw_ranks_ms"":0.042659,""tlsop_sample_pass2_select_ms"":109.552275,""tlsop_sort_lists_ms"":15.674781}",,"{""dataset"":{""source"":""synthetic"",""name"":""uniform_t__nr100000__ns100000__a1_000ep00__g1"",""dim"":2,""path_r"":"""",""path_s"":"""",""synthetic"":{""generator"":""uniform"",""n_r"":100000,""n_s"":100000,""alpha"":1,""seed"":1}},""run"":{""method"":""tlsop"",""variant"":""sampling"",""t"":1000,""seed"":1,""repeats"":3,""j_star"":1000000,""enum_cap"":0,""write_samples"":false,""verify"":false},""output"":{""out_dir"":""run/temp/exp5/uniform_t"",""run_tag"":""exp5_uniform_t""},""sys"":{""threads"":1},""logging"":{""level"":""INFO"",""with_timestamp"":true,""with_thread_id"":false}}","{""generator"":""uniform"",""dataset"":""uniform_t__nr100000__ns100000__a1_000ep00__g1"",""n_r"":100000,""n_s"":100000,""has_exact_k"":false,""k_target"":0,""k_achieved"":0,""alpha_target"":1,""alpha_achieved"":nan,""notes"":""w_min_r=0.005, w_max_r=0.02, w_min_s=0.005, w_max_s=0.02, same_size_all_dims=0""}"
uniform_t__nr100000__ns100000__a1_000ep00__g1,uniform,1,100000,100000,tlsop,adaptive,1000,0,1,1,267.899,6.33447e+06,1,0,1,0,fallback_sampling,1000001,"{""build_ms"":29.559589,""enumerate_prepare_ms"":0.013840,""run_build_ms"":29.560439,""run_fallback_count_ms"":110.334839,""run_fallback_sample_ms"":109.751450,""run_pilot_enum_prepare_ms"":0.014900,""run_pilot_enum_scan_ms"":18.229629,""tlsop_adaptive_pass1_ms"":110.329209,""tlsop_adaptive_sample_large_ms"":109.747211,""tlsop_alloc_tiles_ms"":0.058768,""tlsop_build_ms"":29.558759,""tlsop_build_edges_ms"":0.000410,""tlsop_pass1_count_caps_ms"":5.747174,""tlsop_pass1_reserve_ms"":0.432281,""tlsop_pass2_fill_ms"":7.653245,""tlsop_sort_lists_ms"":15.654961}",,"{""dataset"":{""source"":""synthetic"",""name"":""uniform_t__nr100000__ns100000__a1_000ep00__g1"",""dim"":2,""path_r"":"""",""path_s"":"""",""synthetic"":{""generator"":""uniform"",""n_r"":100000,""n_s"":100000,""alpha"":1,""seed"":1}},""run"":{""method"":""tlsop"",""variant"":""adaptive"",""t"":1000,""seed"":1,""repeats"":3,""j_star"":1000000,""enum_cap"":0,""write_samples"":false,""verify"":false},""output"":{""out_dir"":""run/temp/exp5/uniform_t"",""run_tag"":""exp5_uniform_t""},""sys"":{""threads"":1},""logging"":{""level"":""INFO"",""with_timestamp"":true,""with_thread_id"":false}}","{""generator"":""uniform"",""dataset"":""uniform_t__nr100000__ns100000__a1_000ep00__g1"",""n_r"":100000,""n_s"":100000,""has_exact_k"":false,""k_target"":0,""k_achieved"":0,""alpha_target"":1,""alpha_achieved"":nan,""notes"":""w_min_r=0.005, w_max_r=0.02, w_min_s=0.005, w_max_s=0.02, same_size_all_dims=0""}"
uniform_t__nr100000__ns100000__a1_000ep00__g1,uniform,1,100000,100000,tlsop,adaptive,1000,1,2,1,271.617,6.33447e+06,1,0,1,0,fallback_sampling,1000001,"{""build_ms"":30.069049,""enumerate_prepare_ms"":0.011739,""run_build_ms"":30.069619,""run_fallback_count_ms"":110.174522,""run_fallback_sample_ms"":109.839599,""run_pilot_enum_prepare_ms"":0.012470,""run_pilot_enum_scan_ms"":21.173799,""tlsop_adaptive_pass1_ms"":110.169272,""tlsop_adaptive_sample_large_ms"":109.834878,""tlsop_alloc_tiles_ms"":0.061798,""tlsop_build_ms"":30.067469,""tlsop_build_edges_ms"":0.000870,""tlsop_pass1_count_caps_ms"":5.751343,""tlsop_pass1_reserve_ms"":0.432071,""tlsop_pass2_fill_ms"":7.656245,""tlsop_sort_lists_ms"":15.688821}",,"{""dataset"":{""source"":""synthetic"",""name"":""uniform_t__nr100000__ns100000__a1_000ep00__g1"",""dim"":2,""path_r"":"""",""path_s"":"""",""synthetic"":{""generator"":""uniform"",""n_r"":100000,""n_s"":100000,""alpha"":1,""seed"":1}},""run"":{""method"":""tlsop"",""variant"":""adaptive"",""t"":1000,""seed"":1,""repeats"":3,""j_star"":1000000,""enum_cap"":0,""write_samples"":false,""verify"":false},""output"":{""out_dir"":""run/temp/exp5/uniform_t"",""run_tag"":""exp5_uniform_t""},""sys"":{""threads"":1},""logging"":{""level"":""INFO"",""with_timestamp"":true,""with_thread_id"":false}}","{""generator"":""uniform"",""dataset"":""uniform_t__nr100000__ns100000__a1_000ep00__g1"",""n_r"":100000,""n_s"":100000,""has_exact_k"":false,""k_target"":0,""k_achieved"":0,""alpha_target"":1,""alpha_achieved"":nan,""notes"":""w_min_r=0.005, w_max_r=0.02, w_min_s=0.005, w_max_s=0.02, same_size_all_dims=0""}"
uniform_t__nr100000__ns100000__a1_000ep00__g1,uniform,1,100000,100000,tlsop,adaptive,1000,2,3,1,268.727,6.33447e+06,1,0,1,0,fallback_sampling,1000001,"{""build_ms"":30.125458,""enumerate_prepare_ms"":0.012780,""run_build_ms"":30.126038,""run_fallback_count_ms"":110.496376,""run_fallback_sample_ms"":109.513776,""run_pilot_enum_prepare_ms"":0.013519,""run_pilot_enum_scan_ms"":18.216370,""tlsop_adaptive_pass1_ms"":110.490726,""tlsop_adaptive_sample_large_ms"":109.508615,""tlsop_alloc_tiles_ms"":0.061879,""tlsop_build_ms"":30.124078,""tlsop_build_edges_ms"":0.000790,""tlsop_pass1_count_caps_ms"":5.763282,""tlsop_pass1_reserve_ms"":0.434292,""tlsop_pass2_fill_ms"":7.678394,""tlsop_sort_lists_ms"":15.708701}",,"{""dataset"":{""source"":""synthetic"",""name"":""uniform_t__nr100000__ns100000__a1_000ep00__g1"",""dim"":2,""path_r"":"""",""path_s"":"""",""synthetic"":{""generator"":""uniform"",""n_r"":100000,""n_s"":100000,""alpha"":1,""seed"":1}},""run"":{""method"":""tlsop"",""variant"":""adaptive"",""t"":1000,""seed"":1,""repeats"":3,""j_star"":1000000,""enum_cap"":0,""write_samples"":false,""verify"":false},""output"":{""out_dir"":""run/temp/exp5/uniform_t"",""run_tag"":""exp5_uniform_t""},""sys"":{""threads"":1},""logging"":{""level"":""INFO"",""with_timestamp"":true,""with_thread_id"":false}}","{""generator"":""uniform"",""dataset"":""uniform_t__nr100000__ns100000__a1_000ep00__g1"",""n_r"":100000,""n_s"":100000,""has_exact_k"":false,""k_target"":0,""k_achieved"":0,""alpha_target"":1,""alpha_achieved"":nan,""notes"":""w_min_r=0.005, w_max_r=0.02, w_min_s=0.005, w_max_s=0.02, same_size_all_dims=0""}"
uniform_t__nr100000__ns100000__a1_000ep00__g1,uniform,1,100000,100000,sirs,sampling,1000,0,1,1,469.151,6.33447e+06,1,0,0,0,,0,"{""build_ms"":122.379224,""count_ms"":340.071512,""run_build_ms"":122.379944,""run_count_ms"":340.073582,""run_sample_ms"":6.695544,""sample_ms"":6.694524,""sirs_build_index_ms"":122.378784,""sirs_build_kd_ms"":11.199412,""sirs_embed_inner_ms"":56.126150,""sirs_phase1_degrees_ms"":340.068482,""sirs_rank_axes_ms"":55.045452}",,"{""dataset"":{""source"":""synthetic"",""name"":""uniform_t__nr100000__ns100000__a1_000ep00__g1"",""dim"":2,""path_r"":"""",""path_s"":"""",""synthetic"":{""generator"":""uniform"",""n_r"":100000,""n_s"":100000,""alpha"":1,""seed"":1}},""run"":{""method"":""sirs"",""variant"":""sampling"",""t"":1000,""seed"":1,""repeats"":3,""j_star"":1000000,""enum_cap"":0,""write_samples"":false,""verify"":false},""output"":{""out_dir"":""run/temp/exp5/uniform_t"",""run_tag"":""exp5_uniform_t""},""sys"":{""threads"":1},""logging"":{""level"":""INFO"",""with_timestamp"":true,""with_thread_id"":false}}","{""generator"":""uniform"",""dataset"":""uniform_t__nr100000__ns100000__a1_000ep00__g1"",""n_r"":100000,""n_s"":100000,""has_exact_k"":false,""k_target"":0,""k_achieved"":0,""alpha_target"":1,""alpha_achieved"":nan,""notes"":""w_min_r=0.005, w_max_r=0.02, w_min_s=0.005, w_max_s=0.02, same_size_all_dims=0""}"
uniform_t__nr100000__ns100000__a1_000ep00__g1,uniform,1,100000,100000,sirs,sampling,1000,1,2,1,471.313,6.33447e+06,1,0,0,0,,0,"{""build_ms"":124.645748,""count_ms"":339.975914,""run_build_ms"":124.646408,""run_count_ms"":339.978264,""run_sample_ms"":6.685464,""sample_ms"":6.684274,""sirs_build_index_ms"":124.645358,""sirs_build_kd_ms"":11.184463,""sirs_embed_inner_ms"":56.072731,""sirs_phase1_degrees_ms"":339.973214,""sirs_rank_axes_ms"":57.381594}",,"{""dataset"":{""source"":""synthetic"",""name"":""uniform_t__nr100000__ns100000__a1_000ep00__g1"",""dim"":2,""path_r"":"""",""path_s"":"""",""synthetic"":{""generator"":""uniform"",""n_r"":100000,""n_s"":100000,""alpha"":1,""seed"":1}},""run"":{""method"":""sirs"",""variant"":""sampling"",""t"":1000,""seed"":1,""repeats"":3,""j_star"":1000000,""enum_cap"":0,""write_samples"":false,""verify"":false},""output"":{""out_dir"":""run/temp/exp5/uniform_t"",""run_tag"":""exp5_uniform_t""},""sys"":{""threads"":1},""logging"":{""level"":""INFO"",""with_timestamp"":true,""with_thread_id"":false}}","{""generator"":""uniform"",""dataset"":""uniform_t__nr100000__ns100000__a1_000ep00__g1"",""n_r"":100000,""n_s"":100000,""has_exact_k"":false,""k_target"":0,""k_achieved"":0,""alpha_target"":1,""alpha_achieved"":nan,""notes"":""w_min_r=0.005, w_max_r=0.02, w_min_s=0.005, w_max_s=0.02, same_size_all_dims=0""}"
uniform_t__nr100000__ns100000__a1_000ep00__g1,uniform,1,100000,100000,sirs,sampling,1000,2,3,1,468.201,6.33447e+06,1,0,0,0,,0,"{""build_ms"":122.011491,""count_ms"":339.580342,""run_build_ms"":122.012181,""run_count_ms"":339.581752,""run_sample_ms"":6.604646,""sample_ms"":6.603836,""sirs_build_index_ms"":122.010771,""sirs_build_kd_ms"":11.186183,""sirs_embed_inner_ms"":56.157269,""sirs_phase1_degrees_ms"":339.578162,""sirs_rank_axes_ms"":54.660159}",,"{""dataset"":{""source"":""synthetic"",""name"":""uniform_t__nr100000__ns100000__a1_000ep00__g1"",""dim"":2,""path_r"":"""",""path_s"":"""",""synthetic"":{""generator"":""uniform"",""n_r"":100000,""n_s"":100000,""alpha"":1,""seed"":1}},""run"":{""method"":""sirs"",""variant"":""sampling"",""t"":1000,""seed"":1,""repeats"":3,""j_star"":1000000,""enum_cap"":0,""write_samples"":false,""verify"":false},""output"":{""out_dir"":""run/temp/exp5/uniform_t"",""run_tag"":""exp5_uniform_t""},""sys"":{""threads"":1},""logging"":{""level"":""INFO"",""with_timestamp"":true,""with_thread_id"":false}}","{""generator"":""uniform"",""dataset"":""uniform_t__nr100000__ns100000__a1_000ep00__g1"",""n_r"":100000,""n_s"":100000,""has_exact_k"":false,""k_target"":0,""k_achieved"":0,""alpha_target"":1,""alpha_achieved"":nan,""notes"":""w_min_r=0.005, w_max_r=0.02, w_min_s=0.005, w_max_s=0.02, same_size_all_dims=0""}"
uniform_t__nr100000__ns100000__a1_000ep00__g1,uniform,1,100000,100000,sirs,adaptive,1000,0,1,1,571.8,6.33447e+06,1,0,1,0,fallback_sampling,1000001,"{""build_ms"":125.064959,""count_ms"":358.830751,""run_build_ms"":125.065509,""run_fallback_count_ms"":358.833681,""run_fallback_sample_ms"":6.635836,""run_pilot_enum_prepare_ms"":0.000620,""run_pilot_enum_scan_ms"":81.251050,""sample_ms"":6.634746,""sirs_build_index_ms"":125.064449,""sirs_build_kd_ms"":13.878858,""sirs_embed_inner_ms"":56.140720,""sirs_rank_axes_ms"":55.038961}",,"{""dataset"":{""source"":""synthetic"",""name"":""uniform_t__nr100000__ns100000__a1_000ep00__g1"",""dim"":2,""path_r"":"""",""path_s"":"""",""synthetic"":{""generator"":""uniform"",""n_r"":100000,""n_s"":100000,""alpha"":1,""seed"":1}},""run"":{""method"":""sirs"",""variant"":""adaptive"",""t"":1000,""seed"":1,""repeats"":3,""j_star"":1000000,""enum_cap"":0,""write_samples"":false,""verify"":false},""output"":{""out_dir"":""run/temp/exp5/uniform_t"",""run_tag"":""exp5_uniform_t""},""sys"":{""threads"":1},""logging"":{""level"":""INFO"",""with_timestamp"":true,""with_thread_id"":false}}","{""generator"":""uniform"",""dataset"":""uniform_t__nr100000__ns100000__a1_000ep00__g1"",""n_r"":100000,""n_s"":100000,""has_exact_k"":false,""k_target"":0,""k_achieved"":0,""alpha_target"":1,""alpha_achieved"":nan,""notes"":""w_min_r=0.005, w_max_r=0.02, w_min_s=0.005, w_max_s=0.02, same_size_all_dims=0""}"
uniform_t__nr100000__ns100000__a1_000ep00__g1,uniform,1,100000,100000,sirs,adaptive,1000,1,2,1,571.226,6.33447e+06,1,0,1,0,fallback_sampling,1000001,"{""build_ms"":122.116690,""count_ms"":360.924559,""run_build_ms"":122.117280,""run_fallback_count_ms"":360.927118,""run_fallback_sample_ms"":6.625346,""run_pilot_enum_prepare_ms"":0.000590,""run_pilot_enum_scan_ms"":81.540153,""sample_ms"":6.624636,""sirs_build_index_ms"":122.115940,""sirs_build_kd_ms"":11.209782,""sirs_embed_inner_ms"":56.213859,""sirs_rank_axes_ms"":54.686229}",,"{""dataset"":{""source"":""synthetic"",""name"":""uniform_t__nr100000__ns100000__a1_000ep00__g1"",""dim"":2,""path_r"":"""",""path_s"":"""",""synthetic"":{""generator"":""uniform"",""n_r"":100000,""n_s"":100000,""alpha"":1,""seed"":1}},""run"":{""method"":""sirs"",""variant"":""adaptive"",""t"":1000,""seed"":1,""repeats"":3,""j_star"":1000000,""enum_cap"":0,""write_samples"":false,""verify"":false},""output"":{""out_dir"":""run/temp/exp5/uniform_t"",""run_tag"":""exp5_uniform_t""},""sys"":{""threads"":1},""logging"":{""level"":""INFO"",""with_timestamp"":true,""with_thread_id"":false}}","{""generator"":""uniform"",""dataset"":""uniform_t__nr100000__ns100000__a1_000ep00__g1"",""n_r"":100000,""n_s"":100000,""has_exact_k"":false,""k_target"":0,""k_achieved"":0,""alpha_target"":1,""alpha_achieved"":nan,""notes"":""w_min_r=0.005, w_max_r=0.02, w_min_s=0.005, w_max_s=0.02, same_size_all_dims=0""}"
uniform_t__nr100000__ns100000__a1_000ep00__g1,uniform,1,100000,100000,sirs,adaptive,1000,2,3,1,567.974,6.33447e+06,1,0,1,0,fallback_sampling,1000001,"{""build_ms"":122.092500,""count_ms"":357.939509,""run_build_ms"":122.093160,""run_fallback_count_ms"":357.942199,""run_fallback_sample_ms"":6.600566,""run_pilot_enum_prepare_ms"":0.000570,""run_pilot_enum_scan_ms"":81.320868,""sample_ms"":6.599236,""sirs_build_index_ms"":122.091680,""sirs_build_kd_ms"":11.248461,""sirs_embed_inner_ms"":56.160429,""sirs_rank_axes_ms"":54.676040}",,"{""dataset"":{""source"":""synthetic"",""name"":""uniform_t__nr100000__ns100000__a1_000ep00__g1"",""dim"":2,""path_r"":"""",""path_s"":"""",""synthetic"":{""generator"":""uniform"",""n_r"":100000,""n_s"":100000,""alpha"":1,""seed"":1}},""run"":{""method"":""sirs"",""variant"":""adaptive"",""t"":1000,""seed"":1,""repeats"":3,""j_star"":1000000,""enum_cap"":0,""write_samples"":false,""verify"":false},""output"":{""out_dir"":""run/temp/exp5/uniform_t"",""run_tag"":""exp5_uniform_t""},""sys"":{""threads"":1},""logging"":{""level"":""INFO"",""with_timestamp"":true,""with_thread_id"":false}}","{""generator"":""uniform"",""dataset"":""uniform_t__nr100000__ns100000__a1_000ep00__g1"",""n_r"":100000,""n_s"":100000,""has_exact_k"":false,""k_target"":0,""k_achieved"":0,""alpha_target"":1,""alpha_achieved"":nan,""notes"":""w_min_r=0.005, w_max_r=0.02, w_min_s=0.005, w_max_s=0.02, same_size_all_dims=0""}"
uniform_t__nr100000__ns100000__a1_000ep00__g1,uniform,1,100000,100000,rejection,sampling,1000,0,1,0,-1,-1,0,0,0,0,,0,{},SKIPPED: rejection+sampling is disabled in sjs_sweep; use variant=adaptive.,"{""dataset"":{""source"":""synthetic"",""name"":""uniform_t__nr100000__ns100000__a1_000ep00__g1"",""dim"":2,""path_r"":"""",""path_s"":"""",""synthetic"":{""generator"":""uniform"",""n_r"":100000,""n_s"":100000,""alpha"":1,""seed"":1}},""run"":{""method"":""rejection"",""variant"":""sampling"",""t"":1000,""seed"":1,""repeats"":3,""j_star"":1000000,""enum_cap"":0,""write_samples"":false,""verify"":false},""output"":{""out_dir"":""run/temp/exp5/uniform_t"",""run_tag"":""exp5_uniform_t""},""sys"":{""threads"":1},""logging"":{""level"":""INFO"",""with_timestamp"":true,""with_thread_id"":false}}","{""generator"":""uniform"",""dataset"":""uniform_t__nr100000__ns100000__a1_000ep00__g1"",""n_r"":100000,""n_s"":100000,""has_exact_k"":false,""k_target"":0,""k_achieved"":0,""alpha_target"":1,""alpha_achieved"":nan,""notes"":""w_min_r=0.005, w_max_r=0.02, w_min_s=0.005, w_max_s=0.02, same_size_all_dims=0""}"
uniform_t__nr100000__ns100000__a1_000ep00__g1,uniform,1,100000,100000,rejection,sampling,1000,1,2,0,-1,-1,0,0,0,0,,0,{},SKIPPED: rejection+sampling is disabled in sjs_sweep; use variant=adaptive.,"{""dataset"":{""source"":""synthetic"",""name"":""uniform_t__nr100000__ns100000__a1_000ep00__g1"",""dim"":2,""path_r"":"""",""path_s"":"""",""synthetic"":{""generator"":""uniform"",""n_r"":100000,""n_s"":100000,""alpha"":1,""seed"":1}},""run"":{""method"":""rejection"",""variant"":""sampling"",""t"":1000,""seed"":1,""repeats"":3,""j_star"":1000000,""enum_cap"":0,""write_samples"":false,""verify"":false},""output"":{""out_dir"":""run/temp/exp5/uniform_t"",""run_tag"":""exp5_uniform_t""},""sys"":{""threads"":1},""logging"":{""level"":""INFO"",""with_timestamp"":true,""with_thread_id"":false}}","{""generator"":""uniform"",""dataset"":""uniform_t__nr100000__ns100000__a1_000ep00__g1"",""n_r"":100000,""n_s"":100000,""has_exact_k"":false,""k_target"":0,""k_achieved"":0,""alpha_target"":1,""alpha_achieved"":nan,""notes"":""w_min_r=0.005, w_max_r=0.02, w_min_s=0.005, w_max_s=0.02, same_size_all_dims=0""}"
uniform_t__nr100000__ns100000__a1_000ep00__g1,uniform,1,100000,100000,rejection,sampling,1000,2,3,0,-1,-1,0,0,0,0,,0,{},SKIPPED: rejection+sampling is disabled in sjs_sweep; use variant=adaptive.,"{""dataset"":{""source"":""synthetic"",""name"":""uniform_t__nr100000__ns100000__a1_000ep00__g1"",""dim"":2,""path_r"":"""",""path_s"":"""",""synthetic"":{""generator"":""uniform"",""n_r"":100000,""n_s"":100000,""alpha"":1,""seed"":1}},""run"":{""method"":""rejection"",""variant"":""sampling"",""t"":1000,""seed"":1,""repeats"":3,""j_star"":1000000,""enum_cap"":0,""write_samples"":false,""verify"":false},""output"":{""out_dir"":""run/temp/exp5/uniform_t"",""run_tag"":""exp5_uniform_t""},""sys"":{""threads"":1},""logging"":{""level"":""INFO"",""with_timestamp"":true,""with_thread_id"":false}}","{""generator"":""uniform"",""dataset"":""uniform_t__nr100000__ns100000__a1_000ep00__g1"",""n_r"":100000,""n_s"":100000,""has_exact_k"":false,""k_target"":0,""k_achieved"":0,""alpha_target"":1,""alpha_achieved"":nan,""notes"":""w_min_r=0.005, w_max_r=0.02, w_min_s=0.005, w_max_s=0.02, same_size_all_dims=0""}"
uniform_t__nr100000__ns100000__a1_000ep00__g1,uniform,1,100000,100000,rejection,adaptive,1000,0,1,1,224.329,6.33516e+06,0,0,1,0,fallback_sampling,1000001,"{""adaptive_phase1_ms"":51.890806,""adaptive_sample_ms"":0.520400,""build_ms"":127.451021,""build_M_ms"":0.133458,""build_cellmap_ms"":14.772190,""build_mu_alias_ms"":112.282899,""build_slab_index_ms"":0.253965,""count_pilot_ms"":9.032606,""run_build_ms"":127.452601,""run_fallback_count_ms"":51.892366,""run_fallback_sample_ms"":0.521650,""run_pilot_enum_prepare_ms"":0.002590,""run_pilot_enum_scan_ms"":44.449457}",,"{""dataset"":{""source"":""synthetic"",""name"":""uniform_t__nr100000__ns100000__a1_000ep00__g1"",""dim"":2,""path_r"":"""",""path_s"":"""",""synthetic"":{""generator"":""uniform"",""n_r"":100000,""n_s"":100000,""alpha"":1,""seed"":1}},""run"":{""method"":""rejection"",""variant"":""adaptive"",""t"":1000,""seed"":1,""repeats"":3,""j_star"":1000000,""enum_cap"":0,""write_samples"":false,""verify"":false},""output"":{""out_dir"":""run/temp/exp5/uniform_t"",""run_tag"":""exp5_uniform_t""},""sys"":{""threads"":1},""logging"":{""level"":""INFO"",""with_timestamp"":true,""with_thread_id"":false}}","{""generator"":""uniform"",""dataset"":""uniform_t__nr100000__ns100000__a1_000ep00__g1"",""n_r"":100000,""n_s"":100000,""has_exact_k"":false,""k_target"":0,""k_achieved"":0,""alpha_target"":1,""alpha_achieved"":nan,""notes"":""w_min_r=0.005, w_max_r=0.02, w_min_s=0.005, w_max_s=0.02, same_size_all_dims=0""}"
uniform_t__nr100000__ns100000__a1_000ep00__g1,uniform,1,100000,100000,rejection,adaptive,1000,1,2,1,237.504,6.35788e+06,0,0,1,0,fallback_sampling,1000001,"{""adaptive_phase1_ms"":54.399186,""adaptive_sample_ms"":0.487300,""build_ms"":126.976180,""build_M_ms"":0.108017,""build_cellmap_ms"":14.766791,""build_mu_alias_ms"":111.830008,""build_slab_index_ms"":0.258365,""count_pilot_ms"":8.833501,""run_build_ms"":127.032569,""run_fallback_count_ms"":54.400495,""run_fallback_sample_ms"":0.488270,""run_pilot_enum_prepare_ms"":0.001740,""run_pilot_enum_scan_ms"":44.293180}",,"{""dataset"":{""source"":""synthetic"",""name"":""uniform_t__nr100000__ns100000__a1_000ep00__g1"",""dim"":2,""path_r"":"""",""path_s"":"""",""synthetic"":{""generator"":""uniform"",""n_r"":100000,""n_s"":100000,""alpha"":1,""seed"":1}},""run"":{""method"":""rejection"",""variant"":""adaptive"",""t"":1000,""seed"":1,""repeats"":3,""j_star"":1000000,""enum_cap"":0,""write_samples"":false,""verify"":false},""output"":{""out_dir"":""run/temp/exp5/uniform_t"",""run_tag"":""exp5_uniform_t""},""sys"":{""threads"":1},""logging"":{""level"":""INFO"",""with_timestamp"":true,""with_thread_id"":false}}","{""generator"":""uniform"",""dataset"":""uniform_t__nr100000__ns100000__a1_000ep00__g1"",""n_r"":100000,""n_s"":100000,""has_exact_k"":false,""k_target"":0,""k_achieved"":0,""alpha_target"":1,""alpha_achieved"":nan,""notes"":""w_min_r=0.005, w_max_r=0.02, w_min_s=0.005, w_max_s=0.02, same_size_all_dims=0""}"
uniform_t__nr100000__ns100000__a1_000ep00__g1,uniform,1,100000,100000,rejection,adaptive,1000,2,3,1,231.786,6.35092e+06,0,0,1,0,fallback_sampling,1000001,"{""adaptive_phase1_ms"":51.825777,""adaptive_sample_ms"":0.505320,""build_ms"":127.142248,""build_M_ms"":0.107918,""build_cellmap_ms"":14.739870,""build_mu_alias_ms"":112.025105,""build_slab_index_ms"":0.256605,""count_pilot_ms"":9.054696,""run_build_ms"":127.198657,""run_fallback_count_ms"":51.827217,""run_fallback_sample_ms"":0.506490,""run_pilot_enum_prepare_ms"":0.002030,""run_pilot_enum_scan_ms"":43.849649}",,"{""dataset"":{""source"":""synthetic"",""name"":""uniform_t__nr100000__ns100000__a1_000ep00__g1"",""dim"":2,""path_r"":"""",""path_s"":"""",""synthetic"":{""generator"":""uniform"",""n_r"":100000,""n_s"":100000,""alpha"":1,""seed"":1}},""run"":{""method"":""rejection"",""variant"":""adaptive"",""t"":1000,""seed"":1,""repeats"":3,""j_star"":1000000,""enum_cap"":0,""write_samples"":false,""verify"":false},""output"":{""out_dir"":""run/temp/exp5/uniform_t"",""run_tag"":""exp5_uniform_t""},""sys"":{""threads"":1},""logging"":{""level"":""INFO"",""with_timestamp"":true,""with_thread_id"":false}}","{""generator"":""uniform"",""dataset"":""uniform_t__nr100000__ns100000__a1_000ep00__g1"",""n_r"":100000,""n_s"":100000,""has_exact_k"":false,""k_target"":0,""k_achieved"":0,""alpha_target"":1,""alpha_achieved"":nan,""notes"":""w_min_r=0.005, w_max_r=0.02, w_min_s=0.005, w_max_s=0.02, same_size_all_dims=0""}"
uniform_t__nr100000__ns100000__a1_000ep00__g1,uniform,1,100000,100000,ours,sampling,3000,0,1,1,543.653,6.33447e+06,1,0,0,0,,0,"{""build_active_indices_ms"":5.585027,""build_events_ms"":34.499949,""build_ranks_ms"":44.145814,""build_y_domain_ms"":13.988766,""phase1_count_ms"":268.208182,""phase2_plan_ms"":5.912490,""phase3_sample_ms"":169.534806,""run_build_ms"":99.982889,""run_count_ms"":268.212392,""run_sample_ms"":175.453776}",,"{""dataset"":{""source"":""synthetic"",""name"":""uniform_t__nr100000__ns100000__a1_000ep00__g1"",""dim"":2,""path_r"":"""",""path_s"":"""",""synthetic"":{""generator"":""uniform"",""n_r"":100000,""n_s"":100000,""alpha"":1,""seed"":1}},""run"":{""method"":""ours"",""variant"":""sampling"",""t"":3000,""seed"":1,""repeats"":3,""j_star"":1000000,""enum_cap"":0,""write_samples"":false,""verify"":false},""output"":{""out_dir"":""run/temp/exp5/uniform_t"",""run_tag"":""exp5_uniform_t""},""sys"":{""threads"":1},""logging"":{""level"":""INFO"",""with_timestamp"":true,""with_thread_id"":false}}","{""generator"":""uniform"",""dataset"":""uniform_t__nr100000__ns100000__a1_000ep00__g1"",""n_r"":100000,""n_s"":100000,""has_exact_k"":false,""k_target"":0,""k_achieved"":0,""alpha_target"":1,""alpha_achieved"":nan,""notes"":""w_min_r=0.005, w_max_r=0.02, w_min_s=0.005, w_max_s=0.02, same_size_all_dims=0""}"
uniform_t__nr100000__ns100000__a1_000ep00__g1,uniform,1,100000,100000,ours,sampling,3000,1,2,1,617.067,6.33447e+06,1,0,0,0,,0,"{""build_active_indices_ms"":5.485749,""build_events_ms"":65.991569,""build_ranks_ms"":43.964977,""build_y_domain_ms"":13.979446,""phase1_count_ms"":271.561425,""phase2_plan_ms"":5.912240,""phase3_sample_ms"":170.350930,""run_build_ms"":131.187825,""run_count_ms"":271.563833,""run_sample_ms"":176.269750}",,"{""dataset"":{""source"":""synthetic"",""name"":""uniform_t__nr100000__ns100000__a1_000ep00__g1"",""dim"":2,""path_r"":"""",""path_s"":"""",""synthetic"":{""generator"":""uniform"",""n_r"":100000,""n_s"":100000,""alpha"":1,""seed"":1}},""run"":{""method"":""ours"",""variant"":""sampling"",""t"":3000,""seed"":1,""repeats"":3,""j_star"":1000000,""enum_cap"":0,""write_samples"":false,""verify"":false},""output"":{""out_dir"":""run/temp/exp5/uniform_t"",""run_tag"":""exp5_uniform_t""},""sys"":{""threads"":1},""logging"":{""level"":""INFO"",""with_timestamp"":true,""with_thread_id"":false}}","{""generator"":""uniform"",""dataset"":""uniform_t__nr100000__ns100000__a1_000ep00__g1"",""n_r"":100000,""n_s"":100000,""has_exact_k"":false,""k_target"":0,""k_achieved"":0,""alpha_target"":1,""alpha_achieved"":nan,""notes"":""w_min_r=0.005, w_max_r=0.02, w_min_s=0.005, w_max_s=0.02, same_size_all_dims=0""}"
uniform_t__nr100000__ns100000__a1_000ep00__g1,uniform,1,100000,100000,ours,sampling,3000,2,3,1,619.468,6.33447e+06,1,0,0,0,,0,"{""build_active_indices_ms"":5.463059,""build_events_ms"":41.490317,""build_ranks_ms"":44.122544,""build_y_domain_ms"":13.967736,""phase1_count_ms"":270.486815,""phase2_plan_ms"":5.931590,""phase3_sample_ms"":173.118654,""run_build_ms"":106.806941,""run_count_ms"":270.490246,""run_sample_ms"":179.057494}",,"{""dataset"":{""source"":""synthetic"",""name"":""uniform_t__nr100000__ns100000__a1_000ep00__g1"",""dim"":2,""path_r"":"""",""path_s"":"""",""synthetic"":{""generator"":""uniform"",""n_r"":100000,""n_s"":100000,""alpha"":1,""seed"":1}},""run"":{""method"":""ours"",""variant"":""sampling"",""t"":3000,""seed"":1,""repeats"":3,""j_star"":1000000,""enum_cap"":0,""write_samples"":false,""verify"":false},""output"":{""out_dir"":""run/temp/exp5/uniform_t"",""run_tag"":""exp5_uniform_t""},""sys"":{""threads"":1},""logging"":{""level"":""INFO"",""with_timestamp"":true,""with_thread_id"":false}}","{""generator"":""uniform"",""dataset"":""uniform_t__nr100000__ns100000__a1_000ep00__g1"",""n_r"":100000,""n_s"":100000,""has_exact_k"":false,""k_target"":0,""k_achieved"":0,""alpha_target"":1,""alpha_achieved"":nan,""notes"":""w_min_r=0.005, w_max_r=0.02, w_min_s=0.005, w_max_s=0.02, same_size_all_dims=0""}"
uniform_t__nr100000__ns100000__a1_000ep00__g1,uniform,1,100000,100000,ours,adaptive,3000,0,1,1,620.105,6.33447e+06,1,0,1,0,fallback_sampling,1000001,"{""build_active_indices_ms"":5.643036,""build_events_ms"":34.544839,""build_ranks_ms"":44.102144,""build_y_domain_ms"":13.977656,""phase1_count_adaptive_ms"":274.658452,""phase2_plan_ms"":5.923979,""phase3_sample_ms"":168.761562,""run_build_ms"":100.034438,""run_fallback_count_ms"":274.663612,""run_fallback_sample_ms"":174.694981,""run_pilot_enum_prepare_ms"":1.555259,""run_pilot_enum_scan_ms"":69.144446,""sample_ms"":174.692861}",,"{""dataset"":{""source"":""synthetic"",""name"":""uniform_t__nr100000__ns100000__a1_000ep00__g1"",""dim"":2,""path_r"":"""",""path_s"":"""",""synthetic"":{""generator"":""uniform"",""n_r"":100000,""n_s"":100000,""alpha"":1,""seed"":1}},""run"":{""method"":""ours"",""variant"":""adaptive"",""t"":3000,""seed"":1,""repeats"":3,""j_star"":1000000,""enum_cap"":0,""write_samples"":false,""verify"":false},""output"":{""out_dir"":""run/temp/exp5/uniform_t"",""run_tag"":""exp5_uniform_t""},""sys"":{""threads"":1},""logging"":{""level"":""INFO"",""with_timestamp"":true,""with_thread_id"":false}}","{""generator"":""uniform"",""dataset"":""uniform_t__nr100000__ns100000__a1_000ep00__g1"",""n_r"":100000,""n_s"":100000,""has_exact_k"":false,""k_target"":0,""k_achieved"":0,""alpha_target"":1,""alpha_achieved"":nan,""notes"":""w_min_r=0.005, w_max_r=0.02, w_min_s=0.005, w_max_s=0.02, same_size_all_dims=0""}"
uniform_t__nr100000__ns100000__a1_000ep00__g1,uniform,1,100000,100000,ours,adaptive,3000,1,2,1,691.399,6.33447e+06,1,0,1,0,fallback_sampling,1000001,"{""build_active_indices_ms"":5.550458,""build_events_ms"":48.397697,""build_ranks_ms"":43.961967,""build_y_domain_ms"":13.950637,""phase1_count_adaptive_ms"":279.335297,""phase2_plan_ms"":5.896401,""phase3_sample_ms"":168.850450,""run_build_ms"":113.615872,""run_fallback_count_ms"":279.339796,""run_fallback_sample_ms"":174.755281,""run_pilot_enum_prepare_ms"":1.540609,""run_pilot_enum_scan_ms"":70.082886,""sample_ms"":174.753581}",,"{""dataset"":{""source"":""synthetic"",""name"":""uniform_t__nr100000__ns100000__a1_000ep00__g1"",""dim"":2,""path_r"":"""",""path_s"":"""",""synthetic"":{""generator"":""uniform"",""n_r"":100000,""n_s"":100000,""alpha"":1,""seed"":1}},""run"":{""method"":""ours"",""variant"":""adaptive"",""t"":3000,""seed"":1,""repeats"":3,""j_star"":1000000,""enum_cap"":0,""write_samples"":false,""verify"":false},""output"":{""out_dir"":""run/temp/exp5/uniform_t"",""run_tag"":""exp5_uniform_t""},""sys"":{""threads"":1},""logging"":{""level"":""INFO"",""with_timestamp"":true,""with_thread_id"":false}}","{""generator"":""uniform"",""dataset"":""uniform_t__nr100000__ns100000__a1_000ep00__g1"",""n_r"":100000,""n_s"":100000,""has_exact_k"":false,""k_target"":0,""k_achieved"":0,""alpha_target"":1,""alpha_achieved"":nan,""notes"":""w_min_r=0.005, w_max_r=0.02, w_min_s=0.005, w_max_s=0.02, same_size_all_dims=0""}"
uniform_t__nr100000__ns100000__a1_000ep00__g1,uniform,1,100000,100000,ours,adaptive,3000,2,3,1,697.431,6.33447e+06,1,0,1,0,fallback_sampling,1000001,"{""build_active_indices_ms"":5.423040,""build_events_ms"":68.086818,""build_ranks_ms"":43.983306,""build_y_domain_ms"":13.968457,""phase1_count_adaptive_ms"":275.888737,""phase2_plan_ms"":5.898851,""phase3_sample_ms"":172.266951,""run_build_ms"":133.228173,""run_fallback_count_ms"":275.892616,""run_fallback_sample_ms"":178.175232,""run_pilot_enum_prepare_ms"":1.544399,""run_pilot_enum_scan_ms"":68.821702,""sample_ms"":178.173372}",,"{""dataset"":{""source"":""synthetic"",""name"":""uniform_t__nr100000__ns100000__a1_000ep00__g1"",""dim"":2,""path_r"":"""",""path_s"":"""",""synthetic"":{""generator"":""uniform"",""n_r"":100000,""n_s"":100000,""alpha"":1,""seed"":1}},""run"":{""method"":""ours"",""variant"":""adaptive"",""t"":3000,""seed"":1,""repeats"":3,""j_star"":1000000,""enum_cap"":0,""write_samples"":false,""verify"":false},""output"":{""out_dir"":""run/temp/exp5/uniform_t"",""run_tag"":""exp5_uniform_t""},""sys"":{""threads"":1},""logging"":{""level"":""INFO"",""with_timestamp"":true,""with_thread_id"":false}}","{""generator"":""uniform"",""dataset"":""uniform_t__nr100000__ns100000__a1_000ep00__g1"",""n_r"":100000,""n_s"":100000,""has_exact_k"":false,""k_target"":0,""k_achieved"":0,""alpha_target"":1,""alpha_achieved"":nan,""notes"":""w_min_r=0.005, w_max_r=0.02, w_min_s=0.005, w_max_s=0.02, same_size_all_dims=0""}"
uniform_t__nr100000__ns100000__a1_000ep00__g1,uniform,1,100000,100000,aabb,sampling,3000,0,1,1,409.835,6.33447e+06,1,0,0,0,,0,"{""build_ms"":36.196645,""phase1_count_ms"":280.565892,""phase2_assign_ms"":5.981568,""phase3_sample_ms"":87.077751,""run_build_ms"":36.198664,""run_count_ms"":280.569172,""run_sample_ms"":93.064709}",,"{""dataset"":{""source"":""synthetic"",""name"":""uniform_t__nr100000__ns100000__a1_000ep00__g1"",""dim"":2,""path_r"":"""",""path_s"":"""",""synthetic"":{""generator"":""uniform"",""n_r"":100000,""n_s"":100000,""alpha"":1,""seed"":1}},""run"":{""method"":""aabb"",""variant"":""sampling"",""t"":3000,""seed"":1,""repeats"":3,""j_star"":1000000,""enum_cap"":0,""write_samples"":false,""verify"":false},""output"":{""out_dir"":""run/temp/exp5/uniform_t"",""run_tag"":""exp5_uniform_t""},""sys"":{""threads"":1},""logging"":{""level"":""INFO"",""with_timestamp"":true,""with_thread_id"":false}}","{""generator"":""uniform"",""dataset"":""uniform_t__nr100000__ns100000__a1_000ep00__g1"",""n_r"":100000,""n_s"":100000,""has_exact_k"":false,""k_target"":0,""k_achieved"":0,""alpha_target"":1,""alpha_achieved"":nan,""notes"":""w_min_r=0.005, w_max_r=0.02, w_min_s=0.005, w_max_s=0.02, same_size_all_dims=0""}"
uniform_t__nr100000__ns100000__a1_000ep00__g1,uniform,1,100000,100000,aabb,sampling,3000,1,2,1,410.207,6.33447e+06,1,0,0,0,,0,"{""build_ms"":36.113027,""phase1_count_ms"":281.315726,""phase2_assign_ms"":5.962949,""phase3_sample_ms"":86.803517,""run_build_ms"":36.114697,""run_count_ms"":281.318516,""run_sample_ms"":92.771956}",,"{""dataset"":{""source"":""synthetic"",""name"":""uniform_t__nr100000__ns100000__a1_000ep00__g1"",""dim"":2,""path_r"":"""",""path_s"":"""",""synthetic"":{""generator"":""uniform"",""n_r"":100000,""n_s"":100000,""alpha"":1,""seed"":1}},""run"":{""method"":""aabb"",""variant"":""sampling"",""t"":3000,""seed"":1,""repeats"":3,""j_star"":1000000,""enum_cap"":0,""write_samples"":false,""verify"":false},""output"":{""out_dir"":""run/temp/exp5/uniform_t"",""run_tag"":""exp5_uniform_t""},""sys"":{""threads"":1},""logging"":{""level"":""INFO"",""with_timestamp"":true,""with_thread_id"":false}}","{""generator"":""uniform"",""dataset"":""uniform_t__nr100000__ns100000__a1_000ep00__g1"",""n_r"":100000,""n_s"":100000,""has_exact_k"":false,""k_target"":0,""k_achieved"":0,""alpha_target"":1,""alpha_achieved"":nan,""notes"":""w_min_r=0.005, w_max_r=0.02, w_min_s=0.005, w_max_s=0.02, same_size_all_dims=0""}"
uniform_t__nr100000__ns100000__a1_000ep00__g1,uniform,1,100000,100000,aabb,sampling,3000,2,3,1,412.558,6.33447e+06,1,0,0,0,,0,"{""build_ms"":38.857111,""phase1_count_ms"":281.018542,""phase2_assign_ms"":5.996719,""phase3_sample_ms"":86.673450,""run_build_ms"":38.858931,""run_count_ms"":281.021052,""run_sample_ms"":92.675878}",,"{""dataset"":{""source"":""synthetic"",""name"":""uniform_t__nr100000__ns100000__a1_000ep00__g1"",""dim"":2,""path_r"":"""",""path_s"":"""",""synthetic"":{""generator"":""uniform"",""n_r"":100000,""n_s"":100000,""alpha"":1,""seed"":1}},""run"":{""method"":""aabb"",""variant"":""sampling"",""t"":3000,""seed"":1,""repeats"":3,""j_star"":1000000,""enum_cap"":0,""write_samples"":false,""verify"":false},""output"":{""out_dir"":""run/temp/exp5/uniform_t"",""run_tag"":""exp5_uniform_t""},""sys"":{""threads"":1},""logging"":{""level"":""INFO"",""with_timestamp"":true,""with_thread_id"":false}}","{""generator"":""uniform"",""dataset"":""uniform_t__nr100000__ns100000__a1_000ep00__g1"",""n_r"":100000,""n_s"":100000,""has_exact_k"":false,""k_target"":0,""k_achieved"":0,""alpha_target"":1,""alpha_achieved"":nan,""notes"":""w_min_r=0.005, w_max_r=0.02, w_min_s=0.005, w_max_s=0.02, same_size_all_dims=0""}"
uniform_t__nr100000__ns100000__a1_000ep00__g1,uniform,1,100000,100000,aabb,adaptive,3000,0,1,1,552.005,6.33447e+06,1,0,1,0,fallback_sampling,1000001,"{""build_ms"":36.147206,""enumerate_prepare_ms"":34.550049,""phase1_count_ms"":304.812860,""phase2_assign_ms"":5.961159,""phase3_sample_ms"":85.120161,""run_build_ms"":36.148465,""run_fallback_count_ms"":304.815099,""run_fallback_sample_ms"":91.089210,""run_pilot_enum_prepare_ms"":34.552169,""run_pilot_enum_scan_ms"":85.385856}",,"{""dataset"":{""source"":""synthetic"",""name"":""uniform_t__nr100000__ns100000__a1_000ep00__g1"",""dim"":2,""path_r"":"""",""path_s"":"""",""synthetic"":{""generator"":""uniform"",""n_r"":100000,""n_s"":100000,""alpha"":1,""seed"":1}},""run"":{""method"":""aabb"",""variant"":""adaptive"",""t"":3000,""seed"":1,""repeats"":3,""j_star"":1000000,""enum_cap"":0,""write_samples"":false,""verify"":false},""output"":{""out_dir"":""run/temp/exp5/uniform_t"",""run_tag"":""exp5_uniform_t""},""sys"":{""threads"":1},""logging"":{""level"":""INFO"",""with_timestamp"":true,""with_thread_id"":false}}","{""generator"":""uniform"",""dataset"":""uniform_t__nr100000__ns100000__a1_000ep00__g1"",""n_r"":100000,""n_s"":100000,""has_exact_k"":false,""k_target"":0,""k_achieved"":0,""alpha_target"":1,""alpha_achieved"":nan,""notes"":""w_min_r=0.005, w_max_r=0.02, w_min_s=0.005, w_max_s=0.02, same_size_all_dims=0""}"
uniform_t__nr100000__ns100000__a1_000ep00__g1,uniform,1,100000,100000,aabb,adaptive,3000,1,2,1,555.833,6.33447e+06,1,0,1,0,fallback_sampling,1000001,"{""build_ms"":36.165555,""enumerate_prepare_ms"":37.274003,""phase1_count_ms"":305.611894,""phase2_assign_ms"":5.979889,""phase3_sample_ms"":85.157200,""run_build_ms"":36.167036,""run_fallback_count_ms"":305.614573,""run_fallback_sample_ms"":91.143349,""run_pilot_enum_prepare_ms"":37.276373,""run_pilot_enum_scan_ms"":85.613531}",,"{""dataset"":{""source"":""synthetic"",""name"":""uniform_t__nr100000__ns100000__a1_000ep00__g1"",""dim"":2,""path_r"":"""",""path_s"":"""",""synthetic"":{""generator"":""uniform"",""n_r"":100000,""n_s"":100000,""alpha"":1,""seed"":1}},""run"":{""method"":""aabb"",""variant"":""adaptive"",""t"":3000,""seed"":1,""repeats"":3,""j_star"":1000000,""enum_cap"":0,""write_samples"":false,""verify"":false},""output"":{""out_dir"":""run/temp/exp5/uniform_t"",""run_tag"":""exp5_uniform_t""},""sys"":{""threads"":1},""logging"":{""level"":""INFO"",""with_timestamp"":true,""with_thread_id"":false}}","{""generator"":""uniform"",""dataset"":""uniform_t__nr100000__ns100000__a1_000ep00__g1"",""n_r"":100000,""n_s"":100000,""has_exact_k"":false,""k_target"":0,""k_achieved"":0,""alpha_target"":1,""alpha_achieved"":nan,""notes"":""w_min_r=0.005, w_max_r=0.02, w_min_s=0.005, w_max_s=0.02, same_size_all_dims=0""}"
uniform_t__nr100000__ns100000__a1_000ep00__g1,uniform,1,100000,100000,aabb,adaptive,3000,2,3,1,555.543,6.33447e+06,1,0,1,0,fallback_sampling,1000001,"{""build_ms"":36.236914,""enumerate_prepare_ms"":34.614067,""phase1_count_ms"":305.129773,""phase2_assign_ms"":5.959829,""phase3_sample_ms"":88.113960,""run_build_ms"":36.238724,""run_fallback_count_ms"":305.131903,""run_fallback_sample_ms"":94.080009,""run_pilot_enum_prepare_ms"":34.615847,""run_pilot_enum_scan_ms"":85.463624}",,"{""dataset"":{""source"":""synthetic"",""name"":""uniform_t__nr100000__ns100000__a1_000ep00__g1"",""dim"":2,""path_r"":"""",""path_s"":"""",""synthetic"":{""generator"":""uniform"",""n_r"":100000,""n_s"":100000,""alpha"":1,""seed"":1}},""run"":{""method"":""aabb"",""variant"":""adaptive"",""t"":3000,""seed"":1,""repeats"":3,""j_star"":1000000,""enum_cap"":0,""write_samples"":false,""verify"":false},""output"":{""out_dir"":""run/temp/exp5/uniform_t"",""run_tag"":""exp5_uniform_t""},""sys"":{""threads"":1},""logging"":{""level"":""INFO"",""with_timestamp"":true,""with_thread_id"":false}}","{""generator"":""uniform"",""dataset"":""uniform_t__nr100000__ns100000__a1_000ep00__g1"",""n_r"":100000,""n_s"":100000,""has_exact_k"":false,""k_target"":0,""k_achieved"":0,""alpha_target"":1,""alpha_achieved"":nan,""notes"":""w_min_r=0.005, w_max_r=0.02, w_min_s=0.005, w_max_s=0.02, same_size_all_dims=0""}"
uniform_t__nr100000__ns100000__a1_000ep00__g1,uniform,1,100000,100000,interval_tree,sampling,3000,0,1,1,1017.03,6.33447e+06,1,0,0,0,,0,"{""build_ms"":141.277541,""build_active_ms"":23.476783,""build_events_ms"":37.784243,""build_start_ids_ms"":1.577348,""build_y_endpoints_ms"":28.101539,""build_y_indices_ms"":50.329958,""phase1_count_ms"":548.035789,""phase2_slots_ms"":6.377831,""phase3_resweep_ms"":321.320324,""run_build_ms"":141.278521,""run_count_ms"":548.038519,""run_sample_ms"":327.704765}",,"{""dataset"":{""source"":""synthetic"",""name"":""uniform_t__nr100000__ns100000__a1_000ep00__g1"",""dim"":2,""path_r"":"""",""path_s"":"""",""synthetic"":{""generator"":""uniform"",""n_r"":100000,""n_s"":100000,""alpha"":1,""seed"":1}},""run"":{""method"":""interval_tree"",""variant"":""sampling"",""t"":3000,""seed"":1,""repeats"":3,""j_star"":1000000,""enum_cap"":0,""write_samples"":false,""verify"":false},""output"":{""out_dir"":""run/temp/exp5/uniform_t"",""run_tag"":""exp5_uniform_t""},""sys"":{""threads"":1},""logging"":{""level"":""INFO"",""with_timestamp"":true,""with_thread_id"":false}}","{""generator"":""uniform"",""dataset"":""uniform_t__nr100000__ns100000__a1_000ep00__g1"",""n_r"":100000,""n_s"":100000,""has_exact_k"":false,""k_target"":0,""k_achieved"":0,""alpha_target"":1,""alpha_achieved"":nan,""notes"":""w_min_r=0.005, w_max_r=0.02, w_min_s=0.005, w_max_s=0.02, same_size_all_dims=0""}"
uniform_t__nr100000__ns100000__a1_000ep00__g1,uniform,1,100000,100000,interval_tree,sampling,3000,1,2,1,1084.59,6.33447e+06,1,0,0,0,,0,"{""build_ms"":156.446182,""build_active_ms"":23.488203,""build_events_ms"":52.941564,""build_start_ids_ms"":1.593808,""build_y_endpoints_ms"":28.098259,""build_y_indices_ms"":50.314648,""phase1_count_ms"":544.123320,""phase2_slots_ms"":6.325911,""phase3_resweep_ms"":322.607569,""run_build_ms"":156.446822,""run_count_ms"":544.125470,""run_sample_ms"":328.939940}",,"{""dataset"":{""source"":""synthetic"",""name"":""uniform_t__nr100000__ns100000__a1_000ep00__g1"",""dim"":2,""path_r"":"""",""path_s"":"""",""synthetic"":{""generator"":""uniform"",""n_r"":100000,""n_s"":100000,""alpha"":1,""seed"":1}},""run"":{""method"":""interval_tree"",""variant"":""sampling"",""t"":3000,""seed"":1,""repeats"":3,""j_star"":1000000,""enum_cap"":0,""write_samples"":false,""verify"":false},""output"":{""out_dir"":""run/temp/exp5/uniform_t"",""run_tag"":""exp5_uniform_t""},""sys"":{""threads"":1},""logging"":{""level"":""INFO"",""with_timestamp"":true,""with_thread_id"":false}}","{""generator"":""uniform"",""dataset"":""uniform_t__nr100000__ns100000__a1_000ep00__g1"",""n_r"":100000,""n_s"":100000,""has_exact_k"":false,""k_target"":0,""k_achieved"":0,""alpha_target"":1,""alpha_achieved"":nan,""notes"":""w_min_r=0.005, w_max_r=0.02, w_min_s=0.005, w_max_s=0.02, same_size_all_dims=0""}"
uniform_t__nr100000__ns100000__a1_000ep00__g1,uniform,1,100000,100000,interval_tree,sampling,3000,2,3,1,1097.46,6.33447e+06,1,0,0,0,,0,"{""build_ms"":178.303349,""build_active_ms"":23.468263,""build_events_ms"":74.817151,""build_start_ids_ms"":1.575818,""build_y_endpoints_ms"":28.157108,""build_y_indices_ms"":50.275849,""phase1_count_ms"":547.577960,""phase2_slots_ms"":6.333902,""phase3_resweep_ms"":325.104997,""run_build_ms"":178.304259,""run_count_ms"":547.580270,""run_sample_ms"":331.444739}",,"{""dataset"":{""source"":""synthetic"",""name"":""uniform_t__nr100000__ns100000__a1_000ep00__g1"",""dim"":2,""path_r"":"""",""path_s"":"""",""synthetic"":{""generator"":""uniform"",""n_r"":100000,""n_s"":100000,""alpha"":1,""seed"":1}},""run"":{""method"":""interval_tree"",""variant"":""sampling"",""t"":3000,""seed"":1,""repeats"":3,""j_star"":1000000,""enum_cap"":0,""write_samples"":false,""verify"":false},""output"":{""out_dir"":""run/temp/exp5/uniform_t"",""run_tag"":""exp5_uniform_t""},""sys"":{""threads"":1},""logging"":{""level"":""INFO"",""with_timestamp"":true,""with_thread_id"":false}}","{""generator"":""uniform"",""dataset"":""uniform_t__nr100000__ns100000__a1_000ep00__g1"",""n_r"":100000,""n_s"":100000,""has_exact_k"":false,""k_target"":0,""k_achieved"":0,""alpha_target"":1,""alpha_achieved"":nan,""notes"":""w_min_r=0.005, w_max_r=0.02, w_min_s=0.005, w_max_s=0.02, same_size_all_dims=0""}"
uniform_t__nr100000__ns100000__a1_000ep00__g1,uniform,1,100000,100000,interval_tree,adaptive,3000,0,1,1,1341.07,6.33447e+06,1,0,1,0,fallback_sampling,1000001,"{""build_ms"":142.064085,""build_active_ms"":23.447714,""build_events_ms"":37.853861,""build_start_ids_ms"":1.540799,""build_y_endpoints_ms"":28.231366,""build_y_indices_ms"":50.982575,""enumerate_prepare_ms"":160.064540,""phase1_count_adaptive_ms"":582.870644,""phase2_slots_ms"":8.214783,""phase3_resweep_ms"":319.179969,""run_build_ms"":142.064855,""run_fallback_count_ms"":582.873653,""run_fallback_sample_ms"":327.405702,""run_pilot_enum_prepare_ms"":160.067650,""run_pilot_enum_scan_ms"":108.840810}",,"{""dataset"":{""source"":""synthetic"",""name"":""uniform_t__nr100000__ns100000__a1_000ep00__g1"",""dim"":2,""path_r"":"""",""path_s"":"""",""synthetic"":{""generator"":""uniform"",""n_r"":100000,""n_s"":100000,""alpha"":1,""seed"":1}},""run"":{""method"":""interval_tree"",""variant"":""adaptive"",""t"":3000,""seed"":1,""repeats"":3,""j_star"":1000000,""enum_cap"":0,""write_samples"":false,""verify"":false},""output"":{""out_dir"":""run/temp/exp5/uniform_t"",""run_tag"":""exp5_uniform_t""},""sys"":{""threads"":1},""logging"":{""level"":""INFO"",""with_timestamp"":true,""with_thread_id"":false}}","{""generator"":""uniform"",""dataset"":""uniform_t__nr100000__ns100000__a1_000ep00__g1"",""n_r"":100000,""n_s"":100000,""has_exact_k"":false,""k_target"":0,""k_achieved"":0,""alpha_target"":1,""alpha_achieved"":nan,""notes"":""w_min_r=0.005, w_max_r=0.02, w_min_s=0.005, w_max_s=0.02, same_size_all_dims=0""}"
uniform_t__nr100000__ns100000__a1_000ep00__g1,uniform,1,100000,100000,interval_tree,adaptive,3000,1,2,1,1399.01,6.33447e+06,1,0,1,0,fallback_sampling,1000001,"{""build_ms"":147.001155,""build_active_ms"":23.484043,""build_events_ms"":42.718663,""build_start_ids_ms"":1.527948,""build_y_endpoints_ms"":28.218348,""build_y_indices_ms"":51.042903,""enumerate_prepare_ms"":149.416516,""phase1_count_adaptive_ms"":576.747738,""phase2_slots_ms"":6.364611,""phase3_resweep_ms"":322.455132,""run_build_ms"":147.002165,""run_fallback_count_ms"":576.750217,""run_fallback_sample_ms"":328.826163,""run_pilot_enum_prepare_ms"":149.419866,""run_pilot_enum_scan_ms"":111.728471}",,"{""dataset"":{""source"":""synthetic"",""name"":""uniform_t__nr100000__ns100000__a1_000ep00__g1"",""dim"":2,""path_r"":"""",""path_s"":"""",""synthetic"":{""generator"":""uniform"",""n_r"":100000,""n_s"":100000,""alpha"":1,""seed"":1}},""run"":{""method"":""interval_tree"",""variant"":""adaptive"",""t"":3000,""seed"":1,""repeats"":3,""j_star"":1000000,""enum_cap"":0,""write_samples"":false,""verify"":false},""output"":{""out_dir"":""run/temp/exp5/uniform_t"",""run_tag"":""exp5_uniform_t""},""sys"":{""threads"":1},""logging"":{""level"":""INFO"",""with_timestamp"":true,""with_thread_id"":false}}","{""generator"":""uniform"",""dataset"":""uniform_t__nr100000__ns100000__a1_000ep00__g1"",""n_r"":100000,""n_s"":100000,""has_exact_k"":false,""k_target"":0,""k_achieved"":0,""alpha_target"":1,""alpha_achieved"":nan,""notes"":""w_min_r=0.005, w_max_r=0.02, w_min_s=0.005, w_max_s=0.02, same_size_all_dims=0""}"
uniform_t__nr100000__ns100000__a1_000ep00__g1,uniform,1,100000,100000,interval_tree,adaptive,3000,2,3,1,1403.95,6.33447e+06,1,0,1,0,fallback_sampling,1000001,"{""build_ms"":147.062014,""build_active_ms"":23.497443,""build_events_ms"":42.810501,""build_start_ids_ms"":1.528509,""build_y_endpoints_ms"":28.238816,""build_y_indices_ms"":50.978495,""enumerate_prepare_ms"":148.469655,""phase1_count_adaptive_ms"":579.929454,""phase2_slots_ms"":6.394400,""phase3_resweep_ms"":318.665840,""run_build_ms"":147.063114,""run_fallback_count_ms"":579.932403,""run_fallback_sample_ms"":325.066640,""run_pilot_enum_prepare_ms"":148.473015,""run_pilot_enum_scan_ms"":107.176894}",,"{""dataset"":{""source"":""synthetic"",""name"":""uniform_t__nr100000__ns100000__a1_000ep00__g1"",""dim"":2,""path_r"":"""",""path_s"":"""",""synthetic"":{""generator"":""uniform"",""n_r"":100000,""n_s"":100000,""alpha"":1,""seed"":1}},""run"":{""method"":""interval_tree"",""variant"":""adaptive"",""t"":3000,""seed"":1,""repeats"":3,""j_star"":1000000,""enum_cap"":0,""write_samples"":false,""verify"":false},""output"":{""out_dir"":""run/temp/exp5/uniform_t"",""run_tag"":""exp5_uniform_t""},""sys"":{""threads"":1},""logging"":{""level"":""INFO"",""with_timestamp"":true,""with_thread_id"":false}}","{""generator"":""uniform"",""dataset"":""uniform_t__nr100000__ns100000__a1_000ep00__g1"",""n_r"":100000,""n_s"":100000,""has_exact_k"":false,""k_target"":0,""k_achieved"":0,""alpha_target"":1,""alpha_achieved"":nan,""notes"":""w_min_r=0.005, w_max_r=0.02, w_min_s=0.005, w_max_s=0.02, same_size_all_dims=0""}"
uniform_t__nr100000__ns100000__a1_000ep00__g1,uniform,1,100000,100000,kd_tree,sampling,3000,0,1,1,484.962,6.33447e+06,1,0,0,0,,0,"{""build_ms"":103.981138,""build_events_ms"":34.518159,""build_kdtrees_ms"":35.456579,""build_rank_arrays_ms"":32.604118,""build_start_index_ms"":1.354812,""phase1_count_ms"":327.151657,""phase2_alias_ms"":53.819267,""phase3_sweep_ms"":47.814560,""run_build_ms"":103.982288,""run_count_ms"":327.154817,""run_sample_ms"":53.820237}",,"{""dataset"":{""source"":""synthetic"",""name"":""uniform_t__nr100000__ns100000__a1_000ep00__g1"",""dim"":2,""path_r"":"""",""path_s"":"""",""synthetic"":{""generator"":""uniform"",""n_r"":100000,""n_s"":100000,""alpha"":1,""seed"":1}},""run"":{""method"":""kd_tree"",""variant"":""sampling"",""t"":3000,""seed"":1,""repeats"":3,""j_star"":1000000,""enum_cap"":0,""write_samples"":false,""verify"":false},""output"":{""out_dir"":""run/temp/exp5/uniform_t"",""run_tag"":""exp5_uniform_t""},""sys"":{""threads"":1},""logging"":{""level"":""INFO"",""with_timestamp"":true,""with_thread_id"":false}}","{""generator"":""uniform"",""dataset"":""uniform_t__nr100000__ns100000__a1_000ep00__g1"",""n_r"":100000,""n_s"":100000,""has_exact_k"":false,""k_target"":0,""k_achieved"":0,""alpha_target"":1,""alpha_achieved"":nan,""notes"":""w_min_r=0.005, w_max_r=0.02, w_min_s=0.005, w_max_s=0.02, same_size_all_dims=0""}"
uniform_t__nr100000__ns100000__a1_000ep00__g1,uniform,1,100000,100000,kd_tree,sampling,3000,1,2,1,489.225,6.33447e+06,1,0,0,0,,0,"{""build_ms"":107.204112,""build_events_ms"":34.511620,""build_kdtrees_ms"":35.269913,""build_rank_arrays_ms"":36.001749,""build_start_index_ms"":1.374572,""phase1_count_ms"":328.395551,""phase2_alias_ms"":53.619061,""phase3_sweep_ms"":47.579514,""run_build_ms"":107.204983,""run_count_ms"":328.398071,""run_sample_ms"":53.619961}",,"{""dataset"":{""source"":""synthetic"",""name"":""uniform_t__nr100000__ns100000__a1_000ep00__g1"",""dim"":2,""path_r"":"""",""path_s"":"""",""synthetic"":{""generator"":""uniform"",""n_r"":100000,""n_s"":100000,""alpha"":1,""seed"":1}},""run"":{""method"":""kd_tree"",""variant"":""sampling"",""t"":3000,""seed"":1,""repeats"":3,""j_star"":1000000,""enum_cap"":0,""write_samples"":false,""verify"":false},""output"":{""out_dir"":""run/temp/exp5/uniform_t"",""run_tag"":""exp5_uniform_t""},""sys"":{""threads"":1},""logging"":{""level"":""INFO"",""with_timestamp"":true,""with_thread_id"":false}}","{""generator"":""uniform"",""dataset"":""uniform_t__nr100000__ns100000__a1_000ep00__g1"",""n_r"":100000,""n_s"":100000,""has_exact_k"":false,""k_target"":0,""k_achieved"":0,""alpha_target"":1,""alpha_achieved"":nan,""notes"":""w_min_r=0.005, w_max_r=0.02, w_min_s=0.005, w_max_s=0.02, same_size_all_dims=0""}"
uniform_t__nr100000__ns100000__a1_000ep00__g1,uniform,1,100000,100000,kd_tree,sampling,3000,2,3,1,486.019,6.33447e+06,1,0,0,0,,0,"{""build_ms"":103.691785,""build_events_ms"":34.524530,""build_kdtrees_ms"":35.221964,""build_rank_arrays_ms"":32.530070,""build_start_index_ms"":1.371112,""phase1_count_ms"":328.632927,""phase2_alias_ms"":53.687320,""phase3_sweep_ms"":47.679612,""run_build_ms"":103.692505,""run_count_ms"":328.635487,""run_sample_ms"":53.688050}",,"{""dataset"":{""source"":""synthetic"",""name"":""uniform_t__nr100000__ns100000__a1_000ep00__g1"",""dim"":2,""path_r"":"""",""path_s"":"""",""synthetic"":{""generator"":""uniform"",""n_r"":100000,""n_s"":100000,""alpha"":1,""seed"":1}},""run"":{""method"":""kd_tree"",""variant"":""sampling"",""t"":3000,""seed"":1,""repeats"":3,""j_star"":1000000,""enum_cap"":0,""write_samples"":false,""verify"":false},""output"":{""out_dir"":""run/temp/exp5/uniform_t"",""run_tag"":""exp5_uniform_t""},""sys"":{""threads"":1},""logging"":{""level"":""INFO"",""with_timestamp"":true,""with_thread_id"":false}}","{""generator"":""uniform"",""dataset"":""uniform_t__nr100000__ns100000__a1_000ep00__g1"",""n_r"":100000,""n_s"":100000,""has_exact_k"":false,""k_target"":0,""k_achieved"":0,""alpha_target"":1,""alpha_achieved"":nan,""notes"":""w_min_r=0.005, w_max_r=0.02, w_min_s=0.005, w_max_s=0.02, same_size_all_dims=0""}"
uniform_t__nr100000__ns100000__a1_000ep00__g1,uniform,1,100000,100000,kd_tree,adaptive,3000,0,1,1,925.686,6.33447e+06,1,0,1,0,fallback_sampling,1000001,"{""adaptive_fallback_sampling_ms"":53.992423,""build_ms"":107.154585,""build_embedding_ms"":32.667966,""build_events_ms"":34.529519,""build_kdtrees_ms"":38.597947,""build_rank_arrays_ms"":32.625287,""build_start_index_ms"":1.354163,""enumerate_prepare_ms"":102.383030,""phase1_count_and_maybe_enumerate_ms"":435.930659,""phase2_alias_ms"":5.479488,""phase2_assign_ms"":0.160876,""phase3_sweep_ms"":47.916577,""run_build_ms"":107.155525,""run_fallback_count_ms"":435.934339,""run_fallback_sample_ms"":53.994183,""run_pilot_enum_prepare_ms"":102.386750,""run_pilot_enum_scan_ms"":226.199967}",,"{""dataset"":{""source"":""synthetic"",""name"":""uniform_t__nr100000__ns100000__a1_000ep00__g1"",""dim"":2,""path_r"":"""",""path_s"":"""",""synthetic"":{""generator"":""uniform"",""n_r"":100000,""n_s"":100000,""alpha"":1,""seed"":1}},""run"":{""method"":""kd_tree"",""variant"":""adaptive"",""t"":3000,""seed"":1,""repeats"":3,""j_star"":1000000,""enum_cap"":0,""write_samples"":false,""verify"":false},""output"":{""out_dir"":""run/temp/exp5/uniform_t"",""run_tag"":""exp5_uniform_t""},""sys"":{""threads"":1},""logging"":{""level"":""INFO"",""with_timestamp"":true,""with_thread_id"":false}}","{""generator"":""uniform"",""dataset"":""uniform_t__nr100000__ns100000__a1_000ep00__g1"",""n_r"":100000,""n_s"":100000,""has_exact_k"":false,""k_target"":0,""k_achieved"":0,""alpha_target"":1,""alpha_achieved"":nan,""notes"":""w_min_r=0.005, w_max_r=0.02, w_min_s=0.005, w_max_s=0.02, same_size_all_dims=0""}"
uniform_t__nr100000__ns100000__a1_000ep00__g1,uniform,1,100000,100000,kd_tree,adaptive,3000,1,2,1,921.863,6.33447e+06,1,0,1,0,fallback_sampling,1000001,"{""adaptive_fallback_sampling_ms"":53.855866,""build_ms"":103.663555,""build_embedding_ms"":32.609638,""build_events_ms"":34.499110,""build_kdtrees_ms"":35.179195,""build_rank_arrays_ms"":32.566609,""build_start_index_ms"":1.371142,""enumerate_prepare_ms"":105.692144,""phase1_count_and_maybe_enumerate_ms"":432.674895,""phase2_alias_ms"":5.490659,""phase2_assign_ms"":0.164197,""phase3_sweep_ms"":47.762170,""run_build_ms"":103.664585,""run_fallback_count_ms"":432.677245,""run_fallback_sample_ms"":53.857026,""run_pilot_enum_prepare_ms"":105.696754,""run_pilot_enum_scan_ms"":225.955352}",,"{""dataset"":{""source"":""synthetic"",""name"":""uniform_t__nr100000__ns100000__a1_000ep00__g1"",""dim"":2,""path_r"":"""",""path_s"":"""",""synthetic"":{""generator"":""uniform"",""n_r"":100000,""n_s"":100000,""alpha"":1,""seed"":1}},""run"":{""method"":""kd_tree"",""variant"":""adaptive"",""t"":3000,""seed"":1,""repeats"":3,""j_star"":1000000,""enum_cap"":0,""write_samples"":false,""verify"":false},""output"":{""out_dir"":""run/temp/exp5/uniform_t"",""run_tag"":""exp5_uniform_t""},""sys"":{""threads"":1},""logging"":{""level"":""INFO"",""with_timestamp"":true,""with_thread_id"":false}}","{""generator"":""uniform"",""dataset"":""uniform_t__nr100000__ns100000__a1_000ep00__g1"",""n_r"":100000,""n_s"":100000,""has_exact_k"":false,""k_target"":0,""k_achieved"":0,""alpha_target"":1,""alpha_achieved"":nan,""notes"":""w_min_r=0.005, w_max_r=0.02, w_min_s=0.005, w_max_s=0.02, same_size_all_dims=0""}"
uniform_t__nr100000__ns100000__a1_000ep00__g1,uniform,1,100000,100000,kd_tree,adaptive,3000,2,3,1,923.135,6.33447e+06,1,0,1,0,fallback_sampling,1000001,"{""adaptive_fallback_sampling_ms"":53.867877,""build_ms"":103.988509,""build_embedding_ms"":32.667857,""build_events_ms"":34.501380,""build_kdtrees_ms"":35.445950,""build_rank_arrays_ms"":32.624157,""build_start_index_ms"":1.368443,""enumerate_prepare_ms"":102.633376,""phase1_count_and_maybe_enumerate_ms"":432.621866,""phase2_alias_ms"":5.482709,""phase2_assign_ms"":0.162377,""phase3_sweep_ms"":47.787120,""run_build_ms"":103.989338,""run_fallback_count_ms"":432.624366,""run_fallback_sample_ms"":53.869357,""run_pilot_enum_prepare_ms"":102.637347,""run_pilot_enum_scan_ms"":230.000530}",,"{""dataset"":{""source"":""synthetic"",""name"":""uniform_t__nr100000__ns100000__a1_000ep00__g1"",""dim"":2,""path_r"":"""",""path_s"":"""",""synthetic"":{""generator"":""uniform"",""n_r"":100000,""n_s"":100000,""alpha"":1,""seed"":1}},""run"":{""method"":""kd_tree"",""variant"":""adaptive"",""t"":3000,""seed"":1,""repeats"":3,""j_star"":1000000,""enum_cap"":0,""write_samples"":false,""verify"":false},""output"":{""out_dir"":""run/temp/exp5/uniform_t"",""run_tag"":""exp5_uniform_t""},""sys"":{""threads"":1},""logging"":{""level"":""INFO"",""with_timestamp"":true,""with_thread_id"":false}}","{""generator"":""uniform"",""dataset"":""uniform_t__nr100000__ns100000__a1_000ep00__g1"",""n_r"":100000,""n_s"":100000,""has_exact_k"":false,""k_target"":0,""k_achieved"":0,""alpha_target"":1,""alpha_achieved"":nan,""notes"":""w_min_r=0.005, w_max_r=0.02, w_min_s=0.005, w_max_s=0.02, same_size_all_dims=0""}"
uniform_t__nr100000__ns100000__a1_000ep00__g1,uniform,1,100000,100000,r_tree,sampling,3000,0,1,1,294.604,6.33447e+06,1,0,0,0,,0,"{""build_ms"":36.375061,""phase1_count_ms"":153.053543,""phase2_assign_ms"":5.750453,""phase3_sample_ms"":99.032190,""run_build_ms"":36.376811,""run_count_ms"":153.055903,""run_sample_ms"":105.169025}",,"{""dataset"":{""source"":""synthetic"",""name"":""uniform_t__nr100000__ns100000__a1_000ep00__g1"",""dim"":2,""path_r"":"""",""path_s"":"""",""synthetic"":{""generator"":""uniform"",""n_r"":100000,""n_s"":100000,""alpha"":1,""seed"":1}},""run"":{""method"":""r_tree"",""variant"":""sampling"",""t"":3000,""seed"":1,""repeats"":3,""j_star"":1000000,""enum_cap"":0,""write_samples"":false,""verify"":false},""output"":{""out_dir"":""run/temp/exp5/uniform_t"",""run_tag"":""exp5_uniform_t""},""sys"":{""threads"":1},""logging"":{""level"":""INFO"",""with_timestamp"":true,""with_thread_id"":false}}","{""generator"":""uniform"",""dataset"":""uniform_t__nr100000__ns100000__a1_000ep00__g1"",""n_r"":100000,""n_s"":100000,""has_exact_k"":false,""k_target"":0,""k_achieved"":0,""alpha_target"":1,""alpha_achieved"":nan,""notes"":""w_min_r=0.005, w_max_r=0.02, w_min_s=0.005, w_max_s=0.02, same_size_all_dims=0""}"
uniform_t__nr100000__ns100000__a1_000ep00__g1,uniform,1,100000,100000,r_tree,sampling,3000,1,2,1,294.951,6.33447e+06,1,0,0,0,,0,"{""build_ms"":36.406151,""phase1_count_ms"":153.364196,""phase2_assign_ms"":5.669065,""phase3_sample_ms"":99.042949,""run_build_ms"":36.406941,""run_count_ms"":153.366096,""run_sample_ms"":105.097626}",,"{""dataset"":{""source"":""synthetic"",""name"":""uniform_t__nr100000__ns100000__a1_000ep00__g1"",""dim"":2,""path_r"":"""",""path_s"":"""",""synthetic"":{""generator"":""uniform"",""n_r"":100000,""n_s"":100000,""alpha"":1,""seed"":1}},""run"":{""method"":""r_tree"",""variant"":""sampling"",""t"":3000,""seed"":1,""repeats"":3,""j_star"":1000000,""enum_cap"":0,""write_samples"":false,""verify"":false},""output"":{""out_dir"":""run/temp/exp5/uniform_t"",""run_tag"":""exp5_uniform_t""},""sys"":{""threads"":1},""logging"":{""level"":""INFO"",""with_timestamp"":true,""with_thread_id"":false}}","{""generator"":""uniform"",""dataset"":""uniform_t__nr100000__ns100000__a1_000ep00__g1"",""n_r"":100000,""n_s"":100000,""has_exact_k"":false,""k_target"":0,""k_achieved"":0,""alpha_target"":1,""alpha_achieved"":nan,""notes"":""w_min_r=0.005, w_max_r=0.02, w_min_s=0.005, w_max_s=0.02, same_size_all_dims=0""}"
uniform_t__nr100000__ns100000__a1_000ep00__g1,uniform,1,100000,100000,r_tree,sampling,3000,2,3,1,291.648,6.33447e+06,1,0,0,0,,0,"{""build_ms"":36.378642,""phase1_count_ms"":149.943615,""phase2_assign_ms"":5.649585,""phase3_sample_ms"":99.208476,""run_build_ms"":36.380082,""run_count_ms"":149.945305,""run_sample_ms"":105.242203}",,"{""dataset"":{""source"":""synthetic"",""name"":""uniform_t__nr100000__ns100000__a1_000ep00__g1"",""dim"":2,""path_r"":"""",""path_s"":"""",""synthetic"":{""generator"":""uniform"",""n_r"":100000,""n_s"":100000,""alpha"":1,""seed"":1}},""run"":{""method"":""r_tree"",""variant"":""sampling"",""t"":3000,""seed"":1,""repeats"":3,""j_star"":1000000,""enum_cap"":0,""write_samples"":false,""verify"":false},""output"":{""out_dir"":""run/temp/exp5/uniform_t"",""run_tag"":""exp5_uniform_t""},""sys"":{""threads"":1},""logging"":{""level"":""INFO"",""with_timestamp"":true,""with_thread_id"":false}}","{""generator"":""uniform"",""dataset"":""uniform_t__nr100000__ns100000__a1_000ep00__g1"",""n_r"":100000,""n_s"":100000,""has_exact_k"":false,""k_target"":0,""k_achieved"":0,""alpha_target"":1,""alpha_achieved"":nan,""notes"":""w_min_r=0.005, w_max_r=0.02, w_min_s=0.005, w_max_s=0.02, same_size_all_dims=0""}"
uniform_t__nr100000__ns100000__a1_000ep00__g1,uniform,1,100000,100000,r_tree,adaptive,3000,0,1,1,417.674,6.33447e+06,1,0,1,0,fallback_sampling,1000001,"{""build_ms"":36.416830,""enumerate_prepare_ms"":34.706656,""phase1_adaptive_count_ms"":170.930850,""phase2+3_sampling_ms"":105.483299,""run_build_ms"":36.417920,""run_fallback_count_ms"":170.933229,""run_fallback_sample_ms"":105.485889,""run_pilot_enum_prepare_ms"":34.709306,""run_pilot_enum_scan_ms"":70.095496}",,"{""dataset"":{""source"":""synthetic"",""name"":""uniform_t__nr100000__ns100000__a1_000ep00__g1"",""dim"":2,""path_r"":"""",""path_s"":"""",""synthetic"":{""generator"":""uniform"",""n_r"":100000,""n_s"":100000,""alpha"":1,""seed"":1}},""run"":{""method"":""r_tree"",""variant"":""adaptive"",""t"":3000,""seed"":1,""repeats"":3,""j_star"":1000000,""enum_cap"":0,""write_samples"":false,""verify"":false},""output"":{""out_dir"":""run/temp/exp5/uniform_t"",""run_tag"":""exp5_uniform_t""},""sys"":{""threads"":1},""logging"":{""level"":""INFO"",""with_timestamp"":true,""with_thread_id"":false}}","{""generator"":""uniform"",""dataset"":""uniform_t__nr100000__ns100000__a1_000ep00__g1"",""n_r"":100000,""n_s"":100000,""has_exact_k"":false,""k_target"":0,""k_achieved"":0,""alpha_target"":1,""alpha_achieved"":nan,""notes"":""w_min_r=0.005, w_max_r=0.02, w_min_s=0.005, w_max_s=0.02, same_size_all_dims=0""}"
uniform_t__nr100000__ns100000__a1_000ep00__g1,uniform,1,100000,100000,r_tree,adaptive,3000,1,2,1,418.873,6.33447e+06,1,0,1,0,fallback_sampling,1000001,"{""build_ms"":36.354792,""enumerate_prepare_ms"":38.066917,""phase1_adaptive_count_ms"":168.758893,""phase2+3_sampling_ms"":105.540727,""run_build_ms"":36.356322,""run_fallback_count_ms"":168.761373,""run_fallback_sample_ms"":105.543757,""run_pilot_enum_prepare_ms"":38.069337,""run_pilot_enum_scan_ms"":70.037917}",,"{""dataset"":{""source"":""synthetic"",""name"":""uniform_t__nr100000__ns100000__a1_000ep00__g1"",""dim"":2,""path_r"":"""",""path_s"":"""",""synthetic"":{""generator"":""uniform"",""n_r"":100000,""n_s"":100000,""alpha"":1,""seed"":1}},""run"":{""method"":""r_tree"",""variant"":""adaptive"",""t"":3000,""seed"":1,""repeats"":3,""j_star"":1000000,""enum_cap"":0,""write_samples"":false,""verify"":false},""output"":{""out_dir"":""run/temp/exp5/uniform_t"",""run_tag"":""exp5_uniform_t""},""sys"":{""threads"":1},""logging"":{""level"":""INFO"",""with_timestamp"":true,""with_thread_id"":false}}","{""generator"":""uniform"",""dataset"":""uniform_t__nr100000__ns100000__a1_000ep00__g1"",""n_r"":100000,""n_s"":100000,""has_exact_k"":false,""k_target"":0,""k_achieved"":0,""alpha_target"":1,""alpha_achieved"":nan,""notes"":""w_min_r=0.005, w_max_r=0.02, w_min_s=0.005, w_max_s=0.02, same_size_all_dims=0""}"
uniform_t__nr100000__ns100000__a1_000ep00__g1,uniform,1,100000,100000,r_tree,adaptive,3000,2,3,1,414.946,6.33447e+06,1,0,1,0,fallback_sampling,1000001,"{""build_ms"":36.377301,""enumerate_prepare_ms"":34.694245,""phase1_adaptive_count_ms"":168.239604,""phase2+3_sampling_ms"":105.455109,""run_build_ms"":36.378441,""run_fallback_count_ms"":168.241834,""run_fallback_sample_ms"":105.457079,""run_pilot_enum_prepare_ms"":34.696366,""run_pilot_enum_scan_ms"":70.065448}",,"{""dataset"":{""source"":""synthetic"",""name"":""uniform_t__nr100000__ns100000__a1_000ep00__g1"",""dim"":2,""path_r"":"""",""path_s"":"""",""synthetic"":{""generator"":""uniform"",""n_r"":100000,""n_s"":100000,""alpha"":1,""seed"":1}},""run"":{""method"":""r_tree"",""variant"":""adaptive"",""t"":3000,""seed"":1,""repeats"":3,""j_star"":1000000,""enum_cap"":0,""write_samples"":false,""verify"":false},""output"":{""out_dir"":""run/temp/exp5/uniform_t"",""run_tag"":""exp5_uniform_t""},""sys"":{""threads"":1},""logging"":{""level"":""INFO"",""with_timestamp"":true,""with_thread_id"":false}}","{""generator"":""uniform"",""dataset"":""uniform_t__nr100000__ns100000__a1_000ep00__g1"",""n_r"":100000,""n_s"":100000,""has_exact_k"":false,""k_target"":0,""k_achieved"":0,""alpha_target"":1,""alpha_achieved"":nan,""notes"":""w_min_r=0.005, w_max_r=0.02, w_min_s=0.005, w_max_s=0.02, same_size_all_dims=0""}"
uniform_t__nr100000__ns100000__a1_000ep00__g1,uniform,1,100000,100000,range_tree,sampling,3000,0,1,1,2106.77,6.33447e+06,1,0,0,0,,0,"{""build_ms"":102.053358,""build_events_ms"":34.477460,""build_range_trees_ms"":35.041049,""build_rank_arrays_ms"":31.142547,""build_start_index_ms"":1.350182,""phase1_count_ms"":1186.713116,""phase2_alias_ms"":817.994413,""phase3_sweep_ms"":811.893766,""run_build_ms"":102.054238,""run_count_ms"":1186.715456,""run_sample_ms"":817.995362}",,"{""dataset"":{""source"":""synthetic"",""name"":""uniform_t__nr100000__ns100000__a1_000ep00__g1"",""dim"":2,""path_r"":"""",""path_s"":"""",""synthetic"":{""generator"":""uniform"",""n_r"":100000,""n_s"":100000,""alpha"":1,""seed"":1}},""run"":{""method"":""range_tree"",""variant"":""sampling"",""t"":3000,""seed"":1,""repeats"":3,""j_star"":1000000,""enum_cap"":0,""write_samples"":false,""verify"":false},""output"":{""out_dir"":""run/temp/exp5/uniform_t"",""run_tag"":""exp5_uniform_t""},""sys"":{""threads"":1},""logging"":{""level"":""INFO"",""with_timestamp"":true,""with_thread_id"":false}}","{""generator"":""uniform"",""dataset"":""uniform_t__nr100000__ns100000__a1_000ep00__g1"",""n_r"":100000,""n_s"":100000,""has_exact_k"":false,""k_target"":0,""k_achieved"":0,""alpha_target"":1,""alpha_achieved"":nan,""notes"":""w_min_r=0.005, w_max_r=0.02, w_min_s=0.005, w_max_s=0.02, same_size_all_dims=0""}"
uniform_t__nr100000__ns100000__a1_000ep00__g1,uniform,1,100000,100000,range_tree,sampling,3000,1,2,1,2102.32,6.33447e+06,1,0,0,0,,0,"{""build_ms"":100.705925,""build_events_ms"":34.470350,""build_range_trees_ms"":33.688866,""build_rank_arrays_ms"":31.127238,""build_start_index_ms"":1.374072,""phase1_count_ms"":1184.112881,""phase2_alias_ms"":817.486543,""phase3_sweep_ms"":811.346378,""run_build_ms"":100.706655,""run_count_ms"":1184.115361,""run_sample_ms"":817.487564}",,"{""dataset"":{""source"":""synthetic"",""name"":""uniform_t__nr100000__ns100000__a1_000ep00__g1"",""dim"":2,""path_r"":"""",""path_s"":"""",""synthetic"":{""generator"":""uniform"",""n_r"":100000,""n_s"":100000,""alpha"":1,""seed"":1}},""run"":{""method"":""range_tree"",""variant"":""sampling"",""t"":3000,""seed"":1,""repeats"":3,""j_star"":1000000,""enum_cap"":0,""write_samples"":false,""verify"":false},""output"":{""out_dir"":""run/temp/exp5/uniform_t"",""run_tag"":""exp5_uniform_t""},""sys"":{""threads"":1},""logging"":{""level"":""INFO"",""with_timestamp"":true,""with_thread_id"":false}}","{""generator"":""uniform"",""dataset"":""uniform_t__nr100000__ns100000__a1_000ep00__g1"",""n_r"":100000,""n_s"":100000,""has_exact_k"":false,""k_target"":0,""k_achieved"":0,""alpha_target"":1,""alpha_achieved"":nan,""notes"":""w_min_r=0.005, w_max_r=0.02, w_min_s=0.005, w_max_s=0.02, same_size_all_dims=0""}"
uniform_t__nr100000__ns100000__a1_000ep00__g1,uniform,1,100000,100000,range_tree,sampling,3000,2,3,1,2106.08,6.33447e+06,1,0,0,0,,0,"{""build_ms"":104.066817,""build_events_ms"":34.491270,""build_range_trees_ms"":33.684507,""build_rank_arrays_ms"":34.476170,""build_start_index_ms"":1.368232,""phase1_count_ms"":1181.478594,""phase2_alias_ms"":820.526953,""phase3_sweep_ms"":814.397167,""run_build_ms"":104.067367,""run_count_ms"":1181.481655,""run_sample_ms"":820.527963}",,"{""dataset"":{""source"":""synthetic"",""name"":""uniform_t__nr100000__ns100000__a1_000ep00__g1"",""dim"":2,""path_r"":"""",""path_s"":"""",""synthetic"":{""generator"":""uniform"",""n_r"":100000,""n_s"":100000,""alpha"":1,""seed"":1}},""run"":{""method"":""range_tree"",""variant"":""sampling"",""t"":3000,""seed"":1,""repeats"":3,""j_star"":1000000,""enum_cap"":0,""write_samples"":false,""verify"":false},""output"":{""out_dir"":""run/temp/exp5/uniform_t"",""run_tag"":""exp5_uniform_t""},""sys"":{""threads"":1},""logging"":{""level"":""INFO"",""with_timestamp"":true,""with_thread_id"":false}}","{""generator"":""uniform"",""dataset"":""uniform_t__nr100000__ns100000__a1_000ep00__g1"",""n_r"":100000,""n_s"":100000,""has_exact_k"":false,""k_target"":0,""k_achieved"":0,""alpha_target"":1,""alpha_achieved"":nan,""notes"":""w_min_r=0.005, w_max_r=0.02, w_min_s=0.005, w_max_s=0.02, same_size_all_dims=0""}"
uniform_t__nr100000__ns100000__a1_000ep00__g1,uniform,1,100000,100000,range_tree,adaptive,3000,0,1,1,2687.03,6.33447e+06,1,0,1,0,fallback_sampling,1000001,"{""adaptive_count_ms"":1295.699218,""build_ms"":102.179096,""build_events_ms"":34.500410,""build_range_trees_ms"":35.132576,""build_rank_arrays_ms"":31.136858,""build_start_index_ms"":1.363493,""enumerate_prepare_ms"":100.999110,""phase2_alias_ms"":821.713900,""phase3_sweep_ms"":815.568485,""run_build_ms"":102.179816,""run_fallback_count_ms"":1295.702088,""run_fallback_sample_ms"":821.718289,""run_pilot_enum_prepare_ms"":101.001930,""run_pilot_enum_scan_ms"":366.411892}",,"{""dataset"":{""source"":""synthetic"",""name"":""uniform_t__nr100000__ns100000__a1_000ep00__g1"",""dim"":2,""path_r"":"""",""path_s"":"""",""synthetic"":{""generator"":""uniform"",""n_r"":100000,""n_s"":100000,""alpha"":1,""seed"":1}},""run"":{""method"":""range_tree"",""variant"":""adaptive"",""t"":3000,""seed"":1,""repeats"":3,""j_star"":1000000,""enum_cap"":0,""write_samples"":false,""verify"":false},""output"":{""out_dir"":""run/temp/exp5/uniform_t"",""run_tag"":""exp5_uniform_t""},""sys"":{""threads"":1},""logging"":{""level"":""INFO"",""with_timestamp"":true,""with_thread_id"":false}}","{""generator"":""uniform"",""dataset"":""uniform_t__nr100000__ns100000__a1_000ep00__g1"",""n_r"":100000,""n_s"":100000,""has_exact_k"":false,""k_target"":0,""k_achieved"":0,""alpha_target"":1,""alpha_achieved"":nan,""notes"":""w_min_r=0.005, w_max_r=0.02, w_min_s=0.005, w_max_s=0.02, same_size_all_dims=0""}"
uniform_t__nr100000__ns100000__a1_000ep00__g1,uniform,1,100000,100000,range_tree,adaptive,3000,1,2,1,2688.48,6.33447e+06,1,0,1,0,fallback_sampling,1000001,"{""adaptive_count_ms"":1294.935555,""build_ms"":100.868923,""build_events_ms"":34.519489,""build_range_trees_ms"":33.809504,""build_rank_arrays_ms"":31.118759,""build_start_index_ms"":1.372932,""enumerate_prepare_ms"":100.602177,""phase2_alias_ms"":823.078113,""phase3_sweep_ms"":816.898459,""run_build_ms"":100.869733,""run_fallback_count_ms"":1294.937725,""run_fallback_sample_ms"":823.079273,""run_pilot_enum_prepare_ms"":100.605817,""run_pilot_enum_scan_ms"":368.970550}",,"{""dataset"":{""source"":""synthetic"",""name"":""uniform_t__nr100000__ns100000__a1_000ep00__g1"",""dim"":2,""path_r"":"""",""path_s"":"""",""synthetic"":{""generator"":""uniform"",""n_r"":100000,""n_s"":100000,""alpha"":1,""seed"":1}},""run"":{""method"":""range_tree"",""variant"":""adaptive"",""t"":3000,""seed"":1,""repeats"":3,""j_star"":1000000,""enum_cap"":0,""write_samples"":false,""verify"":false},""output"":{""out_dir"":""run/temp/exp5/uniform_t"",""run_tag"":""exp5_uniform_t""},""sys"":{""threads"":1},""logging"":{""level"":""INFO"",""with_timestamp"":true,""with_thread_id"":false}}","{""generator"":""uniform"",""dataset"":""uniform_t__nr100000__ns100000__a1_000ep00__g1"",""n_r"":100000,""n_s"":100000,""has_exact_k"":false,""k_target"":0,""k_achieved"":0,""alpha_target"":1,""alpha_achieved"":nan,""notes"":""w_min_r=0.005, w_max_r=0.02, w_min_s=0.005, w_max_s=0.02, same_size_all_dims=0""}"
uniform_t__nr100000__ns100000__a1_000ep00__g1,uniform,1,100000,100000,range_tree,adaptive,3000,2,3,1,2688.74,6.33447e+06,1,0,1,0,fallback_sampling,1000001,"{""adaptive_count_ms"":1298.105252,""build_ms"":100.873552,""build_events_ms"":34.493899,""build_range_trees_ms"":33.762235,""build_rank_arrays_ms"":31.195107,""build_start_index_ms"":1.373512,""enumerate_prepare_ms"":100.803214,""phase2_alias_ms"":823.125213,""phase3_sweep_ms"":817.002867,""run_build_ms"":100.874252,""run_fallback_count_ms"":1298.107212,""run_fallback_sample_ms"":823.129183,""run_pilot_enum_prepare_ms"":100.806853,""run_pilot_enum_scan_ms"":365.803465}",,"{""dataset"":{""source"":""synthetic"",""name"":""uniform_t__nr100000__ns100000__a1_000ep00__g1"",""dim"":2,""path_r"":"""",""path_s"":"""",""synthetic"":{""generator"":""uniform"",""n_r"":100000,""n_s"":100000,""alpha"":1,""seed"":1}},""run"":{""method"":""range_tree"",""variant"":""adaptive"",""t"":3000,""seed"":1,""repeats"":3,""j_star"":1000000,""enum_cap"":0,""write_samples"":false,""verify"":false},""output"":{""out_dir"":""run/temp/exp5/uniform_t"",""run_tag"":""exp5_uniform_t""},""sys"":{""threads"":1},""logging"":{""level"":""INFO"",""with_timestamp"":true,""with_thread_id"":false}}","{""generator"":""uniform"",""dataset"":""uniform_t__nr100000__ns100000__a1_000ep00__g1"",""n_r"":100000,""n_s"":100000,""has_exact_k"":false,""k_target"":0,""k_achieved"":0,""alpha_target"":1,""alpha_achieved"":nan,""notes"":""w_min_r=0.005, w_max_r=0.02, w_min_s=0.005, w_max_s=0.02, same_size_all_dims=0""}"
uniform_t__nr100000__ns100000__a1_000ep00__g1,uniform,1,100000,100000,pbsm,sampling,3000,0,1,1,507.024,6.33447e+06,1,0,0,0,,0,"{""build_ms"":21.664231,""pbsm_build_ms"":21.663681,""pbsm_count_pass1_ms"":241.477518,""pbsm_partitions_stripes_ms"":21.318958,""pbsm_sample_draw_ranks_ms"":0.135877,""pbsm_sample_pass2_select_ms"":243.725843,""run_build_ms"":21.664741,""run_count_ms"":241.480788,""run_sample_ms"":243.876170}",,"{""dataset"":{""source"":""synthetic"",""name"":""uniform_t__nr100000__ns100000__a1_000ep00__g1"",""dim"":2,""path_r"":"""",""path_s"":"""",""synthetic"":{""generator"":""uniform"",""n_r"":100000,""n_s"":100000,""alpha"":1,""seed"":1}},""run"":{""method"":""pbsm"",""variant"":""sampling"",""t"":3000,""seed"":1,""repeats"":3,""j_star"":1000000,""enum_cap"":0,""write_samples"":false,""verify"":false},""output"":{""out_dir"":""run/temp/exp5/uniform_t"",""run_tag"":""exp5_uniform_t""},""sys"":{""threads"":1},""logging"":{""level"":""INFO"",""with_timestamp"":true,""with_thread_id"":false}}","{""generator"":""uniform"",""dataset"":""uniform_t__nr100000__ns100000__a1_000ep00__g1"",""n_r"":100000,""n_s"":100000,""has_exact_k"":false,""k_target"":0,""k_achieved"":0,""alpha_target"":1,""alpha_achieved"":nan,""notes"":""w_min_r=0.005, w_max_r=0.02, w_min_s=0.005, w_max_s=0.02, same_size_all_dims=0""}"
uniform_t__nr100000__ns100000__a1_000ep00__g1,uniform,1,100000,100000,pbsm,sampling,3000,1,2,1,511.09,6.33447e+06,1,0,0,0,,0,"{""build_ms"":21.324657,""pbsm_build_ms"":21.324277,""pbsm_count_pass1_ms"":241.994829,""pbsm_partitions_stripes_ms"":20.981445,""pbsm_sample_draw_ranks_ms"":0.128698,""pbsm_sample_pass2_select_ms"":247.620914,""run_build_ms"":21.325307,""run_count_ms"":241.998369,""run_sample_ms"":247.761822}",,"{""dataset"":{""source"":""synthetic"",""name"":""uniform_t__nr100000__ns100000__a1_000ep00__g1"",""dim"":2,""path_r"":"""",""path_s"":"""",""synthetic"":{""generator"":""uniform"",""n_r"":100000,""n_s"":100000,""alpha"":1,""seed"":1}},""run"":{""method"":""pbsm"",""variant"":""sampling"",""t"":3000,""seed"":1,""repeats"":3,""j_star"":1000000,""enum_cap"":0,""write_samples"":false,""verify"":false},""output"":{""out_dir"":""run/temp/exp5/uniform_t"",""run_tag"":""exp5_uniform_t""},""sys"":{""threads"":1},""logging"":{""level"":""INFO"",""with_timestamp"":true,""with_thread_id"":false}}","{""generator"":""uniform"",""dataset"":""uniform_t__nr100000__ns100000__a1_000ep00__g1"",""n_r"":100000,""n_s"":100000,""has_exact_k"":false,""k_target"":0,""k_achieved"":0,""alpha_target"":1,""alpha_achieved"":nan,""notes"":""w_min_r=0.005, w_max_r=0.02, w_min_s=0.005, w_max_s=0.02, same_size_all_dims=0""}"
uniform_t__nr100000__ns100000__a1_000ep00__g1,uniform,1,100000,100000,pbsm,sampling,3000,2,3,1,510.998,6.33447e+06,1,0,0,0,,0,"{""build_ms"":21.340287,""pbsm_build_ms"":21.339717,""pbsm_count_pass1_ms"":243.129676,""pbsm_partitions_stripes_ms"":20.996164,""pbsm_sample_draw_ranks_ms"":0.131817,""pbsm_sample_pass2_select_ms"":246.375019,""run_build_ms"":21.340677,""run_count_ms"":243.132186,""run_sample_ms"":246.519306}",,"{""dataset"":{""source"":""synthetic"",""name"":""uniform_t__nr100000__ns100000__a1_000ep00__g1"",""dim"":2,""path_r"":"""",""path_s"":"""",""synthetic"":{""generator"":""uniform"",""n_r"":100000,""n_s"":100000,""alpha"":1,""seed"":1}},""run"":{""method"":""pbsm"",""variant"":""sampling"",""t"":3000,""seed"":1,""repeats"":3,""j_star"":1000000,""enum_cap"":0,""write_samples"":false,""verify"":false},""output"":{""out_dir"":""run/temp/exp5/uniform_t"",""run_tag"":""exp5_uniform_t""},""sys"":{""threads"":1},""logging"":{""level"":""INFO"",""with_timestamp"":true,""with_thread_id"":false}}","{""generator"":""uniform"",""dataset"":""uniform_t__nr100000__ns100000__a1_000ep00__g1"",""n_r"":100000,""n_s"":100000,""has_exact_k"":false,""k_target"":0,""k_achieved"":0,""alpha_target"":1,""alpha_achieved"":nan,""notes"":""w_min_r=0.005, w_max_r=0.02, w_min_s=0.005, w_max_s=0.02, same_size_all_dims=0""}"
uniform_t__nr100000__ns100000__a1_000ep00__g1,uniform,1,100000,100000,pbsm,adaptive,3000,0,1,1,557.98,6.33447e+06,1,0,1,0,fallback_sampling,1000001,"{""build_ms"":21.351196,""enumerate_prepare_ms"":0.000200,""pbsm_adaptive_pass1_ms"":248.201403,""pbsm_adaptive_sample_large_ms"":250.516485,""pbsm_build_ms"":21.350626,""pbsm_partitions_stripes_ms"":21.008463,""run_build_ms"":21.351656,""run_fallback_count_ms"":248.205313,""run_fallback_sample_ms"":250.520335,""run_pilot_enum_prepare_ms"":0.000690,""run_pilot_enum_scan_ms"":37.889791}",,"{""dataset"":{""source"":""synthetic"",""name"":""uniform_t__nr100000__ns100000__a1_000ep00__g1"",""dim"":2,""path_r"":"""",""path_s"":"""",""synthetic"":{""generator"":""uniform"",""n_r"":100000,""n_s"":100000,""alpha"":1,""seed"":1}},""run"":{""method"":""pbsm"",""variant"":""adaptive"",""t"":3000,""seed"":1,""repeats"":3,""j_star"":1000000,""enum_cap"":0,""write_samples"":false,""verify"":false},""output"":{""out_dir"":""run/temp/exp5/uniform_t"",""run_tag"":""exp5_uniform_t""},""sys"":{""threads"":1},""logging"":{""level"":""INFO"",""with_timestamp"":true,""with_thread_id"":false}}","{""generator"":""uniform"",""dataset"":""uniform_t__nr100000__ns100000__a1_000ep00__g1"",""n_r"":100000,""n_s"":100000,""has_exact_k"":false,""k_target"":0,""k_achieved"":0,""alpha_target"":1,""alpha_achieved"":nan,""notes"":""w_min_r=0.005, w_max_r=0.02, w_min_s=0.005, w_max_s=0.02, same_size_all_dims=0""}"
uniform_t__nr100000__ns100000__a1_000ep00__g1,uniform,1,100000,100000,pbsm,adaptive,3000,1,2,1,554.477,6.33447e+06,1,0,1,0,fallback_sampling,1000001,"{""build_ms"":21.283098,""enumerate_prepare_ms"":0.000270,""pbsm_adaptive_pass1_ms"":248.087825,""pbsm_adaptive_sample_large_ms"":247.206012,""pbsm_build_ms"":21.282768,""pbsm_partitions_stripes_ms"":20.940675,""run_build_ms"":21.283538,""run_fallback_count_ms"":248.092085,""run_fallback_sample_ms"":247.209702,""run_pilot_enum_prepare_ms"":0.000550,""run_pilot_enum_scan_ms"":37.875881}",,"{""dataset"":{""source"":""synthetic"",""name"":""uniform_t__nr100000__ns100000__a1_000ep00__g1"",""dim"":2,""path_r"":"""",""path_s"":"""",""synthetic"":{""generator"":""uniform"",""n_r"":100000,""n_s"":100000,""alpha"":1,""seed"":1}},""run"":{""method"":""pbsm"",""variant"":""adaptive"",""t"":3000,""seed"":1,""repeats"":3,""j_star"":1000000,""enum_cap"":0,""write_samples"":false,""verify"":false},""output"":{""out_dir"":""run/temp/exp5/uniform_t"",""run_tag"":""exp5_uniform_t""},""sys"":{""threads"":1},""logging"":{""level"":""INFO"",""with_timestamp"":true,""with_thread_id"":false}}","{""generator"":""uniform"",""dataset"":""uniform_t__nr100000__ns100000__a1_000ep00__g1"",""n_r"":100000,""n_s"":100000,""has_exact_k"":false,""k_target"":0,""k_achieved"":0,""alpha_target"":1,""alpha_achieved"":nan,""notes"":""w_min_r=0.005, w_max_r=0.02, w_min_s=0.005, w_max_s=0.02, same_size_all_dims=0""}"
uniform_t__nr100000__ns100000__a1_000ep00__g1,uniform,1,100000,100000,pbsm,adaptive,3000,2,3,1,557.973,6.33447e+06,1,0,1,0,fallback_sampling,1000001,"{""build_ms"":21.322738,""enumerate_prepare_ms"":0.000350,""pbsm_adaptive_pass1_ms"":248.049475,""pbsm_adaptive_sample_large_ms"":250.691352,""pbsm_build_ms"":21.321878,""pbsm_partitions_stripes_ms"":20.974045,""run_build_ms"":21.323128,""run_fallback_count_ms"":248.053735,""run_fallback_sample_ms"":250.695622,""run_pilot_enum_prepare_ms"":0.000730,""run_pilot_enum_scan_ms"":37.887282}",,"{""dataset"":{""source"":""synthetic"",""name"":""uniform_t__nr100000__ns100000__a1_000ep00__g1"",""dim"":2,""path_r"":"""",""path_s"":"""",""synthetic"":{""generator"":""uniform"",""n_r"":100000,""n_s"":100000,""alpha"":1,""seed"":1}},""run"":{""method"":""pbsm"",""variant"":""adaptive"",""t"":3000,""seed"":1,""repeats"":3,""j_star"":1000000,""enum_cap"":0,""write_samples"":false,""verify"":false},""output"":{""out_dir"":""run/temp/exp5/uniform_t"",""run_tag"":""exp5_uniform_t""},""sys"":{""threads"":1},""logging"":{""level"":""INFO"",""with_timestamp"":true,""with_thread_id"":false}}","{""generator"":""uniform"",""dataset"":""uniform_t__nr100000__ns100000__a1_000ep00__g1"",""n_r"":100000,""n_s"":100000,""has_exact_k"":false,""k_target"":0,""k_achieved"":0,""alpha_target"":1,""alpha_achieved"":nan,""notes"":""w_min_r=0.005, w_max_r=0.02, w_min_s=0.005, w_max_s=0.02, same_size_all_dims=0""}"
uniform_t__nr100000__ns100000__a1_000ep00__g1,uniform,1,100000,100000,tlsop,sampling,3000,0,1,1,246.428,6.33447e+06,1,0,0,0,,0,"{""build_ms"":29.391414,""run_build_ms"":29.392124,""run_count_ms"":107.170845,""run_sample_ms"":109.862080,""tlsop_alloc_tiles_ms"":0.059219,""tlsop_build_ms"":29.390563,""tlsop_build_edges_ms"":0.000330,""tlsop_count_pass1_ms"":107.167195,""tlsop_pass1_count_caps_ms"":5.766073,""tlsop_pass1_reserve_ms"":0.467791,""tlsop_pass2_fill_ms"":7.508967,""tlsop_sample_draw_ranks_ms"":0.133627,""tlsop_sample_pass2_select_ms"":109.718863,""tlsop_sort_lists_ms"":15.576484}",,"{""dataset"":{""source"":""synthetic"",""name"":""uniform_t__nr100000__ns100000__a1_000ep00__g1"",""dim"":2,""path_r"":"""",""path_s"":"""",""synthetic"":{""generator"":""uniform"",""n_r"":100000,""n_s"":100000,""alpha"":1,""seed"":1}},""run"":{""method"":""tlsop"",""variant"":""sampling"",""t"":3000,""seed"":1,""repeats"":3,""j_star"":1000000,""enum_cap"":0,""write_samples"":false,""verify"":false},""output"":{""out_dir"":""run/temp/exp5/uniform_t"",""run_tag"":""exp5_uniform_t""},""sys"":{""threads"":1},""logging"":{""level"":""INFO"",""with_timestamp"":true,""with_thread_id"":false}}","{""generator"":""uniform"",""dataset"":""uniform_t__nr100000__ns100000__a1_000ep00__g1"",""n_r"":100000,""n_s"":100000,""has_exact_k"":false,""k_target"":0,""k_achieved"":0,""alpha_target"":1,""alpha_achieved"":nan,""notes"":""w_min_r=0.005, w_max_r=0.02, w_min_s=0.005, w_max_s=0.02, same_size_all_dims=0""}"
uniform_t__nr100000__ns100000__a1_000ep00__g1,uniform,1,100000,100000,tlsop,sampling,3000,1,2,1,247.355,6.33447e+06,1,0,0,0,,0,"{""build_ms"":29.877924,""run_build_ms"":29.878824,""run_count_ms"":107.024328,""run_sample_ms"":110.056066,""tlsop_alloc_tiles_ms"":0.061369,""tlsop_build_ms"":29.877104,""tlsop_build_edges_ms"":0.000660,""tlsop_count_pass1_ms"":107.021658,""tlsop_pass1_count_caps_ms"":5.762223,""tlsop_pass1_reserve_ms"":0.439181,""tlsop_pass2_fill_ms"":7.539648,""tlsop_sample_draw_ranks_ms"":0.128087,""tlsop_sample_pass2_select_ms"":109.918529,""tlsop_sort_lists_ms"":15.602843}",,"{""dataset"":{""source"":""synthetic"",""name"":""uniform_t__nr100000__ns100000__a1_000ep00__g1"",""dim"":2,""path_r"":"""",""path_s"":"""",""synthetic"":{""generator"":""uniform"",""n_r"":100000,""n_s"":100000,""alpha"":1,""seed"":1}},""run"":{""method"":""tlsop"",""variant"":""sampling"",""t"":3000,""seed"":1,""repeats"":3,""j_star"":1000000,""enum_cap"":0,""write_samples"":false,""verify"":false},""output"":{""out_dir"":""run/temp/exp5/uniform_t"",""run_tag"":""exp5_uniform_t""},""sys"":{""threads"":1},""logging"":{""level"":""INFO"",""with_timestamp"":true,""with_thread_id"":false}}","{""generator"":""uniform"",""dataset"":""uniform_t__nr100000__ns100000__a1_000ep00__g1"",""n_r"":100000,""n_s"":100000,""has_exact_k"":false,""k_target"":0,""k_achieved"":0,""alpha_target"":1,""alpha_achieved"":nan,""notes"":""w_min_r=0.005, w_max_r=0.02, w_min_s=0.005, w_max_s=0.02, same_size_all_dims=0""}"
uniform_t__nr100000__ns100000__a1_000ep00__g1,uniform,1,100000,100000,tlsop,sampling,3000,2,3,1,247.137,6.33447e+06,1,0,0,0,,0,"{""build_ms"":29.844434,""run_build_ms"":29.845094,""run_count_ms"":107.049347,""run_sample_ms"":109.878390,""tlsop_alloc_tiles_ms"":0.070918,""tlsop_build_ms"":29.843794,""tlsop_build_edges_ms"":0.000690,""tlsop_count_pass1_ms"":107.046307,""tlsop_pass1_count_caps_ms"":5.778732,""tlsop_pass1_reserve_ms"":0.440052,""tlsop_pass2_fill_ms"":7.559087,""tlsop_sample_draw_ranks_ms"":0.129418,""tlsop_sample_pass2_select_ms"":109.739962,""tlsop_sort_lists_ms"":15.520705}",,"{""dataset"":{""source"":""synthetic"",""name"":""uniform_t__nr100000__ns100000__a1_000ep00__g1"",""dim"":2,""path_r"":"""",""path_s"":"""",""synthetic"":{""generator"":""uniform"",""n_r"":100000,""n_s"":100000,""alpha"":1,""seed"":1}},""run"":{""method"":""tlsop"",""variant"":""sampling"",""t"":3000,""seed"":1,""repeats"":3,""j_star"":1000000,""enum_cap"":0,""write_samples"":false,""verify"":false},""output"":{""out_dir"":""run/temp/exp5/uniform_t"",""run_tag"":""exp5_uniform_t""},""sys"":{""threads"":1},""logging"":{""level"":""INFO"",""with_timestamp"":true,""with_thread_id"":false}}","{""generator"":""uniform"",""dataset"":""uniform_t__nr100000__ns100000__a1_000ep00__g1"",""n_r"":100000,""n_s"":100000,""has_exact_k"":false,""k_target"":0,""k_achieved"":0,""alpha_target"":1,""alpha_achieved"":nan,""notes"":""w_min_r=0.005, w_max_r=0.02, w_min_s=0.005, w_max_s=0.02, same_size_all_dims=0""}"
uniform_t__nr100000__ns100000__a1_000ep00__g1,uniform,1,100000,100000,tlsop,adaptive,3000,0,1,1,270.966,6.33447e+06,1,0,1,0,fallback_sampling,1000001,"{""build_ms"":29.358575,""enumerate_prepare_ms"":0.011949,""run_build_ms"":29.359344,""run_fallback_count_ms"":113.603775,""run_fallback_sample_ms"":109.846611,""run_pilot_enum_prepare_ms"":0.012769,""run_pilot_enum_scan_ms"":18.134922,""tlsop_adaptive_pass1_ms"":113.597955,""tlsop_adaptive_sample_large_ms"":109.842021,""tlsop_alloc_tiles_ms"":0.060169,""tlsop_build_ms"":29.357964,""tlsop_build_edges_ms"":0.000490,""tlsop_pass1_count_caps_ms"":5.750854,""tlsop_pass1_reserve_ms"":0.438401,""tlsop_pass2_fill_ms"":7.504397,""tlsop_sort_lists_ms"":15.590614}",,"{""dataset"":{""source"":""synthetic"",""name"":""uniform_t__nr100000__ns100000__a1_000ep00__g1"",""dim"":2,""path_r"":"""",""path_s"":"""",""synthetic"":{""generator"":""uniform"",""n_r"":100000,""n_s"":100000,""alpha"":1,""seed"":1}},""run"":{""method"":""tlsop"",""variant"":""adaptive"",""t"":3000,""seed"":1,""repeats"":3,""j_star"":1000000,""enum_cap"":0,""write_samples"":false,""verify"":false},""output"":{""out_dir"":""run/temp/exp5/uniform_t"",""run_tag"":""exp5_uniform_t""},""sys"":{""threads"":1},""logging"":{""level"":""INFO"",""with_timestamp"":true,""with_thread_id"":false}}","{""generator"":""uniform"",""dataset"":""uniform_t__nr100000__ns100000__a1_000ep00__g1"",""n_r"":100000,""n_s"":100000,""has_exact_k"":false,""k_target"":0,""k_achieved"":0,""alpha_target"":1,""alpha_achieved"":nan,""notes"":""w_min_r=0.005, w_max_r=0.02, w_min_s=0.005, w_max_s=0.02, same_size_all_dims=0""}"
uniform_t__nr100000__ns100000__a1_000ep00__g1,uniform,1,100000,100000,tlsop,adaptive,3000,1,2,1,268.549,6.33447e+06,1,0,1,0,fallback_sampling,1000001,"{""build_ms"":29.806035,""enumerate_prepare_ms"":0.012210,""run_build_ms"":29.806736,""run_fallback_count_ms"":110.167564,""run_fallback_sample_ms"":109.967419,""run_pilot_enum_prepare_ms"":0.012839,""run_pilot_enum_scan_ms"":18.206801,""tlsop_adaptive_pass1_ms"":110.160464,""tlsop_adaptive_sample_large_ms"":109.963439,""tlsop_alloc_tiles_ms"":0.061499,""tlsop_build_ms"":29.805236,""tlsop_build_edges_ms"":0.000580,""tlsop_pass1_count_caps_ms"":5.752694,""tlsop_pass1_reserve_ms"":0.439881,""tlsop_pass2_fill_ms"":7.463468,""tlsop_sort_lists_ms"":15.609094}",,"{""dataset"":{""source"":""synthetic"",""name"":""uniform_t__nr100000__ns100000__a1_000ep00__g1"",""dim"":2,""path_r"":"""",""path_s"":"""",""synthetic"":{""generator"":""uniform"",""n_r"":100000,""n_s"":100000,""alpha"":1,""seed"":1}},""run"":{""method"":""tlsop"",""variant"":""adaptive"",""t"":3000,""seed"":1,""repeats"":3,""j_star"":1000000,""enum_cap"":0,""write_samples"":false,""verify"":false},""output"":{""out_dir"":""run/temp/exp5/uniform_t"",""run_tag"":""exp5_uniform_t""},""sys"":{""threads"":1},""logging"":{""level"":""INFO"",""with_timestamp"":true,""with_thread_id"":false}}","{""generator"":""uniform"",""dataset"":""uniform_t__nr100000__ns100000__a1_000ep00__g1"",""n_r"":100000,""n_s"":100000,""has_exact_k"":false,""k_target"":0,""k_achieved"":0,""alpha_target"":1,""alpha_achieved"":nan,""notes"":""w_min_r=0.005, w_max_r=0.02, w_min_s=0.005, w_max_s=0.02, same_size_all_dims=0""}"
uniform_t__nr100000__ns100000__a1_000ep00__g1,uniform,1,100000,100000,tlsop,adaptive,3000,2,3,1,268.604,6.33447e+06,1,0,1,0,fallback_sampling,1000001,"{""build_ms"":29.912323,""enumerate_prepare_ms"":0.012210,""run_build_ms"":29.912813,""run_fallback_count_ms"":110.190993,""run_fallback_sample_ms"":109.897570,""run_pilot_enum_prepare_ms"":0.012970,""run_pilot_enum_scan_ms"":18.197250,""tlsop_adaptive_pass1_ms"":110.184473,""tlsop_adaptive_sample_large_ms"":109.893570,""tlsop_alloc_tiles_ms"":0.061629,""tlsop_build_ms"":29.911493,""tlsop_build_edges_ms"":0.000640,""tlsop_pass1_count_caps_ms"":5.747824,""tlsop_pass1_reserve_ms"":0.441841,""tlsop_pass2_fill_ms"":7.489268,""tlsop_sort_lists_ms"":15.663652}",,"{""dataset"":{""source"":""synthetic"",""name"":""uniform_t__nr100000__ns100000__a1_000ep00__g1"",""dim"":2,""path_r"":"""",""path_s"":"""",""synthetic"":{""generator"":""uniform"",""n_r"":100000,""n_s"":100000,""alpha"":1,""seed"":1}},""run"":{""method"":""tlsop"",""variant"":""adaptive"",""t"":3000,""seed"":1,""repeats"":3,""j_star"":1000000,""enum_cap"":0,""write_samples"":false,""verify"":false},""output"":{""out_dir"":""run/temp/exp5/uniform_t"",""run_tag"":""exp5_uniform_t""},""sys"":{""threads"":1},""logging"":{""level"":""INFO"",""with_timestamp"":true,""with_thread_id"":false}}","{""generator"":""uniform"",""dataset"":""uniform_t__nr100000__ns100000__a1_000ep00__g1"",""n_r"":100000,""n_s"":100000,""has_exact_k"":false,""k_target"":0,""k_achieved"":0,""alpha_target"":1,""alpha_achieved"":nan,""notes"":""w_min_r=0.005, w_max_r=0.02, w_min_s=0.005, w_max_s=0.02, same_size_all_dims=0""}"
uniform_t__nr100000__ns100000__a1_000ep00__g1,uniform,1,100000,100000,sirs,sampling,3000,0,1,1,484.191,6.33447e+06,1,0,0,0,,0,"{""build_ms"":122.268078,""count_ms"":342.275383,""run_build_ms"":122.268978,""run_count_ms"":342.277164,""run_sample_ms"":19.642121,""sample_ms"":19.640611,""sirs_build_index_ms"":122.267608,""sirs_build_kd_ms"":11.219012,""sirs_embed_inner_ms"":55.938135,""sirs_phase1_degrees_ms"":342.273004,""sirs_rank_axes_ms"":55.103742}",,"{""dataset"":{""source"":""synthetic"",""name"":""uniform_t__nr100000__ns100000__a1_000ep00__g1"",""dim"":2,""path_r"":"""",""path_s"":"""",""synthetic"":{""generator"":""uniform"",""n_r"":100000,""n_s"":100000,""alpha"":1,""seed"":1}},""run"":{""method"":""sirs"",""variant"":""sampling"",""t"":3000,""seed"":1,""repeats"":3,""j_star"":1000000,""enum_cap"":0,""write_samples"":false,""verify"":false},""output"":{""out_dir"":""run/temp/exp5/uniform_t"",""run_tag"":""exp5_uniform_t""},""sys"":{""threads"":1},""logging"":{""level"":""INFO"",""with_timestamp"":true,""with_thread_id"":false}}","{""generator"":""uniform"",""dataset"":""uniform_t__nr100000__ns100000__a1_000ep00__g1"",""n_r"":100000,""n_s"":100000,""has_exact_k"":false,""k_target"":0,""k_achieved"":0,""alpha_target"":1,""alpha_achieved"":nan,""notes"":""w_min_r=0.005, w_max_r=0.02, w_min_s=0.005, w_max_s=0.02, same_size_all_dims=0""}"
uniform_t__nr100000__ns100000__a1_000ep00__g1,uniform,1,100000,100000,sirs,sampling,3000,1,2,1,481.018,6.33447e+06,1,0,0,0,,0,"{""build_ms"":121.789178,""count_ms"":339.361553,""run_build_ms"":121.789918,""run_count_ms"":339.362823,""run_sample_ms"":19.862867,""sample_ms"":19.861507,""sirs_build_index_ms"":121.788528,""sirs_build_kd_ms"":11.202592,""sirs_embed_inner_ms"":55.935255,""sirs_phase1_degrees_ms"":339.358473,""sirs_rank_axes_ms"":54.644941}",,"{""dataset"":{""source"":""synthetic"",""name"":""uniform_t__nr100000__ns100000__a1_000ep00__g1"",""dim"":2,""path_r"":"""",""path_s"":"""",""synthetic"":{""generator"":""uniform"",""n_r"":100000,""n_s"":100000,""alpha"":1,""seed"":1}},""run"":{""method"":""sirs"",""variant"":""sampling"",""t"":3000,""seed"":1,""repeats"":3,""j_star"":1000000,""enum_cap"":0,""write_samples"":false,""verify"":false},""output"":{""out_dir"":""run/temp/exp5/uniform_t"",""run_tag"":""exp5_uniform_t""},""sys"":{""threads"":1},""logging"":{""level"":""INFO"",""with_timestamp"":true,""with_thread_id"":false}}","{""generator"":""uniform"",""dataset"":""uniform_t__nr100000__ns100000__a1_000ep00__g1"",""n_r"":100000,""n_s"":100000,""has_exact_k"":false,""k_target"":0,""k_achieved"":0,""alpha_target"":1,""alpha_achieved"":nan,""notes"":""w_min_r=0.005, w_max_r=0.02, w_min_s=0.005, w_max_s=0.02, same_size_all_dims=0""}"
uniform_t__nr100000__ns100000__a1_000ep00__g1,uniform,1,100000,100000,sirs,sampling,3000,2,3,1,483.891,6.33447e+06,1,0,0,0,,0,"{""build_ms"":121.805488,""count_ms"":342.428031,""run_build_ms"":121.806218,""run_count_ms"":342.429071,""run_sample_ms"":19.653670,""sample_ms"":19.652790,""sirs_build_index_ms"":121.804718,""sirs_build_kd_ms"":11.203523,""sirs_embed_inner_ms"":55.930414,""sirs_phase1_degrees_ms"":342.425631,""sirs_rank_axes_ms"":54.664481}",,"{""dataset"":{""source"":""synthetic"",""name"":""uniform_t__nr100000__ns100000__a1_000ep00__g1"",""dim"":2,""path_r"":"""",""path_s"":"""",""synthetic"":{""generator"":""uniform"",""n_r"":100000,""n_s"":100000,""alpha"":1,""seed"":1}},""run"":{""method"":""sirs"",""variant"":""sampling"",""t"":3000,""seed"":1,""repeats"":3,""j_star"":1000000,""enum_cap"":0,""write_samples"":false,""verify"":false},""output"":{""out_dir"":""run/temp/exp5/uniform_t"",""run_tag"":""exp5_uniform_t""},""sys"":{""threads"":1},""logging"":{""level"":""INFO"",""with_timestamp"":true,""with_thread_id"":false}}","{""generator"":""uniform"",""dataset"":""uniform_t__nr100000__ns100000__a1_000ep00__g1"",""n_r"":100000,""n_s"":100000,""has_exact_k"":false,""k_target"":0,""k_achieved"":0,""alpha_target"":1,""alpha_achieved"":nan,""notes"":""w_min_r=0.005, w_max_r=0.02, w_min_s=0.005, w_max_s=0.02, same_size_all_dims=0""}"
uniform_t__nr100000__ns100000__a1_000ep00__g1,uniform,1,100000,100000,sirs,adaptive,3000,0,1,1,581.376,6.33447e+06,1,0,1,0,fallback_sampling,1000001,"{""build_ms"":122.203901,""count_ms"":358.160911,""run_build_ms"":122.204610,""run_fallback_count_ms"":358.164052,""run_fallback_sample_ms"":19.705980,""run_pilot_enum_prepare_ms"":0.000830,""run_pilot_enum_scan_ms"":81.288731,""sample_ms"":19.704660,""sirs_build_index_ms"":122.203401,""sirs_build_kd_ms"":11.222793,""sirs_embed_inner_ms"":55.949885,""sirs_rank_axes_ms"":55.024143}",,"{""dataset"":{""source"":""synthetic"",""name"":""uniform_t__nr100000__ns100000__a1_000ep00__g1"",""dim"":2,""path_r"":"""",""path_s"":"""",""synthetic"":{""generator"":""uniform"",""n_r"":100000,""n_s"":100000,""alpha"":1,""seed"":1}},""run"":{""method"":""sirs"",""variant"":""adaptive"",""t"":3000,""seed"":1,""repeats"":3,""j_star"":1000000,""enum_cap"":0,""write_samples"":false,""verify"":false},""output"":{""out_dir"":""run/temp/exp5/uniform_t"",""run_tag"":""exp5_uniform_t""},""sys"":{""threads"":1},""logging"":{""level"":""INFO"",""with_timestamp"":true,""with_thread_id"":false}}","{""generator"":""uniform"",""dataset"":""uniform_t__nr100000__ns100000__a1_000ep00__g1"",""n_r"":100000,""n_s"":100000,""has_exact_k"":false,""k_target"":0,""k_achieved"":0,""alpha_target"":1,""alpha_achieved"":nan,""notes"":""w_min_r=0.005, w_max_r=0.02, w_min_s=0.005, w_max_s=0.02, same_size_all_dims=0""}"
uniform_t__nr100000__ns100000__a1_000ep00__g1,uniform,1,100000,100000,sirs,adaptive,3000,1,2,1,583.99,6.33447e+06,1,0,1,0,fallback_sampling,1000001,"{""build_ms"":121.819818,""count_ms"":360.967764,""run_build_ms"":121.820358,""run_fallback_count_ms"":360.970414,""run_fallback_sample_ms"":19.890017,""run_pilot_enum_prepare_ms"":0.000490,""run_pilot_enum_scan_ms"":81.291730,""sample_ms"":19.888677,""sirs_build_index_ms"":121.819028,""sirs_build_kd_ms"":11.192703,""sirs_embed_inner_ms"":55.961035,""sirs_rank_axes_ms"":54.659531}",,"{""dataset"":{""source"":""synthetic"",""name"":""uniform_t__nr100000__ns100000__a1_000ep00__g1"",""dim"":2,""path_r"":"""",""path_s"":"""",""synthetic"":{""generator"":""uniform"",""n_r"":100000,""n_s"":100000,""alpha"":1,""seed"":1}},""run"":{""method"":""sirs"",""variant"":""adaptive"",""t"":3000,""seed"":1,""repeats"":3,""j_star"":1000000,""enum_cap"":0,""write_samples"":false,""verify"":false},""output"":{""out_dir"":""run/temp/exp5/uniform_t"",""run_tag"":""exp5_uniform_t""},""sys"":{""threads"":1},""logging"":{""level"":""INFO"",""with_timestamp"":true,""with_thread_id"":false}}","{""generator"":""uniform"",""dataset"":""uniform_t__nr100000__ns100000__a1_000ep00__g1"",""n_r"":100000,""n_s"":100000,""has_exact_k"":false,""k_target"":0,""k_achieved"":0,""alpha_target"":1,""alpha_achieved"":nan,""notes"":""w_min_r=0.005, w_max_r=0.02, w_min_s=0.005, w_max_s=0.02, same_size_all_dims=0""}"
uniform_t__nr100000__ns100000__a1_000ep00__g1,uniform,1,100000,100000,sirs,adaptive,3000,2,3,1,580.558,6.33447e+06,1,0,1,0,fallback_sampling,1000001,"{""build_ms"":121.946975,""count_ms"":357.670771,""run_build_ms"":121.947455,""run_fallback_count_ms"":357.672881,""run_fallback_sample_ms"":19.679671,""run_pilot_enum_prepare_ms"":0.000370,""run_pilot_enum_scan_ms"":81.239911,""sample_ms"":19.678291,""sirs_build_index_ms"":121.945915,""sirs_build_kd_ms"":11.211583,""sirs_embed_inner_ms"":56.002373,""sirs_rank_axes_ms"":54.726069}",,"{""dataset"":{""source"":""synthetic"",""name"":""uniform_t__nr100000__ns100000__a1_000ep00__g1"",""dim"":2,""path_r"":"""",""path_s"":"""",""synthetic"":{""generator"":""uniform"",""n_r"":100000,""n_s"":100000,""alpha"":1,""seed"":1}},""run"":{""method"":""sirs"",""variant"":""adaptive"",""t"":3000,""seed"":1,""repeats"":3,""j_star"":1000000,""enum_cap"":0,""write_samples"":false,""verify"":false},""output"":{""out_dir"":""run/temp/exp5/uniform_t"",""run_tag"":""exp5_uniform_t""},""sys"":{""threads"":1},""logging"":{""level"":""INFO"",""with_timestamp"":true,""with_thread_id"":false}}","{""generator"":""uniform"",""dataset"":""uniform_t__nr100000__ns100000__a1_000ep00__g1"",""n_r"":100000,""n_s"":100000,""has_exact_k"":false,""k_target"":0,""k_achieved"":0,""alpha_target"":1,""alpha_achieved"":nan,""notes"":""w_min_r=0.005, w_max_r=0.02, w_min_s=0.005, w_max_s=0.02, same_size_all_dims=0""}"
uniform_t__nr100000__ns100000__a1_000ep00__g1,uniform,1,100000,100000,rejection,sampling,3000,0,1,0,-1,-1,0,0,0,0,,0,{},SKIPPED: rejection+sampling is disabled in sjs_sweep; use variant=adaptive.,"{""dataset"":{""source"":""synthetic"",""name"":""uniform_t__nr100000__ns100000__a1_000ep00__g1"",""dim"":2,""path_r"":"""",""path_s"":"""",""synthetic"":{""generator"":""uniform"",""n_r"":100000,""n_s"":100000,""alpha"":1,""seed"":1}},""run"":{""method"":""rejection"",""variant"":""sampling"",""t"":3000,""seed"":1,""repeats"":3,""j_star"":1000000,""enum_cap"":0,""write_samples"":false,""verify"":false},""output"":{""out_dir"":""run/temp/exp5/uniform_t"",""run_tag"":""exp5_uniform_t""},""sys"":{""threads"":1},""logging"":{""level"":""INFO"",""with_timestamp"":true,""with_thread_id"":false}}","{""generator"":""uniform"",""dataset"":""uniform_t__nr100000__ns100000__a1_000ep00__g1"",""n_r"":100000,""n_s"":100000,""has_exact_k"":false,""k_target"":0,""k_achieved"":0,""alpha_target"":1,""alpha_achieved"":nan,""notes"":""w_min_r=0.005, w_max_r=0.02, w_min_s=0.005, w_max_s=0.02, same_size_all_dims=0""}"
uniform_t__nr100000__ns100000__a1_000ep00__g1,uniform,1,100000,100000,rejection,sampling,3000,1,2,0,-1,-1,0,0,0,0,,0,{},SKIPPED: rejection+sampling is disabled in sjs_sweep; use variant=adaptive.,"{""dataset"":{""source"":""synthetic"",""name"":""uniform_t__nr100000__ns100000__a1_000ep00__g1"",""dim"":2,""path_r"":"""",""path_s"":"""",""synthetic"":{""generator"":""uniform"",""n_r"":100000,""n_s"":100000,""alpha"":1,""seed"":1}},""run"":{""method"":""rejection"",""variant"":""sampling"",""t"":3000,""seed"":1,""repeats"":3,""j_star"":1000000,""enum_cap"":0,""write_samples"":false,""verify"":false},""output"":{""out_dir"":""run/temp/exp5/uniform_t"",""run_tag"":""exp5_uniform_t""},""sys"":{""threads"":1},""logging"":{""level"":""INFO"",""with_timestamp"":true,""with_thread_id"":false}}","{""generator"":""uniform"",""dataset"":""uniform_t__nr100000__ns100000__a1_000ep00__g1"",""n_r"":100000,""n_s"":100000,""has_exact_k"":false,""k_target"":0,""k_achieved"":0,""alpha_target"":1,""alpha_achieved"":nan,""notes"":""w_min_r=0.005, w_max_r=0.02, w_min_s=0.005, w_max_s=0.02, same_size_all_dims=0""}"
uniform_t__nr100000__ns100000__a1_000ep00__g1,uniform,1,100000,100000,rejection,sampling,3000,2,3,0,-1,-1,0,0,0,0,,0,{},SKIPPED: rejection+sampling is disabled in sjs_sweep; use variant=adaptive.,"{""dataset"":{""source"":""synthetic"",""name"":""uniform_t__nr100000__ns100000__a1_000ep00__g1"",""dim"":2,""path_r"":"""",""path_s"":"""",""synthetic"":{""generator"":""uniform"",""n_r"":100000,""n_s"":100000,""alpha"":1,""seed"":1}},""run"":{""method"":""rejection"",""variant"":""sampling"",""t"":3000,""seed"":1,""repeats"":3,""j_star"":1000000,""enum_cap"":0,""write_samples"":false,""verify"":false},""output"":{""out_dir"":""run/temp/exp5/uniform_t"",""run_tag"":""exp5_uniform_t""},""sys"":{""threads"":1},""logging"":{""level"":""INFO"",""with_timestamp"":true,""with_thread_id"":false}}","{""generator"":""uniform"",""dataset"":""uniform_t__nr100000__ns100000__a1_000ep00__g1"",""n_r"":100000,""n_s"":100000,""has_exact_k"":false,""k_target"":0,""k_achieved"":0,""alpha_target"":1,""alpha_achieved"":nan,""notes"":""w_min_r=0.005, w_max_r=0.02, w_min_s=0.005, w_max_s=0.02, same_size_all_dims=0""}"
uniform_t__nr100000__ns100000__a1_000ep00__g1,uniform,1,100000,100000,rejection,adaptive,3000,0,1,1,228.505,6.33516e+06,0,0,1,0,fallback_sampling,1000001,"{""adaptive_phase1_ms"":51.824329,""adaptive_sample_ms"":1.439690,""build_ms"":130.805495,""build_M_ms"":0.123487,""build_cellmap_ms"":14.825839,""build_mu_alias_ms"":115.589745,""build_slab_index_ms"":0.259164,""count_pilot_ms"":9.019188,""run_build_ms"":130.806855,""run_fallback_count_ms"":51.825649,""run_fallback_sample_ms"":1.440960,""run_pilot_enum_prepare_ms"":0.002180,""run_pilot_enum_scan_ms"":44.419518}",,"{""dataset"":{""source"":""synthetic"",""name"":""uniform_t__nr100000__ns100000__a1_000ep00__g1"",""dim"":2,""path_r"":"""",""path_s"":"""",""synthetic"":{""generator"":""uniform"",""n_r"":100000,""n_s"":100000,""alpha"":1,""seed"":1}},""run"":{""method"":""rejection"",""variant"":""adaptive"",""t"":3000,""seed"":1,""repeats"":3,""j_star"":1000000,""enum_cap"":0,""write_samples"":false,""verify"":false},""output"":{""out_dir"":""run/temp/exp5/uniform_t"",""run_tag"":""exp5_uniform_t""},""sys"":{""threads"":1},""logging"":{""level"":""INFO"",""with_timestamp"":true,""with_thread_id"":false}}","{""generator"":""uniform"",""dataset"":""uniform_t__nr100000__ns100000__a1_000ep00__g1"",""n_r"":100000,""n_s"":100000,""has_exact_k"":false,""k_target"":0,""k_achieved"":0,""alpha_target"":1,""alpha_achieved"":nan,""notes"":""w_min_r=0.005, w_max_r=0.02, w_min_s=0.005, w_max_s=0.02, same_size_all_dims=0""}"
uniform_t__nr100000__ns100000__a1_000ep00__g1,uniform,1,100000,100000,rejection,adaptive,3000,1,2,1,236.089,6.35788e+06,0,0,1,0,fallback_sampling,1000001,"{""adaptive_phase1_ms"":51.673922,""adaptive_sample_ms"":1.447901,""build_ms"":127.477333,""build_M_ms"":0.107798,""build_cellmap_ms"":14.911398,""build_mu_alias_ms"":112.181964,""build_slab_index_ms"":0.262875,""count_pilot_ms"":8.883750,""run_build_ms"":127.534832,""run_fallback_count_ms"":51.675591,""run_fallback_sample_ms"":1.449021,""run_pilot_enum_prepare_ms"":0.001980,""run_pilot_enum_scan_ms"":44.435748}",,"{""dataset"":{""source"":""synthetic"",""name"":""uniform_t__nr100000__ns100000__a1_000ep00__g1"",""dim"":2,""path_r"":"""",""path_s"":"""",""synthetic"":{""generator"":""uniform"",""n_r"":100000,""n_s"":100000,""alpha"":1,""seed"":1}},""run"":{""method"":""rejection"",""variant"":""adaptive"",""t"":3000,""seed"":1,""repeats"":3,""j_star"":1000000,""enum_cap"":0,""write_samples"":false,""verify"":false},""output"":{""out_dir"":""run/temp/exp5/uniform_t"",""run_tag"":""exp5_uniform_t""},""sys"":{""threads"":1},""logging"":{""level"":""INFO"",""with_timestamp"":true,""with_thread_id"":false}}","{""generator"":""uniform"",""dataset"":""uniform_t__nr100000__ns100000__a1_000ep00__g1"",""n_r"":100000,""n_s"":100000,""has_exact_k"":false,""k_target"":0,""k_achieved"":0,""alpha_target"":1,""alpha_achieved"":nan,""notes"":""w_min_r=0.005, w_max_r=0.02, w_min_s=0.005, w_max_s=0.02, same_size_all_dims=0""}"
uniform_t__nr100000__ns100000__a1_000ep00__g1,uniform,1,100000,100000,rejection,adaptive,3000,2,3,1,234.354,6.35092e+06,0,0,1,0,fallback_sampling,1000001,"{""adaptive_phase1_ms"":52.317998,""adaptive_sample_ms"":1.424331,""build_ms"":127.525172,""build_M_ms"":0.107778,""build_cellmap_ms"":14.817409,""build_mu_alias_ms"":112.329381,""build_slab_index_ms"":0.259085,""count_pilot_ms"":9.199733,""run_build_ms"":127.580771,""run_fallback_count_ms"":52.319698,""run_fallback_sample_ms"":1.425211,""run_pilot_enum_prepare_ms"":0.002030,""run_pilot_enum_scan_ms"":44.514316}",,"{""dataset"":{""source"":""synthetic"",""name"":""uniform_t__nr100000__ns100000__a1_000ep00__g1"",""dim"":2,""path_r"":"""",""path_s"":"""",""synthetic"":{""generator"":""uniform"",""n_r"":100000,""n_s"":100000,""alpha"":1,""seed"":1}},""run"":{""method"":""rejection"",""variant"":""adaptive"",""t"":3000,""seed"":1,""repeats"":3,""j_star"":1000000,""enum_cap"":0,""write_samples"":false,""verify"":false},""output"":{""out_dir"":""run/temp/exp5/uniform_t"",""run_tag"":""exp5_uniform_t""},""sys"":{""threads"":1},""logging"":{""level"":""INFO"",""with_timestamp"":true,""with_thread_id"":false}}","{""generator"":""uniform"",""dataset"":""uniform_t__nr100000__ns100000__a1_000ep00__g1"",""n_r"":100000,""n_s"":100000,""has_exact_k"":false,""k_target"":0,""k_achieved"":0,""alpha_target"":1,""alpha_achieved"":nan,""notes"":""w_min_r=0.005, w_max_r=0.02, w_min_s=0.005, w_max_s=0.02, same_size_all_dims=0""}"
uniform_t__nr100000__ns100000__a1_000ep00__g1,uniform,1,100000,100000,ours,sampling,10000,0,1,1,548.128,6.33447e+06,1,0,0,0,,0,"{""build_active_indices_ms"":5.570497,""build_events_ms"":34.517840,""build_ranks_ms"":43.840650,""build_y_domain_ms"":13.968467,""phase1_count_ms"":268.059230,""phase2_plan_ms"":6.283863,""phase3_sample_ms"":174.090507,""run_build_ms"":99.677767,""run_count_ms"":268.062950,""run_sample_ms"":180.383060}",,"{""dataset"":{""source"":""synthetic"",""name"":""uniform_t__nr100000__ns100000__a1_000ep00__g1"",""dim"":2,""path_r"":"""",""path_s"":"""",""synthetic"":{""generator"":""uniform"",""n_r"":100000,""n_s"":100000,""alpha"":1,""seed"":1}},""run"":{""method"":""ours"",""variant"":""sampling"",""t"":10000,""seed"":1,""repeats"":3,""j_star"":1000000,""enum_cap"":0,""write_samples"":false,""verify"":false},""output"":{""out_dir"":""run/temp/exp5/uniform_t"",""run_tag"":""exp5_uniform_t""},""sys"":{""threads"":1},""logging"":{""level"":""INFO"",""with_timestamp"":true,""with_thread_id"":false}}","{""generator"":""uniform"",""dataset"":""uniform_t__nr100000__ns100000__a1_000ep00__g1"",""n_r"":100000,""n_s"":100000,""has_exact_k"":false,""k_target"":0,""k_achieved"":0,""alpha_target"":1,""alpha_achieved"":nan,""notes"":""w_min_r=0.005, w_max_r=0.02, w_min_s=0.005, w_max_s=0.02, same_size_all_dims=0""}"
uniform_t__nr100000__ns100000__a1_000ep00__g1,uniform,1,100000,100000,ours,sampling,10000,1,2,1,614.569,6.33447e+06,1,0,0,0,,0,"{""build_active_indices_ms"":5.438130,""build_events_ms"":65.769234,""build_ranks_ms"":43.828260,""build_y_domain_ms"":13.982327,""phase1_count_ms"":268.421623,""phase2_plan_ms"":6.269233,""phase3_sample_ms"":171.013640,""run_build_ms"":130.788355,""run_count_ms"":268.424763,""run_sample_ms"":177.292632}",,"{""dataset"":{""source"":""synthetic"",""name"":""uniform_t__nr100000__ns100000__a1_000ep00__g1"",""dim"":2,""path_r"":"""",""path_s"":"""",""synthetic"":{""generator"":""uniform"",""n_r"":100000,""n_s"":100000,""alpha"":1,""seed"":1}},""run"":{""method"":""ours"",""variant"":""sampling"",""t"":10000,""seed"":1,""repeats"":3,""j_star"":1000000,""enum_cap"":0,""write_samples"":false,""verify"":false},""output"":{""out_dir"":""run/temp/exp5/uniform_t"",""run_tag"":""exp5_uniform_t""},""sys"":{""threads"":1},""logging"":{""level"":""INFO"",""with_timestamp"":true,""with_thread_id"":false}}","{""generator"":""uniform"",""dataset"":""uniform_t__nr100000__ns100000__a1_000ep00__g1"",""n_r"":100000,""n_s"":100000,""has_exact_k"":false,""k_target"":0,""k_achieved"":0,""alpha_target"":1,""alpha_achieved"":nan,""notes"":""w_min_r=0.005, w_max_r=0.02, w_min_s=0.005, w_max_s=0.02, same_size_all_dims=0""}"
uniform_t__nr100000__ns100000__a1_000ep00__g1,uniform,1,100000,100000,ours,sampling,10000,2,3,1,612.258,6.33447e+06,1,0,0,0,,0,"{""build_active_indices_ms"":5.431650,""build_events_ms"":58.529622,""build_ranks_ms"":43.833470,""build_y_domain_ms"":13.976306,""phase1_count_ms"":270.841824,""phase2_plan_ms"":6.282192,""phase3_sample_ms"":169.955861,""run_build_ms"":123.567433,""run_count_ms"":270.845064,""run_sample_ms"":176.246713}",,"{""dataset"":{""source"":""synthetic"",""name"":""uniform_t__nr100000__ns100000__a1_000ep00__g1"",""dim"":2,""path_r"":"""",""path_s"":"""",""synthetic"":{""generator"":""uniform"",""n_r"":100000,""n_s"":100000,""alpha"":1,""seed"":1}},""run"":{""method"":""ours"",""variant"":""sampling"",""t"":10000,""seed"":1,""repeats"":3,""j_star"":1000000,""enum_cap"":0,""write_samples"":false,""verify"":false},""output"":{""out_dir"":""run/temp/exp5/uniform_t"",""run_tag"":""exp5_uniform_t""},""sys"":{""threads"":1},""logging"":{""level"":""INFO"",""with_timestamp"":true,""with_thread_id"":false}}","{""generator"":""uniform"",""dataset"":""uniform_t__nr100000__ns100000__a1_000ep00__g1"",""n_r"":100000,""n_s"":100000,""has_exact_k"":false,""k_target"":0,""k_achieved"":0,""alpha_target"":1,""alpha_achieved"":nan,""notes"":""w_min_r=0.005, w_max_r=0.02, w_min_s=0.005, w_max_s=0.02, same_size_all_dims=0""}"
uniform_t__nr100000__ns100000__a1_000ep00__g1,uniform,1,100000,100000,ours,adaptive,10000,0,1,1,619.716,6.33447e+06,1,0,1,0,fallback_sampling,1000001,"{""build_active_indices_ms"":5.573596,""build_events_ms"":34.500080,""build_ranks_ms"":43.924109,""build_y_domain_ms"":13.975587,""phase1_count_adaptive_ms"":269.142909,""phase2_plan_ms"":6.294952,""phase3_sample_ms"":174.226124,""run_build_ms"":99.746586,""run_fallback_count_ms"":269.147438,""run_fallback_sample_ms"":180.533906,""run_pilot_enum_prepare_ms"":1.529019,""run_pilot_enum_scan_ms"":68.745485,""sample_ms"":180.532146}",,"{""dataset"":{""source"":""synthetic"",""name"":""uniform_t__nr100000__ns100000__a1_000ep00__g1"",""dim"":2,""path_r"":"""",""path_s"":"""",""synthetic"":{""generator"":""uniform"",""n_r"":100000,""n_s"":100000,""alpha"":1,""seed"":1}},""run"":{""method"":""ours"",""variant"":""adaptive"",""t"":10000,""seed"":1,""repeats"":3,""j_star"":1000000,""enum_cap"":0,""write_samples"":false,""verify"":false},""output"":{""out_dir"":""run/temp/exp5/uniform_t"",""run_tag"":""exp5_uniform_t""},""sys"":{""threads"":1},""logging"":{""level"":""INFO"",""with_timestamp"":true,""with_thread_id"":false}}","{""generator"":""uniform"",""dataset"":""uniform_t__nr100000__ns100000__a1_000ep00__g1"",""n_r"":100000,""n_s"":100000,""has_exact_k"":false,""k_target"":0,""k_achieved"":0,""alpha_target"":1,""alpha_achieved"":nan,""notes"":""w_min_r=0.005, w_max_r=0.02, w_min_s=0.005, w_max_s=0.02, same_size_all_dims=0""}"
uniform_t__nr100000__ns100000__a1_000ep00__g1,uniform,1,100000,100000,ours,adaptive,10000,1,2,1,684.991,6.33447e+06,1,0,1,0,fallback_sampling,1000001,"{""build_active_indices_ms"":5.454969,""build_events_ms"":58.222728,""build_ranks_ms"":43.967558,""build_y_domain_ms"":13.985516,""phase1_count_adaptive_ms"":272.378453,""phase2_plan_ms"":6.293572,""phase3_sample_ms"":171.719736,""run_build_ms"":123.426426,""run_fallback_count_ms"":272.382213,""run_fallback_sample_ms"":178.024308,""run_pilot_enum_prepare_ms"":1.506269,""run_pilot_enum_scan_ms"":68.074678,""sample_ms"":178.022748}",,"{""dataset"":{""source"":""synthetic"",""name"":""uniform_t__nr100000__ns100000__a1_000ep00__g1"",""dim"":2,""path_r"":"""",""path_s"":"""",""synthetic"":{""generator"":""uniform"",""n_r"":100000,""n_s"":100000,""alpha"":1,""seed"":1}},""run"":{""method"":""ours"",""variant"":""adaptive"",""t"":10000,""seed"":1,""repeats"":3,""j_star"":1000000,""enum_cap"":0,""write_samples"":false,""verify"":false},""output"":{""out_dir"":""run/temp/exp5/uniform_t"",""run_tag"":""exp5_uniform_t""},""sys"":{""threads"":1},""logging"":{""level"":""INFO"",""with_timestamp"":true,""with_thread_id"":false}}","{""generator"":""uniform"",""dataset"":""uniform_t__nr100000__ns100000__a1_000ep00__g1"",""n_r"":100000,""n_s"":100000,""has_exact_k"":false,""k_target"":0,""k_achieved"":0,""alpha_target"":1,""alpha_achieved"":nan,""notes"":""w_min_r=0.005, w_max_r=0.02, w_min_s=0.005, w_max_s=0.02, same_size_all_dims=0""}"
uniform_t__nr100000__ns100000__a1_000ep00__g1,uniform,1,100000,100000,ours,adaptive,10000,2,3,1,689.641,6.33447e+06,1,0,1,0,fallback_sampling,1000001,"{""build_active_indices_ms"":5.477729,""build_events_ms"":65.850204,""build_ranks_ms"":43.931779,""build_y_domain_ms"":13.984336,""phase1_count_adaptive_ms"":272.467341,""phase2_plan_ms"":6.273512,""phase3_sample_ms"":171.925331,""run_build_ms"":131.027702,""run_fallback_count_ms"":272.470761,""run_fallback_sample_ms"":178.209203,""run_pilot_enum_prepare_ms"":1.535869,""run_pilot_enum_scan_ms"":68.295894,""sample_ms"":178.207993}",,"{""dataset"":{""source"":""synthetic"",""name"":""uniform_t__nr100000__ns100000__a1_000ep00__g1"",""dim"":2,""path_r"":"""",""path_s"":"""",""synthetic"":{""generator"":""uniform"",""n_r"":100000,""n_s"":100000,""alpha"":1,""seed"":1}},""run"":{""method"":""ours"",""variant"":""adaptive"",""t"":10000,""seed"":1,""repeats"":3,""j_star"":1000000,""enum_cap"":0,""write_samples"":false,""verify"":false},""output"":{""out_dir"":""run/temp/exp5/uniform_t"",""run_tag"":""exp5_uniform_t""},""sys"":{""threads"":1},""logging"":{""level"":""INFO"",""with_timestamp"":true,""with_thread_id"":false}}","{""generator"":""uniform"",""dataset"":""uniform_t__nr100000__ns100000__a1_000ep00__g1"",""n_r"":100000,""n_s"":100000,""has_exact_k"":false,""k_target"":0,""k_achieved"":0,""alpha_target"":1,""alpha_achieved"":nan,""notes"":""w_min_r=0.005, w_max_r=0.02, w_min_s=0.005, w_max_s=0.02, same_size_all_dims=0""}"
uniform_t__nr100000__ns100000__a1_000ep00__g1,uniform,1,100000,100000,aabb,sampling,10000,0,1,1,421.703,6.33447e+06,1,0,0,0,,0,"{""build_ms"":36.140877,""phase1_count_ms"":280.651975,""phase2_assign_ms"":6.376141,""phase3_sample_ms"":98.518881,""run_build_ms"":36.142567,""run_count_ms"":280.655335,""run_sample_ms"":104.902801}",,"{""dataset"":{""source"":""synthetic"",""name"":""uniform_t__nr100000__ns100000__a1_000ep00__g1"",""dim"":2,""path_r"":"""",""path_s"":"""",""synthetic"":{""generator"":""uniform"",""n_r"":100000,""n_s"":100000,""alpha"":1,""seed"":1}},""run"":{""method"":""aabb"",""variant"":""sampling"",""t"":10000,""seed"":1,""repeats"":3,""j_star"":1000000,""enum_cap"":0,""write_samples"":false,""verify"":false},""output"":{""out_dir"":""run/temp/exp5/uniform_t"",""run_tag"":""exp5_uniform_t""},""sys"":{""threads"":1},""logging"":{""level"":""INFO"",""with_timestamp"":true,""with_thread_id"":false}}","{""generator"":""uniform"",""dataset"":""uniform_t__nr100000__ns100000__a1_000ep00__g1"",""n_r"":100000,""n_s"":100000,""has_exact_k"":false,""k_target"":0,""k_achieved"":0,""alpha_target"":1,""alpha_achieved"":nan,""notes"":""w_min_r=0.005, w_max_r=0.02, w_min_s=0.005, w_max_s=0.02, same_size_all_dims=0""}"
uniform_t__nr100000__ns100000__a1_000ep00__g1,uniform,1,100000,100000,aabb,sampling,10000,1,2,1,424.348,6.33447e+06,1,0,0,0,,0,"{""build_ms"":36.172326,""phase1_count_ms"":283.440719,""phase2_assign_ms"":6.378181,""phase3_sample_ms"":98.344645,""run_build_ms"":36.173126,""run_count_ms"":283.443179,""run_sample_ms"":104.729905}",,"{""dataset"":{""source"":""synthetic"",""name"":""uniform_t__nr100000__ns100000__a1_000ep00__g1"",""dim"":2,""path_r"":"""",""path_s"":"""",""synthetic"":{""generator"":""uniform"",""n_r"":100000,""n_s"":100000,""alpha"":1,""seed"":1}},""run"":{""method"":""aabb"",""variant"":""sampling"",""t"":10000,""seed"":1,""repeats"":3,""j_star"":1000000,""enum_cap"":0,""write_samples"":false,""verify"":false},""output"":{""out_dir"":""run/temp/exp5/uniform_t"",""run_tag"":""exp5_uniform_t""},""sys"":{""threads"":1},""logging"":{""level"":""INFO"",""with_timestamp"":true,""with_thread_id"":false}}","{""generator"":""uniform"",""dataset"":""uniform_t__nr100000__ns100000__a1_000ep00__g1"",""n_r"":100000,""n_s"":100000,""has_exact_k"":false,""k_target"":0,""k_achieved"":0,""alpha_target"":1,""alpha_achieved"":nan,""notes"":""w_min_r=0.005, w_max_r=0.02, w_min_s=0.005, w_max_s=0.02, same_size_all_dims=0""}"
uniform_t__nr100000__ns100000__a1_000ep00__g1,uniform,1,100000,100000,aabb,sampling,10000,2,3,1,421.592,6.33447e+06,1,0,0,0,,0,"{""build_ms"":36.149887,""phase1_count_ms"":280.812711,""phase2_assign_ms"":6.351641,""phase3_sample_ms"":98.265407,""run_build_ms"":36.151447,""run_count_ms"":280.814742,""run_sample_ms"":104.624037}",,"{""dataset"":{""source"":""synthetic"",""name"":""uniform_t__nr100000__ns100000__a1_000ep00__g1"",""dim"":2,""path_r"":"""",""path_s"":"""",""synthetic"":{""generator"":""uniform"",""n_r"":100000,""n_s"":100000,""alpha"":1,""seed"":1}},""run"":{""method"":""aabb"",""variant"":""sampling"",""t"":10000,""seed"":1,""repeats"":3,""j_star"":1000000,""enum_cap"":0,""write_samples"":false,""verify"":false},""output"":{""out_dir"":""run/temp/exp5/uniform_t"",""run_tag"":""exp5_uniform_t""},""sys"":{""threads"":1},""logging"":{""level"":""INFO"",""with_timestamp"":true,""with_thread_id"":false}}","{""generator"":""uniform"",""dataset"":""uniform_t__nr100000__ns100000__a1_000ep00__g1"",""n_r"":100000,""n_s"":100000,""has_exact_k"":false,""k_target"":0,""k_achieved"":0,""alpha_target"":1,""alpha_achieved"":nan,""notes"":""w_min_r=0.005, w_max_r=0.02, w_min_s=0.005, w_max_s=0.02, same_size_all_dims=0""}"
uniform_t__nr100000__ns100000__a1_000ep00__g1,uniform,1,100000,100000,aabb,adaptive,10000,0,1,1,567.462,6.33447e+06,1,0,1,0,fallback_sampling,1000001,"{""build_ms"":36.147767,""enumerate_prepare_ms"":34.592399,""phase1_count_ms"":308.058039,""phase2_assign_ms"":6.410600,""phase3_sample_ms"":96.644418,""run_build_ms"":36.148656,""run_fallback_count_ms"":308.060559,""run_fallback_sample_ms"":103.063538,""run_pilot_enum_prepare_ms"":34.594767,""run_pilot_enum_scan_ms"":85.582003}",,"{""dataset"":{""source"":""synthetic"",""name"":""uniform_t__nr100000__ns100000__a1_000ep00__g1"",""dim"":2,""path_r"":"""",""path_s"":"""",""synthetic"":{""generator"":""uniform"",""n_r"":100000,""n_s"":100000,""alpha"":1,""seed"":1}},""run"":{""method"":""aabb"",""variant"":""adaptive"",""t"":10000,""seed"":1,""repeats"":3,""j_star"":1000000,""enum_cap"":0,""write_samples"":false,""verify"":false},""output"":{""out_dir"":""run/temp/exp5/uniform_t"",""run_tag"":""exp5_uniform_t""},""sys"":{""threads"":1},""logging"":{""level"":""INFO"",""with_timestamp"":true,""with_thread_id"":false}}","{""generator"":""uniform"",""dataset"":""uniform_t__nr100000__ns100000__a1_000ep00__g1"",""n_r"":100000,""n_s"":100000,""has_exact_k"":false,""k_target"":0,""k_achieved"":0,""alpha_target"":1,""alpha_achieved"":nan,""notes"":""w_min_r=0.005, w_max_r=0.02, w_min_s=0.005, w_max_s=0.02, same_size_all_dims=0""}"
uniform_t__nr100000__ns100000__a1_000ep00__g1,uniform,1,100000,100000,aabb,adaptive,10000,1,2,1,564.899,6.33447e+06,1,0,1,0,fallback_sampling,1000001,"{""build_ms"":36.155327,""enumerate_prepare_ms"":34.568030,""phase1_count_ms"":305.670198,""phase2_assign_ms"":6.344081,""phase3_sample_ms"":96.775206,""run_build_ms"":36.156796,""run_fallback_count_ms"":305.672578,""run_fallback_sample_ms"":103.127957,""run_pilot_enum_prepare_ms"":34.570819,""run_pilot_enum_scan_ms"":85.356857}",,"{""dataset"":{""source"":""synthetic"",""name"":""uniform_t__nr100000__ns100000__a1_000ep00__g1"",""dim"":2,""path_r"":"""",""path_s"":"""",""synthetic"":{""generator"":""uniform"",""n_r"":100000,""n_s"":100000,""alpha"":1,""seed"":1}},""run"":{""method"":""aabb"",""variant"":""adaptive"",""t"":10000,""seed"":1,""repeats"":3,""j_star"":1000000,""enum_cap"":0,""write_samples"":false,""verify"":false},""output"":{""out_dir"":""run/temp/exp5/uniform_t"",""run_tag"":""exp5_uniform_t""},""sys"":{""threads"":1},""logging"":{""level"":""INFO"",""with_timestamp"":true,""with_thread_id"":false}}","{""generator"":""uniform"",""dataset"":""uniform_t__nr100000__ns100000__a1_000ep00__g1"",""n_r"":100000,""n_s"":100000,""has_exact_k"":false,""k_target"":0,""k_achieved"":0,""alpha_target"":1,""alpha_achieved"":nan,""notes"":""w_min_r=0.005, w_max_r=0.02, w_min_s=0.005, w_max_s=0.02, same_size_all_dims=0""}"
uniform_t__nr100000__ns100000__a1_000ep00__g1,uniform,1,100000,100000,aabb,adaptive,10000,2,3,1,567.903,6.33447e+06,1,0,1,0,fallback_sampling,1000001,"{""build_ms"":36.189726,""enumerate_prepare_ms"":34.582108,""phase1_count_ms"":305.609549,""phase2_assign_ms"":6.378771,""phase3_sample_ms"":96.681189,""run_build_ms"":36.191166,""run_fallback_count_ms"":305.611910,""run_fallback_sample_ms"":103.067979,""run_pilot_enum_prepare_ms"":34.584038,""run_pilot_enum_scan_ms"":88.430126}",,"{""dataset"":{""source"":""synthetic"",""name"":""uniform_t__nr100000__ns100000__a1_000ep00__g1"",""dim"":2,""path_r"":"""",""path_s"":"""",""synthetic"":{""generator"":""uniform"",""n_r"":100000,""n_s"":100000,""alpha"":1,""seed"":1}},""run"":{""method"":""aabb"",""variant"":""adaptive"",""t"":10000,""seed"":1,""repeats"":3,""j_star"":1000000,""enum_cap"":0,""write_samples"":false,""verify"":false},""output"":{""out_dir"":""run/temp/exp5/uniform_t"",""run_tag"":""exp5_uniform_t""},""sys"":{""threads"":1},""logging"":{""level"":""INFO"",""with_timestamp"":true,""with_thread_id"":false}}","{""generator"":""uniform"",""dataset"":""uniform_t__nr100000__ns100000__a1_000ep00__g1"",""n_r"":100000,""n_s"":100000,""has_exact_k"":false,""k_target"":0,""k_achieved"":0,""alpha_target"":1,""alpha_achieved"":nan,""notes"":""w_min_r=0.005, w_max_r=0.02, w_min_s=0.005, w_max_s=0.02, same_size_all_dims=0""}"
uniform_t__nr100000__ns100000__a1_000ep00__g1,uniform,1,100000,100000,interval_tree,sampling,10000,0,1,1,1033.35,6.33447e+06,1,0,0,0,,0,"{""build_ms"":141.297452,""build_active_ms"":23.492092,""build_events_ms"":37.828512,""build_start_ids_ms"":1.562438,""build_y_endpoints_ms"":28.110830,""build_y_indices_ms"":50.295139,""phase1_count_ms"":556.429721,""phase2_slots_ms"":6.854191,""phase3_resweep_ms"":328.757130,""run_build_ms"":141.298242,""run_count_ms"":556.432390,""run_sample_ms"":335.618120}",,"{""dataset"":{""source"":""synthetic"",""name"":""uniform_t__nr100000__ns100000__a1_000ep00__g1"",""dim"":2,""path_r"":"""",""path_s"":"""",""synthetic"":{""generator"":""uniform"",""n_r"":100000,""n_s"":100000,""alpha"":1,""seed"":1}},""run"":{""method"":""interval_tree"",""variant"":""sampling"",""t"":10000,""seed"":1,""repeats"":3,""j_star"":1000000,""enum_cap"":0,""write_samples"":false,""verify"":false},""output"":{""out_dir"":""run/temp/exp5/uniform_t"",""run_tag"":""exp5_uniform_t""},""sys"":{""threads"":1},""logging"":{""level"":""INFO"",""with_timestamp"":true,""with_thread_id"":false}}","{""generator"":""uniform"",""dataset"":""uniform_t__nr100000__ns100000__a1_000ep00__g1"",""n_r"":100000,""n_s"":100000,""has_exact_k"":false,""k_target"":0,""k_achieved"":0,""alpha_target"":1,""alpha_achieved"":nan,""notes"":""w_min_r=0.005, w_max_r=0.02, w_min_s=0.005, w_max_s=0.02, same_size_all_dims=0""}"
uniform_t__nr100000__ns100000__a1_000ep00__g1,uniform,1,100000,100000,interval_tree,sampling,10000,1,2,1,1108.54,6.33447e+06,1,0,0,0,,0,"{""build_ms"":177.279673,""build_active_ms"":23.483914,""build_events_ms"":73.697525,""build_start_ids_ms"":1.575238,""build_y_endpoints_ms"":28.111380,""build_y_indices_ms"":50.403148,""phase1_count_ms"":552.949351,""phase2_slots_ms"":6.871270,""phase3_resweep_ms"":332.010974,""run_build_ms"":177.280573,""run_count_ms"":552.951461,""run_sample_ms"":338.889764}",,"{""dataset"":{""source"":""synthetic"",""name"":""uniform_t__nr100000__ns100000__a1_000ep00__g1"",""dim"":2,""path_r"":"""",""path_s"":"""",""synthetic"":{""generator"":""uniform"",""n_r"":100000,""n_s"":100000,""alpha"":1,""seed"":1}},""run"":{""method"":""interval_tree"",""variant"":""sampling"",""t"":10000,""seed"":1,""repeats"":3,""j_star"":1000000,""enum_cap"":0,""write_samples"":false,""verify"":false},""output"":{""out_dir"":""run/temp/exp5/uniform_t"",""run_tag"":""exp5_uniform_t""},""sys"":{""threads"":1},""logging"":{""level"":""INFO"",""with_timestamp"":true,""with_thread_id"":false}}","{""generator"":""uniform"",""dataset"":""uniform_t__nr100000__ns100000__a1_000ep00__g1"",""n_r"":100000,""n_s"":100000,""has_exact_k"":false,""k_target"":0,""k_achieved"":0,""alpha_target"":1,""alpha_achieved"":nan,""notes"":""w_min_r=0.005, w_max_r=0.02, w_min_s=0.005, w_max_s=0.02, same_size_all_dims=0""}"
uniform_t__nr100000__ns100000__a1_000ep00__g1,uniform,1,100000,100000,interval_tree,sampling,10000,2,3,1,1102.76,6.33447e+06,1,0,0,0,,0,"{""build_ms"":177.015258,""build_active_ms"":23.501503,""build_events_ms"":73.387641,""build_start_ids_ms"":1.561038,""build_y_endpoints_ms"":28.155449,""build_y_indices_ms"":50.396238,""phase1_count_ms"":548.622090,""phase2_slots_ms"":6.876181,""phase3_resweep_ms"":331.231669,""run_build_ms"":177.016328,""run_count_ms"":548.624210,""run_sample_ms"":338.114559}",,"{""dataset"":{""source"":""synthetic"",""name"":""uniform_t__nr100000__ns100000__a1_000ep00__g1"",""dim"":2,""path_r"":"""",""path_s"":"""",""synthetic"":{""generator"":""uniform"",""n_r"":100000,""n_s"":100000,""alpha"":1,""seed"":1}},""run"":{""method"":""interval_tree"",""variant"":""sampling"",""t"":10000,""seed"":1,""repeats"":3,""j_star"":1000000,""enum_cap"":0,""write_samples"":false,""verify"":false},""output"":{""out_dir"":""run/temp/exp5/uniform_t"",""run_tag"":""exp5_uniform_t""},""sys"":{""threads"":1},""logging"":{""level"":""INFO"",""with_timestamp"":true,""with_thread_id"":false}}","{""generator"":""uniform"",""dataset"":""uniform_t__nr100000__ns100000__a1_000ep00__g1"",""n_r"":100000,""n_s"":100000,""has_exact_k"":false,""k_target"":0,""k_achieved"":0,""alpha_target"":1,""alpha_achieved"":nan,""notes"":""w_min_r=0.005, w_max_r=0.02, w_min_s=0.005, w_max_s=0.02, same_size_all_dims=0""}"
uniform_t__nr100000__ns100000__a1_000ep00__g1,uniform,1,100000,100000,interval_tree,adaptive,10000,0,1,1,1362.22,6.33447e+06,1,0,1,0,fallback_sampling,1000001,"{""build_ms"":142.212875,""build_active_ms"":23.508563,""build_events_ms"":37.873272,""build_start_ids_ms"":1.536249,""build_y_endpoints_ms"":28.242187,""build_y_indices_ms"":51.044504,""enumerate_prepare_ms"":160.352667,""phase1_count_adaptive_ms"":586.425442,""phase2_slots_ms"":8.722403,""phase3_resweep_ms"":333.890185,""run_build_ms"":142.213725,""run_fallback_count_ms"":586.428192,""run_fallback_sample_ms"":342.636288,""run_pilot_enum_prepare_ms"":160.356337,""run_pilot_enum_scan_ms"":110.815721}",,"{""dataset"":{""source"":""synthetic"",""name"":""uniform_t__nr100000__ns100000__a1_000ep00__g1"",""dim"":2,""path_r"":"""",""path_s"":"""",""synthetic"":{""generator"":""uniform"",""n_r"":100000,""n_s"":100000,""alpha"":1,""seed"":1}},""run"":{""method"":""interval_tree"",""variant"":""adaptive"",""t"":10000,""seed"":1,""repeats"":3,""j_star"":1000000,""enum_cap"":0,""write_samples"":false,""verify"":false},""output"":{""out_dir"":""run/temp/exp5/uniform_t"",""run_tag"":""exp5_uniform_t""},""sys"":{""threads"":1},""logging"":{""level"":""INFO"",""with_timestamp"":true,""with_thread_id"":false}}","{""generator"":""uniform"",""dataset"":""uniform_t__nr100000__ns100000__a1_000ep00__g1"",""n_r"":100000,""n_s"":100000,""has_exact_k"":false,""k_target"":0,""k_achieved"":0,""alpha_target"":1,""alpha_achieved"":nan,""notes"":""w_min_r=0.005, w_max_r=0.02, w_min_s=0.005, w_max_s=0.02, same_size_all_dims=0""}"
uniform_t__nr100000__ns100000__a1_000ep00__g1,uniform,1,100000,100000,interval_tree,adaptive,10000,1,2,1,1409.99,6.33447e+06,1,0,1,0,fallback_sampling,1000001,"{""build_ms"":147.038627,""build_active_ms"":23.492873,""build_events_ms"":42.716404,""build_start_ids_ms"":1.527859,""build_y_endpoints_ms"":28.234637,""build_y_indices_ms"":51.059074,""enumerate_prepare_ms"":150.120014,""phase1_count_adaptive_ms"":582.119440,""phase2_slots_ms"":6.895811,""phase3_resweep_ms"":330.329928,""run_build_ms"":147.039257,""run_fallback_count_ms"":582.122010,""run_fallback_sample_ms"":337.234608,""run_pilot_enum_prepare_ms"":150.123384,""run_pilot_enum_scan_ms"":107.301044}",,"{""dataset"":{""source"":""synthetic"",""name"":""uniform_t__nr100000__ns100000__a1_000ep00__g1"",""dim"":2,""path_r"":"""",""path_s"":"""",""synthetic"":{""generator"":""uniform"",""n_r"":100000,""n_s"":100000,""alpha"":1,""seed"":1}},""run"":{""method"":""interval_tree"",""variant"":""adaptive"",""t"":10000,""seed"":1,""repeats"":3,""j_star"":1000000,""enum_cap"":0,""write_samples"":false,""verify"":false},""output"":{""out_dir"":""run/temp/exp5/uniform_t"",""run_tag"":""exp5_uniform_t""},""sys"":{""threads"":1},""logging"":{""level"":""INFO"",""with_timestamp"":true,""with_thread_id"":false}}","{""generator"":""uniform"",""dataset"":""uniform_t__nr100000__ns100000__a1_000ep00__g1"",""n_r"":100000,""n_s"":100000,""has_exact_k"":false,""k_target"":0,""k_achieved"":0,""alpha_target"":1,""alpha_achieved"":nan,""notes"":""w_min_r=0.005, w_max_r=0.02, w_min_s=0.005, w_max_s=0.02, same_size_all_dims=0""}"
uniform_t__nr100000__ns100000__a1_000ep00__g1,uniform,1,100000,100000,interval_tree,adaptive,10000,2,3,1,1406.89,6.33447e+06,1,0,1,0,fallback_sampling,1000001,"{""build_ms"":147.252012,""build_active_ms"":23.578102,""build_events_ms"":42.712823,""build_start_ids_ms"":1.533859,""build_y_endpoints_ms"":28.246696,""build_y_indices_ms"":51.172752,""enumerate_prepare_ms"":148.218153,""phase1_count_adaptive_ms"":582.652189,""phase2_slots_ms"":6.846731,""phase3_resweep_ms"":328.619883,""run_build_ms"":147.252982,""run_fallback_count_ms"":582.654159,""run_fallback_sample_ms"":335.475444,""run_pilot_enum_prepare_ms"":148.221123,""run_pilot_enum_scan_ms"":106.811723}",,"{""dataset"":{""source"":""synthetic"",""name"":""uniform_t__nr100000__ns100000__a1_000ep00__g1"",""dim"":2,""path_r"":"""",""path_s"":"""",""synthetic"":{""generator"":""uniform"",""n_r"":100000,""n_s"":100000,""alpha"":1,""seed"":1}},""run"":{""method"":""interval_tree"",""variant"":""adaptive"",""t"":10000,""seed"":1,""repeats"":3,""j_star"":1000000,""enum_cap"":0,""write_samples"":false,""verify"":false},""output"":{""out_dir"":""run/temp/exp5/uniform_t"",""run_tag"":""exp5_uniform_t""},""sys"":{""threads"":1},""logging"":{""level"":""INFO"",""with_timestamp"":true,""with_thread_id"":false}}","{""generator"":""uniform"",""dataset"":""uniform_t__nr100000__ns100000__a1_000ep00__g1"",""n_r"":100000,""n_s"":100000,""has_exact_k"":false,""k_target"":0,""k_achieved"":0,""alpha_target"":1,""alpha_achieved"":nan,""notes"":""w_min_r=0.005, w_max_r=0.02, w_min_s=0.005, w_max_s=0.02, same_size_all_dims=0""}"
uniform_t__nr100000__ns100000__a1_000ep00__g1,uniform,1,100000,100000,kd_tree,sampling,10000,0,1,1,499.234,6.33447e+06,1,0,0,0,,0,"{""build_ms"":107.283654,""build_events_ms"":34.507700,""build_kdtrees_ms"":38.859932,""build_rank_arrays_ms"":32.509101,""build_start_index_ms"":1.360792,""phase1_count_ms"":322.488847,""phase2_alias_ms"":69.451901,""phase3_sweep_ms"":63.019541,""run_build_ms"":107.284594,""run_count_ms"":322.491817,""run_sample_ms"":69.453231}",,"{""dataset"":{""source"":""synthetic"",""name"":""uniform_t__nr100000__ns100000__a1_000ep00__g1"",""dim"":2,""path_r"":"""",""path_s"":"""",""synthetic"":{""generator"":""uniform"",""n_r"":100000,""n_s"":100000,""alpha"":1,""seed"":1}},""run"":{""method"":""kd_tree"",""variant"":""sampling"",""t"":10000,""seed"":1,""repeats"":3,""j_star"":1000000,""enum_cap"":0,""write_samples"":false,""verify"":false},""output"":{""out_dir"":""run/temp/exp5/uniform_t"",""run_tag"":""exp5_uniform_t""},""sys"":{""threads"":1},""logging"":{""level"":""INFO"",""with_timestamp"":true,""with_thread_id"":false}}","{""generator"":""uniform"",""dataset"":""uniform_t__nr100000__ns100000__a1_000ep00__g1"",""n_r"":100000,""n_s"":100000,""has_exact_k"":false,""k_target"":0,""k_achieved"":0,""alpha_target"":1,""alpha_achieved"":nan,""notes"":""w_min_r=0.005, w_max_r=0.02, w_min_s=0.005, w_max_s=0.02, same_size_all_dims=0""}"
uniform_t__nr100000__ns100000__a1_000ep00__g1,uniform,1,100000,100000,kd_tree,sampling,10000,1,2,1,502.929,6.33447e+06,1,0,0,0,,0,"{""build_ms"":103.773415,""build_events_ms"":34.516610,""build_kdtrees_ms"":35.249335,""build_rank_arrays_ms"":32.588499,""build_start_index_ms"":1.373592,""phase1_count_ms"":329.601943,""phase2_alias_ms"":69.542389,""phase3_sweep_ms"":63.175838,""run_build_ms"":103.774115,""run_count_ms"":329.604663,""run_sample_ms"":69.543499}",,"{""dataset"":{""source"":""synthetic"",""name"":""uniform_t__nr100000__ns100000__a1_000ep00__g1"",""dim"":2,""path_r"":"""",""path_s"":"""",""synthetic"":{""generator"":""uniform"",""n_r"":100000,""n_s"":100000,""alpha"":1,""seed"":1}},""run"":{""method"":""kd_tree"",""variant"":""sampling"",""t"":10000,""seed"":1,""repeats"":3,""j_star"":1000000,""enum_cap"":0,""write_samples"":false,""verify"":false},""output"":{""out_dir"":""run/temp/exp5/uniform_t"",""run_tag"":""exp5_uniform_t""},""sys"":{""threads"":1},""logging"":{""level"":""INFO"",""with_timestamp"":true,""with_thread_id"":false}}","{""generator"":""uniform"",""dataset"":""uniform_t__nr100000__ns100000__a1_000ep00__g1"",""n_r"":100000,""n_s"":100000,""has_exact_k"":false,""k_target"":0,""k_achieved"":0,""alpha_target"":1,""alpha_achieved"":nan,""notes"":""w_min_r=0.005, w_max_r=0.02, w_min_s=0.005, w_max_s=0.02, same_size_all_dims=0""}"
uniform_t__nr100000__ns100000__a1_000ep00__g1,uniform,1,100000,100000,kd_tree,sampling,10000,2,3,1,505.866,6.33447e+06,1,0,0,0,,0,"{""build_ms"":107.244444,""build_events_ms"":34.528329,""build_kdtrees_ms"":38.718255,""build_rank_arrays_ms"":32.583019,""build_start_index_ms"":1.369783,""phase1_count_ms"":329.117693,""phase2_alias_ms"":69.496390,""phase3_sweep_ms"":63.144849,""run_build_ms"":107.245394,""run_count_ms"":329.120403,""run_sample_ms"":69.497570}",,"{""dataset"":{""source"":""synthetic"",""name"":""uniform_t__nr100000__ns100000__a1_000ep00__g1"",""dim"":2,""path_r"":"""",""path_s"":"""",""synthetic"":{""generator"":""uniform"",""n_r"":100000,""n_s"":100000,""alpha"":1,""seed"":1}},""run"":{""method"":""kd_tree"",""variant"":""sampling"",""t"":10000,""seed"":1,""repeats"":3,""j_star"":1000000,""enum_cap"":0,""write_samples"":false,""verify"":false},""output"":{""out_dir"":""run/temp/exp5/uniform_t"",""run_tag"":""exp5_uniform_t""},""sys"":{""threads"":1},""logging"":{""level"":""INFO"",""with_timestamp"":true,""with_thread_id"":false}}","{""generator"":""uniform"",""dataset"":""uniform_t__nr100000__ns100000__a1_000ep00__g1"",""n_r"":100000,""n_s"":100000,""has_exact_k"":false,""k_target"":0,""k_achieved"":0,""alpha_target"":1,""alpha_achieved"":nan,""notes"":""w_min_r=0.005, w_max_r=0.02, w_min_s=0.005, w_max_s=0.02, same_size_all_dims=0""}"
uniform_t__nr100000__ns100000__a1_000ep00__g1,uniform,1,100000,100000,kd_tree,adaptive,10000,0,1,1,938.407,6.33447e+06,1,0,1,0,fallback_sampling,1000001,"{""adaptive_fallback_sampling_ms"":69.607218,""build_ms"":103.725666,""build_embedding_ms"":32.647918,""build_events_ms"":34.504310,""build_kdtrees_ms"":35.206336,""build_rank_arrays_ms"":32.605928,""build_start_index_ms"":1.362112,""enumerate_prepare_ms"":102.388082,""phase1_count_and_maybe_enumerate_ms"":435.021955,""phase2_alias_ms"":5.451559,""phase2_assign_ms"":0.582458,""phase3_sweep_ms"":63.136609,""run_build_ms"":103.726546,""run_fallback_count_ms"":435.024505,""run_fallback_sample_ms"":69.608548,""run_pilot_enum_prepare_ms"":102.391962,""run_pilot_enum_scan_ms"":227.639673}",,"{""dataset"":{""source"":""synthetic"",""name"":""uniform_t__nr100000__ns100000__a1_000ep00__g1"",""dim"":2,""path_r"":"""",""path_s"":"""",""synthetic"":{""generator"":""uniform"",""n_r"":100000,""n_s"":100000,""alpha"":1,""seed"":1}},""run"":{""method"":""kd_tree"",""variant"":""adaptive"",""t"":10000,""seed"":1,""repeats"":3,""j_star"":1000000,""enum_cap"":0,""write_samples"":false,""verify"":false},""output"":{""out_dir"":""run/temp/exp5/uniform_t"",""run_tag"":""exp5_uniform_t""},""sys"":{""threads"":1},""logging"":{""level"":""INFO"",""with_timestamp"":true,""with_thread_id"":false}}","{""generator"":""uniform"",""dataset"":""uniform_t__nr100000__ns100000__a1_000ep00__g1"",""n_r"":100000,""n_s"":100000,""has_exact_k"":false,""k_target"":0,""k_achieved"":0,""alpha_target"":1,""alpha_achieved"":nan,""notes"":""w_min_r=0.005, w_max_r=0.02, w_min_s=0.005, w_max_s=0.02, same_size_all_dims=0""}"
uniform_t__nr100000__ns100000__a1_000ep00__g1,uniform,1,100000,100000,kd_tree,adaptive,10000,1,2,1,934.844,6.33447e+06,1,0,1,0,fallback_sampling,1000001,"{""adaptive_fallback_sampling_ms"":69.546399,""build_ms"":103.709436,""build_embedding_ms"":32.648378,""build_events_ms"":34.473950,""build_kdtrees_ms"":35.214475,""build_rank_arrays_ms"":32.604559,""build_start_index_ms"":1.367143,""enumerate_prepare_ms"":102.398573,""phase1_count_and_maybe_enumerate_ms"":431.933817,""phase2_alias_ms"":5.463730,""phase2_assign_ms"":0.582088,""phase3_sweep_ms"":63.062270,""run_build_ms"":103.710076,""run_fallback_count_ms"":431.936887,""run_fallback_sample_ms"":69.547769,""run_pilot_enum_prepare_ms"":102.402433,""run_pilot_enum_scan_ms"":227.233880}",,"{""dataset"":{""source"":""synthetic"",""name"":""uniform_t__nr100000__ns100000__a1_000ep00__g1"",""dim"":2,""path_r"":"""",""path_s"":"""",""synthetic"":{""generator"":""uniform"",""n_r"":100000,""n_s"":100000,""alpha"":1,""seed"":1}},""run"":{""method"":""kd_tree"",""variant"":""adaptive"",""t"":10000,""seed"":1,""repeats"":3,""j_star"":1000000,""enum_cap"":0,""write_samples"":false,""verify"":false},""output"":{""out_dir"":""run/temp/exp5/uniform_t"",""run_tag"":""exp5_uniform_t""},""sys"":{""threads"":1},""logging"":{""level"":""INFO"",""with_timestamp"":true,""with_thread_id"":false}}","{""generator"":""uniform"",""dataset"":""uniform_t__nr100000__ns100000__a1_000ep00__g1"",""n_r"":100000,""n_s"":100000,""has_exact_k"":false,""k_target"":0,""k_achieved"":0,""alpha_target"":1,""alpha_achieved"":nan,""notes"":""w_min_r=0.005, w_max_r=0.02, w_min_s=0.005, w_max_s=0.02, same_size_all_dims=0""}"
uniform_t__nr100000__ns100000__a1_000ep00__g1,uniform,1,100000,100000,kd_tree,adaptive,10000,2,3,1,942.01,6.33447e+06,1,0,1,0,fallback_sampling,1000001,"{""adaptive_fallback_sampling_ms"":69.401272,""build_ms"":103.888333,""build_embedding_ms"":32.599749,""build_events_ms"":34.476211,""build_kdtrees_ms"":35.436611,""build_rank_arrays_ms"":32.556940,""build_start_index_ms"":1.370272,""enumerate_prepare_ms"":102.559479,""phase1_count_and_maybe_enumerate_ms"":437.637642,""phase2_alias_ms"":5.457189,""phase2_assign_ms"":0.570819,""phase3_sweep_ms"":62.934843,""run_build_ms"":103.889193,""run_fallback_count_ms"":437.640512,""run_fallback_sample_ms"":69.402732,""run_pilot_enum_prepare_ms"":102.564079,""run_pilot_enum_scan_ms"":228.499825}",,"{""dataset"":{""source"":""synthetic"",""name"":""uniform_t__nr100000__ns100000__a1_000ep00__g1"",""dim"":2,""path_r"":"""",""path_s"":"""",""synthetic"":{""generator"":""uniform"",""n_r"":100000,""n_s"":100000,""alpha"":1,""seed"":1}},""run"":{""method"":""kd_tree"",""variant"":""adaptive"",""t"":10000,""seed"":1,""repeats"":3,""j_star"":1000000,""enum_cap"":0,""write_samples"":false,""verify"":false},""output"":{""out_dir"":""run/temp/exp5/uniform_t"",""run_tag"":""exp5_uniform_t""},""sys"":{""threads"":1},""logging"":{""level"":""INFO"",""with_timestamp"":true,""with_thread_id"":false}}","{""generator"":""uniform"",""dataset"":""uniform_t__nr100000__ns100000__a1_000ep00__g1"",""n_r"":100000,""n_s"":100000,""has_exact_k"":false,""k_target"":0,""k_achieved"":0,""alpha_target"":1,""alpha_achieved"":nan,""notes"":""w_min_r=0.005, w_max_r=0.02, w_min_s=0.005, w_max_s=0.02, same_size_all_dims=0""}"
uniform_t__nr100000__ns100000__a1_000ep00__g1,uniform,1,100000,100000,r_tree,sampling,10000,0,1,1,303.47,6.33447e+06,1,0,0,0,,0,"{""build_ms"":36.378002,""phase1_count_ms"":152.516796,""phase2_assign_ms"":5.832002,""phase3_sample_ms"":108.349012,""run_build_ms"":36.378942,""run_count_ms"":152.519235,""run_sample_ms"":114.568837}",,"{""dataset"":{""source"":""synthetic"",""name"":""uniform_t__nr100000__ns100000__a1_000ep00__g1"",""dim"":2,""path_r"":"""",""path_s"":"""",""synthetic"":{""generator"":""uniform"",""n_r"":100000,""n_s"":100000,""alpha"":1,""seed"":1}},""run"":{""method"":""r_tree"",""variant"":""sampling"",""t"":10000,""seed"":1,""repeats"":3,""j_star"":1000000,""enum_cap"":0,""write_samples"":false,""verify"":false},""output"":{""out_dir"":""run/temp/exp5/uniform_t"",""run_tag"":""exp5_uniform_t""},""sys"":{""threads"":1},""logging"":{""level"":""INFO"",""with_timestamp"":true,""with_thread_id"":false}}","{""generator"":""uniform"",""dataset"":""uniform_t__nr100000__ns100000__a1_000ep00__g1"",""n_r"":100000,""n_s"":100000,""has_exact_k"":false,""k_target"":0,""k_achieved"":0,""alpha_target"":1,""alpha_achieved"":nan,""notes"":""w_min_r=0.005, w_max_r=0.02, w_min_s=0.005, w_max_s=0.02, same_size_all_dims=0""}"
uniform_t__nr100000__ns100000__a1_000ep00__g1,uniform,1,100000,100000,r_tree,sampling,10000,1,2,1,298.538,6.33447e+06,1,0,0,0,,0,"{""build_ms"":36.383662,""phase1_count_ms"":149.977717,""phase2_assign_ms"":5.835342,""phase3_sample_ms"":105.870352,""run_build_ms"":36.384762,""run_count_ms"":149.980057,""run_sample_ms"":112.091486}",,"{""dataset"":{""source"":""synthetic"",""name"":""uniform_t__nr100000__ns100000__a1_000ep00__g1"",""dim"":2,""path_r"":"""",""path_s"":"""",""synthetic"":{""generator"":""uniform"",""n_r"":100000,""n_s"":100000,""alpha"":1,""seed"":1}},""run"":{""method"":""r_tree"",""variant"":""sampling"",""t"":10000,""seed"":1,""repeats"":3,""j_star"":1000000,""enum_cap"":0,""write_samples"":false,""verify"":false},""output"":{""out_dir"":""run/temp/exp5/uniform_t"",""run_tag"":""exp5_uniform_t""},""sys"":{""threads"":1},""logging"":{""level"":""INFO"",""with_timestamp"":true,""with_thread_id"":false}}","{""generator"":""uniform"",""dataset"":""uniform_t__nr100000__ns100000__a1_000ep00__g1"",""n_r"":100000,""n_s"":100000,""has_exact_k"":false,""k_target"":0,""k_achieved"":0,""alpha_target"":1,""alpha_achieved"":nan,""notes"":""w_min_r=0.005, w_max_r=0.02, w_min_s=0.005, w_max_s=0.02, same_size_all_dims=0""}"
uniform_t__nr100000__ns100000__a1_000ep00__g1,uniform,1,100000,100000,r_tree,sampling,10000,2,3,1,301.622,6.33447e+06,1,0,0,0,,0,"{""build_ms"":36.386092,""phase1_count_ms"":149.651254,""phase2_assign_ms"":5.763243,""phase3_sample_ms"":109.350982,""run_build_ms"":36.387582,""run_count_ms"":149.653214,""run_sample_ms"":115.499467}",,"{""dataset"":{""source"":""synthetic"",""name"":""uniform_t__nr100000__ns100000__a1_000ep00__g1"",""dim"":2,""path_r"":"""",""path_s"":"""",""synthetic"":{""generator"":""uniform"",""n_r"":100000,""n_s"":100000,""alpha"":1,""seed"":1}},""run"":{""method"":""r_tree"",""variant"":""sampling"",""t"":10000,""seed"":1,""repeats"":3,""j_star"":1000000,""enum_cap"":0,""write_samples"":false,""verify"":false},""output"":{""out_dir"":""run/temp/exp5/uniform_t"",""run_tag"":""exp5_uniform_t""},""sys"":{""threads"":1},""logging"":{""level"":""INFO"",""with_timestamp"":true,""with_thread_id"":false}}","{""generator"":""uniform"",""dataset"":""uniform_t__nr100000__ns100000__a1_000ep00__g1"",""n_r"":100000,""n_s"":100000,""has_exact_k"":false,""k_target"":0,""k_achieved"":0,""alpha_target"":1,""alpha_achieved"":nan,""notes"":""w_min_r=0.005, w_max_r=0.02, w_min_s=0.005, w_max_s=0.02, same_size_all_dims=0""}"
uniform_t__nr100000__ns100000__a1_000ep00__g1,uniform,1,100000,100000,r_tree,adaptive,10000,0,1,1,423.122,6.33447e+06,1,0,1,0,fallback_sampling,1000001,"{""build_ms"":36.363393,""enumerate_prepare_ms"":34.688506,""phase1_adaptive_count_ms"":170.134299,""phase2+3_sampling_ms"":112.005738,""run_build_ms"":36.364413,""run_fallback_count_ms"":170.136849,""run_fallback_sample_ms"":112.008538,""run_pilot_enum_prepare_ms"":34.691636,""run_pilot_enum_scan_ms"":69.889682}",,"{""dataset"":{""source"":""synthetic"",""name"":""uniform_t__nr100000__ns100000__a1_000ep00__g1"",""dim"":2,""path_r"":"""",""path_s"":"""",""synthetic"":{""generator"":""uniform"",""n_r"":100000,""n_s"":100000,""alpha"":1,""seed"":1}},""run"":{""method"":""r_tree"",""variant"":""adaptive"",""t"":10000,""seed"":1,""repeats"":3,""j_star"":1000000,""enum_cap"":0,""write_samples"":false,""verify"":false},""output"":{""out_dir"":""run/temp/exp5/uniform_t"",""run_tag"":""exp5_uniform_t""},""sys"":{""threads"":1},""logging"":{""level"":""INFO"",""with_timestamp"":true,""with_thread_id"":false}}","{""generator"":""uniform"",""dataset"":""uniform_t__nr100000__ns100000__a1_000ep00__g1"",""n_r"":100000,""n_s"":100000,""has_exact_k"":false,""k_target"":0,""k_achieved"":0,""alpha_target"":1,""alpha_achieved"":nan,""notes"":""w_min_r=0.005, w_max_r=0.02, w_min_s=0.005, w_max_s=0.02, same_size_all_dims=0""}"
uniform_t__nr100000__ns100000__a1_000ep00__g1,uniform,1,100000,100000,r_tree,adaptive,10000,1,2,1,423.612,6.33447e+06,1,0,1,0,fallback_sampling,1000001,"{""build_ms"":36.370552,""enumerate_prepare_ms"":34.685587,""phase1_adaptive_count_ms"":170.067230,""phase2+3_sampling_ms"":112.404340,""run_build_ms"":36.371312,""run_fallback_count_ms"":170.069460,""run_fallback_sample_ms"":112.407050,""run_pilot_enum_prepare_ms"":34.687987,""run_pilot_enum_scan_ms"":69.972350}",,"{""dataset"":{""source"":""synthetic"",""name"":""uniform_t__nr100000__ns100000__a1_000ep00__g1"",""dim"":2,""path_r"":"""",""path_s"":"""",""synthetic"":{""generator"":""uniform"",""n_r"":100000,""n_s"":100000,""alpha"":1,""seed"":1}},""run"":{""method"":""r_tree"",""variant"":""adaptive"",""t"":10000,""seed"":1,""repeats"":3,""j_star"":1000000,""enum_cap"":0,""write_samples"":false,""verify"":false},""output"":{""out_dir"":""run/temp/exp5/uniform_t"",""run_tag"":""exp5_uniform_t""},""sys"":{""threads"":1},""logging"":{""level"":""INFO"",""with_timestamp"":true,""with_thread_id"":false}}","{""generator"":""uniform"",""dataset"":""uniform_t__nr100000__ns100000__a1_000ep00__g1"",""n_r"":100000,""n_s"":100000,""has_exact_k"":false,""k_target"":0,""k_achieved"":0,""alpha_target"":1,""alpha_achieved"":nan,""notes"":""w_min_r=0.005, w_max_r=0.02, w_min_s=0.005, w_max_s=0.02, same_size_all_dims=0""}"
uniform_t__nr100000__ns100000__a1_000ep00__g1,uniform,1,100000,100000,r_tree,adaptive,10000,2,3,1,424.976,6.33447e+06,1,0,1,0,fallback_sampling,1000001,"{""build_ms"":36.397231,""enumerate_prepare_ms"":38.140357,""phase1_adaptive_count_ms"":168.461023,""phase2+3_sampling_ms"":111.880091,""run_build_ms"":36.398921,""run_fallback_count_ms"":168.463913,""run_fallback_sample_ms"":111.882541,""run_pilot_enum_prepare_ms"":38.142686,""run_pilot_enum_scan_ms"":69.975770}",,"{""dataset"":{""source"":""synthetic"",""name"":""uniform_t__nr100000__ns100000__a1_000ep00__g1"",""dim"":2,""path_r"":"""",""path_s"":"""",""synthetic"":{""generator"":""uniform"",""n_r"":100000,""n_s"":100000,""alpha"":1,""seed"":1}},""run"":{""method"":""r_tree"",""variant"":""adaptive"",""t"":10000,""seed"":1,""repeats"":3,""j_star"":1000000,""enum_cap"":0,""write_samples"":false,""verify"":false},""output"":{""out_dir"":""run/temp/exp5/uniform_t"",""run_tag"":""exp5_uniform_t""},""sys"":{""threads"":1},""logging"":{""level"":""INFO"",""with_timestamp"":true,""with_thread_id"":false}}","{""generator"":""uniform"",""dataset"":""uniform_t__nr100000__ns100000__a1_000ep00__g1"",""n_r"":100000,""n_s"":100000,""has_exact_k"":false,""k_target"":0,""k_achieved"":0,""alpha_target"":1,""alpha_achieved"":nan,""notes"":""w_min_r=0.005, w_max_r=0.02, w_min_s=0.005, w_max_s=0.02, same_size_all_dims=0""}"
uniform_t__nr100000__ns100000__a1_000ep00__g1,uniform,1,100000,100000,range_tree,sampling,10000,0,1,1,2127.34,6.33447e+06,1,0,0,0,,0,"{""build_ms"":102.053810,""build_events_ms"":34.489711,""build_range_trees_ms"":34.986711,""build_rank_arrays_ms"":31.179638,""build_start_index_ms"":1.355812,""phase1_count_ms"":1184.320556,""phase2_alias_ms"":840.954822,""phase3_sweep_ms"":834.339366,""run_build_ms"":102.054521,""run_count_ms"":1184.323396,""run_sample_ms"":840.956012}",,"{""dataset"":{""source"":""synthetic"",""name"":""uniform_t__nr100000__ns100000__a1_000ep00__g1"",""dim"":2,""path_r"":"""",""path_s"":"""",""synthetic"":{""generator"":""uniform"",""n_r"":100000,""n_s"":100000,""alpha"":1,""seed"":1}},""run"":{""method"":""range_tree"",""variant"":""sampling"",""t"":10000,""seed"":1,""repeats"":3,""j_star"":1000000,""enum_cap"":0,""write_samples"":false,""verify"":false},""output"":{""out_dir"":""run/temp/exp5/uniform_t"",""run_tag"":""exp5_uniform_t""},""sys"":{""threads"":1},""logging"":{""level"":""INFO"",""with_timestamp"":true,""with_thread_id"":false}}","{""generator"":""uniform"",""dataset"":""uniform_t__nr100000__ns100000__a1_000ep00__g1"",""n_r"":100000,""n_s"":100000,""has_exact_k"":false,""k_target"":0,""k_achieved"":0,""alpha_target"":1,""alpha_achieved"":nan,""notes"":""w_min_r=0.005, w_max_r=0.02, w_min_s=0.005, w_max_s=0.02, same_size_all_dims=0""}"
uniform_t__nr100000__ns100000__a1_000ep00__g1,uniform,1,100000,100000,range_tree,sampling,10000,1,2,1,2129.65,6.33447e+06,1,0,0,0,,0,"{""build_ms"":100.870484,""build_events_ms"":34.484240,""build_range_trees_ms"":33.841414,""build_rank_arrays_ms"":31.128508,""build_start_index_ms"":1.370232,""phase1_count_ms"":1185.537063,""phase2_alias_ms"":843.231276,""phase3_sweep_ms"":836.596511,""run_build_ms"":100.871154,""run_count_ms"":1185.539543,""run_sample_ms"":843.232206}",,"{""dataset"":{""source"":""synthetic"",""name"":""uniform_t__nr100000__ns100000__a1_000ep00__g1"",""dim"":2,""path_r"":"""",""path_s"":"""",""synthetic"":{""generator"":""uniform"",""n_r"":100000,""n_s"":100000,""alpha"":1,""seed"":1}},""run"":{""method"":""range_tree"",""variant"":""sampling"",""t"":10000,""seed"":1,""repeats"":3,""j_star"":1000000,""enum_cap"":0,""write_samples"":false,""verify"":false},""output"":{""out_dir"":""run/temp/exp5/uniform_t"",""run_tag"":""exp5_uniform_t""},""sys"":{""threads"":1},""logging"":{""level"":""INFO"",""with_timestamp"":true,""with_thread_id"":false}}","{""generator"":""uniform"",""dataset"":""uniform_t__nr100000__ns100000__a1_000ep00__g1"",""n_r"":100000,""n_s"":100000,""has_exact_k"":false,""k_target"":0,""k_achieved"":0,""alpha_target"":1,""alpha_achieved"":nan,""notes"":""w_min_r=0.005, w_max_r=0.02, w_min_s=0.005, w_max_s=0.02, same_size_all_dims=0""}"
uniform_t__nr100000__ns100000__a1_000ep00__g1,uniform,1,100000,100000,range_tree,sampling,10000,2,3,1,2128.38,6.33447e+06,1,0,0,0,,0,"{""build_ms"":100.830285,""build_events_ms"":34.475761,""build_range_trees_ms"":33.775155,""build_rank_arrays_ms"":31.162628,""build_start_index_ms"":1.371602,""phase1_count_ms"":1183.777281,""phase2_alias_ms"":843.769647,""phase3_sweep_ms"":837.160710,""run_build_ms"":100.831184,""run_count_ms"":1183.780389,""run_sample_ms"":843.770486}",,"{""dataset"":{""source"":""synthetic"",""name"":""uniform_t__nr100000__ns100000__a1_000ep00__g1"",""dim"":2,""path_r"":"""",""path_s"":"""",""synthetic"":{""generator"":""uniform"",""n_r"":100000,""n_s"":100000,""alpha"":1,""seed"":1}},""run"":{""method"":""range_tree"",""variant"":""sampling"",""t"":10000,""seed"":1,""repeats"":3,""j_star"":1000000,""enum_cap"":0,""write_samples"":false,""verify"":false},""output"":{""out_dir"":""run/temp/exp5/uniform_t"",""run_tag"":""exp5_uniform_t""},""sys"":{""threads"":1},""logging"":{""level"":""INFO"",""with_timestamp"":true,""with_thread_id"":false}}","{""generator"":""uniform"",""dataset"":""uniform_t__nr100000__ns100000__a1_000ep00__g1"",""n_r"":100000,""n_s"":100000,""has_exact_k"":false,""k_target"":0,""k_achieved"":0,""alpha_target"":1,""alpha_achieved"":nan,""notes"":""w_min_r=0.005, w_max_r=0.02, w_min_s=0.005, w_max_s=0.02, same_size_all_dims=0""}"
uniform_t__nr100000__ns100000__a1_000ep00__g1,uniform,1,100000,100000,range_tree,adaptive,10000,0,1,1,2720.42,6.33447e+06,1,0,1,0,fallback_sampling,1000001,"{""adaptive_count_ms"":1304.991133,""build_ms"":102.354894,""build_events_ms"":34.532599,""build_range_trees_ms"":35.227316,""build_rank_arrays_ms"":31.189677,""build_start_index_ms"":1.359523,""enumerate_prepare_ms"":100.723847,""phase2_alias_ms"":843.055041,""phase3_sweep_ms"":836.439646,""run_build_ms"":102.355814,""run_fallback_count_ms"":1304.993913,""run_fallback_sample_ms"":843.058781,""run_pilot_enum_prepare_ms"":100.727527,""run_pilot_enum_scan_ms"":369.266440}",,"{""dataset"":{""source"":""synthetic"",""name"":""uniform_t__nr100000__ns100000__a1_000ep00__g1"",""dim"":2,""path_r"":"""",""path_s"":"""",""synthetic"":{""generator"":""uniform"",""n_r"":100000,""n_s"":100000,""alpha"":1,""seed"":1}},""run"":{""method"":""range_tree"",""variant"":""adaptive"",""t"":10000,""seed"":1,""repeats"":3,""j_star"":1000000,""enum_cap"":0,""write_samples"":false,""verify"":false},""output"":{""out_dir"":""run/temp/exp5/uniform_t"",""run_tag"":""exp5_uniform_t""},""sys"":{""threads"":1},""logging"":{""level"":""INFO"",""with_timestamp"":true,""with_thread_id"":false}}","{""generator"":""uniform"",""dataset"":""uniform_t__nr100000__ns100000__a1_000ep00__g1"",""n_r"":100000,""n_s"":100000,""has_exact_k"":false,""k_target"":0,""k_achieved"":0,""alpha_target"":1,""alpha_achieved"":nan,""notes"":""w_min_r=0.005, w_max_r=0.02, w_min_s=0.005, w_max_s=0.02, same_size_all_dims=0""}"
uniform_t__nr100000__ns100000__a1_000ep00__g1,uniform,1,100000,100000,range_tree,adaptive,10000,1,2,1,2712.87,6.33447e+06,1,0,1,0,fallback_sampling,1000001,"{""adaptive_count_ms"":1302.803268,""build_ms"":100.776756,""build_events_ms"":34.496270,""build_range_trees_ms"":33.712306,""build_rank_arrays_ms"":31.149999,""build_start_index_ms"":1.370672,""enumerate_prepare_ms"":100.490622,""phase2_alias_ms"":842.565293,""phase3_sweep_ms"":835.943096,""run_build_ms"":100.777536,""run_fallback_count_ms"":1302.805767,""run_fallback_sample_ms"":842.569013,""run_pilot_enum_prepare_ms"":100.494192,""run_pilot_enum_scan_ms"":366.211453}",,"{""dataset"":{""source"":""synthetic"",""name"":""uniform_t__nr100000__ns100000__a1_000ep00__g1"",""dim"":2,""path_r"":"""",""path_s"":"""",""synthetic"":{""generator"":""uniform"",""n_r"":100000,""n_s"":100000,""alpha"":1,""seed"":1}},""run"":{""method"":""range_tree"",""variant"":""adaptive"",""t"":10000,""seed"":1,""repeats"":3,""j_star"":1000000,""enum_cap"":0,""write_samples"":false,""verify"":false},""output"":{""out_dir"":""run/temp/exp5/uniform_t"",""run_tag"":""exp5_uniform_t""},""sys"":{""threads"":1},""logging"":{""level"":""INFO"",""with_timestamp"":true,""with_thread_id"":false}}","{""generator"":""uniform"",""dataset"":""uniform_t__nr100000__ns100000__a1_000ep00__g1"",""n_r"":100000,""n_s"":100000,""has_exact_k"":false,""k_target"":0,""k_achieved"":0,""alpha_target"":1,""alpha_achieved"":nan,""notes"":""w_min_r=0.005, w_max_r=0.02, w_min_s=0.005, w_max_s=0.02, same_size_all_dims=0""}"
uniform_t__nr100000__ns100000__a1_000ep00__g1,uniform,1,100000,100000,range_tree,adaptive,10000,2,3,1,2708.39,6.33447e+06,1,0,1,0,fallback_sampling,1000001,"{""adaptive_count_ms"":1297.437188,""build_ms"":100.763266,""build_events_ms"":34.462421,""build_range_trees_ms"":33.737295,""build_rank_arrays_ms"":31.146959,""build_start_index_ms"":1.369732,""enumerate_prepare_ms"":100.600790,""phase2_alias_ms"":843.250210,""phase3_sweep_ms"":836.601415,""run_build_ms"":100.764326,""run_fallback_count_ms"":1297.439548,""run_fallback_sample_ms"":843.251220,""run_pilot_enum_prepare_ms"":100.604120,""run_pilot_enum_scan_ms"":366.319891}",,"{""dataset"":{""source"":""synthetic"",""name"":""uniform_t__nr100000__ns100000__a1_000ep00__g1"",""dim"":2,""path_r"":"""",""path_s"":"""",""synthetic"":{""generator"":""uniform"",""n_r"":100000,""n_s"":100000,""alpha"":1,""seed"":1}},""run"":{""method"":""range_tree"",""variant"":""adaptive"",""t"":10000,""seed"":1,""repeats"":3,""j_star"":1000000,""enum_cap"":0,""write_samples"":false,""verify"":false},""output"":{""out_dir"":""run/temp/exp5/uniform_t"",""run_tag"":""exp5_uniform_t""},""sys"":{""threads"":1},""logging"":{""level"":""INFO"",""with_timestamp"":true,""with_thread_id"":false}}","{""generator"":""uniform"",""dataset"":""uniform_t__nr100000__ns100000__a1_000ep00__g1"",""n_r"":100000,""n_s"":100000,""has_exact_k"":false,""k_target"":0,""k_achieved"":0,""alpha_target"":1,""alpha_achieved"":nan,""notes"":""w_min_r=0.005, w_max_r=0.02, w_min_s=0.005, w_max_s=0.02, same_size_all_dims=0""}"
uniform_t__nr100000__ns100000__a1_000ep00__g1,uniform,1,100000,100000,pbsm,sampling,10000,0,1,1,510.701,6.33447e+06,1,0,0,0,,0,"{""build_ms"":21.326588,""pbsm_build_ms"":21.326128,""pbsm_count_pass1_ms"":244.901513,""pbsm_partitions_stripes_ms"":20.982675,""pbsm_sample_draw_ranks_ms"":0.492650,""pbsm_sample_pass2_select_ms"":243.958713,""run_build_ms"":21.327108,""run_count_ms"":244.905423,""run_sample_ms"":244.465753}",,"{""dataset"":{""source"":""synthetic"",""name"":""uniform_t__nr100000__ns100000__a1_000ep00__g1"",""dim"":2,""path_r"":"""",""path_s"":"""",""synthetic"":{""generator"":""uniform"",""n_r"":100000,""n_s"":100000,""alpha"":1,""seed"":1}},""run"":{""method"":""pbsm"",""variant"":""sampling"",""t"":10000,""seed"":1,""repeats"":3,""j_star"":1000000,""enum_cap"":0,""write_samples"":false,""verify"":false},""output"":{""out_dir"":""run/temp/exp5/uniform_t"",""run_tag"":""exp5_uniform_t""},""sys"":{""threads"":1},""logging"":{""level"":""INFO"",""with_timestamp"":true,""with_thread_id"":false}}","{""generator"":""uniform"",""dataset"":""uniform_t__nr100000__ns100000__a1_000ep00__g1"",""n_r"":100000,""n_s"":100000,""has_exact_k"":false,""k_target"":0,""k_achieved"":0,""alpha_target"":1,""alpha_achieved"":nan,""notes"":""w_min_r=0.005, w_max_r=0.02, w_min_s=0.005, w_max_s=0.02, same_size_all_dims=0""}"
uniform_t__nr100000__ns100000__a1_000ep00__g1,uniform,1,100000,100000,pbsm,sampling,10000,1,2,1,507.44,6.33447e+06,1,0,0,0,,0,"{""build_ms"":21.314277,""pbsm_build_ms"":21.313847,""pbsm_count_pass1_ms"":241.517411,""pbsm_partitions_stripes_ms"":20.972795,""pbsm_sample_draw_ranks_ms"":0.495080,""pbsm_sample_pass2_select_ms"":244.090180,""run_build_ms"":21.314637,""run_count_ms"":241.520432,""run_sample_ms"":244.599370}",,"{""dataset"":{""source"":""synthetic"",""name"":""uniform_t__nr100000__ns100000__a1_000ep00__g1"",""dim"":2,""path_r"":"""",""path_s"":"""",""synthetic"":{""generator"":""uniform"",""n_r"":100000,""n_s"":100000,""alpha"":1,""seed"":1}},""run"":{""method"":""pbsm"",""variant"":""sampling"",""t"":10000,""seed"":1,""repeats"":3,""j_star"":1000000,""enum_cap"":0,""write_samples"":false,""verify"":false},""output"":{""out_dir"":""run/temp/exp5/uniform_t"",""run_tag"":""exp5_uniform_t""},""sys"":{""threads"":1},""logging"":{""level"":""INFO"",""with_timestamp"":true,""with_thread_id"":false}}","{""generator"":""uniform"",""dataset"":""uniform_t__nr100000__ns100000__a1_000ep00__g1"",""n_r"":100000,""n_s"":100000,""has_exact_k"":false,""k_target"":0,""k_achieved"":0,""alpha_target"":1,""alpha_achieved"":nan,""notes"":""w_min_r=0.005, w_max_r=0.02, w_min_s=0.005, w_max_s=0.02, same_size_all_dims=0""}"
uniform_t__nr100000__ns100000__a1_000ep00__g1,uniform,1,100000,100000,pbsm,sampling,10000,2,3,1,514.822,6.33447e+06,1,0,0,0,,0,"{""build_ms"":25.859796,""pbsm_build_ms"":25.859416,""pbsm_count_pass1_ms"":243.961753,""pbsm_partitions_stripes_ms"":25.516193,""pbsm_sample_draw_ranks_ms"":0.481571,""pbsm_sample_pass2_select_ms"":244.495541,""run_build_ms"":25.860346,""run_count_ms"":243.964372,""run_sample_ms"":244.991282}",,"{""dataset"":{""source"":""synthetic"",""name"":""uniform_t__nr100000__ns100000__a1_000ep00__g1"",""dim"":2,""path_r"":"""",""path_s"":"""",""synthetic"":{""generator"":""uniform"",""n_r"":100000,""n_s"":100000,""alpha"":1,""seed"":1}},""run"":{""method"":""pbsm"",""variant"":""sampling"",""t"":10000,""seed"":1,""repeats"":3,""j_star"":1000000,""enum_cap"":0,""write_samples"":false,""verify"":false},""output"":{""out_dir"":""run/temp/exp5/uniform_t"",""run_tag"":""exp5_uniform_t""},""sys"":{""threads"":1},""logging"":{""level"":""INFO"",""with_timestamp"":true,""with_thread_id"":false}}","{""generator"":""uniform"",""dataset"":""uniform_t__nr100000__ns100000__a1_000ep00__g1"",""n_r"":100000,""n_s"":100000,""has_exact_k"":false,""k_target"":0,""k_achieved"":0,""alpha_target"":1,""alpha_achieved"":nan,""notes"":""w_min_r=0.005, w_max_r=0.02, w_min_s=0.005, w_max_s=0.02, same_size_all_dims=0""}"
uniform_t__nr100000__ns100000__a1_000ep00__g1,uniform,1,100000,100000,pbsm,adaptive,10000,0,1,1,553.744,6.33447e+06,1,0,1,0,fallback_sampling,1000001,"{""build_ms"":21.333107,""enumerate_prepare_ms"":0.000190,""pbsm_adaptive_pass1_ms"":247.309465,""pbsm_adaptive_sample_large_ms"":247.294055,""pbsm_build_ms"":21.332597,""pbsm_partitions_stripes_ms"":20.990804,""run_build_ms"":21.333617,""run_fallback_count_ms"":247.313575,""run_fallback_sample_ms"":247.299225,""run_pilot_enum_prepare_ms"":0.000700,""run_pilot_enum_scan_ms"":37.786484}",,"{""dataset"":{""source"":""synthetic"",""name"":""uniform_t__nr100000__ns100000__a1_000ep00__g1"",""dim"":2,""path_r"":"""",""path_s"":"""",""synthetic"":{""generator"":""uniform"",""n_r"":100000,""n_s"":100000,""alpha"":1,""seed"":1}},""run"":{""method"":""pbsm"",""variant"":""adaptive"",""t"":10000,""seed"":1,""repeats"":3,""j_star"":1000000,""enum_cap"":0,""write_samples"":false,""verify"":false},""output"":{""out_dir"":""run/temp/exp5/uniform_t"",""run_tag"":""exp5_uniform_t""},""sys"":{""threads"":1},""logging"":{""level"":""INFO"",""with_timestamp"":true,""with_thread_id"":false}}","{""generator"":""uniform"",""dataset"":""uniform_t__nr100000__ns100000__a1_000ep00__g1"",""n_r"":100000,""n_s"":100000,""has_exact_k"":false,""k_target"":0,""k_achieved"":0,""alpha_target"":1,""alpha_achieved"":nan,""notes"":""w_min_r=0.005, w_max_r=0.02, w_min_s=0.005, w_max_s=0.02, same_size_all_dims=0""}"
uniform_t__nr100000__ns100000__a1_000ep00__g1,uniform,1,100000,100000,pbsm,adaptive,10000,1,2,1,556.1,6.33447e+06,1,0,1,0,fallback_sampling,1000001,"{""build_ms"":21.316608,""enumerate_prepare_ms"":0.000370,""pbsm_adaptive_pass1_ms"":249.710217,""pbsm_adaptive_sample_large_ms"":247.355914,""pbsm_build_ms"":21.316118,""pbsm_partitions_stripes_ms"":20.972335,""run_build_ms"":21.317078,""run_fallback_count_ms"":249.714816,""run_fallback_sample_ms"":247.359284,""run_pilot_enum_prepare_ms"":0.000800,""run_pilot_enum_scan_ms"":37.692555}",,"{""dataset"":{""source"":""synthetic"",""name"":""uniform_t__nr100000__ns100000__a1_000ep00__g1"",""dim"":2,""path_r"":"""",""path_s"":"""",""synthetic"":{""generator"":""uniform"",""n_r"":100000,""n_s"":100000,""alpha"":1,""seed"":1}},""run"":{""method"":""pbsm"",""variant"":""adaptive"",""t"":10000,""seed"":1,""repeats"":3,""j_star"":1000000,""enum_cap"":0,""write_samples"":false,""verify"":false},""output"":{""out_dir"":""run/temp/exp5/uniform_t"",""run_tag"":""exp5_uniform_t""},""sys"":{""threads"":1},""logging"":{""level"":""INFO"",""with_timestamp"":true,""with_thread_id"":false}}","{""generator"":""uniform"",""dataset"":""uniform_t__nr100000__ns100000__a1_000ep00__g1"",""n_r"":100000,""n_s"":100000,""has_exact_k"":false,""k_target"":0,""k_achieved"":0,""alpha_target"":1,""alpha_achieved"":nan,""notes"":""w_min_r=0.005, w_max_r=0.02, w_min_s=0.005, w_max_s=0.02, same_size_all_dims=0""}"
uniform_t__nr100000__ns100000__a1_000ep00__g1,uniform,1,100000,100000,pbsm,adaptive,10000,2,3,1,553.534,6.33447e+06,1,0,1,0,fallback_sampling,1000001,"{""build_ms"":21.374887,""enumerate_prepare_ms"":0.000270,""pbsm_adaptive_pass1_ms"":247.040631,""pbsm_adaptive_sample_large_ms"":247.278035,""pbsm_build_ms"":21.374487,""pbsm_partitions_stripes_ms"":21.033814,""run_build_ms"":21.375317,""run_fallback_count_ms"":247.044231,""run_fallback_sample_ms"":247.281585,""run_pilot_enum_prepare_ms"":0.000740,""run_pilot_enum_scan_ms"":37.819683}",,"{""dataset"":{""source"":""synthetic"",""name"":""uniform_t__nr100000__ns100000__a1_000ep00__g1"",""dim"":2,""path_r"":"""",""path_s"":"""",""synthetic"":{""generator"":""uniform"",""n_r"":100000,""n_s"":100000,""alpha"":1,""seed"":1}},""run"":{""method"":""pbsm"",""variant"":""adaptive"",""t"":10000,""seed"":1,""repeats"":3,""j_star"":1000000,""enum_cap"":0,""write_samples"":false,""verify"":false},""output"":{""out_dir"":""run/temp/exp5/uniform_t"",""run_tag"":""exp5_uniform_t""},""sys"":{""threads"":1},""logging"":{""level"":""INFO"",""with_timestamp"":true,""with_thread_id"":false}}","{""generator"":""uniform"",""dataset"":""uniform_t__nr100000__ns100000__a1_000ep00__g1"",""n_r"":100000,""n_s"":100000,""has_exact_k"":false,""k_target"":0,""k_achieved"":0,""alpha_target"":1,""alpha_achieved"":nan,""notes"":""w_min_r=0.005, w_max_r=0.02, w_min_s=0.005, w_max_s=0.02, same_size_all_dims=0""}"
uniform_t__nr100000__ns100000__a1_000ep00__g1,uniform,1,100000,100000,tlsop,sampling,10000,0,1,1,249.422,6.33447e+06,1,0,0,0,,0,"{""build_ms"":29.437653,""run_build_ms"":29.438373,""run_count_ms"":109.615838,""run_sample_ms"":110.365132,""tlsop_alloc_tiles_ms"":0.058929,""tlsop_build_ms"":29.436713,""tlsop_build_edges_ms"":0.000320,""tlsop_count_pass1_ms"":109.611707,""tlsop_pass1_count_caps_ms"":5.744214,""tlsop_pass1_reserve_ms"":0.460670,""tlsop_pass2_fill_ms"":7.573657,""tlsop_sample_draw_ranks_ms"":0.490780,""tlsop_sample_pass2_select_ms"":109.860372,""tlsop_sort_lists_ms"":15.587423}",,"{""dataset"":{""source"":""synthetic"",""name"":""uniform_t__nr100000__ns100000__a1_000ep00__g1"",""dim"":2,""path_r"":"""",""path_s"":"""",""synthetic"":{""generator"":""uniform"",""n_r"":100000,""n_s"":100000,""alpha"":1,""seed"":1}},""run"":{""method"":""tlsop"",""variant"":""sampling"",""t"":10000,""seed"":1,""repeats"":3,""j_star"":1000000,""enum_cap"":0,""write_samples"":false,""verify"":false},""output"":{""out_dir"":""run/temp/exp5/uniform_t"",""run_tag"":""exp5_uniform_t""},""sys"":{""threads"":1},""logging"":{""level"":""INFO"",""with_timestamp"":true,""with_thread_id"":false}}","{""generator"":""uniform"",""dataset"":""uniform_t__nr100000__ns100000__a1_000ep00__g1"",""n_r"":100000,""n_s"":100000,""has_exact_k"":false,""k_target"":0,""k_achieved"":0,""alpha_target"":1,""alpha_achieved"":nan,""notes"":""w_min_r=0.005, w_max_r=0.02, w_min_s=0.005, w_max_s=0.02, same_size_all_dims=0""}"
uniform_t__nr100000__ns100000__a1_000ep00__g1,uniform,1,100000,100000,tlsop,sampling,10000,1,2,1,247.701,6.33447e+06,1,0,0,0,,0,"{""build_ms"":29.895133,""run_build_ms"":29.895583,""run_count_ms"":106.970121,""run_sample_ms"":110.425281,""tlsop_alloc_tiles_ms"":0.061608,""tlsop_build_ms"":29.894193,""tlsop_build_edges_ms"":0.000990,""tlsop_count_pass1_ms"":106.967101,""tlsop_pass1_count_caps_ms"":5.765593,""tlsop_pass1_reserve_ms"":0.439731,""tlsop_pass2_fill_ms"":7.572637,""tlsop_sample_draw_ranks_ms"":0.488530,""tlsop_sample_pass2_select_ms"":109.923461,""tlsop_sort_lists_ms"":15.579393}",,"{""dataset"":{""source"":""synthetic"",""name"":""uniform_t__nr100000__ns100000__a1_000ep00__g1"",""dim"":2,""path_r"":"""",""path_s"":"""",""synthetic"":{""generator"":""uniform"",""n_r"":100000,""n_s"":100000,""alpha"":1,""seed"":1}},""run"":{""method"":""tlsop"",""variant"":""sampling"",""t"":10000,""seed"":1,""repeats"":3,""j_star"":1000000,""enum_cap"":0,""write_samples"":false,""verify"":false},""output"":{""out_dir"":""run/temp/exp5/uniform_t"",""run_tag"":""exp5_uniform_t""},""sys"":{""threads"":1},""logging"":{""level"":""INFO"",""with_timestamp"":true,""with_thread_id"":false}}","{""generator"":""uniform"",""dataset"":""uniform_t__nr100000__ns100000__a1_000ep00__g1"",""n_r"":100000,""n_s"":100000,""has_exact_k"":false,""k_target"":0,""k_achieved"":0,""alpha_target"":1,""alpha_achieved"":nan,""notes"":""w_min_r=0.005, w_max_r=0.02, w_min_s=0.005, w_max_s=0.02, same_size_all_dims=0""}"
uniform_t__nr100000__ns100000__a1_000ep00__g1,uniform,1,100000,100000,tlsop,sampling,10000,2,3,1,247.701,6.33447e+06,1,0,0,0,,0,"{""build_ms"":29.942493,""run_build_ms"":29.943263,""run_count_ms"":107.035309,""run_sample_ms"":110.328663,""tlsop_alloc_tiles_ms"":0.061549,""tlsop_build_ms"":29.941273,""tlsop_build_edges_ms"":0.000460,""tlsop_count_pass1_ms"":107.032729,""tlsop_pass1_count_caps_ms"":5.748184,""tlsop_pass1_reserve_ms"":0.440311,""tlsop_pass2_fill_ms"":7.605956,""tlsop_sample_draw_ranks_ms"":0.476451,""tlsop_sample_pass2_select_ms"":109.839343,""tlsop_sort_lists_ms"":15.603293}",,"{""dataset"":{""source"":""synthetic"",""name"":""uniform_t__nr100000__ns100000__a1_000ep00__g1"",""dim"":2,""path_r"":"""",""path_s"":"""",""synthetic"":{""generator"":""uniform"",""n_r"":100000,""n_s"":100000,""alpha"":1,""seed"":1}},""run"":{""method"":""tlsop"",""variant"":""sampling"",""t"":10000,""seed"":1,""repeats"":3,""j_star"":1000000,""enum_cap"":0,""write_samples"":false,""verify"":false},""output"":{""out_dir"":""run/temp/exp5/uniform_t"",""run_tag"":""exp5_uniform_t""},""sys"":{""threads"":1},""logging"":{""level"":""INFO"",""with_timestamp"":true,""with_thread_id"":false}}","{""generator"":""uniform"",""dataset"":""uniform_t__nr100000__ns100000__a1_000ep00__g1"",""n_r"":100000,""n_s"":100000,""has_exact_k"":false,""k_target"":0,""k_achieved"":0,""alpha_target"":1,""alpha_achieved"":nan,""notes"":""w_min_r=0.005, w_max_r=0.02, w_min_s=0.005, w_max_s=0.02, same_size_all_dims=0""}"
uniform_t__nr100000__ns100000__a1_000ep00__g1,uniform,1,100000,100000,tlsop,adaptive,10000,0,1,1,268.198,6.33447e+06,1,0,1,0,fallback_sampling,1000001,"{""build_ms"":29.411684,""enumerate_prepare_ms"":0.012660,""run_build_ms"":29.412234,""run_fallback_count_ms"":110.214405,""run_fallback_sample_ms"":110.372942,""run_pilot_enum_prepare_ms"":0.013360,""run_pilot_enum_scan_ms"":18.176281,""tlsop_adaptive_pass1_ms"":110.207675,""tlsop_adaptive_sample_large_ms"":110.369342,""tlsop_alloc_tiles_ms"":0.059609,""tlsop_build_ms"":29.410474,""tlsop_build_edges_ms"":0.000370,""tlsop_pass1_count_caps_ms"":5.743495,""tlsop_pass1_reserve_ms"":0.443741,""tlsop_pass2_fill_ms"":7.552987,""tlsop_sort_lists_ms"":15.598444}",,"{""dataset"":{""source"":""synthetic"",""name"":""uniform_t__nr100000__ns100000__a1_000ep00__g1"",""dim"":2,""path_r"":"""",""path_s"":"""",""synthetic"":{""generator"":""uniform"",""n_r"":100000,""n_s"":100000,""alpha"":1,""seed"":1}},""run"":{""method"":""tlsop"",""variant"":""adaptive"",""t"":10000,""seed"":1,""repeats"":3,""j_star"":1000000,""enum_cap"":0,""write_samples"":false,""verify"":false},""output"":{""out_dir"":""run/temp/exp5/uniform_t"",""run_tag"":""exp5_uniform_t""},""sys"":{""threads"":1},""logging"":{""level"":""INFO"",""with_timestamp"":true,""with_thread_id"":false}}","{""generator"":""uniform"",""dataset"":""uniform_t__nr100000__ns100000__a1_000ep00__g1"",""n_r"":100000,""n_s"":100000,""has_exact_k"":false,""k_target"":0,""k_achieved"":0,""alpha_target"":1,""alpha_achieved"":nan,""notes"":""w_min_r=0.005, w_max_r=0.02, w_min_s=0.005, w_max_s=0.02, same_size_all_dims=0""}"
uniform_t__nr100000__ns100000__a1_000ep00__g1,uniform,1,100000,100000,tlsop,adaptive,10000,1,2,1,272.11,6.33447e+06,1,0,1,0,fallback_sampling,1000001,"{""build_ms"":29.920543,""enumerate_prepare_ms"":0.012160,""run_build_ms"":29.921213,""run_fallback_count_ms"":112.770474,""run_fallback_sample_ms"":110.805593,""run_pilot_enum_prepare_ms"":0.013300,""run_pilot_enum_scan_ms"":18.208810,""tlsop_adaptive_pass1_ms"":112.763594,""tlsop_adaptive_sample_large_ms"":110.801983,""tlsop_alloc_tiles_ms"":0.061708,""tlsop_build_ms"":29.919993,""tlsop_build_edges_ms"":0.000610,""tlsop_pass1_count_caps_ms"":5.728334,""tlsop_pass1_reserve_ms"":0.439531,""tlsop_pass2_fill_ms"":7.569406,""tlsop_sort_lists_ms"":15.642313}",,"{""dataset"":{""source"":""synthetic"",""name"":""uniform_t__nr100000__ns100000__a1_000ep00__g1"",""dim"":2,""path_r"":"""",""path_s"":"""",""synthetic"":{""generator"":""uniform"",""n_r"":100000,""n_s"":100000,""alpha"":1,""seed"":1}},""run"":{""method"":""tlsop"",""variant"":""adaptive"",""t"":10000,""seed"":1,""repeats"":3,""j_star"":1000000,""enum_cap"":0,""write_samples"":false,""verify"":false},""output"":{""out_dir"":""run/temp/exp5/uniform_t"",""run_tag"":""exp5_uniform_t""},""sys"":{""threads"":1},""logging"":{""level"":""INFO"",""with_timestamp"":true,""with_thread_id"":false}}","{""generator"":""uniform"",""dataset"":""uniform_t__nr100000__ns100000__a1_000ep00__g1"",""n_r"":100000,""n_s"":100000,""has_exact_k"":false,""k_target"":0,""k_achieved"":0,""alpha_target"":1,""alpha_achieved"":nan,""notes"":""w_min_r=0.005, w_max_r=0.02, w_min_s=0.005, w_max_s=0.02, same_size_all_dims=0""}"
uniform_t__nr100000__ns100000__a1_000ep00__g1,uniform,1,100000,100000,tlsop,adaptive,10000,2,3,1,269.567,6.33447e+06,1,0,1,0,fallback_sampling,1000001,"{""build_ms"":29.980342,""enumerate_prepare_ms"":0.012869,""run_build_ms"":29.981132,""run_fallback_count_ms"":110.292843,""run_fallback_sample_ms"":110.618157,""run_pilot_enum_prepare_ms"":0.013829,""run_pilot_enum_scan_ms"":18.271980,""tlsop_adaptive_pass1_ms"":110.288003,""tlsop_adaptive_sample_large_ms"":110.613877,""tlsop_alloc_tiles_ms"":0.061528,""tlsop_build_ms"":29.979602,""tlsop_build_edges_ms"":0.000790,""tlsop_pass1_count_caps_ms"":5.754613,""tlsop_pass1_reserve_ms"":0.441621,""tlsop_pass2_fill_ms"":7.551617,""tlsop_sort_lists_ms"":15.689902}",,"{""dataset"":{""source"":""synthetic"",""name"":""uniform_t__nr100000__ns100000__a1_000ep00__g1"",""dim"":2,""path_r"":"""",""path_s"":"""",""synthetic"":{""generator"":""uniform"",""n_r"":100000,""n_s"":100000,""alpha"":1,""seed"":1}},""run"":{""method"":""tlsop"",""variant"":""adaptive"",""t"":10000,""seed"":1,""repeats"":3,""j_star"":1000000,""enum_cap"":0,""write_samples"":false,""verify"":false},""output"":{""out_dir"":""run/temp/exp5/uniform_t"",""run_tag"":""exp5_uniform_t""},""sys"":{""threads"":1},""logging"":{""level"":""INFO"",""with_timestamp"":true,""with_thread_id"":false}}","{""generator"":""uniform"",""dataset"":""uniform_t__nr100000__ns100000__a1_000ep00__g1"",""n_r"":100000,""n_s"":100000,""has_exact_k"":false,""k_target"":0,""k_achieved"":0,""alpha_target"":1,""alpha_achieved"":nan,""notes"":""w_min_r=0.005, w_max_r=0.02, w_min_s=0.005, w_max_s=0.02, same_size_all_dims=0""}"
uniform_t__nr100000__ns100000__a1_000ep00__g1,uniform,1,100000,100000,sirs,sampling,10000,0,1,1,527.204,6.33447e+06,1,0,0,0,,0,"{""build_ms"":122.359919,""count_ms"":341.268050,""run_build_ms"":122.360729,""run_count_ms"":341.269860,""run_sample_ms"":63.570921,""sample_ms"":63.568311,""sirs_build_index_ms"":122.359459,""sirs_build_kd_ms"":11.186433,""sirs_embed_inner_ms"":56.062263,""sirs_phase1_degrees_ms"":341.265880,""sirs_rank_axes_ms"":55.104993}",,"{""dataset"":{""source"":""synthetic"",""name"":""uniform_t__nr100000__ns100000__a1_000ep00__g1"",""dim"":2,""path_r"":"""",""path_s"":"""",""synthetic"":{""generator"":""uniform"",""n_r"":100000,""n_s"":100000,""alpha"":1,""seed"":1}},""run"":{""method"":""sirs"",""variant"":""sampling"",""t"":10000,""seed"":1,""repeats"":3,""j_star"":1000000,""enum_cap"":0,""write_samples"":false,""verify"":false},""output"":{""out_dir"":""run/temp/exp5/uniform_t"",""run_tag"":""exp5_uniform_t""},""sys"":{""threads"":1},""logging"":{""level"":""INFO"",""with_timestamp"":true,""with_thread_id"":false}}","{""generator"":""uniform"",""dataset"":""uniform_t__nr100000__ns100000__a1_000ep00__g1"",""n_r"":100000,""n_s"":100000,""has_exact_k"":false,""k_target"":0,""k_achieved"":0,""alpha_target"":1,""alpha_achieved"":nan,""notes"":""w_min_r=0.005, w_max_r=0.02, w_min_s=0.005, w_max_s=0.02, same_size_all_dims=0""}"
uniform_t__nr100000__ns100000__a1_000ep00__g1,uniform,1,100000,100000,sirs,sampling,10000,1,2,1,529.295,6.33447e+06,1,0,0,0,,0,"{""build_ms"":124.617743,""count_ms"":341.107293,""run_build_ms"":124.618423,""run_count_ms"":341.108423,""run_sample_ms"":63.565571,""sample_ms"":63.563421,""sirs_build_index_ms"":124.617203,""sirs_build_kd_ms"":11.200353,""sirs_embed_inner_ms"":56.075653,""sirs_phase1_degrees_ms"":341.104723,""sirs_rank_axes_ms"":57.335507}",,"{""dataset"":{""source"":""synthetic"",""name"":""uniform_t__nr100000__ns100000__a1_000ep00__g1"",""dim"":2,""path_r"":"""",""path_s"":"""",""synthetic"":{""generator"":""uniform"",""n_r"":100000,""n_s"":100000,""alpha"":1,""seed"":1}},""run"":{""method"":""sirs"",""variant"":""sampling"",""t"":10000,""seed"":1,""repeats"":3,""j_star"":1000000,""enum_cap"":0,""write_samples"":false,""verify"":false},""output"":{""out_dir"":""run/temp/exp5/uniform_t"",""run_tag"":""exp5_uniform_t""},""sys"":{""threads"":1},""logging"":{""level"":""INFO"",""with_timestamp"":true,""with_thread_id"":false}}","{""generator"":""uniform"",""dataset"":""uniform_t__nr100000__ns100000__a1_000ep00__g1"",""n_r"":100000,""n_s"":100000,""has_exact_k"":false,""k_target"":0,""k_achieved"":0,""alpha_target"":1,""alpha_achieved"":nan,""notes"":""w_min_r=0.005, w_max_r=0.02, w_min_s=0.005, w_max_s=0.02, same_size_all_dims=0""}"
uniform_t__nr100000__ns100000__a1_000ep00__g1,uniform,1,100000,100000,sirs,sampling,10000,2,3,1,529.201,6.33447e+06,1,0,0,0,,0,"{""build_ms"":121.964837,""count_ms"":341.085134,""run_build_ms"":121.965316,""run_count_ms"":341.086384,""run_sample_ms"":66.147069,""sample_ms"":66.144779,""sirs_build_index_ms"":121.964147,""sirs_build_kd_ms"":11.177253,""sirs_embed_inner_ms"":56.083182,""sirs_phase1_degrees_ms"":341.082634,""sirs_rank_axes_ms"":54.697141}",,"{""dataset"":{""source"":""synthetic"",""name"":""uniform_t__nr100000__ns100000__a1_000ep00__g1"",""dim"":2,""path_r"":"""",""path_s"":"""",""synthetic"":{""generator"":""uniform"",""n_r"":100000,""n_s"":100000,""alpha"":1,""seed"":1}},""run"":{""method"":""sirs"",""variant"":""sampling"",""t"":10000,""seed"":1,""repeats"":3,""j_star"":1000000,""enum_cap"":0,""write_samples"":false,""verify"":false},""output"":{""out_dir"":""run/temp/exp5/uniform_t"",""run_tag"":""exp5_uniform_t""},""sys"":{""threads"":1},""logging"":{""level"":""INFO"",""with_timestamp"":true,""with_thread_id"":false}}","{""generator"":""uniform"",""dataset"":""uniform_t__nr100000__ns100000__a1_000ep00__g1"",""n_r"":100000,""n_s"":100000,""has_exact_k"":false,""k_target"":0,""k_achieved"":0,""alpha_target"":1,""alpha_achieved"":nan,""notes"":""w_min_r=0.005, w_max_r=0.02, w_min_s=0.005, w_max_s=0.02, same_size_all_dims=0""}"
uniform_t__nr100000__ns100000__a1_000ep00__g1,uniform,1,100000,100000,sirs,adaptive,10000,0,1,1,628.567,6.33447e+06,1,0,1,0,fallback_sampling,1000001,"{""build_ms"":122.382689,""count_ms"":360.667937,""run_build_ms"":122.383289,""run_fallback_count_ms"":360.670437,""run_fallback_sample_ms"":63.443283,""run_pilot_enum_prepare_ms"":0.000640,""run_pilot_enum_scan_ms"":82.058496,""sample_ms"":63.440963,""sirs_build_index_ms"":122.382019,""sirs_build_kd_ms"":11.193823,""sirs_embed_inner_ms"":56.079533,""sirs_rank_axes_ms"":55.101922}",,"{""dataset"":{""source"":""synthetic"",""name"":""uniform_t__nr100000__ns100000__a1_000ep00__g1"",""dim"":2,""path_r"":"""",""path_s"":"""",""synthetic"":{""generator"":""uniform"",""n_r"":100000,""n_s"":100000,""alpha"":1,""seed"":1}},""run"":{""method"":""sirs"",""variant"":""adaptive"",""t"":10000,""seed"":1,""repeats"":3,""j_star"":1000000,""enum_cap"":0,""write_samples"":false,""verify"":false},""output"":{""out_dir"":""run/temp/exp5/uniform_t"",""run_tag"":""exp5_uniform_t""},""sys"":{""threads"":1},""logging"":{""level"":""INFO"",""with_timestamp"":true,""with_thread_id"":false}}","{""generator"":""uniform"",""dataset"":""uniform_t__nr100000__ns100000__a1_000ep00__g1"",""n_r"":100000,""n_s"":100000,""has_exact_k"":false,""k_target"":0,""k_achieved"":0,""alpha_target"":1,""alpha_achieved"":nan,""notes"":""w_min_r=0.005, w_max_r=0.02, w_min_s=0.005, w_max_s=0.02, same_size_all_dims=0""}"
uniform_t__nr100000__ns100000__a1_000ep00__g1,uniform,1,100000,100000,sirs,adaptive,10000,1,2,1,629.95,6.33447e+06,1,0,1,0,fallback_sampling,1000001,"{""build_ms"":121.970277,""count_ms"":362.466850,""run_build_ms"":121.970927,""run_fallback_count_ms"":362.469700,""run_fallback_sample_ms"":63.450513,""run_pilot_enum_prepare_ms"":0.000520,""run_pilot_enum_scan_ms"":82.041657,""sample_ms"":63.448133,""sirs_build_index_ms"":121.969587,""sirs_build_kd_ms"":11.202283,""sirs_embed_inner_ms"":56.048594,""sirs_rank_axes_ms"":54.712111}",,"{""dataset"":{""source"":""synthetic"",""name"":""uniform_t__nr100000__ns100000__a1_000ep00__g1"",""dim"":2,""path_r"":"""",""path_s"":"""",""synthetic"":{""generator"":""uniform"",""n_r"":100000,""n_s"":100000,""alpha"":1,""seed"":1}},""run"":{""method"":""sirs"",""variant"":""adaptive"",""t"":10000,""seed"":1,""repeats"":3,""j_star"":1000000,""enum_cap"":0,""write_samples"":false,""verify"":false},""output"":{""out_dir"":""run/temp/exp5/uniform_t"",""run_tag"":""exp5_uniform_t""},""sys"":{""threads"":1},""logging"":{""level"":""INFO"",""with_timestamp"":true,""with_thread_id"":false}}","{""generator"":""uniform"",""dataset"":""uniform_t__nr100000__ns100000__a1_000ep00__g1"",""n_r"":100000,""n_s"":100000,""has_exact_k"":false,""k_target"":0,""k_achieved"":0,""alpha_target"":1,""alpha_achieved"":nan,""notes"":""w_min_r=0.005, w_max_r=0.02, w_min_s=0.005, w_max_s=0.02, same_size_all_dims=0""}"
uniform_t__nr100000__ns100000__a1_000ep00__g1,uniform,1,100000,100000,sirs,adaptive,10000,2,3,1,627.466,6.33447e+06,1,0,1,0,fallback_sampling,1000001,"{""build_ms"":122.028155,""count_ms"":360.126349,""run_build_ms"":122.028745,""run_fallback_count_ms"":360.129759,""run_fallback_sample_ms"":63.287797,""run_pilot_enum_prepare_ms"":0.000670,""run_pilot_enum_scan_ms"":82.003757,""sample_ms"":63.285496,""sirs_build_index_ms"":122.026835,""sirs_build_kd_ms"":11.185632,""sirs_embed_inner_ms"":56.164562,""sirs_rank_axes_ms"":54.669971}",,"{""dataset"":{""source"":""synthetic"",""name"":""uniform_t__nr100000__ns100000__a1_000ep00__g1"",""dim"":2,""path_r"":"""",""path_s"":"""",""synthetic"":{""generator"":""uniform"",""n_r"":100000,""n_s"":100000,""alpha"":1,""seed"":1}},""run"":{""method"":""sirs"",""variant"":""adaptive"",""t"":10000,""seed"":1,""repeats"":3,""j_star"":1000000,""enum_cap"":0,""write_samples"":false,""verify"":false},""output"":{""out_dir"":""run/temp/exp5/uniform_t"",""run_tag"":""exp5_uniform_t""},""sys"":{""threads"":1},""logging"":{""level"":""INFO"",""with_timestamp"":true,""with_thread_id"":false}}","{""generator"":""uniform"",""dataset"":""uniform_t__nr100000__ns100000__a1_000ep00__g1"",""n_r"":100000,""n_s"":100000,""has_exact_k"":false,""k_target"":0,""k_achieved"":0,""alpha_target"":1,""alpha_achieved"":nan,""notes"":""w_min_r=0.005, w_max_r=0.02, w_min_s=0.005, w_max_s=0.02, same_size_all_dims=0""}"
uniform_t__nr100000__ns100000__a1_000ep00__g1,uniform,1,100000,100000,rejection,sampling,10000,0,1,0,-1,-1,0,0,0,0,,0,{},SKIPPED: rejection+sampling is disabled in sjs_sweep; use variant=adaptive.,"{""dataset"":{""source"":""synthetic"",""name"":""uniform_t__nr100000__ns100000__a1_000ep00__g1"",""dim"":2,""path_r"":"""",""path_s"":"""",""synthetic"":{""generator"":""uniform"",""n_r"":100000,""n_s"":100000,""alpha"":1,""seed"":1}},""run"":{""method"":""rejection"",""variant"":""sampling"",""t"":10000,""seed"":1,""repeats"":3,""j_star"":1000000,""enum_cap"":0,""write_samples"":false,""verify"":false},""output"":{""out_dir"":""run/temp/exp5/uniform_t"",""run_tag"":""exp5_uniform_t""},""sys"":{""threads"":1},""logging"":{""level"":""INFO"",""with_timestamp"":true,""with_thread_id"":false}}","{""generator"":""uniform"",""dataset"":""uniform_t__nr100000__ns100000__a1_000ep00__g1"",""n_r"":100000,""n_s"":100000,""has_exact_k"":false,""k_target"":0,""k_achieved"":0,""alpha_target"":1,""alpha_achieved"":nan,""notes"":""w_min_r=0.005, w_max_r=0.02, w_min_s=0.005, w_max_s=0.02, same_size_all_dims=0""}"
uniform_t__nr100000__ns100000__a1_000ep00__g1,uniform,1,100000,100000,rejection,sampling,10000,1,2,0,-1,-1,0,0,0,0,,0,{},SKIPPED: rejection+sampling is disabled in sjs_sweep; use variant=adaptive.,"{""dataset"":{""source"":""synthetic"",""name"":""uniform_t__nr100000__ns100000__a1_000ep00__g1"",""dim"":2,""path_r"":"""",""path_s"":"""",""synthetic"":{""generator"":""uniform"",""n_r"":100000,""n_s"":100000,""alpha"":1,""seed"":1}},""run"":{""method"":""rejection"",""variant"":""sampling"",""t"":10000,""seed"":1,""repeats"":3,""j_star"":1000000,""enum_cap"":0,""write_samples"":false,""verify"":false},""output"":{""out_dir"":""run/temp/exp5/uniform_t"",""run_tag"":""exp5_uniform_t""},""sys"":{""threads"":1},""logging"":{""level"":""INFO"",""with_timestamp"":true,""with_thread_id"":false}}","{""generator"":""uniform"",""dataset"":""uniform_t__nr100000__ns100000__a1_000ep00__g1"",""n_r"":100000,""n_s"":100000,""has_exact_k"":false,""k_target"":0,""k_achieved"":0,""alpha_target"":1,""alpha_achieved"":nan,""notes"":""w_min_r=0.005, w_max_r=0.02, w_min_s=0.005, w_max_s=0.02, same_size_all_dims=0""}"
uniform_t__nr100000__ns100000__a1_000ep00__g1,uniform,1,100000,100000,rejection,sampling,10000,2,3,0,-1,-1,0,0,0,0,,0,{},SKIPPED: rejection+sampling is disabled in sjs_sweep; use variant=adaptive.,"{""dataset"":{""source"":""synthetic"",""name"":""uniform_t__nr100000__ns100000__a1_000ep00__g1"",""dim"":2,""path_r"":"""",""path_s"":"""",""synthetic"":{""generator"":""uniform"",""n_r"":100000,""n_s"":100000,""alpha"":1,""seed"":1}},""run"":{""method"":""rejection"",""variant"":""sampling"",""t"":10000,""seed"":1,""repeats"":3,""j_star"":1000000,""enum_cap"":0,""write_samples"":false,""verify"":false},""output"":{""out_dir"":""run/temp/exp5/uniform_t"",""run_tag"":""exp5_uniform_t""},""sys"":{""threads"":1},""logging"":{""level"":""INFO"",""with_timestamp"":true,""with_thread_id"":false}}","{""generator"":""uniform"",""dataset"":""uniform_t__nr100000__ns100000__a1_000ep00__g1"",""n_r"":100000,""n_s"":100000,""has_exact_k"":false,""k_target"":0,""k_achieved"":0,""alpha_target"":1,""alpha_achieved"":nan,""notes"":""w_min_r=0.005, w_max_r=0.02, w_min_s=0.005, w_max_s=0.02, same_size_all_dims=0""}"
uniform_t__nr100000__ns100000__a1_000ep00__g1,uniform,1,100000,100000,rejection,adaptive,10000,0,1,1,232.21,6.33516e+06,0,0,1,0,fallback_sampling,1000001,"{""adaptive_phase1_ms"":51.765191,""adaptive_sample_ms"":5.168385,""build_ms"":131.018933,""build_M_ms"":0.123748,""build_cellmap_ms"":14.724371,""build_mu_alias_ms"":115.887630,""build_slab_index_ms"":0.275395,""count_pilot_ms"":9.110015,""run_build_ms"":131.020343,""run_fallback_count_ms"":51.767041,""run_fallback_sample_ms"":5.169635,""run_pilot_enum_prepare_ms"":0.002149,""run_pilot_enum_scan_ms"":44.241493}",,"{""dataset"":{""source"":""synthetic"",""name"":""uniform_t__nr100000__ns100000__a1_000ep00__g1"",""dim"":2,""path_r"":"""",""path_s"":"""",""synthetic"":{""generator"":""uniform"",""n_r"":100000,""n_s"":100000,""alpha"":1,""seed"":1}},""run"":{""method"":""rejection"",""variant"":""adaptive"",""t"":10000,""seed"":1,""repeats"":3,""j_star"":1000000,""enum_cap"":0,""write_samples"":false,""verify"":false},""output"":{""out_dir"":""run/temp/exp5/uniform_t"",""run_tag"":""exp5_uniform_t""},""sys"":{""threads"":1},""logging"":{""level"":""INFO"",""with_timestamp"":true,""with_thread_id"":false}}","{""generator"":""uniform"",""dataset"":""uniform_t__nr100000__ns100000__a1_000ep00__g1"",""n_r"":100000,""n_s"":100000,""has_exact_k"":false,""k_target"":0,""k_achieved"":0,""alpha_target"":1,""alpha_achieved"":nan,""notes"":""w_min_r=0.005, w_max_r=0.02, w_min_s=0.005, w_max_s=0.02, same_size_all_dims=0""}"
uniform_t__nr100000__ns100000__a1_000ep00__g1,uniform,1,100000,100000,rejection,adaptive,10000,1,2,1,237.42,6.35788e+06,0,0,1,0,fallback_sampling,1000001,"{""adaptive_phase1_ms"":52.214402,""adaptive_sample_ms"":4.347022,""build_ms"":128.162592,""build_M_ms"":0.107878,""build_cellmap_ms"":14.941947,""build_mu_alias_ms"":112.839632,""build_slab_index_ms"":0.261395,""count_pilot_ms"":9.214814,""run_build_ms"":128.220410,""run_fallback_count_ms"":52.215991,""run_fallback_sample_ms"":4.348052,""run_pilot_enum_prepare_ms"":0.001910,""run_pilot_enum_scan_ms"":44.171924}",,"{""dataset"":{""source"":""synthetic"",""name"":""uniform_t__nr100000__ns100000__a1_000ep00__g1"",""dim"":2,""path_r"":"""",""path_s"":"""",""synthetic"":{""generator"":""uniform"",""n_r"":100000,""n_s"":100000,""alpha"":1,""seed"":1}},""run"":{""method"":""rejection"",""variant"":""adaptive"",""t"":10000,""seed"":1,""repeats"":3,""j_star"":1000000,""enum_cap"":0,""write_samples"":false,""verify"":false},""output"":{""out_dir"":""run/temp/exp5/uniform_t"",""run_tag"":""exp5_uniform_t""},""sys"":{""threads"":1},""logging"":{""level"":""INFO"",""with_timestamp"":true,""with_thread_id"":false}}","{""generator"":""uniform"",""dataset"":""uniform_t__nr100000__ns100000__a1_000ep00__g1"",""n_r"":100000,""n_s"":100000,""has_exact_k"":false,""k_target"":0,""k_achieved"":0,""alpha_target"":1,""alpha_achieved"":nan,""notes"":""w_min_r=0.005, w_max_r=0.02, w_min_s=0.005, w_max_s=0.02, same_size_all_dims=0""}"
uniform_t__nr100000__ns100000__a1_000ep00__g1,uniform,1,100000,100000,rejection,adaptive,10000,2,3,1,238.817,6.35092e+06,0,0,1,0,fallback_sampling,1000001,"{""adaptive_phase1_ms"":52.207232,""adaptive_sample_ms"":4.360941,""build_ms"":128.708400,""build_M_ms"":0.107908,""build_cellmap_ms"":14.883538,""build_mu_alias_ms"":113.438120,""build_slab_index_ms"":0.268125,""count_pilot_ms"":9.158444,""run_build_ms"":128.765010,""run_fallback_count_ms"":52.209452,""run_fallback_sample_ms"":4.362341,""run_pilot_enum_prepare_ms"":0.001660,""run_pilot_enum_scan_ms"":44.724673}",,"{""dataset"":{""source"":""synthetic"",""name"":""uniform_t__nr100000__ns100000__a1_000ep00__g1"",""dim"":2,""path_r"":"""",""path_s"":"""",""synthetic"":{""generator"":""uniform"",""n_r"":100000,""n_s"":100000,""alpha"":1,""seed"":1}},""run"":{""method"":""rejection"",""variant"":""adaptive"",""t"":10000,""seed"":1,""repeats"":3,""j_star"":1000000,""enum_cap"":0,""write_samples"":false,""verify"":false},""output"":{""out_dir"":""run/temp/exp5/uniform_t"",""run_tag"":""exp5_uniform_t""},""sys"":{""threads"":1},""logging"":{""level"":""INFO"",""with_timestamp"":true,""with_thread_id"":false}}","{""generator"":""uniform"",""dataset"":""uniform_t__nr100000__ns100000__a1_000ep00__g1"",""n_r"":100000,""n_s"":100000,""has_exact_k"":false,""k_target"":0,""k_achieved"":0,""alpha_target"":1,""alpha_achieved"":nan,""notes"":""w_min_r=0.005, w_max_r=0.02, w_min_s=0.005, w_max_s=0.02, same_size_all_dims=0""}"
uniform_t__nr100000__ns100000__a1_000ep00__g1,uniform,1,100000,100000,ours,sampling,30000,0,1,1,551.907,6.33447e+06,1,0,0,0,,0,"{""build_active_indices_ms"":5.580917,""build_events_ms"":34.483831,""build_ranks_ms"":43.953818,""build_y_domain_ms"":13.956997,""phase1_count_ms"":266.696993,""phase2_plan_ms"":7.192555,""phase3_sample_ms"":178.262116,""run_build_ms"":99.732428,""run_count_ms"":266.700083,""run_sample_ms"":185.469439}",,"{""dataset"":{""source"":""synthetic"",""name"":""uniform_t__nr100000__ns100000__a1_000ep00__g1"",""dim"":2,""path_r"":"""",""path_s"":"""",""synthetic"":{""generator"":""uniform"",""n_r"":100000,""n_s"":100000,""alpha"":1,""seed"":1}},""run"":{""method"":""ours"",""variant"":""sampling"",""t"":30000,""seed"":1,""repeats"":3,""j_star"":1000000,""enum_cap"":0,""write_samples"":false,""verify"":false},""output"":{""out_dir"":""run/temp/exp5/uniform_t"",""run_tag"":""exp5_uniform_t""},""sys"":{""threads"":1},""logging"":{""level"":""INFO"",""with_timestamp"":true,""with_thread_id"":false}}","{""generator"":""uniform"",""dataset"":""uniform_t__nr100000__ns100000__a1_000ep00__g1"",""n_r"":100000,""n_s"":100000,""has_exact_k"":false,""k_target"":0,""k_achieved"":0,""alpha_target"":1,""alpha_achieved"":nan,""notes"":""w_min_r=0.005, w_max_r=0.02, w_min_s=0.005, w_max_s=0.02, same_size_all_dims=0""}"
uniform_t__nr100000__ns100000__a1_000ep00__g1,uniform,1,100000,100000,ours,sampling,30000,1,2,1,618.293,6.33447e+06,1,0,0,0,,0,"{""build_active_indices_ms"":5.473518,""build_events_ms"":41.537728,""build_ranks_ms"":43.891910,""build_y_domain_ms"":13.984286,""phase1_count_ms"":267.814970,""phase2_plan_ms"":7.263333,""phase3_sample_ms"":174.081530,""run_build_ms"":106.646757,""run_count_ms"":267.818220,""run_sample_ms"":181.358953}",,"{""dataset"":{""source"":""synthetic"",""name"":""uniform_t__nr100000__ns100000__a1_000ep00__g1"",""dim"":2,""path_r"":"""",""path_s"":"""",""synthetic"":{""generator"":""uniform"",""n_r"":100000,""n_s"":100000,""alpha"":1,""seed"":1}},""run"":{""method"":""ours"",""variant"":""sampling"",""t"":30000,""seed"":1,""repeats"":3,""j_star"":1000000,""enum_cap"":0,""write_samples"":false,""verify"":false},""output"":{""out_dir"":""run/temp/exp5/uniform_t"",""run_tag"":""exp5_uniform_t""},""sys"":{""threads"":1},""logging"":{""level"":""INFO"",""with_timestamp"":true,""with_thread_id"":false}}","{""generator"":""uniform"",""dataset"":""uniform_t__nr100000__ns100000__a1_000ep00__g1"",""n_r"":100000,""n_s"":100000,""has_exact_k"":false,""k_target"":0,""k_achieved"":0,""alpha_target"":1,""alpha_achieved"":nan,""notes"":""w_min_r=0.005, w_max_r=0.02, w_min_s=0.005, w_max_s=0.02, same_size_all_dims=0""}"
uniform_t__nr100000__ns100000__a1_000ep00__g1,uniform,1,100000,100000,ours,sampling,30000,2,3,1,619.582,6.33447e+06,1,0,0,0,,0,"{""build_active_indices_ms"":5.458580,""build_events_ms"":58.574703,""build_ranks_ms"":43.880320,""build_y_domain_ms"":13.978026,""phase1_count_ms"":271.188512,""phase2_plan_ms"":7.206854,""phase3_sample_ms"":174.871005,""run_build_ms"":123.665053,""run_count_ms"":271.192472,""run_sample_ms"":182.092478}",,"{""dataset"":{""source"":""synthetic"",""name"":""uniform_t__nr100000__ns100000__a1_000ep00__g1"",""dim"":2,""path_r"":"""",""path_s"":"""",""synthetic"":{""generator"":""uniform"",""n_r"":100000,""n_s"":100000,""alpha"":1,""seed"":1}},""run"":{""method"":""ours"",""variant"":""sampling"",""t"":30000,""seed"":1,""repeats"":3,""j_star"":1000000,""enum_cap"":0,""write_samples"":false,""verify"":false},""output"":{""out_dir"":""run/temp/exp5/uniform_t"",""run_tag"":""exp5_uniform_t""},""sys"":{""threads"":1},""logging"":{""level"":""INFO"",""with_timestamp"":true,""with_thread_id"":false}}","{""generator"":""uniform"",""dataset"":""uniform_t__nr100000__ns100000__a1_000ep00__g1"",""n_r"":100000,""n_s"":100000,""has_exact_k"":false,""k_target"":0,""k_achieved"":0,""alpha_target"":1,""alpha_achieved"":nan,""notes"":""w_min_r=0.005, w_max_r=0.02, w_min_s=0.005, w_max_s=0.02, same_size_all_dims=0""}"
uniform_t__nr100000__ns100000__a1_000ep00__g1,uniform,1,100000,100000,ours,adaptive,30000,0,1,1,626.953,6.33447e+06,1,0,1,0,fallback_sampling,1000001,"{""build_active_indices_ms"":5.605966,""build_events_ms"":34.480681,""build_ranks_ms"":43.956489,""build_y_domain_ms"":13.971717,""phase1_count_adaptive_ms"":269.517776,""phase2_plan_ms"":7.236334,""phase3_sample_ms"":180.178827,""run_build_ms"":99.798066,""run_fallback_count_ms"":269.521296,""run_fallback_sample_ms"":187.431190,""run_pilot_enum_prepare_ms"":1.525229,""run_pilot_enum_scan_ms"":68.664558,""sample_ms"":187.428999}",,"{""dataset"":{""source"":""synthetic"",""name"":""uniform_t__nr100000__ns100000__a1_000ep00__g1"",""dim"":2,""path_r"":"""",""path_s"":"""",""synthetic"":{""generator"":""uniform"",""n_r"":100000,""n_s"":100000,""alpha"":1,""seed"":1}},""run"":{""method"":""ours"",""variant"":""adaptive"",""t"":30000,""seed"":1,""repeats"":3,""j_star"":1000000,""enum_cap"":0,""write_samples"":false,""verify"":false},""output"":{""out_dir"":""run/temp/exp5/uniform_t"",""run_tag"":""exp5_uniform_t""},""sys"":{""threads"":1},""logging"":{""level"":""INFO"",""with_timestamp"":true,""with_thread_id"":false}}","{""generator"":""uniform"",""dataset"":""uniform_t__nr100000__ns100000__a1_000ep00__g1"",""n_r"":100000,""n_s"":100000,""has_exact_k"":false,""k_target"":0,""k_achieved"":0,""alpha_target"":1,""alpha_achieved"":nan,""notes"":""w_min_r=0.005, w_max_r=0.02, w_min_s=0.005, w_max_s=0.02, same_size_all_dims=0""}"
uniform_t__nr100000__ns100000__a1_000ep00__g1,uniform,1,100000,100000,ours,adaptive,30000,1,2,1,688.324,6.33447e+06,1,0,1,0,fallback_sampling,1000001,"{""build_active_indices_ms"":5.525268,""build_events_ms"":41.404490,""build_ranks_ms"":43.957988,""build_y_domain_ms"":13.978107,""phase1_count_adaptive_ms"":269.952237,""phase2_plan_ms"":7.247932,""phase3_sample_ms"":175.619540,""run_build_ms"":106.682767,""run_fallback_count_ms"":269.956937,""run_fallback_sample_ms"":182.883272,""run_pilot_enum_prepare_ms"":1.560958,""run_pilot_enum_scan_ms"":69.432822,""sample_ms"":182.881392}",,"{""dataset"":{""source"":""synthetic"",""name"":""uniform_t__nr100000__ns100000__a1_000ep00__g1"",""dim"":2,""path_r"":"""",""path_s"":"""",""synthetic"":{""generator"":""uniform"",""n_r"":100000,""n_s"":100000,""alpha"":1,""seed"":1}},""run"":{""method"":""ours"",""variant"":""adaptive"",""t"":30000,""seed"":1,""repeats"":3,""j_star"":1000000,""enum_cap"":0,""write_samples"":false,""verify"":false},""output"":{""out_dir"":""run/temp/exp5/uniform_t"",""run_tag"":""exp5_uniform_t""},""sys"":{""threads"":1},""logging"":{""level"":""INFO"",""with_timestamp"":true,""with_thread_id"":false}}","{""generator"":""uniform"",""dataset"":""uniform_t__nr100000__ns100000__a1_000ep00__g1"",""n_r"":100000,""n_s"":100000,""has_exact_k"":false,""k_target"":0,""k_achieved"":0,""alpha_target"":1,""alpha_achieved"":nan,""notes"":""w_min_r=0.005, w_max_r=0.02, w_min_s=0.005, w_max_s=0.02, same_size_all_dims=0""}"
uniform_t__nr100000__ns100000__a1_000ep00__g1,uniform,1,100000,100000,ours,adaptive,30000,2,3,1,690.474,6.33447e+06,1,0,1,0,fallback_sampling,1000001,"{""build_active_indices_ms"":5.511888,""build_events_ms"":41.453759,""build_ranks_ms"":43.971538,""build_y_domain_ms"":13.966627,""phase1_count_adaptive_ms"":269.433218,""phase2_plan_ms"":7.258253,""phase3_sample_ms"":176.357654,""run_build_ms"":106.685557,""run_fallback_count_ms"":269.437058,""run_fallback_sample_ms"":183.632697,""run_pilot_enum_prepare_ms"":1.554668,""run_pilot_enum_scan_ms"":72.155367,""sample_ms"":183.631147}",,"{""dataset"":{""source"":""synthetic"",""name"":""uniform_t__nr100000__ns100000__a1_000ep00__g1"",""dim"":2,""path_r"":"""",""path_s"":"""",""synthetic"":{""generator"":""uniform"",""n_r"":100000,""n_s"":100000,""alpha"":1,""seed"":1}},""run"":{""method"":""ours"",""variant"":""adaptive"",""t"":30000,""seed"":1,""repeats"":3,""j_star"":1000000,""enum_cap"":0,""write_samples"":false,""verify"":false},""output"":{""out_dir"":""run/temp/exp5/uniform_t"",""run_tag"":""exp5_uniform_t""},""sys"":{""threads"":1},""logging"":{""level"":""INFO"",""with_timestamp"":true,""with_thread_id"":false}}","{""generator"":""uniform"",""dataset"":""uniform_t__nr100000__ns100000__a1_000ep00__g1"",""n_r"":100000,""n_s"":100000,""has_exact_k"":false,""k_target"":0,""k_achieved"":0,""alpha_target"":1,""alpha_achieved"":nan,""notes"":""w_min_r=0.005, w_max_r=0.02, w_min_s=0.005, w_max_s=0.02, same_size_all_dims=0""}"
uniform_t__nr100000__ns100000__a1_000ep00__g1,uniform,1,100000,100000,aabb,sampling,30000,0,1,1,452.514,6.33447e+06,1,0,0,0,,0,"{""build_ms"":36.187676,""phase1_count_ms"":280.478523,""phase2_assign_ms"":7.561787,""phase3_sample_ms"":128.266469,""run_build_ms"":36.189386,""run_count_ms"":280.482053,""run_sample_ms"":135.839376}",,"{""dataset"":{""source"":""synthetic"",""name"":""uniform_t__nr100000__ns100000__a1_000ep00__g1"",""dim"":2,""path_r"":"""",""path_s"":"""",""synthetic"":{""generator"":""uniform"",""n_r"":100000,""n_s"":100000,""alpha"":1,""seed"":1}},""run"":{""method"":""aabb"",""variant"":""sampling"",""t"":30000,""seed"":1,""repeats"":3,""j_star"":1000000,""enum_cap"":0,""write_samples"":false,""verify"":false},""output"":{""out_dir"":""run/temp/exp5/uniform_t"",""run_tag"":""exp5_uniform_t""},""sys"":{""threads"":1},""logging"":{""level"":""INFO"",""with_timestamp"":true,""with_thread_id"":false}}","{""generator"":""uniform"",""dataset"":""uniform_t__nr100000__ns100000__a1_000ep00__g1"",""n_r"":100000,""n_s"":100000,""has_exact_k"":false,""k_target"":0,""k_achieved"":0,""alpha_target"":1,""alpha_achieved"":nan,""notes"":""w_min_r=0.005, w_max_r=0.02, w_min_s=0.005, w_max_s=0.02, same_size_all_dims=0""}"
uniform_t__nr100000__ns100000__a1_000ep00__g1,uniform,1,100000,100000,aabb,sampling,30000,1,2,1,455.506,6.33447e+06,1,0,0,0,,0,"{""build_ms"":38.819774,""phase1_count_ms"":280.942694,""phase2_assign_ms"":7.597037,""phase3_sample_ms"":128.129663,""run_build_ms"":38.821073,""run_count_ms"":280.945973,""run_sample_ms"":135.736869}",,"{""dataset"":{""source"":""synthetic"",""name"":""uniform_t__nr100000__ns100000__a1_000ep00__g1"",""dim"":2,""path_r"":"""",""path_s"":"""",""synthetic"":{""generator"":""uniform"",""n_r"":100000,""n_s"":100000,""alpha"":1,""seed"":1}},""run"":{""method"":""aabb"",""variant"":""sampling"",""t"":30000,""seed"":1,""repeats"":3,""j_star"":1000000,""enum_cap"":0,""write_samples"":false,""verify"":false},""output"":{""out_dir"":""run/temp/exp5/uniform_t"",""run_tag"":""exp5_uniform_t""},""sys"":{""threads"":1},""logging"":{""level"":""INFO"",""with_timestamp"":true,""with_thread_id"":false}}","{""generator"":""uniform"",""dataset"":""uniform_t__nr100000__ns100000__a1_000ep00__g1"",""n_r"":100000,""n_s"":100000,""has_exact_k"":false,""k_target"":0,""k_achieved"":0,""alpha_target"":1,""alpha_achieved"":nan,""notes"":""w_min_r=0.005, w_max_r=0.02, w_min_s=0.005, w_max_s=0.02, same_size_all_dims=0""}"
uniform_t__nr100000__ns100000__a1_000ep00__g1,uniform,1,100000,100000,aabb,sampling,30000,2,3,1,452.563,6.33447e+06,1,0,0,0,,0,"{""build_ms"":36.130057,""phase1_count_ms"":280.853676,""phase2_assign_ms"":7.573286,""phase3_sample_ms"":127.987405,""run_build_ms"":36.131837,""run_count_ms"":280.856296,""run_sample_ms"":135.572301}",,"{""dataset"":{""source"":""synthetic"",""name"":""uniform_t__nr100000__ns100000__a1_000ep00__g1"",""dim"":2,""path_r"":"""",""path_s"":"""",""synthetic"":{""generator"":""uniform"",""n_r"":100000,""n_s"":100000,""alpha"":1,""seed"":1}},""run"":{""method"":""aabb"",""variant"":""sampling"",""t"":30000,""seed"":1,""repeats"":3,""j_star"":1000000,""enum_cap"":0,""write_samples"":false,""verify"":false},""output"":{""out_dir"":""run/temp/exp5/uniform_t"",""run_tag"":""exp5_uniform_t""},""sys"":{""threads"":1},""logging"":{""level"":""INFO"",""with_timestamp"":true,""with_thread_id"":false}}","{""generator"":""uniform"",""dataset"":""uniform_t__nr100000__ns100000__a1_000ep00__g1"",""n_r"":100000,""n_s"":100000,""has_exact_k"":false,""k_target"":0,""k_achieved"":0,""alpha_target"":1,""alpha_achieved"":nan,""notes"":""w_min_r=0.005, w_max_r=0.02, w_min_s=0.005, w_max_s=0.02, same_size_all_dims=0""}"
uniform_t__nr100000__ns100000__a1_000ep00__g1,uniform,1,100000,100000,aabb,adaptive,30000,0,1,1,598.666,6.33447e+06,1,0,1,0,fallback_sampling,1000001,"{""build_ms"":36.177506,""enumerate_prepare_ms"":34.591658,""phase1_count_ms"":305.449108,""phase2_assign_ms"":7.526287,""phase3_sample_ms"":126.670662,""run_build_ms"":36.178777,""run_fallback_count_ms"":305.451498,""run_fallback_sample_ms"":134.209529,""run_pilot_enum_prepare_ms"":34.593559,""run_pilot_enum_scan_ms"":88.218091}",,"{""dataset"":{""source"":""synthetic"",""name"":""uniform_t__nr100000__ns100000__a1_000ep00__g1"",""dim"":2,""path_r"":"""",""path_s"":"""",""synthetic"":{""generator"":""uniform"",""n_r"":100000,""n_s"":100000,""alpha"":1,""seed"":1}},""run"":{""method"":""aabb"",""variant"":""adaptive"",""t"":30000,""seed"":1,""repeats"":3,""j_star"":1000000,""enum_cap"":0,""write_samples"":false,""verify"":false},""output"":{""out_dir"":""run/temp/exp5/uniform_t"",""run_tag"":""exp5_uniform_t""},""sys"":{""threads"":1},""logging"":{""level"":""INFO"",""with_timestamp"":true,""with_thread_id"":false}}","{""generator"":""uniform"",""dataset"":""uniform_t__nr100000__ns100000__a1_000ep00__g1"",""n_r"":100000,""n_s"":100000,""has_exact_k"":false,""k_target"":0,""k_achieved"":0,""alpha_target"":1,""alpha_achieved"":nan,""notes"":""w_min_r=0.005, w_max_r=0.02, w_min_s=0.005, w_max_s=0.02, same_size_all_dims=0""}"
uniform_t__nr100000__ns100000__a1_000ep00__g1,uniform,1,100000,100000,aabb,adaptive,30000,1,2,1,598.411,6.33447e+06,1,0,1,0,fallback_sampling,1000001,"{""build_ms"":36.159117,""enumerate_prepare_ms"":34.589758,""phase1_count_ms"":305.204212,""phase2_assign_ms"":7.624035,""phase3_sample_ms"":129.281649,""run_build_ms"":36.160367,""run_fallback_count_ms"":305.206562,""run_fallback_sample_ms"":136.917514,""run_pilot_enum_prepare_ms"":34.592088,""run_pilot_enum_scan_ms"":85.521807}",,"{""dataset"":{""source"":""synthetic"",""name"":""uniform_t__nr100000__ns100000__a1_000ep00__g1"",""dim"":2,""path_r"":"""",""path_s"":"""",""synthetic"":{""generator"":""uniform"",""n_r"":100000,""n_s"":100000,""alpha"":1,""seed"":1}},""run"":{""method"":""aabb"",""variant"":""adaptive"",""t"":30000,""seed"":1,""repeats"":3,""j_star"":1000000,""enum_cap"":0,""write_samples"":false,""verify"":false},""output"":{""out_dir"":""run/temp/exp5/uniform_t"",""run_tag"":""exp5_uniform_t""},""sys"":{""threads"":1},""logging"":{""level"":""INFO"",""with_timestamp"":true,""with_thread_id"":false}}","{""generator"":""uniform"",""dataset"":""uniform_t__nr100000__ns100000__a1_000ep00__g1"",""n_r"":100000,""n_s"":100000,""has_exact_k"":false,""k_target"":0,""k_achieved"":0,""alpha_target"":1,""alpha_achieved"":nan,""notes"":""w_min_r=0.005, w_max_r=0.02, w_min_s=0.005, w_max_s=0.02, same_size_all_dims=0""}"
uniform_t__nr100000__ns100000__a1_000ep00__g1,uniform,1,100000,100000,aabb,adaptive,30000,2,3,1,595.883,6.33447e+06,1,0,1,0,fallback_sampling,1000001,"{""build_ms"":36.173237,""enumerate_prepare_ms"":34.608898,""phase1_count_ms"":305.325441,""phase2_assign_ms"":7.535447,""phase3_sample_ms"":126.542475,""run_build_ms"":36.174667,""run_fallback_count_ms"":305.328211,""run_fallback_sample_ms"":134.089702,""run_pilot_enum_prepare_ms"":34.611408,""run_pilot_enum_scan_ms"":85.664043}",,"{""dataset"":{""source"":""synthetic"",""name"":""uniform_t__nr100000__ns100000__a1_000ep00__g1"",""dim"":2,""path_r"":"""",""path_s"":"""",""synthetic"":{""generator"":""uniform"",""n_r"":100000,""n_s"":100000,""alpha"":1,""seed"":1}},""run"":{""method"":""aabb"",""variant"":""adaptive"",""t"":30000,""seed"":1,""repeats"":3,""j_star"":1000000,""enum_cap"":0,""write_samples"":false,""verify"":false},""output"":{""out_dir"":""run/temp/exp5/uniform_t"",""run_tag"":""exp5_uniform_t""},""sys"":{""threads"":1},""logging"":{""level"":""INFO"",""with_timestamp"":true,""with_thread_id"":false}}","{""generator"":""uniform"",""dataset"":""uniform_t__nr100000__ns100000__a1_000ep00__g1"",""n_r"":100000,""n_s"":100000,""has_exact_k"":false,""k_target"":0,""k_achieved"":0,""alpha_target"":1,""alpha_achieved"":nan,""notes"":""w_min_r=0.005, w_max_r=0.02, w_min_s=0.005, w_max_s=0.02, same_size_all_dims=0""}"
uniform_t__nr100000__ns100000__a1_000ep00__g1,uniform,1,100000,100000,interval_tree,sampling,30000,0,1,1,1044.17,6.33447e+06,1,0,0,0,,0,"{""build_ms"":141.194038,""build_active_ms"":23.435065,""build_events_ms"":37.776885,""build_start_ids_ms"":1.564579,""build_y_endpoints_ms"":28.107940,""build_y_indices_ms"":50.302090,""phase1_count_ms"":547.066859,""phase2_slots_ms"":8.151385,""phase3_resweep_ms"":347.738810,""run_build_ms"":141.194818,""run_count_ms"":547.070189,""run_sample_ms"":355.903595}",,"{""dataset"":{""source"":""synthetic"",""name"":""uniform_t__nr100000__ns100000__a1_000ep00__g1"",""dim"":2,""path_r"":"""",""path_s"":"""",""synthetic"":{""generator"":""uniform"",""n_r"":100000,""n_s"":100000,""alpha"":1,""seed"":1}},""run"":{""method"":""interval_tree"",""variant"":""sampling"",""t"":30000,""seed"":1,""repeats"":3,""j_star"":1000000,""enum_cap"":0,""write_samples"":false,""verify"":false},""output"":{""out_dir"":""run/temp/exp5/uniform_t"",""run_tag"":""exp5_uniform_t""},""sys"":{""threads"":1},""logging"":{""level"":""INFO"",""with_timestamp"":true,""with_thread_id"":false}}","{""generator"":""uniform"",""dataset"":""uniform_t__nr100000__ns100000__a1_000ep00__g1"",""n_r"":100000,""n_s"":100000,""has_exact_k"":false,""k_target"":0,""k_achieved"":0,""alpha_target"":1,""alpha_achieved"":nan,""notes"":""w_min_r=0.005, w_max_r=0.02, w_min_s=0.005, w_max_s=0.02, same_size_all_dims=0""}"
uniform_t__nr100000__ns100000__a1_000ep00__g1,uniform,1,100000,100000,interval_tree,sampling,30000,1,2,1,1126.78,6.33447e+06,1,0,0,0,,0,"{""build_ms"":177.631669,""build_active_ms"":23.477524,""build_events_ms"":74.136787,""build_start_ids_ms"":1.566659,""build_y_endpoints_ms"":28.123169,""build_y_indices_ms"":50.319860,""phase1_count_ms"":549.881693,""phase2_slots_ms"":7.970588,""phase3_resweep_ms"":351.182951,""run_build_ms"":177.632959,""run_count_ms"":549.883933,""run_sample_ms"":359.165730}",,"{""dataset"":{""source"":""synthetic"",""name"":""uniform_t__nr100000__ns100000__a1_000ep00__g1"",""dim"":2,""path_r"":"""",""path_s"":"""",""synthetic"":{""generator"":""uniform"",""n_r"":100000,""n_s"":100000,""alpha"":1,""seed"":1}},""run"":{""method"":""interval_tree"",""variant"":""sampling"",""t"":30000,""seed"":1,""repeats"":3,""j_star"":1000000,""enum_cap"":0,""write_samples"":false,""verify"":false},""output"":{""out_dir"":""run/temp/exp5/uniform_t"",""run_tag"":""exp5_uniform_t""},""sys"":{""threads"":1},""logging"":{""level"":""INFO"",""with_timestamp"":true,""with_thread_id"":false}}","{""generator"":""uniform"",""dataset"":""uniform_t__nr100000__ns100000__a1_000ep00__g1"",""n_r"":100000,""n_s"":100000,""has_exact_k"":false,""k_target"":0,""k_achieved"":0,""alpha_target"":1,""alpha_achieved"":nan,""notes"":""w_min_r=0.005, w_max_r=0.02, w_min_s=0.005, w_max_s=0.02, same_size_all_dims=0""}"
uniform_t__nr100000__ns100000__a1_000ep00__g1,uniform,1,100000,100000,interval_tree,sampling,30000,2,3,1,1128.36,6.33447e+06,1,0,0,0,,0,"{""build_ms"":179.934642,""build_active_ms"":26.132590,""build_events_ms"":73.760924,""build_start_ids_ms"":1.571459,""build_y_endpoints_ms"":28.130699,""build_y_indices_ms"":50.329980,""phase1_count_ms"":548.115989,""phase2_slots_ms"":7.987468,""phase3_resweep_ms"":353.101022,""run_build_ms"":179.935662,""run_count_ms"":548.118209,""run_sample_ms"":361.101579}",,"{""dataset"":{""source"":""synthetic"",""name"":""uniform_t__nr100000__ns100000__a1_000ep00__g1"",""dim"":2,""path_r"":"""",""path_s"":"""",""synthetic"":{""generator"":""uniform"",""n_r"":100000,""n_s"":100000,""alpha"":1,""seed"":1}},""run"":{""method"":""interval_tree"",""variant"":""sampling"",""t"":30000,""seed"":1,""repeats"":3,""j_star"":1000000,""enum_cap"":0,""write_samples"":false,""verify"":false},""output"":{""out_dir"":""run/temp/exp5/uniform_t"",""run_tag"":""exp5_uniform_t""},""sys"":{""threads"":1},""logging"":{""level"":""INFO"",""with_timestamp"":true,""with_thread_id"":false}}","{""generator"":""uniform"",""dataset"":""uniform_t__nr100000__ns100000__a1_000ep00__g1"",""n_r"":100000,""n_s"":100000,""has_exact_k"":false,""k_target"":0,""k_achieved"":0,""alpha_target"":1,""alpha_achieved"":nan,""notes"":""w_min_r=0.005, w_max_r=0.02, w_min_s=0.005, w_max_s=0.02, same_size_all_dims=0""}"
uniform_t__nr100000__ns100000__a1_000ep00__g1,uniform,1,100000,100000,interval_tree,adaptive,30000,0,1,1,1380.6,6.33447e+06,1,0,1,0,fallback_sampling,1000001,"{""build_ms"":144.950771,""build_active_ms"":23.536053,""build_events_ms"":40.542528,""build_start_ids_ms"":1.532969,""build_y_endpoints_ms"":28.264706,""build_y_indices_ms"":51.065546,""enumerate_prepare_ms"":160.112454,""phase1_count_adaptive_ms"":580.593670,""phase2_slots_ms"":9.975138,""phase3_resweep_ms"":357.906855,""run_build_ms"":144.951761,""run_fallback_count_ms"":580.597180,""run_fallback_sample_ms"":367.940372,""run_pilot_enum_prepare_ms"":160.116844,""run_pilot_enum_scan_ms"":108.525870}",,"{""dataset"":{""source"":""synthetic"",""name"":""uniform_t__nr100000__ns100000__a1_000ep00__g1"",""dim"":2,""path_r"":"""",""path_s"":"""",""synthetic"":{""generator"":""uniform"",""n_r"":100000,""n_s"":100000,""alpha"":1,""seed"":1}},""run"":{""method"":""interval_tree"",""variant"":""adaptive"",""t"":30000,""seed"":1,""repeats"":3,""j_star"":1000000,""enum_cap"":0,""write_samples"":false,""verify"":false},""output"":{""out_dir"":""run/temp/exp5/uniform_t"",""run_tag"":""exp5_uniform_t""},""sys"":{""threads"":1},""logging"":{""level"":""INFO"",""with_timestamp"":true,""with_thread_id"":false}}","{""generator"":""uniform"",""dataset"":""uniform_t__nr100000__ns100000__a1_000ep00__g1"",""n_r"":100000,""n_s"":100000,""has_exact_k"":false,""k_target"":0,""k_achieved"":0,""alpha_target"":1,""alpha_achieved"":nan,""notes"":""w_min_r=0.005, w_max_r=0.02, w_min_s=0.005, w_max_s=0.02, same_size_all_dims=0""}"
uniform_t__nr100000__ns100000__a1_000ep00__g1,uniform,1,100000,100000,interval_tree,adaptive,30000,1,2,1,1432.98,6.33447e+06,1,0,1,0,fallback_sampling,1000001,"{""build_ms"":146.889952,""build_active_ms"":23.673430,""build_events_ms"":42.623096,""build_start_ids_ms"":1.532339,""build_y_endpoints_ms"":28.260097,""build_y_indices_ms"":50.792830,""enumerate_prepare_ms"":148.086369,""phase1_count_adaptive_ms"":582.413394,""phase2_slots_ms"":9.014967,""phase3_resweep_ms"":352.931745,""run_build_ms"":146.891192,""run_fallback_count_ms"":582.416124,""run_fallback_sample_ms"":361.961602,""run_pilot_enum_prepare_ms"":148.090219,""run_pilot_enum_scan_ms"":106.729236}",,"{""dataset"":{""source"":""synthetic"",""name"":""uniform_t__nr100000__ns100000__a1_000ep00__g1"",""dim"":2,""path_r"":"""",""path_s"":"""",""synthetic"":{""generator"":""uniform"",""n_r"":100000,""n_s"":100000,""alpha"":1,""seed"":1}},""run"":{""method"":""interval_tree"",""variant"":""adaptive"",""t"":30000,""seed"":1,""repeats"":3,""j_star"":1000000,""enum_cap"":0,""write_samples"":false,""verify"":false},""output"":{""out_dir"":""run/temp/exp5/uniform_t"",""run_tag"":""exp5_uniform_t""},""sys"":{""threads"":1},""logging"":{""level"":""INFO"",""with_timestamp"":true,""with_thread_id"":false}}","{""generator"":""uniform"",""dataset"":""uniform_t__nr100000__ns100000__a1_000ep00__g1"",""n_r"":100000,""n_s"":100000,""has_exact_k"":false,""k_target"":0,""k_achieved"":0,""alpha_target"":1,""alpha_achieved"":nan,""notes"":""w_min_r=0.005, w_max_r=0.02, w_min_s=0.005, w_max_s=0.02, same_size_all_dims=0""}"
uniform_t__nr100000__ns100000__a1_000ep00__g1,uniform,1,100000,100000,interval_tree,adaptive,30000,2,3,1,1437.21,6.33447e+06,1,0,1,0,fallback_sampling,1000001,"{""build_ms"":147.164506,""build_active_ms"":23.611831,""build_events_ms"":42.708154,""build_start_ids_ms"":1.534149,""build_y_endpoints_ms"":28.264278,""build_y_indices_ms"":51.037646,""enumerate_prepare_ms"":151.523899,""phase1_count_adaptive_ms"":575.385326,""phase2_slots_ms"":8.103706,""phase3_resweep_ms"":355.243369,""run_build_ms"":147.165437,""run_fallback_count_ms"":575.387806,""run_fallback_sample_ms"":363.360485,""run_pilot_enum_prepare_ms"":151.527039,""run_pilot_enum_scan_ms"":106.888503}",,"{""dataset"":{""source"":""synthetic"",""name"":""uniform_t__nr100000__ns100000__a1_000ep00__g1"",""dim"":2,""path_r"":"""",""path_s"":"""",""synthetic"":{""generator"":""uniform"",""n_r"":100000,""n_s"":100000,""alpha"":1,""seed"":1}},""run"":{""method"":""interval_tree"",""variant"":""adaptive"",""t"":30000,""seed"":1,""repeats"":3,""j_star"":1000000,""enum_cap"":0,""write_samples"":false,""verify"":false},""output"":{""out_dir"":""run/temp/exp5/uniform_t"",""run_tag"":""exp5_uniform_t""},""sys"":{""threads"":1},""logging"":{""level"":""INFO"",""with_timestamp"":true,""with_thread_id"":false}}","{""generator"":""uniform"",""dataset"":""uniform_t__nr100000__ns100000__a1_000ep00__g1"",""n_r"":100000,""n_s"":100000,""has_exact_k"":false,""k_target"":0,""k_achieved"":0,""alpha_target"":1,""alpha_achieved"":nan,""notes"":""w_min_r=0.005, w_max_r=0.02, w_min_s=0.005, w_max_s=0.02, same_size_all_dims=0""}"
uniform_t__nr100000__ns100000__a1_000ep00__g1,uniform,1,100000,100000,kd_tree,sampling,30000,0,1,1,526.58,6.33447e+06,1,0,0,0,,0,"{""build_ms"":103.946103,""build_events_ms"":34.542680,""build_kdtrees_ms"":35.479461,""build_rank_arrays_ms"":32.513461,""build_start_index_ms"":1.364162,""phase1_count_ms"":317.076273,""phase2_alias_ms"":105.547250,""phase3_sweep_ms"":97.965304,""run_build_ms"":103.947753,""run_count_ms"":317.078913,""run_sample_ms"":105.548440}",,"{""dataset"":{""source"":""synthetic"",""name"":""uniform_t__nr100000__ns100000__a1_000ep00__g1"",""dim"":2,""path_r"":"""",""path_s"":"""",""synthetic"":{""generator"":""uniform"",""n_r"":100000,""n_s"":100000,""alpha"":1,""seed"":1}},""run"":{""method"":""kd_tree"",""variant"":""sampling"",""t"":30000,""seed"":1,""repeats"":3,""j_star"":1000000,""enum_cap"":0,""write_samples"":false,""verify"":false},""output"":{""out_dir"":""run/temp/exp5/uniform_t"",""run_tag"":""exp5_uniform_t""},""sys"":{""threads"":1},""logging"":{""level"":""INFO"",""with_timestamp"":true,""with_thread_id"":false}}","{""generator"":""uniform"",""dataset"":""uniform_t__nr100000__ns100000__a1_000ep00__g1"",""n_r"":100000,""n_s"":100000,""has_exact_k"":false,""k_target"":0,""k_achieved"":0,""alpha_target"":1,""alpha_achieved"":nan,""notes"":""w_min_r=0.005, w_max_r=0.02, w_min_s=0.005, w_max_s=0.02, same_size_all_dims=0""}"
uniform_t__nr100000__ns100000__a1_000ep00__g1,uniform,1,100000,100000,kd_tree,sampling,30000,1,2,1,530.745,6.33447e+06,1,0,0,0,,0,"{""build_ms"":103.710268,""build_events_ms"":34.511880,""build_kdtrees_ms"":35.229776,""build_rank_arrays_ms"":32.554810,""build_start_index_ms"":1.366543,""phase1_count_ms"":321.233718,""phase2_alias_ms"":105.789726,""phase3_sweep_ms"":98.174020,""run_build_ms"":103.711128,""run_count_ms"":321.236428,""run_sample_ms"":105.790436}",,"{""dataset"":{""source"":""synthetic"",""name"":""uniform_t__nr100000__ns100000__a1_000ep00__g1"",""dim"":2,""path_r"":"""",""path_s"":"""",""synthetic"":{""generator"":""uniform"",""n_r"":100000,""n_s"":100000,""alpha"":1,""seed"":1}},""run"":{""method"":""kd_tree"",""variant"":""sampling"",""t"":30000,""seed"":1,""repeats"":3,""j_star"":1000000,""enum_cap"":0,""write_samples"":false,""verify"":false},""output"":{""out_dir"":""run/temp/exp5/uniform_t"",""run_tag"":""exp5_uniform_t""},""sys"":{""threads"":1},""logging"":{""level"":""INFO"",""with_timestamp"":true,""with_thread_id"":false}}","{""generator"":""uniform"",""dataset"":""uniform_t__nr100000__ns100000__a1_000ep00__g1"",""n_r"":100000,""n_s"":100000,""has_exact_k"":false,""k_target"":0,""k_achieved"":0,""alpha_target"":1,""alpha_achieved"":nan,""notes"":""w_min_r=0.005, w_max_r=0.02, w_min_s=0.005, w_max_s=0.02, same_size_all_dims=0""}"
uniform_t__nr100000__ns100000__a1_000ep00__g1,uniform,1,100000,100000,kd_tree,sampling,30000,2,3,1,527.368,6.33447e+06,1,0,0,0,,0,"{""build_ms"":103.775336,""build_events_ms"":34.517970,""build_kdtrees_ms"":35.250455,""build_rank_arrays_ms"":32.585410,""build_start_index_ms"":1.375362,""phase1_count_ms"":317.761569,""phase2_alias_ms"":105.823975,""phase3_sweep_ms"":98.203849,""run_build_ms"":103.776116,""run_count_ms"":317.764069,""run_sample_ms"":105.824845}",,"{""dataset"":{""source"":""synthetic"",""name"":""uniform_t__nr100000__ns100000__a1_000ep00__g1"",""dim"":2,""path_r"":"""",""path_s"":"""",""synthetic"":{""generator"":""uniform"",""n_r"":100000,""n_s"":100000,""alpha"":1,""seed"":1}},""run"":{""method"":""kd_tree"",""variant"":""sampling"",""t"":30000,""seed"":1,""repeats"":3,""j_star"":1000000,""enum_cap"":0,""write_samples"":false,""verify"":false},""output"":{""out_dir"":""run/temp/exp5/uniform_t"",""run_tag"":""exp5_uniform_t""},""sys"":{""threads"":1},""logging"":{""level"":""INFO"",""with_timestamp"":true,""with_thread_id"":false}}","{""generator"":""uniform"",""dataset"":""uniform_t__nr100000__ns100000__a1_000ep00__g1"",""n_r"":100000,""n_s"":100000,""has_exact_k"":false,""k_target"":0,""k_achieved"":0,""alpha_target"":1,""alpha_achieved"":nan,""notes"":""w_min_r=0.005, w_max_r=0.02, w_min_s=0.005, w_max_s=0.02, same_size_all_dims=0""}"
uniform_t__nr100000__ns100000__a1_000ep00__g1,uniform,1,100000,100000,kd_tree,adaptive,30000,0,1,1,968.97,6.33447e+06,1,0,1,0,fallback_sampling,1000001,"{""adaptive_fallback_sampling_ms"":106.377294,""build_ms"":103.627439,""build_embedding_ms"":32.613699,""build_events_ms"":34.486341,""build_kdtrees_ms"":35.163957,""build_rank_arrays_ms"":32.574080,""build_start_index_ms"":1.357952,""enumerate_prepare_ms"":105.702337,""phase1_count_and_maybe_enumerate_ms"":426.682241,""phase2_alias_ms"":5.458939,""phase2_assign_ms"":1.777324,""phase3_sweep_ms"":98.698990,""run_build_ms"":103.628110,""run_fallback_count_ms"":426.685541,""run_fallback_sample_ms"":106.378763,""run_pilot_enum_prepare_ms"":105.707906,""run_pilot_enum_scan_ms"":226.555568}",,"{""dataset"":{""source"":""synthetic"",""name"":""uniform_t__nr100000__ns100000__a1_000ep00__g1"",""dim"":2,""path_r"":"""",""path_s"":"""",""synthetic"":{""generator"":""uniform"",""n_r"":100000,""n_s"":100000,""alpha"":1,""seed"":1}},""run"":{""method"":""kd_tree"",""variant"":""adaptive"",""t"":30000,""seed"":1,""repeats"":3,""j_star"":1000000,""enum_cap"":0,""write_samples"":false,""verify"":false},""output"":{""out_dir"":""run/temp/exp5/uniform_t"",""run_tag"":""exp5_uniform_t""},""sys"":{""threads"":1},""logging"":{""level"":""INFO"",""with_timestamp"":true,""with_thread_id"":false}}","{""generator"":""uniform"",""dataset"":""uniform_t__nr100000__ns100000__a1_000ep00__g1"",""n_r"":100000,""n_s"":100000,""has_exact_k"":false,""k_target"":0,""k_achieved"":0,""alpha_target"":1,""alpha_achieved"":nan,""notes"":""w_min_r=0.005, w_max_r=0.02, w_min_s=0.005, w_max_s=0.02, same_size_all_dims=0""}"
uniform_t__nr100000__ns100000__a1_000ep00__g1,uniform,1,100000,100000,kd_tree,adaptive,30000,1,2,1,969.302,6.33447e+06,1,0,1,0,fallback_sampling,1000001,"{""adaptive_fallback_sampling_ms"":106.363764,""build_ms"":103.735808,""build_embedding_ms"":32.631079,""build_events_ms"":34.489151,""build_kdtrees_ms"":35.241346,""build_rank_arrays_ms"":32.586819,""build_start_index_ms"":1.369682,""enumerate_prepare_ms"":105.823324,""phase1_count_and_maybe_enumerate_ms"":427.385818,""phase2_alias_ms"":5.476559,""phase2_assign_ms"":1.848442,""phase3_sweep_ms"":98.595992,""run_build_ms"":103.736938,""run_fallback_count_ms"":427.388698,""run_fallback_sample_ms"":106.365084,""run_pilot_enum_prepare_ms"":105.827745,""run_pilot_enum_scan_ms"":225.969600}",,"{""dataset"":{""source"":""synthetic"",""name"":""uniform_t__nr100000__ns100000__a1_000ep00__g1"",""dim"":2,""path_r"":"""",""path_s"":"""",""synthetic"":{""generator"":""uniform"",""n_r"":100000,""n_s"":100000,""alpha"":1,""seed"":1}},""run"":{""method"":""kd_tree"",""variant"":""adaptive"",""t"":30000,""seed"":1,""repeats"":3,""j_star"":1000000,""enum_cap"":0,""write_samples"":false,""verify"":false},""output"":{""out_dir"":""run/temp/exp5/uniform_t"",""run_tag"":""exp5_uniform_t""},""sys"":{""threads"":1},""logging"":{""level"":""INFO"",""with_timestamp"":true,""with_thread_id"":false}}","{""generator"":""uniform"",""dataset"":""uniform_t__nr100000__ns100000__a1_000ep00__g1"",""n_r"":100000,""n_s"":100000,""has_exact_k"":false,""k_target"":0,""k_achieved"":0,""alpha_target"":1,""alpha_achieved"":nan,""notes"":""w_min_r=0.005, w_max_r=0.02, w_min_s=0.005, w_max_s=0.02, same_size_all_dims=0""}"
uniform_t__nr100000__ns100000__a1_000ep00__g1,uniform,1,100000,100000,kd_tree,adaptive,30000,2,3,1,970.54,6.33447e+06,1,0,1,0,fallback_sampling,1000001,"{""adaptive_fallback_sampling_ms"":106.565580,""build_ms"":103.689199,""build_embedding_ms"":32.635088,""build_events_ms"":34.475632,""build_kdtrees_ms"":35.203887,""build_rank_arrays_ms"":32.593109,""build_start_index_ms"":1.369343,""enumerate_prepare_ms"":102.360465,""phase1_count_and_maybe_enumerate_ms"":427.966986,""phase2_alias_ms"":5.561687,""phase2_assign_ms"":1.791194,""phase3_sweep_ms"":98.767918,""run_build_ms"":103.690078,""run_fallback_count_ms"":427.970046,""run_fallback_sample_ms"":106.566950,""run_pilot_enum_prepare_ms"":102.365385,""run_pilot_enum_scan_ms"":229.933410}",,"{""dataset"":{""source"":""synthetic"",""name"":""uniform_t__nr100000__ns100000__a1_000ep00__g1"",""dim"":2,""path_r"":"""",""path_s"":"""",""synthetic"":{""generator"":""uniform"",""n_r"":100000,""n_s"":100000,""alpha"":1,""seed"":1}},""run"":{""method"":""kd_tree"",""variant"":""adaptive"",""t"":30000,""seed"":1,""repeats"":3,""j_star"":1000000,""enum_cap"":0,""write_samples"":false,""verify"":false},""output"":{""out_dir"":""run/temp/exp5/uniform_t"",""run_tag"":""exp5_uniform_t""},""sys"":{""threads"":1},""logging"":{""level"":""INFO"",""with_timestamp"":true,""with_thread_id"":false}}","{""generator"":""uniform"",""dataset"":""uniform_t__nr100000__ns100000__a1_000ep00__g1"",""n_r"":100000,""n_s"":100000,""has_exact_k"":false,""k_target"":0,""k_achieved"":0,""alpha_target"":1,""alpha_achieved"":nan,""notes"":""w_min_r=0.005, w_max_r=0.02, w_min_s=0.005, w_max_s=0.02, same_size_all_dims=0""}"
uniform_t__nr100000__ns100000__a1_000ep00__g1,uniform,1,100000,100000,r_tree,sampling,30000,0,1,1,318.15,6.33447e+06,1,0,0,0,,0,"{""build_ms"":36.382893,""phase1_count_ms"":149.329053,""phase2_assign_ms"":6.039208,""phase3_sample_ms"":125.995706,""run_build_ms"":36.384662,""run_count_ms"":149.331833,""run_sample_ms"":132.430446}",,"{""dataset"":{""source"":""synthetic"",""name"":""uniform_t__nr100000__ns100000__a1_000ep00__g1"",""dim"":2,""path_r"":"""",""path_s"":"""",""synthetic"":{""generator"":""uniform"",""n_r"":100000,""n_s"":100000,""alpha"":1,""seed"":1}},""run"":{""method"":""r_tree"",""variant"":""sampling"",""t"":30000,""seed"":1,""repeats"":3,""j_star"":1000000,""enum_cap"":0,""write_samples"":false,""verify"":false},""output"":{""out_dir"":""run/temp/exp5/uniform_t"",""run_tag"":""exp5_uniform_t""},""sys"":{""threads"":1},""logging"":{""level"":""INFO"",""with_timestamp"":true,""with_thread_id"":false}}","{""generator"":""uniform"",""dataset"":""uniform_t__nr100000__ns100000__a1_000ep00__g1"",""n_r"":100000,""n_s"":100000,""has_exact_k"":false,""k_target"":0,""k_achieved"":0,""alpha_target"":1,""alpha_achieved"":nan,""notes"":""w_min_r=0.005, w_max_r=0.02, w_min_s=0.005, w_max_s=0.02, same_size_all_dims=0""}"
uniform_t__nr100000__ns100000__a1_000ep00__g1,uniform,1,100000,100000,r_tree,sampling,30000,1,2,1,314.978,6.33447e+06,1,0,0,0,,0,"{""build_ms"":36.380783,""phase1_count_ms"":149.639697,""phase2_assign_ms"":6.024648,""phase3_sample_ms"":122.458658,""run_build_ms"":36.381853,""run_count_ms"":149.641927,""run_sample_ms"":128.871938}",,"{""dataset"":{""source"":""synthetic"",""name"":""uniform_t__nr100000__ns100000__a1_000ep00__g1"",""dim"":2,""path_r"":"""",""path_s"":"""",""synthetic"":{""generator"":""uniform"",""n_r"":100000,""n_s"":100000,""alpha"":1,""seed"":1}},""run"":{""method"":""r_tree"",""variant"":""sampling"",""t"":30000,""seed"":1,""repeats"":3,""j_star"":1000000,""enum_cap"":0,""write_samples"":false,""verify"":false},""output"":{""out_dir"":""run/temp/exp5/uniform_t"",""run_tag"":""exp5_uniform_t""},""sys"":{""threads"":1},""logging"":{""level"":""INFO"",""with_timestamp"":true,""with_thread_id"":false}}","{""generator"":""uniform"",""dataset"":""uniform_t__nr100000__ns100000__a1_000ep00__g1"",""n_r"":100000,""n_s"":100000,""has_exact_k"":false,""k_target"":0,""k_achieved"":0,""alpha_target"":1,""alpha_achieved"":nan,""notes"":""w_min_r=0.005, w_max_r=0.02, w_min_s=0.005, w_max_s=0.02, same_size_all_dims=0""}"
uniform_t__nr100000__ns100000__a1_000ep00__g1,uniform,1,100000,100000,r_tree,sampling,30000,2,3,1,315.623,6.33447e+06,1,0,0,0,,0,"{""build_ms"":36.406202,""phase1_count_ms"":150.211346,""phase2_assign_ms"":6.051207,""phase3_sample_ms"":122.480697,""run_build_ms"":36.407933,""run_count_ms"":150.212855,""run_sample_ms"":128.921127}",,"{""dataset"":{""source"":""synthetic"",""name"":""uniform_t__nr100000__ns100000__a1_000ep00__g1"",""dim"":2,""path_r"":"""",""path_s"":"""",""synthetic"":{""generator"":""uniform"",""n_r"":100000,""n_s"":100000,""alpha"":1,""seed"":1}},""run"":{""method"":""r_tree"",""variant"":""sampling"",""t"":30000,""seed"":1,""repeats"":3,""j_star"":1000000,""enum_cap"":0,""write_samples"":false,""verify"":false},""output"":{""out_dir"":""run/temp/exp5/uniform_t"",""run_tag"":""exp5_uniform_t""},""sys"":{""threads"":1},""logging"":{""level"":""INFO"",""with_timestamp"":true,""with_thread_id"":false}}","{""generator"":""uniform"",""dataset"":""uniform_t__nr100000__ns100000__a1_000ep00__g1"",""n_r"":100000,""n_s"":100000,""has_exact_k"":false,""k_target"":0,""k_achieved"":0,""alpha_target"":1,""alpha_achieved"":nan,""notes"":""w_min_r=0.005, w_max_r=0.02, w_min_s=0.005, w_max_s=0.02, same_size_all_dims=0""}"
uniform_t__nr100000__ns100000__a1_000ep00__g1,uniform,1,100000,100000,r_tree,adaptive,30000,0,1,1,444.045,6.33447e+06,1,0,1,0,fallback_sampling,1000001,"{""build_ms"":36.367342,""enumerate_prepare_ms"":34.706287,""phase1_adaptive_count_ms"":170.687970,""phase2+3_sampling_ms"":132.323388,""run_build_ms"":36.369303,""run_fallback_count_ms"":170.690220,""run_fallback_sample_ms"":132.325938,""run_pilot_enum_prepare_ms"":34.709207,""run_pilot_enum_scan_ms"":69.918273}",,"{""dataset"":{""source"":""synthetic"",""name"":""uniform_t__nr100000__ns100000__a1_000ep00__g1"",""dim"":2,""path_r"":"""",""path_s"":"""",""synthetic"":{""generator"":""uniform"",""n_r"":100000,""n_s"":100000,""alpha"":1,""seed"":1}},""run"":{""method"":""r_tree"",""variant"":""adaptive"",""t"":30000,""seed"":1,""repeats"":3,""j_star"":1000000,""enum_cap"":0,""write_samples"":false,""verify"":false},""output"":{""out_dir"":""run/temp/exp5/uniform_t"",""run_tag"":""exp5_uniform_t""},""sys"":{""threads"":1},""logging"":{""level"":""INFO"",""with_timestamp"":true,""with_thread_id"":false}}","{""generator"":""uniform"",""dataset"":""uniform_t__nr100000__ns100000__a1_000ep00__g1"",""n_r"":100000,""n_s"":100000,""has_exact_k"":false,""k_target"":0,""k_achieved"":0,""alpha_target"":1,""alpha_achieved"":nan,""notes"":""w_min_r=0.005, w_max_r=0.02, w_min_s=0.005, w_max_s=0.02, same_size_all_dims=0""}"
uniform_t__nr100000__ns100000__a1_000ep00__g1,uniform,1,100000,100000,r_tree,adaptive,30000,1,2,1,440.169,6.33447e+06,1,0,1,0,fallback_sampling,1000001,"{""build_ms"":36.361843,""enumerate_prepare_ms"":34.688147,""phase1_adaptive_count_ms"":169.878267,""phase2+3_sampling_ms"":129.177442,""run_build_ms"":36.363003,""run_fallback_count_ms"":169.880946,""run_fallback_sample_ms"":129.180362,""run_pilot_enum_prepare_ms"":34.690337,""run_pilot_enum_scan_ms"":69.946232}",,"{""dataset"":{""source"":""synthetic"",""name"":""uniform_t__nr100000__ns100000__a1_000ep00__g1"",""dim"":2,""path_r"":"""",""path_s"":"""",""synthetic"":{""generator"":""uniform"",""n_r"":100000,""n_s"":100000,""alpha"":1,""seed"":1}},""run"":{""method"":""r_tree"",""variant"":""adaptive"",""t"":30000,""seed"":1,""repeats"":3,""j_star"":1000000,""enum_cap"":0,""write_samples"":false,""verify"":false},""output"":{""out_dir"":""run/temp/exp5/uniform_t"",""run_tag"":""exp5_uniform_t""},""sys"":{""threads"":1},""logging"":{""level"":""INFO"",""with_timestamp"":true,""with_thread_id"":false}}","{""generator"":""uniform"",""dataset"":""uniform_t__nr100000__ns100000__a1_000ep00__g1"",""n_r"":100000,""n_s"":100000,""has_exact_k"":false,""k_target"":0,""k_achieved"":0,""alpha_target"":1,""alpha_achieved"":nan,""notes"":""w_min_r=0.005, w_max_r=0.02, w_min_s=0.005, w_max_s=0.02, same_size_all_dims=0""}"
uniform_t__nr100000__ns100000__a1_000ep00__g1,uniform,1,100000,100000,r_tree,adaptive,30000,2,3,1,440.571,6.33447e+06,1,0,1,0,fallback_sampling,1000001,"{""build_ms"":36.374823,""enumerate_prepare_ms"":34.689087,""phase1_adaptive_count_ms"":170.101392,""phase2+3_sampling_ms"":129.387178,""run_build_ms"":36.375973,""run_fallback_count_ms"":170.103652,""run_fallback_sample_ms"":129.390738,""run_pilot_enum_prepare_ms"":34.691406,""run_pilot_enum_scan_ms"":69.903904}",,"{""dataset"":{""source"":""synthetic"",""name"":""uniform_t__nr100000__ns100000__a1_000ep00__g1"",""dim"":2,""path_r"":"""",""path_s"":"""",""synthetic"":{""generator"":""uniform"",""n_r"":100000,""n_s"":100000,""alpha"":1,""seed"":1}},""run"":{""method"":""r_tree"",""variant"":""adaptive"",""t"":30000,""seed"":1,""repeats"":3,""j_star"":1000000,""enum_cap"":0,""write_samples"":false,""verify"":false},""output"":{""out_dir"":""run/temp/exp5/uniform_t"",""run_tag"":""exp5_uniform_t""},""sys"":{""threads"":1},""logging"":{""level"":""INFO"",""with_timestamp"":true,""with_thread_id"":false}}","{""generator"":""uniform"",""dataset"":""uniform_t__nr100000__ns100000__a1_000ep00__g1"",""n_r"":100000,""n_s"":100000,""has_exact_k"":false,""k_target"":0,""k_achieved"":0,""alpha_target"":1,""alpha_achieved"":nan,""notes"":""w_min_r=0.005, w_max_r=0.02, w_min_s=0.005, w_max_s=0.02, same_size_all_dims=0""}"
uniform_t__nr100000__ns100000__a1_000ep00__g1,uniform,1,100000,100000,range_tree,sampling,30000,0,1,1,2181.08,6.33447e+06,1,0,0,0,,0,"{""build_ms"":105.543131,""build_events_ms"":37.847213,""build_range_trees_ms"":35.129529,""build_rank_arrays_ms"":31.174167,""build_start_index_ms"":1.350202,""phase1_count_ms"":1182.392306,""phase2_alias_ms"":893.129019,""phase3_sweep_ms"":885.345627,""run_build_ms"":105.543991,""run_count_ms"":1182.395526,""run_sample_ms"":893.130219}",,"{""dataset"":{""source"":""synthetic"",""name"":""uniform_t__nr100000__ns100000__a1_000ep00__g1"",""dim"":2,""path_r"":"""",""path_s"":"""",""synthetic"":{""generator"":""uniform"",""n_r"":100000,""n_s"":100000,""alpha"":1,""seed"":1}},""run"":{""method"":""range_tree"",""variant"":""sampling"",""t"":30000,""seed"":1,""repeats"":3,""j_star"":1000000,""enum_cap"":0,""write_samples"":false,""verify"":false},""output"":{""out_dir"":""run/temp/exp5/uniform_t"",""run_tag"":""exp5_uniform_t""},""sys"":{""threads"":1},""logging"":{""level"":""INFO"",""with_timestamp"":true,""with_thread_id"":false}}","{""generator"":""uniform"",""dataset"":""uniform_t__nr100000__ns100000__a1_000ep00__g1"",""n_r"":100000,""n_s"":100000,""has_exact_k"":false,""k_target"":0,""k_achieved"":0,""alpha_target"":1,""alpha_achieved"":nan,""notes"":""w_min_r=0.005, w_max_r=0.02, w_min_s=0.005, w_max_s=0.02, same_size_all_dims=0""}"
uniform_t__nr100000__ns100000__a1_000ep00__g1,uniform,1,100000,100000,range_tree,sampling,30000,1,2,1,2181.87,6.33447e+06,1,0,0,0,,0,"{""build_ms"":100.629570,""build_events_ms"":34.478981,""build_range_trees_ms"":33.579099,""build_rank_arrays_ms"":31.142309,""build_start_index_ms"":1.383702,""phase1_count_ms"":1185.289718,""phase2_alias_ms"":895.942933,""phase3_sweep_ms"":888.102832,""run_build_ms"":100.630280,""run_count_ms"":1185.292148,""run_sample_ms"":895.944173}",,"{""dataset"":{""source"":""synthetic"",""name"":""uniform_t__nr100000__ns100000__a1_000ep00__g1"",""dim"":2,""path_r"":"""",""path_s"":"""",""synthetic"":{""generator"":""uniform"",""n_r"":100000,""n_s"":100000,""alpha"":1,""seed"":1}},""run"":{""method"":""range_tree"",""variant"":""sampling"",""t"":30000,""seed"":1,""repeats"":3,""j_star"":1000000,""enum_cap"":0,""write_samples"":false,""verify"":false},""output"":{""out_dir"":""run/temp/exp5/uniform_t"",""run_tag"":""exp5_uniform_t""},""sys"":{""threads"":1},""logging"":{""level"":""INFO"",""with_timestamp"":true,""with_thread_id"":false}}","{""generator"":""uniform"",""dataset"":""uniform_t__nr100000__ns100000__a1_000ep00__g1"",""n_r"":100000,""n_s"":100000,""has_exact_k"":false,""k_target"":0,""k_achieved"":0,""alpha_target"":1,""alpha_achieved"":nan,""notes"":""w_min_r=0.005, w_max_r=0.02, w_min_s=0.005, w_max_s=0.02, same_size_all_dims=0""}"
uniform_t__nr100000__ns100000__a1_000ep00__g1,uniform,1,100000,100000,range_tree,sampling,30000,2,3,1,2182.52,6.33447e+06,1,0,0,0,,0,"{""build_ms"":100.597911,""build_events_ms"":34.477631,""build_range_trees_ms"":33.519751,""build_rank_arrays_ms"":31.181268,""build_start_index_ms"":1.374702,""phase1_count_ms"":1185.128572,""phase2_alias_ms"":896.784286,""phase3_sweep_ms"":889.070933,""run_build_ms"":100.598581,""run_count_ms"":1185.131242,""run_sample_ms"":896.785146}",,"{""dataset"":{""source"":""synthetic"",""name"":""uniform_t__nr100000__ns100000__a1_000ep00__g1"",""dim"":2,""path_r"":"""",""path_s"":"""",""synthetic"":{""generator"":""uniform"",""n_r"":100000,""n_s"":100000,""alpha"":1,""seed"":1}},""run"":{""method"":""range_tree"",""variant"":""sampling"",""t"":30000,""seed"":1,""repeats"":3,""j_star"":1000000,""enum_cap"":0,""write_samples"":false,""verify"":false},""output"":{""out_dir"":""run/temp/exp5/uniform_t"",""run_tag"":""exp5_uniform_t""},""sys"":{""threads"":1},""logging"":{""level"":""INFO"",""with_timestamp"":true,""with_thread_id"":false}}","{""generator"":""uniform"",""dataset"":""uniform_t__nr100000__ns100000__a1_000ep00__g1"",""n_r"":100000,""n_s"":100000,""has_exact_k"":false,""k_target"":0,""k_achieved"":0,""alpha_target"":1,""alpha_achieved"":nan,""notes"":""w_min_r=0.005, w_max_r=0.02, w_min_s=0.005, w_max_s=0.02, same_size_all_dims=0""}"
uniform_t__nr100000__ns100000__a1_000ep00__g1,uniform,1,100000,100000,range_tree,adaptive,30000,0,1,1,2762.17,6.33447e+06,1,0,1,0,fallback_sampling,1000001,"{""adaptive_count_ms"":1294.889479,""build_ms"":102.339486,""build_events_ms"":34.547900,""build_range_trees_ms"":35.264095,""build_rank_arrays_ms"":31.128580,""build_start_index_ms"":1.355322,""enumerate_prepare_ms"":100.809807,""phase2_alias_ms"":893.312087,""phase3_sweep_ms"":885.531235,""run_build_ms"":102.340336,""run_fallback_count_ms"":1294.892519,""run_fallback_sample_ms"":893.316498,""run_pilot_enum_prepare_ms"":100.812677,""run_pilot_enum_scan_ms"":370.789766}",,"{""dataset"":{""source"":""synthetic"",""name"":""uniform_t__nr100000__ns100000__a1_000ep00__g1"",""dim"":2,""path_r"":"""",""path_s"":"""",""synthetic"":{""generator"":""uniform"",""n_r"":100000,""n_s"":100000,""alpha"":1,""seed"":1}},""run"":{""method"":""range_tree"",""variant"":""adaptive"",""t"":30000,""seed"":1,""repeats"":3,""j_star"":1000000,""enum_cap"":0,""write_samples"":false,""verify"":false},""output"":{""out_dir"":""run/temp/exp5/uniform_t"",""run_tag"":""exp5_uniform_t""},""sys"":{""threads"":1},""logging"":{""level"":""INFO"",""with_timestamp"":true,""with_thread_id"":false}}","{""generator"":""uniform"",""dataset"":""uniform_t__nr100000__ns100000__a1_000ep00__g1"",""n_r"":100000,""n_s"":100000,""has_exact_k"":false,""k_target"":0,""k_achieved"":0,""alpha_target"":1,""alpha_achieved"":nan,""notes"":""w_min_r=0.005, w_max_r=0.02, w_min_s=0.005, w_max_s=0.02, same_size_all_dims=0""}"
uniform_t__nr100000__ns100000__a1_000ep00__g1,uniform,1,100000,100000,range_tree,adaptive,30000,1,2,1,2753.93,6.33447e+06,1,0,1,0,fallback_sampling,1000001,"{""adaptive_count_ms"":1298.286031,""build_ms"":100.652030,""build_events_ms"":34.492151,""build_range_trees_ms"":33.557970,""build_rank_arrays_ms"":31.186277,""build_start_index_ms"":1.368732,""enumerate_prepare_ms"":100.984214,""phase2_alias_ms"":889.145933,""phase3_sweep_ms"":881.289432,""run_build_ms"":100.652760,""run_fallback_count_ms"":1298.288551,""run_fallback_sample_ms"":889.146843,""run_pilot_enum_prepare_ms"":100.988153,""run_pilot_enum_scan_ms"":364.829898}",,"{""dataset"":{""source"":""synthetic"",""name"":""uniform_t__nr100000__ns100000__a1_000ep00__g1"",""dim"":2,""path_r"":"""",""path_s"":"""",""synthetic"":{""generator"":""uniform"",""n_r"":100000,""n_s"":100000,""alpha"":1,""seed"":1}},""run"":{""method"":""range_tree"",""variant"":""adaptive"",""t"":30000,""seed"":1,""repeats"":3,""j_star"":1000000,""enum_cap"":0,""write_samples"":false,""verify"":false},""output"":{""out_dir"":""run/temp/exp5/uniform_t"",""run_tag"":""exp5_uniform_t""},""sys"":{""threads"":1},""logging"":{""level"":""INFO"",""with_timestamp"":true,""with_thread_id"":false}}","{""generator"":""uniform"",""dataset"":""uniform_t__nr100000__ns100000__a1_000ep00__g1"",""n_r"":100000,""n_s"":100000,""has_exact_k"":false,""k_target"":0,""k_achieved"":0,""alpha_target"":1,""alpha_achieved"":nan,""notes"":""w_min_r=0.005, w_max_r=0.02, w_min_s=0.005, w_max_s=0.02, same_size_all_dims=0""}"
uniform_t__nr100000__ns100000__a1_000ep00__g1,uniform,1,100000,100000,range_tree,adaptive,30000,2,3,1,2757,6.33447e+06,1,0,1,0,fallback_sampling,1000001,"{""adaptive_count_ms"":1293.646768,""build_ms"":104.050181,""build_events_ms"":34.544280,""build_range_trees_ms"":33.609938,""build_rank_arrays_ms"":34.482202,""build_start_index_ms"":1.368052,""enumerate_prepare_ms"":100.617601,""phase2_alias_ms"":893.280320,""phase3_sweep_ms"":885.465948,""run_build_ms"":104.050931,""run_fallback_count_ms"":1293.650307,""run_fallback_sample_ms"":893.284090,""run_pilot_enum_prepare_ms"":100.621021,""run_pilot_enum_scan_ms"":365.380546}",,"{""dataset"":{""source"":""synthetic"",""name"":""uniform_t__nr100000__ns100000__a1_000ep00__g1"",""dim"":2,""path_r"":"""",""path_s"":"""",""synthetic"":{""generator"":""uniform"",""n_r"":100000,""n_s"":100000,""alpha"":1,""seed"":1}},""run"":{""method"":""range_tree"",""variant"":""adaptive"",""t"":30000,""seed"":1,""repeats"":3,""j_star"":1000000,""enum_cap"":0,""write_samples"":false,""verify"":false},""output"":{""out_dir"":""run/temp/exp5/uniform_t"",""run_tag"":""exp5_uniform_t""},""sys"":{""threads"":1},""logging"":{""level"":""INFO"",""with_timestamp"":true,""with_thread_id"":false}}","{""generator"":""uniform"",""dataset"":""uniform_t__nr100000__ns100000__a1_000ep00__g1"",""n_r"":100000,""n_s"":100000,""has_exact_k"":false,""k_target"":0,""k_achieved"":0,""alpha_target"":1,""alpha_achieved"":nan,""notes"":""w_min_r=0.005, w_max_r=0.02, w_min_s=0.005, w_max_s=0.02, same_size_all_dims=0""}"
uniform_t__nr100000__ns100000__a1_000ep00__g1,uniform,1,100000,100000,pbsm,sampling,30000,0,1,1,514.013,6.33447e+06,1,0,0,0,,0,"{""build_ms"":21.408547,""pbsm_build_ms"":21.408077,""pbsm_count_pass1_ms"":241.295040,""pbsm_partitions_stripes_ms"":21.061564,""pbsm_sample_draw_ranks_ms"":1.619407,""pbsm_sample_pass2_select_ms"":249.657332,""run_build_ms"":21.409117,""run_count_ms"":241.298310,""run_sample_ms"":251.303428}",,"{""dataset"":{""source"":""synthetic"",""name"":""uniform_t__nr100000__ns100000__a1_000ep00__g1"",""dim"":2,""path_r"":"""",""path_s"":"""",""synthetic"":{""generator"":""uniform"",""n_r"":100000,""n_s"":100000,""alpha"":1,""seed"":1}},""run"":{""method"":""pbsm"",""variant"":""sampling"",""t"":30000,""seed"":1,""repeats"":3,""j_star"":1000000,""enum_cap"":0,""write_samples"":false,""verify"":false},""output"":{""out_dir"":""run/temp/exp5/uniform_t"",""run_tag"":""exp5_uniform_t""},""sys"":{""threads"":1},""logging"":{""level"":""INFO"",""with_timestamp"":true,""with_thread_id"":false}}","{""generator"":""uniform"",""dataset"":""uniform_t__nr100000__ns100000__a1_000ep00__g1"",""n_r"":100000,""n_s"":100000,""has_exact_k"":false,""k_target"":0,""k_achieved"":0,""alpha_target"":1,""alpha_achieved"":nan,""notes"":""w_min_r=0.005, w_max_r=0.02, w_min_s=0.005, w_max_s=0.02, same_size_all_dims=0""}"
uniform_t__nr100000__ns100000__a1_000ep00__g1,uniform,1,100000,100000,pbsm,sampling,30000,1,2,1,510.822,6.33447e+06,1,0,0,0,,0,"{""build_ms"":21.310678,""pbsm_build_ms"":21.310419,""pbsm_count_pass1_ms"":241.163563,""pbsm_partitions_stripes_ms"":20.969426,""pbsm_sample_draw_ranks_ms"":1.627147,""pbsm_sample_pass2_select_ms"":246.685101,""run_build_ms"":21.311079,""run_count_ms"":241.166073,""run_sample_ms"":248.339868}",,"{""dataset"":{""source"":""synthetic"",""name"":""uniform_t__nr100000__ns100000__a1_000ep00__g1"",""dim"":2,""path_r"":"""",""path_s"":"""",""synthetic"":{""generator"":""uniform"",""n_r"":100000,""n_s"":100000,""alpha"":1,""seed"":1}},""run"":{""method"":""pbsm"",""variant"":""sampling"",""t"":30000,""seed"":1,""repeats"":3,""j_star"":1000000,""enum_cap"":0,""write_samples"":false,""verify"":false},""output"":{""out_dir"":""run/temp/exp5/uniform_t"",""run_tag"":""exp5_uniform_t""},""sys"":{""threads"":1},""logging"":{""level"":""INFO"",""with_timestamp"":true,""with_thread_id"":false}}","{""generator"":""uniform"",""dataset"":""uniform_t__nr100000__ns100000__a1_000ep00__g1"",""n_r"":100000,""n_s"":100000,""has_exact_k"":false,""k_target"":0,""k_achieved"":0,""alpha_target"":1,""alpha_achieved"":nan,""notes"":""w_min_r=0.005, w_max_r=0.02, w_min_s=0.005, w_max_s=0.02, same_size_all_dims=0""}"
uniform_t__nr100000__ns100000__a1_000ep00__g1,uniform,1,100000,100000,pbsm,sampling,30000,2,3,1,514.318,6.33447e+06,1,0,0,0,,0,"{""build_ms"":21.372777,""pbsm_build_ms"":21.372377,""pbsm_count_pass1_ms"":241.314251,""pbsm_partitions_stripes_ms"":21.020454,""pbsm_sample_draw_ranks_ms"":1.611337,""pbsm_sample_pass2_select_ms"":249.983705,""run_build_ms"":21.373257,""run_count_ms"":241.317121,""run_sample_ms"":251.621801}",,"{""dataset"":{""source"":""synthetic"",""name"":""uniform_t__nr100000__ns100000__a1_000ep00__g1"",""dim"":2,""path_r"":"""",""path_s"":"""",""synthetic"":{""generator"":""uniform"",""n_r"":100000,""n_s"":100000,""alpha"":1,""seed"":1}},""run"":{""method"":""pbsm"",""variant"":""sampling"",""t"":30000,""seed"":1,""repeats"":3,""j_star"":1000000,""enum_cap"":0,""write_samples"":false,""verify"":false},""output"":{""out_dir"":""run/temp/exp5/uniform_t"",""run_tag"":""exp5_uniform_t""},""sys"":{""threads"":1},""logging"":{""level"":""INFO"",""with_timestamp"":true,""with_thread_id"":false}}","{""generator"":""uniform"",""dataset"":""uniform_t__nr100000__ns100000__a1_000ep00__g1"",""n_r"":100000,""n_s"":100000,""has_exact_k"":false,""k_target"":0,""k_achieved"":0,""alpha_target"":1,""alpha_achieved"":nan,""notes"":""w_min_r=0.005, w_max_r=0.02, w_min_s=0.005, w_max_s=0.02, same_size_all_dims=0""}"
uniform_t__nr100000__ns100000__a1_000ep00__g1,uniform,1,100000,100000,pbsm,adaptive,30000,0,1,1,553.408,6.33447e+06,1,0,1,0,fallback_sampling,1000001,"{""build_ms"":21.381677,""enumerate_prepare_ms"":0.000170,""pbsm_adaptive_pass1_ms"":245.529185,""pbsm_adaptive_sample_large_ms"":248.893507,""pbsm_build_ms"":21.381067,""pbsm_partitions_stripes_ms"":21.040024,""run_build_ms"":21.382127,""run_fallback_count_ms"":245.533775,""run_fallback_sample_ms"":248.899297,""run_pilot_enum_prepare_ms"":0.000570,""run_pilot_enum_scan_ms"":37.582478}",,"{""dataset"":{""source"":""synthetic"",""name"":""uniform_t__nr100000__ns100000__a1_000ep00__g1"",""dim"":2,""path_r"":"""",""path_s"":"""",""synthetic"":{""generator"":""uniform"",""n_r"":100000,""n_s"":100000,""alpha"":1,""seed"":1}},""run"":{""method"":""pbsm"",""variant"":""adaptive"",""t"":30000,""seed"":1,""repeats"":3,""j_star"":1000000,""enum_cap"":0,""write_samples"":false,""verify"":false},""output"":{""out_dir"":""run/temp/exp5/uniform_t"",""run_tag"":""exp5_uniform_t""},""sys"":{""threads"":1},""logging"":{""level"":""INFO"",""with_timestamp"":true,""with_thread_id"":false}}","{""generator"":""uniform"",""dataset"":""uniform_t__nr100000__ns100000__a1_000ep00__g1"",""n_r"":100000,""n_s"":100000,""has_exact_k"":false,""k_target"":0,""k_achieved"":0,""alpha_target"":1,""alpha_achieved"":nan,""notes"":""w_min_r=0.005, w_max_r=0.02, w_min_s=0.005, w_max_s=0.02, same_size_all_dims=0""}"
uniform_t__nr100000__ns100000__a1_000ep00__g1,uniform,1,100000,100000,pbsm,adaptive,30000,1,2,1,557.167,6.33447e+06,1,0,1,0,fallback_sampling,1000001,"{""build_ms"":21.347267,""enumerate_prepare_ms"":0.000320,""pbsm_adaptive_pass1_ms"":249.944395,""pbsm_adaptive_sample_large_ms"":248.112273,""pbsm_build_ms"":21.346697,""pbsm_partitions_stripes_ms"":21.000044,""run_build_ms"":21.347787,""run_fallback_count_ms"":249.948146,""run_fallback_sample_ms"":248.116463,""run_pilot_enum_prepare_ms"":0.000850,""run_pilot_enum_scan_ms"":37.742596}",,"{""dataset"":{""source"":""synthetic"",""name"":""uniform_t__nr100000__ns100000__a1_000ep00__g1"",""dim"":2,""path_r"":"""",""path_s"":"""",""synthetic"":{""generator"":""uniform"",""n_r"":100000,""n_s"":100000,""alpha"":1,""seed"":1}},""run"":{""method"":""pbsm"",""variant"":""adaptive"",""t"":30000,""seed"":1,""repeats"":3,""j_star"":1000000,""enum_cap"":0,""write_samples"":false,""verify"":false},""output"":{""out_dir"":""run/temp/exp5/uniform_t"",""run_tag"":""exp5_uniform_t""},""sys"":{""threads"":1},""logging"":{""level"":""INFO"",""with_timestamp"":true,""with_thread_id"":false}}","{""generator"":""uniform"",""dataset"":""uniform_t__nr100000__ns100000__a1_000ep00__g1"",""n_r"":100000,""n_s"":100000,""has_exact_k"":false,""k_target"":0,""k_achieved"":0,""alpha_target"":1,""alpha_achieved"":nan,""notes"":""w_min_r=0.005, w_max_r=0.02, w_min_s=0.005, w_max_s=0.02, same_size_all_dims=0""}"
uniform_t__nr100000__ns100000__a1_000ep00__g1,uniform,1,100000,100000,pbsm,adaptive,30000,2,3,1,553.78,6.33447e+06,1,0,1,0,fallback_sampling,1000001,"{""build_ms"":21.306868,""enumerate_prepare_ms"":0.000350,""pbsm_adaptive_pass1_ms"":246.626853,""pbsm_adaptive_sample_large_ms"":248.105624,""pbsm_build_ms"":21.306358,""pbsm_partitions_stripes_ms"":20.964115,""run_build_ms"":21.307348,""run_fallback_count_ms"":246.630403,""run_fallback_sample_ms"":248.109794,""run_pilot_enum_prepare_ms"":0.000920,""run_pilot_enum_scan_ms"":37.718666}",,"{""dataset"":{""source"":""synthetic"",""name"":""uniform_t__nr100000__ns100000__a1_000ep00__g1"",""dim"":2,""path_r"":"""",""path_s"":"""",""synthetic"":{""generator"":""uniform"",""n_r"":100000,""n_s"":100000,""alpha"":1,""seed"":1}},""run"":{""method"":""pbsm"",""variant"":""adaptive"",""t"":30000,""seed"":1,""repeats"":3,""j_star"":1000000,""enum_cap"":0,""write_samples"":false,""verify"":false},""output"":{""out_dir"":""run/temp/exp5/uniform_t"",""run_tag"":""exp5_uniform_t""},""sys"":{""threads"":1},""logging"":{""level"":""INFO"",""with_timestamp"":true,""with_thread_id"":false}}","{""generator"":""uniform"",""dataset"":""uniform_t__nr100000__ns100000__a1_000ep00__g1"",""n_r"":100000,""n_s"":100000,""has_exact_k"":false,""k_target"":0,""k_achieved"":0,""alpha_target"":1,""alpha_achieved"":nan,""notes"":""w_min_r=0.005, w_max_r=0.02, w_min_s=0.005, w_max_s=0.02, same_size_all_dims=0""}"
uniform_t__nr100000__ns100000__a1_000ep00__g1,uniform,1,100000,100000,tlsop,sampling,30000,0,1,1,252.028,6.33447e+06,1,0,0,0,,0,"{""build_ms"":29.571021,""run_build_ms"":29.571681,""run_count_ms"":106.968493,""run_sample_ms"":115.484990,""tlsop_alloc_tiles_ms"":0.059529,""tlsop_build_ms"":29.569671,""tlsop_build_edges_ms"":0.000630,""tlsop_count_pass1_ms"":106.965463,""tlsop_pass1_count_caps_ms"":5.779473,""tlsop_pass1_reserve_ms"":0.462070,""tlsop_pass2_fill_ms"":7.688055,""tlsop_sample_draw_ranks_ms"":1.594968,""tlsop_sample_pass2_select_ms"":113.864923,""tlsop_sort_lists_ms"":15.568834}",,"{""dataset"":{""source"":""synthetic"",""name"":""uniform_t__nr100000__ns100000__a1_000ep00__g1"",""dim"":2,""path_r"":"""",""path_s"":"""",""synthetic"":{""generator"":""uniform"",""n_r"":100000,""n_s"":100000,""alpha"":1,""seed"":1}},""run"":{""method"":""tlsop"",""variant"":""sampling"",""t"":30000,""seed"":1,""repeats"":3,""j_star"":1000000,""enum_cap"":0,""write_samples"":false,""verify"":false},""output"":{""out_dir"":""run/temp/exp5/uniform_t"",""run_tag"":""exp5_uniform_t""},""sys"":{""threads"":1},""logging"":{""level"":""INFO"",""with_timestamp"":true,""with_thread_id"":false}}","{""generator"":""uniform"",""dataset"":""uniform_t__nr100000__ns100000__a1_000ep00__g1"",""n_r"":100000,""n_s"":100000,""has_exact_k"":false,""k_target"":0,""k_achieved"":0,""alpha_target"":1,""alpha_achieved"":nan,""notes"":""w_min_r=0.005, w_max_r=0.02, w_min_s=0.005, w_max_s=0.02, same_size_all_dims=0""}"
uniform_t__nr100000__ns100000__a1_000ep00__g1,uniform,1,100000,100000,tlsop,sampling,30000,1,2,1,249.483,6.33447e+06,1,0,0,0,,0,"{""build_ms"":29.965242,""run_build_ms"":29.965853,""run_count_ms"":107.123850,""run_sample_ms"":111.985942,""tlsop_alloc_tiles_ms"":0.062318,""tlsop_build_ms"":29.964493,""tlsop_build_edges_ms"":0.000480,""tlsop_count_pass1_ms"":107.120869,""tlsop_pass1_count_caps_ms"":5.764383,""tlsop_pass1_reserve_ms"":0.439491,""tlsop_pass2_fill_ms"":7.679355,""tlsop_sample_draw_ranks_ms"":1.581948,""tlsop_sample_pass2_select_ms"":110.379714,""tlsop_sort_lists_ms"":15.594874}",,"{""dataset"":{""source"":""synthetic"",""name"":""uniform_t__nr100000__ns100000__a1_000ep00__g1"",""dim"":2,""path_r"":"""",""path_s"":"""",""synthetic"":{""generator"":""uniform"",""n_r"":100000,""n_s"":100000,""alpha"":1,""seed"":1}},""run"":{""method"":""tlsop"",""variant"":""sampling"",""t"":30000,""seed"":1,""repeats"":3,""j_star"":1000000,""enum_cap"":0,""write_samples"":false,""verify"":false},""output"":{""out_dir"":""run/temp/exp5/uniform_t"",""run_tag"":""exp5_uniform_t""},""sys"":{""threads"":1},""logging"":{""level"":""INFO"",""with_timestamp"":true,""with_thread_id"":false}}","{""generator"":""uniform"",""dataset"":""uniform_t__nr100000__ns100000__a1_000ep00__g1"",""n_r"":100000,""n_s"":100000,""has_exact_k"":false,""k_target"":0,""k_achieved"":0,""alpha_target"":1,""alpha_achieved"":nan,""notes"":""w_min_r=0.005, w_max_r=0.02, w_min_s=0.005, w_max_s=0.02, same_size_all_dims=0""}"
uniform_t__nr100000__ns100000__a1_000ep00__g1,uniform,1,100000,100000,tlsop,sampling,30000,2,3,1,249.539,6.33447e+06,1,0,0,0,,0,"{""build_ms"":30.037821,""run_build_ms"":30.038401,""run_count_ms"":107.019632,""run_sample_ms"":112.111148,""tlsop_alloc_tiles_ms"":0.062119,""tlsop_build_ms"":30.037021,""tlsop_build_edges_ms"":0.000830,""tlsop_count_pass1_ms"":107.016012,""tlsop_pass1_count_caps_ms"":5.765013,""tlsop_pass1_reserve_ms"":0.438281,""tlsop_pass2_fill_ms"":7.704734,""tlsop_sample_draw_ranks_ms"":1.586527,""tlsop_sample_pass2_select_ms"":110.498372,""tlsop_sort_lists_ms"":15.586704}",,"{""dataset"":{""source"":""synthetic"",""name"":""uniform_t__nr100000__ns100000__a1_000ep00__g1"",""dim"":2,""path_r"":"""",""path_s"":"""",""synthetic"":{""generator"":""uniform"",""n_r"":100000,""n_s"":100000,""alpha"":1,""seed"":1}},""run"":{""method"":""tlsop"",""variant"":""sampling"",""t"":30000,""seed"":1,""repeats"":3,""j_star"":1000000,""enum_cap"":0,""write_samples"":false,""verify"":false},""output"":{""out_dir"":""run/temp/exp5/uniform_t"",""run_tag"":""exp5_uniform_t""},""sys"":{""threads"":1},""logging"":{""level"":""INFO"",""with_timestamp"":true,""with_thread_id"":false}}","{""generator"":""uniform"",""dataset"":""uniform_t__nr100000__ns100000__a1_000ep00__g1"",""n_r"":100000,""n_s"":100000,""has_exact_k"":false,""k_target"":0,""k_achieved"":0,""alpha_target"":1,""alpha_achieved"":nan,""notes"":""w_min_r=0.005, w_max_r=0.02, w_min_s=0.005, w_max_s=0.02, same_size_all_dims=0""}"
uniform_t__nr100000__ns100000__a1_000ep00__g1,uniform,1,100000,100000,tlsop,adaptive,30000,0,1,1,270.264,6.33447e+06,1,0,1,0,fallback_sampling,1000001,"{""build_ms"":29.549001,""enumerate_prepare_ms"":0.012290,""run_build_ms"":29.549651,""run_fallback_count_ms"":110.226557,""run_fallback_sample_ms"":112.318964,""run_pilot_enum_prepare_ms"":0.013260,""run_pilot_enum_scan_ms"":18.147602,""tlsop_adaptive_pass1_ms"":110.220637,""tlsop_adaptive_sample_large_ms"":112.314045,""tlsop_alloc_tiles_ms"":0.060419,""tlsop_build_ms"":29.547871,""tlsop_build_edges_ms"":0.000549,""tlsop_pass1_count_caps_ms"":5.768543,""tlsop_pass1_reserve_ms"":0.439421,""tlsop_pass2_fill_ms"":7.661025,""tlsop_sort_lists_ms"":15.607764}",,"{""dataset"":{""source"":""synthetic"",""name"":""uniform_t__nr100000__ns100000__a1_000ep00__g1"",""dim"":2,""path_r"":"""",""path_s"":"""",""synthetic"":{""generator"":""uniform"",""n_r"":100000,""n_s"":100000,""alpha"":1,""seed"":1}},""run"":{""method"":""tlsop"",""variant"":""adaptive"",""t"":30000,""seed"":1,""repeats"":3,""j_star"":1000000,""enum_cap"":0,""write_samples"":false,""verify"":false},""output"":{""out_dir"":""run/temp/exp5/uniform_t"",""run_tag"":""exp5_uniform_t""},""sys"":{""threads"":1},""logging"":{""level"":""INFO"",""with_timestamp"":true,""with_thread_id"":false}}","{""generator"":""uniform"",""dataset"":""uniform_t__nr100000__ns100000__a1_000ep00__g1"",""n_r"":100000,""n_s"":100000,""has_exact_k"":false,""k_target"":0,""k_achieved"":0,""alpha_target"":1,""alpha_achieved"":nan,""notes"":""w_min_r=0.005, w_max_r=0.02, w_min_s=0.005, w_max_s=0.02, same_size_all_dims=0""}"
uniform_t__nr100000__ns100000__a1_000ep00__g1,uniform,1,100000,100000,tlsop,adaptive,30000,1,2,1,274.301,6.33447e+06,1,0,1,0,fallback_sampling,1000001,"{""build_ms"":29.894434,""enumerate_prepare_ms"":0.012150,""run_build_ms"":29.895224,""run_fallback_count_ms"":113.760725,""run_fallback_sample_ms"":112.074270,""run_pilot_enum_prepare_ms"":0.013240,""run_pilot_enum_scan_ms"":18.149932,""tlsop_adaptive_pass1_ms"":113.755185,""tlsop_adaptive_sample_large_ms"":112.069490,""tlsop_alloc_tiles_ms"":0.062289,""tlsop_build_ms"":29.893694,""tlsop_build_edges_ms"":0.000440,""tlsop_pass1_count_caps_ms"":5.767823,""tlsop_pass1_reserve_ms"":0.442811,""tlsop_pass2_fill_ms"":7.630446,""tlsop_sort_lists_ms"":15.564384}",,"{""dataset"":{""source"":""synthetic"",""name"":""uniform_t__nr100000__ns100000__a1_000ep00__g1"",""dim"":2,""path_r"":"""",""path_s"":"""",""synthetic"":{""generator"":""uniform"",""n_r"":100000,""n_s"":100000,""alpha"":1,""seed"":1}},""run"":{""method"":""tlsop"",""variant"":""adaptive"",""t"":30000,""seed"":1,""repeats"":3,""j_star"":1000000,""enum_cap"":0,""write_samples"":false,""verify"":false},""output"":{""out_dir"":""run/temp/exp5/uniform_t"",""run_tag"":""exp5_uniform_t""},""sys"":{""threads"":1},""logging"":{""level"":""INFO"",""with_timestamp"":true,""with_thread_id"":false}}","{""generator"":""uniform"",""dataset"":""uniform_t__nr100000__ns100000__a1_000ep00__g1"",""n_r"":100000,""n_s"":100000,""has_exact_k"":false,""k_target"":0,""k_achieved"":0,""alpha_target"":1,""alpha_achieved"":nan,""notes"":""w_min_r=0.005, w_max_r=0.02, w_min_s=0.005, w_max_s=0.02, same_size_all_dims=0""}"
uniform_t__nr100000__ns100000__a1_000ep00__g1,uniform,1,100000,100000,tlsop,adaptive,30000,2,3,1,271.194,6.33447e+06,1,0,1,0,fallback_sampling,1000001,"{""build_ms"":30.009292,""enumerate_prepare_ms"":0.011750,""run_build_ms"":30.009791,""run_fallback_count_ms"":110.357684,""run_fallback_sample_ms"":112.191617,""run_pilot_enum_prepare_ms"":0.012500,""run_pilot_enum_scan_ms"":18.212661,""tlsop_adaptive_pass1_ms"":110.351804,""tlsop_adaptive_sample_large_ms"":112.187467,""tlsop_alloc_tiles_ms"":0.062218,""tlsop_build_ms"":30.008461,""tlsop_build_edges_ms"":0.000629,""tlsop_pass1_count_caps_ms"":5.740544,""tlsop_pass1_reserve_ms"":0.440271,""tlsop_pass2_fill_ms"":7.605096,""tlsop_sort_lists_ms"":15.676592}",,"{""dataset"":{""source"":""synthetic"",""name"":""uniform_t__nr100000__ns100000__a1_000ep00__g1"",""dim"":2,""path_r"":"""",""path_s"":"""",""synthetic"":{""generator"":""uniform"",""n_r"":100000,""n_s"":100000,""alpha"":1,""seed"":1}},""run"":{""method"":""tlsop"",""variant"":""adaptive"",""t"":30000,""seed"":1,""repeats"":3,""j_star"":1000000,""enum_cap"":0,""write_samples"":false,""verify"":false},""output"":{""out_dir"":""run/temp/exp5/uniform_t"",""run_tag"":""exp5_uniform_t""},""sys"":{""threads"":1},""logging"":{""level"":""INFO"",""with_timestamp"":true,""with_thread_id"":false}}","{""generator"":""uniform"",""dataset"":""uniform_t__nr100000__ns100000__a1_000ep00__g1"",""n_r"":100000,""n_s"":100000,""has_exact_k"":false,""k_target"":0,""k_achieved"":0,""alpha_target"":1,""alpha_achieved"":nan,""notes"":""w_min_r=0.005, w_max_r=0.02, w_min_s=0.005, w_max_s=0.02, same_size_all_dims=0""}"
uniform_t__nr100000__ns100000__a1_000ep00__g1,uniform,1,100000,100000,sirs,sampling,30000,0,1,1,635.382,6.33447e+06,1,0,0,0,,0,"{""build_ms"":122.572487,""count_ms"":339.797215,""run_build_ms"":122.573287,""run_count_ms"":339.799525,""run_sample_ms"":173.005905,""sample_ms"":173.003755,""sirs_build_index_ms"":122.571917,""sirs_build_kd_ms"":11.196973,""sirs_embed_inner_ms"":56.215682,""sirs_phase1_degrees_ms"":339.794395,""sirs_rank_axes_ms"":55.153082}",,"{""dataset"":{""source"":""synthetic"",""name"":""uniform_t__nr100000__ns100000__a1_000ep00__g1"",""dim"":2,""path_r"":"""",""path_s"":"""",""synthetic"":{""generator"":""uniform"",""n_r"":100000,""n_s"":100000,""alpha"":1,""seed"":1}},""run"":{""method"":""sirs"",""variant"":""sampling"",""t"":30000,""seed"":1,""repeats"":3,""j_star"":1000000,""enum_cap"":0,""write_samples"":false,""verify"":false},""output"":{""out_dir"":""run/temp/exp5/uniform_t"",""run_tag"":""exp5_uniform_t""},""sys"":{""threads"":1},""logging"":{""level"":""INFO"",""with_timestamp"":true,""with_thread_id"":false}}","{""generator"":""uniform"",""dataset"":""uniform_t__nr100000__ns100000__a1_000ep00__g1"",""n_r"":100000,""n_s"":100000,""has_exact_k"":false,""k_target"":0,""k_achieved"":0,""alpha_target"":1,""alpha_achieved"":nan,""notes"":""w_min_r=0.005, w_max_r=0.02, w_min_s=0.005, w_max_s=0.02, same_size_all_dims=0""}"
uniform_t__nr100000__ns100000__a1_000ep00__g1,uniform,1,100000,100000,sirs,sampling,30000,1,2,1,631.253,6.33447e+06,1,0,0,0,,0,"{""build_ms"":122.194714,""count_ms"":339.899144,""run_build_ms"":122.195444,""run_count_ms"":339.900784,""run_sample_ms"":169.154562,""sample_ms"":169.152012,""sirs_build_index_ms"":122.194234,""sirs_build_kd_ms"":11.219933,""sirs_embed_inner_ms"":56.280629,""sirs_phase1_degrees_ms"":339.896804,""sirs_rank_axes_ms"":54.687182}",,"{""dataset"":{""source"":""synthetic"",""name"":""uniform_t__nr100000__ns100000__a1_000ep00__g1"",""dim"":2,""path_r"":"""",""path_s"":"""",""synthetic"":{""generator"":""uniform"",""n_r"":100000,""n_s"":100000,""alpha"":1,""seed"":1}},""run"":{""method"":""sirs"",""variant"":""sampling"",""t"":30000,""seed"":1,""repeats"":3,""j_star"":1000000,""enum_cap"":0,""write_samples"":false,""verify"":false},""output"":{""out_dir"":""run/temp/exp5/uniform_t"",""run_tag"":""exp5_uniform_t""},""sys"":{""threads"":1},""logging"":{""level"":""INFO"",""with_timestamp"":true,""with_thread_id"":false}}","{""generator"":""uniform"",""dataset"":""uniform_t__nr100000__ns100000__a1_000ep00__g1"",""n_r"":100000,""n_s"":100000,""has_exact_k"":false,""k_target"":0,""k_achieved"":0,""alpha_target"":1,""alpha_achieved"":nan,""notes"":""w_min_r=0.005, w_max_r=0.02, w_min_s=0.005, w_max_s=0.02, same_size_all_dims=0""}"
uniform_t__nr100000__ns100000__a1_000ep00__g1,uniform,1,100000,100000,sirs,sampling,30000,2,3,1,634.838,6.33447e+06,1,0,0,0,,0,"{""build_ms"":122.165105,""count_ms"":342.879854,""run_build_ms"":122.165606,""run_count_ms"":342.881103,""run_sample_ms"":169.789269,""sample_ms"":169.786889,""sirs_build_index_ms"":122.164495,""sirs_build_kd_ms"":11.188834,""sirs_embed_inner_ms"":56.278880,""sirs_phase1_degrees_ms"":342.877944,""sirs_rank_axes_ms"":54.690592}",,"{""dataset"":{""source"":""synthetic"",""name"":""uniform_t__nr100000__ns100000__a1_000ep00__g1"",""dim"":2,""path_r"":"""",""path_s"":"""",""synthetic"":{""generator"":""uniform"",""n_r"":100000,""n_s"":100000,""alpha"":1,""seed"":1}},""run"":{""method"":""sirs"",""variant"":""sampling"",""t"":30000,""seed"":1,""repeats"":3,""j_star"":1000000,""enum_cap"":0,""write_samples"":false,""verify"":false},""output"":{""out_dir"":""run/temp/exp5/uniform_t"",""run_tag"":""exp5_uniform_t""},""sys"":{""threads"":1},""logging"":{""level"":""INFO"",""with_timestamp"":true,""with_thread_id"":false}}","{""generator"":""uniform"",""dataset"":""uniform_t__nr100000__ns100000__a1_000ep00__g1"",""n_r"":100000,""n_s"":100000,""has_exact_k"":false,""k_target"":0,""k_achieved"":0,""alpha_target"":1,""alpha_achieved"":nan,""notes"":""w_min_r=0.005, w_max_r=0.02, w_min_s=0.005, w_max_s=0.02, same_size_all_dims=0""}"
uniform_t__nr100000__ns100000__a1_000ep00__g1,uniform,1,100000,100000,sirs,adaptive,30000,0,1,1,734.872,6.33447e+06,1,0,1,0,fallback_sampling,1000001,"{""build_ms"":122.343061,""count_ms"":359.152504,""run_build_ms"":122.343711,""run_fallback_count_ms"":359.155253,""run_fallback_sample_ms"":171.751151,""run_pilot_enum_prepare_ms"":0.000580,""run_pilot_enum_scan_ms"":81.609727,""sample_ms"":171.748231,""sirs_build_index_ms"":122.342231,""sirs_build_kd_ms"":11.215482,""sirs_embed_inner_ms"":56.148752,""sirs_rank_axes_ms"":54.970636}",,"{""dataset"":{""source"":""synthetic"",""name"":""uniform_t__nr100000__ns100000__a1_000ep00__g1"",""dim"":2,""path_r"":"""",""path_s"":"""",""synthetic"":{""generator"":""uniform"",""n_r"":100000,""n_s"":100000,""alpha"":1,""seed"":1}},""run"":{""method"":""sirs"",""variant"":""adaptive"",""t"":30000,""seed"":1,""repeats"":3,""j_star"":1000000,""enum_cap"":0,""write_samples"":false,""verify"":false},""output"":{""out_dir"":""run/temp/exp5/uniform_t"",""run_tag"":""exp5_uniform_t""},""sys"":{""threads"":1},""logging"":{""level"":""INFO"",""with_timestamp"":true,""with_thread_id"":false}}","{""generator"":""uniform"",""dataset"":""uniform_t__nr100000__ns100000__a1_000ep00__g1"",""n_r"":100000,""n_s"":100000,""has_exact_k"":false,""k_target"":0,""k_achieved"":0,""alpha_target"":1,""alpha_achieved"":nan,""notes"":""w_min_r=0.005, w_max_r=0.02, w_min_s=0.005, w_max_s=0.02, same_size_all_dims=0""}"
uniform_t__nr100000__ns100000__a1_000ep00__g1,uniform,1,100000,100000,sirs,adaptive,30000,1,2,1,730.606,6.33447e+06,1,0,1,0,fallback_sampling,1000001,"{""build_ms"":121.909410,""count_ms"":358.181514,""run_build_ms"":121.910010,""run_fallback_count_ms"":358.184334,""run_fallback_sample_ms"":169.192402,""run_pilot_enum_prepare_ms"":0.000640,""run_pilot_enum_scan_ms"":81.303512,""sample_ms"":169.189792,""sirs_build_index_ms"":121.908540,""sirs_build_kd_ms"":11.206323,""sirs_embed_inner_ms"":56.036485,""sirs_rank_axes_ms"":54.659742}",,"{""dataset"":{""source"":""synthetic"",""name"":""uniform_t__nr100000__ns100000__a1_000ep00__g1"",""dim"":2,""path_r"":"""",""path_s"":"""",""synthetic"":{""generator"":""uniform"",""n_r"":100000,""n_s"":100000,""alpha"":1,""seed"":1}},""run"":{""method"":""sirs"",""variant"":""adaptive"",""t"":30000,""seed"":1,""repeats"":3,""j_star"":1000000,""enum_cap"":0,""write_samples"":false,""verify"":false},""output"":{""out_dir"":""run/temp/exp5/uniform_t"",""run_tag"":""exp5_uniform_t""},""sys"":{""threads"":1},""logging"":{""level"":""INFO"",""with_timestamp"":true,""with_thread_id"":false}}","{""generator"":""uniform"",""dataset"":""uniform_t__nr100000__ns100000__a1_000ep00__g1"",""n_r"":100000,""n_s"":100000,""has_exact_k"":false,""k_target"":0,""k_achieved"":0,""alpha_target"":1,""alpha_achieved"":nan,""notes"":""w_min_r=0.005, w_max_r=0.02, w_min_s=0.005, w_max_s=0.02, same_size_all_dims=0""}"
uniform_t__nr100000__ns100000__a1_000ep00__g1,uniform,1,100000,100000,sirs,adaptive,30000,2,3,1,732.919,6.33447e+06,1,0,1,0,fallback_sampling,1000001,"{""build_ms"":121.987029,""count_ms"":359.779142,""run_build_ms"":121.987629,""run_fallback_count_ms"":359.781711,""run_fallback_sample_ms"":169.874099,""run_pilot_enum_prepare_ms"":0.000260,""run_pilot_enum_scan_ms"":81.260323,""sample_ms"":169.871729,""sirs_build_index_ms"":121.985899,""sirs_build_kd_ms"":11.187973,""sirs_embed_inner_ms"":56.137743,""sirs_rank_axes_ms"":54.654373}",,"{""dataset"":{""source"":""synthetic"",""name"":""uniform_t__nr100000__ns100000__a1_000ep00__g1"",""dim"":2,""path_r"":"""",""path_s"":"""",""synthetic"":{""generator"":""uniform"",""n_r"":100000,""n_s"":100000,""alpha"":1,""seed"":1}},""run"":{""method"":""sirs"",""variant"":""adaptive"",""t"":30000,""seed"":1,""repeats"":3,""j_star"":1000000,""enum_cap"":0,""write_samples"":false,""verify"":false},""output"":{""out_dir"":""run/temp/exp5/uniform_t"",""run_tag"":""exp5_uniform_t""},""sys"":{""threads"":1},""logging"":{""level"":""INFO"",""with_timestamp"":true,""with_thread_id"":false}}","{""generator"":""uniform"",""dataset"":""uniform_t__nr100000__ns100000__a1_000ep00__g1"",""n_r"":100000,""n_s"":100000,""has_exact_k"":false,""k_target"":0,""k_achieved"":0,""alpha_target"":1,""alpha_achieved"":nan,""notes"":""w_min_r=0.005, w_max_r=0.02, w_min_s=0.005, w_max_s=0.02, same_size_all_dims=0""}"
uniform_t__nr100000__ns100000__a1_000ep00__g1,uniform,1,100000,100000,rejection,sampling,30000,0,1,0,-1,-1,0,0,0,0,,0,{},SKIPPED: rejection+sampling is disabled in sjs_sweep; use variant=adaptive.,"{""dataset"":{""source"":""synthetic"",""name"":""uniform_t__nr100000__ns100000__a1_000ep00__g1"",""dim"":2,""path_r"":"""",""path_s"":"""",""synthetic"":{""generator"":""uniform"",""n_r"":100000,""n_s"":100000,""alpha"":1,""seed"":1}},""run"":{""method"":""rejection"",""variant"":""sampling"",""t"":30000,""seed"":1,""repeats"":3,""j_star"":1000000,""enum_cap"":0,""write_samples"":false,""verify"":false},""output"":{""out_dir"":""run/temp/exp5/uniform_t"",""run_tag"":""exp5_uniform_t""},""sys"":{""threads"":1},""logging"":{""level"":""INFO"",""with_timestamp"":true,""with_thread_id"":false}}","{""generator"":""uniform"",""dataset"":""uniform_t__nr100000__ns100000__a1_000ep00__g1"",""n_r"":100000,""n_s"":100000,""has_exact_k"":false,""k_target"":0,""k_achieved"":0,""alpha_target"":1,""alpha_achieved"":nan,""notes"":""w_min_r=0.005, w_max_r=0.02, w_min_s=0.005, w_max_s=0.02, same_size_all_dims=0""}"
uniform_t__nr100000__ns100000__a1_000ep00__g1,uniform,1,100000,100000,rejection,sampling,30000,1,2,0,-1,-1,0,0,0,0,,0,{},SKIPPED: rejection+sampling is disabled in sjs_sweep; use variant=adaptive.,"{""dataset"":{""source"":""synthetic"",""name"":""uniform_t__nr100000__ns100000__a1_000ep00__g1"",""dim"":2,""path_r"":"""",""path_s"":"""",""synthetic"":{""generator"":""uniform"",""n_r"":100000,""n_s"":100000,""alpha"":1,""seed"":1}},""run"":{""method"":""rejection"",""variant"":""sampling"",""t"":30000,""seed"":1,""repeats"":3,""j_star"":1000000,""enum_cap"":0,""write_samples"":false,""verify"":false},""output"":{""out_dir"":""run/temp/exp5/uniform_t"",""run_tag"":""exp5_uniform_t""},""sys"":{""threads"":1},""logging"":{""level"":""INFO"",""with_timestamp"":true,""with_thread_id"":false}}","{""generator"":""uniform"",""dataset"":""uniform_t__nr100000__ns100000__a1_000ep00__g1"",""n_r"":100000,""n_s"":100000,""has_exact_k"":false,""k_target"":0,""k_achieved"":0,""alpha_target"":1,""alpha_achieved"":nan,""notes"":""w_min_r=0.005, w_max_r=0.02, w_min_s=0.005, w_max_s=0.02, same_size_all_dims=0""}"
uniform_t__nr100000__ns100000__a1_000ep00__g1,uniform,1,100000,100000,rejection,sampling,30000,2,3,0,-1,-1,0,0,0,0,,0,{},SKIPPED: rejection+sampling is disabled in sjs_sweep; use variant=adaptive.,"{""dataset"":{""source"":""synthetic"",""name"":""uniform_t__nr100000__ns100000__a1_000ep00__g1"",""dim"":2,""path_r"":"""",""path_s"":"""",""synthetic"":{""generator"":""uniform"",""n_r"":100000,""n_s"":100000,""alpha"":1,""seed"":1}},""run"":{""method"":""rejection"",""variant"":""sampling"",""t"":30000,""seed"":1,""repeats"":3,""j_star"":1000000,""enum_cap"":0,""write_samples"":false,""verify"":false},""output"":{""out_dir"":""run/temp/exp5/uniform_t"",""run_tag"":""exp5_uniform_t""},""sys"":{""threads"":1},""logging"":{""level"":""INFO"",""with_timestamp"":true,""with_thread_id"":false}}","{""generator"":""uniform"",""dataset"":""uniform_t__nr100000__ns100000__a1_000ep00__g1"",""n_r"":100000,""n_s"":100000,""has_exact_k"":false,""k_target"":0,""k_achieved"":0,""alpha_target"":1,""alpha_achieved"":nan,""notes"":""w_min_r=0.005, w_max_r=0.02, w_min_s=0.005, w_max_s=0.02, same_size_all_dims=0""}"
uniform_t__nr100000__ns100000__a1_000ep00__g1,uniform,1,100000,100000,rejection,adaptive,30000,0,1,1,239.641,6.33516e+06,0,0,1,0,fallback_sampling,1000001,"{""adaptive_phase1_ms"":51.699093,""adaptive_sample_ms"":15.946166,""build_ms"":127.645214,""build_M_ms"":0.122388,""build_cellmap_ms"":14.748822,""build_mu_alias_ms"":112.500621,""build_slab_index_ms"":0.265424,""count_pilot_ms"":9.014978,""run_build_ms"":127.646504,""run_fallback_count_ms"":51.701542,""run_fallback_sample_ms"":15.948847,""run_pilot_enum_prepare_ms"":0.002180,""run_pilot_enum_scan_ms"":44.331662}",,"{""dataset"":{""source"":""synthetic"",""name"":""uniform_t__nr100000__ns100000__a1_000ep00__g1"",""dim"":2,""path_r"":"""",""path_s"":"""",""synthetic"":{""generator"":""uniform"",""n_r"":100000,""n_s"":100000,""alpha"":1,""seed"":1}},""run"":{""method"":""rejection"",""variant"":""adaptive"",""t"":30000,""seed"":1,""repeats"":3,""j_star"":1000000,""enum_cap"":0,""write_samples"":false,""verify"":false},""output"":{""out_dir"":""run/temp/exp5/uniform_t"",""run_tag"":""exp5_uniform_t""},""sys"":{""threads"":1},""logging"":{""level"":""INFO"",""with_timestamp"":true,""with_thread_id"":false}}","{""generator"":""uniform"",""dataset"":""uniform_t__nr100000__ns100000__a1_000ep00__g1"",""n_r"":100000,""n_s"":100000,""has_exact_k"":false,""k_target"":0,""k_achieved"":0,""alpha_target"":1,""alpha_achieved"":nan,""notes"":""w_min_r=0.005, w_max_r=0.02, w_min_s=0.005, w_max_s=0.02, same_size_all_dims=0""}"
uniform_t__nr100000__ns100000__a1_000ep00__g1,uniform,1,100000,100000,rejection,adaptive,30000,1,2,1,244.062,6.35788e+06,0,0,1,0,fallback_sampling,1000001,"{""adaptive_phase1_ms"":51.721112,""adaptive_sample_ms"":14.761381,""build_ms"":127.563626,""build_M_ms"":0.107458,""build_cellmap_ms"":14.782271,""build_mu_alias_ms"":112.405333,""build_slab_index_ms"":0.255915,""count_pilot_ms"":8.898740,""run_build_ms"":127.619725,""run_fallback_count_ms"":51.723292,""run_fallback_sample_ms"":14.764061,""run_pilot_enum_prepare_ms"":0.002070,""run_pilot_enum_scan_ms"":44.262573}",,"{""dataset"":{""source"":""synthetic"",""name"":""uniform_t__nr100000__ns100000__a1_000ep00__g1"",""dim"":2,""path_r"":"""",""path_s"":"""",""synthetic"":{""generator"":""uniform"",""n_r"":100000,""n_s"":100000,""alpha"":1,""seed"":1}},""run"":{""method"":""rejection"",""variant"":""adaptive"",""t"":30000,""seed"":1,""repeats"":3,""j_star"":1000000,""enum_cap"":0,""write_samples"":false,""verify"":false},""output"":{""out_dir"":""run/temp/exp5/uniform_t"",""run_tag"":""exp5_uniform_t""},""sys"":{""threads"":1},""logging"":{""level"":""INFO"",""with_timestamp"":true,""with_thread_id"":false}}","{""generator"":""uniform"",""dataset"":""uniform_t__nr100000__ns100000__a1_000ep00__g1"",""n_r"":100000,""n_s"":100000,""has_exact_k"":false,""k_target"":0,""k_achieved"":0,""alpha_target"":1,""alpha_achieved"":nan,""notes"":""w_min_r=0.005, w_max_r=0.02, w_min_s=0.005, w_max_s=0.02, same_size_all_dims=0""}"
uniform_t__nr100000__ns100000__a1_000ep00__g1,uniform,1,100000,100000,rejection,adaptive,30000,2,3,1,250.325,6.35092e+06,0,0,1,0,fallback_sampling,1000001,"{""adaptive_phase1_ms"":52.056995,""adaptive_sample_ms"":14.493647,""build_ms"":131.215172,""build_M_ms"":0.108118,""build_cellmap_ms"":14.855839,""build_mu_alias_ms"":115.977951,""build_slab_index_ms"":0.261745,""count_pilot_ms"":9.028207,""run_build_ms"":131.270671,""run_fallback_count_ms"":52.059645,""run_fallback_sample_ms"":14.495956,""run_pilot_enum_prepare_ms"":0.002600,""run_pilot_enum_scan_ms"":44.417980}",,"{""dataset"":{""source"":""synthetic"",""name"":""uniform_t__nr100000__ns100000__a1_000ep00__g1"",""dim"":2,""path_r"":"""",""path_s"":"""",""synthetic"":{""generator"":""uniform"",""n_r"":100000,""n_s"":100000,""alpha"":1,""seed"":1}},""run"":{""method"":""rejection"",""variant"":""adaptive"",""t"":30000,""seed"":1,""repeats"":3,""j_star"":1000000,""enum_cap"":0,""write_samples"":false,""verify"":false},""output"":{""out_dir"":""run/temp/exp5/uniform_t"",""run_tag"":""exp5_uniform_t""},""sys"":{""threads"":1},""logging"":{""level"":""INFO"",""with_timestamp"":true,""with_thread_id"":false}}","{""generator"":""uniform"",""dataset"":""uniform_t__nr100000__ns100000__a1_000ep00__g1"",""n_r"":100000,""n_s"":100000,""has_exact_k"":false,""k_target"":0,""k_achieved"":0,""alpha_target"":1,""alpha_achieved"":nan,""notes"":""w_min_r=0.005, w_max_r=0.02, w_min_s=0.005, w_max_s=0.02, same_size_all_dims=0""}"
uniform_t__nr100000__ns100000__a1_000ep00__g1,uniform,1,100000,100000,ours,sampling,100000,0,1,1,564.046,6.33447e+06,1,0,0,0,,0,"{""build_active_indices_ms"":5.614167,""build_events_ms"":34.520201,""build_ranks_ms"":44.066807,""build_y_domain_ms"":13.935887,""phase1_count_ms"":270.220156,""phase2_plan_ms"":9.324111,""phase3_sample_ms"":184.551741,""run_build_ms"":99.908576,""run_count_ms"":270.224135,""run_sample_ms"":193.908481}",,"{""dataset"":{""source"":""synthetic"",""name"":""uniform_t__nr100000__ns100000__a1_000ep00__g1"",""dim"":2,""path_r"":"""",""path_s"":"""",""synthetic"":{""generator"":""uniform"",""n_r"":100000,""n_s"":100000,""alpha"":1,""seed"":1}},""run"":{""method"":""ours"",""variant"":""sampling"",""t"":100000,""seed"":1,""repeats"":3,""j_star"":1000000,""enum_cap"":0,""write_samples"":false,""verify"":false},""output"":{""out_dir"":""run/temp/exp5/uniform_t"",""run_tag"":""exp5_uniform_t""},""sys"":{""threads"":1},""logging"":{""level"":""INFO"",""with_timestamp"":true,""with_thread_id"":false}}","{""generator"":""uniform"",""dataset"":""uniform_t__nr100000__ns100000__a1_000ep00__g1"",""n_r"":100000,""n_s"":100000,""has_exact_k"":false,""k_target"":0,""k_achieved"":0,""alpha_target"":1,""alpha_achieved"":nan,""notes"":""w_min_r=0.005, w_max_r=0.02, w_min_s=0.005, w_max_s=0.02, same_size_all_dims=0""}"
uniform_t__nr100000__ns100000__a1_000ep00__g1,uniform,1,100000,100000,ours,sampling,100000,1,2,1,636.551,6.33447e+06,1,0,0,0,,0,"{""build_active_indices_ms"":5.440430,""build_events_ms"":66.126890,""build_ranks_ms"":44.050888,""build_y_domain_ms"":13.991786,""phase1_count_ms"":273.479749,""phase2_plan_ms"":9.259412,""phase3_sample_ms"":184.219357,""run_build_ms"":131.385548,""run_count_ms"":273.482740,""run_sample_ms"":193.512439}",,"{""dataset"":{""source"":""synthetic"",""name"":""uniform_t__nr100000__ns100000__a1_000ep00__g1"",""dim"":2,""path_r"":"""",""path_s"":"""",""synthetic"":{""generator"":""uniform"",""n_r"":100000,""n_s"":100000,""alpha"":1,""seed"":1}},""run"":{""method"":""ours"",""variant"":""sampling"",""t"":100000,""seed"":1,""repeats"":3,""j_star"":1000000,""enum_cap"":0,""write_samples"":false,""verify"":false},""output"":{""out_dir"":""run/temp/exp5/uniform_t"",""run_tag"":""exp5_uniform_t""},""sys"":{""threads"":1},""logging"":{""level"":""INFO"",""with_timestamp"":true,""with_thread_id"":false}}","{""generator"":""uniform"",""dataset"":""uniform_t__nr100000__ns100000__a1_000ep00__g1"",""n_r"":100000,""n_s"":100000,""has_exact_k"":false,""k_target"":0,""k_achieved"":0,""alpha_target"":1,""alpha_achieved"":nan,""notes"":""w_min_r=0.005, w_max_r=0.02, w_min_s=0.005, w_max_s=0.02, same_size_all_dims=0""}"
uniform_t__nr100000__ns100000__a1_000ep00__g1,uniform,1,100000,100000,ours,sampling,100000,2,3,1,630.34,6.33447e+06,1,0,0,0,,0,"{""build_active_indices_ms"":5.494029,""build_events_ms"":41.414381,""build_ranks_ms"":44.041507,""build_y_domain_ms"":13.989877,""phase1_count_ms"":268.181807,""phase2_plan_ms"":9.353500,""phase3_sample_ms"":188.910673,""run_build_ms"":106.710588,""run_count_ms"":268.185627,""run_sample_ms"":198.295883}",,"{""dataset"":{""source"":""synthetic"",""name"":""uniform_t__nr100000__ns100000__a1_000ep00__g1"",""dim"":2,""path_r"":"""",""path_s"":"""",""synthetic"":{""generator"":""uniform"",""n_r"":100000,""n_s"":100000,""alpha"":1,""seed"":1}},""run"":{""method"":""ours"",""variant"":""sampling"",""t"":100000,""seed"":1,""repeats"":3,""j_star"":1000000,""enum_cap"":0,""write_samples"":false,""verify"":false},""output"":{""out_dir"":""run/temp/exp5/uniform_t"",""run_tag"":""exp5_uniform_t""},""sys"":{""threads"":1},""logging"":{""level"":""INFO"",""with_timestamp"":true,""with_thread_id"":false}}","{""generator"":""uniform"",""dataset"":""uniform_t__nr100000__ns100000__a1_000ep00__g1"",""n_r"":100000,""n_s"":100000,""has_exact_k"":false,""k_target"":0,""k_achieved"":0,""alpha_target"":1,""alpha_achieved"":nan,""notes"":""w_min_r=0.005, w_max_r=0.02, w_min_s=0.005, w_max_s=0.02, same_size_all_dims=0""}"
uniform_t__nr100000__ns100000__a1_000ep00__g1,uniform,1,100000,100000,ours,adaptive,100000,0,1,1,638.188,6.33447e+06,1,0,1,0,fallback_sampling,1000001,"{""build_active_indices_ms"":5.548358,""build_events_ms"":34.444952,""build_ranks_ms"":44.044507,""build_y_domain_ms"":13.983377,""phase1_count_adaptive_ms"":267.481282,""phase2_plan_ms"":9.262553,""phase3_sample_ms"":190.265495,""run_build_ms"":99.789179,""run_fallback_count_ms"":267.485081,""run_fallback_sample_ms"":199.562768,""run_pilot_enum_prepare_ms"":1.526409,""run_pilot_enum_scan_ms"":69.811225,""sample_ms"":199.560178}",,"{""dataset"":{""source"":""synthetic"",""name"":""uniform_t__nr100000__ns100000__a1_000ep00__g1"",""dim"":2,""path_r"":"""",""path_s"":"""",""synthetic"":{""generator"":""uniform"",""n_r"":100000,""n_s"":100000,""alpha"":1,""seed"":1}},""run"":{""method"":""ours"",""variant"":""adaptive"",""t"":100000,""seed"":1,""repeats"":3,""j_star"":1000000,""enum_cap"":0,""write_samples"":false,""verify"":false},""output"":{""out_dir"":""run/temp/exp5/uniform_t"",""run_tag"":""exp5_uniform_t""},""sys"":{""threads"":1},""logging"":{""level"":""INFO"",""with_timestamp"":true,""with_thread_id"":false}}","{""generator"":""uniform"",""dataset"":""uniform_t__nr100000__ns100000__a1_000ep00__g1"",""n_r"":100000,""n_s"":100000,""has_exact_k"":false,""k_target"":0,""k_achieved"":0,""alpha_target"":1,""alpha_achieved"":nan,""notes"":""w_min_r=0.005, w_max_r=0.02, w_min_s=0.005, w_max_s=0.02, same_size_all_dims=0""}"
uniform_t__nr100000__ns100000__a1_000ep00__g1,uniform,1,100000,100000,ours,adaptive,100000,1,2,1,720.131,6.33447e+06,1,0,1,0,fallback_sampling,1000001,"{""build_active_indices_ms"":5.463030,""build_events_ms"":65.804776,""build_ranks_ms"":44.009889,""build_y_domain_ms"":13.966547,""phase1_count_adaptive_ms"":278.812691,""phase2_plan_ms"":9.667945,""phase3_sample_ms"":191.260125,""run_build_ms"":131.018817,""run_fallback_count_ms"":278.816051,""run_fallback_sample_ms"":200.962989,""run_pilot_enum_prepare_ms"":1.520779,""run_pilot_enum_scan_ms"":70.019111,""sample_ms"":200.961159}",,"{""dataset"":{""source"":""synthetic"",""name"":""uniform_t__nr100000__ns100000__a1_000ep00__g1"",""dim"":2,""path_r"":"""",""path_s"":"""",""synthetic"":{""generator"":""uniform"",""n_r"":100000,""n_s"":100000,""alpha"":1,""seed"":1}},""run"":{""method"":""ours"",""variant"":""adaptive"",""t"":100000,""seed"":1,""repeats"":3,""j_star"":1000000,""enum_cap"":0,""write_samples"":false,""verify"":false},""output"":{""out_dir"":""run/temp/exp5/uniform_t"",""run_tag"":""exp5_uniform_t""},""sys"":{""threads"":1},""logging"":{""level"":""INFO"",""with_timestamp"":true,""with_thread_id"":false}}","{""generator"":""uniform"",""dataset"":""uniform_t__nr100000__ns100000__a1_000ep00__g1"",""n_r"":100000,""n_s"":100000,""has_exact_k"":false,""k_target"":0,""k_achieved"":0,""alpha_target"":1,""alpha_achieved"":nan,""notes"":""w_min_r=0.005, w_max_r=0.02, w_min_s=0.005, w_max_s=0.02, same_size_all_dims=0""}"
uniform_t__nr100000__ns100000__a1_000ep00__g1,uniform,1,100000,100000,ours,adaptive,100000,2,3,1,714.66,6.33447e+06,1,0,1,0,fallback_sampling,1000001,"{""build_active_indices_ms"":5.406591,""build_events_ms"":66.524102,""build_ranks_ms"":44.045078,""build_y_domain_ms"":13.962687,""phase1_count_adaptive_ms"":268.482361,""phase2_plan_ms"":9.669304,""phase3_sample_ms"":194.076458,""run_build_ms"":131.718742,""run_fallback_count_ms"":268.484461,""run_fallback_sample_ms"":203.780562,""run_pilot_enum_prepare_ms"":1.556818,""run_pilot_enum_scan_ms"":69.842255,""sample_ms"":203.778702}",,"{""dataset"":{""source"":""synthetic"",""name"":""uniform_t__nr100000__ns100000__a1_000ep00__g1"",""dim"":2,""path_r"":"""",""path_s"":"""",""synthetic"":{""generator"":""uniform"",""n_r"":100000,""n_s"":100000,""alpha"":1,""seed"":1}},""run"":{""method"":""ours"",""variant"":""adaptive"",""t"":100000,""seed"":1,""repeats"":3,""j_star"":1000000,""enum_cap"":0,""write_samples"":false,""verify"":false},""output"":{""out_dir"":""run/temp/exp5/uniform_t"",""run_tag"":""exp5_uniform_t""},""sys"":{""threads"":1},""logging"":{""level"":""INFO"",""with_timestamp"":true,""with_thread_id"":false}}","{""generator"":""uniform"",""dataset"":""uniform_t__nr100000__ns100000__a1_000ep00__g1"",""n_r"":100000,""n_s"":100000,""has_exact_k"":false,""k_target"":0,""k_achieved"":0,""alpha_target"":1,""alpha_achieved"":nan,""notes"":""w_min_r=0.005, w_max_r=0.02, w_min_s=0.005, w_max_s=0.02, same_size_all_dims=0""}"
uniform_t__nr100000__ns100000__a1_000ep00__g1,uniform,1,100000,100000,aabb,sampling,100000,0,1,1,536.542,6.33447e+06,1,0,0,0,,0,"{""build_ms"":36.149657,""phase1_count_ms"":280.540087,""phase2_assign_ms"":12.068166,""phase3_sample_ms"":207.757022,""run_build_ms"":36.151337,""run_count_ms"":280.543117,""run_sample_ms"":219.844557}",,"{""dataset"":{""source"":""synthetic"",""name"":""uniform_t__nr100000__ns100000__a1_000ep00__g1"",""dim"":2,""path_r"":"""",""path_s"":"""",""synthetic"":{""generator"":""uniform"",""n_r"":100000,""n_s"":100000,""alpha"":1,""seed"":1}},""run"":{""method"":""aabb"",""variant"":""sampling"",""t"":100000,""seed"":1,""repeats"":3,""j_star"":1000000,""enum_cap"":0,""write_samples"":false,""verify"":false},""output"":{""out_dir"":""run/temp/exp5/uniform_t"",""run_tag"":""exp5_uniform_t""},""sys"":{""threads"":1},""logging"":{""level"":""INFO"",""with_timestamp"":true,""with_thread_id"":false}}","{""generator"":""uniform"",""dataset"":""uniform_t__nr100000__ns100000__a1_000ep00__g1"",""n_r"":100000,""n_s"":100000,""has_exact_k"":false,""k_target"":0,""k_achieved"":0,""alpha_target"":1,""alpha_achieved"":nan,""notes"":""w_min_r=0.005, w_max_r=0.02, w_min_s=0.005, w_max_s=0.02, same_size_all_dims=0""}"
uniform_t__nr100000__ns100000__a1_000ep00__g1,uniform,1,100000,100000,aabb,sampling,100000,1,2,1,539.779,6.33447e+06,1,0,0,0,,0,"{""build_ms"":36.105119,""phase1_count_ms"":284.556235,""phase2_assign_ms"":12.012736,""phase3_sample_ms"":207.080086,""run_build_ms"":36.106498,""run_count_ms"":284.558976,""run_sample_ms"":219.112002}",,"{""dataset"":{""source"":""synthetic"",""name"":""uniform_t__nr100000__ns100000__a1_000ep00__g1"",""dim"":2,""path_r"":"""",""path_s"":"""",""synthetic"":{""generator"":""uniform"",""n_r"":100000,""n_s"":100000,""alpha"":1,""seed"":1}},""run"":{""method"":""aabb"",""variant"":""sampling"",""t"":100000,""seed"":1,""repeats"":3,""j_star"":1000000,""enum_cap"":0,""write_samples"":false,""verify"":false},""output"":{""out_dir"":""run/temp/exp5/uniform_t"",""run_tag"":""exp5_uniform_t""},""sys"":{""threads"":1},""logging"":{""level"":""INFO"",""with_timestamp"":true,""with_thread_id"":false}}","{""generator"":""uniform"",""dataset"":""uniform_t__nr100000__ns100000__a1_000ep00__g1"",""n_r"":100000,""n_s"":100000,""has_exact_k"":false,""k_target"":0,""k_achieved"":0,""alpha_target"":1,""alpha_achieved"":nan,""notes"":""w_min_r=0.005, w_max_r=0.02, w_min_s=0.005, w_max_s=0.02, same_size_all_dims=0""}"
uniform_t__nr100000__ns100000__a1_000ep00__g1,uniform,1,100000,100000,aabb,sampling,100000,2,3,1,536.93,6.33447e+06,1,0,0,0,,0,"{""build_ms"":36.099698,""phase1_count_ms"":281.169035,""phase2_assign_ms"":12.217583,""phase3_sample_ms"":207.418679,""run_build_ms"":36.101318,""run_count_ms"":281.171655,""run_sample_ms"":219.654879}",,"{""dataset"":{""source"":""synthetic"",""name"":""uniform_t__nr100000__ns100000__a1_000ep00__g1"",""dim"":2,""path_r"":"""",""path_s"":"""",""synthetic"":{""generator"":""uniform"",""n_r"":100000,""n_s"":100000,""alpha"":1,""seed"":1}},""run"":{""method"":""aabb"",""variant"":""sampling"",""t"":100000,""seed"":1,""repeats"":3,""j_star"":1000000,""enum_cap"":0,""write_samples"":false,""verify"":false},""output"":{""out_dir"":""run/temp/exp5/uniform_t"",""run_tag"":""exp5_uniform_t""},""sys"":{""threads"":1},""logging"":{""level"":""INFO"",""with_timestamp"":true,""with_thread_id"":false}}","{""generator"":""uniform"",""dataset"":""uniform_t__nr100000__ns100000__a1_000ep00__g1"",""n_r"":100000,""n_s"":100000,""has_exact_k"":false,""k_target"":0,""k_achieved"":0,""alpha_target"":1,""alpha_achieved"":nan,""notes"":""w_min_r=0.005, w_max_r=0.02, w_min_s=0.005, w_max_s=0.02, same_size_all_dims=0""}"
uniform_t__nr100000__ns100000__a1_000ep00__g1,uniform,1,100000,100000,aabb,adaptive,100000,0,1,1,684.348,6.33447e+06,1,0,1,0,fallback_sampling,1000001,"{""build_ms"":36.142548,""enumerate_prepare_ms"":34.644618,""phase1_count_ms"":309.788795,""phase2_assign_ms"":12.184843,""phase3_sample_ms"":206.169014,""run_build_ms"":36.143398,""run_fallback_count_ms"":309.792064,""run_fallback_sample_ms"":218.373637,""run_pilot_enum_prepare_ms"":34.647718,""run_pilot_enum_scan_ms"":85.378490}",,"{""dataset"":{""source"":""synthetic"",""name"":""uniform_t__nr100000__ns100000__a1_000ep00__g1"",""dim"":2,""path_r"":"""",""path_s"":"""",""synthetic"":{""generator"":""uniform"",""n_r"":100000,""n_s"":100000,""alpha"":1,""seed"":1}},""run"":{""method"":""aabb"",""variant"":""adaptive"",""t"":100000,""seed"":1,""repeats"":3,""j_star"":1000000,""enum_cap"":0,""write_samples"":false,""verify"":false},""output"":{""out_dir"":""run/temp/exp5/uniform_t"",""run_tag"":""exp5_uniform_t""},""sys"":{""threads"":1},""logging"":{""level"":""INFO"",""with_timestamp"":true,""with_thread_id"":false}}","{""generator"":""uniform"",""dataset"":""uniform_t__nr100000__ns100000__a1_000ep00__g1"",""n_r"":100000,""n_s"":100000,""has_exact_k"":false,""k_target"":0,""k_achieved"":0,""alpha_target"":1,""alpha_achieved"":nan,""notes"":""w_min_r=0.005, w_max_r=0.02, w_min_s=0.005, w_max_s=0.02, same_size_all_dims=0""}"
uniform_t__nr100000__ns100000__a1_000ep00__g1,uniform,1,100000,100000,aabb,adaptive,100000,1,2,1,682.934,6.33447e+06,1,0,1,0,fallback_sampling,1000001,"{""build_ms"":36.244125,""enumerate_prepare_ms"":34.664468,""phase1_count_ms"":305.313716,""phase2_assign_ms"":12.105585,""phase3_sample_ms"":208.970347,""run_build_ms"":36.245425,""run_fallback_count_ms"":305.315995,""run_fallback_sample_ms"":221.095502,""run_pilot_enum_prepare_ms"":34.666798,""run_pilot_enum_scan_ms"":85.597956}",,"{""dataset"":{""source"":""synthetic"",""name"":""uniform_t__nr100000__ns100000__a1_000ep00__g1"",""dim"":2,""path_r"":"""",""path_s"":"""",""synthetic"":{""generator"":""uniform"",""n_r"":100000,""n_s"":100000,""alpha"":1,""seed"":1}},""run"":{""method"":""aabb"",""variant"":""adaptive"",""t"":100000,""seed"":1,""repeats"":3,""j_star"":1000000,""enum_cap"":0,""write_samples"":false,""verify"":false},""output"":{""out_dir"":""run/temp/exp5/uniform_t"",""run_tag"":""exp5_uniform_t""},""sys"":{""threads"":1},""logging"":{""level"":""INFO"",""with_timestamp"":true,""with_thread_id"":false}}","{""generator"":""uniform"",""dataset"":""uniform_t__nr100000__ns100000__a1_000ep00__g1"",""n_r"":100000,""n_s"":100000,""has_exact_k"":false,""k_target"":0,""k_achieved"":0,""alpha_target"":1,""alpha_achieved"":nan,""notes"":""w_min_r=0.005, w_max_r=0.02, w_min_s=0.005, w_max_s=0.02, same_size_all_dims=0""}"
uniform_t__nr100000__ns100000__a1_000ep00__g1,uniform,1,100000,100000,aabb,adaptive,100000,2,3,1,680.799,6.33447e+06,1,0,1,0,fallback_sampling,1000001,"{""build_ms"":36.194586,""enumerate_prepare_ms"":34.603900,""phase1_count_ms"":306.406684,""phase2_assign_ms"":12.282471,""phase3_sample_ms"":205.856359,""run_build_ms"":36.196037,""run_fallback_count_ms"":306.409484,""run_fallback_sample_ms"":218.157930,""run_pilot_enum_prepare_ms"":34.606489,""run_pilot_enum_scan_ms"":85.412539}",,"{""dataset"":{""source"":""synthetic"",""name"":""uniform_t__nr100000__ns100000__a1_000ep00__g1"",""dim"":2,""path_r"":"""",""path_s"":"""",""synthetic"":{""generator"":""uniform"",""n_r"":100000,""n_s"":100000,""alpha"":1,""seed"":1}},""run"":{""method"":""aabb"",""variant"":""adaptive"",""t"":100000,""seed"":1,""repeats"":3,""j_star"":1000000,""enum_cap"":0,""write_samples"":false,""verify"":false},""output"":{""out_dir"":""run/temp/exp5/uniform_t"",""run_tag"":""exp5_uniform_t""},""sys"":{""threads"":1},""logging"":{""level"":""INFO"",""with_timestamp"":true,""with_thread_id"":false}}","{""generator"":""uniform"",""dataset"":""uniform_t__nr100000__ns100000__a1_000ep00__g1"",""n_r"":100000,""n_s"":100000,""has_exact_k"":false,""k_target"":0,""k_achieved"":0,""alpha_target"":1,""alpha_achieved"":nan,""notes"":""w_min_r=0.005, w_max_r=0.02, w_min_s=0.005, w_max_s=0.02, same_size_all_dims=0""}"
uniform_t__nr100000__ns100000__a1_000ep00__g1,uniform,1,100000,100000,interval_tree,sampling,100000,0,1,1,1102.92,6.33447e+06,1,0,0,0,,0,"{""build_ms"":141.612591,""build_active_ms"":23.847296,""build_events_ms"":37.792954,""build_start_ids_ms"":1.564249,""build_y_endpoints_ms"":28.103340,""build_y_indices_ms"":50.298021,""phase1_count_ms"":544.006550,""phase2_slots_ms"":10.937948,""phase3_resweep_ms"":406.327279,""run_build_ms"":141.613621,""run_count_ms"":544.009060,""run_sample_ms"":417.295987}",,"{""dataset"":{""source"":""synthetic"",""name"":""uniform_t__nr100000__ns100000__a1_000ep00__g1"",""dim"":2,""path_r"":"""",""path_s"":"""",""synthetic"":{""generator"":""uniform"",""n_r"":100000,""n_s"":100000,""alpha"":1,""seed"":1}},""run"":{""method"":""interval_tree"",""variant"":""sampling"",""t"":100000,""seed"":1,""repeats"":3,""j_star"":1000000,""enum_cap"":0,""write_samples"":false,""verify"":false},""output"":{""out_dir"":""run/temp/exp5/uniform_t"",""run_tag"":""exp5_uniform_t""},""sys"":{""threads"":1},""logging"":{""level"":""INFO"",""with_timestamp"":true,""with_thread_id"":false}}","{""generator"":""uniform"",""dataset"":""uniform_t__nr100000__ns100000__a1_000ep00__g1"",""n_r"":100000,""n_s"":100000,""has_exact_k"":false,""k_target"":0,""k_achieved"":0,""alpha_target"":1,""alpha_achieved"":nan,""notes"":""w_min_r=0.005, w_max_r=0.02, w_min_s=0.005, w_max_s=0.02, same_size_all_dims=0""}"
uniform_t__nr100000__ns100000__a1_000ep00__g1,uniform,1,100000,100000,interval_tree,sampling,100000,1,2,1,1185.79,6.33447e+06,1,0,0,0,,0,"{""build_ms"":177.507255,""build_active_ms"":23.484465,""build_events_ms"":73.996281,""build_start_ids_ms"":1.564829,""build_y_endpoints_ms"":28.105350,""build_y_indices_ms"":50.347960,""phase1_count_ms"":547.146487,""phase2_slots_ms"":10.578755,""phase3_resweep_ms"":410.656412,""run_build_ms"":177.508205,""run_count_ms"":547.148357,""run_sample_ms"":421.267107}",,"{""dataset"":{""source"":""synthetic"",""name"":""uniform_t__nr100000__ns100000__a1_000ep00__g1"",""dim"":2,""path_r"":"""",""path_s"":"""",""synthetic"":{""generator"":""uniform"",""n_r"":100000,""n_s"":100000,""alpha"":1,""seed"":1}},""run"":{""method"":""interval_tree"",""variant"":""sampling"",""t"":100000,""seed"":1,""repeats"":3,""j_star"":1000000,""enum_cap"":0,""write_samples"":false,""verify"":false},""output"":{""out_dir"":""run/temp/exp5/uniform_t"",""run_tag"":""exp5_uniform_t""},""sys"":{""threads"":1},""logging"":{""level"":""INFO"",""with_timestamp"":true,""with_thread_id"":false}}","{""generator"":""uniform"",""dataset"":""uniform_t__nr100000__ns100000__a1_000ep00__g1"",""n_r"":100000,""n_s"":100000,""has_exact_k"":false,""k_target"":0,""k_achieved"":0,""alpha_target"":1,""alpha_achieved"":nan,""notes"":""w_min_r=0.005, w_max_r=0.02, w_min_s=0.005, w_max_s=0.02, same_size_all_dims=0""}"
uniform_t__nr100000__ns100000__a1_000ep00__g1,uniform,1,100000,100000,interval_tree,sampling,100000,2,3,1,1191.39,6.33447e+06,1,0,0,0,,0,"{""build_ms"":177.356117,""build_active_ms"":23.462374,""build_events_ms"":73.818595,""build_start_ids_ms"":1.563168,""build_y_endpoints_ms"":28.119650,""build_y_indices_ms"":50.384070,""phase1_count_ms"":548.817004,""phase2_slots_ms"":10.636204,""phase3_resweep_ms"":415.542233,""run_build_ms"":177.356977,""run_count_ms"":548.819564,""run_sample_ms"":426.209177}",,"{""dataset"":{""source"":""synthetic"",""name"":""uniform_t__nr100000__ns100000__a1_000ep00__g1"",""dim"":2,""path_r"":"""",""path_s"":"""",""synthetic"":{""generator"":""uniform"",""n_r"":100000,""n_s"":100000,""alpha"":1,""seed"":1}},""run"":{""method"":""interval_tree"",""variant"":""sampling"",""t"":100000,""seed"":1,""repeats"":3,""j_star"":1000000,""enum_cap"":0,""write_samples"":false,""verify"":false},""output"":{""out_dir"":""run/temp/exp5/uniform_t"",""run_tag"":""exp5_uniform_t""},""sys"":{""threads"":1},""logging"":{""level"":""INFO"",""with_timestamp"":true,""with_thread_id"":false}}","{""generator"":""uniform"",""dataset"":""uniform_t__nr100000__ns100000__a1_000ep00__g1"",""n_r"":100000,""n_s"":100000,""has_exact_k"":false,""k_target"":0,""k_achieved"":0,""alpha_target"":1,""alpha_achieved"":nan,""notes"":""w_min_r=0.005, w_max_r=0.02, w_min_s=0.005, w_max_s=0.02, same_size_all_dims=0""}"
uniform_t__nr100000__ns100000__a1_000ep00__g1,uniform,1,100000,100000,interval_tree,adaptive,100000,0,1,1,1418.74,6.33447e+06,1,0,1,0,fallback_sampling,1000001,"{""build_ms"":142.249559,""build_active_ms"":23.447435,""build_events_ms"":37.886692,""build_start_ids_ms"":1.532609,""build_y_endpoints_ms"":28.231939,""build_y_indices_ms"":51.144265,""enumerate_prepare_ms"":148.097890,""phase1_count_adaptive_ms"":580.861304,""phase2_slots_ms"":10.815111,""phase3_resweep_ms"":409.996166,""run_build_ms"":142.250339,""run_fallback_count_ms"":580.864045,""run_fallback_sample_ms"":420.843876,""run_pilot_enum_prepare_ms"":148.101460,""run_pilot_enum_scan_ms"":106.872316}",,"{""dataset"":{""source"":""synthetic"",""name"":""uniform_t__nr100000__ns100000__a1_000ep00__g1"",""dim"":2,""path_r"":"""",""path_s"":"""",""synthetic"":{""generator"":""uniform"",""n_r"":100000,""n_s"":100000,""alpha"":1,""seed"":1}},""run"":{""method"":""interval_tree"",""variant"":""adaptive"",""t"":100000,""seed"":1,""repeats"":3,""j_star"":1000000,""enum_cap"":0,""write_samples"":false,""verify"":false},""output"":{""out_dir"":""run/temp/exp5/uniform_t"",""run_tag"":""exp5_uniform_t""},""sys"":{""threads"":1},""logging"":{""level"":""INFO"",""with_timestamp"":true,""with_thread_id"":false}}","{""generator"":""uniform"",""dataset"":""uniform_t__nr100000__ns100000__a1_000ep00__g1"",""n_r"":100000,""n_s"":100000,""has_exact_k"":false,""k_target"":0,""k_achieved"":0,""alpha_target"":1,""alpha_achieved"":nan,""notes"":""w_min_r=0.005, w_max_r=0.02, w_min_s=0.005, w_max_s=0.02, same_size_all_dims=0""}"
uniform_t__nr100000__ns100000__a1_000ep00__g1,uniform,1,100000,100000,interval_tree,adaptive,100000,1,2,1,1491.22,6.33447e+06,1,0,1,0,fallback_sampling,1000001,"{""build_ms"":147.011412,""build_active_ms"":23.466755,""build_events_ms"":42.704005,""build_start_ids_ms"":1.535339,""build_y_endpoints_ms"":28.244727,""build_y_indices_ms"":51.050887,""enumerate_prepare_ms"":151.457322,""phase1_count_adaptive_ms"":582.891263,""phase2_slots_ms"":10.540337,""phase3_resweep_ms"":406.486327,""run_build_ms"":147.012182,""run_fallback_count_ms"":582.893874,""run_fallback_sample_ms"":417.060034,""run_pilot_enum_prepare_ms"":151.460372,""run_pilot_enum_scan_ms"":106.554032}",,"{""dataset"":{""source"":""synthetic"",""name"":""uniform_t__nr100000__ns100000__a1_000ep00__g1"",""dim"":2,""path_r"":"""",""path_s"":"""",""synthetic"":{""generator"":""uniform"",""n_r"":100000,""n_s"":100000,""alpha"":1,""seed"":1}},""run"":{""method"":""interval_tree"",""variant"":""adaptive"",""t"":100000,""seed"":1,""repeats"":3,""j_star"":1000000,""enum_cap"":0,""write_samples"":false,""verify"":false},""output"":{""out_dir"":""run/temp/exp5/uniform_t"",""run_tag"":""exp5_uniform_t""},""sys"":{""threads"":1},""logging"":{""level"":""INFO"",""with_timestamp"":true,""with_thread_id"":false}}","{""generator"":""uniform"",""dataset"":""uniform_t__nr100000__ns100000__a1_000ep00__g1"",""n_r"":100000,""n_s"":100000,""has_exact_k"":false,""k_target"":0,""k_achieved"":0,""alpha_target"":1,""alpha_achieved"":nan,""notes"":""w_min_r=0.005, w_max_r=0.02, w_min_s=0.005, w_max_s=0.02, same_size_all_dims=0""}"
uniform_t__nr100000__ns100000__a1_000ep00__g1,uniform,1,100000,100000,interval_tree,adaptive,100000,2,3,1,1492.54,6.33447e+06,1,0,1,0,fallback_sampling,1000001,"{""build_ms"":147.024822,""build_active_ms"":23.416605,""build_events_ms"":42.725955,""build_start_ids_ms"":1.535308,""build_y_endpoints_ms"":28.252228,""build_y_indices_ms"":51.086755,""enumerate_prepare_ms"":148.136590,""phase1_count_adaptive_ms"":583.005522,""phase2_slots_ms"":10.559315,""phase3_resweep_ms"":411.433457,""run_build_ms"":147.025832,""run_fallback_count_ms"":583.008162,""run_fallback_sample_ms"":422.025212,""run_pilot_enum_prepare_ms"":148.139840,""run_pilot_enum_scan_ms"":106.885405}",,"{""dataset"":{""source"":""synthetic"",""name"":""uniform_t__nr100000__ns100000__a1_000ep00__g1"",""dim"":2,""path_r"":"""",""path_s"":"""",""synthetic"":{""generator"":""uniform"",""n_r"":100000,""n_s"":100000,""alpha"":1,""seed"":1}},""run"":{""method"":""interval_tree"",""variant"":""adaptive"",""t"":100000,""seed"":1,""repeats"":3,""j_star"":1000000,""enum_cap"":0,""write_samples"":false,""verify"":false},""output"":{""out_dir"":""run/temp/exp5/uniform_t"",""run_tag"":""exp5_uniform_t""},""sys"":{""threads"":1},""logging"":{""level"":""INFO"",""with_timestamp"":true,""with_thread_id"":false}}","{""generator"":""uniform"",""dataset"":""uniform_t__nr100000__ns100000__a1_000ep00__g1"",""n_r"":100000,""n_s"":100000,""has_exact_k"":false,""k_target"":0,""k_achieved"":0,""alpha_target"":1,""alpha_achieved"":nan,""notes"":""w_min_r=0.005, w_max_r=0.02, w_min_s=0.005, w_max_s=0.02, same_size_all_dims=0""}"
uniform_t__nr100000__ns100000__a1_000ep00__g1,uniform,1,100000,100000,kd_tree,sampling,100000,0,1,1,642.215,6.33447e+06,1,0,0,0,,0,"{""build_ms"":103.644700,""build_events_ms"":34.510162,""build_kdtrees_ms"":35.201937,""build_rank_arrays_ms"":32.522552,""build_start_index_ms"":1.364282,""phase1_count_ms"":322.048698,""phase2_alias_ms"":216.511445,""phase3_sweep_ms"":204.223824,""run_build_ms"":103.645651,""run_count_ms"":322.051948,""run_sample_ms"":216.512665}",,"{""dataset"":{""source"":""synthetic"",""name"":""uniform_t__nr100000__ns100000__a1_000ep00__g1"",""dim"":2,""path_r"":"""",""path_s"":"""",""synthetic"":{""generator"":""uniform"",""n_r"":100000,""n_s"":100000,""alpha"":1,""seed"":1}},""run"":{""method"":""kd_tree"",""variant"":""sampling"",""t"":100000,""seed"":1,""repeats"":3,""j_star"":1000000,""enum_cap"":0,""write_samples"":false,""verify"":false},""output"":{""out_dir"":""run/temp/exp5/uniform_t"",""run_tag"":""exp5_uniform_t""},""sys"":{""threads"":1},""logging"":{""level"":""INFO"",""with_timestamp"":true,""with_thread_id"":false}}","{""generator"":""uniform"",""dataset"":""uniform_t__nr100000__ns100000__a1_000ep00__g1"",""n_r"":100000,""n_s"":100000,""has_exact_k"":false,""k_target"":0,""k_achieved"":0,""alpha_target"":1,""alpha_achieved"":nan,""notes"":""w_min_r=0.005, w_max_r=0.02, w_min_s=0.005, w_max_s=0.02, same_size_all_dims=0""}"
uniform_t__nr100000__ns100000__a1_000ep00__g1,uniform,1,100000,100000,kd_tree,sampling,100000,1,2,1,653.772,6.33447e+06,1,0,0,0,,0,"{""build_ms"":103.691269,""build_events_ms"":34.520280,""build_kdtrees_ms"":35.189307,""build_rank_arrays_ms"":32.566571,""build_start_index_ms"":1.367742,""phase1_count_ms"":329.239822,""phase2_alias_ms"":220.829407,""phase3_sweep_ms"":208.673713,""run_build_ms"":103.692229,""run_count_ms"":329.242102,""run_sample_ms"":220.830027}",,"{""dataset"":{""source"":""synthetic"",""name"":""uniform_t__nr100000__ns100000__a1_000ep00__g1"",""dim"":2,""path_r"":"""",""path_s"":"""",""synthetic"":{""generator"":""uniform"",""n_r"":100000,""n_s"":100000,""alpha"":1,""seed"":1}},""run"":{""method"":""kd_tree"",""variant"":""sampling"",""t"":100000,""seed"":1,""repeats"":3,""j_star"":1000000,""enum_cap"":0,""write_samples"":false,""verify"":false},""output"":{""out_dir"":""run/temp/exp5/uniform_t"",""run_tag"":""exp5_uniform_t""},""sys"":{""threads"":1},""logging"":{""level"":""INFO"",""with_timestamp"":true,""with_thread_id"":false}}","{""generator"":""uniform"",""dataset"":""uniform_t__nr100000__ns100000__a1_000ep00__g1"",""n_r"":100000,""n_s"":100000,""has_exact_k"":false,""k_target"":0,""k_achieved"":0,""alpha_target"":1,""alpha_achieved"":nan,""notes"":""w_min_r=0.005, w_max_r=0.02, w_min_s=0.005, w_max_s=0.02, same_size_all_dims=0""}"
uniform_t__nr100000__ns100000__a1_000ep00__g1,uniform,1,100000,100000,kd_tree,sampling,100000,2,3,1,651.022,6.33447e+06,1,0,0,0,,0,"{""build_ms"":103.730300,""build_events_ms"":34.545591,""build_kdtrees_ms"":35.221737,""build_rank_arrays_ms"":32.539031,""build_start_index_ms"":1.377002,""phase1_count_ms"":329.032356,""phase2_alias_ms"":218.252259,""phase3_sweep_ms"":205.923379,""run_build_ms"":103.730950,""run_count_ms"":329.034536,""run_sample_ms"":218.253119}",,"{""dataset"":{""source"":""synthetic"",""name"":""uniform_t__nr100000__ns100000__a1_000ep00__g1"",""dim"":2,""path_r"":"""",""path_s"":"""",""synthetic"":{""generator"":""uniform"",""n_r"":100000,""n_s"":100000,""alpha"":1,""seed"":1}},""run"":{""method"":""kd_tree"",""variant"":""sampling"",""t"":100000,""seed"":1,""repeats"":3,""j_star"":1000000,""enum_cap"":0,""write_samples"":false,""verify"":false},""output"":{""out_dir"":""run/temp/exp5/uniform_t"",""run_tag"":""exp5_uniform_t""},""sys"":{""threads"":1},""logging"":{""level"":""INFO"",""with_timestamp"":true,""with_thread_id"":false}}","{""generator"":""uniform"",""dataset"":""uniform_t__nr100000__ns100000__a1_000ep00__g1"",""n_r"":100000,""n_s"":100000,""has_exact_k"":false,""k_target"":0,""k_achieved"":0,""alpha_target"":1,""alpha_achieved"":nan,""notes"":""w_min_r=0.005, w_max_r=0.02, w_min_s=0.005, w_max_s=0.02, same_size_all_dims=0""}"
uniform_t__nr100000__ns100000__a1_000ep00__g1,uniform,1,100000,100000,kd_tree,adaptive,100000,0,1,1,1087.15,6.33447e+06,1,0,1,0,fallback_sampling,1000001,"{""adaptive_fallback_sampling_ms"":222.757738,""build_ms"":103.713880,""build_embedding_ms"":32.614900,""build_events_ms"":34.510201,""build_kdtrees_ms"":35.218747,""build_rank_arrays_ms"":32.574000,""build_start_index_ms"":1.365093,""enumerate_prepare_ms"":102.432955,""phase1_count_and_maybe_enumerate_ms"":432.424202,""phase2_alias_ms"":5.540248,""phase2_assign_ms"":6.449949,""phase3_sweep_ms"":210.307821,""run_build_ms"":103.714670,""run_fallback_count_ms"":432.427072,""run_fallback_sample_ms"":222.759248,""run_pilot_enum_prepare_ms"":102.436496,""run_pilot_enum_scan_ms"":225.790958}",,"{""dataset"":{""source"":""synthetic"",""name"":""uniform_t__nr100000__ns100000__a1_000ep00__g1"",""dim"":2,""path_r"":"""",""path_s"":"""",""synthetic"":{""generator"":""uniform"",""n_r"":100000,""n_s"":100000,""alpha"":1,""seed"":1}},""run"":{""method"":""kd_tree"",""variant"":""adaptive"",""t"":100000,""seed"":1,""repeats"":3,""j_star"":1000000,""enum_cap"":0,""write_samples"":false,""verify"":false},""output"":{""out_dir"":""run/temp/exp5/uniform_t"",""run_tag"":""exp5_uniform_t""},""sys"":{""threads"":1},""logging"":{""level"":""INFO"",""with_timestamp"":true,""with_thread_id"":false}}","{""generator"":""uniform"",""dataset"":""uniform_t__nr100000__ns100000__a1_000ep00__g1"",""n_r"":100000,""n_s"":100000,""has_exact_k"":false,""k_target"":0,""k_achieved"":0,""alpha_target"":1,""alpha_achieved"":nan,""notes"":""w_min_r=0.005, w_max_r=0.02, w_min_s=0.005, w_max_s=0.02, same_size_all_dims=0""}"
uniform_t__nr100000__ns100000__a1_000ep00__g1,uniform,1,100000,100000,kd_tree,adaptive,100000,1,2,1,1092.46,6.33447e+06,1,0,1,0,fallback_sampling,1000001,"{""adaptive_fallback_sampling_ms"":222.872706,""build_ms"":103.699650,""build_embedding_ms"":32.629939,""build_events_ms"":34.476502,""build_kdtrees_ms"":35.220497,""build_rank_arrays_ms"":32.585040,""build_start_index_ms"":1.368332,""enumerate_prepare_ms"":105.854827,""phase1_count_and_maybe_enumerate_ms"":433.296855,""phase2_alias_ms"":5.517169,""phase2_assign_ms"":6.452358,""phase3_sweep_ms"":210.441418,""run_build_ms"":103.700440,""run_fallback_count_ms"":433.300075,""run_fallback_sample_ms"":222.873986,""run_pilot_enum_prepare_ms"":105.859006,""run_pilot_enum_scan_ms"":226.713909}",,"{""dataset"":{""source"":""synthetic"",""name"":""uniform_t__nr100000__ns100000__a1_000ep00__g1"",""dim"":2,""path_r"":"""",""path_s"":"""",""synthetic"":{""generator"":""uniform"",""n_r"":100000,""n_s"":100000,""alpha"":1,""seed"":1}},""run"":{""method"":""kd_tree"",""variant"":""adaptive"",""t"":100000,""seed"":1,""repeats"":3,""j_star"":1000000,""enum_cap"":0,""write_samples"":false,""verify"":false},""output"":{""out_dir"":""run/temp/exp5/uniform_t"",""run_tag"":""exp5_uniform_t""},""sys"":{""threads"":1},""logging"":{""level"":""INFO"",""with_timestamp"":true,""with_thread_id"":false}}","{""generator"":""uniform"",""dataset"":""uniform_t__nr100000__ns100000__a1_000ep00__g1"",""n_r"":100000,""n_s"":100000,""has_exact_k"":false,""k_target"":0,""k_achieved"":0,""alpha_target"":1,""alpha_achieved"":nan,""notes"":""w_min_r=0.005, w_max_r=0.02, w_min_s=0.005, w_max_s=0.02, same_size_all_dims=0""}"
uniform_t__nr100000__ns100000__a1_000ep00__g1,uniform,1,100000,100000,kd_tree,adaptive,100000,2,3,1,1091.42,6.33447e+06,1,0,1,0,fallback_sampling,1000001,"{""adaptive_fallback_sampling_ms"":226.110820,""build_ms"":103.922686,""build_embedding_ms"":32.624129,""build_events_ms"":34.450403,""build_kdtrees_ms"":35.471922,""build_rank_arrays_ms"":32.578240,""build_start_index_ms"":1.371702,""enumerate_prepare_ms"":102.616181,""phase1_count_and_maybe_enumerate_ms"":431.503611,""phase2_alias_ms"":5.526458,""phase2_assign_ms"":6.592497,""phase3_sweep_ms"":213.530275,""run_build_ms"":103.923366,""run_fallback_count_ms"":431.506592,""run_fallback_sample_ms"":226.112500,""run_pilot_enum_prepare_ms"":102.619661,""run_pilot_enum_scan_ms"":227.249628}",,"{""dataset"":{""source"":""synthetic"",""name"":""uniform_t__nr100000__ns100000__a1_000ep00__g1"",""dim"":2,""path_r"":"""",""path_s"":"""",""synthetic"":{""generator"":""uniform"",""n_r"":100000,""n_s"":100000,""alpha"":1,""seed"":1}},""run"":{""method"":""kd_tree"",""variant"":""adaptive"",""t"":100000,""seed"":1,""repeats"":3,""j_star"":1000000,""enum_cap"":0,""write_samples"":false,""verify"":false},""output"":{""out_dir"":""run/temp/exp5/uniform_t"",""run_tag"":""exp5_uniform_t""},""sys"":{""threads"":1},""logging"":{""level"":""INFO"",""with_timestamp"":true,""with_thread_id"":false}}","{""generator"":""uniform"",""dataset"":""uniform_t__nr100000__ns100000__a1_000ep00__g1"",""n_r"":100000,""n_s"":100000,""has_exact_k"":false,""k_target"":0,""k_achieved"":0,""alpha_target"":1,""alpha_achieved"":nan,""notes"":""w_min_r=0.005, w_max_r=0.02, w_min_s=0.005, w_max_s=0.02, same_size_all_dims=0""}"
uniform_t__nr100000__ns100000__a1_000ep00__g1,uniform,1,100000,100000,r_tree,sampling,100000,0,1,1,362.454,6.33447e+06,1,0,0,0,,0,"{""build_ms"":36.394853,""phase1_count_ms"":152.603119,""phase2_assign_ms"":6.922261,""phase3_sample_ms"":166.130686,""run_build_ms"":36.395883,""run_count_ms"":152.604999,""run_sample_ms"":173.450968}",,"{""dataset"":{""source"":""synthetic"",""name"":""uniform_t__nr100000__ns100000__a1_000ep00__g1"",""dim"":2,""path_r"":"""",""path_s"":"""",""synthetic"":{""generator"":""uniform"",""n_r"":100000,""n_s"":100000,""alpha"":1,""seed"":1}},""run"":{""method"":""r_tree"",""variant"":""sampling"",""t"":100000,""seed"":1,""repeats"":3,""j_star"":1000000,""enum_cap"":0,""write_samples"":false,""verify"":false},""output"":{""out_dir"":""run/temp/exp5/uniform_t"",""run_tag"":""exp5_uniform_t""},""sys"":{""threads"":1},""logging"":{""level"":""INFO"",""with_timestamp"":true,""with_thread_id"":false}}","{""generator"":""uniform"",""dataset"":""uniform_t__nr100000__ns100000__a1_000ep00__g1"",""n_r"":100000,""n_s"":100000,""has_exact_k"":false,""k_target"":0,""k_achieved"":0,""alpha_target"":1,""alpha_achieved"":nan,""notes"":""w_min_r=0.005, w_max_r=0.02, w_min_s=0.005, w_max_s=0.02, same_size_all_dims=0""}"
uniform_t__nr100000__ns100000__a1_000ep00__g1,uniform,1,100000,100000,r_tree,sampling,100000,1,2,1,358.306,6.33447e+06,1,0,0,0,,0,"{""build_ms"":36.413892,""phase1_count_ms"":148.455233,""phase2_assign_ms"":6.961899,""phase3_sample_ms"":165.989688,""run_build_ms"":36.415572,""run_count_ms"":148.457674,""run_sample_ms"":173.350849}",,"{""dataset"":{""source"":""synthetic"",""name"":""uniform_t__nr100000__ns100000__a1_000ep00__g1"",""dim"":2,""path_r"":"""",""path_s"":"""",""synthetic"":{""generator"":""uniform"",""n_r"":100000,""n_s"":100000,""alpha"":1,""seed"":1}},""run"":{""method"":""r_tree"",""variant"":""sampling"",""t"":100000,""seed"":1,""repeats"":3,""j_star"":1000000,""enum_cap"":0,""write_samples"":false,""verify"":false},""output"":{""out_dir"":""run/temp/exp5/uniform_t"",""run_tag"":""exp5_uniform_t""},""sys"":{""threads"":1},""logging"":{""level"":""INFO"",""with_timestamp"":true,""with_thread_id"":false}}","{""generator"":""uniform"",""dataset"":""uniform_t__nr100000__ns100000__a1_000ep00__g1"",""n_r"":100000,""n_s"":100000,""has_exact_k"":false,""k_target"":0,""k_achieved"":0,""alpha_target"":1,""alpha_achieved"":nan,""notes"":""w_min_r=0.005, w_max_r=0.02, w_min_s=0.005, w_max_s=0.02, same_size_all_dims=0""}"
uniform_t__nr100000__ns100000__a1_000ep00__g1,uniform,1,100000,100000,r_tree,sampling,100000,2,3,1,357.723,6.33447e+06,1,0,0,0,,0,"{""build_ms"":36.406772,""phase1_count_ms"":147.949685,""phase2_assign_ms"":6.968738,""phase3_sample_ms"":165.912390,""run_build_ms"":36.408323,""run_count_ms"":147.951984,""run_sample_ms"":173.279911}",,"{""dataset"":{""source"":""synthetic"",""name"":""uniform_t__nr100000__ns100000__a1_000ep00__g1"",""dim"":2,""path_r"":"""",""path_s"":"""",""synthetic"":{""generator"":""uniform"",""n_r"":100000,""n_s"":100000,""alpha"":1,""seed"":1}},""run"":{""method"":""r_tree"",""variant"":""sampling"",""t"":100000,""seed"":1,""repeats"":3,""j_star"":1000000,""enum_cap"":0,""write_samples"":false,""verify"":false},""output"":{""out_dir"":""run/temp/exp5/uniform_t"",""run_tag"":""exp5_uniform_t""},""sys"":{""threads"":1},""logging"":{""level"":""INFO"",""with_timestamp"":true,""with_thread_id"":false}}","{""generator"":""uniform"",""dataset"":""uniform_t__nr100000__ns100000__a1_000ep00__g1"",""n_r"":100000,""n_s"":100000,""has_exact_k"":false,""k_target"":0,""k_achieved"":0,""alpha_target"":1,""alpha_achieved"":nan,""notes"":""w_min_r=0.005, w_max_r=0.02, w_min_s=0.005, w_max_s=0.02, same_size_all_dims=0""}"
uniform_t__nr100000__ns100000__a1_000ep00__g1,uniform,1,100000,100000,r_tree,adaptive,100000,0,1,1,484.792,6.33447e+06,1,0,1,0,fallback_sampling,1000001,"{""build_ms"":36.414773,""enumerate_prepare_ms"":34.688427,""phase1_adaptive_count_ms"":170.044996,""phase2+3_sampling_ms"":173.722902,""run_build_ms"":36.415693,""run_fallback_count_ms"":170.047456,""run_fallback_sample_ms"":173.726122,""run_pilot_enum_prepare_ms"":34.691207,""run_pilot_enum_scan_ms"":69.880185}",,"{""dataset"":{""source"":""synthetic"",""name"":""uniform_t__nr100000__ns100000__a1_000ep00__g1"",""dim"":2,""path_r"":"""",""path_s"":"""",""synthetic"":{""generator"":""uniform"",""n_r"":100000,""n_s"":100000,""alpha"":1,""seed"":1}},""run"":{""method"":""r_tree"",""variant"":""adaptive"",""t"":100000,""seed"":1,""repeats"":3,""j_star"":1000000,""enum_cap"":0,""write_samples"":false,""verify"":false},""output"":{""out_dir"":""run/temp/exp5/uniform_t"",""run_tag"":""exp5_uniform_t""},""sys"":{""threads"":1},""logging"":{""level"":""INFO"",""with_timestamp"":true,""with_thread_id"":false}}","{""generator"":""uniform"",""dataset"":""uniform_t__nr100000__ns100000__a1_000ep00__g1"",""n_r"":100000,""n_s"":100000,""has_exact_k"":false,""k_target"":0,""k_achieved"":0,""alpha_target"":1,""alpha_achieved"":nan,""notes"":""w_min_r=0.005, w_max_r=0.02, w_min_s=0.005, w_max_s=0.02, same_size_all_dims=0""}"
uniform_t__nr100000__ns100000__a1_000ep00__g1,uniform,1,100000,100000,r_tree,adaptive,100000,1,2,1,487.126,6.33447e+06,1,0,1,0,fallback_sampling,1000001,"{""build_ms"":36.356764,""enumerate_prepare_ms"":34.698797,""phase1_adaptive_count_ms"":169.315671,""phase2+3_sampling_ms"":176.776320,""run_build_ms"":36.357714,""run_fallback_count_ms"":169.318031,""run_fallback_sample_ms"":176.778850,""run_pilot_enum_prepare_ms"":34.700557,""run_pilot_enum_scan_ms"":69.862945}",,"{""dataset"":{""source"":""synthetic"",""name"":""uniform_t__nr100000__ns100000__a1_000ep00__g1"",""dim"":2,""path_r"":"""",""path_s"":"""",""synthetic"":{""generator"":""uniform"",""n_r"":100000,""n_s"":100000,""alpha"":1,""seed"":1}},""run"":{""method"":""r_tree"",""variant"":""adaptive"",""t"":100000,""seed"":1,""repeats"":3,""j_star"":1000000,""enum_cap"":0,""write_samples"":false,""verify"":false},""output"":{""out_dir"":""run/temp/exp5/uniform_t"",""run_tag"":""exp5_uniform_t""},""sys"":{""threads"":1},""logging"":{""level"":""INFO"",""with_timestamp"":true,""with_thread_id"":false}}","{""generator"":""uniform"",""dataset"":""uniform_t__nr100000__ns100000__a1_000ep00__g1"",""n_r"":100000,""n_s"":100000,""has_exact_k"":false,""k_target"":0,""k_achieved"":0,""alpha_target"":1,""alpha_achieved"":nan,""notes"":""w_min_r=0.005, w_max_r=0.02, w_min_s=0.005, w_max_s=0.02, same_size_all_dims=0""}"
uniform_t__nr100000__ns100000__a1_000ep00__g1,uniform,1,100000,100000,r_tree,adaptive,100000,2,3,1,484.424,6.33447e+06,1,0,1,0,fallback_sampling,1000001,"{""build_ms"":36.390053,""enumerate_prepare_ms"":34.707537,""phase1_adaptive_count_ms"":169.224473,""phase2+3_sampling_ms"":173.982327,""run_build_ms"":36.391533,""run_fallback_count_ms"":169.226783,""run_fallback_sample_ms"":173.985707,""run_pilot_enum_prepare_ms"":34.709877,""run_pilot_enum_scan_ms"":70.000013}",,"{""dataset"":{""source"":""synthetic"",""name"":""uniform_t__nr100000__ns100000__a1_000ep00__g1"",""dim"":2,""path_r"":"""",""path_s"":"""",""synthetic"":{""generator"":""uniform"",""n_r"":100000,""n_s"":100000,""alpha"":1,""seed"":1}},""run"":{""method"":""r_tree"",""variant"":""adaptive"",""t"":100000,""seed"":1,""repeats"":3,""j_star"":1000000,""enum_cap"":0,""write_samples"":false,""verify"":false},""output"":{""out_dir"":""run/temp/exp5/uniform_t"",""run_tag"":""exp5_uniform_t""},""sys"":{""threads"":1},""logging"":{""level"":""INFO"",""with_timestamp"":true,""with_thread_id"":false}}","{""generator"":""uniform"",""dataset"":""uniform_t__nr100000__ns100000__a1_000ep00__g1"",""n_r"":100000,""n_s"":100000,""has_exact_k"":false,""k_target"":0,""k_achieved"":0,""alpha_target"":1,""alpha_achieved"":nan,""notes"":""w_min_r=0.005, w_max_r=0.02, w_min_s=0.005, w_max_s=0.02, same_size_all_dims=0""}"
uniform_t__nr100000__ns100000__a1_000ep00__g1,uniform,1,100000,100000,range_tree,sampling,100000,0,1,1,2303.52,6.33447e+06,1,0,0,0,,0,"{""build_ms"":101.957605,""build_events_ms"":34.491442,""build_range_trees_ms"":34.895683,""build_rank_arrays_ms"":31.175358,""build_start_index_ms"":1.351053,""phase1_count_ms"":1182.801267,""phase2_alias_ms"":1018.753760,""phase3_sweep_ms"":1006.401350,""run_build_ms"":101.958645,""run_count_ms"":1182.804468,""run_sample_ms"":1018.754829}",,"{""dataset"":{""source"":""synthetic"",""name"":""uniform_t__nr100000__ns100000__a1_000ep00__g1"",""dim"":2,""path_r"":"""",""path_s"":"""",""synthetic"":{""generator"":""uniform"",""n_r"":100000,""n_s"":100000,""alpha"":1,""seed"":1}},""run"":{""method"":""range_tree"",""variant"":""sampling"",""t"":100000,""seed"":1,""repeats"":3,""j_star"":1000000,""enum_cap"":0,""write_samples"":false,""verify"":false},""output"":{""out_dir"":""run/temp/exp5/uniform_t"",""run_tag"":""exp5_uniform_t""},""sys"":{""threads"":1},""logging"":{""level"":""INFO"",""with_timestamp"":true,""with_thread_id"":false}}","{""generator"":""uniform"",""dataset"":""uniform_t__nr100000__ns100000__a1_000ep00__g1"",""n_r"":100000,""n_s"":100000,""has_exact_k"":false,""k_target"":0,""k_achieved"":0,""alpha_target"":1,""alpha_achieved"":nan,""notes"":""w_min_r=0.005, w_max_r=0.02, w_min_s=0.005, w_max_s=0.02, same_size_all_dims=0""}"
uniform_t__nr100000__ns100000__a1_000ep00__g1,uniform,1,100000,100000,range_tree,sampling,100000,1,2,1,2303.7,6.33447e+06,1,0,0,0,,0,"{""build_ms"":100.835768,""build_events_ms"":34.484682,""build_range_trees_ms"":33.792946,""build_rank_arrays_ms"":31.143279,""build_start_index_ms"":1.369722,""phase1_count_ms"":1184.797257,""phase2_alias_ms"":1018.052805,""phase3_sweep_ms"":1005.726745,""run_build_ms"":100.836499,""run_count_ms"":1184.800948,""run_sample_ms"":1018.053755}",,"{""dataset"":{""source"":""synthetic"",""name"":""uniform_t__nr100000__ns100000__a1_000ep00__g1"",""dim"":2,""path_r"":"""",""path_s"":"""",""synthetic"":{""generator"":""uniform"",""n_r"":100000,""n_s"":100000,""alpha"":1,""seed"":1}},""run"":{""method"":""range_tree"",""variant"":""sampling"",""t"":100000,""seed"":1,""repeats"":3,""j_star"":1000000,""enum_cap"":0,""write_samples"":false,""verify"":false},""output"":{""out_dir"":""run/temp/exp5/uniform_t"",""run_tag"":""exp5_uniform_t""},""sys"":{""threads"":1},""logging"":{""level"":""INFO"",""with_timestamp"":true,""with_thread_id"":false}}","{""generator"":""uniform"",""dataset"":""uniform_t__nr100000__ns100000__a1_000ep00__g1"",""n_r"":100000,""n_s"":100000,""has_exact_k"":false,""k_target"":0,""k_achieved"":0,""alpha_target"":1,""alpha_achieved"":nan,""notes"":""w_min_r=0.005, w_max_r=0.02, w_min_s=0.005, w_max_s=0.02, same_size_all_dims=0""}"
uniform_t__nr100000__ns100000__a1_000ep00__g1,uniform,1,100000,100000,range_tree,sampling,100000,2,3,1,2306.78,6.33447e+06,1,0,0,0,,0,"{""build_ms"":100.896186,""build_events_ms"":34.490111,""build_range_trees_ms"":33.827516,""build_rank_arrays_ms"":31.165028,""build_start_index_ms"":1.367012,""phase1_count_ms"":1186.591363,""phase2_alias_ms"":1019.282351,""phase3_sweep_ms"":1006.760555,""run_build_ms"":100.896726,""run_count_ms"":1186.594462,""run_sample_ms"":1019.283311}",,"{""dataset"":{""source"":""synthetic"",""name"":""uniform_t__nr100000__ns100000__a1_000ep00__g1"",""dim"":2,""path_r"":"""",""path_s"":"""",""synthetic"":{""generator"":""uniform"",""n_r"":100000,""n_s"":100000,""alpha"":1,""seed"":1}},""run"":{""method"":""range_tree"",""variant"":""sampling"",""t"":100000,""seed"":1,""repeats"":3,""j_star"":1000000,""enum_cap"":0,""write_samples"":false,""verify"":false},""output"":{""out_dir"":""run/temp/exp5/uniform_t"",""run_tag"":""exp5_uniform_t""},""sys"":{""threads"":1},""logging"":{""level"":""INFO"",""with_timestamp"":true,""with_thread_id"":false}}","{""generator"":""uniform"",""dataset"":""uniform_t__nr100000__ns100000__a1_000ep00__g1"",""n_r"":100000,""n_s"":100000,""has_exact_k"":false,""k_target"":0,""k_achieved"":0,""alpha_target"":1,""alpha_achieved"":nan,""notes"":""w_min_r=0.005, w_max_r=0.02, w_min_s=0.005, w_max_s=0.02, same_size_all_dims=0""}"
uniform_t__nr100000__ns100000__a1_000ep00__g1,uniform,1,100000,100000,range_tree,adaptive,100000,0,1,1,2891.89,6.33447e+06,1,0,1,0,fallback_sampling,1000001,"{""adaptive_count_ms"":1300.040376,""build_ms"":102.259069,""build_events_ms"":34.459412,""build_range_trees_ms"":35.120718,""build_rank_arrays_ms"":31.249936,""build_start_index_ms"":1.382972,""enumerate_prepare_ms"":100.586964,""phase2_alias_ms"":1022.501847,""phase3_sweep_ms"":1009.989680,""run_build_ms"":102.260109,""run_fallback_count_ms"":1300.043156,""run_fallback_sample_ms"":1022.505487,""run_pilot_enum_prepare_ms"":100.590834,""run_pilot_enum_scan_ms"":366.471009}",,"{""dataset"":{""source"":""synthetic"",""name"":""uniform_t__nr100000__ns100000__a1_000ep00__g1"",""dim"":2,""path_r"":"""",""path_s"":"""",""synthetic"":{""generator"":""uniform"",""n_r"":100000,""n_s"":100000,""alpha"":1,""seed"":1}},""run"":{""method"":""range_tree"",""variant"":""adaptive"",""t"":100000,""seed"":1,""repeats"":3,""j_star"":1000000,""enum_cap"":0,""write_samples"":false,""verify"":false},""output"":{""out_dir"":""run/temp/exp5/uniform_t"",""run_tag"":""exp5_uniform_t""},""sys"":{""threads"":1},""logging"":{""level"":""INFO"",""with_timestamp"":true,""with_thread_id"":false}}","{""generator"":""uniform"",""dataset"":""uniform_t__nr100000__ns100000__a1_000ep00__g1"",""n_r"":100000,""n_s"":100000,""has_exact_k"":false,""k_target"":0,""k_achieved"":0,""alpha_target"":1,""alpha_achieved"":nan,""notes"":""w_min_r=0.005, w_max_r=0.02, w_min_s=0.005, w_max_s=0.02, same_size_all_dims=0""}"
uniform_t__nr100000__ns100000__a1_000ep00__g1,uniform,1,100000,100000,range_tree,adaptive,100000,1,2,1,2884,6.33447e+06,1,0,1,0,fallback_sampling,1000001,"{""adaptive_count_ms"":1301.478509,""build_ms"":100.671072,""build_events_ms"":34.469082,""build_range_trees_ms"":33.661618,""build_rank_arrays_ms"":31.114530,""build_start_index_ms"":1.379032,""enumerate_prepare_ms"":100.239110,""phase2_alias_ms"":1017.085967,""phase3_sweep_ms"":1004.610589,""run_build_ms"":100.671852,""run_fallback_count_ms"":1301.480668,""run_fallback_sample_ms"":1017.087097,""run_pilot_enum_prepare_ms"":100.242100,""run_pilot_enum_scan_ms"":364.504730}",,"{""dataset"":{""source"":""synthetic"",""name"":""uniform_t__nr100000__ns100000__a1_000ep00__g1"",""dim"":2,""path_r"":"""",""path_s"":"""",""synthetic"":{""generator"":""uniform"",""n_r"":100000,""n_s"":100000,""alpha"":1,""seed"":1}},""run"":{""method"":""range_tree"",""variant"":""adaptive"",""t"":100000,""seed"":1,""repeats"":3,""j_star"":1000000,""enum_cap"":0,""write_samples"":false,""verify"":false},""output"":{""out_dir"":""run/temp/exp5/uniform_t"",""run_tag"":""exp5_uniform_t""},""sys"":{""threads"":1},""logging"":{""level"":""INFO"",""with_timestamp"":true,""with_thread_id"":false}}","{""generator"":""uniform"",""dataset"":""uniform_t__nr100000__ns100000__a1_000ep00__g1"",""n_r"":100000,""n_s"":100000,""has_exact_k"":false,""k_target"":0,""k_achieved"":0,""alpha_target"":1,""alpha_achieved"":nan,""notes"":""w_min_r=0.005, w_max_r=0.02, w_min_s=0.005, w_max_s=0.02, same_size_all_dims=0""}"
uniform_t__nr100000__ns100000__a1_000ep00__g1,uniform,1,100000,100000,range_tree,adaptive,100000,2,3,1,2891.59,6.33447e+06,1,0,1,0,fallback_sampling,1000001,"{""adaptive_count_ms"":1300.597527,""build_ms"":100.873928,""build_events_ms"":34.464882,""build_range_trees_ms"":33.864054,""build_rank_arrays_ms"":31.125261,""build_start_index_ms"":1.372692,""enumerate_prepare_ms"":100.641362,""phase2_alias_ms"":1022.161225,""phase3_sweep_ms"":1009.571060,""run_build_ms"":100.874748,""run_fallback_count_ms"":1300.600008,""run_fallback_sample_ms"":1022.164325,""run_pilot_enum_prepare_ms"":100.644232,""run_pilot_enum_scan_ms"":367.289934}",,"{""dataset"":{""source"":""synthetic"",""name"":""uniform_t__nr100000__ns100000__a1_000ep00__g1"",""dim"":2,""path_r"":"""",""path_s"":"""",""synthetic"":{""generator"":""uniform"",""n_r"":100000,""n_s"":100000,""alpha"":1,""seed"":1}},""run"":{""method"":""range_tree"",""variant"":""adaptive"",""t"":100000,""seed"":1,""repeats"":3,""j_star"":1000000,""enum_cap"":0,""write_samples"":false,""verify"":false},""output"":{""out_dir"":""run/temp/exp5/uniform_t"",""run_tag"":""exp5_uniform_t""},""sys"":{""threads"":1},""logging"":{""level"":""INFO"",""with_timestamp"":true,""with_thread_id"":false}}","{""generator"":""uniform"",""dataset"":""uniform_t__nr100000__ns100000__a1_000ep00__g1"",""n_r"":100000,""n_s"":100000,""has_exact_k"":false,""k_target"":0,""k_achieved"":0,""alpha_target"":1,""alpha_achieved"":nan,""notes"":""w_min_r=0.005, w_max_r=0.02, w_min_s=0.005, w_max_s=0.02, same_size_all_dims=0""}"
uniform_t__nr100000__ns100000__a1_000ep00__g1,uniform,1,100000,100000,pbsm,sampling,100000,0,1,1,520.723,6.33447e+06,1,0,0,0,,0,"{""build_ms"":21.347337,""pbsm_build_ms"":21.346827,""pbsm_count_pass1_ms"":241.340804,""pbsm_partitions_stripes_ms"":21.004945,""pbsm_sample_draw_ranks_ms"":5.872571,""pbsm_sample_pass2_select_ms"":252.091856,""run_build_ms"":21.347857,""run_count_ms"":241.344384,""run_sample_ms"":258.028446}",,"{""dataset"":{""source"":""synthetic"",""name"":""uniform_t__nr100000__ns100000__a1_000ep00__g1"",""dim"":2,""path_r"":"""",""path_s"":"""",""synthetic"":{""generator"":""uniform"",""n_r"":100000,""n_s"":100000,""alpha"":1,""seed"":1}},""run"":{""method"":""pbsm"",""variant"":""sampling"",""t"":100000,""seed"":1,""repeats"":3,""j_star"":1000000,""enum_cap"":0,""write_samples"":false,""verify"":false},""output"":{""out_dir"":""run/temp/exp5/uniform_t"",""run_tag"":""exp5_uniform_t""},""sys"":{""threads"":1},""logging"":{""level"":""INFO"",""with_timestamp"":true,""with_thread_id"":false}}","{""generator"":""uniform"",""dataset"":""uniform_t__nr100000__ns100000__a1_000ep00__g1"",""n_r"":100000,""n_s"":100000,""has_exact_k"":false,""k_target"":0,""k_achieved"":0,""alpha_target"":1,""alpha_achieved"":nan,""notes"":""w_min_r=0.005, w_max_r=0.02, w_min_s=0.005, w_max_s=0.02, same_size_all_dims=0""}"
uniform_t__nr100000__ns100000__a1_000ep00__g1,uniform,1,100000,100000,pbsm,sampling,100000,1,2,1,522.16,6.33447e+06,1,0,0,0,,0,"{""build_ms"":21.337878,""pbsm_build_ms"":21.337448,""pbsm_count_pass1_ms"":242.229806,""pbsm_partitions_stripes_ms"":20.994745,""pbsm_sample_draw_ranks_ms"":5.925600,""pbsm_sample_pass2_select_ms"":252.588106,""run_build_ms"":21.338178,""run_count_ms"":242.233256,""run_sample_ms"":258.578255}",,"{""dataset"":{""source"":""synthetic"",""name"":""uniform_t__nr100000__ns100000__a1_000ep00__g1"",""dim"":2,""path_r"":"""",""path_s"":"""",""synthetic"":{""generator"":""uniform"",""n_r"":100000,""n_s"":100000,""alpha"":1,""seed"":1}},""run"":{""method"":""pbsm"",""variant"":""sampling"",""t"":100000,""seed"":1,""repeats"":3,""j_star"":1000000,""enum_cap"":0,""write_samples"":false,""verify"":false},""output"":{""out_dir"":""run/temp/exp5/uniform_t"",""run_tag"":""exp5_uniform_t""},""sys"":{""threads"":1},""logging"":{""level"":""INFO"",""with_timestamp"":true,""with_thread_id"":false}}","{""generator"":""uniform"",""dataset"":""uniform_t__nr100000__ns100000__a1_000ep00__g1"",""n_r"":100000,""n_s"":100000,""has_exact_k"":false,""k_target"":0,""k_achieved"":0,""alpha_target"":1,""alpha_achieved"":nan,""notes"":""w_min_r=0.005, w_max_r=0.02, w_min_s=0.005, w_max_s=0.02, same_size_all_dims=0""}"
uniform_t__nr100000__ns100000__a1_000ep00__g1,uniform,1,100000,100000,pbsm,sampling,100000,2,3,1,522.194,6.33447e+06,1,0,0,0,,0,"{""build_ms"":21.304498,""pbsm_build_ms"":21.304108,""pbsm_count_pass1_ms"":242.342594,""pbsm_partitions_stripes_ms"":20.958725,""pbsm_sample_draw_ranks_ms"":5.954909,""pbsm_sample_pass2_select_ms"":252.512798,""run_build_ms"":21.304888,""run_count_ms"":242.345334,""run_sample_ms"":258.532816}",,"{""dataset"":{""source"":""synthetic"",""name"":""uniform_t__nr100000__ns100000__a1_000ep00__g1"",""dim"":2,""path_r"":"""",""path_s"":"""",""synthetic"":{""generator"":""uniform"",""n_r"":100000,""n_s"":100000,""alpha"":1,""seed"":1}},""run"":{""method"":""pbsm"",""variant"":""sampling"",""t"":100000,""seed"":1,""repeats"":3,""j_star"":1000000,""enum_cap"":0,""write_samples"":false,""verify"":false},""output"":{""out_dir"":""run/temp/exp5/uniform_t"",""run_tag"":""exp5_uniform_t""},""sys"":{""threads"":1},""logging"":{""level"":""INFO"",""with_timestamp"":true,""with_thread_id"":false}}","{""generator"":""uniform"",""dataset"":""uniform_t__nr100000__ns100000__a1_000ep00__g1"",""n_r"":100000,""n_s"":100000,""has_exact_k"":false,""k_target"":0,""k_achieved"":0,""alpha_target"":1,""alpha_achieved"":nan,""notes"":""w_min_r=0.005, w_max_r=0.02, w_min_s=0.005, w_max_s=0.02, same_size_all_dims=0""}"
uniform_t__nr100000__ns100000__a1_000ep00__g1,uniform,1,100000,100000,pbsm,adaptive,100000,0,1,1,570.888,6.33447e+06,1,0,1,0,fallback_sampling,1000001,"{""build_ms"":21.333218,""enumerate_prepare_ms"":0.000180,""pbsm_adaptive_pass1_ms"":246.621057,""pbsm_adaptive_sample_large_ms"":263.190182,""pbsm_build_ms"":21.332718,""pbsm_partitions_stripes_ms"":20.991385,""run_build_ms"":21.333618,""run_fallback_count_ms"":246.625377,""run_fallback_sample_ms"":263.199802,""run_pilot_enum_prepare_ms"":0.000660,""run_pilot_enum_scan_ms"":39.716106}",,"{""dataset"":{""source"":""synthetic"",""name"":""uniform_t__nr100000__ns100000__a1_000ep00__g1"",""dim"":2,""path_r"":"""",""path_s"":"""",""synthetic"":{""generator"":""uniform"",""n_r"":100000,""n_s"":100000,""alpha"":1,""seed"":1}},""run"":{""method"":""pbsm"",""variant"":""adaptive"",""t"":100000,""seed"":1,""repeats"":3,""j_star"":1000000,""enum_cap"":0,""write_samples"":false,""verify"":false},""output"":{""out_dir"":""run/temp/exp5/uniform_t"",""run_tag"":""exp5_uniform_t""},""sys"":{""threads"":1},""logging"":{""level"":""INFO"",""with_timestamp"":true,""with_thread_id"":false}}","{""generator"":""uniform"",""dataset"":""uniform_t__nr100000__ns100000__a1_000ep00__g1"",""n_r"":100000,""n_s"":100000,""has_exact_k"":false,""k_target"":0,""k_achieved"":0,""alpha_target"":1,""alpha_achieved"":nan,""notes"":""w_min_r=0.005, w_max_r=0.02, w_min_s=0.005, w_max_s=0.02, same_size_all_dims=0""}"
uniform_t__nr100000__ns100000__a1_000ep00__g1,uniform,1,100000,100000,pbsm,adaptive,100000,1,2,1,566.527,6.33447e+06,1,0,1,0,fallback_sampling,1000001,"{""build_ms"":21.317929,""enumerate_prepare_ms"":0.000280,""pbsm_adaptive_pass1_ms"":248.388801,""pbsm_adaptive_sample_large_ms"":257.022067,""pbsm_build_ms"":21.317538,""pbsm_partitions_stripes_ms"":20.973445,""run_build_ms"":21.318318,""run_fallback_count_ms"":248.393071,""run_fallback_sample_ms"":257.024917,""run_pilot_enum_prepare_ms"":0.000770,""run_pilot_enum_scan_ms"":39.772675}",,"{""dataset"":{""source"":""synthetic"",""name"":""uniform_t__nr100000__ns100000__a1_000ep00__g1"",""dim"":2,""path_r"":"""",""path_s"":"""",""synthetic"":{""generator"":""uniform"",""n_r"":100000,""n_s"":100000,""alpha"":1,""seed"":1}},""run"":{""method"":""pbsm"",""variant"":""adaptive"",""t"":100000,""seed"":1,""repeats"":3,""j_star"":1000000,""enum_cap"":0,""write_samples"":false,""verify"":false},""output"":{""out_dir"":""run/temp/exp5/uniform_t"",""run_tag"":""exp5_uniform_t""},""sys"":{""threads"":1},""logging"":{""level"":""INFO"",""with_timestamp"":true,""with_thread_id"":false}}","{""generator"":""uniform"",""dataset"":""uniform_t__nr100000__ns100000__a1_000ep00__g1"",""n_r"":100000,""n_s"":100000,""has_exact_k"":false,""k_target"":0,""k_achieved"":0,""alpha_target"":1,""alpha_achieved"":nan,""notes"":""w_min_r=0.005, w_max_r=0.02, w_min_s=0.005, w_max_s=0.02, same_size_all_dims=0""}"
uniform_t__nr100000__ns100000__a1_000ep00__g1,uniform,1,100000,100000,pbsm,adaptive,100000,2,3,1,566.775,6.33447e+06,1,0,1,0,fallback_sampling,1000001,"{""build_ms"":21.330278,""enumerate_prepare_ms"":0.000320,""pbsm_adaptive_pass1_ms"":248.515189,""pbsm_adaptive_sample_large_ms"":257.035466,""pbsm_build_ms"":21.329838,""pbsm_partitions_stripes_ms"":20.986605,""run_build_ms"":21.330658,""run_fallback_count_ms"":248.518919,""run_fallback_sample_ms"":257.043696,""run_pilot_enum_prepare_ms"":0.000700,""run_pilot_enum_scan_ms"":39.868953}",,"{""dataset"":{""source"":""synthetic"",""name"":""uniform_t__nr100000__ns100000__a1_000ep00__g1"",""dim"":2,""path_r"":"""",""path_s"":"""",""synthetic"":{""generator"":""uniform"",""n_r"":100000,""n_s"":100000,""alpha"":1,""seed"":1}},""run"":{""method"":""pbsm"",""variant"":""adaptive"",""t"":100000,""seed"":1,""repeats"":3,""j_star"":1000000,""enum_cap"":0,""write_samples"":false,""verify"":false},""output"":{""out_dir"":""run/temp/exp5/uniform_t"",""run_tag"":""exp5_uniform_t""},""sys"":{""threads"":1},""logging"":{""level"":""INFO"",""with_timestamp"":true,""with_thread_id"":false}}","{""generator"":""uniform"",""dataset"":""uniform_t__nr100000__ns100000__a1_000ep00__g1"",""n_r"":100000,""n_s"":100000,""has_exact_k"":false,""k_target"":0,""k_achieved"":0,""alpha_target"":1,""alpha_achieved"":nan,""notes"":""w_min_r=0.005, w_max_r=0.02, w_min_s=0.005, w_max_s=0.02, same_size_all_dims=0""}"
uniform_t__nr100000__ns100000__a1_000ep00__g1,uniform,1,100000,100000,tlsop,sampling,100000,0,1,1,254.221,6.33447e+06,1,0,0,0,,0,"{""build_ms"":29.389956,""run_build_ms"":29.390966,""run_count_ms"":107.028773,""run_sample_ms"":117.798685,""tlsop_alloc_tiles_ms"":0.058059,""tlsop_build_ms"":29.388586,""tlsop_build_edges_ms"":0.000380,""tlsop_count_pass1_ms"":107.025103,""tlsop_pass1_count_caps_ms"":5.778923,""tlsop_pass1_reserve_ms"":0.487670,""tlsop_pass2_fill_ms"":7.527158,""tlsop_sample_draw_ranks_ms"":5.832542,""tlsop_sample_pass2_select_ms"":111.902875,""tlsop_sort_lists_ms"":15.524056}",,"{""dataset"":{""source"":""synthetic"",""name"":""uniform_t__nr100000__ns100000__a1_000ep00__g1"",""dim"":2,""path_r"":"""",""path_s"":"""",""synthetic"":{""generator"":""uniform"",""n_r"":100000,""n_s"":100000,""alpha"":1,""seed"":1}},""run"":{""method"":""tlsop"",""variant"":""sampling"",""t"":100000,""seed"":1,""repeats"":3,""j_star"":1000000,""enum_cap"":0,""write_samples"":false,""verify"":false},""output"":{""out_dir"":""run/temp/exp5/uniform_t"",""run_tag"":""exp5_uniform_t""},""sys"":{""threads"":1},""logging"":{""level"":""INFO"",""with_timestamp"":true,""with_thread_id"":false}}","{""generator"":""uniform"",""dataset"":""uniform_t__nr100000__ns100000__a1_000ep00__g1"",""n_r"":100000,""n_s"":100000,""has_exact_k"":false,""k_target"":0,""k_achieved"":0,""alpha_target"":1,""alpha_achieved"":nan,""notes"":""w_min_r=0.005, w_max_r=0.02, w_min_s=0.005, w_max_s=0.02, same_size_all_dims=0""}"
uniform_t__nr100000__ns100000__a1_000ep00__g1,uniform,1,100000,100000,tlsop,sampling,100000,1,2,1,254.862,6.33447e+06,1,0,0,0,,0,"{""build_ms"":29.888095,""run_build_ms"":29.888615,""run_count_ms"":106.908625,""run_sample_ms"":117.712807,""tlsop_alloc_tiles_ms"":0.061719,""tlsop_build_ms"":29.886555,""tlsop_build_edges_ms"":0.000540,""tlsop_count_pass1_ms"":106.905386,""tlsop_pass1_count_caps_ms"":5.771223,""tlsop_pass1_reserve_ms"":0.439761,""tlsop_pass2_fill_ms"":7.578727,""tlsop_sample_draw_ranks_ms"":5.825691,""tlsop_sample_pass2_select_ms"":111.822537,""tlsop_sort_lists_ms"":15.558935}",,"{""dataset"":{""source"":""synthetic"",""name"":""uniform_t__nr100000__ns100000__a1_000ep00__g1"",""dim"":2,""path_r"":"""",""path_s"":"""",""synthetic"":{""generator"":""uniform"",""n_r"":100000,""n_s"":100000,""alpha"":1,""seed"":1}},""run"":{""method"":""tlsop"",""variant"":""sampling"",""t"":100000,""seed"":1,""repeats"":3,""j_star"":1000000,""enum_cap"":0,""write_samples"":false,""verify"":false},""output"":{""out_dir"":""run/temp/exp5/uniform_t"",""run_tag"":""exp5_uniform_t""},""sys"":{""threads"":1},""logging"":{""level"":""INFO"",""with_timestamp"":true,""with_thread_id"":false}}","{""generator"":""uniform"",""dataset"":""uniform_t__nr100000__ns100000__a1_000ep00__g1"",""n_r"":100000,""n_s"":100000,""has_exact_k"":false,""k_target"":0,""k_achieved"":0,""alpha_target"":1,""alpha_achieved"":nan,""notes"":""w_min_r=0.005, w_max_r=0.02, w_min_s=0.005, w_max_s=0.02, same_size_all_dims=0""}"
uniform_t__nr100000__ns100000__a1_000ep00__g1,uniform,1,100000,100000,tlsop,sampling,100000,2,3,1,258.215,6.33447e+06,1,0,0,0,,0,"{""build_ms"":29.840106,""run_build_ms"":29.840766,""run_count_ms"":106.749828,""run_sample_ms"":121.247046,""tlsop_alloc_tiles_ms"":0.061338,""tlsop_build_ms"":29.839146,""tlsop_build_edges_ms"":0.000450,""tlsop_count_pass1_ms"":106.746808,""tlsop_pass1_count_caps_ms"":5.759853,""tlsop_pass1_reserve_ms"":0.440221,""tlsop_pass2_fill_ms"":7.530557,""tlsop_sample_draw_ranks_ms"":5.902330,""tlsop_sample_pass2_select_ms"":115.278346,""tlsop_sort_lists_ms"":15.555186}",,"{""dataset"":{""source"":""synthetic"",""name"":""uniform_t__nr100000__ns100000__a1_000ep00__g1"",""dim"":2,""path_r"":"""",""path_s"":"""",""synthetic"":{""generator"":""uniform"",""n_r"":100000,""n_s"":100000,""alpha"":1,""seed"":1}},""run"":{""method"":""tlsop"",""variant"":""sampling"",""t"":100000,""seed"":1,""repeats"":3,""j_star"":1000000,""enum_cap"":0,""write_samples"":false,""verify"":false},""output"":{""out_dir"":""run/temp/exp5/uniform_t"",""run_tag"":""exp5_uniform_t""},""sys"":{""threads"":1},""logging"":{""level"":""INFO"",""with_timestamp"":true,""with_thread_id"":false}}","{""generator"":""uniform"",""dataset"":""uniform_t__nr100000__ns100000__a1_000ep00__g1"",""n_r"":100000,""n_s"":100000,""has_exact_k"":false,""k_target"":0,""k_achieved"":0,""alpha_target"":1,""alpha_achieved"":nan,""notes"":""w_min_r=0.005, w_max_r=0.02, w_min_s=0.005, w_max_s=0.02, same_size_all_dims=0""}"
uniform_t__nr100000__ns100000__a1_000ep00__g1,uniform,1,100000,100000,tlsop,adaptive,100000,0,1,1,275.411,6.33447e+06,1,0,1,0,fallback_sampling,1000001,"{""build_ms"":29.488384,""enumerate_prepare_ms"":0.011740,""run_build_ms"":29.489134,""run_fallback_count_ms"":110.062271,""run_fallback_sample_ms"":117.688498,""run_pilot_enum_prepare_ms"":0.012620,""run_pilot_enum_scan_ms"":18.149843,""tlsop_adaptive_pass1_ms"":110.055051,""tlsop_adaptive_sample_large_ms"":117.680118,""tlsop_alloc_tiles_ms"":0.058469,""tlsop_build_ms"":29.487333,""tlsop_build_edges_ms"":0.000380,""tlsop_pass1_count_caps_ms"":5.792333,""tlsop_pass1_reserve_ms"":0.441371,""tlsop_pass2_fill_ms"":7.554117,""tlsop_sort_lists_ms"":15.629243}",,"{""dataset"":{""source"":""synthetic"",""name"":""uniform_t__nr100000__ns100000__a1_000ep00__g1"",""dim"":2,""path_r"":"""",""path_s"":"""",""synthetic"":{""generator"":""uniform"",""n_r"":100000,""n_s"":100000,""alpha"":1,""seed"":1}},""run"":{""method"":""tlsop"",""variant"":""adaptive"",""t"":100000,""seed"":1,""repeats"":3,""j_star"":1000000,""enum_cap"":0,""write_samples"":false,""verify"":false},""output"":{""out_dir"":""run/temp/exp5/uniform_t"",""run_tag"":""exp5_uniform_t""},""sys"":{""threads"":1},""logging"":{""level"":""INFO"",""with_timestamp"":true,""with_thread_id"":false}}","{""generator"":""uniform"",""dataset"":""uniform_t__nr100000__ns100000__a1_000ep00__g1"",""n_r"":100000,""n_s"":100000,""has_exact_k"":false,""k_target"":0,""k_achieved"":0,""alpha_target"":1,""alpha_achieved"":nan,""notes"":""w_min_r=0.005, w_max_r=0.02, w_min_s=0.005, w_max_s=0.02, same_size_all_dims=0""}"
uniform_t__nr100000__ns100000__a1_000ep00__g1,uniform,1,100000,100000,tlsop,adaptive,100000,1,2,1,276.287,6.33447e+06,1,0,1,0,fallback_sampling,1000001,"{""build_ms"":29.910424,""enumerate_prepare_ms"":0.012850,""run_build_ms"":29.911164,""run_fallback_count_ms"":110.096671,""run_fallback_sample_ms"":117.682427,""run_pilot_enum_prepare_ms"":0.013830,""run_pilot_enum_scan_ms"":18.192982,""tlsop_adaptive_pass1_ms"":110.089891,""tlsop_adaptive_sample_large_ms"":117.674858,""tlsop_alloc_tiles_ms"":0.061519,""tlsop_build_ms"":29.909814,""tlsop_build_edges_ms"":0.000500,""tlsop_pass1_count_caps_ms"":5.773483,""tlsop_pass1_reserve_ms"":0.438311,""tlsop_pass2_fill_ms"":7.538448,""tlsop_sort_lists_ms"":15.620523}",,"{""dataset"":{""source"":""synthetic"",""name"":""uniform_t__nr100000__ns100000__a1_000ep00__g1"",""dim"":2,""path_r"":"""",""path_s"":"""",""synthetic"":{""generator"":""uniform"",""n_r"":100000,""n_s"":100000,""alpha"":1,""seed"":1}},""run"":{""method"":""tlsop"",""variant"":""adaptive"",""t"":100000,""seed"":1,""repeats"":3,""j_star"":1000000,""enum_cap"":0,""write_samples"":false,""verify"":false},""output"":{""out_dir"":""run/temp/exp5/uniform_t"",""run_tag"":""exp5_uniform_t""},""sys"":{""threads"":1},""logging"":{""level"":""INFO"",""with_timestamp"":true,""with_thread_id"":false}}","{""generator"":""uniform"",""dataset"":""uniform_t__nr100000__ns100000__a1_000ep00__g1"",""n_r"":100000,""n_s"":100000,""has_exact_k"":false,""k_target"":0,""k_achieved"":0,""alpha_target"":1,""alpha_achieved"":nan,""notes"":""w_min_r=0.005, w_max_r=0.02, w_min_s=0.005, w_max_s=0.02, same_size_all_dims=0""}"
uniform_t__nr100000__ns100000__a1_000ep00__g1,uniform,1,100000,100000,tlsop,adaptive,100000,2,3,1,277.22,6.33447e+06,1,0,1,0,fallback_sampling,1000001,"{""build_ms"":29.972154,""enumerate_prepare_ms"":0.011499,""run_build_ms"":29.972684,""run_fallback_count_ms"":110.382785,""run_fallback_sample_ms"":118.242256,""run_pilot_enum_prepare_ms"":0.012159,""run_pilot_enum_scan_ms"":18.232621,""tlsop_adaptive_pass1_ms"":110.376315,""tlsop_adaptive_sample_large_ms"":118.233807,""tlsop_alloc_tiles_ms"":0.061409,""tlsop_build_ms"":29.971234,""tlsop_build_edges_ms"":0.000370,""tlsop_pass1_count_caps_ms"":5.766494,""tlsop_pass1_reserve_ms"":0.438891,""tlsop_pass2_fill_ms"":7.526817,""tlsop_sort_lists_ms"":15.702263}",,"{""dataset"":{""source"":""synthetic"",""name"":""uniform_t__nr100000__ns100000__a1_000ep00__g1"",""dim"":2,""path_r"":"""",""path_s"":"""",""synthetic"":{""generator"":""uniform"",""n_r"":100000,""n_s"":100000,""alpha"":1,""seed"":1}},""run"":{""method"":""tlsop"",""variant"":""adaptive"",""t"":100000,""seed"":1,""repeats"":3,""j_star"":1000000,""enum_cap"":0,""write_samples"":false,""verify"":false},""output"":{""out_dir"":""run/temp/exp5/uniform_t"",""run_tag"":""exp5_uniform_t""},""sys"":{""threads"":1},""logging"":{""level"":""INFO"",""with_timestamp"":true,""with_thread_id"":false}}","{""generator"":""uniform"",""dataset"":""uniform_t__nr100000__ns100000__a1_000ep00__g1"",""n_r"":100000,""n_s"":100000,""has_exact_k"":false,""k_target"":0,""k_achieved"":0,""alpha_target"":1,""alpha_achieved"":nan,""notes"":""w_min_r=0.005, w_max_r=0.02, w_min_s=0.005, w_max_s=0.02, same_size_all_dims=0""}"
uniform_t__nr100000__ns100000__a1_000ep00__g1,uniform,1,100000,100000,sirs,sampling,100000,0,1,1,867.3,6.33447e+06,1,0,0,0,,0,"{""build_ms"":122.238316,""count_ms"":339.052456,""run_build_ms"":122.239006,""run_count_ms"":339.054466,""run_sample_ms"":406.003721,""sample_ms"":406.001331,""sirs_build_index_ms"":122.237576,""sirs_build_kd_ms"":11.176504,""sirs_embed_inner_ms"":55.960337,""sirs_phase1_degrees_ms"":339.049977,""sirs_rank_axes_ms"":55.094945}",,"{""dataset"":{""source"":""synthetic"",""name"":""uniform_t__nr100000__ns100000__a1_000ep00__g1"",""dim"":2,""path_r"":"""",""path_s"":"""",""synthetic"":{""generator"":""uniform"",""n_r"":100000,""n_s"":100000,""alpha"":1,""seed"":1}},""run"":{""method"":""sirs"",""variant"":""sampling"",""t"":100000,""seed"":1,""repeats"":3,""j_star"":1000000,""enum_cap"":0,""write_samples"":false,""verify"":false},""output"":{""out_dir"":""run/temp/exp5/uniform_t"",""run_tag"":""exp5_uniform_t""},""sys"":{""threads"":1},""logging"":{""level"":""INFO"",""with_timestamp"":true,""with_thread_id"":false}}","{""generator"":""uniform"",""dataset"":""uniform_t__nr100000__ns100000__a1_000ep00__g1"",""n_r"":100000,""n_s"":100000,""has_exact_k"":false,""k_target"":0,""k_achieved"":0,""alpha_target"":1,""alpha_achieved"":nan,""notes"":""w_min_r=0.005, w_max_r=0.02, w_min_s=0.005, w_max_s=0.02, same_size_all_dims=0""}"
uniform_t__nr100000__ns100000__a1_000ep00__g1,uniform,1,100000,100000,sirs,sampling,100000,1,2,1,870.696,6.33447e+06,1,0,0,0,,0,"{""build_ms"":121.931112,""count_ms"":342.969526,""run_build_ms"":121.931752,""run_count_ms"":342.970806,""run_sample_ms"":405.791066,""sample_ms"":405.788696,""sirs_build_index_ms"":121.930542,""sirs_build_kd_ms"":11.197863,""sirs_embed_inner_ms"":56.020407,""sirs_phase1_degrees_ms"":342.967076,""sirs_rank_axes_ms"":54.705132}",,"{""dataset"":{""source"":""synthetic"",""name"":""uniform_t__nr100000__ns100000__a1_000ep00__g1"",""dim"":2,""path_r"":"""",""path_s"":"""",""synthetic"":{""generator"":""uniform"",""n_r"":100000,""n_s"":100000,""alpha"":1,""seed"":1}},""run"":{""method"":""sirs"",""variant"":""sampling"",""t"":100000,""seed"":1,""repeats"":3,""j_star"":1000000,""enum_cap"":0,""write_samples"":false,""verify"":false},""output"":{""out_dir"":""run/temp/exp5/uniform_t"",""run_tag"":""exp5_uniform_t""},""sys"":{""threads"":1},""logging"":{""level"":""INFO"",""with_timestamp"":true,""with_thread_id"":false}}","{""generator"":""uniform"",""dataset"":""uniform_t__nr100000__ns100000__a1_000ep00__g1"",""n_r"":100000,""n_s"":100000,""has_exact_k"":false,""k_target"":0,""k_achieved"":0,""alpha_target"":1,""alpha_achieved"":nan,""notes"":""w_min_r=0.005, w_max_r=0.02, w_min_s=0.005, w_max_s=0.02, same_size_all_dims=0""}"
uniform_t__nr100000__ns100000__a1_000ep00__g1,uniform,1,100000,100000,sirs,sampling,100000,2,3,1,862.604,6.33447e+06,1,0,0,0,,0,"{""build_ms"":121.942701,""count_ms"":339.312582,""run_build_ms"":121.943321,""run_count_ms"":339.313621,""run_sample_ms"":401.343994,""sample_ms"":401.341574,""sirs_build_index_ms"":121.942101,""sirs_build_kd_ms"":11.182684,""sirs_embed_inner_ms"":56.041525,""sirs_phase1_degrees_ms"":339.310092,""sirs_rank_axes_ms"":54.711452}",,"{""dataset"":{""source"":""synthetic"",""name"":""uniform_t__nr100000__ns100000__a1_000ep00__g1"",""dim"":2,""path_r"":"""",""path_s"":"""",""synthetic"":{""generator"":""uniform"",""n_r"":100000,""n_s"":100000,""alpha"":1,""seed"":1}},""run"":{""method"":""sirs"",""variant"":""sampling"",""t"":100000,""seed"":1,""repeats"":3,""j_star"":1000000,""enum_cap"":0,""write_samples"":false,""verify"":false},""output"":{""out_dir"":""run/temp/exp5/uniform_t"",""run_tag"":""exp5_uniform_t""},""sys"":{""threads"":1},""logging"":{""level"":""INFO"",""with_timestamp"":true,""with_thread_id"":false}}","{""generator"":""uniform"",""dataset"":""uniform_t__nr100000__ns100000__a1_000ep00__g1"",""n_r"":100000,""n_s"":100000,""has_exact_k"":false,""k_target"":0,""k_achieved"":0,""alpha_target"":1,""alpha_achieved"":nan,""notes"":""w_min_r=0.005, w_max_r=0.02, w_min_s=0.005, w_max_s=0.02, same_size_all_dims=0""}"
uniform_t__nr100000__ns100000__a1_000ep00__g1,uniform,1,100000,100000,sirs,adaptive,100000,0,1,1,972.538,6.33447e+06,1,0,1,0,fallback_sampling,1000001,"{""build_ms"":122.085809,""count_ms"":362.516941,""run_build_ms"":122.086469,""run_fallback_count_ms"":362.519871,""run_fallback_sample_ms"":406.647448,""run_pilot_enum_prepare_ms"":0.000560,""run_pilot_enum_scan_ms"":81.272495,""sample_ms"":406.645209,""sirs_build_index_ms"":122.085149,""sirs_build_kd_ms"":11.173204,""sirs_embed_inner_ms"":55.884818,""sirs_rank_axes_ms"":55.020097}",,"{""dataset"":{""source"":""synthetic"",""name"":""uniform_t__nr100000__ns100000__a1_000ep00__g1"",""dim"":2,""path_r"":"""",""path_s"":"""",""synthetic"":{""generator"":""uniform"",""n_r"":100000,""n_s"":100000,""alpha"":1,""seed"":1}},""run"":{""method"":""sirs"",""variant"":""adaptive"",""t"":100000,""seed"":1,""repeats"":3,""j_star"":1000000,""enum_cap"":0,""write_samples"":false,""verify"":false},""output"":{""out_dir"":""run/temp/exp5/uniform_t"",""run_tag"":""exp5_uniform_t""},""sys"":{""threads"":1},""logging"":{""level"":""INFO"",""with_timestamp"":true,""with_thread_id"":false}}","{""generator"":""uniform"",""dataset"":""uniform_t__nr100000__ns100000__a1_000ep00__g1"",""n_r"":100000,""n_s"":100000,""has_exact_k"":false,""k_target"":0,""k_achieved"":0,""alpha_target"":1,""alpha_achieved"":nan,""notes"":""w_min_r=0.005, w_max_r=0.02, w_min_s=0.005, w_max_s=0.02, same_size_all_dims=0""}"
uniform_t__nr100000__ns100000__a1_000ep00__g1,uniform,1,100000,100000,sirs,adaptive,100000,1,2,1,968.467,6.33447e+06,1,0,1,0,fallback_sampling,1000001,"{""build_ms"":121.770875,""count_ms"":359.225189,""run_build_ms"":121.771515,""run_fallback_count_ms"":359.227638,""run_fallback_sample_ms"":406.236357,""run_pilot_enum_prepare_ms"":0.000480,""run_pilot_enum_scan_ms"":81.215716,""sample_ms"":406.234007,""sirs_build_index_ms"":121.770175,""sirs_build_kd_ms"":11.205533,""sirs_embed_inner_ms"":55.889099,""sirs_rank_axes_ms"":54.669223}",,"{""dataset"":{""source"":""synthetic"",""name"":""uniform_t__nr100000__ns100000__a1_000ep00__g1"",""dim"":2,""path_r"":"""",""path_s"":"""",""synthetic"":{""generator"":""uniform"",""n_r"":100000,""n_s"":100000,""alpha"":1,""seed"":1}},""run"":{""method"":""sirs"",""variant"":""adaptive"",""t"":100000,""seed"":1,""repeats"":3,""j_star"":1000000,""enum_cap"":0,""write_samples"":false,""verify"":false},""output"":{""out_dir"":""run/temp/exp5/uniform_t"",""run_tag"":""exp5_uniform_t""},""sys"":{""threads"":1},""logging"":{""level"":""INFO"",""with_timestamp"":true,""with_thread_id"":false}}","{""generator"":""uniform"",""dataset"":""uniform_t__nr100000__ns100000__a1_000ep00__g1"",""n_r"":100000,""n_s"":100000,""has_exact_k"":false,""k_target"":0,""k_achieved"":0,""alpha_target"":1,""alpha_achieved"":nan,""notes"":""w_min_r=0.005, w_max_r=0.02, w_min_s=0.005, w_max_s=0.02, same_size_all_dims=0""}"
uniform_t__nr100000__ns100000__a1_000ep00__g1,uniform,1,100000,100000,sirs,adaptive,100000,2,3,1,969.879,6.33447e+06,1,0,1,0,fallback_sampling,1000001,"{""build_ms"":121.929522,""count_ms"":358.410155,""run_build_ms"":121.930142,""run_fallback_count_ms"":358.412635,""run_fallback_sample_ms"":408.036290,""run_pilot_enum_prepare_ms"":0.000500,""run_pilot_enum_scan_ms"":81.483280,""sample_ms"":408.033830,""sirs_build_index_ms"":121.928942,""sirs_build_kd_ms"":11.191053,""sirs_embed_inner_ms"":56.020467,""sirs_rank_axes_ms"":54.710812}",,"{""dataset"":{""source"":""synthetic"",""name"":""uniform_t__nr100000__ns100000__a1_000ep00__g1"",""dim"":2,""path_r"":"""",""path_s"":"""",""synthetic"":{""generator"":""uniform"",""n_r"":100000,""n_s"":100000,""alpha"":1,""seed"":1}},""run"":{""method"":""sirs"",""variant"":""adaptive"",""t"":100000,""seed"":1,""repeats"":3,""j_star"":1000000,""enum_cap"":0,""write_samples"":false,""verify"":false},""output"":{""out_dir"":""run/temp/exp5/uniform_t"",""run_tag"":""exp5_uniform_t""},""sys"":{""threads"":1},""logging"":{""level"":""INFO"",""with_timestamp"":true,""with_thread_id"":false}}","{""generator"":""uniform"",""dataset"":""uniform_t__nr100000__ns100000__a1_000ep00__g1"",""n_r"":100000,""n_s"":100000,""has_exact_k"":false,""k_target"":0,""k_achieved"":0,""alpha_target"":1,""alpha_achieved"":nan,""notes"":""w_min_r=0.005, w_max_r=0.02, w_min_s=0.005, w_max_s=0.02, same_size_all_dims=0""}"
uniform_t__nr100000__ns100000__a1_000ep00__g1,uniform,1,100000,100000,rejection,sampling,100000,0,1,0,-1,-1,0,0,0,0,,0,{},SKIPPED: rejection+sampling is disabled in sjs_sweep; use variant=adaptive.,"{""dataset"":{""source"":""synthetic"",""name"":""uniform_t__nr100000__ns100000__a1_000ep00__g1"",""dim"":2,""path_r"":"""",""path_s"":"""",""synthetic"":{""generator"":""uniform"",""n_r"":100000,""n_s"":100000,""alpha"":1,""seed"":1}},""run"":{""method"":""rejection"",""variant"":""sampling"",""t"":100000,""seed"":1,""repeats"":3,""j_star"":1000000,""enum_cap"":0,""write_samples"":false,""verify"":false},""output"":{""out_dir"":""run/temp/exp5/uniform_t"",""run_tag"":""exp5_uniform_t""},""sys"":{""threads"":1},""logging"":{""level"":""INFO"",""with_timestamp"":true,""with_thread_id"":false}}","{""generator"":""uniform"",""dataset"":""uniform_t__nr100000__ns100000__a1_000ep00__g1"",""n_r"":100000,""n_s"":100000,""has_exact_k"":false,""k_target"":0,""k_achieved"":0,""alpha_target"":1,""alpha_achieved"":nan,""notes"":""w_min_r=0.005, w_max_r=0.02, w_min_s=0.005, w_max_s=0.02, same_size_all_dims=0""}"
uniform_t__nr100000__ns100000__a1_000ep00__g1,uniform,1,100000,100000,rejection,sampling,100000,1,2,0,-1,-1,0,0,0,0,,0,{},SKIPPED: rejection+sampling is disabled in sjs_sweep; use variant=adaptive.,"{""dataset"":{""source"":""synthetic"",""name"":""uniform_t__nr100000__ns100000__a1_000ep00__g1"",""dim"":2,""path_r"":"""",""path_s"":"""",""synthetic"":{""generator"":""uniform"",""n_r"":100000,""n_s"":100000,""alpha"":1,""seed"":1}},""run"":{""method"":""rejection"",""variant"":""sampling"",""t"":100000,""seed"":1,""repeats"":3,""j_star"":1000000,""enum_cap"":0,""write_samples"":false,""verify"":false},""output"":{""out_dir"":""run/temp/exp5/uniform_t"",""run_tag"":""exp5_uniform_t""},""sys"":{""threads"":1},""logging"":{""level"":""INFO"",""with_timestamp"":true,""with_thread_id"":false}}","{""generator"":""uniform"",""dataset"":""uniform_t__nr100000__ns100000__a1_000ep00__g1"",""n_r"":100000,""n_s"":100000,""has_exact_k"":false,""k_target"":0,""k_achieved"":0,""alpha_target"":1,""alpha_achieved"":nan,""notes"":""w_min_r=0.005, w_max_r=0.02, w_min_s=0.005, w_max_s=0.02, same_size_all_dims=0""}"
uniform_t__nr100000__ns100000__a1_000ep00__g1,uniform,1,100000,100000,rejection,sampling,100000,2,3,0,-1,-1,0,0,0,0,,0,{},SKIPPED: rejection+sampling is disabled in sjs_sweep; use variant=adaptive.,"{""dataset"":{""source"":""synthetic"",""name"":""uniform_t__nr100000__ns100000__a1_000ep00__g1"",""dim"":2,""path_r"":"""",""path_s"":"""",""synthetic"":{""generator"":""uniform"",""n_r"":100000,""n_s"":100000,""alpha"":1,""seed"":1}},""run"":{""method"":""rejection"",""variant"":""sampling"",""t"":100000,""seed"":1,""repeats"":3,""j_star"":1000000,""enum_cap"":0,""write_samples"":false,""verify"":false},""output"":{""out_dir"":""run/temp/exp5/uniform_t"",""run_tag"":""exp5_uniform_t""},""sys"":{""threads"":1},""logging"":{""level"":""INFO"",""with_timestamp"":true,""with_thread_id"":false}}","{""generator"":""uniform"",""dataset"":""uniform_t__nr100000__ns100000__a1_000ep00__g1"",""n_r"":100000,""n_s"":100000,""has_exact_k"":false,""k_target"":0,""k_achieved"":0,""alpha_target"":1,""alpha_achieved"":nan,""notes"":""w_min_r=0.005, w_max_r=0.02, w_min_s=0.005, w_max_s=0.02, same_size_all_dims=0""}"
uniform_t__nr100000__ns100000__a1_000ep00__g1,uniform,1,100000,100000,rejection,adaptive,100000,0,1,1,275.004,6.33516e+06,0,0,1,0,fallback_sampling,1000001,"{""adaptive_phase1_ms"":51.986198,""adaptive_sample_ms"":50.853241,""build_ms"":127.928940,""build_M_ms"":0.108158,""build_cellmap_ms"":14.738112,""build_mu_alias_ms"":112.814135,""build_slab_index_ms"":0.260305,""count_pilot_ms"":9.127305,""run_build_ms"":127.930240,""run_fallback_count_ms"":51.988888,""run_fallback_sample_ms"":50.856821,""run_pilot_enum_prepare_ms"":0.002031,""run_pilot_enum_scan_ms"":44.216085}",,"{""dataset"":{""source"":""synthetic"",""name"":""uniform_t__nr100000__ns100000__a1_000ep00__g1"",""dim"":2,""path_r"":"""",""path_s"":"""",""synthetic"":{""generator"":""uniform"",""n_r"":100000,""n_s"":100000,""alpha"":1,""seed"":1}},""run"":{""method"":""rejection"",""variant"":""adaptive"",""t"":100000,""seed"":1,""repeats"":3,""j_star"":1000000,""enum_cap"":0,""write_samples"":false,""verify"":false},""output"":{""out_dir"":""run/temp/exp5/uniform_t"",""run_tag"":""exp5_uniform_t""},""sys"":{""threads"":1},""logging"":{""level"":""INFO"",""with_timestamp"":true,""with_thread_id"":false}}","{""generator"":""uniform"",""dataset"":""uniform_t__nr100000__ns100000__a1_000ep00__g1"",""n_r"":100000,""n_s"":100000,""has_exact_k"":false,""k_target"":0,""k_achieved"":0,""alpha_target"":1,""alpha_achieved"":nan,""notes"":""w_min_r=0.005, w_max_r=0.02, w_min_s=0.005, w_max_s=0.02, same_size_all_dims=0""}"
uniform_t__nr100000__ns100000__a1_000ep00__g1,uniform,1,100000,100000,rejection,adaptive,100000,1,2,1,277.783,6.35788e+06,0,0,1,0,fallback_sampling,1000001,"{""adaptive_phase1_ms"":51.874510,""adaptive_sample_ms"":48.835012,""build_ms"":127.083587,""build_M_ms"":0.107567,""build_cellmap_ms"":14.777262,""build_mu_alias_ms"":111.914594,""build_slab_index_ms"":0.272594,""count_pilot_ms"":9.075877,""run_build_ms"":127.140236,""run_fallback_count_ms"":51.876431,""run_fallback_sample_ms"":48.840551,""run_pilot_enum_prepare_ms"":0.001790,""run_pilot_enum_scan_ms"":44.204515}",,"{""dataset"":{""source"":""synthetic"",""name"":""uniform_t__nr100000__ns100000__a1_000ep00__g1"",""dim"":2,""path_r"":"""",""path_s"":"""",""synthetic"":{""generator"":""uniform"",""n_r"":100000,""n_s"":100000,""alpha"":1,""seed"":1}},""run"":{""method"":""rejection"",""variant"":""adaptive"",""t"":100000,""seed"":1,""repeats"":3,""j_star"":1000000,""enum_cap"":0,""write_samples"":false,""verify"":false},""output"":{""out_dir"":""run/temp/exp5/uniform_t"",""run_tag"":""exp5_uniform_t""},""sys"":{""threads"":1},""logging"":{""level"":""INFO"",""with_timestamp"":true,""with_thread_id"":false}}","{""generator"":""uniform"",""dataset"":""uniform_t__nr100000__ns100000__a1_000ep00__g1"",""n_r"":100000,""n_s"":100000,""has_exact_k"":false,""k_target"":0,""k_achieved"":0,""alpha_target"":1,""alpha_achieved"":nan,""notes"":""w_min_r=0.005, w_max_r=0.02, w_min_s=0.005, w_max_s=0.02, same_size_all_dims=0""}"
uniform_t__nr100000__ns100000__a1_000ep00__g1,uniform,1,100000,100000,rejection,adaptive,100000,2,3,1,280.726,6.35092e+06,0,0,1,0,fallback_sampling,1000001,"{""adaptive_phase1_ms"":51.862111,""adaptive_sample_ms"":49.119805,""build_ms"":127.561468,""build_M_ms"":0.107618,""build_cellmap_ms"":14.810260,""build_mu_alias_ms"":112.371705,""build_slab_index_ms"":0.260645,""count_pilot_ms"":9.086866,""run_build_ms"":127.616357,""run_fallback_count_ms"":51.863661,""run_fallback_sample_ms"":49.123935,""run_pilot_enum_prepare_ms"":0.002180,""run_pilot_enum_scan_ms"":44.082547}",,"{""dataset"":{""source"":""synthetic"",""name"":""uniform_t__nr100000__ns100000__a1_000ep00__g1"",""dim"":2,""path_r"":"""",""path_s"":"""",""synthetic"":{""generator"":""uniform"",""n_r"":100000,""n_s"":100000,""alpha"":1,""seed"":1}},""run"":{""method"":""rejection"",""variant"":""adaptive"",""t"":100000,""seed"":1,""repeats"":3,""j_star"":1000000,""enum_cap"":0,""write_samples"":false,""verify"":false},""output"":{""out_dir"":""run/temp/exp5/uniform_t"",""run_tag"":""exp5_uniform_t""},""sys"":{""threads"":1},""logging"":{""level"":""INFO"",""with_timestamp"":true,""with_thread_id"":false}}","{""generator"":""uniform"",""dataset"":""uniform_t__nr100000__ns100000__a1_000ep00__g1"",""n_r"":100000,""n_s"":100000,""has_exact_k"":false,""k_target"":0,""k_achieved"":0,""alpha_target"":1,""alpha_achieved"":nan,""notes"":""w_min_r=0.005, w_max_r=0.02, w_min_s=0.005, w_max_s=0.02, same_size_all_dims=0""}"
uniform_t__nr100000__ns100000__a1_000ep00__g1,uniform,1,100000,100000,ours,sampling,300000,0,1,1,595.153,6.33447e+06,1,0,0,0,,0,"{""build_active_indices_ms"":5.574457,""build_events_ms"":34.532771,""build_ranks_ms"":43.930821,""build_y_domain_ms"":13.949247,""phase1_count_ms"":267.066384,""phase2_plan_ms"":14.508297,""phase3_sample_ms"":213.739694,""run_build_ms"":99.743112,""run_count_ms"":267.070523,""run_sample_ms"":228.335009}",,"{""dataset"":{""source"":""synthetic"",""name"":""uniform_t__nr100000__ns100000__a1_000ep00__g1"",""dim"":2,""path_r"":"""",""path_s"":"""",""synthetic"":{""generator"":""uniform"",""n_r"":100000,""n_s"":100000,""alpha"":1,""seed"":1}},""run"":{""method"":""ours"",""variant"":""sampling"",""t"":300000,""seed"":1,""repeats"":3,""j_star"":1000000,""enum_cap"":0,""write_samples"":false,""verify"":false},""output"":{""out_dir"":""run/temp/exp5/uniform_t"",""run_tag"":""exp5_uniform_t""},""sys"":{""threads"":1},""logging"":{""level"":""INFO"",""with_timestamp"":true,""with_thread_id"":false}}","{""generator"":""uniform"",""dataset"":""uniform_t__nr100000__ns100000__a1_000ep00__g1"",""n_r"":100000,""n_s"":100000,""has_exact_k"":false,""k_target"":0,""k_achieved"":0,""alpha_target"":1,""alpha_achieved"":nan,""notes"":""w_min_r=0.005, w_max_r=0.02, w_min_s=0.005, w_max_s=0.02, same_size_all_dims=0""}"
uniform_t__nr100000__ns100000__a1_000ep00__g1,uniform,1,100000,100000,ours,sampling,300000,1,2,1,667.983,6.33447e+06,1,0,0,0,,0,"{""build_active_indices_ms"":5.483319,""build_events_ms"":65.787328,""build_ranks_ms"":43.844113,""build_y_domain_ms"":13.994286,""phase1_count_ms"":271.117352,""phase2_plan_ms"":14.616305,""phase3_sample_ms"":213.493339,""run_build_ms"":130.870041,""run_count_ms"":271.121292,""run_sample_ms"":228.195761}",,"{""dataset"":{""source"":""synthetic"",""name"":""uniform_t__nr100000__ns100000__a1_000ep00__g1"",""dim"":2,""path_r"":"""",""path_s"":"""",""synthetic"":{""generator"":""uniform"",""n_r"":100000,""n_s"":100000,""alpha"":1,""seed"":1}},""run"":{""method"":""ours"",""variant"":""sampling"",""t"":300000,""seed"":1,""repeats"":3,""j_star"":1000000,""enum_cap"":0,""write_samples"":false,""verify"":false},""output"":{""out_dir"":""run/temp/exp5/uniform_t"",""run_tag"":""exp5_uniform_t""},""sys"":{""threads"":1},""logging"":{""level"":""INFO"",""with_timestamp"":true,""with_thread_id"":false}}","{""generator"":""uniform"",""dataset"":""uniform_t__nr100000__ns100000__a1_000ep00__g1"",""n_r"":100000,""n_s"":100000,""has_exact_k"":false,""k_target"":0,""k_achieved"":0,""alpha_target"":1,""alpha_achieved"":nan,""notes"":""w_min_r=0.005, w_max_r=0.02, w_min_s=0.005, w_max_s=0.02, same_size_all_dims=0""}"
uniform_t__nr100000__ns100000__a1_000ep00__g1,uniform,1,100000,100000,ours,sampling,300000,2,3,1,897.443,6.33447e+06,1,0,0,0,,0,"{""build_active_indices_ms"":5.467619,""build_events_ms"":58.801649,""build_ranks_ms"":43.911491,""build_y_domain_ms"":14.006697,""phase1_count_ms"":397.472755,""phase2_plan_ms"":16.241542,""phase3_sample_ms"":317.740369,""run_build_ms"":124.030019,""run_count_ms"":397.478514,""run_sample_ms"":334.070198}",,"{""dataset"":{""source"":""synthetic"",""name"":""uniform_t__nr100000__ns100000__a1_000ep00__g1"",""dim"":2,""path_r"":"""",""path_s"":"""",""synthetic"":{""generator"":""uniform"",""n_r"":100000,""n_s"":100000,""alpha"":1,""seed"":1}},""run"":{""method"":""ours"",""variant"":""sampling"",""t"":300000,""seed"":1,""repeats"":3,""j_star"":1000000,""enum_cap"":0,""write_samples"":false,""verify"":false},""output"":{""out_dir"":""run/temp/exp5/uniform_t"",""run_tag"":""exp5_uniform_t""},""sys"":{""threads"":1},""logging"":{""level"":""INFO"",""with_timestamp"":true,""with_thread_id"":false}}","{""generator"":""uniform"",""dataset"":""uniform_t__nr100000__ns100000__a1_000ep00__g1"",""n_r"":100000,""n_s"":100000,""has_exact_k"":false,""k_target"":0,""k_achieved"":0,""alpha_target"":1,""alpha_achieved"":nan,""notes"":""w_min_r=0.005, w_max_r=0.02, w_min_s=0.005, w_max_s=0.02, same_size_all_dims=0""}"
uniform_t__nr100000__ns100000__a1_000ep00__g1,uniform,1,100000,100000,ours,adaptive,300000,0,1,1,871.646,6.33447e+06,1,0,1,0,fallback_sampling,1000001,"{""build_active_indices_ms"":7.855960,""build_events_ms"":34.525360,""build_ranks_ms"":44.081248,""build_y_domain_ms"":14.082005,""phase1_count_adaptive_ms"":431.890398,""phase2_plan_ms"":16.522956,""phase3_sample_ms"":224.161382,""run_build_ms"":102.390697,""run_fallback_count_ms"":431.895048,""run_fallback_sample_ms"":240.772587,""run_pilot_enum_prepare_ms"":1.979330,""run_pilot_enum_scan_ms"":94.590425,""sample_ms"":240.770186}",,"{""dataset"":{""source"":""synthetic"",""name"":""uniform_t__nr100000__ns100000__a1_000ep00__g1"",""dim"":2,""path_r"":"""",""path_s"":"""",""synthetic"":{""generator"":""uniform"",""n_r"":100000,""n_s"":100000,""alpha"":1,""seed"":1}},""run"":{""method"":""ours"",""variant"":""adaptive"",""t"":300000,""seed"":1,""repeats"":3,""j_star"":1000000,""enum_cap"":0,""write_samples"":false,""verify"":false},""output"":{""out_dir"":""run/temp/exp5/uniform_t"",""run_tag"":""exp5_uniform_t""},""sys"":{""threads"":1},""logging"":{""level"":""INFO"",""with_timestamp"":true,""with_thread_id"":false}}","{""generator"":""uniform"",""dataset"":""uniform_t__nr100000__ns100000__a1_000ep00__g1"",""n_r"":100000,""n_s"":100000,""has_exact_k"":false,""k_target"":0,""k_achieved"":0,""alpha_target"":1,""alpha_achieved"":nan,""notes"":""w_min_r=0.005, w_max_r=0.02, w_min_s=0.005, w_max_s=0.02, same_size_all_dims=0""}"
uniform_t__nr100000__ns100000__a1_000ep00__g1,uniform,1,100000,100000,ours,adaptive,300000,1,2,1,747.574,6.33447e+06,1,0,1,0,fallback_sampling,1000001,"{""build_active_indices_ms"":5.471699,""build_events_ms"":65.911726,""build_ranks_ms"":43.880822,""build_y_domain_ms"":14.213203,""phase1_count_adaptive_ms"":271.964905,""phase2_plan_ms"":14.572976,""phase3_sample_ms"":221.523967,""run_build_ms"":131.428770,""run_fallback_count_ms"":271.968834,""run_fallback_sample_ms"":236.184789,""run_pilot_enum_prepare_ms"":1.529479,""run_pilot_enum_scan_ms"":68.363596,""sample_ms"":236.182859}",,"{""dataset"":{""source"":""synthetic"",""name"":""uniform_t__nr100000__ns100000__a1_000ep00__g1"",""dim"":2,""path_r"":"""",""path_s"":"""",""synthetic"":{""generator"":""uniform"",""n_r"":100000,""n_s"":100000,""alpha"":1,""seed"":1}},""run"":{""method"":""ours"",""variant"":""adaptive"",""t"":300000,""seed"":1,""repeats"":3,""j_star"":1000000,""enum_cap"":0,""write_samples"":false,""verify"":false},""output"":{""out_dir"":""run/temp/exp5/uniform_t"",""run_tag"":""exp5_uniform_t""},""sys"":{""threads"":1},""logging"":{""level"":""INFO"",""with_timestamp"":true,""with_thread_id"":false}}","{""generator"":""uniform"",""dataset"":""uniform_t__nr100000__ns100000__a1_000ep00__g1"",""n_r"":100000,""n_s"":100000,""has_exact_k"":false,""k_target"":0,""k_achieved"":0,""alpha_target"":1,""alpha_achieved"":nan,""notes"":""w_min_r=0.005, w_max_r=0.02, w_min_s=0.005, w_max_s=0.02, same_size_all_dims=0""}"
uniform_t__nr100000__ns100000__a1_000ep00__g1,uniform,1,100000,100000,ours,adaptive,300000,2,3,1,750.781,6.33447e+06,1,0,1,0,fallback_sampling,1000001,"{""build_active_indices_ms"":5.482260,""build_events_ms"":41.482550,""build_ranks_ms"":43.832603,""build_y_domain_ms"":13.985907,""phase1_count_adaptive_ms"":275.047702,""phase2_plan_ms"":14.880459,""phase3_sample_ms"":222.063265,""run_build_ms"":106.539053,""run_fallback_count_ms"":275.050732,""run_fallback_sample_ms"":237.031292,""run_pilot_enum_prepare_ms"":1.534469,""run_pilot_enum_scan_ms"":68.262579,""sample_ms"":237.029622}",,"{""dataset"":{""source"":""synthetic"",""name"":""uniform_t__nr100000__ns100000__a1_000ep00__g1"",""dim"":2,""path_r"":"""",""path_s"":"""",""synthetic"":{""generator"":""uniform"",""n_r"":100000,""n_s"":100000,""alpha"":1,""seed"":1}},""run"":{""method"":""ours"",""variant"":""adaptive"",""t"":300000,""seed"":1,""repeats"":3,""j_star"":1000000,""enum_cap"":0,""write_samples"":false,""verify"":false},""output"":{""out_dir"":""run/temp/exp5/uniform_t"",""run_tag"":""exp5_uniform_t""},""sys"":{""threads"":1},""logging"":{""level"":""INFO"",""with_timestamp"":true,""with_thread_id"":false}}","{""generator"":""uniform"",""dataset"":""uniform_t__nr100000__ns100000__a1_000ep00__g1"",""n_r"":100000,""n_s"":100000,""has_exact_k"":false,""k_target"":0,""k_achieved"":0,""alpha_target"":1,""alpha_achieved"":nan,""notes"":""w_min_r=0.005, w_max_r=0.02, w_min_s=0.005, w_max_s=0.02, same_size_all_dims=0""}"
uniform_t__nr100000__ns100000__a1_000ep00__g1,uniform,1,100000,100000,aabb,sampling,300000,0,1,1,670.64,6.33447e+06,1,0,0,0,,0,"{""build_ms"":36.161538,""phase1_count_ms"":280.755167,""phase2_assign_ms"":26.809978,""phase3_sample_ms"":326.855884,""run_build_ms"":36.163179,""run_count_ms"":280.757806,""run_sample_ms"":353.715761}",,"{""dataset"":{""source"":""synthetic"",""name"":""uniform_t__nr100000__ns100000__a1_000ep00__g1"",""dim"":2,""path_r"":"""",""path_s"":"""",""synthetic"":{""generator"":""uniform"",""n_r"":100000,""n_s"":100000,""alpha"":1,""seed"":1}},""run"":{""method"":""aabb"",""variant"":""sampling"",""t"":300000,""seed"":1,""repeats"":3,""j_star"":1000000,""enum_cap"":0,""write_samples"":false,""verify"":false},""output"":{""out_dir"":""run/temp/exp5/uniform_t"",""run_tag"":""exp5_uniform_t""},""sys"":{""threads"":1},""logging"":{""level"":""INFO"",""with_timestamp"":true,""with_thread_id"":false}}","{""generator"":""uniform"",""dataset"":""uniform_t__nr100000__ns100000__a1_000ep00__g1"",""n_r"":100000,""n_s"":100000,""has_exact_k"":false,""k_target"":0,""k_achieved"":0,""alpha_target"":1,""alpha_achieved"":nan,""notes"":""w_min_r=0.005, w_max_r=0.02, w_min_s=0.005, w_max_s=0.02, same_size_all_dims=0""}"
uniform_t__nr100000__ns100000__a1_000ep00__g1,uniform,1,100000,100000,aabb,sampling,300000,1,2,1,669.702,6.33447e+06,1,0,0,0,,0,"{""build_ms"":36.152648,""phase1_count_ms"":280.933644,""phase2_assign_ms"":26.906295,""phase3_sample_ms"":325.653909,""run_build_ms"":36.154018,""run_count_ms"":280.936094,""run_sample_ms"":352.609663}",,"{""dataset"":{""source"":""synthetic"",""name"":""uniform_t__nr100000__ns100000__a1_000ep00__g1"",""dim"":2,""path_r"":"""",""path_s"":"""",""synthetic"":{""generator"":""uniform"",""n_r"":100000,""n_s"":100000,""alpha"":1,""seed"":1}},""run"":{""method"":""aabb"",""variant"":""sampling"",""t"":300000,""seed"":1,""repeats"":3,""j_star"":1000000,""enum_cap"":0,""write_samples"":false,""verify"":false},""output"":{""out_dir"":""run/temp/exp5/uniform_t"",""run_tag"":""exp5_uniform_t""},""sys"":{""threads"":1},""logging"":{""level"":""INFO"",""with_timestamp"":true,""with_thread_id"":false}}","{""generator"":""uniform"",""dataset"":""uniform_t__nr100000__ns100000__a1_000ep00__g1"",""n_r"":100000,""n_s"":100000,""has_exact_k"":false,""k_target"":0,""k_achieved"":0,""alpha_target"":1,""alpha_achieved"":nan,""notes"":""w_min_r=0.005, w_max_r=0.02, w_min_s=0.005, w_max_s=0.02, same_size_all_dims=0""}"
uniform_t__nr100000__ns100000__a1_000ep00__g1,uniform,1,100000,100000,aabb,sampling,300000,2,3,1,671.606,6.33447e+06,1,0,0,0,,0,"{""build_ms"":36.132808,""phase1_count_ms"":283.048432,""phase2_assign_ms"":26.777699,""phase3_sample_ms"":325.590270,""run_build_ms"":36.134468,""run_count_ms"":283.051411,""run_sample_ms"":352.418187}",,"{""dataset"":{""source"":""synthetic"",""name"":""uniform_t__nr100000__ns100000__a1_000ep00__g1"",""dim"":2,""path_r"":"""",""path_s"":"""",""synthetic"":{""generator"":""uniform"",""n_r"":100000,""n_s"":100000,""alpha"":1,""seed"":1}},""run"":{""method"":""aabb"",""variant"":""sampling"",""t"":300000,""seed"":1,""repeats"":3,""j_star"":1000000,""enum_cap"":0,""write_samples"":false,""verify"":false},""output"":{""out_dir"":""run/temp/exp5/uniform_t"",""run_tag"":""exp5_uniform_t""},""sys"":{""threads"":1},""logging"":{""level"":""INFO"",""with_timestamp"":true,""with_thread_id"":false}}","{""generator"":""uniform"",""dataset"":""uniform_t__nr100000__ns100000__a1_000ep00__g1"",""n_r"":100000,""n_s"":100000,""has_exact_k"":false,""k_target"":0,""k_achieved"":0,""alpha_target"":1,""alpha_achieved"":nan,""notes"":""w_min_r=0.005, w_max_r=0.02, w_min_s=0.005, w_max_s=0.02, same_size_all_dims=0""}"
uniform_t__nr100000__ns100000__a1_000ep00__g1,uniform,1,100000,100000,aabb,adaptive,300000,0,1,1,814.453,6.33447e+06,1,0,1,0,fallback_sampling,1000001,"{""build_ms"":36.186598,""enumerate_prepare_ms"":34.599159,""phase1_count_ms"":305.631523,""phase2_assign_ms"":27.061942,""phase3_sample_ms"":325.540211,""run_build_ms"":36.187618,""run_fallback_count_ms"":305.634213,""run_fallback_sample_ms"":352.654312,""run_pilot_enum_prepare_ms"":34.601449,""run_pilot_enum_scan_ms"":85.360953}",,"{""dataset"":{""source"":""synthetic"",""name"":""uniform_t__nr100000__ns100000__a1_000ep00__g1"",""dim"":2,""path_r"":"""",""path_s"":"""",""synthetic"":{""generator"":""uniform"",""n_r"":100000,""n_s"":100000,""alpha"":1,""seed"":1}},""run"":{""method"":""aabb"",""variant"":""adaptive"",""t"":300000,""seed"":1,""repeats"":3,""j_star"":1000000,""enum_cap"":0,""write_samples"":false,""verify"":false},""output"":{""out_dir"":""run/temp/exp5/uniform_t"",""run_tag"":""exp5_uniform_t""},""sys"":{""threads"":1},""logging"":{""level"":""INFO"",""with_timestamp"":true,""with_thread_id"":false}}","{""generator"":""uniform"",""dataset"":""uniform_t__nr100000__ns100000__a1_000ep00__g1"",""n_r"":100000,""n_s"":100000,""has_exact_k"":false,""k_target"":0,""k_achieved"":0,""alpha_target"":1,""alpha_achieved"":nan,""notes"":""w_min_r=0.005, w_max_r=0.02, w_min_s=0.005, w_max_s=0.02, same_size_all_dims=0""}"
uniform_t__nr100000__ns100000__a1_000ep00__g1,uniform,1,100000,100000,aabb,adaptive,300000,1,2,1,812.963,6.33447e+06,1,0,1,0,fallback_sampling,1000001,"{""build_ms"":36.173158,""enumerate_prepare_ms"":34.591500,""phase1_count_ms"":305.480798,""phase2_assign_ms"":27.169911,""phase3_sample_ms"":324.026241,""run_build_ms"":36.175147,""run_fallback_count_ms"":305.483307,""run_fallback_sample_ms"":351.247810,""run_pilot_enum_prepare_ms"":34.593590,""run_pilot_enum_scan_ms"":85.450520}",,"{""dataset"":{""source"":""synthetic"",""name"":""uniform_t__nr100000__ns100000__a1_000ep00__g1"",""dim"":2,""path_r"":"""",""path_s"":"""",""synthetic"":{""generator"":""uniform"",""n_r"":100000,""n_s"":100000,""alpha"":1,""seed"":1}},""run"":{""method"":""aabb"",""variant"":""adaptive"",""t"":300000,""seed"":1,""repeats"":3,""j_star"":1000000,""enum_cap"":0,""write_samples"":false,""verify"":false},""output"":{""out_dir"":""run/temp/exp5/uniform_t"",""run_tag"":""exp5_uniform_t""},""sys"":{""threads"":1},""logging"":{""level"":""INFO"",""with_timestamp"":true,""with_thread_id"":false}}","{""generator"":""uniform"",""dataset"":""uniform_t__nr100000__ns100000__a1_000ep00__g1"",""n_r"":100000,""n_s"":100000,""has_exact_k"":false,""k_target"":0,""k_achieved"":0,""alpha_target"":1,""alpha_achieved"":nan,""notes"":""w_min_r=0.005, w_max_r=0.02, w_min_s=0.005, w_max_s=0.02, same_size_all_dims=0""}"
uniform_t__nr100000__ns100000__a1_000ep00__g1,uniform,1,100000,100000,aabb,adaptive,300000,2,3,1,816.037,6.33447e+06,1,0,1,0,fallback_sampling,1000001,"{""build_ms"":39.526840,""enumerate_prepare_ms"":34.615750,""phase1_count_ms"":305.840120,""phase2_assign_ms"":27.106951,""phase3_sample_ms"":323.510362,""run_build_ms"":39.528180,""run_fallback_count_ms"":305.842210,""run_fallback_sample_ms"":350.670052,""run_pilot_enum_prepare_ms"":34.619260,""run_pilot_enum_scan_ms"":85.362012}",,"{""dataset"":{""source"":""synthetic"",""name"":""uniform_t__nr100000__ns100000__a1_000ep00__g1"",""dim"":2,""path_r"":"""",""path_s"":"""",""synthetic"":{""generator"":""uniform"",""n_r"":100000,""n_s"":100000,""alpha"":1,""seed"":1}},""run"":{""method"":""aabb"",""variant"":""adaptive"",""t"":300000,""seed"":1,""repeats"":3,""j_star"":1000000,""enum_cap"":0,""write_samples"":false,""verify"":false},""output"":{""out_dir"":""run/temp/exp5/uniform_t"",""run_tag"":""exp5_uniform_t""},""sys"":{""threads"":1},""logging"":{""level"":""INFO"",""with_timestamp"":true,""with_thread_id"":false}}","{""generator"":""uniform"",""dataset"":""uniform_t__nr100000__ns100000__a1_000ep00__g1"",""n_r"":100000,""n_s"":100000,""has_exact_k"":false,""k_target"":0,""k_achieved"":0,""alpha_target"":1,""alpha_achieved"":nan,""notes"":""w_min_r=0.005, w_max_r=0.02, w_min_s=0.005, w_max_s=0.02, same_size_all_dims=0""}"
uniform_t__nr100000__ns100000__a1_000ep00__g1,uniform,1,100000,100000,interval_tree,sampling,300000,0,1,1,1243.27,6.33447e+06,1,0,0,0,,0,"{""build_ms"":160.327965,""build_active_ms"":42.727825,""build_events_ms"":37.783765,""build_start_ids_ms"":1.561648,""build_y_endpoints_ms"":28.083912,""build_y_indices_ms"":50.162535,""phase1_count_ms"":549.702845,""phase2_slots_ms"":16.835650,""phase3_resweep_ms"":516.314460,""run_build_ms"":160.328805,""run_count_ms"":549.705015,""run_sample_ms"":533.234917}",,"{""dataset"":{""source"":""synthetic"",""name"":""uniform_t__nr100000__ns100000__a1_000ep00__g1"",""dim"":2,""path_r"":"""",""path_s"":"""",""synthetic"":{""generator"":""uniform"",""n_r"":100000,""n_s"":100000,""alpha"":1,""seed"":1}},""run"":{""method"":""interval_tree"",""variant"":""sampling"",""t"":300000,""seed"":1,""repeats"":3,""j_star"":1000000,""enum_cap"":0,""write_samples"":false,""verify"":false},""output"":{""out_dir"":""run/temp/exp5/uniform_t"",""run_tag"":""exp5_uniform_t""},""sys"":{""threads"":1},""logging"":{""level"":""INFO"",""with_timestamp"":true,""with_thread_id"":false}}","{""generator"":""uniform"",""dataset"":""uniform_t__nr100000__ns100000__a1_000ep00__g1"",""n_r"":100000,""n_s"":100000,""has_exact_k"":false,""k_target"":0,""k_achieved"":0,""alpha_target"":1,""alpha_achieved"":nan,""notes"":""w_min_r=0.005, w_max_r=0.02, w_min_s=0.005, w_max_s=0.02, same_size_all_dims=0""}"
uniform_t__nr100000__ns100000__a1_000ep00__g1,uniform,1,100000,100000,interval_tree,sampling,300000,1,2,1,1298.84,6.33447e+06,1,0,0,0,,0,"{""build_ms"":177.234053,""build_active_ms"":23.467456,""build_events_ms"":73.789087,""build_start_ids_ms"":1.578958,""build_y_endpoints_ms"":28.135981,""build_y_indices_ms"":50.254272,""phase1_count_ms"":546.503600,""phase2_slots_ms"":16.955776,""phase3_resweep_ms"":518.211012,""run_build_ms"":177.235144,""run_count_ms"":546.506039,""run_sample_ms"":535.250177}",,"{""dataset"":{""source"":""synthetic"",""name"":""uniform_t__nr100000__ns100000__a1_000ep00__g1"",""dim"":2,""path_r"":"""",""path_s"":"""",""synthetic"":{""generator"":""uniform"",""n_r"":100000,""n_s"":100000,""alpha"":1,""seed"":1}},""run"":{""method"":""interval_tree"",""variant"":""sampling"",""t"":300000,""seed"":1,""repeats"":3,""j_star"":1000000,""enum_cap"":0,""write_samples"":false,""verify"":false},""output"":{""out_dir"":""run/temp/exp5/uniform_t"",""run_tag"":""exp5_uniform_t""},""sys"":{""threads"":1},""logging"":{""level"":""INFO"",""with_timestamp"":true,""with_thread_id"":false}}","{""generator"":""uniform"",""dataset"":""uniform_t__nr100000__ns100000__a1_000ep00__g1"",""n_r"":100000,""n_s"":100000,""has_exact_k"":false,""k_target"":0,""k_achieved"":0,""alpha_target"":1,""alpha_achieved"":nan,""notes"":""w_min_r=0.005, w_max_r=0.02, w_min_s=0.005, w_max_s=0.02, same_size_all_dims=0""}"
uniform_t__nr100000__ns100000__a1_000ep00__g1,uniform,1,100000,100000,interval_tree,sampling,300000,2,3,1,1300.57,6.33447e+06,1,0,0,0,,0,"{""build_ms"":177.374530,""build_active_ms"":23.470816,""build_events_ms"":73.889804,""build_start_ids_ms"":1.593708,""build_y_endpoints_ms"":28.106051,""build_y_indices_ms"":50.304591,""phase1_count_ms"":545.860112,""phase2_slots_ms"":17.568025,""phase3_resweep_ms"":519.592605,""run_build_ms"":177.375509,""run_count_ms"":545.863442,""run_sample_ms"":537.245577}",,"{""dataset"":{""source"":""synthetic"",""name"":""uniform_t__nr100000__ns100000__a1_000ep00__g1"",""dim"":2,""path_r"":"""",""path_s"":"""",""synthetic"":{""generator"":""uniform"",""n_r"":100000,""n_s"":100000,""alpha"":1,""seed"":1}},""run"":{""method"":""interval_tree"",""variant"":""sampling"",""t"":300000,""seed"":1,""repeats"":3,""j_star"":1000000,""enum_cap"":0,""write_samples"":false,""verify"":false},""output"":{""out_dir"":""run/temp/exp5/uniform_t"",""run_tag"":""exp5_uniform_t""},""sys"":{""threads"":1},""logging"":{""level"":""INFO"",""with_timestamp"":true,""with_thread_id"":false}}","{""generator"":""uniform"",""dataset"":""uniform_t__nr100000__ns100000__a1_000ep00__g1"",""n_r"":100000,""n_s"":100000,""has_exact_k"":false,""k_target"":0,""k_achieved"":0,""alpha_target"":1,""alpha_achieved"":nan,""notes"":""w_min_r=0.005, w_max_r=0.02, w_min_s=0.005, w_max_s=0.02, same_size_all_dims=0""}"
uniform_t__nr100000__ns100000__a1_000ep00__g1,uniform,1,100000,100000,interval_tree,adaptive,300000,0,1,1,1527.64,6.33447e+06,1,0,1,0,fallback_sampling,1000001,"{""build_ms"":150.771628,""build_active_ms"":32.053041,""build_events_ms"":37.876793,""build_start_ids_ms"":1.524919,""build_y_endpoints_ms"":28.256128,""build_y_indices_ms"":51.052857,""enumerate_prepare_ms"":141.754852,""phase1_count_adaptive_ms"":577.858216,""phase2_slots_ms"":19.773509,""phase3_resweep_ms"":510.753933,""run_build_ms"":150.772198,""run_fallback_count_ms"":577.860976,""run_fallback_sample_ms"":531.026143,""run_pilot_enum_prepare_ms"":141.757722,""run_pilot_enum_scan_ms"":108.504943}",,"{""dataset"":{""source"":""synthetic"",""name"":""uniform_t__nr100000__ns100000__a1_000ep00__g1"",""dim"":2,""path_r"":"""",""path_s"":"""",""synthetic"":{""generator"":""uniform"",""n_r"":100000,""n_s"":100000,""alpha"":1,""seed"":1}},""run"":{""method"":""interval_tree"",""variant"":""adaptive"",""t"":300000,""seed"":1,""repeats"":3,""j_star"":1000000,""enum_cap"":0,""write_samples"":false,""verify"":false},""output"":{""out_dir"":""run/temp/exp5/uniform_t"",""run_tag"":""exp5_uniform_t""},""sys"":{""threads"":1},""logging"":{""level"":""INFO"",""with_timestamp"":true,""with_thread_id"":false}}","{""generator"":""uniform"",""dataset"":""uniform_t__nr100000__ns100000__a1_000ep00__g1"",""n_r"":100000,""n_s"":100000,""has_exact_k"":false,""k_target"":0,""k_achieved"":0,""alpha_target"":1,""alpha_achieved"":nan,""notes"":""w_min_r=0.005, w_max_r=0.02, w_min_s=0.005, w_max_s=0.02, same_size_all_dims=0""}"
uniform_t__nr100000__ns100000__a1_000ep00__g1,uniform,1,100000,100000,interval_tree,adaptive,300000,1,2,1,1584.35,6.33447e+06,1,0,1,0,fallback_sampling,1000001,"{""build_ms"":146.807809,""build_active_ms"":23.528044,""build_events_ms"":42.675656,""build_start_ids_ms"":1.525590,""build_y_endpoints_ms"":28.226179,""build_y_indices_ms"":50.843991,""enumerate_prepare_ms"":139.504067,""phase1_count_adaptive_ms"":573.704499,""phase2_slots_ms"":21.490925,""phase3_resweep_ms"":511.836331,""run_build_ms"":146.808789,""run_fallback_count_ms"":573.707179,""run_fallback_sample_ms"":533.414105,""run_pilot_enum_prepare_ms"":139.507457,""run_pilot_enum_scan_ms"":106.824568}",,"{""dataset"":{""source"":""synthetic"",""name"":""uniform_t__nr100000__ns100000__a1_000ep00__g1"",""dim"":2,""path_r"":"""",""path_s"":"""",""synthetic"":{""generator"":""uniform"",""n_r"":100000,""n_s"":100000,""alpha"":1,""seed"":1}},""run"":{""method"":""interval_tree"",""variant"":""adaptive"",""t"":300000,""seed"":1,""repeats"":3,""j_star"":1000000,""enum_cap"":0,""write_samples"":false,""verify"":false},""output"":{""out_dir"":""run/temp/exp5/uniform_t"",""run_tag"":""exp5_uniform_t""},""sys"":{""threads"":1},""logging"":{""level"":""INFO"",""with_timestamp"":true,""with_thread_id"":false}}","{""generator"":""uniform"",""dataset"":""uniform_t__nr100000__ns100000__a1_000ep00__g1"",""n_r"":100000,""n_s"":100000,""has_exact_k"":false,""k_target"":0,""k_achieved"":0,""alpha_target"":1,""alpha_achieved"":nan,""notes"":""w_min_r=0.005, w_max_r=0.02, w_min_s=0.005, w_max_s=0.02, same_size_all_dims=0""}"
uniform_t__nr100000__ns100000__a1_000ep00__g1,uniform,1,100000,100000,interval_tree,adaptive,300000,2,3,1,1584.01,6.33447e+06,1,0,1,0,fallback_sampling,1000001,"{""build_ms"":147.119782,""build_active_ms"":23.481754,""build_events_ms"":42.764764,""build_start_ids_ms"":1.525239,""build_y_endpoints_ms"":28.245919,""build_y_indices_ms"":51.093037,""enumerate_prepare_ms"":139.446338,""phase1_count_adaptive_ms"":574.221689,""phase2_slots_ms"":18.524205,""phase3_resweep_ms"":511.673675,""run_build_ms"":147.120542,""run_fallback_count_ms"":574.224209,""run_fallback_sample_ms"":530.771969,""run_pilot_enum_prepare_ms"":139.450078,""run_pilot_enum_scan_ms"":106.979965}",,"{""dataset"":{""source"":""synthetic"",""name"":""uniform_t__nr100000__ns100000__a1_000ep00__g1"",""dim"":2,""path_r"":"""",""path_s"":"""",""synthetic"":{""generator"":""uniform"",""n_r"":100000,""n_s"":100000,""alpha"":1,""seed"":1}},""run"":{""method"":""interval_tree"",""variant"":""adaptive"",""t"":300000,""seed"":1,""repeats"":3,""j_star"":1000000,""enum_cap"":0,""write_samples"":false,""verify"":false},""output"":{""out_dir"":""run/temp/exp5/uniform_t"",""run_tag"":""exp5_uniform_t""},""sys"":{""threads"":1},""logging"":{""level"":""INFO"",""with_timestamp"":true,""with_thread_id"":false}}","{""generator"":""uniform"",""dataset"":""uniform_t__nr100000__ns100000__a1_000ep00__g1"",""n_r"":100000,""n_s"":100000,""has_exact_k"":false,""k_target"":0,""k_achieved"":0,""alpha_target"":1,""alpha_achieved"":nan,""notes"":""w_min_r=0.005, w_max_r=0.02, w_min_s=0.005, w_max_s=0.02, same_size_all_dims=0""}"
uniform_t__nr100000__ns100000__a1_000ep00__g1,uniform,1,100000,100000,kd_tree,sampling,300000,0,1,1,840.91,6.33447e+06,1,0,0,0,,0,"{""build_ms"":103.875408,""build_events_ms"":34.497882,""build_kdtrees_ms"":35.418693,""build_rank_arrays_ms"":32.556881,""build_start_index_ms"":1.356313,""phase1_count_ms"":324.817817,""phase2_alias_ms"":412.206008,""phase3_sweep_ms"":385.167076,""run_build_ms"":103.876378,""run_count_ms"":324.821076,""run_sample_ms"":412.207178}",,"{""dataset"":{""source"":""synthetic"",""name"":""uniform_t__nr100000__ns100000__a1_000ep00__g1"",""dim"":2,""path_r"":"""",""path_s"":"""",""synthetic"":{""generator"":""uniform"",""n_r"":100000,""n_s"":100000,""alpha"":1,""seed"":1}},""run"":{""method"":""kd_tree"",""variant"":""sampling"",""t"":300000,""seed"":1,""repeats"":3,""j_star"":1000000,""enum_cap"":0,""write_samples"":false,""verify"":false},""output"":{""out_dir"":""run/temp/exp5/uniform_t"",""run_tag"":""exp5_uniform_t""},""sys"":{""threads"":1},""logging"":{""level"":""INFO"",""with_timestamp"":true,""with_thread_id"":false}}","{""generator"":""uniform"",""dataset"":""uniform_t__nr100000__ns100000__a1_000ep00__g1"",""n_r"":100000,""n_s"":100000,""has_exact_k"":false,""k_target"":0,""k_achieved"":0,""alpha_target"":1,""alpha_achieved"":nan,""notes"":""w_min_r=0.005, w_max_r=0.02, w_min_s=0.005, w_max_s=0.02, same_size_all_dims=0""}"
uniform_t__nr100000__ns100000__a1_000ep00__g1,uniform,1,100000,100000,kd_tree,sampling,300000,1,2,1,838.409,6.33447e+06,1,0,0,0,,0,"{""build_ms"":103.712681,""build_events_ms"":34.490072,""build_kdtrees_ms"":35.212827,""build_rank_arrays_ms"":32.592480,""build_start_index_ms"":1.370362,""phase1_count_ms"":326.077012,""phase2_alias_ms"":408.606982,""phase3_sweep_ms"":381.334174,""run_build_ms"":103.713301,""run_count_ms"":326.079791,""run_sample_ms"":408.607762}",,"{""dataset"":{""source"":""synthetic"",""name"":""uniform_t__nr100000__ns100000__a1_000ep00__g1"",""dim"":2,""path_r"":"""",""path_s"":"""",""synthetic"":{""generator"":""uniform"",""n_r"":100000,""n_s"":100000,""alpha"":1,""seed"":1}},""run"":{""method"":""kd_tree"",""variant"":""sampling"",""t"":300000,""seed"":1,""repeats"":3,""j_star"":1000000,""enum_cap"":0,""write_samples"":false,""verify"":false},""output"":{""out_dir"":""run/temp/exp5/uniform_t"",""run_tag"":""exp5_uniform_t""},""sys"":{""threads"":1},""logging"":{""level"":""INFO"",""with_timestamp"":true,""with_thread_id"":false}}","{""generator"":""uniform"",""dataset"":""uniform_t__nr100000__ns100000__a1_000ep00__g1"",""n_r"":100000,""n_s"":100000,""has_exact_k"":false,""k_target"":0,""k_achieved"":0,""alpha_target"":1,""alpha_achieved"":nan,""notes"":""w_min_r=0.005, w_max_r=0.02, w_min_s=0.005, w_max_s=0.02, same_size_all_dims=0""}"
uniform_t__nr100000__ns100000__a1_000ep00__g1,uniform,1,100000,100000,kd_tree,sampling,300000,2,3,1,836.559,6.33447e+06,1,0,0,0,,0,"{""build_ms"":103.754390,""build_events_ms"":34.510371,""build_kdtrees_ms"":35.221027,""build_rank_arrays_ms"":32.602471,""build_start_index_ms"":1.371242,""phase1_count_ms"":326.147280,""phase2_alias_ms"":406.649121,""phase3_sweep_ms"":379.428562,""run_build_ms"":103.755040,""run_count_ms"":326.150500,""run_sample_ms"":406.650170}",,"{""dataset"":{""source"":""synthetic"",""name"":""uniform_t__nr100000__ns100000__a1_000ep00__g1"",""dim"":2,""path_r"":"""",""path_s"":"""",""synthetic"":{""generator"":""uniform"",""n_r"":100000,""n_s"":100000,""alpha"":1,""seed"":1}},""run"":{""method"":""kd_tree"",""variant"":""sampling"",""t"":300000,""seed"":1,""repeats"":3,""j_star"":1000000,""enum_cap"":0,""write_samples"":false,""verify"":false},""output"":{""out_dir"":""run/temp/exp5/uniform_t"",""run_tag"":""exp5_uniform_t""},""sys"":{""threads"":1},""logging"":{""level"":""INFO"",""with_timestamp"":true,""with_thread_id"":false}}","{""generator"":""uniform"",""dataset"":""uniform_t__nr100000__ns100000__a1_000ep00__g1"",""n_r"":100000,""n_s"":100000,""has_exact_k"":false,""k_target"":0,""k_achieved"":0,""alpha_target"":1,""alpha_achieved"":nan,""notes"":""w_min_r=0.005, w_max_r=0.02, w_min_s=0.005, w_max_s=0.02, same_size_all_dims=0""}"
uniform_t__nr100000__ns100000__a1_000ep00__g1,uniform,1,100000,100000,kd_tree,adaptive,300000,0,1,1,1280.17,6.33447e+06,1,0,1,0,fallback_sampling,1000001,"{""adaptive_fallback_sampling_ms"":413.496293,""build_ms"":103.602454,""build_embedding_ms"":32.612591,""build_events_ms"":34.463743,""build_kdtrees_ms"":35.165388,""build_rank_arrays_ms"":32.571361,""build_start_index_ms"":1.356302,""enumerate_prepare_ms"":102.350849,""phase1_count_and_maybe_enumerate_ms"":434.133834,""phase2_alias_ms"":5.482150,""phase2_assign_ms"":21.248560,""phase3_sweep_ms"":386.250564,""run_build_ms"":103.603234,""run_fallback_count_ms"":434.136664,""run_fallback_sample_ms"":413.497973,""run_pilot_enum_prepare_ms"":102.358109,""run_pilot_enum_scan_ms"":226.560785}",,"{""dataset"":{""source"":""synthetic"",""name"":""uniform_t__nr100000__ns100000__a1_000ep00__g1"",""dim"":2,""path_r"":"""",""path_s"":"""",""synthetic"":{""generator"":""uniform"",""n_r"":100000,""n_s"":100000,""alpha"":1,""seed"":1}},""run"":{""method"":""kd_tree"",""variant"":""adaptive"",""t"":300000,""seed"":1,""repeats"":3,""j_star"":1000000,""enum_cap"":0,""write_samples"":false,""verify"":false},""output"":{""out_dir"":""run/temp/exp5/uniform_t"",""run_tag"":""exp5_uniform_t""},""sys"":{""threads"":1},""logging"":{""level"":""INFO"",""with_timestamp"":true,""with_thread_id"":false}}","{""generator"":""uniform"",""dataset"":""uniform_t__nr100000__ns100000__a1_000ep00__g1"",""n_r"":100000,""n_s"":100000,""has_exact_k"":false,""k_target"":0,""k_achieved"":0,""alpha_target"":1,""alpha_achieved"":nan,""notes"":""w_min_r=0.005, w_max_r=0.02, w_min_s=0.005, w_max_s=0.02, same_size_all_dims=0""}"
uniform_t__nr100000__ns100000__a1_000ep00__g1,uniform,1,100000,100000,kd_tree,adaptive,300000,1,2,1,1279.69,6.33447e+06,1,0,1,0,fallback_sampling,1000001,"{""adaptive_fallback_sampling_ms"":410.651300,""build_ms"":104.021295,""build_embedding_ms"":32.650299,""build_events_ms"":34.515322,""build_kdtrees_ms"":35.479482,""build_rank_arrays_ms"":32.607340,""build_start_index_ms"":1.371002,""enumerate_prepare_ms"":102.572334,""phase1_count_and_maybe_enumerate_ms"":434.862781,""phase2_alias_ms"":5.513578,""phase2_assign_ms"":21.679941,""phase3_sweep_ms"":382.938481,""run_build_ms"":104.022275,""run_fallback_count_ms"":434.865701,""run_fallback_sample_ms"":410.652900,""run_pilot_enum_prepare_ms"":102.575545,""run_pilot_enum_scan_ms"":227.561465}",,"{""dataset"":{""source"":""synthetic"",""name"":""uniform_t__nr100000__ns100000__a1_000ep00__g1"",""dim"":2,""path_r"":"""",""path_s"":"""",""synthetic"":{""generator"":""uniform"",""n_r"":100000,""n_s"":100000,""alpha"":1,""seed"":1}},""run"":{""method"":""kd_tree"",""variant"":""adaptive"",""t"":300000,""seed"":1,""repeats"":3,""j_star"":1000000,""enum_cap"":0,""write_samples"":false,""verify"":false},""output"":{""out_dir"":""run/temp/exp5/uniform_t"",""run_tag"":""exp5_uniform_t""},""sys"":{""threads"":1},""logging"":{""level"":""INFO"",""with_timestamp"":true,""with_thread_id"":false}}","{""generator"":""uniform"",""dataset"":""uniform_t__nr100000__ns100000__a1_000ep00__g1"",""n_r"":100000,""n_s"":100000,""has_exact_k"":false,""k_target"":0,""k_achieved"":0,""alpha_target"":1,""alpha_achieved"":nan,""notes"":""w_min_r=0.005, w_max_r=0.02, w_min_s=0.005, w_max_s=0.02, same_size_all_dims=0""}"
uniform_t__nr100000__ns100000__a1_000ep00__g1,uniform,1,100000,100000,kd_tree,adaptive,300000,2,3,1,1275.29,6.33447e+06,1,0,1,0,fallback_sampling,1000001,"{""adaptive_fallback_sampling_ms"":409.933224,""build_ms"":103.661002,""build_embedding_ms"":32.590371,""build_events_ms"":34.502231,""build_kdtrees_ms"":35.192838,""build_rank_arrays_ms"":32.545061,""build_start_index_ms"":1.370673,""enumerate_prepare_ms"":102.336369,""phase1_count_and_maybe_enumerate_ms"":432.565256,""phase2_alias_ms"":5.510228,""phase2_assign_ms"":21.371128,""phase3_sweep_ms"":382.531919,""run_build_ms"":103.662092,""run_fallback_count_ms"":432.568047,""run_fallback_sample_ms"":409.934454,""run_pilot_enum_prepare_ms"":102.340259,""run_pilot_enum_scan_ms"":226.771292}",,"{""dataset"":{""source"":""synthetic"",""name"":""uniform_t__nr100000__ns100000__a1_000ep00__g1"",""dim"":2,""path_r"":"""",""path_s"":"""",""synthetic"":{""generator"":""uniform"",""n_r"":100000,""n_s"":100000,""alpha"":1,""seed"":1}},""run"":{""method"":""kd_tree"",""variant"":""adaptive"",""t"":300000,""seed"":1,""repeats"":3,""j_star"":1000000,""enum_cap"":0,""write_samples"":false,""verify"":false},""output"":{""out_dir"":""run/temp/exp5/uniform_t"",""run_tag"":""exp5_uniform_t""},""sys"":{""threads"":1},""logging"":{""level"":""INFO"",""with_timestamp"":true,""with_thread_id"":false}}","{""generator"":""uniform"",""dataset"":""uniform_t__nr100000__ns100000__a1_000ep00__g1"",""n_r"":100000,""n_s"":100000,""has_exact_k"":false,""k_target"":0,""k_achieved"":0,""alpha_target"":1,""alpha_achieved"":nan,""notes"":""w_min_r=0.005, w_max_r=0.02, w_min_s=0.005, w_max_s=0.02, same_size_all_dims=0""}"
uniform_t__nr100000__ns100000__a1_000ep00__g1,uniform,1,100000,100000,r_tree,sampling,300000,0,1,1,432.61,6.33447e+06,1,0,0,0,,0,"{""build_ms"":36.397804,""phase1_count_ms"":155.490923,""phase2_assign_ms"":9.502098,""phase3_sample_ms"":230.790260,""run_build_ms"":36.399104,""run_count_ms"":155.493603,""run_sample_ms"":240.714820}",,"{""dataset"":{""source"":""synthetic"",""name"":""uniform_t__nr100000__ns100000__a1_000ep00__g1"",""dim"":2,""path_r"":"""",""path_s"":"""",""synthetic"":{""generator"":""uniform"",""n_r"":100000,""n_s"":100000,""alpha"":1,""seed"":1}},""run"":{""method"":""r_tree"",""variant"":""sampling"",""t"":300000,""seed"":1,""repeats"":3,""j_star"":1000000,""enum_cap"":0,""write_samples"":false,""verify"":false},""output"":{""out_dir"":""run/temp/exp5/uniform_t"",""run_tag"":""exp5_uniform_t""},""sys"":{""threads"":1},""logging"":{""level"":""INFO"",""with_timestamp"":true,""with_thread_id"":false}}","{""generator"":""uniform"",""dataset"":""uniform_t__nr100000__ns100000__a1_000ep00__g1"",""n_r"":100000,""n_s"":100000,""has_exact_k"":false,""k_target"":0,""k_achieved"":0,""alpha_target"":1,""alpha_achieved"":nan,""notes"":""w_min_r=0.005, w_max_r=0.02, w_min_s=0.005, w_max_s=0.02, same_size_all_dims=0""}"
uniform_t__nr100000__ns100000__a1_000ep00__g1,uniform,1,100000,100000,r_tree,sampling,300000,1,2,1,428.112,6.33447e+06,1,0,0,0,,0,"{""build_ms"":36.400484,""phase1_count_ms"":149.921006,""phase2_assign_ms"":9.539527,""phase3_sample_ms"":231.738921,""run_build_ms"":36.402103,""run_count_ms"":149.923227,""run_sample_ms"":241.702329}",,"{""dataset"":{""source"":""synthetic"",""name"":""uniform_t__nr100000__ns100000__a1_000ep00__g1"",""dim"":2,""path_r"":"""",""path_s"":"""",""synthetic"":{""generator"":""uniform"",""n_r"":100000,""n_s"":100000,""alpha"":1,""seed"":1}},""run"":{""method"":""r_tree"",""variant"":""sampling"",""t"":300000,""seed"":1,""repeats"":3,""j_star"":1000000,""enum_cap"":0,""write_samples"":false,""verify"":false},""output"":{""out_dir"":""run/temp/exp5/uniform_t"",""run_tag"":""exp5_uniform_t""},""sys"":{""threads"":1},""logging"":{""level"":""INFO"",""with_timestamp"":true,""with_thread_id"":false}}","{""generator"":""uniform"",""dataset"":""uniform_t__nr100000__ns100000__a1_000ep00__g1"",""n_r"":100000,""n_s"":100000,""has_exact_k"":false,""k_target"":0,""k_achieved"":0,""alpha_target"":1,""alpha_achieved"":nan,""notes"":""w_min_r=0.005, w_max_r=0.02, w_min_s=0.005, w_max_s=0.02, same_size_all_dims=0""}"
uniform_t__nr100000__ns100000__a1_000ep00__g1,uniform,1,100000,100000,r_tree,sampling,300000,2,3,1,428.72,6.33447e+06,1,0,0,0,,0,"{""build_ms"":36.353943,""phase1_count_ms"":150.184431,""phase2_assign_ms"":9.522408,""phase3_sample_ms"":232.149862,""run_build_ms"":36.355373,""run_count_ms"":150.186481,""run_sample_ms"":242.094301}",,"{""dataset"":{""source"":""synthetic"",""name"":""uniform_t__nr100000__ns100000__a1_000ep00__g1"",""dim"":2,""path_r"":"""",""path_s"":"""",""synthetic"":{""generator"":""uniform"",""n_r"":100000,""n_s"":100000,""alpha"":1,""seed"":1}},""run"":{""method"":""r_tree"",""variant"":""sampling"",""t"":300000,""seed"":1,""repeats"":3,""j_star"":1000000,""enum_cap"":0,""write_samples"":false,""verify"":false},""output"":{""out_dir"":""run/temp/exp5/uniform_t"",""run_tag"":""exp5_uniform_t""},""sys"":{""threads"":1},""logging"":{""level"":""INFO"",""with_timestamp"":true,""with_thread_id"":false}}","{""generator"":""uniform"",""dataset"":""uniform_t__nr100000__ns100000__a1_000ep00__g1"",""n_r"":100000,""n_s"":100000,""has_exact_k"":false,""k_target"":0,""k_achieved"":0,""alpha_target"":1,""alpha_achieved"":nan,""notes"":""w_min_r=0.005, w_max_r=0.02, w_min_s=0.005, w_max_s=0.02, same_size_all_dims=0""}"
uniform_t__nr100000__ns100000__a1_000ep00__g1,uniform,1,100000,100000,r_tree,adaptive,300000,0,1,1,552.572,6.33447e+06,1,0,1,0,fallback_sampling,1000001,"{""build_ms"":36.396164,""enumerate_prepare_ms"":34.686168,""phase1_adaptive_count_ms"":170.378632,""phase2+3_sampling_ms"":241.039303,""run_build_ms"":36.398014,""run_fallback_count_ms"":170.381252,""run_fallback_sample_ms"":241.042573,""run_pilot_enum_prepare_ms"":34.688558,""run_pilot_enum_scan_ms"":70.030983}",,"{""dataset"":{""source"":""synthetic"",""name"":""uniform_t__nr100000__ns100000__a1_000ep00__g1"",""dim"":2,""path_r"":"""",""path_s"":"""",""synthetic"":{""generator"":""uniform"",""n_r"":100000,""n_s"":100000,""alpha"":1,""seed"":1}},""run"":{""method"":""r_tree"",""variant"":""adaptive"",""t"":300000,""seed"":1,""repeats"":3,""j_star"":1000000,""enum_cap"":0,""write_samples"":false,""verify"":false},""output"":{""out_dir"":""run/temp/exp5/uniform_t"",""run_tag"":""exp5_uniform_t""},""sys"":{""threads"":1},""logging"":{""level"":""INFO"",""with_timestamp"":true,""with_thread_id"":false}}","{""generator"":""uniform"",""dataset"":""uniform_t__nr100000__ns100000__a1_000ep00__g1"",""n_r"":100000,""n_s"":100000,""has_exact_k"":false,""k_target"":0,""k_achieved"":0,""alpha_target"":1,""alpha_achieved"":nan,""notes"":""w_min_r=0.005, w_max_r=0.02, w_min_s=0.005, w_max_s=0.02, same_size_all_dims=0""}"
uniform_t__nr100000__ns100000__a1_000ep00__g1,uniform,1,100000,100000,r_tree,adaptive,300000,1,2,1,551.901,6.33447e+06,1,0,1,0,fallback_sampling,1000001,"{""build_ms"":36.394964,""enumerate_prepare_ms"":34.706838,""phase1_adaptive_count_ms"":169.910792,""phase2+3_sampling_ms"":240.772838,""run_build_ms"":36.396004,""run_fallback_count_ms"":169.913382,""run_fallback_sample_ms"":240.776038,""run_pilot_enum_prepare_ms"":34.709528,""run_pilot_enum_scan_ms"":69.996533}",,"{""dataset"":{""source"":""synthetic"",""name"":""uniform_t__nr100000__ns100000__a1_000ep00__g1"",""dim"":2,""path_r"":"""",""path_s"":"""",""synthetic"":{""generator"":""uniform"",""n_r"":100000,""n_s"":100000,""alpha"":1,""seed"":1}},""run"":{""method"":""r_tree"",""variant"":""adaptive"",""t"":300000,""seed"":1,""repeats"":3,""j_star"":1000000,""enum_cap"":0,""write_samples"":false,""verify"":false},""output"":{""out_dir"":""run/temp/exp5/uniform_t"",""run_tag"":""exp5_uniform_t""},""sys"":{""threads"":1},""logging"":{""level"":""INFO"",""with_timestamp"":true,""with_thread_id"":false}}","{""generator"":""uniform"",""dataset"":""uniform_t__nr100000__ns100000__a1_000ep00__g1"",""n_r"":100000,""n_s"":100000,""has_exact_k"":false,""k_target"":0,""k_achieved"":0,""alpha_target"":1,""alpha_achieved"":nan,""notes"":""w_min_r=0.005, w_max_r=0.02, w_min_s=0.005, w_max_s=0.02, same_size_all_dims=0""}"
uniform_t__nr100000__ns100000__a1_000ep00__g1,uniform,1,100000,100000,r_tree,adaptive,300000,2,3,1,555.574,6.33447e+06,1,0,1,0,fallback_sampling,1000001,"{""build_ms"":36.353424,""enumerate_prepare_ms"":34.693118,""phase1_adaptive_count_ms"":169.729905,""phase2+3_sampling_ms"":244.793377,""run_build_ms"":36.355334,""run_fallback_count_ms"":169.732525,""run_fallback_sample_ms"":244.795867,""run_pilot_enum_prepare_ms"":34.694718,""run_pilot_enum_scan_ms"":69.887236}",,"{""dataset"":{""source"":""synthetic"",""name"":""uniform_t__nr100000__ns100000__a1_000ep00__g1"",""dim"":2,""path_r"":"""",""path_s"":"""",""synthetic"":{""generator"":""uniform"",""n_r"":100000,""n_s"":100000,""alpha"":1,""seed"":1}},""run"":{""method"":""r_tree"",""variant"":""adaptive"",""t"":300000,""seed"":1,""repeats"":3,""j_star"":1000000,""enum_cap"":0,""write_samples"":false,""verify"":false},""output"":{""out_dir"":""run/temp/exp5/uniform_t"",""run_tag"":""exp5_uniform_t""},""sys"":{""threads"":1},""logging"":{""level"":""INFO"",""with_timestamp"":true,""with_thread_id"":false}}","{""generator"":""uniform"",""dataset"":""uniform_t__nr100000__ns100000__a1_000ep00__g1"",""n_r"":100000,""n_s"":100000,""has_exact_k"":false,""k_target"":0,""k_achieved"":0,""alpha_target"":1,""alpha_achieved"":nan,""notes"":""w_min_r=0.005, w_max_r=0.02, w_min_s=0.005, w_max_s=0.02, same_size_all_dims=0""}"
uniform_t__nr100000__ns100000__a1_000ep00__g1,uniform,1,100000,100000,range_tree,sampling,300000,0,1,1,2519.76,6.33447e+06,1,0,0,0,,0,"{""build_ms"":101.869289,""build_events_ms"":34.481643,""build_range_trees_ms"":34.858015,""build_rank_arrays_ms"":31.126740,""build_start_index_ms"":1.360102,""phase1_count_ms"":1196.833403,""phase2_alias_ms"":1221.052274,""phase3_sweep_ms"":1193.296836,""run_build_ms"":101.870099,""run_count_ms"":1196.836503,""run_sample_ms"":1221.053384}",,"{""dataset"":{""source"":""synthetic"",""name"":""uniform_t__nr100000__ns100000__a1_000ep00__g1"",""dim"":2,""path_r"":"""",""path_s"":"""",""synthetic"":{""generator"":""uniform"",""n_r"":100000,""n_s"":100000,""alpha"":1,""seed"":1}},""run"":{""method"":""range_tree"",""variant"":""sampling"",""t"":300000,""seed"":1,""repeats"":3,""j_star"":1000000,""enum_cap"":0,""write_samples"":false,""verify"":false},""output"":{""out_dir"":""run/temp/exp5/uniform_t"",""run_tag"":""exp5_uniform_t""},""sys"":{""threads"":1},""logging"":{""level"":""INFO"",""with_timestamp"":true,""with_thread_id"":false}}","{""generator"":""uniform"",""dataset"":""uniform_t__nr100000__ns100000__a1_000ep00__g1"",""n_r"":100000,""n_s"":100000,""has_exact_k"":false,""k_target"":0,""k_achieved"":0,""alpha_target"":1,""alpha_achieved"":nan,""notes"":""w_min_r=0.005, w_max_r=0.02, w_min_s=0.005, w_max_s=0.02, same_size_all_dims=0""}"
uniform_t__nr100000__ns100000__a1_000ep00__g1,uniform,1,100000,100000,range_tree,sampling,300000,1,2,1,2522.37,6.33447e+06,1,0,0,0,,0,"{""build_ms"":100.881399,""build_events_ms"":34.487632,""build_range_trees_ms"":33.799046,""build_rank_arrays_ms"":31.158239,""build_start_index_ms"":1.388462,""phase1_count_ms"":1200.094769,""phase2_alias_ms"":1221.382128,""phase3_sweep_ms"":1193.585940,""run_build_ms"":100.882098,""run_count_ms"":1200.097909,""run_sample_ms"":1221.383108}",,"{""dataset"":{""source"":""synthetic"",""name"":""uniform_t__nr100000__ns100000__a1_000ep00__g1"",""dim"":2,""path_r"":"""",""path_s"":"""",""synthetic"":{""generator"":""uniform"",""n_r"":100000,""n_s"":100000,""alpha"":1,""seed"":1}},""run"":{""method"":""range_tree"",""variant"":""sampling"",""t"":300000,""seed"":1,""repeats"":3,""j_star"":1000000,""enum_cap"":0,""write_samples"":false,""verify"":false},""output"":{""out_dir"":""run/temp/exp5/uniform_t"",""run_tag"":""exp5_uniform_t""},""sys"":{""threads"":1},""logging"":{""level"":""INFO"",""with_timestamp"":true,""with_thread_id"":false}}","{""generator"":""uniform"",""dataset"":""uniform_t__nr100000__ns100000__a1_000ep00__g1"",""n_r"":100000,""n_s"":100000,""has_exact_k"":false,""k_target"":0,""k_achieved"":0,""alpha_target"":1,""alpha_achieved"":nan,""notes"":""w_min_r=0.005, w_max_r=0.02, w_min_s=0.005, w_max_s=0.02, same_size_all_dims=0""}"
uniform_t__nr100000__ns100000__a1_000ep00__g1,uniform,1,100000,100000,range_tree,sampling,300000,2,3,1,2522.94,6.33447e+06,1,0,0,0,,0,"{""build_ms"":100.757272,""build_events_ms"":34.473293,""build_range_trees_ms"":33.750647,""build_rank_arrays_ms"":31.114311,""build_start_index_ms"":1.370752,""phase1_count_ms"":1200.316075,""phase2_alias_ms"":1221.853319,""phase3_sweep_ms"":1194.151670,""run_build_ms"":100.757842,""run_count_ms"":1200.318325,""run_sample_ms"":1221.857169}",,"{""dataset"":{""source"":""synthetic"",""name"":""uniform_t__nr100000__ns100000__a1_000ep00__g1"",""dim"":2,""path_r"":"""",""path_s"":"""",""synthetic"":{""generator"":""uniform"",""n_r"":100000,""n_s"":100000,""alpha"":1,""seed"":1}},""run"":{""method"":""range_tree"",""variant"":""sampling"",""t"":300000,""seed"":1,""repeats"":3,""j_star"":1000000,""enum_cap"":0,""write_samples"":false,""verify"":false},""output"":{""out_dir"":""run/temp/exp5/uniform_t"",""run_tag"":""exp5_uniform_t""},""sys"":{""threads"":1},""logging"":{""level"":""INFO"",""with_timestamp"":true,""with_thread_id"":false}}","{""generator"":""uniform"",""dataset"":""uniform_t__nr100000__ns100000__a1_000ep00__g1"",""n_r"":100000,""n_s"":100000,""has_exact_k"":false,""k_target"":0,""k_achieved"":0,""alpha_target"":1,""alpha_achieved"":nan,""notes"":""w_min_r=0.005, w_max_r=0.02, w_min_s=0.005, w_max_s=0.02, same_size_all_dims=0""}"
uniform_t__nr100000__ns100000__a1_000ep00__g1,uniform,1,100000,100000,range_tree,adaptive,300000,0,1,1,3108.4,6.33447e+06,1,0,1,0,fallback_sampling,1000001,"{""adaptive_count_ms"":1313.491156,""build_ms"":102.060934,""build_events_ms"":34.523881,""build_range_trees_ms"":34.946813,""build_rank_arrays_ms"":31.186629,""build_start_index_ms"":1.356792,""enumerate_prepare_ms"":100.670234,""phase2_alias_ms"":1226.880529,""phase3_sweep_ms"":1194.790509,""run_build_ms"":102.061595,""run_fallback_count_ms"":1313.493956,""run_fallback_sample_ms"":1226.885059,""run_pilot_enum_prepare_ms"":100.673633,""run_pilot_enum_scan_ms"":365.268960}",,"{""dataset"":{""source"":""synthetic"",""name"":""uniform_t__nr100000__ns100000__a1_000ep00__g1"",""dim"":2,""path_r"":"""",""path_s"":"""",""synthetic"":{""generator"":""uniform"",""n_r"":100000,""n_s"":100000,""alpha"":1,""seed"":1}},""run"":{""method"":""range_tree"",""variant"":""adaptive"",""t"":300000,""seed"":1,""repeats"":3,""j_star"":1000000,""enum_cap"":0,""write_samples"":false,""verify"":false},""output"":{""out_dir"":""run/temp/exp5/uniform_t"",""run_tag"":""exp5_uniform_t""},""sys"":{""threads"":1},""logging"":{""level"":""INFO"",""with_timestamp"":true,""with_thread_id"":false}}","{""generator"":""uniform"",""dataset"":""uniform_t__nr100000__ns100000__a1_000ep00__g1"",""n_r"":100000,""n_s"":100000,""has_exact_k"":false,""k_target"":0,""k_achieved"":0,""alpha_target"":1,""alpha_achieved"":nan,""notes"":""w_min_r=0.005, w_max_r=0.02, w_min_s=0.005, w_max_s=0.02, same_size_all_dims=0""}"
uniform_t__nr100000__ns100000__a1_000ep00__g1,uniform,1,100000,100000,range_tree,adaptive,300000,1,2,1,3105.95,6.33447e+06,1,0,1,0,fallback_sampling,1000001,"{""adaptive_count_ms"":1311.626685,""build_ms"":100.846210,""build_events_ms"":34.513522,""build_range_trees_ms"":33.715828,""build_rank_arrays_ms"":31.199679,""build_start_index_ms"":1.368772,""enumerate_prepare_ms"":100.671724,""phase2_alias_ms"":1227.980938,""phase3_sweep_ms"":1199.550493,""run_build_ms"":100.846749,""run_fallback_count_ms"":1311.629975,""run_fallback_sample_ms"":1227.984838,""run_pilot_enum_prepare_ms"":100.675113,""run_pilot_enum_scan_ms"":364.798281}",,"{""dataset"":{""source"":""synthetic"",""name"":""uniform_t__nr100000__ns100000__a1_000ep00__g1"",""dim"":2,""path_r"":"""",""path_s"":"""",""synthetic"":{""generator"":""uniform"",""n_r"":100000,""n_s"":100000,""alpha"":1,""seed"":1}},""run"":{""method"":""range_tree"",""variant"":""adaptive"",""t"":300000,""seed"":1,""repeats"":3,""j_star"":1000000,""enum_cap"":0,""write_samples"":false,""verify"":false},""output"":{""out_dir"":""run/temp/exp5/uniform_t"",""run_tag"":""exp5_uniform_t""},""sys"":{""threads"":1},""logging"":{""level"":""INFO"",""with_timestamp"":true,""with_thread_id"":false}}","{""generator"":""uniform"",""dataset"":""uniform_t__nr100000__ns100000__a1_000ep00__g1"",""n_r"":100000,""n_s"":100000,""has_exact_k"":false,""k_target"":0,""k_achieved"":0,""alpha_target"":1,""alpha_achieved"":nan,""notes"":""w_min_r=0.005, w_max_r=0.02, w_min_s=0.005, w_max_s=0.02, same_size_all_dims=0""}"
uniform_t__nr100000__ns100000__a1_000ep00__g1,uniform,1,100000,100000,range_tree,adaptive,300000,2,3,1,3100.54,6.33447e+06,1,0,1,0,fallback_sampling,1000001,"{""adaptive_count_ms"":1311.435331,""build_ms"":100.771001,""build_events_ms"":34.496452,""build_range_trees_ms"":33.681829,""build_rank_arrays_ms"":31.167199,""build_start_index_ms"":1.377472,""enumerate_prepare_ms"":100.719733,""phase2_alias_ms"":1221.596968,""phase3_sweep_ms"":1193.209923,""run_build_ms"":100.771642,""run_fallback_count_ms"":1311.438371,""run_fallback_sample_ms"":1221.601428,""run_pilot_enum_prepare_ms"":100.722782,""run_pilot_enum_scan_ms"":365.992676}",,"{""dataset"":{""source"":""synthetic"",""name"":""uniform_t__nr100000__ns100000__a1_000ep00__g1"",""dim"":2,""path_r"":"""",""path_s"":"""",""synthetic"":{""generator"":""uniform"",""n_r"":100000,""n_s"":100000,""alpha"":1,""seed"":1}},""run"":{""method"":""range_tree"",""variant"":""adaptive"",""t"":300000,""seed"":1,""repeats"":3,""j_star"":1000000,""enum_cap"":0,""write_samples"":false,""verify"":false},""output"":{""out_dir"":""run/temp/exp5/uniform_t"",""run_tag"":""exp5_uniform_t""},""sys"":{""threads"":1},""logging"":{""level"":""INFO"",""with_timestamp"":true,""with_thread_id"":false}}","{""generator"":""uniform"",""dataset"":""uniform_t__nr100000__ns100000__a1_000ep00__g1"",""n_r"":100000,""n_s"":100000,""has_exact_k"":false,""k_target"":0,""k_achieved"":0,""alpha_target"":1,""alpha_achieved"":nan,""notes"":""w_min_r=0.005, w_max_r=0.02, w_min_s=0.005, w_max_s=0.02, same_size_all_dims=0""}"
uniform_t__nr100000__ns100000__a1_000ep00__g1,uniform,1,100000,100000,pbsm,sampling,300000,0,1,1,553.447,6.33447e+06,1,0,0,0,,0,"{""build_ms"":21.782619,""pbsm_build_ms"":21.782199,""pbsm_count_pass1_ms"":245.549093,""pbsm_partitions_stripes_ms"":21.438046,""pbsm_sample_draw_ranks_ms"":19.193491,""pbsm_sample_pass2_select_ms"":266.731414,""run_build_ms"":21.783039,""run_count_ms"":245.552683,""run_sample_ms"":286.108982}",,"{""dataset"":{""source"":""synthetic"",""name"":""uniform_t__nr100000__ns100000__a1_000ep00__g1"",""dim"":2,""path_r"":"""",""path_s"":"""",""synthetic"":{""generator"":""uniform"",""n_r"":100000,""n_s"":100000,""alpha"":1,""seed"":1}},""run"":{""method"":""pbsm"",""variant"":""sampling"",""t"":300000,""seed"":1,""repeats"":3,""j_star"":1000000,""enum_cap"":0,""write_samples"":false,""verify"":false},""output"":{""out_dir"":""run/temp/exp5/uniform_t"",""run_tag"":""exp5_uniform_t""},""sys"":{""threads"":1},""logging"":{""level"":""INFO"",""with_timestamp"":true,""with_thread_id"":false}}","{""generator"":""uniform"",""dataset"":""uniform_t__nr100000__ns100000__a1_000ep00__g1"",""n_r"":100000,""n_s"":100000,""has_exact_k"":false,""k_target"":0,""k_achieved"":0,""alpha_target"":1,""alpha_achieved"":nan,""notes"":""w_min_r=0.005, w_max_r=0.02, w_min_s=0.005, w_max_s=0.02, same_size_all_dims=0""}"
uniform_t__nr100000__ns100000__a1_000ep00__g1,uniform,1,100000,100000,pbsm,sampling,300000,1,2,1,552.587,6.33447e+06,1,0,0,0,,0,"{""build_ms"":21.401627,""pbsm_build_ms"":21.400907,""pbsm_count_pass1_ms"":243.611152,""pbsm_partitions_stripes_ms"":21.057124,""pbsm_sample_draw_ranks_ms"":18.906087,""pbsm_sample_pass2_select_ms"":268.488519,""run_build_ms"":21.402067,""run_count_ms"":243.613822,""run_sample_ms"":287.565983}",,"{""dataset"":{""source"":""synthetic"",""name"":""uniform_t__nr100000__ns100000__a1_000ep00__g1"",""dim"":2,""path_r"":"""",""path_s"":"""",""synthetic"":{""generator"":""uniform"",""n_r"":100000,""n_s"":100000,""alpha"":1,""seed"":1}},""run"":{""method"":""pbsm"",""variant"":""sampling"",""t"":300000,""seed"":1,""repeats"":3,""j_star"":1000000,""enum_cap"":0,""write_samples"":false,""verify"":false},""output"":{""out_dir"":""run/temp/exp5/uniform_t"",""run_tag"":""exp5_uniform_t""},""sys"":{""threads"":1},""logging"":{""level"":""INFO"",""with_timestamp"":true,""with_thread_id"":false}}","{""generator"":""uniform"",""dataset"":""uniform_t__nr100000__ns100000__a1_000ep00__g1"",""n_r"":100000,""n_s"":100000,""has_exact_k"":false,""k_target"":0,""k_achieved"":0,""alpha_target"":1,""alpha_achieved"":nan,""notes"":""w_min_r=0.005, w_max_r=0.02, w_min_s=0.005, w_max_s=0.02, same_size_all_dims=0""}"
uniform_t__nr100000__ns100000__a1_000ep00__g1,uniform,1,100000,100000,pbsm,sampling,300000,2,3,1,552.614,6.33447e+06,1,0,0,0,,0,"{""build_ms"":21.385857,""pbsm_build_ms"":21.385478,""pbsm_count_pass1_ms"":243.604653,""pbsm_partitions_stripes_ms"":21.040834,""pbsm_sample_draw_ranks_ms"":19.053145,""pbsm_sample_pass2_select_ms"":268.388921,""run_build_ms"":21.386218,""run_count_ms"":243.608042,""run_sample_ms"":287.614121}",,"{""dataset"":{""source"":""synthetic"",""name"":""uniform_t__nr100000__ns100000__a1_000ep00__g1"",""dim"":2,""path_r"":"""",""path_s"":"""",""synthetic"":{""generator"":""uniform"",""n_r"":100000,""n_s"":100000,""alpha"":1,""seed"":1}},""run"":{""method"":""pbsm"",""variant"":""sampling"",""t"":300000,""seed"":1,""repeats"":3,""j_star"":1000000,""enum_cap"":0,""write_samples"":false,""verify"":false},""output"":{""out_dir"":""run/temp/exp5/uniform_t"",""run_tag"":""exp5_uniform_t""},""sys"":{""threads"":1},""logging"":{""level"":""INFO"",""with_timestamp"":true,""with_thread_id"":false}}","{""generator"":""uniform"",""dataset"":""uniform_t__nr100000__ns100000__a1_000ep00__g1"",""n_r"":100000,""n_s"":100000,""has_exact_k"":false,""k_target"":0,""k_achieved"":0,""alpha_target"":1,""alpha_achieved"":nan,""notes"":""w_min_r=0.005, w_max_r=0.02, w_min_s=0.005, w_max_s=0.02, same_size_all_dims=0""}"
uniform_t__nr100000__ns100000__a1_000ep00__g1,uniform,1,100000,100000,pbsm,adaptive,300000,0,1,1,593.669,6.33447e+06,1,0,1,0,fallback_sampling,1000001,"{""build_ms"":21.343608,""enumerate_prepare_ms"":0.000280,""pbsm_adaptive_pass1_ms"":248.268788,""pbsm_adaptive_sample_large_ms"":286.239369,""pbsm_build_ms"":21.343118,""pbsm_partitions_stripes_ms"":21.002985,""run_build_ms"":21.344038,""run_fallback_count_ms"":248.273468,""run_fallback_sample_ms"":286.244990,""run_pilot_enum_prepare_ms"":0.000710,""run_pilot_enum_scan_ms"":37.793516}",,"{""dataset"":{""source"":""synthetic"",""name"":""uniform_t__nr100000__ns100000__a1_000ep00__g1"",""dim"":2,""path_r"":"""",""path_s"":"""",""synthetic"":{""generator"":""uniform"",""n_r"":100000,""n_s"":100000,""alpha"":1,""seed"":1}},""run"":{""method"":""pbsm"",""variant"":""adaptive"",""t"":300000,""seed"":1,""repeats"":3,""j_star"":1000000,""enum_cap"":0,""write_samples"":false,""verify"":false},""output"":{""out_dir"":""run/temp/exp5/uniform_t"",""run_tag"":""exp5_uniform_t""},""sys"":{""threads"":1},""logging"":{""level"":""INFO"",""with_timestamp"":true,""with_thread_id"":false}}","{""generator"":""uniform"",""dataset"":""uniform_t__nr100000__ns100000__a1_000ep00__g1"",""n_r"":100000,""n_s"":100000,""has_exact_k"":false,""k_target"":0,""k_achieved"":0,""alpha_target"":1,""alpha_achieved"":nan,""notes"":""w_min_r=0.005, w_max_r=0.02, w_min_s=0.005, w_max_s=0.02, same_size_all_dims=0""}"
uniform_t__nr100000__ns100000__a1_000ep00__g1,uniform,1,100000,100000,pbsm,adaptive,300000,1,2,1,593.981,6.33447e+06,1,0,1,0,fallback_sampling,1000001,"{""build_ms"":21.329339,""enumerate_prepare_ms"":0.000270,""pbsm_adaptive_pass1_ms"":247.922555,""pbsm_adaptive_sample_large_ms"":286.919106,""pbsm_build_ms"":21.328869,""pbsm_partitions_stripes_ms"":20.984076,""run_build_ms"":21.330019,""run_fallback_count_ms"":247.924745,""run_fallback_sample_ms"":286.924886,""run_pilot_enum_prepare_ms"":0.000690,""run_pilot_enum_scan_ms"":37.787315}",,"{""dataset"":{""source"":""synthetic"",""name"":""uniform_t__nr100000__ns100000__a1_000ep00__g1"",""dim"":2,""path_r"":"""",""path_s"":"""",""synthetic"":{""generator"":""uniform"",""n_r"":100000,""n_s"":100000,""alpha"":1,""seed"":1}},""run"":{""method"":""pbsm"",""variant"":""adaptive"",""t"":300000,""seed"":1,""repeats"":3,""j_star"":1000000,""enum_cap"":0,""write_samples"":false,""verify"":false},""output"":{""out_dir"":""run/temp/exp5/uniform_t"",""run_tag"":""exp5_uniform_t""},""sys"":{""threads"":1},""logging"":{""level"":""INFO"",""with_timestamp"":true,""with_thread_id"":false}}","{""generator"":""uniform"",""dataset"":""uniform_t__nr100000__ns100000__a1_000ep00__g1"",""n_r"":100000,""n_s"":100000,""has_exact_k"":false,""k_target"":0,""k_achieved"":0,""alpha_target"":1,""alpha_achieved"":nan,""notes"":""w_min_r=0.005, w_max_r=0.02, w_min_s=0.005, w_max_s=0.02, same_size_all_dims=0""}"
uniform_t__nr100000__ns100000__a1_000ep00__g1,uniform,1,100000,100000,pbsm,adaptive,300000,2,3,1,594.375,6.33447e+06,1,0,1,0,fallback_sampling,1000001,"{""build_ms"":21.325688,""enumerate_prepare_ms"":0.000230,""pbsm_adaptive_pass1_ms"":248.247678,""pbsm_adaptive_sample_large_ms"":286.895457,""pbsm_build_ms"":21.325348,""pbsm_partitions_stripes_ms"":20.981555,""run_build_ms"":21.325978,""run_fallback_count_ms"":248.252358,""run_fallback_sample_ms"":286.900167,""run_pilot_enum_prepare_ms"":0.000540,""run_pilot_enum_scan_ms"":37.883834}",,"{""dataset"":{""source"":""synthetic"",""name"":""uniform_t__nr100000__ns100000__a1_000ep00__g1"",""dim"":2,""path_r"":"""",""path_s"":"""",""synthetic"":{""generator"":""uniform"",""n_r"":100000,""n_s"":100000,""alpha"":1,""seed"":1}},""run"":{""method"":""pbsm"",""variant"":""adaptive"",""t"":300000,""seed"":1,""repeats"":3,""j_star"":1000000,""enum_cap"":0,""write_samples"":false,""verify"":false},""output"":{""out_dir"":""run/temp/exp5/uniform_t"",""run_tag"":""exp5_uniform_t""},""sys"":{""threads"":1},""logging"":{""level"":""INFO"",""with_timestamp"":true,""with_thread_id"":false}}","{""generator"":""uniform"",""dataset"":""uniform_t__nr100000__ns100000__a1_000ep00__g1"",""n_r"":100000,""n_s"":100000,""has_exact_k"":false,""k_target"":0,""k_achieved"":0,""alpha_target"":1,""alpha_achieved"":nan,""notes"":""w_min_r=0.005, w_max_r=0.02, w_min_s=0.005, w_max_s=0.02, same_size_all_dims=0""}"
uniform_t__nr100000__ns100000__a1_000ep00__g1,uniform,1,100000,100000,tlsop,sampling,300000,0,1,1,271.751,6.33447e+06,1,0,0,0,,0,"{""build_ms"":29.463024,""run_build_ms"":29.463834,""run_count_ms"":107.019575,""run_sample_ms"":135.263834,""tlsop_alloc_tiles_ms"":0.060489,""tlsop_build_ms"":29.462224,""tlsop_build_edges_ms"":0.000530,""tlsop_count_pass1_ms"":107.016825,""tlsop_pass1_count_caps_ms"":5.761534,""tlsop_pass1_reserve_ms"":0.471150,""tlsop_pass2_fill_ms"":7.551617,""tlsop_sample_draw_ranks_ms"":19.071905,""tlsop_sample_pass2_select_ms"":116.017592,""tlsop_sort_lists_ms"":15.604374}",,"{""dataset"":{""source"":""synthetic"",""name"":""uniform_t__nr100000__ns100000__a1_000ep00__g1"",""dim"":2,""path_r"":"""",""path_s"":"""",""synthetic"":{""generator"":""uniform"",""n_r"":100000,""n_s"":100000,""alpha"":1,""seed"":1}},""run"":{""method"":""tlsop"",""variant"":""sampling"",""t"":300000,""seed"":1,""repeats"":3,""j_star"":1000000,""enum_cap"":0,""write_samples"":false,""verify"":false},""output"":{""out_dir"":""run/temp/exp5/uniform_t"",""run_tag"":""exp5_uniform_t""},""sys"":{""threads"":1},""logging"":{""level"":""INFO"",""with_timestamp"":true,""with_thread_id"":false}}","{""generator"":""uniform"",""dataset"":""uniform_t__nr100000__ns100000__a1_000ep00__g1"",""n_r"":100000,""n_s"":100000,""has_exact_k"":false,""k_target"":0,""k_achieved"":0,""alpha_target"":1,""alpha_achieved"":nan,""notes"":""w_min_r=0.005, w_max_r=0.02, w_min_s=0.005, w_max_s=0.02, same_size_all_dims=0""}"
uniform_t__nr100000__ns100000__a1_000ep00__g1,uniform,1,100000,100000,tlsop,sampling,300000,1,2,1,276.267,6.33447e+06,1,0,0,0,,0,"{""build_ms"":29.902426,""run_build_ms"":29.903276,""run_count_ms"":110.833438,""run_sample_ms"":135.132347,""tlsop_alloc_tiles_ms"":0.061569,""tlsop_build_ms"":29.901676,""tlsop_build_edges_ms"":0.000840,""tlsop_count_pass1_ms"":110.829567,""tlsop_pass1_count_caps_ms"":5.762263,""tlsop_pass1_reserve_ms"":0.442471,""tlsop_pass2_fill_ms"":7.573857,""tlsop_sample_draw_ranks_ms"":18.852729,""tlsop_sample_pass2_select_ms"":116.106732,""tlsop_sort_lists_ms"":15.603625}",,"{""dataset"":{""source"":""synthetic"",""name"":""uniform_t__nr100000__ns100000__a1_000ep00__g1"",""dim"":2,""path_r"":"""",""path_s"":"""",""synthetic"":{""generator"":""uniform"",""n_r"":100000,""n_s"":100000,""alpha"":1,""seed"":1}},""run"":{""method"":""tlsop"",""variant"":""sampling"",""t"":300000,""seed"":1,""repeats"":3,""j_star"":1000000,""enum_cap"":0,""write_samples"":false,""verify"":false},""output"":{""out_dir"":""run/temp/exp5/uniform_t"",""run_tag"":""exp5_uniform_t""},""sys"":{""threads"":1},""logging"":{""level"":""INFO"",""with_timestamp"":true,""with_thread_id"":false}}","{""generator"":""uniform"",""dataset"":""uniform_t__nr100000__ns100000__a1_000ep00__g1"",""n_r"":100000,""n_s"":100000,""has_exact_k"":false,""k_target"":0,""k_achieved"":0,""alpha_target"":1,""alpha_achieved"":nan,""notes"":""w_min_r=0.005, w_max_r=0.02, w_min_s=0.005, w_max_s=0.02, same_size_all_dims=0""}"
uniform_t__nr100000__ns100000__a1_000ep00__g1,uniform,1,100000,100000,tlsop,sampling,300000,2,3,1,272.815,6.33447e+06,1,0,0,0,,0,"{""build_ms"":29.951024,""run_build_ms"":29.951494,""run_count_ms"":107.132603,""run_sample_ms"":135.319603,""tlsop_alloc_tiles_ms"":0.061819,""tlsop_build_ms"":29.949994,""tlsop_build_edges_ms"":0.000920,""tlsop_count_pass1_ms"":107.129163,""tlsop_pass1_count_caps_ms"":5.761163,""tlsop_pass1_reserve_ms"":0.439311,""tlsop_pass2_fill_ms"":7.569977,""tlsop_sample_draw_ranks_ms"":19.094693,""tlsop_sample_pass2_select_ms"":116.052303,""tlsop_sort_lists_ms"":15.663483}",,"{""dataset"":{""source"":""synthetic"",""name"":""uniform_t__nr100000__ns100000__a1_000ep00__g1"",""dim"":2,""path_r"":"""",""path_s"":"""",""synthetic"":{""generator"":""uniform"",""n_r"":100000,""n_s"":100000,""alpha"":1,""seed"":1}},""run"":{""method"":""tlsop"",""variant"":""sampling"",""t"":300000,""seed"":1,""repeats"":3,""j_star"":1000000,""enum_cap"":0,""write_samples"":false,""verify"":false},""output"":{""out_dir"":""run/temp/exp5/uniform_t"",""run_tag"":""exp5_uniform_t""},""sys"":{""threads"":1},""logging"":{""level"":""INFO"",""with_timestamp"":true,""with_thread_id"":false}}","{""generator"":""uniform"",""dataset"":""uniform_t__nr100000__ns100000__a1_000ep00__g1"",""n_r"":100000,""n_s"":100000,""has_exact_k"":false,""k_target"":0,""k_achieved"":0,""alpha_target"":1,""alpha_achieved"":nan,""notes"":""w_min_r=0.005, w_max_r=0.02, w_min_s=0.005, w_max_s=0.02, same_size_all_dims=0""}"
uniform_t__nr100000__ns100000__a1_000ep00__g1,uniform,1,100000,100000,tlsop,adaptive,300000,0,1,1,293.024,6.33447e+06,1,0,1,0,fallback_sampling,1000001,"{""build_ms"":29.417745,""enumerate_prepare_ms"":0.012670,""run_build_ms"":29.418355,""run_fallback_count_ms"":109.981035,""run_fallback_sample_ms"":135.446340,""run_pilot_enum_prepare_ms"":0.013430,""run_pilot_enum_scan_ms"":18.156203,""tlsop_adaptive_pass1_ms"":109.974735,""tlsop_adaptive_sample_large_ms"":135.439910,""tlsop_alloc_tiles_ms"":0.059139,""tlsop_build_ms"":29.416585,""tlsop_build_edges_ms"":0.000390,""tlsop_pass1_count_caps_ms"":5.755833,""tlsop_pass1_reserve_ms"":0.440151,""tlsop_pass2_fill_ms"":7.572907,""tlsop_sort_lists_ms"":15.576705}",,"{""dataset"":{""source"":""synthetic"",""name"":""uniform_t__nr100000__ns100000__a1_000ep00__g1"",""dim"":2,""path_r"":"""",""path_s"":"""",""synthetic"":{""generator"":""uniform"",""n_r"":100000,""n_s"":100000,""alpha"":1,""seed"":1}},""run"":{""method"":""tlsop"",""variant"":""adaptive"",""t"":300000,""seed"":1,""repeats"":3,""j_star"":1000000,""enum_cap"":0,""write_samples"":false,""verify"":false},""output"":{""out_dir"":""run/temp/exp5/uniform_t"",""run_tag"":""exp5_uniform_t""},""sys"":{""threads"":1},""logging"":{""level"":""INFO"",""with_timestamp"":true,""with_thread_id"":false}}","{""generator"":""uniform"",""dataset"":""uniform_t__nr100000__ns100000__a1_000ep00__g1"",""n_r"":100000,""n_s"":100000,""has_exact_k"":false,""k_target"":0,""k_achieved"":0,""alpha_target"":1,""alpha_achieved"":nan,""notes"":""w_min_r=0.005, w_max_r=0.02, w_min_s=0.005, w_max_s=0.02, same_size_all_dims=0""}"
uniform_t__nr100000__ns100000__a1_000ep00__g1,uniform,1,100000,100000,tlsop,adaptive,300000,1,2,1,293.953,6.33447e+06,1,0,1,0,fallback_sampling,1000001,"{""build_ms"":29.917105,""enumerate_prepare_ms"":0.012320,""run_build_ms"":29.917815,""run_fallback_count_ms"":110.236400,""run_fallback_sample_ms"":135.183635,""run_pilot_enum_prepare_ms"":0.012899,""run_pilot_enum_scan_ms"":18.190533,""tlsop_adaptive_pass1_ms"":110.230460,""tlsop_adaptive_sample_large_ms"":135.177605,""tlsop_alloc_tiles_ms"":0.061629,""tlsop_build_ms"":29.916335,""tlsop_build_edges_ms"":0.000630,""tlsop_pass1_count_caps_ms"":5.744594,""tlsop_pass1_reserve_ms"":0.440911,""tlsop_pass2_fill_ms"":7.548257,""tlsop_sort_lists_ms"":15.637754}",,"{""dataset"":{""source"":""synthetic"",""name"":""uniform_t__nr100000__ns100000__a1_000ep00__g1"",""dim"":2,""path_r"":"""",""path_s"":"""",""synthetic"":{""generator"":""uniform"",""n_r"":100000,""n_s"":100000,""alpha"":1,""seed"":1}},""run"":{""method"":""tlsop"",""variant"":""adaptive"",""t"":300000,""seed"":1,""repeats"":3,""j_star"":1000000,""enum_cap"":0,""write_samples"":false,""verify"":false},""output"":{""out_dir"":""run/temp/exp5/uniform_t"",""run_tag"":""exp5_uniform_t""},""sys"":{""threads"":1},""logging"":{""level"":""INFO"",""with_timestamp"":true,""with_thread_id"":false}}","{""generator"":""uniform"",""dataset"":""uniform_t__nr100000__ns100000__a1_000ep00__g1"",""n_r"":100000,""n_s"":100000,""has_exact_k"":false,""k_target"":0,""k_achieved"":0,""alpha_target"":1,""alpha_achieved"":nan,""notes"":""w_min_r=0.005, w_max_r=0.02, w_min_s=0.005, w_max_s=0.02, same_size_all_dims=0""}"
uniform_t__nr100000__ns100000__a1_000ep00__g1,uniform,1,100000,100000,tlsop,adaptive,300000,2,3,1,294.181,6.33447e+06,1,0,1,0,fallback_sampling,1000001,"{""build_ms"":29.896115,""enumerate_prepare_ms"":0.012030,""run_build_ms"":29.896825,""run_fallback_count_ms"":110.202821,""run_fallback_sample_ms"":135.482840,""run_pilot_enum_prepare_ms"":0.012740,""run_pilot_enum_scan_ms"":18.177613,""tlsop_adaptive_pass1_ms"":110.197881,""tlsop_adaptive_sample_large_ms"":135.476720,""tlsop_alloc_tiles_ms"":0.061999,""tlsop_build_ms"":29.895135,""tlsop_build_edges_ms"":0.000660,""tlsop_pass1_count_caps_ms"":5.760144,""tlsop_pass1_reserve_ms"":0.440901,""tlsop_pass2_fill_ms"":7.560287,""tlsop_sort_lists_ms"":15.591714}",,"{""dataset"":{""source"":""synthetic"",""name"":""uniform_t__nr100000__ns100000__a1_000ep00__g1"",""dim"":2,""path_r"":"""",""path_s"":"""",""synthetic"":{""generator"":""uniform"",""n_r"":100000,""n_s"":100000,""alpha"":1,""seed"":1}},""run"":{""method"":""tlsop"",""variant"":""adaptive"",""t"":300000,""seed"":1,""repeats"":3,""j_star"":1000000,""enum_cap"":0,""write_samples"":false,""verify"":false},""output"":{""out_dir"":""run/temp/exp5/uniform_t"",""run_tag"":""exp5_uniform_t""},""sys"":{""threads"":1},""logging"":{""level"":""INFO"",""with_timestamp"":true,""with_thread_id"":false}}","{""generator"":""uniform"",""dataset"":""uniform_t__nr100000__ns100000__a1_000ep00__g1"",""n_r"":100000,""n_s"":100000,""has_exact_k"":false,""k_target"":0,""k_achieved"":0,""alpha_target"":1,""alpha_achieved"":nan,""notes"":""w_min_r=0.005, w_max_r=0.02, w_min_s=0.005, w_max_s=0.02, same_size_all_dims=0""}"
uniform_t__nr100000__ns100000__a1_000ep00__g1,uniform,1,100000,100000,sirs,sampling,300000,0,1,1,1086.38,6.33447e+06,1,0,0,0,,0,"{""build_ms"":122.250307,""count_ms"":341.142750,""run_build_ms"":122.251117,""run_count_ms"":341.145460,""run_sample_ms"":622.975578,""sample_ms"":622.973508,""sirs_build_index_ms"":122.249607,""sirs_build_kd_ms"":11.128754,""sirs_embed_inner_ms"":56.043667,""sirs_phase1_degrees_ms"":341.140290,""sirs_rank_axes_ms"":55.070826}",,"{""dataset"":{""source"":""synthetic"",""name"":""uniform_t__nr100000__ns100000__a1_000ep00__g1"",""dim"":2,""path_r"":"""",""path_s"":"""",""synthetic"":{""generator"":""uniform"",""n_r"":100000,""n_s"":100000,""alpha"":1,""seed"":1}},""run"":{""method"":""sirs"",""variant"":""sampling"",""t"":300000,""seed"":1,""repeats"":3,""j_star"":1000000,""enum_cap"":0,""write_samples"":false,""verify"":false},""output"":{""out_dir"":""run/temp/exp5/uniform_t"",""run_tag"":""exp5_uniform_t""},""sys"":{""threads"":1},""logging"":{""level"":""INFO"",""with_timestamp"":true,""with_thread_id"":false}}","{""generator"":""uniform"",""dataset"":""uniform_t__nr100000__ns100000__a1_000ep00__g1"",""n_r"":100000,""n_s"":100000,""has_exact_k"":false,""k_target"":0,""k_achieved"":0,""alpha_target"":1,""alpha_achieved"":nan,""notes"":""w_min_r=0.005, w_max_r=0.02, w_min_s=0.005, w_max_s=0.02, same_size_all_dims=0""}"
uniform_t__nr100000__ns100000__a1_000ep00__g1,uniform,1,100000,100000,sirs,sampling,300000,1,2,1,1085.98,6.33447e+06,1,0,0,0,,0,"{""build_ms"":122.015852,""count_ms"":341.031893,""run_build_ms"":122.016362,""run_count_ms"":341.032922,""run_sample_ms"":622.932710,""sample_ms"":622.930380,""sirs_build_index_ms"":122.015022,""sirs_build_kd_ms"":11.162865,""sirs_embed_inner_ms"":56.119224,""sirs_phase1_degrees_ms"":341.029462,""sirs_rank_axes_ms"":54.725834}",,"{""dataset"":{""source"":""synthetic"",""name"":""uniform_t__nr100000__ns100000__a1_000ep00__g1"",""dim"":2,""path_r"":"""",""path_s"":"""",""synthetic"":{""generator"":""uniform"",""n_r"":100000,""n_s"":100000,""alpha"":1,""seed"":1}},""run"":{""method"":""sirs"",""variant"":""sampling"",""t"":300000,""seed"":1,""repeats"":3,""j_star"":1000000,""enum_cap"":0,""write_samples"":false,""verify"":false},""output"":{""out_dir"":""run/temp/exp5/uniform_t"",""run_tag"":""exp5_uniform_t""},""sys"":{""threads"":1},""logging"":{""level"":""INFO"",""with_timestamp"":true,""with_thread_id"":false}}","{""generator"":""uniform"",""dataset"":""uniform_t__nr100000__ns100000__a1_000ep00__g1"",""n_r"":100000,""n_s"":100000,""has_exact_k"":false,""k_target"":0,""k_achieved"":0,""alpha_target"":1,""alpha_achieved"":nan,""notes"":""w_min_r=0.005, w_max_r=0.02, w_min_s=0.005, w_max_s=0.02, same_size_all_dims=0""}"
uniform_t__nr100000__ns100000__a1_000ep00__g1,uniform,1,100000,100000,sirs,sampling,300000,2,3,1,1092.52,6.33447e+06,1,0,0,0,,0,"{""build_ms"":121.970193,""count_ms"":344.924123,""run_build_ms"":121.970863,""run_count_ms"":344.925664,""run_sample_ms"":625.621195,""sample_ms"":625.617936,""sirs_build_index_ms"":121.969533,""sirs_build_kd_ms"":11.135465,""sirs_embed_inner_ms"":56.104854,""sirs_phase1_degrees_ms"":344.921524,""sirs_rank_axes_ms"":54.721393}",,"{""dataset"":{""source"":""synthetic"",""name"":""uniform_t__nr100000__ns100000__a1_000ep00__g1"",""dim"":2,""path_r"":"""",""path_s"":"""",""synthetic"":{""generator"":""uniform"",""n_r"":100000,""n_s"":100000,""alpha"":1,""seed"":1}},""run"":{""method"":""sirs"",""variant"":""sampling"",""t"":300000,""seed"":1,""repeats"":3,""j_star"":1000000,""enum_cap"":0,""write_samples"":false,""verify"":false},""output"":{""out_dir"":""run/temp/exp5/uniform_t"",""run_tag"":""exp5_uniform_t""},""sys"":{""threads"":1},""logging"":{""level"":""INFO"",""with_timestamp"":true,""with_thread_id"":false}}","{""generator"":""uniform"",""dataset"":""uniform_t__nr100000__ns100000__a1_000ep00__g1"",""n_r"":100000,""n_s"":100000,""has_exact_k"":false,""k_target"":0,""k_achieved"":0,""alpha_target"":1,""alpha_achieved"":nan,""notes"":""w_min_r=0.005, w_max_r=0.02, w_min_s=0.005, w_max_s=0.02, same_size_all_dims=0""}"
uniform_t__nr100000__ns100000__a1_000ep00__g1,uniform,1,100000,100000,sirs,adaptive,300000,0,1,1,1190.46,6.33447e+06,1,0,1,0,fallback_sampling,1000001,"{""build_ms"":122.327105,""count_ms"":360.687715,""run_build_ms"":122.327885,""run_fallback_count_ms"":360.690065,""run_fallback_sample_ms"":625.381241,""run_pilot_enum_prepare_ms"":0.000610,""run_pilot_enum_scan_ms"":82.047011,""sample_ms"":625.378681,""sirs_build_index_ms"":122.326305,""sirs_build_kd_ms"":11.140134,""sirs_embed_inner_ms"":56.119405,""sirs_rank_axes_ms"":55.059416}",,"{""dataset"":{""source"":""synthetic"",""name"":""uniform_t__nr100000__ns100000__a1_000ep00__g1"",""dim"":2,""path_r"":"""",""path_s"":"""",""synthetic"":{""generator"":""uniform"",""n_r"":100000,""n_s"":100000,""alpha"":1,""seed"":1}},""run"":{""method"":""sirs"",""variant"":""adaptive"",""t"":300000,""seed"":1,""repeats"":3,""j_star"":1000000,""enum_cap"":0,""write_samples"":false,""verify"":false},""output"":{""out_dir"":""run/temp/exp5/uniform_t"",""run_tag"":""exp5_uniform_t""},""sys"":{""threads"":1},""logging"":{""level"":""INFO"",""with_timestamp"":true,""with_thread_id"":false}}","{""generator"":""uniform"",""dataset"":""uniform_t__nr100000__ns100000__a1_000ep00__g1"",""n_r"":100000,""n_s"":100000,""has_exact_k"":false,""k_target"":0,""k_achieved"":0,""alpha_target"":1,""alpha_achieved"":nan,""notes"":""w_min_r=0.005, w_max_r=0.02, w_min_s=0.005, w_max_s=0.02, same_size_all_dims=0""}"
uniform_t__nr100000__ns100000__a1_000ep00__g1,uniform,1,100000,100000,sirs,adaptive,300000,1,2,1,1189.78,6.33447e+06,1,0,1,0,fallback_sampling,1000001,"{""build_ms"":122.044111,""count_ms"":359.891801,""run_build_ms"":122.044831,""run_fallback_count_ms"":359.895161,""run_fallback_sample_ms"":625.758963,""run_pilot_enum_prepare_ms"":0.000520,""run_pilot_enum_scan_ms"":82.060730,""sample_ms"":625.756593,""sirs_build_index_ms"":122.043201,""sirs_build_kd_ms"":11.146354,""sirs_embed_inner_ms"":56.193563,""sirs_rank_axes_ms"":54.696343}",,"{""dataset"":{""source"":""synthetic"",""name"":""uniform_t__nr100000__ns100000__a1_000ep00__g1"",""dim"":2,""path_r"":"""",""path_s"":"""",""synthetic"":{""generator"":""uniform"",""n_r"":100000,""n_s"":100000,""alpha"":1,""seed"":1}},""run"":{""method"":""sirs"",""variant"":""adaptive"",""t"":300000,""seed"":1,""repeats"":3,""j_star"":1000000,""enum_cap"":0,""write_samples"":false,""verify"":false},""output"":{""out_dir"":""run/temp/exp5/uniform_t"",""run_tag"":""exp5_uniform_t""},""sys"":{""threads"":1},""logging"":{""level"":""INFO"",""with_timestamp"":true,""with_thread_id"":false}}","{""generator"":""uniform"",""dataset"":""uniform_t__nr100000__ns100000__a1_000ep00__g1"",""n_r"":100000,""n_s"":100000,""has_exact_k"":false,""k_target"":0,""k_achieved"":0,""alpha_target"":1,""alpha_achieved"":nan,""notes"":""w_min_r=0.005, w_max_r=0.02, w_min_s=0.005, w_max_s=0.02, same_size_all_dims=0""}"
uniform_t__nr100000__ns100000__a1_000ep00__g1,uniform,1,100000,100000,sirs,adaptive,300000,2,3,1,1194.32,6.33447e+06,1,0,1,0,fallback_sampling,1000001,"{""build_ms"":121.987593,""count_ms"":363.863941,""run_build_ms"":121.988103,""run_fallback_count_ms"":363.866891,""run_fallback_sample_ms"":626.432739,""run_pilot_enum_prepare_ms"":0.000520,""run_pilot_enum_scan_ms"":82.017731,""sample_ms"":626.430379,""sirs_build_index_ms"":121.986803,""sirs_build_kd_ms"":11.151294,""sirs_embed_inner_ms"":56.132425,""sirs_rank_axes_ms"":54.697284}",,"{""dataset"":{""source"":""synthetic"",""name"":""uniform_t__nr100000__ns100000__a1_000ep00__g1"",""dim"":2,""path_r"":"""",""path_s"":"""",""synthetic"":{""generator"":""uniform"",""n_r"":100000,""n_s"":100000,""alpha"":1,""seed"":1}},""run"":{""method"":""sirs"",""variant"":""adaptive"",""t"":300000,""seed"":1,""repeats"":3,""j_star"":1000000,""enum_cap"":0,""write_samples"":false,""verify"":false},""output"":{""out_dir"":""run/temp/exp5/uniform_t"",""run_tag"":""exp5_uniform_t""},""sys"":{""threads"":1},""logging"":{""level"":""INFO"",""with_timestamp"":true,""with_thread_id"":false}}","{""generator"":""uniform"",""dataset"":""uniform_t__nr100000__ns100000__a1_000ep00__g1"",""n_r"":100000,""n_s"":100000,""has_exact_k"":false,""k_target"":0,""k_achieved"":0,""alpha_target"":1,""alpha_achieved"":nan,""notes"":""w_min_r=0.005, w_max_r=0.02, w_min_s=0.005, w_max_s=0.02, same_size_all_dims=0""}"
uniform_t__nr100000__ns100000__a1_000ep00__g1,uniform,1,100000,100000,rejection,sampling,300000,0,1,0,-1,-1,0,0,0,0,,0,{},SKIPPED: rejection+sampling is disabled in sjs_sweep; use variant=adaptive.,"{""dataset"":{""source"":""synthetic"",""name"":""uniform_t__nr100000__ns100000__a1_000ep00__g1"",""dim"":2,""path_r"":"""",""path_s"":"""",""synthetic"":{""generator"":""uniform"",""n_r"":100000,""n_s"":100000,""alpha"":1,""seed"":1}},""run"":{""method"":""rejection"",""variant"":""sampling"",""t"":300000,""seed"":1,""repeats"":3,""j_star"":1000000,""enum_cap"":0,""write_samples"":false,""verify"":false},""output"":{""out_dir"":""run/temp/exp5/uniform_t"",""run_tag"":""exp5_uniform_t""},""sys"":{""threads"":1},""logging"":{""level"":""INFO"",""with_timestamp"":true,""with_thread_id"":false}}","{""generator"":""uniform"",""dataset"":""uniform_t__nr100000__ns100000__a1_000ep00__g1"",""n_r"":100000,""n_s"":100000,""has_exact_k"":false,""k_target"":0,""k_achieved"":0,""alpha_target"":1,""alpha_achieved"":nan,""notes"":""w_min_r=0.005, w_max_r=0.02, w_min_s=0.005, w_max_s=0.02, same_size_all_dims=0""}"
uniform_t__nr100000__ns100000__a1_000ep00__g1,uniform,1,100000,100000,rejection,sampling,300000,1,2,0,-1,-1,0,0,0,0,,0,{},SKIPPED: rejection+sampling is disabled in sjs_sweep; use variant=adaptive.,"{""dataset"":{""source"":""synthetic"",""name"":""uniform_t__nr100000__ns100000__a1_000ep00__g1"",""dim"":2,""path_r"":"""",""path_s"":"""",""synthetic"":{""generator"":""uniform"",""n_r"":100000,""n_s"":100000,""alpha"":1,""seed"":1}},""run"":{""method"":""rejection"",""variant"":""sampling"",""t"":300000,""seed"":1,""repeats"":3,""j_star"":1000000,""enum_cap"":0,""write_samples"":false,""verify"":false},""output"":{""out_dir"":""run/temp/exp5/uniform_t"",""run_tag"":""exp5_uniform_t""},""sys"":{""threads"":1},""logging"":{""level"":""INFO"",""with_timestamp"":true,""with_thread_id"":false}}","{""generator"":""uniform"",""dataset"":""uniform_t__nr100000__ns100000__a1_000ep00__g1"",""n_r"":100000,""n_s"":100000,""has_exact_k"":false,""k_target"":0,""k_achieved"":0,""alpha_target"":1,""alpha_achieved"":nan,""notes"":""w_min_r=0.005, w_max_r=0.02, w_min_s=0.005, w_max_s=0.02, same_size_all_dims=0""}"
uniform_t__nr100000__ns100000__a1_000ep00__g1,uniform,1,100000,100000,rejection,sampling,300000,2,3,0,-1,-1,0,0,0,0,,0,{},SKIPPED: rejection+sampling is disabled in sjs_sweep; use variant=adaptive.,"{""dataset"":{""source"":""synthetic"",""name"":""uniform_t__nr100000__ns100000__a1_000ep00__g1"",""dim"":2,""path_r"":"""",""path_s"":"""",""synthetic"":{""generator"":""uniform"",""n_r"":100000,""n_s"":100000,""alpha"":1,""seed"":1}},""run"":{""method"":""rejection"",""variant"":""sampling"",""t"":300000,""seed"":1,""repeats"":3,""j_star"":1000000,""enum_cap"":0,""write_samples"":false,""verify"":false},""output"":{""out_dir"":""run/temp/exp5/uniform_t"",""run_tag"":""exp5_uniform_t""},""sys"":{""threads"":1},""logging"":{""level"":""INFO"",""with_timestamp"":true,""with_thread_id"":false}}","{""generator"":""uniform"",""dataset"":""uniform_t__nr100000__ns100000__a1_000ep00__g1"",""n_r"":100000,""n_s"":100000,""has_exact_k"":false,""k_target"":0,""k_achieved"":0,""alpha_target"":1,""alpha_achieved"":nan,""notes"":""w_min_r=0.005, w_max_r=0.02, w_min_s=0.005, w_max_s=0.02, same_size_all_dims=0""}"
uniform_t__nr100000__ns100000__a1_000ep00__g1,uniform,1,100000,100000,rejection,adaptive,300000,0,1,1,371.02,6.33516e+06,0,0,1,0,fallback_sampling,1000001,"{""adaptive_phase1_ms"":52.179795,""adaptive_sample_ms"":145.482147,""build_ms"":128.524931,""build_M_ms"":0.108618,""build_cellmap_ms"":14.816441,""build_mu_alias_ms"":113.328908,""build_slab_index_ms"":0.263014,""count_pilot_ms"":9.184484,""run_build_ms"":128.526051,""run_fallback_count_ms"":52.181325,""run_fallback_sample_ms"":145.487847,""run_pilot_enum_prepare_ms"":0.002390,""run_pilot_enum_scan_ms"":44.811123}",,"{""dataset"":{""source"":""synthetic"",""name"":""uniform_t__nr100000__ns100000__a1_000ep00__g1"",""dim"":2,""path_r"":"""",""path_s"":"""",""synthetic"":{""generator"":""uniform"",""n_r"":100000,""n_s"":100000,""alpha"":1,""seed"":1}},""run"":{""method"":""rejection"",""variant"":""adaptive"",""t"":300000,""seed"":1,""repeats"":3,""j_star"":1000000,""enum_cap"":0,""write_samples"":false,""verify"":false},""output"":{""out_dir"":""run/temp/exp5/uniform_t"",""run_tag"":""exp5_uniform_t""},""sys"":{""threads"":1},""logging"":{""level"":""INFO"",""with_timestamp"":true,""with_thread_id"":false}}","{""generator"":""uniform"",""dataset"":""uniform_t__nr100000__ns100000__a1_000ep00__g1"",""n_r"":100000,""n_s"":100000,""has_exact_k"":false,""k_target"":0,""k_achieved"":0,""alpha_target"":1,""alpha_achieved"":nan,""notes"":""w_min_r=0.005, w_max_r=0.02, w_min_s=0.005, w_max_s=0.02, same_size_all_dims=0""}"
uniform_t__nr100000__ns100000__a1_000ep00__g1,uniform,1,100000,100000,rejection,adaptive,300000,1,2,1,387.982,6.35788e+06,0,0,1,0,fallback_sampling,1000001,"{""adaptive_phase1_ms"":51.757284,""adaptive_sample_ms"":147.901359,""build_ms"":127.707077,""build_M_ms"":0.108068,""build_cellmap_ms"":14.878409,""build_mu_alias_ms"":112.431237,""build_slab_index_ms"":0.276424,""count_pilot_ms"":9.029878,""run_build_ms"":127.763996,""run_fallback_count_ms"":51.758874,""run_fallback_sample_ms"":147.906059,""run_pilot_enum_prepare_ms"":0.002020,""run_pilot_enum_scan_ms"":44.567049}",,"{""dataset"":{""source"":""synthetic"",""name"":""uniform_t__nr100000__ns100000__a1_000ep00__g1"",""dim"":2,""path_r"":"""",""path_s"":"""",""synthetic"":{""generator"":""uniform"",""n_r"":100000,""n_s"":100000,""alpha"":1,""seed"":1}},""run"":{""method"":""rejection"",""variant"":""adaptive"",""t"":300000,""seed"":1,""repeats"":3,""j_star"":1000000,""enum_cap"":0,""write_samples"":false,""verify"":false},""output"":{""out_dir"":""run/temp/exp5/uniform_t"",""run_tag"":""exp5_uniform_t""},""sys"":{""threads"":1},""logging"":{""level"":""INFO"",""with_timestamp"":true,""with_thread_id"":false}}","{""generator"":""uniform"",""dataset"":""uniform_t__nr100000__ns100000__a1_000ep00__g1"",""n_r"":100000,""n_s"":100000,""has_exact_k"":false,""k_target"":0,""k_achieved"":0,""alpha_target"":1,""alpha_achieved"":nan,""notes"":""w_min_r=0.005, w_max_r=0.02, w_min_s=0.005, w_max_s=0.02, same_size_all_dims=0""}"
uniform_t__nr100000__ns100000__a1_000ep00__g1,uniform,1,100000,100000,rejection,adaptive,300000,2,3,1,378.907,6.35092e+06,0,0,1,0,fallback_sampling,1000001,"{""adaptive_phase1_ms"":51.707615,""adaptive_sample_ms"":144.891100,""build_ms"":127.354745,""build_M_ms"":0.107398,""build_cellmap_ms"":14.797641,""build_mu_alias_ms"":112.175771,""build_slab_index_ms"":0.263305,""count_pilot_ms"":8.936630,""run_build_ms"":127.410504,""run_fallback_count_ms"":51.709134,""run_fallback_sample_ms"":144.895350,""run_pilot_enum_prepare_ms"":0.001620,""run_pilot_enum_scan_ms"":44.221515}",,"{""dataset"":{""source"":""synthetic"",""name"":""uniform_t__nr100000__ns100000__a1_000ep00__g1"",""dim"":2,""path_r"":"""",""path_s"":"""",""synthetic"":{""generator"":""uniform"",""n_r"":100000,""n_s"":100000,""alpha"":1,""seed"":1}},""run"":{""method"":""rejection"",""variant"":""adaptive"",""t"":300000,""seed"":1,""repeats"":3,""j_star"":1000000,""enum_cap"":0,""write_samples"":false,""verify"":false},""output"":{""out_dir"":""run/temp/exp5/uniform_t"",""run_tag"":""exp5_uniform_t""},""sys"":{""threads"":1},""logging"":{""level"":""INFO"",""with_timestamp"":true,""with_thread_id"":false}}","{""generator"":""uniform"",""dataset"":""uniform_t__nr100000__ns100000__a1_000ep00__g1"",""n_r"":100000,""n_s"":100000,""has_exact_k"":false,""k_target"":0,""k_achieved"":0,""alpha_target"":1,""alpha_achieved"":nan,""notes"":""w_min_r=0.005, w_max_r=0.02, w_min_s=0.005, w_max_s=0.02, same_size_all_dims=0""}"
uniform_t__nr100000__ns100000__a1_000ep00__g1,uniform,1,100000,100000,ours,sampling,1000000,0,1,1,659.774,6.33447e+06,1,0,0,0,,0,"{""build_active_indices_ms"":5.578497,""build_events_ms"":34.534351,""build_ranks_ms"":43.915142,""build_y_domain_ms"":13.954668,""phase1_count_ms"":267.333382,""phase2_plan_ms"":32.189368,""phase3_sample_ms"":260.215907,""run_build_ms"":99.751033,""run_count_ms"":267.336772,""run_sample_ms"":292.682101}",,"{""dataset"":{""source"":""synthetic"",""name"":""uniform_t__nr100000__ns100000__a1_000ep00__g1"",""dim"":2,""path_r"":"""",""path_s"":"""",""synthetic"":{""generator"":""uniform"",""n_r"":100000,""n_s"":100000,""alpha"":1,""seed"":1}},""run"":{""method"":""ours"",""variant"":""sampling"",""t"":1000000,""seed"":1,""repeats"":3,""j_star"":1000000,""enum_cap"":0,""write_samples"":false,""verify"":false},""output"":{""out_dir"":""run/temp/exp5/uniform_t"",""run_tag"":""exp5_uniform_t""},""sys"":{""threads"":1},""logging"":{""level"":""INFO"",""with_timestamp"":true,""with_thread_id"":false}}","{""generator"":""uniform"",""dataset"":""uniform_t__nr100000__ns100000__a1_000ep00__g1"",""n_r"":100000,""n_s"":100000,""has_exact_k"":false,""k_target"":0,""k_achieved"":0,""alpha_target"":1,""alpha_achieved"":nan,""notes"":""w_min_r=0.005, w_max_r=0.02, w_min_s=0.005, w_max_s=0.02, same_size_all_dims=0""}"
uniform_t__nr100000__ns100000__a1_000ep00__g1,uniform,1,100000,100000,ours,sampling,1000000,1,2,1,729.688,6.33447e+06,1,0,0,0,,0,"{""build_active_indices_ms"":5.469499,""build_events_ms"":65.777049,""build_ranks_ms"":43.988551,""build_y_domain_ms"":13.990567,""phase1_count_ms"":268.045418,""phase2_plan_ms"":32.494303,""phase3_sample_ms"":259.850024,""run_build_ms"":130.999171,""run_count_ms"":268.048938,""run_sample_ms"":292.616922}",,"{""dataset"":{""source"":""synthetic"",""name"":""uniform_t__nr100000__ns100000__a1_000ep00__g1"",""dim"":2,""path_r"":"""",""path_s"":"""",""synthetic"":{""generator"":""uniform"",""n_r"":100000,""n_s"":100000,""alpha"":1,""seed"":1}},""run"":{""method"":""ours"",""variant"":""sampling"",""t"":1000000,""seed"":1,""repeats"":3,""j_star"":1000000,""enum_cap"":0,""write_samples"":false,""verify"":false},""output"":{""out_dir"":""run/temp/exp5/uniform_t"",""run_tag"":""exp5_uniform_t""},""sys"":{""threads"":1},""logging"":{""level"":""INFO"",""with_timestamp"":true,""with_thread_id"":false}}","{""generator"":""uniform"",""dataset"":""uniform_t__nr100000__ns100000__a1_000ep00__g1"",""n_r"":100000,""n_s"":100000,""has_exact_k"":false,""k_target"":0,""k_achieved"":0,""alpha_target"":1,""alpha_achieved"":nan,""notes"":""w_min_r=0.005, w_max_r=0.02, w_min_s=0.005, w_max_s=0.02, same_size_all_dims=0""}"
uniform_t__nr100000__ns100000__a1_000ep00__g1,uniform,1,100000,100000,ours,sampling,1000000,2,3,1,728.049,6.33447e+06,1,0,0,0,,0,"{""build_active_indices_ms"":5.476029,""build_events_ms"":58.633024,""build_ranks_ms"":44.010450,""build_y_domain_ms"":13.980657,""phase1_count_ms"":268.882682,""phase2_plan_ms"":32.586981,""phase3_sample_ms"":259.901203,""run_build_ms"":123.934123,""run_count_ms"":268.886722,""run_sample_ms"":292.760939}",,"{""dataset"":{""source"":""synthetic"",""name"":""uniform_t__nr100000__ns100000__a1_000ep00__g1"",""dim"":2,""path_r"":"""",""path_s"":"""",""synthetic"":{""generator"":""uniform"",""n_r"":100000,""n_s"":100000,""alpha"":1,""seed"":1}},""run"":{""method"":""ours"",""variant"":""sampling"",""t"":1000000,""seed"":1,""repeats"":3,""j_star"":1000000,""enum_cap"":0,""write_samples"":false,""verify"":false},""output"":{""out_dir"":""run/temp/exp5/uniform_t"",""run_tag"":""exp5_uniform_t""},""sys"":{""threads"":1},""logging"":{""level"":""INFO"",""with_timestamp"":true,""with_thread_id"":false}}","{""generator"":""uniform"",""dataset"":""uniform_t__nr100000__ns100000__a1_000ep00__g1"",""n_r"":100000,""n_s"":100000,""has_exact_k"":false,""k_target"":0,""k_achieved"":0,""alpha_target"":1,""alpha_achieved"":nan,""notes"":""w_min_r=0.005, w_max_r=0.02, w_min_s=0.005, w_max_s=0.02, same_size_all_dims=0""}"
uniform_t__nr100000__ns100000__a1_000ep00__g1,uniform,1,100000,100000,ours,adaptive,1000000,0,1,1,768.584,6.33447e+06,1,0,1,0,fallback_sampling,1000001,"{""build_active_indices_ms"":5.540768,""build_events_ms"":34.519602,""build_ranks_ms"":44.014340,""build_y_domain_ms"":14.013836,""phase1_count_adaptive_ms"":290.377437,""phase2_plan_ms"":33.660859,""phase3_sample_ms"":272.925431,""run_build_ms"":99.894699,""run_fallback_count_ms"":290.381637,""run_fallback_sample_ms"":306.861784,""run_pilot_enum_prepare_ms"":1.554879,""run_pilot_enum_scan_ms"":69.877247,""sample_ms"":306.860224}",,"{""dataset"":{""source"":""synthetic"",""name"":""uniform_t__nr100000__ns100000__a1_000ep00__g1"",""dim"":2,""path_r"":"""",""path_s"":"""",""synthetic"":{""generator"":""uniform"",""n_r"":100000,""n_s"":100000,""alpha"":1,""seed"":1}},""run"":{""method"":""ours"",""variant"":""adaptive"",""t"":1000000,""seed"":1,""repeats"":3,""j_star"":1000000,""enum_cap"":0,""write_samples"":false,""verify"":false},""output"":{""out_dir"":""run/temp/exp5/uniform_t"",""run_tag"":""exp5_uniform_t""},""sys"":{""threads"":1},""logging"":{""level"":""INFO"",""with_timestamp"":true,""with_thread_id"":false}}","{""generator"":""uniform"",""dataset"":""uniform_t__nr100000__ns100000__a1_000ep00__g1"",""n_r"":100000,""n_s"":100000,""has_exact_k"":false,""k_target"":0,""k_achieved"":0,""alpha_target"":1,""alpha_achieved"":nan,""notes"":""w_min_r=0.005, w_max_r=0.02, w_min_s=0.005, w_max_s=0.02, same_size_all_dims=0""}"
uniform_t__nr100000__ns100000__a1_000ep00__g1,uniform,1,100000,100000,ours,adaptive,1000000,1,2,1,813.658,6.33447e+06,1,0,1,0,fallback_sampling,1000001,"{""build_active_indices_ms"":5.443980,""build_events_ms"":66.477666,""build_ranks_ms"":44.021489,""build_y_domain_ms"":13.977498,""phase1_count_adaptive_ms"":269.541169,""phase2_plan_ms"":33.569611,""phase3_sample_ms"":269.531479,""run_build_ms"":131.716766,""run_fallback_count_ms"":269.544489,""run_fallback_sample_ms"":303.376124,""run_pilot_enum_prepare_ms"":1.536939,""run_pilot_enum_scan_ms"":68.695841,""sample_ms"":303.374364}",,"{""dataset"":{""source"":""synthetic"",""name"":""uniform_t__nr100000__ns100000__a1_000ep00__g1"",""dim"":2,""path_r"":"""",""path_s"":"""",""synthetic"":{""generator"":""uniform"",""n_r"":100000,""n_s"":100000,""alpha"":1,""seed"":1}},""run"":{""method"":""ours"",""variant"":""adaptive"",""t"":1000000,""seed"":1,""repeats"":3,""j_star"":1000000,""enum_cap"":0,""write_samples"":false,""verify"":false},""output"":{""out_dir"":""run/temp/exp5/uniform_t"",""run_tag"":""exp5_uniform_t""},""sys"":{""threads"":1},""logging"":{""level"":""INFO"",""with_timestamp"":true,""with_thread_id"":false}}","{""generator"":""uniform"",""dataset"":""uniform_t__nr100000__ns100000__a1_000ep00__g1"",""n_r"":100000,""n_s"":100000,""has_exact_k"":false,""k_target"":0,""k_achieved"":0,""alpha_target"":1,""alpha_achieved"":nan,""notes"":""w_min_r=0.005, w_max_r=0.02, w_min_s=0.005, w_max_s=0.02, same_size_all_dims=0""}"
uniform_t__nr100000__ns100000__a1_000ep00__g1,uniform,1,100000,100000,ours,adaptive,1000000,2,3,1,828.956,6.33447e+06,1,0,1,0,fallback_sampling,1000001,"{""build_active_indices_ms"":5.460799,""build_events_ms"":58.492147,""build_ranks_ms"":44.041729,""build_y_domain_ms"":13.979327,""phase1_count_adaptive_ms"":287.223981,""phase2_plan_ms"":33.452183,""phase3_sample_ms"":270.305113,""run_build_ms"":123.751157,""run_fallback_count_ms"":287.227732,""run_fallback_sample_ms"":304.032511,""run_pilot_enum_prepare_ms"":1.523899,""run_pilot_enum_scan_ms"":69.611912,""sample_ms"":304.031331}",,"{""dataset"":{""source"":""synthetic"",""name"":""uniform_t__nr100000__ns100000__a1_000ep00__g1"",""dim"":2,""path_r"":"""",""path_s"":"""",""synthetic"":{""generator"":""uniform"",""n_r"":100000,""n_s"":100000,""alpha"":1,""seed"":1}},""run"":{""method"":""ours"",""variant"":""adaptive"",""t"":1000000,""seed"":1,""repeats"":3,""j_star"":1000000,""enum_cap"":0,""write_samples"":false,""verify"":false},""output"":{""out_dir"":""run/temp/exp5/uniform_t"",""run_tag"":""exp5_uniform_t""},""sys"":{""threads"":1},""logging"":{""level"":""INFO"",""with_timestamp"":true,""with_thread_id"":false}}","{""generator"":""uniform"",""dataset"":""uniform_t__nr100000__ns100000__a1_000ep00__g1"",""n_r"":100000,""n_s"":100000,""has_exact_k"":false,""k_target"":0,""k_achieved"":0,""alpha_target"":1,""alpha_achieved"":nan,""notes"":""w_min_r=0.005, w_max_r=0.02, w_min_s=0.005, w_max_s=0.02, same_size_all_dims=0""}"
uniform_t__nr100000__ns100000__a1_000ep00__g1,uniform,1,100000,100000,aabb,sampling,1000000,0,1,1,827.73,6.33447e+06,1,0,0,0,,0,"{""build_ms"":36.215918,""phase1_count_ms"":280.814611,""phase2_assign_ms"":84.869123,""phase3_sample_ms"":425.635512,""run_build_ms"":36.217778,""run_count_ms"":280.817791,""run_sample_ms"":510.690962}",,"{""dataset"":{""source"":""synthetic"",""name"":""uniform_t__nr100000__ns100000__a1_000ep00__g1"",""dim"":2,""path_r"":"""",""path_s"":"""",""synthetic"":{""generator"":""uniform"",""n_r"":100000,""n_s"":100000,""alpha"":1,""seed"":1}},""run"":{""method"":""aabb"",""variant"":""sampling"",""t"":1000000,""seed"":1,""repeats"":3,""j_star"":1000000,""enum_cap"":0,""write_samples"":false,""verify"":false},""output"":{""out_dir"":""run/temp/exp5/uniform_t"",""run_tag"":""exp5_uniform_t""},""sys"":{""threads"":1},""logging"":{""level"":""INFO"",""with_timestamp"":true,""with_thread_id"":false}}","{""generator"":""uniform"",""dataset"":""uniform_t__nr100000__ns100000__a1_000ep00__g1"",""n_r"":100000,""n_s"":100000,""has_exact_k"":false,""k_target"":0,""k_achieved"":0,""alpha_target"":1,""alpha_achieved"":nan,""notes"":""w_min_r=0.005, w_max_r=0.02, w_min_s=0.005, w_max_s=0.02, same_size_all_dims=0""}"
uniform_t__nr100000__ns100000__a1_000ep00__g1,uniform,1,100000,100000,aabb,sampling,1000000,1,2,1,828.126,6.33447e+06,1,0,0,0,,0,"{""build_ms"":36.143029,""phase1_count_ms"":280.952948,""phase2_assign_ms"":84.769996,""phase3_sample_ms"":426.068893,""run_build_ms"":36.144099,""run_count_ms"":280.955048,""run_sample_ms"":511.025205}",,"{""dataset"":{""source"":""synthetic"",""name"":""uniform_t__nr100000__ns100000__a1_000ep00__g1"",""dim"":2,""path_r"":"""",""path_s"":"""",""synthetic"":{""generator"":""uniform"",""n_r"":100000,""n_s"":100000,""alpha"":1,""seed"":1}},""run"":{""method"":""aabb"",""variant"":""sampling"",""t"":1000000,""seed"":1,""repeats"":3,""j_star"":1000000,""enum_cap"":0,""write_samples"":false,""verify"":false},""output"":{""out_dir"":""run/temp/exp5/uniform_t"",""run_tag"":""exp5_uniform_t""},""sys"":{""threads"":1},""logging"":{""level"":""INFO"",""with_timestamp"":true,""with_thread_id"":false}}","{""generator"":""uniform"",""dataset"":""uniform_t__nr100000__ns100000__a1_000ep00__g1"",""n_r"":100000,""n_s"":100000,""has_exact_k"":false,""k_target"":0,""k_achieved"":0,""alpha_target"":1,""alpha_achieved"":nan,""notes"":""w_min_r=0.005, w_max_r=0.02, w_min_s=0.005, w_max_s=0.02, same_size_all_dims=0""}"
uniform_t__nr100000__ns100000__a1_000ep00__g1,uniform,1,100000,100000,aabb,sampling,1000000,2,3,1,826.057,6.33447e+06,1,0,0,0,,0,"{""build_ms"":36.146619,""phase1_count_ms"":280.836760,""phase2_assign_ms"":83.012341,""phase3_sample_ms"":425.870198,""run_build_ms"":36.148199,""run_count_ms"":280.838781,""run_sample_ms"":509.068685}",,"{""dataset"":{""source"":""synthetic"",""name"":""uniform_t__nr100000__ns100000__a1_000ep00__g1"",""dim"":2,""path_r"":"""",""path_s"":"""",""synthetic"":{""generator"":""uniform"",""n_r"":100000,""n_s"":100000,""alpha"":1,""seed"":1}},""run"":{""method"":""aabb"",""variant"":""sampling"",""t"":1000000,""seed"":1,""repeats"":3,""j_star"":1000000,""enum_cap"":0,""write_samples"":false,""verify"":false},""output"":{""out_dir"":""run/temp/exp5/uniform_t"",""run_tag"":""exp5_uniform_t""},""sys"":{""threads"":1},""logging"":{""level"":""INFO"",""with_timestamp"":true,""with_thread_id"":false}}","{""generator"":""uniform"",""dataset"":""uniform_t__nr100000__ns100000__a1_000ep00__g1"",""n_r"":100000,""n_s"":100000,""has_exact_k"":false,""k_target"":0,""k_achieved"":0,""alpha_target"":1,""alpha_achieved"":nan,""notes"":""w_min_r=0.005, w_max_r=0.02, w_min_s=0.005, w_max_s=0.02, same_size_all_dims=0""}"
uniform_t__nr100000__ns100000__a1_000ep00__g1,uniform,1,100000,100000,aabb,adaptive,1000000,0,1,1,972.709,6.33447e+06,1,0,1,0,fallback_sampling,1000001,"{""build_ms"":36.166769,""enumerate_prepare_ms"":34.587091,""phase1_count_ms"":305.091270,""phase2_assign_ms"":85.531930,""phase3_sample_ms"":425.565414,""run_build_ms"":36.167439,""run_fallback_count_ms"":305.093850,""run_fallback_sample_ms"":511.284330,""run_pilot_enum_prepare_ms"":34.589970,""run_pilot_enum_scan_ms"":85.558560}",,"{""dataset"":{""source"":""synthetic"",""name"":""uniform_t__nr100000__ns100000__a1_000ep00__g1"",""dim"":2,""path_r"":"""",""path_s"":"""",""synthetic"":{""generator"":""uniform"",""n_r"":100000,""n_s"":100000,""alpha"":1,""seed"":1}},""run"":{""method"":""aabb"",""variant"":""adaptive"",""t"":1000000,""seed"":1,""repeats"":3,""j_star"":1000000,""enum_cap"":0,""write_samples"":false,""verify"":false},""output"":{""out_dir"":""run/temp/exp5/uniform_t"",""run_tag"":""exp5_uniform_t""},""sys"":{""threads"":1},""logging"":{""level"":""INFO"",""with_timestamp"":true,""with_thread_id"":false}}","{""generator"":""uniform"",""dataset"":""uniform_t__nr100000__ns100000__a1_000ep00__g1"",""n_r"":100000,""n_s"":100000,""has_exact_k"":false,""k_target"":0,""k_achieved"":0,""alpha_target"":1,""alpha_achieved"":nan,""notes"":""w_min_r=0.005, w_max_r=0.02, w_min_s=0.005, w_max_s=0.02, same_size_all_dims=0""}"
uniform_t__nr100000__ns100000__a1_000ep00__g1,uniform,1,100000,100000,aabb,adaptive,1000000,1,2,1,971.021,6.33447e+06,1,0,1,0,fallback_sampling,1000001,"{""build_ms"":36.148339,""enumerate_prepare_ms"":34.568060,""phase1_count_ms"":305.141579,""phase2_assign_ms"":86.004641,""phase3_sample_ms"":423.301190,""run_build_ms"":36.149719,""run_fallback_count_ms"":305.144269,""run_fallback_sample_ms"":509.491987,""run_pilot_enum_prepare_ms"":34.570151,""run_pilot_enum_scan_ms"":85.650108}",,"{""dataset"":{""source"":""synthetic"",""name"":""uniform_t__nr100000__ns100000__a1_000ep00__g1"",""dim"":2,""path_r"":"""",""path_s"":"""",""synthetic"":{""generator"":""uniform"",""n_r"":100000,""n_s"":100000,""alpha"":1,""seed"":1}},""run"":{""method"":""aabb"",""variant"":""adaptive"",""t"":1000000,""seed"":1,""repeats"":3,""j_star"":1000000,""enum_cap"":0,""write_samples"":false,""verify"":false},""output"":{""out_dir"":""run/temp/exp5/uniform_t"",""run_tag"":""exp5_uniform_t""},""sys"":{""threads"":1},""logging"":{""level"":""INFO"",""with_timestamp"":true,""with_thread_id"":false}}","{""generator"":""uniform"",""dataset"":""uniform_t__nr100000__ns100000__a1_000ep00__g1"",""n_r"":100000,""n_s"":100000,""has_exact_k"":false,""k_target"":0,""k_achieved"":0,""alpha_target"":1,""alpha_achieved"":nan,""notes"":""w_min_r=0.005, w_max_r=0.02, w_min_s=0.005, w_max_s=0.02, same_size_all_dims=0""}"
uniform_t__nr100000__ns100000__a1_000ep00__g1,uniform,1,100000,100000,aabb,adaptive,1000000,2,3,1,969.09,6.33447e+06,1,0,1,0,fallback_sampling,1000001,"{""build_ms"":36.151819,""enumerate_prepare_ms"":34.595460,""phase1_count_ms"":305.168228,""phase2_assign_ms"":84.166428,""phase3_sample_ms"":423.168203,""run_build_ms"":36.153018,""run_fallback_count_ms"":305.170389,""run_fallback_sample_ms"":507.522697,""run_pilot_enum_prepare_ms"":34.598100,""run_pilot_enum_scan_ms"":85.631718}",,"{""dataset"":{""source"":""synthetic"",""name"":""uniform_t__nr100000__ns100000__a1_000ep00__g1"",""dim"":2,""path_r"":"""",""path_s"":"""",""synthetic"":{""generator"":""uniform"",""n_r"":100000,""n_s"":100000,""alpha"":1,""seed"":1}},""run"":{""method"":""aabb"",""variant"":""adaptive"",""t"":1000000,""seed"":1,""repeats"":3,""j_star"":1000000,""enum_cap"":0,""write_samples"":false,""verify"":false},""output"":{""out_dir"":""run/temp/exp5/uniform_t"",""run_tag"":""exp5_uniform_t""},""sys"":{""threads"":1},""logging"":{""level"":""INFO"",""with_timestamp"":true,""with_thread_id"":false}}","{""generator"":""uniform"",""dataset"":""uniform_t__nr100000__ns100000__a1_000ep00__g1"",""n_r"":100000,""n_s"":100000,""has_exact_k"":false,""k_target"":0,""k_achieved"":0,""alpha_target"":1,""alpha_achieved"":nan,""notes"":""w_min_r=0.005, w_max_r=0.02, w_min_s=0.005, w_max_s=0.02, same_size_all_dims=0""}"
uniform_t__nr100000__ns100000__a1_000ep00__g1,uniform,1,100000,100000,interval_tree,sampling,1000000,0,1,1,1381.22,6.33447e+06,1,0,0,0,,0,"{""build_ms"":141.260604,""build_active_ms"":23.466875,""build_events_ms"":37.798236,""build_start_ids_ms"":1.562848,""build_y_endpoints_ms"":28.125051,""build_y_indices_ms"":50.300663,""phase1_count_ms"":545.296243,""phase2_slots_ms"":40.866874,""phase3_resweep_ms"":653.520274,""run_build_ms"":141.261264,""run_count_ms"":545.298193,""run_sample_ms"":694.661142}",,"{""dataset"":{""source"":""synthetic"",""name"":""uniform_t__nr100000__ns100000__a1_000ep00__g1"",""dim"":2,""path_r"":"""",""path_s"":"""",""synthetic"":{""generator"":""uniform"",""n_r"":100000,""n_s"":100000,""alpha"":1,""seed"":1}},""run"":{""method"":""interval_tree"",""variant"":""sampling"",""t"":1000000,""seed"":1,""repeats"":3,""j_star"":1000000,""enum_cap"":0,""write_samples"":false,""verify"":false},""output"":{""out_dir"":""run/temp/exp5/uniform_t"",""run_tag"":""exp5_uniform_t""},""sys"":{""threads"":1},""logging"":{""level"":""INFO"",""with_timestamp"":true,""with_thread_id"":false}}","{""generator"":""uniform"",""dataset"":""uniform_t__nr100000__ns100000__a1_000ep00__g1"",""n_r"":100000,""n_s"":100000,""has_exact_k"":false,""k_target"":0,""k_achieved"":0,""alpha_target"":1,""alpha_achieved"":nan,""notes"":""w_min_r=0.005, w_max_r=0.02, w_min_s=0.005, w_max_s=0.02, same_size_all_dims=0""}"
uniform_t__nr100000__ns100000__a1_000ep00__g1,uniform,1,100000,100000,interval_tree,sampling,1000000,1,2,1,1459.73,6.33447e+06,1,0,0,0,,0,"{""build_ms"":177.628248,""build_active_ms"":23.461206,""build_events_ms"":74.209989,""build_start_ids_ms"":1.568959,""build_y_endpoints_ms"":28.121482,""build_y_indices_ms"":50.257813,""phase1_count_ms"":544.296793,""phase2_slots_ms"":40.667598,""phase3_resweep_ms"":656.785649,""run_build_ms"":177.629178,""run_count_ms"":544.299823,""run_sample_ms"":697.726451}",,"{""dataset"":{""source"":""synthetic"",""name"":""uniform_t__nr100000__ns100000__a1_000ep00__g1"",""dim"":2,""path_r"":"""",""path_s"":"""",""synthetic"":{""generator"":""uniform"",""n_r"":100000,""n_s"":100000,""alpha"":1,""seed"":1}},""run"":{""method"":""interval_tree"",""variant"":""sampling"",""t"":1000000,""seed"":1,""repeats"":3,""j_star"":1000000,""enum_cap"":0,""write_samples"":false,""verify"":false},""output"":{""out_dir"":""run/temp/exp5/uniform_t"",""run_tag"":""exp5_uniform_t""},""sys"":{""threads"":1},""logging"":{""level"":""INFO"",""with_timestamp"":true,""with_thread_id"":false}}","{""generator"":""uniform"",""dataset"":""uniform_t__nr100000__ns100000__a1_000ep00__g1"",""n_r"":100000,""n_s"":100000,""has_exact_k"":false,""k_target"":0,""k_achieved"":0,""alpha_target"":1,""alpha_achieved"":nan,""notes"":""w_min_r=0.005, w_max_r=0.02, w_min_s=0.005, w_max_s=0.02, same_size_all_dims=0""}"
uniform_t__nr100000__ns100000__a1_000ep00__g1,uniform,1,100000,100000,interval_tree,sampling,1000000,2,3,1,1458.95,6.33447e+06,1,0,0,0,,0,"{""build_ms"":177.875603,""build_active_ms"":23.468546,""build_events_ms"":74.339367,""build_start_ids_ms"":1.574358,""build_y_endpoints_ms"":28.115261,""build_y_indices_ms"":50.369542,""phase1_count_ms"":545.304193,""phase2_slots_ms"":39.958492,""phase3_resweep_ms"":655.007845,""run_build_ms"":177.876673,""run_count_ms"":545.306662,""run_sample_ms"":695.239632}",,"{""dataset"":{""source"":""synthetic"",""name"":""uniform_t__nr100000__ns100000__a1_000ep00__g1"",""dim"":2,""path_r"":"""",""path_s"":"""",""synthetic"":{""generator"":""uniform"",""n_r"":100000,""n_s"":100000,""alpha"":1,""seed"":1}},""run"":{""method"":""interval_tree"",""variant"":""sampling"",""t"":1000000,""seed"":1,""repeats"":3,""j_star"":1000000,""enum_cap"":0,""write_samples"":false,""verify"":false},""output"":{""out_dir"":""run/temp/exp5/uniform_t"",""run_tag"":""exp5_uniform_t""},""sys"":{""threads"":1},""logging"":{""level"":""INFO"",""with_timestamp"":true,""with_thread_id"":false}}","{""generator"":""uniform"",""dataset"":""uniform_t__nr100000__ns100000__a1_000ep00__g1"",""n_r"":100000,""n_s"":100000,""has_exact_k"":false,""k_target"":0,""k_achieved"":0,""alpha_target"":1,""alpha_achieved"":nan,""notes"":""w_min_r=0.005, w_max_r=0.02, w_min_s=0.005, w_max_s=0.02, same_size_all_dims=0""}"
uniform_t__nr100000__ns100000__a1_000ep00__g1,uniform,1,100000,100000,interval_tree,adaptive,1000000,0,1,1,1704.47,6.33447e+06,1,0,1,0,fallback_sampling,1000001,"{""build_ms"":142.070176,""build_active_ms"":23.443765,""build_events_ms"":37.880904,""build_start_ids_ms"":1.539409,""build_y_endpoints_ms"":28.242079,""build_y_indices_ms"":50.955420,""enumerate_prepare_ms"":160.264550,""phase1_count_adaptive_ms"":581.073280,""phase2_slots_ms"":43.918142,""phase3_resweep_ms"":647.759982,""run_build_ms"":142.070978,""run_fallback_count_ms"":581.076290,""run_fallback_sample_ms"":693.315301,""run_pilot_enum_prepare_ms"":160.267529,""run_pilot_enum_scan_ms"":107.811840}",,"{""dataset"":{""source"":""synthetic"",""name"":""uniform_t__nr100000__ns100000__a1_000ep00__g1"",""dim"":2,""path_r"":"""",""path_s"":"""",""synthetic"":{""generator"":""uniform"",""n_r"":100000,""n_s"":100000,""alpha"":1,""seed"":1}},""run"":{""method"":""interval_tree"",""variant"":""adaptive"",""t"":1000000,""seed"":1,""repeats"":3,""j_star"":1000000,""enum_cap"":0,""write_samples"":false,""verify"":false},""output"":{""out_dir"":""run/temp/exp5/uniform_t"",""run_tag"":""exp5_uniform_t""},""sys"":{""threads"":1},""logging"":{""level"":""INFO"",""with_timestamp"":true,""with_thread_id"":false}}","{""generator"":""uniform"",""dataset"":""uniform_t__nr100000__ns100000__a1_000ep00__g1"",""n_r"":100000,""n_s"":100000,""has_exact_k"":false,""k_target"":0,""k_achieved"":0,""alpha_target"":1,""alpha_achieved"":nan,""notes"":""w_min_r=0.005, w_max_r=0.02, w_min_s=0.005, w_max_s=0.02, same_size_all_dims=0""}"
uniform_t__nr100000__ns100000__a1_000ep00__g1,uniform,1,100000,100000,interval_tree,adaptive,1000000,1,2,1,1761.96,6.33447e+06,1,0,1,0,fallback_sampling,1000001,"{""build_ms"":146.902250,""build_active_ms"":23.456216,""build_events_ms"":42.738776,""build_start_ids_ms"":1.529449,""build_y_endpoints_ms"":28.222389,""build_y_indices_ms"":50.946800,""enumerate_prepare_ms"":149.219492,""phase1_count_adaptive_ms"":578.526312,""phase2_slots_ms"":39.187908,""phase3_resweep_ms"":653.539086,""run_build_ms"":146.903409,""run_fallback_count_ms"":578.528772,""run_fallback_sample_ms"":693.000717,""run_pilot_enum_prepare_ms"":149.222793,""run_pilot_enum_scan_ms"":106.690693}",,"{""dataset"":{""source"":""synthetic"",""name"":""uniform_t__nr100000__ns100000__a1_000ep00__g1"",""dim"":2,""path_r"":"""",""path_s"":"""",""synthetic"":{""generator"":""uniform"",""n_r"":100000,""n_s"":100000,""alpha"":1,""seed"":1}},""run"":{""method"":""interval_tree"",""variant"":""adaptive"",""t"":1000000,""seed"":1,""repeats"":3,""j_star"":1000000,""enum_cap"":0,""write_samples"":false,""verify"":false},""output"":{""out_dir"":""run/temp/exp5/uniform_t"",""run_tag"":""exp5_uniform_t""},""sys"":{""threads"":1},""logging"":{""level"":""INFO"",""with_timestamp"":true,""with_thread_id"":false}}","{""generator"":""uniform"",""dataset"":""uniform_t__nr100000__ns100000__a1_000ep00__g1"",""n_r"":100000,""n_s"":100000,""has_exact_k"":false,""k_target"":0,""k_achieved"":0,""alpha_target"":1,""alpha_achieved"":nan,""notes"":""w_min_r=0.005, w_max_r=0.02, w_min_s=0.005, w_max_s=0.02, same_size_all_dims=0""}"
uniform_t__nr100000__ns100000__a1_000ep00__g1,uniform,1,100000,100000,interval_tree,adaptive,1000000,2,3,1,1753.34,6.33447e+06,1,0,1,0,fallback_sampling,1000001,"{""build_ms"":146.852261,""build_active_ms"":23.452416,""build_events_ms"":42.656738,""build_start_ids_ms"":1.528759,""build_y_endpoints_ms"":28.231199,""build_y_indices_ms"":50.974420,""enumerate_prepare_ms"":147.843380,""phase1_count_adaptive_ms"":575.535453,""phase2_slots_ms"":40.415173,""phase3_resweep_ms"":648.771872,""run_build_ms"":146.852941,""run_fallback_count_ms"":575.537923,""run_fallback_sample_ms"":689.467489,""run_pilot_enum_prepare_ms"":147.846840,""run_pilot_enum_scan_ms"":106.641573}",,"{""dataset"":{""source"":""synthetic"",""name"":""uniform_t__nr100000__ns100000__a1_000ep00__g1"",""dim"":2,""path_r"":"""",""path_s"":"""",""synthetic"":{""generator"":""uniform"",""n_r"":100000,""n_s"":100000,""alpha"":1,""seed"":1}},""run"":{""method"":""interval_tree"",""variant"":""adaptive"",""t"":1000000,""seed"":1,""repeats"":3,""j_star"":1000000,""enum_cap"":0,""write_samples"":false,""verify"":false},""output"":{""out_dir"":""run/temp/exp5/uniform_t"",""run_tag"":""exp5_uniform_t""},""sys"":{""threads"":1},""logging"":{""level"":""INFO"",""with_timestamp"":true,""with_thread_id"":false}}","{""generator"":""uniform"",""dataset"":""uniform_t__nr100000__ns100000__a1_000ep00__g1"",""n_r"":100000,""n_s"":100000,""has_exact_k"":false,""k_target"":0,""k_achieved"":0,""alpha_target"":1,""alpha_achieved"":nan,""notes"":""w_min_r=0.005, w_max_r=0.02, w_min_s=0.005, w_max_s=0.02, same_size_all_dims=0""}"
uniform_t__nr100000__ns100000__a1_000ep00__g1,uniform,1,100000,100000,kd_tree,sampling,1000000,0,1,1,1067.9,6.33447e+06,1,0,0,0,,0,"{""build_ms"":104.014487,""build_events_ms"":34.558432,""build_kdtrees_ms"":35.461793,""build_rank_arrays_ms"":32.587101,""build_start_index_ms"":1.360312,""phase1_count_ms"":318.879102,""phase2_alias_ms"":644.994999,""phase3_sweep_ms"":559.127235,""run_build_ms"":104.015717,""run_count_ms"":318.882772,""run_sample_ms"":644.996149}",,"{""dataset"":{""source"":""synthetic"",""name"":""uniform_t__nr100000__ns100000__a1_000ep00__g1"",""dim"":2,""path_r"":"""",""path_s"":"""",""synthetic"":{""generator"":""uniform"",""n_r"":100000,""n_s"":100000,""alpha"":1,""seed"":1}},""run"":{""method"":""kd_tree"",""variant"":""sampling"",""t"":1000000,""seed"":1,""repeats"":3,""j_star"":1000000,""enum_cap"":0,""write_samples"":false,""verify"":false},""output"":{""out_dir"":""run/temp/exp5/uniform_t"",""run_tag"":""exp5_uniform_t""},""sys"":{""threads"":1},""logging"":{""level"":""INFO"",""with_timestamp"":true,""with_thread_id"":false}}","{""generator"":""uniform"",""dataset"":""uniform_t__nr100000__ns100000__a1_000ep00__g1"",""n_r"":100000,""n_s"":100000,""has_exact_k"":false,""k_target"":0,""k_achieved"":0,""alpha_target"":1,""alpha_achieved"":nan,""notes"":""w_min_r=0.005, w_max_r=0.02, w_min_s=0.005, w_max_s=0.02, same_size_all_dims=0""}"
uniform_t__nr100000__ns100000__a1_000ep00__g1,uniform,1,100000,100000,kd_tree,sampling,1000000,1,2,1,1068.09,6.33447e+06,1,0,0,0,,0,"{""build_ms"":103.662143,""build_events_ms"":34.479672,""build_kdtrees_ms"":35.155728,""build_rank_arrays_ms"":32.599272,""build_start_index_ms"":1.381652,""phase1_count_ms"":319.142618,""phase2_alias_ms"":645.273023,""phase3_sweep_ms"":559.020568,""run_build_ms"":103.663133,""run_count_ms"":319.145048,""run_sample_ms"":645.273863}",,"{""dataset"":{""source"":""synthetic"",""name"":""uniform_t__nr100000__ns100000__a1_000ep00__g1"",""dim"":2,""path_r"":"""",""path_s"":"""",""synthetic"":{""generator"":""uniform"",""n_r"":100000,""n_s"":100000,""alpha"":1,""seed"":1}},""run"":{""method"":""kd_tree"",""variant"":""sampling"",""t"":1000000,""seed"":1,""repeats"":3,""j_star"":1000000,""enum_cap"":0,""write_samples"":false,""verify"":false},""output"":{""out_dir"":""run/temp/exp5/uniform_t"",""run_tag"":""exp5_uniform_t""},""sys"":{""threads"":1},""logging"":{""level"":""INFO"",""with_timestamp"":true,""with_thread_id"":false}}","{""generator"":""uniform"",""dataset"":""uniform_t__nr100000__ns100000__a1_000ep00__g1"",""n_r"":100000,""n_s"":100000,""has_exact_k"":false,""k_target"":0,""k_achieved"":0,""alpha_target"":1,""alpha_achieved"":nan,""notes"":""w_min_r=0.005, w_max_r=0.02, w_min_s=0.005, w_max_s=0.02, same_size_all_dims=0""}"
uniform_t__nr100000__ns100000__a1_000ep00__g1,uniform,1,100000,100000,kd_tree,sampling,1000000,2,3,1,1071.57,6.33447e+06,1,0,0,0,,0,"{""build_ms"":103.691214,""build_events_ms"":34.510452,""build_kdtrees_ms"":35.201348,""build_rank_arrays_ms"":32.558862,""build_start_index_ms"":1.373503,""phase1_count_ms"":320.814334,""phase2_alias_ms"":647.054437,""phase3_sweep_ms"":559.139365,""run_build_ms"":103.691854,""run_count_ms"":320.817393,""run_sample_ms"":647.055187}",,"{""dataset"":{""source"":""synthetic"",""name"":""uniform_t__nr100000__ns100000__a1_000ep00__g1"",""dim"":2,""path_r"":"""",""path_s"":"""",""synthetic"":{""generator"":""uniform"",""n_r"":100000,""n_s"":100000,""alpha"":1,""seed"":1}},""run"":{""method"":""kd_tree"",""variant"":""sampling"",""t"":1000000,""seed"":1,""repeats"":3,""j_star"":1000000,""enum_cap"":0,""write_samples"":false,""verify"":false},""output"":{""out_dir"":""run/temp/exp5/uniform_t"",""run_tag"":""exp5_uniform_t""},""sys"":{""threads"":1},""logging"":{""level"":""INFO"",""with_timestamp"":true,""with_thread_id"":false}}","{""generator"":""uniform"",""dataset"":""uniform_t__nr100000__ns100000__a1_000ep00__g1"",""n_r"":100000,""n_s"":100000,""has_exact_k"":false,""k_target"":0,""k_achieved"":0,""alpha_target"":1,""alpha_achieved"":nan,""notes"":""w_min_r=0.005, w_max_r=0.02, w_min_s=0.005, w_max_s=0.02, same_size_all_dims=0""}"
uniform_t__nr100000__ns100000__a1_000ep00__g1,uniform,1,100000,100000,kd_tree,adaptive,1000000,0,1,1,1509.39,6.33447e+06,1,0,1,0,fallback_sampling,1000001,"{""adaptive_fallback_sampling_ms"":646.815363,""build_ms"":103.658415,""build_embedding_ms"":32.602190,""build_events_ms"":34.443464,""build_kdtrees_ms"":35.247557,""build_rank_arrays_ms"":32.561131,""build_start_index_ms"":1.359673,""enumerate_prepare_ms"":102.352290,""phase1_count_and_maybe_enumerate_ms"":429.307539,""phase2_alias_ms"":5.520799,""phase2_assign_ms"":79.954004,""phase3_sweep_ms"":560.631415,""run_build_ms"":103.659225,""run_fallback_count_ms"":429.310649,""run_fallback_sample_ms"":646.816753,""run_pilot_enum_prepare_ms"":102.357780,""run_pilot_enum_scan_ms"":227.235456}",,"{""dataset"":{""source"":""synthetic"",""name"":""uniform_t__nr100000__ns100000__a1_000ep00__g1"",""dim"":2,""path_r"":"""",""path_s"":"""",""synthetic"":{""generator"":""uniform"",""n_r"":100000,""n_s"":100000,""alpha"":1,""seed"":1}},""run"":{""method"":""kd_tree"",""variant"":""adaptive"",""t"":1000000,""seed"":1,""repeats"":3,""j_star"":1000000,""enum_cap"":0,""write_samples"":false,""verify"":false},""output"":{""out_dir"":""run/temp/exp5/uniform_t"",""run_tag"":""exp5_uniform_t""},""sys"":{""threads"":1},""logging"":{""level"":""INFO"",""with_timestamp"":true,""with_thread_id"":false}}","{""generator"":""uniform"",""dataset"":""uniform_t__nr100000__ns100000__a1_000ep00__g1"",""n_r"":100000,""n_s"":100000,""has_exact_k"":false,""k_target"":0,""k_achieved"":0,""alpha_target"":1,""alpha_achieved"":nan,""notes"":""w_min_r=0.005, w_max_r=0.02, w_min_s=0.005, w_max_s=0.02, same_size_all_dims=0""}"
uniform_t__nr100000__ns100000__a1_000ep00__g1,uniform,1,100000,100000,kd_tree,adaptive,1000000,1,2,1,1509.18,6.33447e+06,1,0,1,0,fallback_sampling,1000001,"{""adaptive_fallback_sampling_ms"":647.947620,""build_ms"":103.972717,""build_embedding_ms"":32.611860,""build_events_ms"":34.484393,""build_kdtrees_ms"":35.501442,""build_rank_arrays_ms"":32.567121,""build_start_index_ms"":1.370152,""enumerate_prepare_ms"":102.527908,""phase1_count_and_maybe_enumerate_ms"":428.289031,""phase2_alias_ms"":5.464859,""phase2_assign_ms"":80.489552,""phase3_sweep_ms"":561.280052,""run_build_ms"":103.973367,""run_fallback_count_ms"":428.291261,""run_fallback_sample_ms"":647.948790,""run_pilot_enum_prepare_ms"":102.533077,""run_pilot_enum_scan_ms"":226.415682}",,"{""dataset"":{""source"":""synthetic"",""name"":""uniform_t__nr100000__ns100000__a1_000ep00__g1"",""dim"":2,""path_r"":"""",""path_s"":"""",""synthetic"":{""generator"":""uniform"",""n_r"":100000,""n_s"":100000,""alpha"":1,""seed"":1}},""run"":{""method"":""kd_tree"",""variant"":""adaptive"",""t"":1000000,""seed"":1,""repeats"":3,""j_star"":1000000,""enum_cap"":0,""write_samples"":false,""verify"":false},""output"":{""out_dir"":""run/temp/exp5/uniform_t"",""run_tag"":""exp5_uniform_t""},""sys"":{""threads"":1},""logging"":{""level"":""INFO"",""with_timestamp"":true,""with_thread_id"":false}}","{""generator"":""uniform"",""dataset"":""uniform_t__nr100000__ns100000__a1_000ep00__g1"",""n_r"":100000,""n_s"":100000,""has_exact_k"":false,""k_target"":0,""k_achieved"":0,""alpha_target"":1,""alpha_achieved"":nan,""notes"":""w_min_r=0.005, w_max_r=0.02, w_min_s=0.005, w_max_s=0.02, same_size_all_dims=0""}"
uniform_t__nr100000__ns100000__a1_000ep00__g1,uniform,1,100000,100000,kd_tree,adaptive,1000000,2,3,1,1511.72,6.33447e+06,1,0,1,0,fallback_sampling,1000001,"{""adaptive_fallback_sampling_ms"":649.977569,""build_ms"":103.667123,""build_embedding_ms"":32.632480,""build_events_ms"":34.477582,""build_kdtrees_ms"":35.182888,""build_rank_arrays_ms"":32.590101,""build_start_index_ms"":1.369163,""enumerate_prepare_ms"":102.329732,""phase1_count_and_maybe_enumerate_ms"":429.487957,""phase2_alias_ms"":5.504539,""phase2_assign_ms"":78.293857,""phase3_sweep_ms"":565.468548,""run_build_ms"":103.667873,""run_fallback_count_ms"":429.491157,""run_fallback_sample_ms"":649.979169,""run_pilot_enum_prepare_ms"":102.334441,""run_pilot_enum_scan_ms"":226.230016}",,"{""dataset"":{""source"":""synthetic"",""name"":""uniform_t__nr100000__ns100000__a1_000ep00__g1"",""dim"":2,""path_r"":"""",""path_s"":"""",""synthetic"":{""generator"":""uniform"",""n_r"":100000,""n_s"":100000,""alpha"":1,""seed"":1}},""run"":{""method"":""kd_tree"",""variant"":""adaptive"",""t"":1000000,""seed"":1,""repeats"":3,""j_star"":1000000,""enum_cap"":0,""write_samples"":false,""verify"":false},""output"":{""out_dir"":""run/temp/exp5/uniform_t"",""run_tag"":""exp5_uniform_t""},""sys"":{""threads"":1},""logging"":{""level"":""INFO"",""with_timestamp"":true,""with_thread_id"":false}}","{""generator"":""uniform"",""dataset"":""uniform_t__nr100000__ns100000__a1_000ep00__g1"",""n_r"":100000,""n_s"":100000,""has_exact_k"":false,""k_target"":0,""k_achieved"":0,""alpha_target"":1,""alpha_achieved"":nan,""notes"":""w_min_r=0.005, w_max_r=0.02, w_min_s=0.005, w_max_s=0.02, same_size_all_dims=0""}"
uniform_t__nr100000__ns100000__a1_000ep00__g1,uniform,1,100000,100000,r_tree,sampling,1000000,0,1,1,485.964,6.33447e+06,1,0,0,0,,0,"{""build_ms"":36.387054,""phase1_count_ms"":148.737093,""phase2_assign_ms"":18.835670,""phase3_sample_ms"":281.432140,""run_build_ms"":36.388274,""run_count_ms"":148.740123,""run_sample_ms"":300.833418}",,"{""dataset"":{""source"":""synthetic"",""name"":""uniform_t__nr100000__ns100000__a1_000ep00__g1"",""dim"":2,""path_r"":"""",""path_s"":"""",""synthetic"":{""generator"":""uniform"",""n_r"":100000,""n_s"":100000,""alpha"":1,""seed"":1}},""run"":{""method"":""r_tree"",""variant"":""sampling"",""t"":1000000,""seed"":1,""repeats"":3,""j_star"":1000000,""enum_cap"":0,""write_samples"":false,""verify"":false},""output"":{""out_dir"":""run/temp/exp5/uniform_t"",""run_tag"":""exp5_uniform_t""},""sys"":{""threads"":1},""logging"":{""level"":""INFO"",""with_timestamp"":true,""with_thread_id"":false}}","{""generator"":""uniform"",""dataset"":""uniform_t__nr100000__ns100000__a1_000ep00__g1"",""n_r"":100000,""n_s"":100000,""has_exact_k"":false,""k_target"":0,""k_achieved"":0,""alpha_target"":1,""alpha_achieved"":nan,""notes"":""w_min_r=0.005, w_max_r=0.02, w_min_s=0.005, w_max_s=0.02, same_size_all_dims=0""}"
uniform_t__nr100000__ns100000__a1_000ep00__g1,uniform,1,100000,100000,r_tree,sampling,1000000,1,2,1,486.81,6.33447e+06,1,0,0,0,,0,"{""build_ms"":36.389015,""phase1_count_ms"":149.847641,""phase2_assign_ms"":18.621244,""phase3_sample_ms"":281.299363,""run_build_ms"":36.390615,""run_count_ms"":149.849681,""run_sample_ms"":300.486175}",,"{""dataset"":{""source"":""synthetic"",""name"":""uniform_t__nr100000__ns100000__a1_000ep00__g1"",""dim"":2,""path_r"":"""",""path_s"":"""",""synthetic"":{""generator"":""uniform"",""n_r"":100000,""n_s"":100000,""alpha"":1,""seed"":1}},""run"":{""method"":""r_tree"",""variant"":""sampling"",""t"":1000000,""seed"":1,""repeats"":3,""j_star"":1000000,""enum_cap"":0,""write_samples"":false,""verify"":false},""output"":{""out_dir"":""run/temp/exp5/uniform_t"",""run_tag"":""exp5_uniform_t""},""sys"":{""threads"":1},""logging"":{""level"":""INFO"",""with_timestamp"":true,""with_thread_id"":false}}","{""generator"":""uniform"",""dataset"":""uniform_t__nr100000__ns100000__a1_000ep00__g1"",""n_r"":100000,""n_s"":100000,""has_exact_k"":false,""k_target"":0,""k_achieved"":0,""alpha_target"":1,""alpha_achieved"":nan,""notes"":""w_min_r=0.005, w_max_r=0.02, w_min_s=0.005, w_max_s=0.02, same_size_all_dims=0""}"
uniform_t__nr100000__ns100000__a1_000ep00__g1,uniform,1,100000,100000,r_tree,sampling,1000000,2,3,1,487.656,6.33447e+06,1,0,0,0,,0,"{""build_ms"":36.339984,""phase1_count_ms"":149.812382,""phase2_assign_ms"":18.680552,""phase3_sample_ms"":282.165285,""run_build_ms"":36.341645,""run_count_ms"":149.814822,""run_sample_ms"":301.415806}",,"{""dataset"":{""source"":""synthetic"",""name"":""uniform_t__nr100000__ns100000__a1_000ep00__g1"",""dim"":2,""path_r"":"""",""path_s"":"""",""synthetic"":{""generator"":""uniform"",""n_r"":100000,""n_s"":100000,""alpha"":1,""seed"":1}},""run"":{""method"":""r_tree"",""variant"":""sampling"",""t"":1000000,""seed"":1,""repeats"":3,""j_star"":1000000,""enum_cap"":0,""write_samples"":false,""verify"":false},""output"":{""out_dir"":""run/temp/exp5/uniform_t"",""run_tag"":""exp5_uniform_t""},""sys"":{""threads"":1},""logging"":{""level"":""INFO"",""with_timestamp"":true,""with_thread_id"":false}}","{""generator"":""uniform"",""dataset"":""uniform_t__nr100000__ns100000__a1_000ep00__g1"",""n_r"":100000,""n_s"":100000,""has_exact_k"":false,""k_target"":0,""k_achieved"":0,""alpha_target"":1,""alpha_achieved"":nan,""notes"":""w_min_r=0.005, w_max_r=0.02, w_min_s=0.005, w_max_s=0.02, same_size_all_dims=0""}"
uniform_t__nr100000__ns100000__a1_000ep00__g1,uniform,1,100000,100000,r_tree,adaptive,1000000,0,1,1,611.585,6.33447e+06,1,0,1,0,fallback_sampling,1000001,"{""build_ms"":36.392924,""enumerate_prepare_ms"":34.723539,""phase1_adaptive_count_ms"":170.300117,""phase2+3_sampling_ms"":300.170041,""run_build_ms"":36.394404,""run_fallback_count_ms"":170.302866,""run_fallback_sample_ms"":300.173162,""run_pilot_enum_prepare_ms"":34.727189,""run_pilot_enum_scan_ms"":69.956556}",,"{""dataset"":{""source"":""synthetic"",""name"":""uniform_t__nr100000__ns100000__a1_000ep00__g1"",""dim"":2,""path_r"":"""",""path_s"":"""",""synthetic"":{""generator"":""uniform"",""n_r"":100000,""n_s"":100000,""alpha"":1,""seed"":1}},""run"":{""method"":""r_tree"",""variant"":""adaptive"",""t"":1000000,""seed"":1,""repeats"":3,""j_star"":1000000,""enum_cap"":0,""write_samples"":false,""verify"":false},""output"":{""out_dir"":""run/temp/exp5/uniform_t"",""run_tag"":""exp5_uniform_t""},""sys"":{""threads"":1},""logging"":{""level"":""INFO"",""with_timestamp"":true,""with_thread_id"":false}}","{""generator"":""uniform"",""dataset"":""uniform_t__nr100000__ns100000__a1_000ep00__g1"",""n_r"":100000,""n_s"":100000,""has_exact_k"":false,""k_target"":0,""k_achieved"":0,""alpha_target"":1,""alpha_achieved"":nan,""notes"":""w_min_r=0.005, w_max_r=0.02, w_min_s=0.005, w_max_s=0.02, same_size_all_dims=0""}"
uniform_t__nr100000__ns100000__a1_000ep00__g1,uniform,1,100000,100000,r_tree,adaptive,1000000,1,2,1,609.586,6.33447e+06,1,0,1,0,fallback_sampling,1000001,"{""build_ms"":36.359665,""enumerate_prepare_ms"":34.711598,""phase1_adaptive_count_ms"":168.709120,""phase2+3_sampling_ms"":299.676381,""run_build_ms"":36.361005,""run_fallback_count_ms"":168.711490,""run_fallback_sample_ms"":299.679151,""run_pilot_enum_prepare_ms"":34.713688,""run_pilot_enum_scan_ms"":70.008645}",,"{""dataset"":{""source"":""synthetic"",""name"":""uniform_t__nr100000__ns100000__a1_000ep00__g1"",""dim"":2,""path_r"":"""",""path_s"":"""",""synthetic"":{""generator"":""uniform"",""n_r"":100000,""n_s"":100000,""alpha"":1,""seed"":1}},""run"":{""method"":""r_tree"",""variant"":""adaptive"",""t"":1000000,""seed"":1,""repeats"":3,""j_star"":1000000,""enum_cap"":0,""write_samples"":false,""verify"":false},""output"":{""out_dir"":""run/temp/exp5/uniform_t"",""run_tag"":""exp5_uniform_t""},""sys"":{""threads"":1},""logging"":{""level"":""INFO"",""with_timestamp"":true,""with_thread_id"":false}}","{""generator"":""uniform"",""dataset"":""uniform_t__nr100000__ns100000__a1_000ep00__g1"",""n_r"":100000,""n_s"":100000,""has_exact_k"":false,""k_target"":0,""k_achieved"":0,""alpha_target"":1,""alpha_achieved"":nan,""notes"":""w_min_r=0.005, w_max_r=0.02, w_min_s=0.005, w_max_s=0.02, same_size_all_dims=0""}"
uniform_t__nr100000__ns100000__a1_000ep00__g1,uniform,1,100000,100000,r_tree,adaptive,1000000,2,3,1,610.672,6.33447e+06,1,0,1,0,fallback_sampling,1000001,"{""build_ms"":36.384774,""enumerate_prepare_ms"":34.705679,""phase1_adaptive_count_ms"":168.983944,""phase2+3_sampling_ms"":300.488475,""run_build_ms"":36.386334,""run_fallback_count_ms"":168.985914,""run_fallback_sample_ms"":300.491465,""run_pilot_enum_prepare_ms"":34.708369,""run_pilot_enum_scan_ms"":69.994015}",,"{""dataset"":{""source"":""synthetic"",""name"":""uniform_t__nr100000__ns100000__a1_000ep00__g1"",""dim"":2,""path_r"":"""",""path_s"":"""",""synthetic"":{""generator"":""uniform"",""n_r"":100000,""n_s"":100000,""alpha"":1,""seed"":1}},""run"":{""method"":""r_tree"",""variant"":""adaptive"",""t"":1000000,""seed"":1,""repeats"":3,""j_star"":1000000,""enum_cap"":0,""write_samples"":false,""verify"":false},""output"":{""out_dir"":""run/temp/exp5/uniform_t"",""run_tag"":""exp5_uniform_t""},""sys"":{""threads"":1},""logging"":{""level"":""INFO"",""with_timestamp"":true,""with_thread_id"":false}}","{""generator"":""uniform"",""dataset"":""uniform_t__nr100000__ns100000__a1_000ep00__g1"",""n_r"":100000,""n_s"":100000,""has_exact_k"":false,""k_target"":0,""k_achieved"":0,""alpha_target"":1,""alpha_achieved"":nan,""notes"":""w_min_r=0.005, w_max_r=0.02, w_min_s=0.005, w_max_s=0.02, same_size_all_dims=0""}"
uniform_t__nr100000__ns100000__a1_000ep00__g1,uniform,1,100000,100000,range_tree,sampling,1000000,0,1,1,2682.81,6.33447e+06,1,0,0,0,,0,"{""build_ms"":102.040207,""build_events_ms"":34.489813,""build_range_trees_ms"":34.960403,""build_rank_arrays_ms"":31.189169,""build_start_index_ms"":1.355243,""phase1_count_ms"":1171.813420,""phase2_alias_ms"":1408.942606,""phase3_sweep_ms"":1323.371916,""run_build_ms"":102.040877,""run_count_ms"":1171.816340,""run_sample_ms"":1408.943826}",,"{""dataset"":{""source"":""synthetic"",""name"":""uniform_t__nr100000__ns100000__a1_000ep00__g1"",""dim"":2,""path_r"":"""",""path_s"":"""",""synthetic"":{""generator"":""uniform"",""n_r"":100000,""n_s"":100000,""alpha"":1,""seed"":1}},""run"":{""method"":""range_tree"",""variant"":""sampling"",""t"":1000000,""seed"":1,""repeats"":3,""j_star"":1000000,""enum_cap"":0,""write_samples"":false,""verify"":false},""output"":{""out_dir"":""run/temp/exp5/uniform_t"",""run_tag"":""exp5_uniform_t""},""sys"":{""threads"":1},""logging"":{""level"":""INFO"",""with_timestamp"":true,""with_thread_id"":false}}","{""generator"":""uniform"",""dataset"":""uniform_t__nr100000__ns100000__a1_000ep00__g1"",""n_r"":100000,""n_s"":100000,""has_exact_k"":false,""k_target"":0,""k_achieved"":0,""alpha_target"":1,""alpha_achieved"":nan,""notes"":""w_min_r=0.005, w_max_r=0.02, w_min_s=0.005, w_max_s=0.02, same_size_all_dims=0""}"
uniform_t__nr100000__ns100000__a1_000ep00__g1,uniform,1,100000,100000,range_tree,sampling,1000000,1,2,1,2678.42,6.33447e+06,1,0,0,0,,0,"{""build_ms"":100.668385,""build_events_ms"":34.468324,""build_range_trees_ms"":33.679869,""build_rank_arrays_ms"":31.100631,""build_start_index_ms"":1.370822,""phase1_count_ms"":1167.547266,""phase2_alias_ms"":1410.197882,""phase3_sweep_ms"":1324.639581,""run_build_ms"":100.668825,""run_count_ms"":1167.550236,""run_sample_ms"":1410.198691}",,"{""dataset"":{""source"":""synthetic"",""name"":""uniform_t__nr100000__ns100000__a1_000ep00__g1"",""dim"":2,""path_r"":"""",""path_s"":"""",""synthetic"":{""generator"":""uniform"",""n_r"":100000,""n_s"":100000,""alpha"":1,""seed"":1}},""run"":{""method"":""range_tree"",""variant"":""sampling"",""t"":1000000,""seed"":1,""repeats"":3,""j_star"":1000000,""enum_cap"":0,""write_samples"":false,""verify"":false},""output"":{""out_dir"":""run/temp/exp5/uniform_t"",""run_tag"":""exp5_uniform_t""},""sys"":{""threads"":1},""logging"":{""level"":""INFO"",""with_timestamp"":true,""with_thread_id"":false}}","{""generator"":""uniform"",""dataset"":""uniform_t__nr100000__ns100000__a1_000ep00__g1"",""n_r"":100000,""n_s"":100000,""has_exact_k"":false,""k_target"":0,""k_achieved"":0,""alpha_target"":1,""alpha_achieved"":nan,""notes"":""w_min_r=0.005, w_max_r=0.02, w_min_s=0.005, w_max_s=0.02, same_size_all_dims=0""}"
uniform_t__nr100000__ns100000__a1_000ep00__g1,uniform,1,100000,100000,range_tree,sampling,1000000,2,3,1,2681.35,6.33447e+06,1,0,0,0,,0,"{""build_ms"":100.593077,""build_events_ms"":34.488803,""build_range_trees_ms"":33.544392,""build_rank_arrays_ms"":31.137961,""build_start_index_ms"":1.374542,""phase1_count_ms"":1172.309971,""phase2_alias_ms"":1408.430729,""phase3_sweep_ms"":1324.693541,""run_build_ms"":100.593927,""run_count_ms"":1172.313651,""run_sample_ms"":1408.431639}",,"{""dataset"":{""source"":""synthetic"",""name"":""uniform_t__nr100000__ns100000__a1_000ep00__g1"",""dim"":2,""path_r"":"""",""path_s"":"""",""synthetic"":{""generator"":""uniform"",""n_r"":100000,""n_s"":100000,""alpha"":1,""seed"":1}},""run"":{""method"":""range_tree"",""variant"":""sampling"",""t"":1000000,""seed"":1,""repeats"":3,""j_star"":1000000,""enum_cap"":0,""write_samples"":false,""verify"":false},""output"":{""out_dir"":""run/temp/exp5/uniform_t"",""run_tag"":""exp5_uniform_t""},""sys"":{""threads"":1},""logging"":{""level"":""INFO"",""with_timestamp"":true,""with_thread_id"":false}}","{""generator"":""uniform"",""dataset"":""uniform_t__nr100000__ns100000__a1_000ep00__g1"",""n_r"":100000,""n_s"":100000,""has_exact_k"":false,""k_target"":0,""k_achieved"":0,""alpha_target"":1,""alpha_achieved"":nan,""notes"":""w_min_r=0.005, w_max_r=0.02, w_min_s=0.005, w_max_s=0.02, same_size_all_dims=0""}"
uniform_t__nr100000__ns100000__a1_000ep00__g1,uniform,1,100000,100000,range_tree,adaptive,1000000,0,1,1,3262.16,6.33447e+06,1,0,1,0,fallback_sampling,1000001,"{""adaptive_count_ms"":1279.866778,""build_ms"":102.110486,""build_events_ms"":34.449394,""build_range_trees_ms"":35.143530,""build_rank_arrays_ms"":31.114970,""build_start_index_ms"":1.356712,""enumerate_prepare_ms"":100.294043,""phase2_alias_ms"":1417.340070,""phase3_sweep_ms"":1330.093363,""run_build_ms"":102.111206,""run_fallback_count_ms"":1279.869959,""run_fallback_sample_ms"":1417.341250,""run_pilot_enum_prepare_ms"":100.297343,""run_pilot_enum_scan_ms"":362.524171}",,"{""dataset"":{""source"":""synthetic"",""name"":""uniform_t__nr100000__ns100000__a1_000ep00__g1"",""dim"":2,""path_r"":"""",""path_s"":"""",""synthetic"":{""generator"":""uniform"",""n_r"":100000,""n_s"":100000,""alpha"":1,""seed"":1}},""run"":{""method"":""range_tree"",""variant"":""adaptive"",""t"":1000000,""seed"":1,""repeats"":3,""j_star"":1000000,""enum_cap"":0,""write_samples"":false,""verify"":false},""output"":{""out_dir"":""run/temp/exp5/uniform_t"",""run_tag"":""exp5_uniform_t""},""sys"":{""threads"":1},""logging"":{""level"":""INFO"",""with_timestamp"":true,""with_thread_id"":false}}","{""generator"":""uniform"",""dataset"":""uniform_t__nr100000__ns100000__a1_000ep00__g1"",""n_r"":100000,""n_s"":100000,""has_exact_k"":false,""k_target"":0,""k_achieved"":0,""alpha_target"":1,""alpha_achieved"":nan,""notes"":""w_min_r=0.005, w_max_r=0.02, w_min_s=0.005, w_max_s=0.02, same_size_all_dims=0""}"
uniform_t__nr100000__ns100000__a1_000ep00__g1,uniform,1,100000,100000,range_tree,adaptive,1000000,1,2,1,3265.51,6.33447e+06,1,0,1,0,fallback_sampling,1000001,"{""adaptive_count_ms"":1281.198803,""build_ms"":100.717904,""build_events_ms"":34.492742,""build_range_trees_ms"":33.677229,""build_rank_arrays_ms"":31.123591,""build_start_index_ms"":1.374083,""enumerate_prepare_ms"":100.727864,""phase2_alias_ms"":1414.679714,""phase3_sweep_ms"":1326.889759,""run_build_ms"":100.718784,""run_fallback_count_ms"":1281.201433,""run_fallback_sample_ms"":1414.680664,""run_pilot_enum_prepare_ms"":100.731304,""run_pilot_enum_scan_ms"":368.164107}",,"{""dataset"":{""source"":""synthetic"",""name"":""uniform_t__nr100000__ns100000__a1_000ep00__g1"",""dim"":2,""path_r"":"""",""path_s"":"""",""synthetic"":{""generator"":""uniform"",""n_r"":100000,""n_s"":100000,""alpha"":1,""seed"":1}},""run"":{""method"":""range_tree"",""variant"":""adaptive"",""t"":1000000,""seed"":1,""repeats"":3,""j_star"":1000000,""enum_cap"":0,""write_samples"":false,""verify"":false},""output"":{""out_dir"":""run/temp/exp5/uniform_t"",""run_tag"":""exp5_uniform_t""},""sys"":{""threads"":1},""logging"":{""level"":""INFO"",""with_timestamp"":true,""with_thread_id"":false}}","{""generator"":""uniform"",""dataset"":""uniform_t__nr100000__ns100000__a1_000ep00__g1"",""n_r"":100000,""n_s"":100000,""has_exact_k"":false,""k_target"":0,""k_achieved"":0,""alpha_target"":1,""alpha_achieved"":nan,""notes"":""w_min_r=0.005, w_max_r=0.02, w_min_s=0.005, w_max_s=0.02, same_size_all_dims=0""}"
uniform_t__nr100000__ns100000__a1_000ep00__g1,uniform,1,100000,100000,range_tree,adaptive,1000000,2,3,1,3262.29,6.33447e+06,1,0,1,0,fallback_sampling,1000001,"{""adaptive_count_ms"":1284.747501,""build_ms"":100.597247,""build_events_ms"":34.467253,""build_range_trees_ms"":33.577122,""build_rank_arrays_ms"":31.135791,""build_start_index_ms"":1.369373,""enumerate_prepare_ms"":100.556677,""phase2_alias_ms"":1413.606238,""phase3_sweep_ms"":1327.396741,""run_build_ms"":100.597897,""run_fallback_count_ms"":1284.750531,""run_fallback_sample_ms"":1413.607108,""run_pilot_enum_prepare_ms"":100.559697,""run_pilot_enum_scan_ms"":362.759358}",,"{""dataset"":{""source"":""synthetic"",""name"":""uniform_t__nr100000__ns100000__a1_000ep00__g1"",""dim"":2,""path_r"":"""",""path_s"":"""",""synthetic"":{""generator"":""uniform"",""n_r"":100000,""n_s"":100000,""alpha"":1,""seed"":1}},""run"":{""method"":""range_tree"",""variant"":""adaptive"",""t"":1000000,""seed"":1,""repeats"":3,""j_star"":1000000,""enum_cap"":0,""write_samples"":false,""verify"":false},""output"":{""out_dir"":""run/temp/exp5/uniform_t"",""run_tag"":""exp5_uniform_t""},""sys"":{""threads"":1},""logging"":{""level"":""INFO"",""with_timestamp"":true,""with_thread_id"":false}}","{""generator"":""uniform"",""dataset"":""uniform_t__nr100000__ns100000__a1_000ep00__g1"",""n_r"":100000,""n_s"":100000,""has_exact_k"":false,""k_target"":0,""k_achieved"":0,""alpha_target"":1,""alpha_achieved"":nan,""notes"":""w_min_r=0.005, w_max_r=0.02, w_min_s=0.005, w_max_s=0.02, same_size_all_dims=0""}"
uniform_t__nr100000__ns100000__a1_000ep00__g1,uniform,1,100000,100000,pbsm,sampling,1000000,0,1,1,632.967,6.33447e+06,1,0,0,0,,0,"{""build_ms"":21.337619,""pbsm_build_ms"":21.336859,""pbsm_count_pass1_ms"":241.249784,""pbsm_partitions_stripes_ms"":20.990916,""pbsm_sample_draw_ranks_ms"":69.314109,""pbsm_sample_pass2_select_ms"":300.505506,""run_build_ms"":21.338279,""run_count_ms"":241.253533,""run_sample_ms"":370.373134}",,"{""dataset"":{""source"":""synthetic"",""name"":""uniform_t__nr100000__ns100000__a1_000ep00__g1"",""dim"":2,""path_r"":"""",""path_s"":"""",""synthetic"":{""generator"":""uniform"",""n_r"":100000,""n_s"":100000,""alpha"":1,""seed"":1}},""run"":{""method"":""pbsm"",""variant"":""sampling"",""t"":1000000,""seed"":1,""repeats"":3,""j_star"":1000000,""enum_cap"":0,""write_samples"":false,""verify"":false},""output"":{""out_dir"":""run/temp/exp5/uniform_t"",""run_tag"":""exp5_uniform_t""},""sys"":{""threads"":1},""logging"":{""level"":""INFO"",""with_timestamp"":true,""with_thread_id"":false}}","{""generator"":""uniform"",""dataset"":""uniform_t__nr100000__ns100000__a1_000ep00__g1"",""n_r"":100000,""n_s"":100000,""has_exact_k"":false,""k_target"":0,""k_achieved"":0,""alpha_target"":1,""alpha_achieved"":nan,""notes"":""w_min_r=0.005, w_max_r=0.02, w_min_s=0.005, w_max_s=0.02, same_size_all_dims=0""}"
uniform_t__nr100000__ns100000__a1_000ep00__g1,uniform,1,100000,100000,pbsm,sampling,1000000,1,2,1,632.869,6.33447e+06,1,0,0,0,,0,"{""build_ms"":21.286880,""pbsm_build_ms"":21.286470,""pbsm_count_pass1_ms"":243.303502,""pbsm_partitions_stripes_ms"":20.943627,""pbsm_sample_draw_ranks_ms"":68.234501,""pbsm_sample_pass2_select_ms"":299.492226,""run_build_ms"":21.287220,""run_count_ms"":243.306762,""run_sample_ms"":368.269807}",,"{""dataset"":{""source"":""synthetic"",""name"":""uniform_t__nr100000__ns100000__a1_000ep00__g1"",""dim"":2,""path_r"":"""",""path_s"":"""",""synthetic"":{""generator"":""uniform"",""n_r"":100000,""n_s"":100000,""alpha"":1,""seed"":1}},""run"":{""method"":""pbsm"",""variant"":""sampling"",""t"":1000000,""seed"":1,""repeats"":3,""j_star"":1000000,""enum_cap"":0,""write_samples"":false,""verify"":false},""output"":{""out_dir"":""run/temp/exp5/uniform_t"",""run_tag"":""exp5_uniform_t""},""sys"":{""threads"":1},""logging"":{""level"":""INFO"",""with_timestamp"":true,""with_thread_id"":false}}","{""generator"":""uniform"",""dataset"":""uniform_t__nr100000__ns100000__a1_000ep00__g1"",""n_r"":100000,""n_s"":100000,""has_exact_k"":false,""k_target"":0,""k_achieved"":0,""alpha_target"":1,""alpha_achieved"":nan,""notes"":""w_min_r=0.005, w_max_r=0.02, w_min_s=0.005, w_max_s=0.02, same_size_all_dims=0""}"
uniform_t__nr100000__ns100000__a1_000ep00__g1,uniform,1,100000,100000,pbsm,sampling,1000000,2,3,1,634.505,6.33447e+06,1,0,0,0,,0,"{""build_ms"":21.380508,""pbsm_build_ms"":21.379958,""pbsm_count_pass1_ms"":243.572357,""pbsm_partitions_stripes_ms"":21.036655,""pbsm_sample_draw_ranks_ms"":68.455626,""pbsm_sample_pass2_select_ms"":300.522405,""run_build_ms"":21.380918,""run_count_ms"":243.575377,""run_sample_ms"":369.543170}",,"{""dataset"":{""source"":""synthetic"",""name"":""uniform_t__nr100000__ns100000__a1_000ep00__g1"",""dim"":2,""path_r"":"""",""path_s"":"""",""synthetic"":{""generator"":""uniform"",""n_r"":100000,""n_s"":100000,""alpha"":1,""seed"":1}},""run"":{""method"":""pbsm"",""variant"":""sampling"",""t"":1000000,""seed"":1,""repeats"":3,""j_star"":1000000,""enum_cap"":0,""write_samples"":false,""verify"":false},""output"":{""out_dir"":""run/temp/exp5/uniform_t"",""run_tag"":""exp5_uniform_t""},""sys"":{""threads"":1},""logging"":{""level"":""INFO"",""with_timestamp"":true,""with_thread_id"":false}}","{""generator"":""uniform"",""dataset"":""uniform_t__nr100000__ns100000__a1_000ep00__g1"",""n_r"":100000,""n_s"":100000,""has_exact_k"":false,""k_target"":0,""k_achieved"":0,""alpha_target"":1,""alpha_achieved"":nan,""notes"":""w_min_r=0.005, w_max_r=0.02, w_min_s=0.005, w_max_s=0.02, same_size_all_dims=0""}"
uniform_t__nr100000__ns100000__a1_000ep00__g1,uniform,1,100000,100000,pbsm,adaptive,1000000,0,1,1,674.836,6.33447e+06,1,0,1,0,fallback_sampling,1000001,"{""build_ms"":21.354998,""enumerate_prepare_ms"":0.000190,""pbsm_adaptive_pass1_ms"":247.840810,""pbsm_adaptive_sample_large_ms"":367.796457,""pbsm_build_ms"":21.354418,""pbsm_partitions_stripes_ms"":21.010875,""run_build_ms"":21.355668,""run_fallback_count_ms"":247.845250,""run_fallback_sample_ms"":367.806247,""run_pilot_enum_prepare_ms"":0.000590,""run_pilot_enum_scan_ms"":37.818536}",,"{""dataset"":{""source"":""synthetic"",""name"":""uniform_t__nr100000__ns100000__a1_000ep00__g1"",""dim"":2,""path_r"":"""",""path_s"":"""",""synthetic"":{""generator"":""uniform"",""n_r"":100000,""n_s"":100000,""alpha"":1,""seed"":1}},""run"":{""method"":""pbsm"",""variant"":""adaptive"",""t"":1000000,""seed"":1,""repeats"":3,""j_star"":1000000,""enum_cap"":0,""write_samples"":false,""verify"":false},""output"":{""out_dir"":""run/temp/exp5/uniform_t"",""run_tag"":""exp5_uniform_t""},""sys"":{""threads"":1},""logging"":{""level"":""INFO"",""with_timestamp"":true,""with_thread_id"":false}}","{""generator"":""uniform"",""dataset"":""uniform_t__nr100000__ns100000__a1_000ep00__g1"",""n_r"":100000,""n_s"":100000,""has_exact_k"":false,""k_target"":0,""k_achieved"":0,""alpha_target"":1,""alpha_achieved"":nan,""notes"":""w_min_r=0.005, w_max_r=0.02, w_min_s=0.005, w_max_s=0.02, same_size_all_dims=0""}"
uniform_t__nr100000__ns100000__a1_000ep00__g1,uniform,1,100000,100000,pbsm,adaptive,1000000,1,2,1,678.947,6.33447e+06,1,0,1,0,fallback_sampling,1000001,"{""build_ms"":21.352188,""enumerate_prepare_ms"":0.000310,""pbsm_adaptive_pass1_ms"":250.027036,""pbsm_adaptive_sample_large_ms"":369.880494,""pbsm_build_ms"":21.351688,""pbsm_partitions_stripes_ms"":21.006795,""run_build_ms"":21.352618,""run_fallback_count_ms"":250.030997,""run_fallback_sample_ms"":369.889894,""run_pilot_enum_prepare_ms"":0.000800,""run_pilot_enum_scan_ms"":37.659250}",,"{""dataset"":{""source"":""synthetic"",""name"":""uniform_t__nr100000__ns100000__a1_000ep00__g1"",""dim"":2,""path_r"":"""",""path_s"":"""",""synthetic"":{""generator"":""uniform"",""n_r"":100000,""n_s"":100000,""alpha"":1,""seed"":1}},""run"":{""method"":""pbsm"",""variant"":""adaptive"",""t"":1000000,""seed"":1,""repeats"":3,""j_star"":1000000,""enum_cap"":0,""write_samples"":false,""verify"":false},""output"":{""out_dir"":""run/temp/exp5/uniform_t"",""run_tag"":""exp5_uniform_t""},""sys"":{""threads"":1},""logging"":{""level"":""INFO"",""with_timestamp"":true,""with_thread_id"":false}}","{""generator"":""uniform"",""dataset"":""uniform_t__nr100000__ns100000__a1_000ep00__g1"",""n_r"":100000,""n_s"":100000,""has_exact_k"":false,""k_target"":0,""k_achieved"":0,""alpha_target"":1,""alpha_achieved"":nan,""notes"":""w_min_r=0.005, w_max_r=0.02, w_min_s=0.005, w_max_s=0.02, same_size_all_dims=0""}"
uniform_t__nr100000__ns100000__a1_000ep00__g1,uniform,1,100000,100000,pbsm,adaptive,1000000,2,3,1,679.721,6.33447e+06,1,0,1,0,fallback_sampling,1000001,"{""build_ms"":21.307459,""enumerate_prepare_ms"":0.000310,""pbsm_adaptive_pass1_ms"":248.084125,""pbsm_adaptive_sample_large_ms"":372.362765,""pbsm_build_ms"":21.306879,""pbsm_partitions_stripes_ms"":20.966567,""run_build_ms"":21.307930,""run_fallback_count_ms"":248.087155,""run_fallback_sample_ms"":372.372144,""run_pilot_enum_prepare_ms"":0.000820,""run_pilot_enum_scan_ms"":37.940654}",,"{""dataset"":{""source"":""synthetic"",""name"":""uniform_t__nr100000__ns100000__a1_000ep00__g1"",""dim"":2,""path_r"":"""",""path_s"":"""",""synthetic"":{""generator"":""uniform"",""n_r"":100000,""n_s"":100000,""alpha"":1,""seed"":1}},""run"":{""method"":""pbsm"",""variant"":""adaptive"",""t"":1000000,""seed"":1,""repeats"":3,""j_star"":1000000,""enum_cap"":0,""write_samples"":false,""verify"":false},""output"":{""out_dir"":""run/temp/exp5/uniform_t"",""run_tag"":""exp5_uniform_t""},""sys"":{""threads"":1},""logging"":{""level"":""INFO"",""with_timestamp"":true,""with_thread_id"":false}}","{""generator"":""uniform"",""dataset"":""uniform_t__nr100000__ns100000__a1_000ep00__g1"",""n_r"":100000,""n_s"":100000,""has_exact_k"":false,""k_target"":0,""k_achieved"":0,""alpha_target"":1,""alpha_achieved"":nan,""notes"":""w_min_r=0.005, w_max_r=0.02, w_min_s=0.005, w_max_s=0.02, same_size_all_dims=0""}"
uniform_t__nr100000__ns100000__a1_000ep00__g1,uniform,1,100000,100000,tlsop,sampling,1000000,0,1,1,335.861,6.33447e+06,1,0,0,0,,0,"{""build_ms"":29.621581,""run_build_ms"":29.622301,""run_count_ms"":107.049187,""run_sample_ms"":199.187225,""tlsop_alloc_tiles_ms"":0.058229,""tlsop_build_ms"":29.620471,""tlsop_build_edges_ms"":0.000330,""tlsop_count_pass1_ms"":107.045436,""tlsop_pass1_count_caps_ms"":5.756803,""tlsop_pass1_reserve_ms"":0.461691,""tlsop_pass2_fill_ms"":7.675255,""tlsop_sample_draw_ranks_ms"":69.584243,""tlsop_sample_pass2_select_ms"":129.037433,""tlsop_sort_lists_ms"":15.655023}",,"{""dataset"":{""source"":""synthetic"",""name"":""uniform_t__nr100000__ns100000__a1_000ep00__g1"",""dim"":2,""path_r"":"""",""path_s"":"""",""synthetic"":{""generator"":""uniform"",""n_r"":100000,""n_s"":100000,""alpha"":1,""seed"":1}},""run"":{""method"":""tlsop"",""variant"":""sampling"",""t"":1000000,""seed"":1,""repeats"":3,""j_star"":1000000,""enum_cap"":0,""write_samples"":false,""verify"":false},""output"":{""out_dir"":""run/temp/exp5/uniform_t"",""run_tag"":""exp5_uniform_t""},""sys"":{""threads"":1},""logging"":{""level"":""INFO"",""with_timestamp"":true,""with_thread_id"":false}}","{""generator"":""uniform"",""dataset"":""uniform_t__nr100000__ns100000__a1_000ep00__g1"",""n_r"":100000,""n_s"":100000,""has_exact_k"":false,""k_target"":0,""k_achieved"":0,""alpha_target"":1,""alpha_achieved"":nan,""notes"":""w_min_r=0.005, w_max_r=0.02, w_min_s=0.005, w_max_s=0.02, same_size_all_dims=0""}"
uniform_t__nr100000__ns100000__a1_000ep00__g1,uniform,1,100000,100000,tlsop,sampling,1000000,1,2,1,335.316,6.33447e+06,1,0,0,0,,0,"{""build_ms"":30.111311,""run_build_ms"":30.111801,""run_count_ms"":106.972119,""run_sample_ms"":197.854342,""tlsop_alloc_tiles_ms"":0.061959,""tlsop_build_ms"":30.110511,""tlsop_build_edges_ms"":0.000840,""tlsop_count_pass1_ms"":106.968728,""tlsop_pass1_count_caps_ms"":5.763163,""tlsop_pass1_reserve_ms"":0.440951,""tlsop_pass2_fill_ms"":7.642485,""tlsop_sample_draw_ranks_ms"":68.342859,""tlsop_sample_pass2_select_ms"":128.964924,""tlsop_sort_lists_ms"":15.704332}",,"{""dataset"":{""source"":""synthetic"",""name"":""uniform_t__nr100000__ns100000__a1_000ep00__g1"",""dim"":2,""path_r"":"""",""path_s"":"""",""synthetic"":{""generator"":""uniform"",""n_r"":100000,""n_s"":100000,""alpha"":1,""seed"":1}},""run"":{""method"":""tlsop"",""variant"":""sampling"",""t"":1000000,""seed"":1,""repeats"":3,""j_star"":1000000,""enum_cap"":0,""write_samples"":false,""verify"":false},""output"":{""out_dir"":""run/temp/exp5/uniform_t"",""run_tag"":""exp5_uniform_t""},""sys"":{""threads"":1},""logging"":{""level"":""INFO"",""with_timestamp"":true,""with_thread_id"":false}}","{""generator"":""uniform"",""dataset"":""uniform_t__nr100000__ns100000__a1_000ep00__g1"",""n_r"":100000,""n_s"":100000,""has_exact_k"":false,""k_target"":0,""k_achieved"":0,""alpha_target"":1,""alpha_achieved"":nan,""notes"":""w_min_r=0.005, w_max_r=0.02, w_min_s=0.005, w_max_s=0.02, same_size_all_dims=0""}"
uniform_t__nr100000__ns100000__a1_000ep00__g1,uniform,1,100000,100000,tlsop,sampling,1000000,2,3,1,335.467,6.33447e+06,1,0,0,0,,0,"{""build_ms"":30.243328,""run_build_ms"":30.243868,""run_count_ms"":107.024507,""run_sample_ms"":197.797283,""tlsop_alloc_tiles_ms"":0.062078,""tlsop_build_ms"":30.242208,""tlsop_build_edges_ms"":0.000380,""tlsop_count_pass1_ms"":107.021637,""tlsop_pass1_count_caps_ms"":5.749113,""tlsop_pass1_reserve_ms"":0.440342,""tlsop_pass2_fill_ms"":7.656245,""tlsop_sample_draw_ranks_ms"":68.189081,""tlsop_sample_pass2_select_ms"":129.060122,""tlsop_sort_lists_ms"":15.856040}",,"{""dataset"":{""source"":""synthetic"",""name"":""uniform_t__nr100000__ns100000__a1_000ep00__g1"",""dim"":2,""path_r"":"""",""path_s"":"""",""synthetic"":{""generator"":""uniform"",""n_r"":100000,""n_s"":100000,""alpha"":1,""seed"":1}},""run"":{""method"":""tlsop"",""variant"":""sampling"",""t"":1000000,""seed"":1,""repeats"":3,""j_star"":1000000,""enum_cap"":0,""write_samples"":false,""verify"":false},""output"":{""out_dir"":""run/temp/exp5/uniform_t"",""run_tag"":""exp5_uniform_t""},""sys"":{""threads"":1},""logging"":{""level"":""INFO"",""with_timestamp"":true,""with_thread_id"":false}}","{""generator"":""uniform"",""dataset"":""uniform_t__nr100000__ns100000__a1_000ep00__g1"",""n_r"":100000,""n_s"":100000,""has_exact_k"":false,""k_target"":0,""k_achieved"":0,""alpha_target"":1,""alpha_achieved"":nan,""notes"":""w_min_r=0.005, w_max_r=0.02, w_min_s=0.005, w_max_s=0.02, same_size_all_dims=0""}"
uniform_t__nr100000__ns100000__a1_000ep00__g1,uniform,1,100000,100000,tlsop,adaptive,1000000,0,1,1,357.116,6.33447e+06,1,0,1,0,fallback_sampling,1000001,"{""build_ms"":29.644410,""enumerate_prepare_ms"":0.011909,""run_build_ms"":29.644870,""run_fallback_count_ms"":110.030666,""run_fallback_sample_ms"":199.187884,""run_pilot_enum_prepare_ms"":0.012620,""run_pilot_enum_scan_ms"":18.231192,""tlsop_adaptive_pass1_ms"":110.023656,""tlsop_adaptive_sample_large_ms"":199.179034,""tlsop_alloc_tiles_ms"":0.059549,""tlsop_build_ms"":29.643390,""tlsop_build_edges_ms"":0.000380,""tlsop_pass1_count_caps_ms"":5.756843,""tlsop_pass1_reserve_ms"":0.439791,""tlsop_pass2_fill_ms"":7.660094,""tlsop_sort_lists_ms"":15.716292}",,"{""dataset"":{""source"":""synthetic"",""name"":""uniform_t__nr100000__ns100000__a1_000ep00__g1"",""dim"":2,""path_r"":"""",""path_s"":"""",""synthetic"":{""generator"":""uniform"",""n_r"":100000,""n_s"":100000,""alpha"":1,""seed"":1}},""run"":{""method"":""tlsop"",""variant"":""adaptive"",""t"":1000000,""seed"":1,""repeats"":3,""j_star"":1000000,""enum_cap"":0,""write_samples"":false,""verify"":false},""output"":{""out_dir"":""run/temp/exp5/uniform_t"",""run_tag"":""exp5_uniform_t""},""sys"":{""threads"":1},""logging"":{""level"":""INFO"",""with_timestamp"":true,""with_thread_id"":false}}","{""generator"":""uniform"",""dataset"":""uniform_t__nr100000__ns100000__a1_000ep00__g1"",""n_r"":100000,""n_s"":100000,""has_exact_k"":false,""k_target"":0,""k_achieved"":0,""alpha_target"":1,""alpha_achieved"":nan,""notes"":""w_min_r=0.005, w_max_r=0.02, w_min_s=0.005, w_max_s=0.02, same_size_all_dims=0""}"
uniform_t__nr100000__ns100000__a1_000ep00__g1,uniform,1,100000,100000,tlsop,adaptive,1000000,1,2,1,357.385,6.33447e+06,1,0,1,0,fallback_sampling,1000001,"{""build_ms"":30.054993,""enumerate_prepare_ms"":0.011179,""run_build_ms"":30.055763,""run_fallback_count_ms"":110.350169,""run_fallback_sample_ms"":198.313222,""run_pilot_enum_prepare_ms"":0.011899,""run_pilot_enum_scan_ms"":18.248982,""tlsop_adaptive_pass1_ms"":110.343239,""tlsop_adaptive_sample_large_ms"":198.304332,""tlsop_alloc_tiles_ms"":0.061789,""tlsop_build_ms"":30.053853,""tlsop_build_edges_ms"":0.000860,""tlsop_pass1_count_caps_ms"":5.753854,""tlsop_pass1_reserve_ms"":0.442581,""tlsop_pass2_fill_ms"":7.646825,""tlsop_sort_lists_ms"":15.665564}",,"{""dataset"":{""source"":""synthetic"",""name"":""uniform_t__nr100000__ns100000__a1_000ep00__g1"",""dim"":2,""path_r"":"""",""path_s"":"""",""synthetic"":{""generator"":""uniform"",""n_r"":100000,""n_s"":100000,""alpha"":1,""seed"":1}},""run"":{""method"":""tlsop"",""variant"":""adaptive"",""t"":1000000,""seed"":1,""repeats"":3,""j_star"":1000000,""enum_cap"":0,""write_samples"":false,""verify"":false},""output"":{""out_dir"":""run/temp/exp5/uniform_t"",""run_tag"":""exp5_uniform_t""},""sys"":{""threads"":1},""logging"":{""level"":""INFO"",""with_timestamp"":true,""with_thread_id"":false}}","{""generator"":""uniform"",""dataset"":""uniform_t__nr100000__ns100000__a1_000ep00__g1"",""n_r"":100000,""n_s"":100000,""has_exact_k"":false,""k_target"":0,""k_achieved"":0,""alpha_target"":1,""alpha_achieved"":nan,""notes"":""w_min_r=0.005, w_max_r=0.02, w_min_s=0.005, w_max_s=0.02, same_size_all_dims=0""}"
uniform_t__nr100000__ns100000__a1_000ep00__g1,uniform,1,100000,100000,tlsop,adaptive,1000000,2,3,1,357.349,6.33447e+06,1,0,1,0,fallback_sampling,1000001,"{""build_ms"":30.034704,""enumerate_prepare_ms"":0.012820,""run_build_ms"":30.035333,""run_fallback_count_ms"":110.249462,""run_fallback_sample_ms"":198.408130,""run_pilot_enum_prepare_ms"":0.013519,""run_pilot_enum_scan_ms"":18.203932,""tlsop_adaptive_pass1_ms"":110.243062,""tlsop_adaptive_sample_large_ms"":198.399170,""tlsop_alloc_tiles_ms"":0.062099,""tlsop_build_ms"":30.034093,""tlsop_build_edges_ms"":0.000550,""tlsop_pass1_count_caps_ms"":5.766644,""tlsop_pass1_reserve_ms"":0.442021,""tlsop_pass2_fill_ms"":7.626756,""tlsop_sort_lists_ms"":15.654333}",,"{""dataset"":{""source"":""synthetic"",""name"":""uniform_t__nr100000__ns100000__a1_000ep00__g1"",""dim"":2,""path_r"":"""",""path_s"":"""",""synthetic"":{""generator"":""uniform"",""n_r"":100000,""n_s"":100000,""alpha"":1,""seed"":1}},""run"":{""method"":""tlsop"",""variant"":""adaptive"",""t"":1000000,""seed"":1,""repeats"":3,""j_star"":1000000,""enum_cap"":0,""write_samples"":false,""verify"":false},""output"":{""out_dir"":""run/temp/exp5/uniform_t"",""run_tag"":""exp5_uniform_t""},""sys"":{""threads"":1},""logging"":{""level"":""INFO"",""with_timestamp"":true,""with_thread_id"":false}}","{""generator"":""uniform"",""dataset"":""uniform_t__nr100000__ns100000__a1_000ep00__g1"",""n_r"":100000,""n_s"":100000,""has_exact_k"":false,""k_target"":0,""k_achieved"":0,""alpha_target"":1,""alpha_achieved"":nan,""notes"":""w_min_r=0.005, w_max_r=0.02, w_min_s=0.005, w_max_s=0.02, same_size_all_dims=0""}"
uniform_t__nr100000__ns100000__a1_000ep00__g1,uniform,1,100000,100000,sirs,sampling,1000000,0,1,1,1193.47,6.33447e+06,1,0,0,0,,0,"{""build_ms"":122.353298,""count_ms"":339.074687,""run_build_ms"":122.354048,""run_count_ms"":339.076567,""run_sample_ms"":732.032736,""sample_ms"":732.030195,""sirs_build_index_ms"":122.352868,""sirs_build_kd_ms"":11.202804,""sirs_embed_inner_ms"":55.997348,""sirs_phase1_degrees_ms"":339.072298,""sirs_rank_axes_ms"":55.146666}",,"{""dataset"":{""source"":""synthetic"",""name"":""uniform_t__nr100000__ns100000__a1_000ep00__g1"",""dim"":2,""path_r"":"""",""path_s"":"""",""synthetic"":{""generator"":""uniform"",""n_r"":100000,""n_s"":100000,""alpha"":1,""seed"":1}},""run"":{""method"":""sirs"",""variant"":""sampling"",""t"":1000000,""seed"":1,""repeats"":3,""j_star"":1000000,""enum_cap"":0,""write_samples"":false,""verify"":false},""output"":{""out_dir"":""run/temp/exp5/uniform_t"",""run_tag"":""exp5_uniform_t""},""sys"":{""threads"":1},""logging"":{""level"":""INFO"",""with_timestamp"":true,""with_thread_id"":false}}","{""generator"":""uniform"",""dataset"":""uniform_t__nr100000__ns100000__a1_000ep00__g1"",""n_r"":100000,""n_s"":100000,""has_exact_k"":false,""k_target"":0,""k_achieved"":0,""alpha_target"":1,""alpha_achieved"":nan,""notes"":""w_min_r=0.005, w_max_r=0.02, w_min_s=0.005, w_max_s=0.02, same_size_all_dims=0""}"
uniform_t__nr100000__ns100000__a1_000ep00__g1,uniform,1,100000,100000,sirs,sampling,1000000,1,2,1,1203.08,6.33447e+06,1,0,0,0,,0,"{""build_ms"":121.962154,""count_ms"":342.818492,""run_build_ms"":121.962714,""run_count_ms"":342.819522,""run_sample_ms"":738.296179,""sample_ms"":738.294139,""sirs_build_index_ms"":121.961585,""sirs_build_kd_ms"":11.204453,""sirs_embed_inner_ms"":56.099446,""sirs_phase1_degrees_ms"":342.815872,""sirs_rank_axes_ms"":54.651035}",,"{""dataset"":{""source"":""synthetic"",""name"":""uniform_t__nr100000__ns100000__a1_000ep00__g1"",""dim"":2,""path_r"":"""",""path_s"":"""",""synthetic"":{""generator"":""uniform"",""n_r"":100000,""n_s"":100000,""alpha"":1,""seed"":1}},""run"":{""method"":""sirs"",""variant"":""sampling"",""t"":1000000,""seed"":1,""repeats"":3,""j_star"":1000000,""enum_cap"":0,""write_samples"":false,""verify"":false},""output"":{""out_dir"":""run/temp/exp5/uniform_t"",""run_tag"":""exp5_uniform_t""},""sys"":{""threads"":1},""logging"":{""level"":""INFO"",""with_timestamp"":true,""with_thread_id"":false}}","{""generator"":""uniform"",""dataset"":""uniform_t__nr100000__ns100000__a1_000ep00__g1"",""n_r"":100000,""n_s"":100000,""has_exact_k"":false,""k_target"":0,""k_achieved"":0,""alpha_target"":1,""alpha_achieved"":nan,""notes"":""w_min_r=0.005, w_max_r=0.02, w_min_s=0.005, w_max_s=0.02, same_size_all_dims=0""}"
uniform_t__nr100000__ns100000__a1_000ep00__g1,uniform,1,100000,100000,sirs,sampling,1000000,2,3,1,1199.23,6.33447e+06,1,0,0,0,,0,"{""build_ms"":121.992384,""count_ms"":339.294884,""run_build_ms"":121.993004,""run_count_ms"":339.296503,""run_sample_ms"":737.940736,""sample_ms"":737.938296,""sirs_build_index_ms"":121.991924,""sirs_build_kd_ms"":11.188524,""sirs_embed_inner_ms"":56.122195,""sirs_phase1_degrees_ms"":339.291324,""sirs_rank_axes_ms"":54.674045}",,"{""dataset"":{""source"":""synthetic"",""name"":""uniform_t__nr100000__ns100000__a1_000ep00__g1"",""dim"":2,""path_r"":"""",""path_s"":"""",""synthetic"":{""generator"":""uniform"",""n_r"":100000,""n_s"":100000,""alpha"":1,""seed"":1}},""run"":{""method"":""sirs"",""variant"":""sampling"",""t"":1000000,""seed"":1,""repeats"":3,""j_star"":1000000,""enum_cap"":0,""write_samples"":false,""verify"":false},""output"":{""out_dir"":""run/temp/exp5/uniform_t"",""run_tag"":""exp5_uniform_t""},""sys"":{""threads"":1},""logging"":{""level"":""INFO"",""with_timestamp"":true,""with_thread_id"":false}}","{""generator"":""uniform"",""dataset"":""uniform_t__nr100000__ns100000__a1_000ep00__g1"",""n_r"":100000,""n_s"":100000,""has_exact_k"":false,""k_target"":0,""k_achieved"":0,""alpha_target"":1,""alpha_achieved"":nan,""notes"":""w_min_r=0.005, w_max_r=0.02, w_min_s=0.005, w_max_s=0.02, same_size_all_dims=0""}"
uniform_t__nr100000__ns100000__a1_000ep00__g1,uniform,1,100000,100000,sirs,adaptive,1000000,0,1,1,1299.1,6.33447e+06,1,0,1,0,fallback_sampling,1000001,"{""build_ms"":122.420936,""count_ms"":358.059764,""run_build_ms"":122.421506,""run_fallback_count_ms"":358.063204,""run_fallback_sample_ms"":737.368308,""run_pilot_enum_prepare_ms"":0.000660,""run_pilot_enum_scan_ms"":81.230878,""sample_ms"":737.365838,""sirs_build_index_ms"":122.420286,""sirs_build_kd_ms"":11.203673,""sirs_embed_inner_ms"":56.133296,""sirs_rank_axes_ms"":55.075397}",,"{""dataset"":{""source"":""synthetic"",""name"":""uniform_t__nr100000__ns100000__a1_000ep00__g1"",""dim"":2,""path_r"":"""",""path_s"":"""",""synthetic"":{""generator"":""uniform"",""n_r"":100000,""n_s"":100000,""alpha"":1,""seed"":1}},""run"":{""method"":""sirs"",""variant"":""adaptive"",""t"":1000000,""seed"":1,""repeats"":3,""j_star"":1000000,""enum_cap"":0,""write_samples"":false,""verify"":false},""output"":{""out_dir"":""run/temp/exp5/uniform_t"",""run_tag"":""exp5_uniform_t""},""sys"":{""threads"":1},""logging"":{""level"":""INFO"",""with_timestamp"":true,""with_thread_id"":false}}","{""generator"":""uniform"",""dataset"":""uniform_t__nr100000__ns100000__a1_000ep00__g1"",""n_r"":100000,""n_s"":100000,""has_exact_k"":false,""k_target"":0,""k_achieved"":0,""alpha_target"":1,""alpha_achieved"":nan,""notes"":""w_min_r=0.005, w_max_r=0.02, w_min_s=0.005, w_max_s=0.02, same_size_all_dims=0""}"
uniform_t__nr100000__ns100000__a1_000ep00__g1,uniform,1,100000,100000,sirs,adaptive,1000000,1,2,1,1298.49,6.33447e+06,1,0,1,0,fallback_sampling,1000001,"{""build_ms"":121.888716,""count_ms"":358.119933,""run_build_ms"":121.889317,""run_fallback_count_ms"":358.122883,""run_fallback_sample_ms"":737.151772,""run_pilot_enum_prepare_ms"":0.000531,""run_pilot_enum_scan_ms"":81.311887,""sample_ms"":737.149273,""sirs_build_index_ms"":121.888146,""sirs_build_kd_ms"":11.203734,""sirs_embed_inner_ms"":55.974638,""sirs_rank_axes_ms"":54.702505}",,"{""dataset"":{""source"":""synthetic"",""name"":""uniform_t__nr100000__ns100000__a1_000ep00__g1"",""dim"":2,""path_r"":"""",""path_s"":"""",""synthetic"":{""generator"":""uniform"",""n_r"":100000,""n_s"":100000,""alpha"":1,""seed"":1}},""run"":{""method"":""sirs"",""variant"":""adaptive"",""t"":1000000,""seed"":1,""repeats"":3,""j_star"":1000000,""enum_cap"":0,""write_samples"":false,""verify"":false},""output"":{""out_dir"":""run/temp/exp5/uniform_t"",""run_tag"":""exp5_uniform_t""},""sys"":{""threads"":1},""logging"":{""level"":""INFO"",""with_timestamp"":true,""with_thread_id"":false}}","{""generator"":""uniform"",""dataset"":""uniform_t__nr100000__ns100000__a1_000ep00__g1"",""n_r"":100000,""n_s"":100000,""has_exact_k"":false,""k_target"":0,""k_achieved"":0,""alpha_target"":1,""alpha_achieved"":nan,""notes"":""w_min_r=0.005, w_max_r=0.02, w_min_s=0.005, w_max_s=0.02, same_size_all_dims=0""}"
uniform_t__nr100000__ns100000__a1_000ep00__g1,uniform,1,100000,100000,sirs,adaptive,1000000,2,3,1,1301.97,6.33447e+06,1,0,1,0,fallback_sampling,1000001,"{""build_ms"":121.763659,""count_ms"":361.612242,""run_build_ms"":121.764358,""run_fallback_count_ms"":361.615112,""run_fallback_sample_ms"":737.198802,""run_pilot_enum_prepare_ms"":0.000570,""run_pilot_enum_scan_ms"":81.371206,""sample_ms"":737.196382,""sirs_build_index_ms"":121.763089,""sirs_build_kd_ms"":11.112325,""sirs_embed_inner_ms"":55.979508,""sirs_rank_axes_ms"":54.664366}",,"{""dataset"":{""source"":""synthetic"",""name"":""uniform_t__nr100000__ns100000__a1_000ep00__g1"",""dim"":2,""path_r"":"""",""path_s"":"""",""synthetic"":{""generator"":""uniform"",""n_r"":100000,""n_s"":100000,""alpha"":1,""seed"":1}},""run"":{""method"":""sirs"",""variant"":""adaptive"",""t"":1000000,""seed"":1,""repeats"":3,""j_star"":1000000,""enum_cap"":0,""write_samples"":false,""verify"":false},""output"":{""out_dir"":""run/temp/exp5/uniform_t"",""run_tag"":""exp5_uniform_t""},""sys"":{""threads"":1},""logging"":{""level"":""INFO"",""with_timestamp"":true,""with_thread_id"":false}}","{""generator"":""uniform"",""dataset"":""uniform_t__nr100000__ns100000__a1_000ep00__g1"",""n_r"":100000,""n_s"":100000,""has_exact_k"":false,""k_target"":0,""k_achieved"":0,""alpha_target"":1,""alpha_achieved"":nan,""notes"":""w_min_r=0.005, w_max_r=0.02, w_min_s=0.005, w_max_s=0.02, same_size_all_dims=0""}"
uniform_t__nr100000__ns100000__a1_000ep00__g1,uniform,1,100000,100000,rejection,sampling,1000000,0,1,0,-1,-1,0,0,0,0,,0,{},SKIPPED: rejection+sampling is disabled in sjs_sweep; use variant=adaptive.,"{""dataset"":{""source"":""synthetic"",""name"":""uniform_t__nr100000__ns100000__a1_000ep00__g1"",""dim"":2,""path_r"":"""",""path_s"":"""",""synthetic"":{""generator"":""uniform"",""n_r"":100000,""n_s"":100000,""alpha"":1,""seed"":1}},""run"":{""method"":""rejection"",""variant"":""sampling"",""t"":1000000,""seed"":1,""repeats"":3,""j_star"":1000000,""enum_cap"":0,""write_samples"":false,""verify"":false},""output"":{""out_dir"":""run/temp/exp5/uniform_t"",""run_tag"":""exp5_uniform_t""},""sys"":{""threads"":1},""logging"":{""level"":""INFO"",""with_timestamp"":true,""with_thread_id"":false}}","{""generator"":""uniform"",""dataset"":""uniform_t__nr100000__ns100000__a1_000ep00__g1"",""n_r"":100000,""n_s"":100000,""has_exact_k"":false,""k_target"":0,""k_achieved"":0,""alpha_target"":1,""alpha_achieved"":nan,""notes"":""w_min_r=0.005, w_max_r=0.02, w_min_s=0.005, w_max_s=0.02, same_size_all_dims=0""}"
uniform_t__nr100000__ns100000__a1_000ep00__g1,uniform,1,100000,100000,rejection,sampling,1000000,1,2,0,-1,-1,0,0,0,0,,0,{},SKIPPED: rejection+sampling is disabled in sjs_sweep; use variant=adaptive.,"{""dataset"":{""source"":""synthetic"",""name"":""uniform_t__nr100000__ns100000__a1_000ep00__g1"",""dim"":2,""path_r"":"""",""path_s"":"""",""synthetic"":{""generator"":""uniform"",""n_r"":100000,""n_s"":100000,""alpha"":1,""seed"":1}},""run"":{""method"":""rejection"",""variant"":""sampling"",""t"":1000000,""seed"":1,""repeats"":3,""j_star"":1000000,""enum_cap"":0,""write_samples"":false,""verify"":false},""output"":{""out_dir"":""run/temp/exp5/uniform_t"",""run_tag"":""exp5_uniform_t""},""sys"":{""threads"":1},""logging"":{""level"":""INFO"",""with_timestamp"":true,""with_thread_id"":false}}","{""generator"":""uniform"",""dataset"":""uniform_t__nr100000__ns100000__a1_000ep00__g1"",""n_r"":100000,""n_s"":100000,""has_exact_k"":false,""k_target"":0,""k_achieved"":0,""alpha_target"":1,""alpha_achieved"":nan,""notes"":""w_min_r=0.005, w_max_r=0.02, w_min_s=0.005, w_max_s=0.02, same_size_all_dims=0""}"
uniform_t__nr100000__ns100000__a1_000ep00__g1,uniform,1,100000,100000,rejection,sampling,1000000,2,3,0,-1,-1,0,0,0,0,,0,{},SKIPPED: rejection+sampling is disabled in sjs_sweep; use variant=adaptive.,"{""dataset"":{""source"":""synthetic"",""name"":""uniform_t__nr100000__ns100000__a1_000ep00__g1"",""dim"":2,""path_r"":"""",""path_s"":"""",""synthetic"":{""generator"":""uniform"",""n_r"":100000,""n_s"":100000,""alpha"":1,""seed"":1}},""run"":{""method"":""rejection"",""variant"":""sampling"",""t"":1000000,""seed"":1,""repeats"":3,""j_star"":1000000,""enum_cap"":0,""write_samples"":false,""verify"":false},""output"":{""out_dir"":""run/temp/exp5/uniform_t"",""run_tag"":""exp5_uniform_t""},""sys"":{""threads"":1},""logging"":{""level"":""INFO"",""with_timestamp"":true,""with_thread_id"":false}}","{""generator"":""uniform"",""dataset"":""uniform_t__nr100000__ns100000__a1_000ep00__g1"",""n_r"":100000,""n_s"":100000,""has_exact_k"":false,""k_target"":0,""k_achieved"":0,""alpha_target"":1,""alpha_achieved"":nan,""notes"":""w_min_r=0.005, w_max_r=0.02, w_min_s=0.005, w_max_s=0.02, same_size_all_dims=0""}"
uniform_t__nr100000__ns100000__a1_000ep00__g1,uniform,1,100000,100000,rejection,adaptive,1000000,0,1,1,712.968,6.33516e+06,0,0,1,0,fallback_sampling,1000001,"{""adaptive_phase1_ms"":52.119947,""adaptive_sample_ms"":488.404100,""build_ms"":128.120861,""build_M_ms"":0.107818,""build_cellmap_ms"":14.867520,""build_mu_alias_ms"":112.874299,""build_slab_index_ms"":0.263115,""count_pilot_ms"":9.180644,""run_build_ms"":128.122111,""run_fallback_count_ms"":52.121576,""run_fallback_sample_ms"":488.409520,""run_pilot_enum_prepare_ms"":0.002240,""run_pilot_enum_scan_ms"":44.301795}",,"{""dataset"":{""source"":""synthetic"",""name"":""uniform_t__nr100000__ns100000__a1_000ep00__g1"",""dim"":2,""path_r"":"""",""path_s"":"""",""synthetic"":{""generator"":""uniform"",""n_r"":100000,""n_s"":100000,""alpha"":1,""seed"":1}},""run"":{""method"":""rejection"",""variant"":""adaptive"",""t"":1000000,""seed"":1,""repeats"":3,""j_star"":1000000,""enum_cap"":0,""write_samples"":false,""verify"":false},""output"":{""out_dir"":""run/temp/exp5/uniform_t"",""run_tag"":""exp5_uniform_t""},""sys"":{""threads"":1},""logging"":{""level"":""INFO"",""with_timestamp"":true,""with_thread_id"":false}}","{""generator"":""uniform"",""dataset"":""uniform_t__nr100000__ns100000__a1_000ep00__g1"",""n_r"":100000,""n_s"":100000,""has_exact_k"":false,""k_target"":0,""k_achieved"":0,""alpha_target"":1,""alpha_achieved"":nan,""notes"":""w_min_r=0.005, w_max_r=0.02, w_min_s=0.005, w_max_s=0.02, same_size_all_dims=0""}"
uniform_t__nr100000__ns100000__a1_000ep00__g1,uniform,1,100000,100000,rejection,adaptive,1000000,1,2,1,709.125,6.35788e+06,0,0,1,0,fallback_sampling,1000001,"{""adaptive_phase1_ms"":52.124806,""adaptive_sample_ms"":478.667217,""build_ms"":127.374157,""build_M_ms"":0.108058,""build_cellmap_ms"":14.887599,""build_mu_alias_ms"":112.102874,""build_slab_index_ms"":0.262815,""count_pilot_ms"":9.109715,""run_build_ms"":127.429875,""run_fallback_count_ms"":52.126396,""run_fallback_sample_ms"":478.672087,""run_pilot_enum_prepare_ms"":0.001760,""run_pilot_enum_scan_ms"":44.572670}",,"{""dataset"":{""source"":""synthetic"",""name"":""uniform_t__nr100000__ns100000__a1_000ep00__g1"",""dim"":2,""path_r"":"""",""path_s"":"""",""synthetic"":{""generator"":""uniform"",""n_r"":100000,""n_s"":100000,""alpha"":1,""seed"":1}},""run"":{""method"":""rejection"",""variant"":""adaptive"",""t"":1000000,""seed"":1,""repeats"":3,""j_star"":1000000,""enum_cap"":0,""write_samples"":false,""verify"":false},""output"":{""out_dir"":""run/temp/exp5/uniform_t"",""run_tag"":""exp5_uniform_t""},""sys"":{""threads"":1},""logging"":{""level"":""INFO"",""with_timestamp"":true,""with_thread_id"":false}}","{""generator"":""uniform"",""dataset"":""uniform_t__nr100000__ns100000__a1_000ep00__g1"",""n_r"":100000,""n_s"":100000,""has_exact_k"":false,""k_target"":0,""k_achieved"":0,""alpha_target"":1,""alpha_achieved"":nan,""notes"":""w_min_r=0.005, w_max_r=0.02, w_min_s=0.005, w_max_s=0.02, same_size_all_dims=0""}"
uniform_t__nr100000__ns100000__a1_000ep00__g1,uniform,1,100000,100000,rejection,adaptive,1000000,2,3,1,717.879,6.35092e+06,0,0,1,0,fallback_sampling,1000001,"{""adaptive_phase1_ms"":51.554748,""adaptive_sample_ms"":478.165646,""build_ms"":127.374577,""build_M_ms"":0.107898,""build_cellmap_ms"":14.761922,""build_mu_alias_ms"":112.225183,""build_slab_index_ms"":0.265884,""count_pilot_ms"":8.843121,""run_build_ms"":127.431265,""run_fallback_count_ms"":51.556108,""run_fallback_sample_ms"":478.170706,""run_pilot_enum_prepare_ms"":0.002140,""run_pilot_enum_scan_ms"":44.477942}",,"{""dataset"":{""source"":""synthetic"",""name"":""uniform_t__nr100000__ns100000__a1_000ep00__g1"",""dim"":2,""path_r"":"""",""path_s"":"""",""synthetic"":{""generator"":""uniform"",""n_r"":100000,""n_s"":100000,""alpha"":1,""seed"":1}},""run"":{""method"":""rejection"",""variant"":""adaptive"",""t"":1000000,""seed"":1,""repeats"":3,""j_star"":1000000,""enum_cap"":0,""write_samples"":false,""verify"":false},""output"":{""out_dir"":""run/temp/exp5/uniform_t"",""run_tag"":""exp5_uniform_t""},""sys"":{""threads"":1},""logging"":{""level"":""INFO"",""with_timestamp"":true,""with_thread_id"":false}}","{""generator"":""uniform"",""dataset"":""uniform_t__nr100000__ns100000__a1_000ep00__g1"",""n_r"":100000,""n_s"":100000,""has_exact_k"":false,""k_target"":0,""k_achieved"":0,""alpha_target"":1,""alpha_achieved"":nan,""notes"":""w_min_r=0.005, w_max_r=0.02, w_min_s=0.005, w_max_s=0.02, same_size_all_dims=0""}"
