dataset,generator,alpha,n_r,n_s,method,variant,t,rep,seed,ok,wall_ms,count_value,count_exact,used_enumeration,enum_truncated,enum_cap,adaptive_branch,adaptive_pilot_pairs,phases_json,note,config_json,gen_report_json
exp6_stripe__nr100000__ns100000__a1_000em02__g1,stripe,0.01,100000,100000,ours,sampling,1000,0,1,1,489.428,2000,1,0,0,0,,0,"{""build_active_indices_ms"":23.572457,""build_events_ms"":36.784337,""build_ranks_ms"":40.488362,""build_y_domain_ms"":14.162069,""phase1_count_ms"":232.183488,""phase2_plan_ms"":5.101796,""phase3_sample_ms"":134.797791,""run_build_ms"":117.006815,""run_count_ms"":232.186468,""run_sample_ms"":140.227730}",,"{""dataset"":{""source"":""synthetic"",""name"":""exp6_stripe__nr100000__ns100000__a1_000em02__g1"",""dim"":2,""path_r"":"""",""path_s"":"""",""synthetic"":{""generator"":""stripe"",""n_r"":100000,""n_s"":100000,""alpha"":0.01,""seed"":1}},""run"":{""method"":""ours"",""variant"":""sampling"",""t"":1000,""seed"":1,""repeats"":3,""j_star"":1000000,""enum_cap"":0,""write_samples"":false,""verify"":false},""output"":{""out_dir"":""/home/dhy/PhD/SIGMOD-EXP/EXP-2/run/temp/exp6"",""run_tag"":""""},""sys"":{""threads"":1},""logging"":{""level"":""INFO"",""with_timestamp"":true,""with_thread_id"":false}}","{""generator"":""stripe_ctrl_alpha"",""dataset"":""exp6_stripe__nr100000__ns100000__a1_000em02__g1"",""n_r"":100000,""n_s"":100000,""has_exact_k"":true,""k_target"":2000,""k_achieved"":2000,""alpha_target"":0.01,""alpha_achieved"":0.01,""notes"":""control_axis=1, core=[0.45,0.55], g=9.9999e-07, h=9e-06, delta=2.49998e-07, shuffle_strips=1, shuffle_r=0, k_overridden=0""}"
exp6_stripe__nr100000__ns100000__a1_000em02__g1,stripe,0.01,100000,100000,ours,sampling,1000,1,2,1,508.957,2000,1,0,0,0,,0,"{""build_active_indices_ms"":5.483157,""build_events_ms"":44.225825,""build_ranks_ms"":40.085710,""build_y_domain_ms"":13.772888,""phase1_count_ms"":222.197842,""phase2_plan_ms"":5.250453,""phase3_sample_ms"":134.707023,""run_build_ms"":104.069870,""run_count_ms"":222.201532,""run_sample_ms"":139.964046}",,"{""dataset"":{""source"":""synthetic"",""name"":""exp6_stripe__nr100000__ns100000__a1_000em02__g1"",""dim"":2,""path_r"":"""",""path_s"":"""",""synthetic"":{""generator"":""stripe"",""n_r"":100000,""n_s"":100000,""alpha"":0.01,""seed"":1}},""run"":{""method"":""ours"",""variant"":""sampling"",""t"":1000,""seed"":1,""repeats"":3,""j_star"":1000000,""enum_cap"":0,""write_samples"":false,""verify"":false},""output"":{""out_dir"":""/home/dhy/PhD/SIGMOD-EXP/EXP-2/run/temp/exp6"",""run_tag"":""""},""sys"":{""threads"":1},""logging"":{""level"":""INFO"",""with_timestamp"":true,""with_thread_id"":false}}","{""generator"":""stripe_ctrl_alpha"",""dataset"":""exp6_stripe__nr100000__ns100000__a1_000em02__g1"",""n_r"":100000,""n_s"":100000,""has_exact_k"":true,""k_target"":2000,""k_achieved"":2000,""alpha_target"":0.01,""alpha_achieved"":0.01,""notes"":""control_axis=1, core=[0.45,0.55], g=9.9999e-07, h=9e-06, delta=2.49998e-07, shuffle_strips=1, shuffle_r=0, k_overridden=0""}"
exp6_stripe__nr100000__ns100000__a1_000em02__g1,stripe,0.01,100000,100000,ours,sampling,1000,2,3,1,506.708,2000,1,0,0,0,,0,"{""build_active_indices_ms"":5.476718,""build_events_ms"":42.917181,""build_ranks_ms"":40.092780,""build_y_domain_ms"":13.802708,""phase1_count_ms"":221.346241,""phase2_plan_ms"":5.130655,""phase3_sample_ms"":134.821351,""run_build_ms"":102.782946,""run_count_ms"":221.350251,""run_sample_ms"":139.957815}",,"{""dataset"":{""source"":""synthetic"",""name"":""exp6_stripe__nr100000__ns100000__a1_000em02__g1"",""dim"":2,""path_r"":"""",""path_s"":"""",""synthetic"":{""generator"":""stripe"",""n_r"":100000,""n_s"":100000,""alpha"":0.01,""seed"":1}},""run"":{""method"":""ours"",""variant"":""sampling"",""t"":1000,""seed"":1,""repeats"":3,""j_star"":1000000,""enum_cap"":0,""write_samples"":false,""verify"":false},""output"":{""out_dir"":""/home/dhy/PhD/SIGMOD-EXP/EXP-2/run/temp/exp6"",""run_tag"":""""},""sys"":{""threads"":1},""logging"":{""level"":""INFO"",""with_timestamp"":true,""with_thread_id"":false}}","{""generator"":""stripe_ctrl_alpha"",""dataset"":""exp6_stripe__nr100000__ns100000__a1_000em02__g1"",""n_r"":100000,""n_s"":100000,""has_exact_k"":true,""k_target"":2000,""k_achieved"":2000,""alpha_target"":0.01,""alpha_achieved"":0.01,""notes"":""control_axis=1, core=[0.45,0.55], g=9.9999e-07, h=9e-06, delta=2.49998e-07, shuffle_strips=1, shuffle_r=0, k_overridden=0""}"
exp6_stripe__nr100000__ns100000__a1_000em02__g1,stripe,0.01,100000,100000,ours,enum_sampling,1000,0,1,1,427.551,2000,1,1,0,0,,0,"{""build_active_indices_ms"":18.935193,""build_events_ms"":35.010253,""build_ranks_ms"":39.958663,""build_y_domain_ms"":13.784677,""run_build_ms"":108.076498,""run_draw_ranks_ms"":0.050559,""run_enum_pass1_count_ms"":225.096274,""run_enum_pass2_select_ms"":92.729432,""run_enum_prepare_ms"":1.581297}",,"{""dataset"":{""source"":""synthetic"",""name"":""exp6_stripe__nr100000__ns100000__a1_000em02__g1"",""dim"":2,""path_r"":"""",""path_s"":"""",""synthetic"":{""generator"":""stripe"",""n_r"":100000,""n_s"":100000,""alpha"":0.01,""seed"":1}},""run"":{""method"":""ours"",""variant"":""enum_sampling"",""t"":1000,""seed"":1,""repeats"":3,""j_star"":1000000,""enum_cap"":0,""write_samples"":false,""verify"":false},""output"":{""out_dir"":""/home/dhy/PhD/SIGMOD-EXP/EXP-2/run/temp/exp6"",""run_tag"":""""},""sys"":{""threads"":1},""logging"":{""level"":""INFO"",""with_timestamp"":true,""with_thread_id"":false}}","{""generator"":""stripe_ctrl_alpha"",""dataset"":""exp6_stripe__nr100000__ns100000__a1_000em02__g1"",""n_r"":100000,""n_s"":100000,""has_exact_k"":true,""k_target"":2000,""k_achieved"":2000,""alpha_target"":0.01,""alpha_achieved"":0.01,""notes"":""control_axis=1, core=[0.45,0.55], g=9.9999e-07, h=9e-06, delta=2.49998e-07, shuffle_strips=1, shuffle_r=0, k_overridden=0""}"
exp6_stripe__nr100000__ns100000__a1_000em02__g1,stripe,0.01,100000,100000,ours,enum_sampling,1000,1,2,1,458.048,2000,1,1,0,0,,0,"{""build_active_indices_ms"":5.476488,""build_events_ms"":42.575169,""build_ranks_ms"":39.986672,""build_y_domain_ms"":13.805688,""run_build_ms"":102.230679,""run_draw_ranks_ms"":0.049779,""run_enum_pass1_count_ms"":219.982418,""run_enum_pass2_select_ms"":90.717833,""run_enum_prepare_ms"":1.532189}",,"{""dataset"":{""source"":""synthetic"",""name"":""exp6_stripe__nr100000__ns100000__a1_000em02__g1"",""dim"":2,""path_r"":"""",""path_s"":"""",""synthetic"":{""generator"":""stripe"",""n_r"":100000,""n_s"":100000,""alpha"":0.01,""seed"":1}},""run"":{""method"":""ours"",""variant"":""enum_sampling"",""t"":1000,""seed"":1,""repeats"":3,""j_star"":1000000,""enum_cap"":0,""write_samples"":false,""verify"":false},""output"":{""out_dir"":""/home/dhy/PhD/SIGMOD-EXP/EXP-2/run/temp/exp6"",""run_tag"":""""},""sys"":{""threads"":1},""logging"":{""level"":""INFO"",""with_timestamp"":true,""with_thread_id"":false}}","{""generator"":""stripe_ctrl_alpha"",""dataset"":""exp6_stripe__nr100000__ns100000__a1_000em02__g1"",""n_r"":100000,""n_s"":100000,""has_exact_k"":true,""k_target"":2000,""k_achieved"":2000,""alpha_target"":0.01,""alpha_achieved"":0.01,""notes"":""control_axis=1, core=[0.45,0.55], g=9.9999e-07, h=9e-06, delta=2.49998e-07, shuffle_strips=1, shuffle_r=0, k_overridden=0""}"
exp6_stripe__nr100000__ns100000__a1_000em02__g1,stripe,0.01,100000,100000,ours,enum_sampling,1000,2,3,1,459.02,2000,1,1,0,0,,0,"{""build_active_indices_ms"":5.473017,""build_events_ms"":42.331774,""build_ranks_ms"":39.940543,""build_y_domain_ms"":13.799028,""run_build_ms"":101.931104,""run_draw_ranks_ms"":0.049679,""run_enum_pass1_count_ms"":220.834691,""run_enum_pass2_select_ms"":91.025777,""run_enum_prepare_ms"":1.511620}",,"{""dataset"":{""source"":""synthetic"",""name"":""exp6_stripe__nr100000__ns100000__a1_000em02__g1"",""dim"":2,""path_r"":"""",""path_s"":"""",""synthetic"":{""generator"":""stripe"",""n_r"":100000,""n_s"":100000,""alpha"":0.01,""seed"":1}},""run"":{""method"":""ours"",""variant"":""enum_sampling"",""t"":1000,""seed"":1,""repeats"":3,""j_star"":1000000,""enum_cap"":0,""write_samples"":false,""verify"":false},""output"":{""out_dir"":""/home/dhy/PhD/SIGMOD-EXP/EXP-2/run/temp/exp6"",""run_tag"":""""},""sys"":{""threads"":1},""logging"":{""level"":""INFO"",""with_timestamp"":true,""with_thread_id"":false}}","{""generator"":""stripe_ctrl_alpha"",""dataset"":""exp6_stripe__nr100000__ns100000__a1_000em02__g1"",""n_r"":100000,""n_s"":100000,""has_exact_k"":true,""k_target"":2000,""k_achieved"":2000,""alpha_target"":0.01,""alpha_achieved"":0.01,""notes"":""control_axis=1, core=[0.45,0.55], g=9.9999e-07, h=9e-06, delta=2.49998e-07, shuffle_strips=1, shuffle_r=0, k_overridden=0""}"
exp6_stripe__nr100000__ns100000__a1_000em02__g1,stripe,0.01,100000,100000,ours,adaptive,1000,0,1,1,320.956,2000,1,1,0,0,enumerate_all,2000,"{""build_active_indices_ms"":5.581325,""build_events_ms"":34.975064,""build_ranks_ms"":39.990442,""build_y_domain_ms"":15.008813,""run_build_ms"":96.054714,""run_pilot_enum_prepare_ms"":1.521429,""run_pilot_enum_scan_ms"":223.362599,""run_small_join_sample_from_list_ms"":0.007380}",,"{""dataset"":{""source"":""synthetic"",""name"":""exp6_stripe__nr100000__ns100000__a1_000em02__g1"",""dim"":2,""path_r"":"""",""path_s"":"""",""synthetic"":{""generator"":""stripe"",""n_r"":100000,""n_s"":100000,""alpha"":0.01,""seed"":1}},""run"":{""method"":""ours"",""variant"":""adaptive"",""t"":1000,""seed"":1,""repeats"":3,""j_star"":1000000,""enum_cap"":0,""write_samples"":false,""verify"":false},""output"":{""out_dir"":""/home/dhy/PhD/SIGMOD-EXP/EXP-2/run/temp/exp6"",""run_tag"":""""},""sys"":{""threads"":1},""logging"":{""level"":""INFO"",""with_timestamp"":true,""with_thread_id"":false}}","{""generator"":""stripe_ctrl_alpha"",""dataset"":""exp6_stripe__nr100000__ns100000__a1_000em02__g1"",""n_r"":100000,""n_s"":100000,""has_exact_k"":true,""k_target"":2000,""k_achieved"":2000,""alpha_target"":0.01,""alpha_achieved"":0.01,""notes"":""control_axis=1, core=[0.45,0.55], g=9.9999e-07, h=9e-06, delta=2.49998e-07, shuffle_strips=1, shuffle_r=0, k_overridden=0""}"
exp6_stripe__nr100000__ns100000__a1_000em02__g1,stripe,0.01,100000,100000,ours,adaptive,1000,1,2,1,368.898,2000,1,1,0,0,enumerate_all,2000,"{""build_active_indices_ms"":5.496937,""build_events_ms"":42.487761,""build_ranks_ms"":40.021461,""build_y_domain_ms"":13.804888,""run_build_ms"":102.304997,""run_pilot_enum_prepare_ms"":1.535839,""run_pilot_enum_scan_ms"":221.955919,""run_small_join_sample_from_list_ms"":0.007589}",,"{""dataset"":{""source"":""synthetic"",""name"":""exp6_stripe__nr100000__ns100000__a1_000em02__g1"",""dim"":2,""path_r"":"""",""path_s"":"""",""synthetic"":{""generator"":""stripe"",""n_r"":100000,""n_s"":100000,""alpha"":0.01,""seed"":1}},""run"":{""method"":""ours"",""variant"":""adaptive"",""t"":1000,""seed"":1,""repeats"":3,""j_star"":1000000,""enum_cap"":0,""write_samples"":false,""verify"":false},""output"":{""out_dir"":""/home/dhy/PhD/SIGMOD-EXP/EXP-2/run/temp/exp6"",""run_tag"":""""},""sys"":{""threads"":1},""logging"":{""level"":""INFO"",""with_timestamp"":true,""with_thread_id"":false}}","{""generator"":""stripe_ctrl_alpha"",""dataset"":""exp6_stripe__nr100000__ns100000__a1_000em02__g1"",""n_r"":100000,""n_s"":100000,""has_exact_k"":true,""k_target"":2000,""k_achieved"":2000,""alpha_target"":0.01,""alpha_achieved"":0.01,""notes"":""control_axis=1, core=[0.45,0.55], g=9.9999e-07, h=9e-06, delta=2.49998e-07, shuffle_strips=1, shuffle_r=0, k_overridden=0""}"
exp6_stripe__nr100000__ns100000__a1_000em02__g1,stripe,0.01,100000,100000,ours,adaptive,1000,2,3,1,372.999,2000,1,1,0,0,enumerate_all,2000,"{""build_active_indices_ms"":5.494098,""build_events_ms"":42.734165,""build_ranks_ms"":40.051990,""build_y_domain_ms"":13.825417,""run_build_ms"":102.599891,""run_pilot_enum_prepare_ms"":1.529639,""run_pilot_enum_scan_ms"":223.497706,""run_small_join_sample_from_list_ms"":0.007730}",,"{""dataset"":{""source"":""synthetic"",""name"":""exp6_stripe__nr100000__ns100000__a1_000em02__g1"",""dim"":2,""path_r"":"""",""path_s"":"""",""synthetic"":{""generator"":""stripe"",""n_r"":100000,""n_s"":100000,""alpha"":0.01,""seed"":1}},""run"":{""method"":""ours"",""variant"":""adaptive"",""t"":1000,""seed"":1,""repeats"":3,""j_star"":1000000,""enum_cap"":0,""write_samples"":false,""verify"":false},""output"":{""out_dir"":""/home/dhy/PhD/SIGMOD-EXP/EXP-2/run/temp/exp6"",""run_tag"":""""},""sys"":{""threads"":1},""logging"":{""level"":""INFO"",""with_timestamp"":true,""with_thread_id"":false}}","{""generator"":""stripe_ctrl_alpha"",""dataset"":""exp6_stripe__nr100000__ns100000__a1_000em02__g1"",""n_r"":100000,""n_s"":100000,""has_exact_k"":true,""k_target"":2000,""k_achieved"":2000,""alpha_target"":0.01,""alpha_achieved"":0.01,""notes"":""control_axis=1, core=[0.45,0.55], g=9.9999e-07, h=9e-06, delta=2.49998e-07, shuffle_strips=1, shuffle_r=0, k_overridden=0""}"
exp6_stripe__nr100000__ns100000__a1_000em02__g1,stripe,0.01,100000,100000,ours,sampling,3000,0,1,1,454.382,2000,1,0,0,0,,0,"{""build_active_indices_ms"":5.586296,""build_events_ms"":35.057513,""build_ranks_ms"":40.023671,""build_y_domain_ms"":13.808017,""phase1_count_ms"":220.623056,""phase2_plan_ms"":3.885471,""phase3_sample_ms"":134.872870,""run_build_ms"":94.984236,""run_count_ms"":220.626246,""run_sample_ms"":138.767321}",,"{""dataset"":{""source"":""synthetic"",""name"":""exp6_stripe__nr100000__ns100000__a1_000em02__g1"",""dim"":2,""path_r"":"""",""path_s"":"""",""synthetic"":{""generator"":""stripe"",""n_r"":100000,""n_s"":100000,""alpha"":0.01,""seed"":1}},""run"":{""method"":""ours"",""variant"":""sampling"",""t"":3000,""seed"":1,""repeats"":3,""j_star"":1000000,""enum_cap"":0,""write_samples"":false,""verify"":false},""output"":{""out_dir"":""/home/dhy/PhD/SIGMOD-EXP/EXP-2/run/temp/exp6"",""run_tag"":""""},""sys"":{""threads"":1},""logging"":{""level"":""INFO"",""with_timestamp"":true,""with_thread_id"":false}}","{""generator"":""stripe_ctrl_alpha"",""dataset"":""exp6_stripe__nr100000__ns100000__a1_000em02__g1"",""n_r"":100000,""n_s"":100000,""has_exact_k"":true,""k_target"":2000,""k_achieved"":2000,""alpha_target"":0.01,""alpha_achieved"":0.01,""notes"":""control_axis=1, core=[0.45,0.55], g=9.9999e-07, h=9e-06, delta=2.49998e-07, shuffle_strips=1, shuffle_r=0, k_overridden=0""}"
exp6_stripe__nr100000__ns100000__a1_000em02__g1,stripe,0.01,100000,100000,ours,sampling,3000,1,2,1,505.161,2000,1,0,0,0,,0,"{""build_active_indices_ms"":5.508397,""build_events_ms"":42.264005,""build_ranks_ms"":39.973652,""build_y_domain_ms"":13.780328,""phase1_count_ms"":220.993738,""phase2_plan_ms"":3.816132,""phase3_sample_ms"":135.787501,""run_build_ms"":102.022742,""run_count_ms"":220.996438,""run_sample_ms"":139.612113}",,"{""dataset"":{""source"":""synthetic"",""name"":""exp6_stripe__nr100000__ns100000__a1_000em02__g1"",""dim"":2,""path_r"":"""",""path_s"":"""",""synthetic"":{""generator"":""stripe"",""n_r"":100000,""n_s"":100000,""alpha"":0.01,""seed"":1}},""run"":{""method"":""ours"",""variant"":""sampling"",""t"":3000,""seed"":1,""repeats"":3,""j_star"":1000000,""enum_cap"":0,""write_samples"":false,""verify"":false},""output"":{""out_dir"":""/home/dhy/PhD/SIGMOD-EXP/EXP-2/run/temp/exp6"",""run_tag"":""""},""sys"":{""threads"":1},""logging"":{""level"":""INFO"",""with_timestamp"":true,""with_thread_id"":false}}","{""generator"":""stripe_ctrl_alpha"",""dataset"":""exp6_stripe__nr100000__ns100000__a1_000em02__g1"",""n_r"":100000,""n_s"":100000,""has_exact_k"":true,""k_target"":2000,""k_achieved"":2000,""alpha_target"":0.01,""alpha_achieved"":0.01,""notes"":""control_axis=1, core=[0.45,0.55], g=9.9999e-07, h=9e-06, delta=2.49998e-07, shuffle_strips=1, shuffle_r=0, k_overridden=0""}"
exp6_stripe__nr100000__ns100000__a1_000em02__g1,stripe,0.01,100000,100000,ours,sampling,3000,2,3,1,504.765,2000,1,0,0,0,,0,"{""build_active_indices_ms"":5.533127,""build_events_ms"":42.289994,""build_ranks_ms"":40.014442,""build_y_domain_ms"":13.788829,""phase1_count_ms"":221.259843,""phase2_plan_ms"":3.798232,""phase3_sample_ms"":135.040407,""run_build_ms"":102.119860,""run_count_ms"":221.262883,""run_sample_ms"":138.845029}",,"{""dataset"":{""source"":""synthetic"",""name"":""exp6_stripe__nr100000__ns100000__a1_000em02__g1"",""dim"":2,""path_r"":"""",""path_s"":"""",""synthetic"":{""generator"":""stripe"",""n_r"":100000,""n_s"":100000,""alpha"":0.01,""seed"":1}},""run"":{""method"":""ours"",""variant"":""sampling"",""t"":3000,""seed"":1,""repeats"":3,""j_star"":1000000,""enum_cap"":0,""write_samples"":false,""verify"":false},""output"":{""out_dir"":""/home/dhy/PhD/SIGMOD-EXP/EXP-2/run/temp/exp6"",""run_tag"":""""},""sys"":{""threads"":1},""logging"":{""level"":""INFO"",""with_timestamp"":true,""with_thread_id"":false}}","{""generator"":""stripe_ctrl_alpha"",""dataset"":""exp6_stripe__nr100000__ns100000__a1_000em02__g1"",""n_r"":100000,""n_s"":100000,""has_exact_k"":true,""k_target"":2000,""k_achieved"":2000,""alpha_target"":0.01,""alpha_achieved"":0.01,""notes"":""control_axis=1, core=[0.45,0.55], g=9.9999e-07, h=9e-06, delta=2.49998e-07, shuffle_strips=1, shuffle_r=0, k_overridden=0""}"
exp6_stripe__nr100000__ns100000__a1_000em02__g1,stripe,0.01,100000,100000,ours,enum_sampling,3000,0,1,1,408.114,2000,1,1,0,0,,0,"{""build_active_indices_ms"":5.655094,""build_events_ms"":34.992504,""build_ranks_ms"":39.989782,""build_y_domain_ms"":13.794648,""run_build_ms"":94.823970,""run_draw_ranks_ms"":0.177766,""run_enum_pass1_count_ms"":220.400601,""run_enum_pass2_select_ms"":91.144415,""run_enum_prepare_ms"":1.547818}",,"{""dataset"":{""source"":""synthetic"",""name"":""exp6_stripe__nr100000__ns100000__a1_000em02__g1"",""dim"":2,""path_r"":"""",""path_s"":"""",""synthetic"":{""generator"":""stripe"",""n_r"":100000,""n_s"":100000,""alpha"":0.01,""seed"":1}},""run"":{""method"":""ours"",""variant"":""enum_sampling"",""t"":3000,""seed"":1,""repeats"":3,""j_star"":1000000,""enum_cap"":0,""write_samples"":false,""verify"":false},""output"":{""out_dir"":""/home/dhy/PhD/SIGMOD-EXP/EXP-2/run/temp/exp6"",""run_tag"":""""},""sys"":{""threads"":1},""logging"":{""level"":""INFO"",""with_timestamp"":true,""with_thread_id"":false}}","{""generator"":""stripe_ctrl_alpha"",""dataset"":""exp6_stripe__nr100000__ns100000__a1_000em02__g1"",""n_r"":100000,""n_s"":100000,""has_exact_k"":true,""k_target"":2000,""k_achieved"":2000,""alpha_target"":0.01,""alpha_achieved"":0.01,""notes"":""control_axis=1, core=[0.45,0.55], g=9.9999e-07, h=9e-06, delta=2.49998e-07, shuffle_strips=1, shuffle_r=0, k_overridden=0""}"
exp6_stripe__nr100000__ns100000__a1_000em02__g1,stripe,0.01,100000,100000,ours,enum_sampling,3000,1,2,1,461.436,2000,1,1,0,0,,0,"{""build_active_indices_ms"":5.496788,""build_events_ms"":42.505270,""build_ranks_ms"":39.988791,""build_y_domain_ms"":13.802367,""run_build_ms"":102.178809,""run_draw_ranks_ms"":0.195316,""run_enum_pass1_count_ms"":220.234084,""run_enum_pass2_select_ms"":92.099736,""run_enum_prepare_ms"":1.517779}",,"{""dataset"":{""source"":""synthetic"",""name"":""exp6_stripe__nr100000__ns100000__a1_000em02__g1"",""dim"":2,""path_r"":"""",""path_s"":"""",""synthetic"":{""generator"":""stripe"",""n_r"":100000,""n_s"":100000,""alpha"":0.01,""seed"":1}},""run"":{""method"":""ours"",""variant"":""enum_sampling"",""t"":3000,""seed"":1,""repeats"":3,""j_star"":1000000,""enum_cap"":0,""write_samples"":false,""verify"":false},""output"":{""out_dir"":""/home/dhy/PhD/SIGMOD-EXP/EXP-2/run/temp/exp6"",""run_tag"":""""},""sys"":{""threads"":1},""logging"":{""level"":""INFO"",""with_timestamp"":true,""with_thread_id"":false}}","{""generator"":""stripe_ctrl_alpha"",""dataset"":""exp6_stripe__nr100000__ns100000__a1_000em02__g1"",""n_r"":100000,""n_s"":100000,""has_exact_k"":true,""k_target"":2000,""k_achieved"":2000,""alpha_target"":0.01,""alpha_achieved"":0.01,""notes"":""control_axis=1, core=[0.45,0.55], g=9.9999e-07, h=9e-06, delta=2.49998e-07, shuffle_strips=1, shuffle_r=0, k_overridden=0""}"
exp6_stripe__nr100000__ns100000__a1_000em02__g1,stripe,0.01,100000,100000,ours,enum_sampling,3000,2,3,1,460.858,2000,1,1,0,0,,0,"{""build_active_indices_ms"":5.441159,""build_events_ms"":42.155938,""build_ranks_ms"":39.987562,""build_y_domain_ms"":13.792107,""run_build_ms"":101.761688,""run_draw_ranks_ms"":0.176177,""run_enum_pass1_count_ms"":222.824810,""run_enum_pass2_select_ms"":91.192674,""run_enum_prepare_ms"":1.525349}",,"{""dataset"":{""source"":""synthetic"",""name"":""exp6_stripe__nr100000__ns100000__a1_000em02__g1"",""dim"":2,""path_r"":"""",""path_s"":"""",""synthetic"":{""generator"":""stripe"",""n_r"":100000,""n_s"":100000,""alpha"":0.01,""seed"":1}},""run"":{""method"":""ours"",""variant"":""enum_sampling"",""t"":3000,""seed"":1,""repeats"":3,""j_star"":1000000,""enum_cap"":0,""write_samples"":false,""verify"":false},""output"":{""out_dir"":""/home/dhy/PhD/SIGMOD-EXP/EXP-2/run/temp/exp6"",""run_tag"":""""},""sys"":{""threads"":1},""logging"":{""level"":""INFO"",""with_timestamp"":true,""with_thread_id"":false}}","{""generator"":""stripe_ctrl_alpha"",""dataset"":""exp6_stripe__nr100000__ns100000__a1_000em02__g1"",""n_r"":100000,""n_s"":100000,""has_exact_k"":true,""k_target"":2000,""k_achieved"":2000,""alpha_target"":0.01,""alpha_achieved"":0.01,""notes"":""control_axis=1, core=[0.45,0.55], g=9.9999e-07, h=9e-06, delta=2.49998e-07, shuffle_strips=1, shuffle_r=0, k_overridden=0""}"
exp6_stripe__nr100000__ns100000__a1_000em02__g1,stripe,0.01,100000,100000,ours,adaptive,3000,0,1,1,318.859,2000,1,1,0,0,enumerate_all,2000,"{""build_active_indices_ms"":5.608375,""build_events_ms"":34.999314,""build_ranks_ms"":41.443052,""build_y_domain_ms"":13.786078,""run_build_ms"":96.339039,""run_pilot_enum_prepare_ms"":1.540749,""run_pilot_enum_scan_ms"":220.955888,""run_small_join_sample_from_list_ms"":0.011750}",,"{""dataset"":{""source"":""synthetic"",""name"":""exp6_stripe__nr100000__ns100000__a1_000em02__g1"",""dim"":2,""path_r"":"""",""path_s"":"""",""synthetic"":{""generator"":""stripe"",""n_r"":100000,""n_s"":100000,""alpha"":0.01,""seed"":1}},""run"":{""method"":""ours"",""variant"":""adaptive"",""t"":3000,""seed"":1,""repeats"":3,""j_star"":1000000,""enum_cap"":0,""write_samples"":false,""verify"":false},""output"":{""out_dir"":""/home/dhy/PhD/SIGMOD-EXP/EXP-2/run/temp/exp6"",""run_tag"":""""},""sys"":{""threads"":1},""logging"":{""level"":""INFO"",""with_timestamp"":true,""with_thread_id"":false}}","{""generator"":""stripe_ctrl_alpha"",""dataset"":""exp6_stripe__nr100000__ns100000__a1_000em02__g1"",""n_r"":100000,""n_s"":100000,""has_exact_k"":true,""k_target"":2000,""k_achieved"":2000,""alpha_target"":0.01,""alpha_achieved"":0.01,""notes"":""control_axis=1, core=[0.45,0.55], g=9.9999e-07, h=9e-06, delta=2.49998e-07, shuffle_strips=1, shuffle_r=0, k_overridden=0""}"
exp6_stripe__nr100000__ns100000__a1_000em02__g1,stripe,0.01,100000,100000,ours,adaptive,3000,1,2,1,368.031,2000,1,1,0,0,enumerate_all,2000,"{""build_active_indices_ms"":5.438509,""build_events_ms"":42.234326,""build_ranks_ms"":40.043731,""build_y_domain_ms"":13.802157,""run_build_ms"":102.021632,""run_pilot_enum_prepare_ms"":1.530849,""run_pilot_enum_scan_ms"":220.928039,""run_small_join_sample_from_list_ms"":0.012670}",,"{""dataset"":{""source"":""synthetic"",""name"":""exp6_stripe__nr100000__ns100000__a1_000em02__g1"",""dim"":2,""path_r"":"""",""path_s"":"""",""synthetic"":{""generator"":""stripe"",""n_r"":100000,""n_s"":100000,""alpha"":0.01,""seed"":1}},""run"":{""method"":""ours"",""variant"":""adaptive"",""t"":3000,""seed"":1,""repeats"":3,""j_star"":1000000,""enum_cap"":0,""write_samples"":false,""verify"":false},""output"":{""out_dir"":""/home/dhy/PhD/SIGMOD-EXP/EXP-2/run/temp/exp6"",""run_tag"":""""},""sys"":{""threads"":1},""logging"":{""level"":""INFO"",""with_timestamp"":true,""with_thread_id"":false}}","{""generator"":""stripe_ctrl_alpha"",""dataset"":""exp6_stripe__nr100000__ns100000__a1_000em02__g1"",""n_r"":100000,""n_s"":100000,""has_exact_k"":true,""k_target"":2000,""k_achieved"":2000,""alpha_target"":0.01,""alpha_achieved"":0.01,""notes"":""control_axis=1, core=[0.45,0.55], g=9.9999e-07, h=9e-06, delta=2.49998e-07, shuffle_strips=1, shuffle_r=0, k_overridden=0""}"
exp6_stripe__nr100000__ns100000__a1_000em02__g1,stripe,0.01,100000,100000,ours,adaptive,3000,2,3,1,371.325,2000,1,1,0,0,enumerate_all,2000,"{""build_active_indices_ms"":5.411589,""build_events_ms"":42.977071,""build_ranks_ms"":40.049550,""build_y_domain_ms"":13.799538,""run_build_ms"":102.744308,""run_pilot_enum_prepare_ms"":1.521689,""run_pilot_enum_scan_ms"":221.039037,""run_small_join_sample_from_list_ms"":0.011890}",,"{""dataset"":{""source"":""synthetic"",""name"":""exp6_stripe__nr100000__ns100000__a1_000em02__g1"",""dim"":2,""path_r"":"""",""path_s"":"""",""synthetic"":{""generator"":""stripe"",""n_r"":100000,""n_s"":100000,""alpha"":0.01,""seed"":1}},""run"":{""method"":""ours"",""variant"":""adaptive"",""t"":3000,""seed"":1,""repeats"":3,""j_star"":1000000,""enum_cap"":0,""write_samples"":false,""verify"":false},""output"":{""out_dir"":""/home/dhy/PhD/SIGMOD-EXP/EXP-2/run/temp/exp6"",""run_tag"":""""},""sys"":{""threads"":1},""logging"":{""level"":""INFO"",""with_timestamp"":true,""with_thread_id"":false}}","{""generator"":""stripe_ctrl_alpha"",""dataset"":""exp6_stripe__nr100000__ns100000__a1_000em02__g1"",""n_r"":100000,""n_s"":100000,""has_exact_k"":true,""k_target"":2000,""k_achieved"":2000,""alpha_target"":0.01,""alpha_achieved"":0.01,""notes"":""control_axis=1, core=[0.45,0.55], g=9.9999e-07, h=9e-06, delta=2.49998e-07, shuffle_strips=1, shuffle_r=0, k_overridden=0""}"
exp6_stripe__nr100000__ns100000__a1_000em02__g1,stripe,0.01,100000,100000,ours,sampling,10000,0,1,1,457.438,2000,1,0,0,0,,0,"{""build_active_indices_ms"":5.644045,""build_events_ms"":35.050402,""build_ranks_ms"":39.990092,""build_y_domain_ms"":13.794908,""phase1_count_ms"":223.105855,""phase2_plan_ms"":3.950629,""phase3_sample_ms"":135.378641,""run_build_ms"":94.986416,""run_count_ms"":223.109145,""run_sample_ms"":139.337900}",,"{""dataset"":{""source"":""synthetic"",""name"":""exp6_stripe__nr100000__ns100000__a1_000em02__g1"",""dim"":2,""path_r"":"""",""path_s"":"""",""synthetic"":{""generator"":""stripe"",""n_r"":100000,""n_s"":100000,""alpha"":0.01,""seed"":1}},""run"":{""method"":""ours"",""variant"":""sampling"",""t"":10000,""seed"":1,""repeats"":3,""j_star"":1000000,""enum_cap"":0,""write_samples"":false,""verify"":false},""output"":{""out_dir"":""/home/dhy/PhD/SIGMOD-EXP/EXP-2/run/temp/exp6"",""run_tag"":""""},""sys"":{""threads"":1},""logging"":{""level"":""INFO"",""with_timestamp"":true,""with_thread_id"":false}}","{""generator"":""stripe_ctrl_alpha"",""dataset"":""exp6_stripe__nr100000__ns100000__a1_000em02__g1"",""n_r"":100000,""n_s"":100000,""has_exact_k"":true,""k_target"":2000,""k_achieved"":2000,""alpha_target"":0.01,""alpha_achieved"":0.01,""notes"":""control_axis=1, core=[0.45,0.55], g=9.9999e-07, h=9e-06, delta=2.49998e-07, shuffle_strips=1, shuffle_r=0, k_overridden=0""}"
exp6_stripe__nr100000__ns100000__a1_000em02__g1,stripe,0.01,100000,100000,ours,sampling,10000,1,2,1,506.247,2000,1,0,0,0,,0,"{""build_active_indices_ms"":5.488128,""build_events_ms"":42.263325,""build_ranks_ms"":40.058510,""build_y_domain_ms"":13.798598,""phase1_count_ms"":221.521887,""phase2_plan_ms"":3.916170,""phase3_sample_ms"":135.292302,""run_build_ms"":102.110651,""run_count_ms"":221.524837,""run_sample_ms"":139.217582}",,"{""dataset"":{""source"":""synthetic"",""name"":""exp6_stripe__nr100000__ns100000__a1_000em02__g1"",""dim"":2,""path_r"":"""",""path_s"":"""",""synthetic"":{""generator"":""stripe"",""n_r"":100000,""n_s"":100000,""alpha"":0.01,""seed"":1}},""run"":{""method"":""ours"",""variant"":""sampling"",""t"":10000,""seed"":1,""repeats"":3,""j_star"":1000000,""enum_cap"":0,""write_samples"":false,""verify"":false},""output"":{""out_dir"":""/home/dhy/PhD/SIGMOD-EXP/EXP-2/run/temp/exp6"",""run_tag"":""""},""sys"":{""threads"":1},""logging"":{""level"":""INFO"",""with_timestamp"":true,""with_thread_id"":false}}","{""generator"":""stripe_ctrl_alpha"",""dataset"":""exp6_stripe__nr100000__ns100000__a1_000em02__g1"",""n_r"":100000,""n_s"":100000,""has_exact_k"":true,""k_target"":2000,""k_achieved"":2000,""alpha_target"":0.01,""alpha_achieved"":0.01,""notes"":""control_axis=1, core=[0.45,0.55], g=9.9999e-07, h=9e-06, delta=2.49998e-07, shuffle_strips=1, shuffle_r=0, k_overridden=0""}"
exp6_stripe__nr100000__ns100000__a1_000em02__g1,stripe,0.01,100000,100000,ours,sampling,10000,2,3,1,509.997,2000,1,0,0,0,,0,"{""build_active_indices_ms"":5.521608,""build_events_ms"":42.238895,""build_ranks_ms"":40.025881,""build_y_domain_ms"":13.796858,""phase1_count_ms"":222.934879,""phase2_plan_ms"":3.922770,""phase3_sample_ms"":135.231293,""run_build_ms"":102.076982,""run_count_ms"":222.937969,""run_sample_ms"":139.163273}",,"{""dataset"":{""source"":""synthetic"",""name"":""exp6_stripe__nr100000__ns100000__a1_000em02__g1"",""dim"":2,""path_r"":"""",""path_s"":"""",""synthetic"":{""generator"":""stripe"",""n_r"":100000,""n_s"":100000,""alpha"":0.01,""seed"":1}},""run"":{""method"":""ours"",""variant"":""sampling"",""t"":10000,""seed"":1,""repeats"":3,""j_star"":1000000,""enum_cap"":0,""write_samples"":false,""verify"":false},""output"":{""out_dir"":""/home/dhy/PhD/SIGMOD-EXP/EXP-2/run/temp/exp6"",""run_tag"":""""},""sys"":{""threads"":1},""logging"":{""level"":""INFO"",""with_timestamp"":true,""with_thread_id"":false}}","{""generator"":""stripe_ctrl_alpha"",""dataset"":""exp6_stripe__nr100000__ns100000__a1_000em02__g1"",""n_r"":100000,""n_s"":100000,""has_exact_k"":true,""k_target"":2000,""k_achieved"":2000,""alpha_target"":0.01,""alpha_achieved"":0.01,""notes"":""control_axis=1, core=[0.45,0.55], g=9.9999e-07, h=9e-06, delta=2.49998e-07, shuffle_strips=1, shuffle_r=0, k_overridden=0""}"
exp6_stripe__nr100000__ns100000__a1_000em02__g1,stripe,0.01,100000,100000,ours,enum_sampling,10000,0,1,1,407.082,2000,1,1,0,0,,0,"{""build_active_indices_ms"":5.579876,""build_events_ms"":35.067553,""build_ranks_ms"":40.029752,""build_y_domain_ms"":13.801777,""run_build_ms"":94.868669,""run_draw_ranks_ms"":0.701525,""run_enum_pass1_count_ms"":219.170427,""run_enum_pass2_select_ms"":90.791772,""run_enum_prepare_ms"":1.528438}",,"{""dataset"":{""source"":""synthetic"",""name"":""exp6_stripe__nr100000__ns100000__a1_000em02__g1"",""dim"":2,""path_r"":"""",""path_s"":"""",""synthetic"":{""generator"":""stripe"",""n_r"":100000,""n_s"":100000,""alpha"":0.01,""seed"":1}},""run"":{""method"":""ours"",""variant"":""enum_sampling"",""t"":10000,""seed"":1,""repeats"":3,""j_star"":1000000,""enum_cap"":0,""write_samples"":false,""verify"":false},""output"":{""out_dir"":""/home/dhy/PhD/SIGMOD-EXP/EXP-2/run/temp/exp6"",""run_tag"":""""},""sys"":{""threads"":1},""logging"":{""level"":""INFO"",""with_timestamp"":true,""with_thread_id"":false}}","{""generator"":""stripe_ctrl_alpha"",""dataset"":""exp6_stripe__nr100000__ns100000__a1_000em02__g1"",""n_r"":100000,""n_s"":100000,""has_exact_k"":true,""k_target"":2000,""k_achieved"":2000,""alpha_target"":0.01,""alpha_achieved"":0.01,""notes"":""control_axis=1, core=[0.45,0.55], g=9.9999e-07, h=9e-06, delta=2.49998e-07, shuffle_strips=1, shuffle_r=0, k_overridden=0""}"
exp6_stripe__nr100000__ns100000__a1_000em02__g1,stripe,0.01,100000,100000,ours,enum_sampling,10000,1,2,1,461.745,2000,1,1,0,0,,0,"{""build_active_indices_ms"":5.484577,""build_events_ms"":43.645978,""build_ranks_ms"":40.023771,""build_y_domain_ms"":13.809197,""run_build_ms"":103.349466,""run_draw_ranks_ms"":0.700716,""run_enum_pass1_count_ms"":221.117436,""run_enum_pass2_select_ms"":91.284102,""run_enum_prepare_ms"":1.528979}",,"{""dataset"":{""source"":""synthetic"",""name"":""exp6_stripe__nr100000__ns100000__a1_000em02__g1"",""dim"":2,""path_r"":"""",""path_s"":"""",""synthetic"":{""generator"":""stripe"",""n_r"":100000,""n_s"":100000,""alpha"":0.01,""seed"":1}},""run"":{""method"":""ours"",""variant"":""enum_sampling"",""t"":10000,""seed"":1,""repeats"":3,""j_star"":1000000,""enum_cap"":0,""write_samples"":false,""verify"":false},""output"":{""out_dir"":""/home/dhy/PhD/SIGMOD-EXP/EXP-2/run/temp/exp6"",""run_tag"":""""},""sys"":{""threads"":1},""logging"":{""level"":""INFO"",""with_timestamp"":true,""with_thread_id"":false}}","{""generator"":""stripe_ctrl_alpha"",""dataset"":""exp6_stripe__nr100000__ns100000__a1_000em02__g1"",""n_r"":100000,""n_s"":100000,""has_exact_k"":true,""k_target"":2000,""k_achieved"":2000,""alpha_target"":0.01,""alpha_achieved"":0.01,""notes"":""control_axis=1, core=[0.45,0.55], g=9.9999e-07, h=9e-06, delta=2.49998e-07, shuffle_strips=1, shuffle_r=0, k_overridden=0""}"
exp6_stripe__nr100000__ns100000__a1_000em02__g1,stripe,0.01,100000,100000,ours,enum_sampling,10000,2,3,1,461.208,2000,1,1,0,0,,0,"{""build_active_indices_ms"":5.505217,""build_events_ms"":42.232326,""build_ranks_ms"":39.994382,""build_y_domain_ms"":13.795778,""run_build_ms"":101.913835,""run_draw_ranks_ms"":0.700696,""run_enum_pass1_count_ms"":220.418751,""run_enum_pass2_select_ms"":92.498617,""run_enum_prepare_ms"":1.540018}",,"{""dataset"":{""source"":""synthetic"",""name"":""exp6_stripe__nr100000__ns100000__a1_000em02__g1"",""dim"":2,""path_r"":"""",""path_s"":"""",""synthetic"":{""generator"":""stripe"",""n_r"":100000,""n_s"":100000,""alpha"":0.01,""seed"":1}},""run"":{""method"":""ours"",""variant"":""enum_sampling"",""t"":10000,""seed"":1,""repeats"":3,""j_star"":1000000,""enum_cap"":0,""write_samples"":false,""verify"":false},""output"":{""out_dir"":""/home/dhy/PhD/SIGMOD-EXP/EXP-2/run/temp/exp6"",""run_tag"":""""},""sys"":{""threads"":1},""logging"":{""level"":""INFO"",""with_timestamp"":true,""with_thread_id"":false}}","{""generator"":""stripe_ctrl_alpha"",""dataset"":""exp6_stripe__nr100000__ns100000__a1_000em02__g1"",""n_r"":100000,""n_s"":100000,""has_exact_k"":true,""k_target"":2000,""k_achieved"":2000,""alpha_target"":0.01,""alpha_achieved"":0.01,""notes"":""control_axis=1, core=[0.45,0.55], g=9.9999e-07, h=9e-06, delta=2.49998e-07, shuffle_strips=1, shuffle_r=0, k_overridden=0""}"
exp6_stripe__nr100000__ns100000__a1_000em02__g1,stripe,0.01,100000,100000,ours,adaptive,10000,0,1,1,317.95,2000,1,1,0,0,enumerate_all,2000,"{""build_active_indices_ms"":5.509597,""build_events_ms"":35.057933,""build_ranks_ms"":41.294855,""build_y_domain_ms"":13.779148,""run_build_ms"":96.153793,""run_pilot_enum_prepare_ms"":1.570498,""run_pilot_enum_scan_ms"":220.188215,""run_small_join_sample_from_list_ms"":0.026050}",,"{""dataset"":{""source"":""synthetic"",""name"":""exp6_stripe__nr100000__ns100000__a1_000em02__g1"",""dim"":2,""path_r"":"""",""path_s"":"""",""synthetic"":{""generator"":""stripe"",""n_r"":100000,""n_s"":100000,""alpha"":0.01,""seed"":1}},""run"":{""method"":""ours"",""variant"":""adaptive"",""t"":10000,""seed"":1,""repeats"":3,""j_star"":1000000,""enum_cap"":0,""write_samples"":false,""verify"":false},""output"":{""out_dir"":""/home/dhy/PhD/SIGMOD-EXP/EXP-2/run/temp/exp6"",""run_tag"":""""},""sys"":{""threads"":1},""logging"":{""level"":""INFO"",""with_timestamp"":true,""with_thread_id"":false}}","{""generator"":""stripe_ctrl_alpha"",""dataset"":""exp6_stripe__nr100000__ns100000__a1_000em02__g1"",""n_r"":100000,""n_s"":100000,""has_exact_k"":true,""k_target"":2000,""k_achieved"":2000,""alpha_target"":0.01,""alpha_achieved"":0.01,""notes"":""control_axis=1, core=[0.45,0.55], g=9.9999e-07, h=9e-06, delta=2.49998e-07, shuffle_strips=1, shuffle_r=0, k_overridden=0""}"
exp6_stripe__nr100000__ns100000__a1_000em02__g1,stripe,0.01,100000,100000,ours,adaptive,10000,1,2,1,367.882,2000,1,1,0,0,enumerate_all,2000,"{""build_active_indices_ms"":5.385240,""build_events_ms"":42.192137,""build_ranks_ms"":39.965992,""build_y_domain_ms"":13.806618,""run_build_ms"":101.855586,""run_pilot_enum_prepare_ms"":1.546758,""run_pilot_enum_scan_ms"":220.967430,""run_small_join_sample_from_list_ms"":0.026840}",,"{""dataset"":{""source"":""synthetic"",""name"":""exp6_stripe__nr100000__ns100000__a1_000em02__g1"",""dim"":2,""path_r"":"""",""path_s"":"""",""synthetic"":{""generator"":""stripe"",""n_r"":100000,""n_s"":100000,""alpha"":0.01,""seed"":1}},""run"":{""method"":""ours"",""variant"":""adaptive"",""t"":10000,""seed"":1,""repeats"":3,""j_star"":1000000,""enum_cap"":0,""write_samples"":false,""verify"":false},""output"":{""out_dir"":""/home/dhy/PhD/SIGMOD-EXP/EXP-2/run/temp/exp6"",""run_tag"":""""},""sys"":{""threads"":1},""logging"":{""level"":""INFO"",""with_timestamp"":true,""with_thread_id"":false}}","{""generator"":""stripe_ctrl_alpha"",""dataset"":""exp6_stripe__nr100000__ns100000__a1_000em02__g1"",""n_r"":100000,""n_s"":100000,""has_exact_k"":true,""k_target"":2000,""k_achieved"":2000,""alpha_target"":0.01,""alpha_achieved"":0.01,""notes"":""control_axis=1, core=[0.45,0.55], g=9.9999e-07, h=9e-06, delta=2.49998e-07, shuffle_strips=1, shuffle_r=0, k_overridden=0""}"
exp6_stripe__nr100000__ns100000__a1_000em02__g1,stripe,0.01,100000,100000,ours,adaptive,10000,2,3,1,371.075,2000,1,1,0,0,enumerate_all,2000,"{""build_active_indices_ms"":5.419079,""build_events_ms"":42.583389,""build_ranks_ms"":39.983022,""build_y_domain_ms"":13.791928,""run_build_ms"":102.288568,""run_pilot_enum_prepare_ms"":1.551648,""run_pilot_enum_scan_ms"":222.345771,""run_small_join_sample_from_list_ms"":0.028010}",,"{""dataset"":{""source"":""synthetic"",""name"":""exp6_stripe__nr100000__ns100000__a1_000em02__g1"",""dim"":2,""path_r"":"""",""path_s"":"""",""synthetic"":{""generator"":""stripe"",""n_r"":100000,""n_s"":100000,""alpha"":0.01,""seed"":1}},""run"":{""method"":""ours"",""variant"":""adaptive"",""t"":10000,""seed"":1,""repeats"":3,""j_star"":1000000,""enum_cap"":0,""write_samples"":false,""verify"":false},""output"":{""out_dir"":""/home/dhy/PhD/SIGMOD-EXP/EXP-2/run/temp/exp6"",""run_tag"":""""},""sys"":{""threads"":1},""logging"":{""level"":""INFO"",""with_timestamp"":true,""with_thread_id"":false}}","{""generator"":""stripe_ctrl_alpha"",""dataset"":""exp6_stripe__nr100000__ns100000__a1_000em02__g1"",""n_r"":100000,""n_s"":100000,""has_exact_k"":true,""k_target"":2000,""k_achieved"":2000,""alpha_target"":0.01,""alpha_achieved"":0.01,""notes"":""control_axis=1, core=[0.45,0.55], g=9.9999e-07, h=9e-06, delta=2.49998e-07, shuffle_strips=1, shuffle_r=0, k_overridden=0""}"
exp6_stripe__nr100000__ns100000__a1_000em02__g1,stripe,0.01,100000,100000,ours,sampling,30000,0,1,1,455.298,2000,1,0,0,0,,0,"{""build_active_indices_ms"":5.591076,""build_events_ms"":34.987795,""build_ranks_ms"":40.067390,""build_y_domain_ms"":13.782048,""phase1_count_ms"":220.875062,""phase2_plan_ms"":4.253173,""phase3_sample_ms"":135.216114,""run_build_ms"":94.932168,""run_count_ms"":220.878681,""run_sample_ms"":139.483187}",,"{""dataset"":{""source"":""synthetic"",""name"":""exp6_stripe__nr100000__ns100000__a1_000em02__g1"",""dim"":2,""path_r"":"""",""path_s"":"""",""synthetic"":{""generator"":""stripe"",""n_r"":100000,""n_s"":100000,""alpha"":0.01,""seed"":1}},""run"":{""method"":""ours"",""variant"":""sampling"",""t"":30000,""seed"":1,""repeats"":3,""j_star"":1000000,""enum_cap"":0,""write_samples"":false,""verify"":false},""output"":{""out_dir"":""/home/dhy/PhD/SIGMOD-EXP/EXP-2/run/temp/exp6"",""run_tag"":""""},""sys"":{""threads"":1},""logging"":{""level"":""INFO"",""with_timestamp"":true,""with_thread_id"":false}}","{""generator"":""stripe_ctrl_alpha"",""dataset"":""exp6_stripe__nr100000__ns100000__a1_000em02__g1"",""n_r"":100000,""n_s"":100000,""has_exact_k"":true,""k_target"":2000,""k_achieved"":2000,""alpha_target"":0.01,""alpha_achieved"":0.01,""notes"":""control_axis=1, core=[0.45,0.55], g=9.9999e-07, h=9e-06, delta=2.49998e-07, shuffle_strips=1, shuffle_r=0, k_overridden=0""}"
exp6_stripe__nr100000__ns100000__a1_000em02__g1,stripe,0.01,100000,100000,ours,sampling,30000,1,2,1,507.368,2000,1,0,0,0,,0,"{""build_active_indices_ms"":5.505618,""build_events_ms"":42.347484,""build_ranks_ms"":40.091400,""build_y_domain_ms"":13.785798,""phase1_count_ms"":221.945610,""phase2_plan_ms"":4.249483,""phase3_sample_ms"":135.592836,""run_build_ms"":102.224659,""run_count_ms"":221.949050,""run_sample_ms"":139.855849}",,"{""dataset"":{""source"":""synthetic"",""name"":""exp6_stripe__nr100000__ns100000__a1_000em02__g1"",""dim"":2,""path_r"":"""",""path_s"":"""",""synthetic"":{""generator"":""stripe"",""n_r"":100000,""n_s"":100000,""alpha"":0.01,""seed"":1}},""run"":{""method"":""ours"",""variant"":""sampling"",""t"":30000,""seed"":1,""repeats"":3,""j_star"":1000000,""enum_cap"":0,""write_samples"":false,""verify"":false},""output"":{""out_dir"":""/home/dhy/PhD/SIGMOD-EXP/EXP-2/run/temp/exp6"",""run_tag"":""""},""sys"":{""threads"":1},""logging"":{""level"":""INFO"",""with_timestamp"":true,""with_thread_id"":false}}","{""generator"":""stripe_ctrl_alpha"",""dataset"":""exp6_stripe__nr100000__ns100000__a1_000em02__g1"",""n_r"":100000,""n_s"":100000,""has_exact_k"":true,""k_target"":2000,""k_achieved"":2000,""alpha_target"":0.01,""alpha_achieved"":0.01,""notes"":""control_axis=1, core=[0.45,0.55], g=9.9999e-07, h=9e-06, delta=2.49998e-07, shuffle_strips=1, shuffle_r=0, k_overridden=0""}"
exp6_stripe__nr100000__ns100000__a1_000em02__g1,stripe,0.01,100000,100000,ours,sampling,30000,2,3,1,514.149,2000,1,0,0,0,,0,"{""build_active_indices_ms"":5.513927,""build_events_ms"":42.196157,""build_ranks_ms"":40.071231,""build_y_domain_ms"":13.808127,""phase1_count_ms"":222.400761,""phase2_plan_ms"":4.261143,""phase3_sample_ms"":134.770303,""run_build_ms"":102.094031,""run_count_ms"":222.404241,""run_sample_ms"":139.044985}",,"{""dataset"":{""source"":""synthetic"",""name"":""exp6_stripe__nr100000__ns100000__a1_000em02__g1"",""dim"":2,""path_r"":"""",""path_s"":"""",""synthetic"":{""generator"":""stripe"",""n_r"":100000,""n_s"":100000,""alpha"":0.01,""seed"":1}},""run"":{""method"":""ours"",""variant"":""sampling"",""t"":30000,""seed"":1,""repeats"":3,""j_star"":1000000,""enum_cap"":0,""write_samples"":false,""verify"":false},""output"":{""out_dir"":""/home/dhy/PhD/SIGMOD-EXP/EXP-2/run/temp/exp6"",""run_tag"":""""},""sys"":{""threads"":1},""logging"":{""level"":""INFO"",""with_timestamp"":true,""with_thread_id"":false}}","{""generator"":""stripe_ctrl_alpha"",""dataset"":""exp6_stripe__nr100000__ns100000__a1_000em02__g1"",""n_r"":100000,""n_s"":100000,""has_exact_k"":true,""k_target"":2000,""k_achieved"":2000,""alpha_target"":0.01,""alpha_achieved"":0.01,""notes"":""control_axis=1, core=[0.45,0.55], g=9.9999e-07, h=9e-06, delta=2.49998e-07, shuffle_strips=1, shuffle_r=0, k_overridden=0""}"
exp6_stripe__nr100000__ns100000__a1_000em02__g1,stripe,0.01,100000,100000,ours,enum_sampling,30000,0,1,1,410.07,2000,1,1,0,0,,0,"{""build_active_indices_ms"":5.591636,""build_events_ms"":35.006064,""build_ranks_ms"":40.021972,""build_y_domain_ms"":13.796778,""run_build_ms"":94.805560,""run_draw_ranks_ms"":2.346262,""run_enum_pass1_count_ms"":220.536189,""run_enum_pass2_select_ms"":90.824082,""run_enum_prepare_ms"":1.528029}",,"{""dataset"":{""source"":""synthetic"",""name"":""exp6_stripe__nr100000__ns100000__a1_000em02__g1"",""dim"":2,""path_r"":"""",""path_s"":"""",""synthetic"":{""generator"":""stripe"",""n_r"":100000,""n_s"":100000,""alpha"":0.01,""seed"":1}},""run"":{""method"":""ours"",""variant"":""enum_sampling"",""t"":30000,""seed"":1,""repeats"":3,""j_star"":1000000,""enum_cap"":0,""write_samples"":false,""verify"":false},""output"":{""out_dir"":""/home/dhy/PhD/SIGMOD-EXP/EXP-2/run/temp/exp6"",""run_tag"":""""},""sys"":{""threads"":1},""logging"":{""level"":""INFO"",""with_timestamp"":true,""with_thread_id"":false}}","{""generator"":""stripe_ctrl_alpha"",""dataset"":""exp6_stripe__nr100000__ns100000__a1_000em02__g1"",""n_r"":100000,""n_s"":100000,""has_exact_k"":true,""k_target"":2000,""k_achieved"":2000,""alpha_target"":0.01,""alpha_achieved"":0.01,""notes"":""control_axis=1, core=[0.45,0.55], g=9.9999e-07, h=9e-06, delta=2.49998e-07, shuffle_strips=1, shuffle_r=0, k_overridden=0""}"
exp6_stripe__nr100000__ns100000__a1_000em02__g1,stripe,0.01,100000,100000,ours,enum_sampling,30000,1,2,1,462.779,2000,1,1,0,0,,0,"{""build_active_indices_ms"":5.493928,""build_events_ms"":43.831184,""build_ranks_ms"":39.975802,""build_y_domain_ms"":13.792608,""run_build_ms"":103.476984,""run_draw_ranks_ms"":2.381261,""run_enum_pass1_count_ms"":220.530229,""run_enum_pass2_select_ms"":91.237423,""run_enum_prepare_ms"":1.517039}",,"{""dataset"":{""source"":""synthetic"",""name"":""exp6_stripe__nr100000__ns100000__a1_000em02__g1"",""dim"":2,""path_r"":"""",""path_s"":"""",""synthetic"":{""generator"":""stripe"",""n_r"":100000,""n_s"":100000,""alpha"":0.01,""seed"":1}},""run"":{""method"":""ours"",""variant"":""enum_sampling"",""t"":30000,""seed"":1,""repeats"":3,""j_star"":1000000,""enum_cap"":0,""write_samples"":false,""verify"":false},""output"":{""out_dir"":""/home/dhy/PhD/SIGMOD-EXP/EXP-2/run/temp/exp6"",""run_tag"":""""},""sys"":{""threads"":1},""logging"":{""level"":""INFO"",""with_timestamp"":true,""with_thread_id"":false}}","{""generator"":""stripe_ctrl_alpha"",""dataset"":""exp6_stripe__nr100000__ns100000__a1_000em02__g1"",""n_r"":100000,""n_s"":100000,""has_exact_k"":true,""k_target"":2000,""k_achieved"":2000,""alpha_target"":0.01,""alpha_achieved"":0.01,""notes"":""control_axis=1, core=[0.45,0.55], g=9.9999e-07, h=9e-06, delta=2.49998e-07, shuffle_strips=1, shuffle_r=0, k_overridden=0""}"
exp6_stripe__nr100000__ns100000__a1_000em02__g1,stripe,0.01,100000,100000,ours,enum_sampling,30000,2,3,1,460.465,2000,1,1,0,0,,0,"{""build_active_indices_ms"":5.483967,""build_events_ms"":42.157668,""build_ranks_ms"":39.942234,""build_y_domain_ms"":13.793287,""run_build_ms"":101.761869,""run_draw_ranks_ms"":2.364191,""run_enum_pass1_count_ms"":220.429561,""run_enum_pass2_select_ms"":90.669066,""run_enum_prepare_ms"":1.520739}",,"{""dataset"":{""source"":""synthetic"",""name"":""exp6_stripe__nr100000__ns100000__a1_000em02__g1"",""dim"":2,""path_r"":"""",""path_s"":"""",""synthetic"":{""generator"":""stripe"",""n_r"":100000,""n_s"":100000,""alpha"":0.01,""seed"":1}},""run"":{""method"":""ours"",""variant"":""enum_sampling"",""t"":30000,""seed"":1,""repeats"":3,""j_star"":1000000,""enum_cap"":0,""write_samples"":false,""verify"":false},""output"":{""out_dir"":""/home/dhy/PhD/SIGMOD-EXP/EXP-2/run/temp/exp6"",""run_tag"":""""},""sys"":{""threads"":1},""logging"":{""level"":""INFO"",""with_timestamp"":true,""with_thread_id"":false}}","{""generator"":""stripe_ctrl_alpha"",""dataset"":""exp6_stripe__nr100000__ns100000__a1_000em02__g1"",""n_r"":100000,""n_s"":100000,""has_exact_k"":true,""k_target"":2000,""k_achieved"":2000,""alpha_target"":0.01,""alpha_achieved"":0.01,""notes"":""control_axis=1, core=[0.45,0.55], g=9.9999e-07, h=9e-06, delta=2.49998e-07, shuffle_strips=1, shuffle_r=0, k_overridden=0""}"
exp6_stripe__nr100000__ns100000__a1_000em02__g1,stripe,0.01,100000,100000,ours,adaptive,30000,0,1,1,317.562,2000,1,1,0,0,enumerate_all,2000,"{""build_active_indices_ms"":5.603455,""build_events_ms"":34.933246,""build_ranks_ms"":39.936573,""build_y_domain_ms"":13.783148,""run_build_ms"":94.760792,""run_pilot_enum_prepare_ms"":1.523389,""run_pilot_enum_scan_ms"":221.198285,""run_small_join_sample_from_list_ms"":0.070009}",,"{""dataset"":{""source"":""synthetic"",""name"":""exp6_stripe__nr100000__ns100000__a1_000em02__g1"",""dim"":2,""path_r"":"""",""path_s"":"""",""synthetic"":{""generator"":""stripe"",""n_r"":100000,""n_s"":100000,""alpha"":0.01,""seed"":1}},""run"":{""method"":""ours"",""variant"":""adaptive"",""t"":30000,""seed"":1,""repeats"":3,""j_star"":1000000,""enum_cap"":0,""write_samples"":false,""verify"":false},""output"":{""out_dir"":""/home/dhy/PhD/SIGMOD-EXP/EXP-2/run/temp/exp6"",""run_tag"":""""},""sys"":{""threads"":1},""logging"":{""level"":""INFO"",""with_timestamp"":true,""with_thread_id"":false}}","{""generator"":""stripe_ctrl_alpha"",""dataset"":""exp6_stripe__nr100000__ns100000__a1_000em02__g1"",""n_r"":100000,""n_s"":100000,""has_exact_k"":true,""k_target"":2000,""k_achieved"":2000,""alpha_target"":0.01,""alpha_achieved"":0.01,""notes"":""control_axis=1, core=[0.45,0.55], g=9.9999e-07, h=9e-06, delta=2.49998e-07, shuffle_strips=1, shuffle_r=0, k_overridden=0""}"
exp6_stripe__nr100000__ns100000__a1_000em02__g1,stripe,0.01,100000,100000,ours,adaptive,30000,1,2,1,367.021,2000,1,1,0,0,enumerate_all,2000,"{""build_active_indices_ms"":5.509228,""build_events_ms"":42.279845,""build_ranks_ms"":39.908793,""build_y_domain_ms"":13.800698,""run_build_ms"":102.004363,""run_pilot_enum_prepare_ms"":1.512040,""run_pilot_enum_scan_ms"":219.754055,""run_small_join_sample_from_list_ms"":0.070589}",,"{""dataset"":{""source"":""synthetic"",""name"":""exp6_stripe__nr100000__ns100000__a1_000em02__g1"",""dim"":2,""path_r"":"""",""path_s"":"""",""synthetic"":{""generator"":""stripe"",""n_r"":100000,""n_s"":100000,""alpha"":0.01,""seed"":1}},""run"":{""method"":""ours"",""variant"":""adaptive"",""t"":30000,""seed"":1,""repeats"":3,""j_star"":1000000,""enum_cap"":0,""write_samples"":false,""verify"":false},""output"":{""out_dir"":""/home/dhy/PhD/SIGMOD-EXP/EXP-2/run/temp/exp6"",""run_tag"":""""},""sys"":{""threads"":1},""logging"":{""level"":""INFO"",""with_timestamp"":true,""with_thread_id"":false}}","{""generator"":""stripe_ctrl_alpha"",""dataset"":""exp6_stripe__nr100000__ns100000__a1_000em02__g1"",""n_r"":100000,""n_s"":100000,""has_exact_k"":true,""k_target"":2000,""k_achieved"":2000,""alpha_target"":0.01,""alpha_achieved"":0.01,""notes"":""control_axis=1, core=[0.45,0.55], g=9.9999e-07, h=9e-06, delta=2.49998e-07, shuffle_strips=1, shuffle_r=0, k_overridden=0""}"
exp6_stripe__nr100000__ns100000__a1_000em02__g1,stripe,0.01,100000,100000,ours,adaptive,30000,2,3,1,367.076,2000,1,1,0,0,enumerate_all,2000,"{""build_active_indices_ms"":5.484728,""build_events_ms"":42.460971,""build_ranks_ms"":39.908744,""build_y_domain_ms"":13.798358,""run_build_ms"":102.159280,""run_pilot_enum_prepare_ms"":1.506859,""run_pilot_enum_scan_ms"":219.188077,""run_small_join_sample_from_list_ms"":0.069719}",,"{""dataset"":{""source"":""synthetic"",""name"":""exp6_stripe__nr100000__ns100000__a1_000em02__g1"",""dim"":2,""path_r"":"""",""path_s"":"""",""synthetic"":{""generator"":""stripe"",""n_r"":100000,""n_s"":100000,""alpha"":0.01,""seed"":1}},""run"":{""method"":""ours"",""variant"":""adaptive"",""t"":30000,""seed"":1,""repeats"":3,""j_star"":1000000,""enum_cap"":0,""write_samples"":false,""verify"":false},""output"":{""out_dir"":""/home/dhy/PhD/SIGMOD-EXP/EXP-2/run/temp/exp6"",""run_tag"":""""},""sys"":{""threads"":1},""logging"":{""level"":""INFO"",""with_timestamp"":true,""with_thread_id"":false}}","{""generator"":""stripe_ctrl_alpha"",""dataset"":""exp6_stripe__nr100000__ns100000__a1_000em02__g1"",""n_r"":100000,""n_s"":100000,""has_exact_k"":true,""k_target"":2000,""k_achieved"":2000,""alpha_target"":0.01,""alpha_achieved"":0.01,""notes"":""control_axis=1, core=[0.45,0.55], g=9.9999e-07, h=9e-06, delta=2.49998e-07, shuffle_strips=1, shuffle_r=0, k_overridden=0""}"
exp6_stripe__nr100000__ns100000__a1_000em02__g1,stripe,0.01,100000,100000,ours,sampling,100000,0,1,1,458.987,2000,1,0,0,0,,0,"{""build_active_indices_ms"":5.579346,""build_events_ms"":36.290688,""build_ranks_ms"":39.972482,""build_y_domain_ms"":13.823557,""phase1_count_ms"":221.164847,""phase2_plan_ms"":5.412749,""phase3_sample_ms"":136.191204,""run_build_ms"":96.177693,""run_count_ms"":221.167996,""run_sample_ms"":141.637474}",,"{""dataset"":{""source"":""synthetic"",""name"":""exp6_stripe__nr100000__ns100000__a1_000em02__g1"",""dim"":2,""path_r"":"""",""path_s"":"""",""synthetic"":{""generator"":""stripe"",""n_r"":100000,""n_s"":100000,""alpha"":0.01,""seed"":1}},""run"":{""method"":""ours"",""variant"":""sampling"",""t"":100000,""seed"":1,""repeats"":3,""j_star"":1000000,""enum_cap"":0,""write_samples"":false,""verify"":false},""output"":{""out_dir"":""/home/dhy/PhD/SIGMOD-EXP/EXP-2/run/temp/exp6"",""run_tag"":""""},""sys"":{""threads"":1},""logging"":{""level"":""INFO"",""with_timestamp"":true,""with_thread_id"":false}}","{""generator"":""stripe_ctrl_alpha"",""dataset"":""exp6_stripe__nr100000__ns100000__a1_000em02__g1"",""n_r"":100000,""n_s"":100000,""has_exact_k"":true,""k_target"":2000,""k_achieved"":2000,""alpha_target"":0.01,""alpha_achieved"":0.01,""notes"":""control_axis=1, core=[0.45,0.55], g=9.9999e-07, h=9e-06, delta=2.49998e-07, shuffle_strips=1, shuffle_r=0, k_overridden=0""}"
exp6_stripe__nr100000__ns100000__a1_000em02__g1,stripe,0.01,100000,100000,ours,sampling,100000,1,2,1,508.882,2000,1,0,0,0,,0,"{""build_active_indices_ms"":5.487718,""build_events_ms"":42.338414,""build_ranks_ms"":39.991452,""build_y_domain_ms"":13.778028,""phase1_count_ms"":222.204485,""phase2_plan_ms"":5.463879,""phase3_sample_ms"":136.479138,""run_build_ms"":102.101192,""run_count_ms"":222.206945,""run_sample_ms"":141.975967}",,"{""dataset"":{""source"":""synthetic"",""name"":""exp6_stripe__nr100000__ns100000__a1_000em02__g1"",""dim"":2,""path_r"":"""",""path_s"":"""",""synthetic"":{""generator"":""stripe"",""n_r"":100000,""n_s"":100000,""alpha"":0.01,""seed"":1}},""run"":{""method"":""ours"",""variant"":""sampling"",""t"":100000,""seed"":1,""repeats"":3,""j_star"":1000000,""enum_cap"":0,""write_samples"":false,""verify"":false},""output"":{""out_dir"":""/home/dhy/PhD/SIGMOD-EXP/EXP-2/run/temp/exp6"",""run_tag"":""""},""sys"":{""threads"":1},""logging"":{""level"":""INFO"",""with_timestamp"":true,""with_thread_id"":false}}","{""generator"":""stripe_ctrl_alpha"",""dataset"":""exp6_stripe__nr100000__ns100000__a1_000em02__g1"",""n_r"":100000,""n_s"":100000,""has_exact_k"":true,""k_target"":2000,""k_achieved"":2000,""alpha_target"":0.01,""alpha_achieved"":0.01,""notes"":""control_axis=1, core=[0.45,0.55], g=9.9999e-07, h=9e-06, delta=2.49998e-07, shuffle_strips=1, shuffle_r=0, k_overridden=0""}"
exp6_stripe__nr100000__ns100000__a1_000em02__g1,stripe,0.01,100000,100000,ours,sampling,100000,2,3,1,508.826,2000,1,0,0,0,,0,"{""build_active_indices_ms"":5.482578,""build_events_ms"":43.557539,""build_ranks_ms"":39.964643,""build_y_domain_ms"":13.779958,""phase1_count_ms"":220.747706,""phase2_plan_ms"":5.430168,""phase3_sample_ms"":136.671855,""run_build_ms"":103.282137,""run_count_ms"":220.750466,""run_sample_ms"":142.134953}",,"{""dataset"":{""source"":""synthetic"",""name"":""exp6_stripe__nr100000__ns100000__a1_000em02__g1"",""dim"":2,""path_r"":"""",""path_s"":"""",""synthetic"":{""generator"":""stripe"",""n_r"":100000,""n_s"":100000,""alpha"":0.01,""seed"":1}},""run"":{""method"":""ours"",""variant"":""sampling"",""t"":100000,""seed"":1,""repeats"":3,""j_star"":1000000,""enum_cap"":0,""write_samples"":false,""verify"":false},""output"":{""out_dir"":""/home/dhy/PhD/SIGMOD-EXP/EXP-2/run/temp/exp6"",""run_tag"":""""},""sys"":{""threads"":1},""logging"":{""level"":""INFO"",""with_timestamp"":true,""with_thread_id"":false}}","{""generator"":""stripe_ctrl_alpha"",""dataset"":""exp6_stripe__nr100000__ns100000__a1_000em02__g1"",""n_r"":100000,""n_s"":100000,""has_exact_k"":true,""k_target"":2000,""k_achieved"":2000,""alpha_target"":0.01,""alpha_achieved"":0.01,""notes"":""control_axis=1, core=[0.45,0.55], g=9.9999e-07, h=9e-06, delta=2.49998e-07, shuffle_strips=1, shuffle_r=0, k_overridden=0""}"
exp6_stripe__nr100000__ns100000__a1_000em02__g1,stripe,0.01,100000,100000,ours,enum_sampling,100000,0,1,1,417.065,2000,1,1,0,0,,0,"{""build_active_indices_ms"":5.578116,""build_events_ms"":35.025954,""build_ranks_ms"":40.079880,""build_y_domain_ms"":13.797308,""run_build_ms"":94.870220,""run_draw_ranks_ms"":8.566864,""run_enum_pass1_count_ms"":220.398073,""run_enum_pass2_select_ms"":91.609137,""run_enum_prepare_ms"":1.552298}",,"{""dataset"":{""source"":""synthetic"",""name"":""exp6_stripe__nr100000__ns100000__a1_000em02__g1"",""dim"":2,""path_r"":"""",""path_s"":"""",""synthetic"":{""generator"":""stripe"",""n_r"":100000,""n_s"":100000,""alpha"":0.01,""seed"":1}},""run"":{""method"":""ours"",""variant"":""enum_sampling"",""t"":100000,""seed"":1,""repeats"":3,""j_star"":1000000,""enum_cap"":0,""write_samples"":false,""verify"":false},""output"":{""out_dir"":""/home/dhy/PhD/SIGMOD-EXP/EXP-2/run/temp/exp6"",""run_tag"":""""},""sys"":{""threads"":1},""logging"":{""level"":""INFO"",""with_timestamp"":true,""with_thread_id"":false}}","{""generator"":""stripe_ctrl_alpha"",""dataset"":""exp6_stripe__nr100000__ns100000__a1_000em02__g1"",""n_r"":100000,""n_s"":100000,""has_exact_k"":true,""k_target"":2000,""k_achieved"":2000,""alpha_target"":0.01,""alpha_achieved"":0.01,""notes"":""control_axis=1, core=[0.45,0.55], g=9.9999e-07, h=9e-06, delta=2.49998e-07, shuffle_strips=1, shuffle_r=0, k_overridden=0""}"
exp6_stripe__nr100000__ns100000__a1_000em02__g1,stripe,0.01,100000,100000,ours,enum_sampling,100000,1,2,1,468.832,2000,1,1,0,0,,0,"{""build_active_indices_ms"":5.467227,""build_events_ms"":43.622937,""build_ranks_ms"":40.055202,""build_y_domain_ms"":13.793008,""run_build_ms"":103.326566,""run_draw_ranks_ms"":8.546505,""run_enum_pass1_count_ms"":219.685187,""run_enum_pass2_select_ms"":92.019908,""run_enum_prepare_ms"":1.540399}",,"{""dataset"":{""source"":""synthetic"",""name"":""exp6_stripe__nr100000__ns100000__a1_000em02__g1"",""dim"":2,""path_r"":"""",""path_s"":"""",""synthetic"":{""generator"":""stripe"",""n_r"":100000,""n_s"":100000,""alpha"":0.01,""seed"":1}},""run"":{""method"":""ours"",""variant"":""enum_sampling"",""t"":100000,""seed"":1,""repeats"":3,""j_star"":1000000,""enum_cap"":0,""write_samples"":false,""verify"":false},""output"":{""out_dir"":""/home/dhy/PhD/SIGMOD-EXP/EXP-2/run/temp/exp6"",""run_tag"":""""},""sys"":{""threads"":1},""logging"":{""level"":""INFO"",""with_timestamp"":true,""with_thread_id"":false}}","{""generator"":""stripe_ctrl_alpha"",""dataset"":""exp6_stripe__nr100000__ns100000__a1_000em02__g1"",""n_r"":100000,""n_s"":100000,""has_exact_k"":true,""k_target"":2000,""k_achieved"":2000,""alpha_target"":0.01,""alpha_achieved"":0.01,""notes"":""control_axis=1, core=[0.45,0.55], g=9.9999e-07, h=9e-06, delta=2.49998e-07, shuffle_strips=1, shuffle_r=0, k_overridden=0""}"
exp6_stripe__nr100000__ns100000__a1_000em02__g1,stripe,0.01,100000,100000,ours,enum_sampling,100000,2,3,1,468.029,2000,1,1,0,0,,0,"{""build_active_indices_ms"":5.498118,""build_events_ms"":42.211027,""build_ranks_ms"":40.094270,""build_y_domain_ms"":13.810047,""run_build_ms"":101.998084,""run_draw_ranks_ms"":8.596524,""run_enum_pass1_count_ms"":220.186347,""run_enum_pass2_select_ms"":91.419171,""run_enum_prepare_ms"":1.518779}",,"{""dataset"":{""source"":""synthetic"",""name"":""exp6_stripe__nr100000__ns100000__a1_000em02__g1"",""dim"":2,""path_r"":"""",""path_s"":"""",""synthetic"":{""generator"":""stripe"",""n_r"":100000,""n_s"":100000,""alpha"":0.01,""seed"":1}},""run"":{""method"":""ours"",""variant"":""enum_sampling"",""t"":100000,""seed"":1,""repeats"":3,""j_star"":1000000,""enum_cap"":0,""write_samples"":false,""verify"":false},""output"":{""out_dir"":""/home/dhy/PhD/SIGMOD-EXP/EXP-2/run/temp/exp6"",""run_tag"":""""},""sys"":{""threads"":1},""logging"":{""level"":""INFO"",""with_timestamp"":true,""with_thread_id"":false}}","{""generator"":""stripe_ctrl_alpha"",""dataset"":""exp6_stripe__nr100000__ns100000__a1_000em02__g1"",""n_r"":100000,""n_s"":100000,""has_exact_k"":true,""k_target"":2000,""k_achieved"":2000,""alpha_target"":0.01,""alpha_achieved"":0.01,""notes"":""control_axis=1, core=[0.45,0.55], g=9.9999e-07, h=9e-06, delta=2.49998e-07, shuffle_strips=1, shuffle_r=0, k_overridden=0""}"
exp6_stripe__nr100000__ns100000__a1_000em02__g1,stripe,0.01,100000,100000,ours,adaptive,100000,0,1,1,318.284,2000,1,1,0,0,enumerate_all,2000,"{""build_active_indices_ms"":5.588896,""build_events_ms"":35.023104,""build_ranks_ms"":39.979312,""build_y_domain_ms"":13.817037,""run_build_ms"":94.913049,""run_pilot_enum_prepare_ms"":1.550569,""run_pilot_enum_scan_ms"":221.593668,""run_small_join_sample_from_list_ms"":0.216296}",,"{""dataset"":{""source"":""synthetic"",""name"":""exp6_stripe__nr100000__ns100000__a1_000em02__g1"",""dim"":2,""path_r"":"""",""path_s"":"""",""synthetic"":{""generator"":""stripe"",""n_r"":100000,""n_s"":100000,""alpha"":0.01,""seed"":1}},""run"":{""method"":""ours"",""variant"":""adaptive"",""t"":100000,""seed"":1,""repeats"":3,""j_star"":1000000,""enum_cap"":0,""write_samples"":false,""verify"":false},""output"":{""out_dir"":""/home/dhy/PhD/SIGMOD-EXP/EXP-2/run/temp/exp6"",""run_tag"":""""},""sys"":{""threads"":1},""logging"":{""level"":""INFO"",""with_timestamp"":true,""with_thread_id"":false}}","{""generator"":""stripe_ctrl_alpha"",""dataset"":""exp6_stripe__nr100000__ns100000__a1_000em02__g1"",""n_r"":100000,""n_s"":100000,""has_exact_k"":true,""k_target"":2000,""k_achieved"":2000,""alpha_target"":0.01,""alpha_achieved"":0.01,""notes"":""control_axis=1, core=[0.45,0.55], g=9.9999e-07, h=9e-06, delta=2.49998e-07, shuffle_strips=1, shuffle_r=0, k_overridden=0""}"
exp6_stripe__nr100000__ns100000__a1_000em02__g1,stripe,0.01,100000,100000,ours,adaptive,100000,1,2,1,371.054,2000,1,1,0,0,enumerate_all,2000,"{""build_active_indices_ms"":5.498508,""build_events_ms"":42.226897,""build_ranks_ms"":40.021951,""build_y_domain_ms"":13.799398,""run_build_ms"":102.043573,""run_pilot_enum_prepare_ms"":1.537709,""run_pilot_enum_scan_ms"":220.804364,""run_small_join_sample_from_list_ms"":0.215615}",,"{""dataset"":{""source"":""synthetic"",""name"":""exp6_stripe__nr100000__ns100000__a1_000em02__g1"",""dim"":2,""path_r"":"""",""path_s"":"""",""synthetic"":{""generator"":""stripe"",""n_r"":100000,""n_s"":100000,""alpha"":0.01,""seed"":1}},""run"":{""method"":""ours"",""variant"":""adaptive"",""t"":100000,""seed"":1,""repeats"":3,""j_star"":1000000,""enum_cap"":0,""write_samples"":false,""verify"":false},""output"":{""out_dir"":""/home/dhy/PhD/SIGMOD-EXP/EXP-2/run/temp/exp6"",""run_tag"":""""},""sys"":{""threads"":1},""logging"":{""level"":""INFO"",""with_timestamp"":true,""with_thread_id"":false}}","{""generator"":""stripe_ctrl_alpha"",""dataset"":""exp6_stripe__nr100000__ns100000__a1_000em02__g1"",""n_r"":100000,""n_s"":100000,""has_exact_k"":true,""k_target"":2000,""k_achieved"":2000,""alpha_target"":0.01,""alpha_achieved"":0.01,""notes"":""control_axis=1, core=[0.45,0.55], g=9.9999e-07, h=9e-06, delta=2.49998e-07, shuffle_strips=1, shuffle_r=0, k_overridden=0""}"
exp6_stripe__nr100000__ns100000__a1_000em02__g1,stripe,0.01,100000,100000,ours,adaptive,100000,2,3,1,371.541,2000,1,1,0,0,enumerate_all,2000,"{""build_active_indices_ms"":5.494088,""build_events_ms"":42.293534,""build_ranks_ms"":40.023782,""build_y_domain_ms"":13.793537,""run_build_ms"":102.100391,""run_pilot_enum_prepare_ms"":1.535799,""run_pilot_enum_scan_ms"":219.328715,""run_small_join_sample_from_list_ms"":0.216135}",,"{""dataset"":{""source"":""synthetic"",""name"":""exp6_stripe__nr100000__ns100000__a1_000em02__g1"",""dim"":2,""path_r"":"""",""path_s"":"""",""synthetic"":{""generator"":""stripe"",""n_r"":100000,""n_s"":100000,""alpha"":0.01,""seed"":1}},""run"":{""method"":""ours"",""variant"":""adaptive"",""t"":100000,""seed"":1,""repeats"":3,""j_star"":1000000,""enum_cap"":0,""write_samples"":false,""verify"":false},""output"":{""out_dir"":""/home/dhy/PhD/SIGMOD-EXP/EXP-2/run/temp/exp6"",""run_tag"":""""},""sys"":{""threads"":1},""logging"":{""level"":""INFO"",""with_timestamp"":true,""with_thread_id"":false}}","{""generator"":""stripe_ctrl_alpha"",""dataset"":""exp6_stripe__nr100000__ns100000__a1_000em02__g1"",""n_r"":100000,""n_s"":100000,""has_exact_k"":true,""k_target"":2000,""k_achieved"":2000,""alpha_target"":0.01,""alpha_achieved"":0.01,""notes"":""control_axis=1, core=[0.45,0.55], g=9.9999e-07, h=9e-06, delta=2.49998e-07, shuffle_strips=1, shuffle_r=0, k_overridden=0""}"
exp6_stripe__nr100000__ns100000__a1_000em02__g1,stripe,0.01,100000,100000,ours,sampling,300000,0,1,1,465.09,2000,1,0,0,0,,0,"{""build_active_indices_ms"":5.589065,""build_events_ms"":36.315327,""build_ranks_ms"":39.896074,""build_y_domain_ms"":13.806118,""phase1_count_ms"":220.953592,""phase2_plan_ms"":8.843049,""phase3_sample_ms"":139.092075,""run_build_ms"":96.108044,""run_count_ms"":220.956502,""run_sample_ms"":148.021562}",,"{""dataset"":{""source"":""synthetic"",""name"":""exp6_stripe__nr100000__ns100000__a1_000em02__g1"",""dim"":2,""path_r"":"""",""path_s"":"""",""synthetic"":{""generator"":""stripe"",""n_r"":100000,""n_s"":100000,""alpha"":0.01,""seed"":1}},""run"":{""method"":""ours"",""variant"":""sampling"",""t"":300000,""seed"":1,""repeats"":3,""j_star"":1000000,""enum_cap"":0,""write_samples"":false,""verify"":false},""output"":{""out_dir"":""/home/dhy/PhD/SIGMOD-EXP/EXP-2/run/temp/exp6"",""run_tag"":""""},""sys"":{""threads"":1},""logging"":{""level"":""INFO"",""with_timestamp"":true,""with_thread_id"":false}}","{""generator"":""stripe_ctrl_alpha"",""dataset"":""exp6_stripe__nr100000__ns100000__a1_000em02__g1"",""n_r"":100000,""n_s"":100000,""has_exact_k"":true,""k_target"":2000,""k_achieved"":2000,""alpha_target"":0.01,""alpha_achieved"":0.01,""notes"":""control_axis=1, core=[0.45,0.55], g=9.9999e-07, h=9e-06, delta=2.49998e-07, shuffle_strips=1, shuffle_r=0, k_overridden=0""}"
exp6_stripe__nr100000__ns100000__a1_000em02__g1,stripe,0.01,100000,100000,ours,sampling,300000,1,2,1,513.944,2000,1,0,0,0,,0,"{""build_active_indices_ms"":5.495328,""build_events_ms"":42.153238,""build_ranks_ms"":39.930573,""build_y_domain_ms"":13.805378,""phase1_count_ms"":220.797554,""phase2_plan_ms"":8.811440,""phase3_sample_ms"":139.069466,""run_build_ms"":101.877117,""run_count_ms"":220.800554,""run_sample_ms"":147.966604}",,"{""dataset"":{""source"":""synthetic"",""name"":""exp6_stripe__nr100000__ns100000__a1_000em02__g1"",""dim"":2,""path_r"":"""",""path_s"":"""",""synthetic"":{""generator"":""stripe"",""n_r"":100000,""n_s"":100000,""alpha"":0.01,""seed"":1}},""run"":{""method"":""ours"",""variant"":""sampling"",""t"":300000,""seed"":1,""repeats"":3,""j_star"":1000000,""enum_cap"":0,""write_samples"":false,""verify"":false},""output"":{""out_dir"":""/home/dhy/PhD/SIGMOD-EXP/EXP-2/run/temp/exp6"",""run_tag"":""""},""sys"":{""threads"":1},""logging"":{""level"":""INFO"",""with_timestamp"":true,""with_thread_id"":false}}","{""generator"":""stripe_ctrl_alpha"",""dataset"":""exp6_stripe__nr100000__ns100000__a1_000em02__g1"",""n_r"":100000,""n_s"":100000,""has_exact_k"":true,""k_target"":2000,""k_achieved"":2000,""alpha_target"":0.01,""alpha_achieved"":0.01,""notes"":""control_axis=1, core=[0.45,0.55], g=9.9999e-07, h=9e-06, delta=2.49998e-07, shuffle_strips=1, shuffle_r=0, k_overridden=0""}"
exp6_stripe__nr100000__ns100000__a1_000em02__g1,stripe,0.01,100000,100000,ours,sampling,300000,2,3,1,517.196,2000,1,0,0,0,,0,"{""build_active_indices_ms"":5.519687,""build_events_ms"":42.275886,""build_ranks_ms"":39.915664,""build_y_domain_ms"":13.813527,""phase1_count_ms"":221.729136,""phase2_plan_ms"":8.781191,""phase3_sample_ms"":139.105705,""run_build_ms"":102.018854,""run_count_ms"":221.732785,""run_sample_ms"":147.972474}",,"{""dataset"":{""source"":""synthetic"",""name"":""exp6_stripe__nr100000__ns100000__a1_000em02__g1"",""dim"":2,""path_r"":"""",""path_s"":"""",""synthetic"":{""generator"":""stripe"",""n_r"":100000,""n_s"":100000,""alpha"":0.01,""seed"":1}},""run"":{""method"":""ours"",""variant"":""sampling"",""t"":300000,""seed"":1,""repeats"":3,""j_star"":1000000,""enum_cap"":0,""write_samples"":false,""verify"":false},""output"":{""out_dir"":""/home/dhy/PhD/SIGMOD-EXP/EXP-2/run/temp/exp6"",""run_tag"":""""},""sys"":{""threads"":1},""logging"":{""level"":""INFO"",""with_timestamp"":true,""with_thread_id"":false}}","{""generator"":""stripe_ctrl_alpha"",""dataset"":""exp6_stripe__nr100000__ns100000__a1_000em02__g1"",""n_r"":100000,""n_s"":100000,""has_exact_k"":true,""k_target"":2000,""k_achieved"":2000,""alpha_target"":0.01,""alpha_achieved"":0.01,""notes"":""control_axis=1, core=[0.45,0.55], g=9.9999e-07, h=9e-06, delta=2.49998e-07, shuffle_strips=1, shuffle_r=0, k_overridden=0""}"
exp6_stripe__nr100000__ns100000__a1_000em02__g1,stripe,0.01,100000,100000,ours,enum_sampling,300000,0,1,1,437.161,2000,1,1,0,0,,0,"{""build_active_indices_ms"":5.530766,""build_events_ms"":35.019564,""build_ranks_ms"":40.009382,""build_y_domain_ms"":13.802128,""run_build_ms"":94.752562,""run_draw_ranks_ms"":27.570026,""run_enum_pass1_count_ms"":220.831984,""run_enum_pass2_select_ms"":92.306172,""run_enum_prepare_ms"":1.525419}",,"{""dataset"":{""source"":""synthetic"",""name"":""exp6_stripe__nr100000__ns100000__a1_000em02__g1"",""dim"":2,""path_r"":"""",""path_s"":"""",""synthetic"":{""generator"":""stripe"",""n_r"":100000,""n_s"":100000,""alpha"":0.01,""seed"":1}},""run"":{""method"":""ours"",""variant"":""enum_sampling"",""t"":300000,""seed"":1,""repeats"":3,""j_star"":1000000,""enum_cap"":0,""write_samples"":false,""verify"":false},""output"":{""out_dir"":""/home/dhy/PhD/SIGMOD-EXP/EXP-2/run/temp/exp6"",""run_tag"":""""},""sys"":{""threads"":1},""logging"":{""level"":""INFO"",""with_timestamp"":true,""with_thread_id"":false}}","{""generator"":""stripe_ctrl_alpha"",""dataset"":""exp6_stripe__nr100000__ns100000__a1_000em02__g1"",""n_r"":100000,""n_s"":100000,""has_exact_k"":true,""k_target"":2000,""k_achieved"":2000,""alpha_target"":0.01,""alpha_achieved"":0.01,""notes"":""control_axis=1, core=[0.45,0.55], g=9.9999e-07, h=9e-06, delta=2.49998e-07, shuffle_strips=1, shuffle_r=0, k_overridden=0""}"
exp6_stripe__nr100000__ns100000__a1_000em02__g1,stripe,0.01,100000,100000,ours,enum_sampling,300000,1,2,1,491.005,2000,1,1,0,0,,0,"{""build_active_indices_ms"":5.439998,""build_events_ms"":42.365314,""build_ranks_ms"":40.048291,""build_y_domain_ms"":13.799938,""run_build_ms"":102.038413,""run_draw_ranks_ms"":27.272272,""run_enum_pass1_count_ms"":221.228526,""run_enum_pass2_select_ms"":92.917259,""run_enum_prepare_ms"":1.527639}",,"{""dataset"":{""source"":""synthetic"",""name"":""exp6_stripe__nr100000__ns100000__a1_000em02__g1"",""dim"":2,""path_r"":"""",""path_s"":"""",""synthetic"":{""generator"":""stripe"",""n_r"":100000,""n_s"":100000,""alpha"":0.01,""seed"":1}},""run"":{""method"":""ours"",""variant"":""enum_sampling"",""t"":300000,""seed"":1,""repeats"":3,""j_star"":1000000,""enum_cap"":0,""write_samples"":false,""verify"":false},""output"":{""out_dir"":""/home/dhy/PhD/SIGMOD-EXP/EXP-2/run/temp/exp6"",""run_tag"":""""},""sys"":{""threads"":1},""logging"":{""level"":""INFO"",""with_timestamp"":true,""with_thread_id"":false}}","{""generator"":""stripe_ctrl_alpha"",""dataset"":""exp6_stripe__nr100000__ns100000__a1_000em02__g1"",""n_r"":100000,""n_s"":100000,""has_exact_k"":true,""k_target"":2000,""k_achieved"":2000,""alpha_target"":0.01,""alpha_achieved"":0.01,""notes"":""control_axis=1, core=[0.45,0.55], g=9.9999e-07, h=9e-06, delta=2.49998e-07, shuffle_strips=1, shuffle_r=0, k_overridden=0""}"
exp6_stripe__nr100000__ns100000__a1_000em02__g1,stripe,0.01,100000,100000,ours,enum_sampling,300000,2,3,1,487.727,2000,1,1,0,0,,0,"{""build_active_indices_ms"":5.446859,""build_events_ms"":42.186497,""build_ranks_ms"":40.042211,""build_y_domain_ms"":13.797748,""run_build_ms"":101.858086,""run_draw_ranks_ms"":27.521387,""run_enum_pass1_count_ms"":220.484322,""run_enum_pass2_select_ms"":92.292604,""run_enum_prepare_ms"":1.517430}",,"{""dataset"":{""source"":""synthetic"",""name"":""exp6_stripe__nr100000__ns100000__a1_000em02__g1"",""dim"":2,""path_r"":"""",""path_s"":"""",""synthetic"":{""generator"":""stripe"",""n_r"":100000,""n_s"":100000,""alpha"":0.01,""seed"":1}},""run"":{""method"":""ours"",""variant"":""enum_sampling"",""t"":300000,""seed"":1,""repeats"":3,""j_star"":1000000,""enum_cap"":0,""write_samples"":false,""verify"":false},""output"":{""out_dir"":""/home/dhy/PhD/SIGMOD-EXP/EXP-2/run/temp/exp6"",""run_tag"":""""},""sys"":{""threads"":1},""logging"":{""level"":""INFO"",""with_timestamp"":true,""with_thread_id"":false}}","{""generator"":""stripe_ctrl_alpha"",""dataset"":""exp6_stripe__nr100000__ns100000__a1_000em02__g1"",""n_r"":100000,""n_s"":100000,""has_exact_k"":true,""k_target"":2000,""k_achieved"":2000,""alpha_target"":0.01,""alpha_achieved"":0.01,""notes"":""control_axis=1, core=[0.45,0.55], g=9.9999e-07, h=9e-06, delta=2.49998e-07, shuffle_strips=1, shuffle_r=0, k_overridden=0""}"
exp6_stripe__nr100000__ns100000__a1_000em02__g1,stripe,0.01,100000,100000,ours,adaptive,300000,0,1,1,319.117,2000,1,1,0,0,enumerate_all,2000,"{""build_active_indices_ms"":5.578846,""build_events_ms"":36.316187,""build_ranks_ms"":40.023671,""build_y_domain_ms"":13.785798,""run_build_ms"":96.204763,""run_pilot_enum_prepare_ms"":1.531698,""run_pilot_enum_scan_ms"":220.729447,""run_small_join_sample_from_list_ms"":0.638667}",,"{""dataset"":{""source"":""synthetic"",""name"":""exp6_stripe__nr100000__ns100000__a1_000em02__g1"",""dim"":2,""path_r"":"""",""path_s"":"""",""synthetic"":{""generator"":""stripe"",""n_r"":100000,""n_s"":100000,""alpha"":0.01,""seed"":1}},""run"":{""method"":""ours"",""variant"":""adaptive"",""t"":300000,""seed"":1,""repeats"":3,""j_star"":1000000,""enum_cap"":0,""write_samples"":false,""verify"":false},""output"":{""out_dir"":""/home/dhy/PhD/SIGMOD-EXP/EXP-2/run/temp/exp6"",""run_tag"":""""},""sys"":{""threads"":1},""logging"":{""level"":""INFO"",""with_timestamp"":true,""with_thread_id"":false}}","{""generator"":""stripe_ctrl_alpha"",""dataset"":""exp6_stripe__nr100000__ns100000__a1_000em02__g1"",""n_r"":100000,""n_s"":100000,""has_exact_k"":true,""k_target"":2000,""k_achieved"":2000,""alpha_target"":0.01,""alpha_achieved"":0.01,""notes"":""control_axis=1, core=[0.45,0.55], g=9.9999e-07, h=9e-06, delta=2.49998e-07, shuffle_strips=1, shuffle_r=0, k_overridden=0""}"
exp6_stripe__nr100000__ns100000__a1_000em02__g1,stripe,0.01,100000,100000,ours,adaptive,300000,1,2,1,367.46,2000,1,1,0,0,enumerate_all,2000,"{""build_active_indices_ms"":5.488798,""build_events_ms"":42.239236,""build_ranks_ms"":39.987162,""build_y_domain_ms"":13.819477,""run_build_ms"":102.029074,""run_pilot_enum_prepare_ms"":1.531798,""run_pilot_enum_scan_ms"":220.169688,""run_small_join_sample_from_list_ms"":0.648787}",,"{""dataset"":{""source"":""synthetic"",""name"":""exp6_stripe__nr100000__ns100000__a1_000em02__g1"",""dim"":2,""path_r"":"""",""path_s"":"""",""synthetic"":{""generator"":""stripe"",""n_r"":100000,""n_s"":100000,""alpha"":0.01,""seed"":1}},""run"":{""method"":""ours"",""variant"":""adaptive"",""t"":300000,""seed"":1,""repeats"":3,""j_star"":1000000,""enum_cap"":0,""write_samples"":false,""verify"":false},""output"":{""out_dir"":""/home/dhy/PhD/SIGMOD-EXP/EXP-2/run/temp/exp6"",""run_tag"":""""},""sys"":{""threads"":1},""logging"":{""level"":""INFO"",""with_timestamp"":true,""with_thread_id"":false}}","{""generator"":""stripe_ctrl_alpha"",""dataset"":""exp6_stripe__nr100000__ns100000__a1_000em02__g1"",""n_r"":100000,""n_s"":100000,""has_exact_k"":true,""k_target"":2000,""k_achieved"":2000,""alpha_target"":0.01,""alpha_achieved"":0.01,""notes"":""control_axis=1, core=[0.45,0.55], g=9.9999e-07, h=9e-06, delta=2.49998e-07, shuffle_strips=1, shuffle_r=0, k_overridden=0""}"
exp6_stripe__nr100000__ns100000__a1_000em02__g1,stripe,0.01,100000,100000,ours,adaptive,300000,2,3,1,368.494,2000,1,1,0,0,enumerate_all,2000,"{""build_active_indices_ms"":5.508558,""build_events_ms"":42.283055,""build_ranks_ms"":39.998402,""build_y_domain_ms"":13.786658,""run_build_ms"":102.072262,""run_pilot_enum_prepare_ms"":1.525549,""run_pilot_enum_scan_ms"":221.482711,""run_small_join_sample_from_list_ms"":0.639067}",,"{""dataset"":{""source"":""synthetic"",""name"":""exp6_stripe__nr100000__ns100000__a1_000em02__g1"",""dim"":2,""path_r"":"""",""path_s"":"""",""synthetic"":{""generator"":""stripe"",""n_r"":100000,""n_s"":100000,""alpha"":0.01,""seed"":1}},""run"":{""method"":""ours"",""variant"":""adaptive"",""t"":300000,""seed"":1,""repeats"":3,""j_star"":1000000,""enum_cap"":0,""write_samples"":false,""verify"":false},""output"":{""out_dir"":""/home/dhy/PhD/SIGMOD-EXP/EXP-2/run/temp/exp6"",""run_tag"":""""},""sys"":{""threads"":1},""logging"":{""level"":""INFO"",""with_timestamp"":true,""with_thread_id"":false}}","{""generator"":""stripe_ctrl_alpha"",""dataset"":""exp6_stripe__nr100000__ns100000__a1_000em02__g1"",""n_r"":100000,""n_s"":100000,""has_exact_k"":true,""k_target"":2000,""k_achieved"":2000,""alpha_target"":0.01,""alpha_achieved"":0.01,""notes"":""control_axis=1, core=[0.45,0.55], g=9.9999e-07, h=9e-06, delta=2.49998e-07, shuffle_strips=1, shuffle_r=0, k_overridden=0""}"
exp6_stripe__nr100000__ns100000__a1_000em02__g1,stripe,0.01,100000,100000,ours,sampling,1000000,0,1,1,487.244,2000,1,0,0,0,,0,"{""build_active_indices_ms"":5.618305,""build_events_ms"":35.020724,""build_ranks_ms"":40.024332,""build_y_domain_ms"":13.784118,""phase1_count_ms"":221.460151,""phase2_plan_ms"":21.394263,""phase3_sample_ms"":149.149260,""run_build_ms"":94.950589,""run_count_ms"":221.463561,""run_sample_ms"":170.825567}",,"{""dataset"":{""source"":""synthetic"",""name"":""exp6_stripe__nr100000__ns100000__a1_000em02__g1"",""dim"":2,""path_r"":"""",""path_s"":"""",""synthetic"":{""generator"":""stripe"",""n_r"":100000,""n_s"":100000,""alpha"":0.01,""seed"":1}},""run"":{""method"":""ours"",""variant"":""sampling"",""t"":1000000,""seed"":1,""repeats"":3,""j_star"":1000000,""enum_cap"":0,""write_samples"":false,""verify"":false},""output"":{""out_dir"":""/home/dhy/PhD/SIGMOD-EXP/EXP-2/run/temp/exp6"",""run_tag"":""""},""sys"":{""threads"":1},""logging"":{""level"":""INFO"",""with_timestamp"":true,""with_thread_id"":false}}","{""generator"":""stripe_ctrl_alpha"",""dataset"":""exp6_stripe__nr100000__ns100000__a1_000em02__g1"",""n_r"":100000,""n_s"":100000,""has_exact_k"":true,""k_target"":2000,""k_achieved"":2000,""alpha_target"":0.01,""alpha_achieved"":0.01,""notes"":""control_axis=1, core=[0.45,0.55], g=9.9999e-07, h=9e-06, delta=2.49998e-07, shuffle_strips=1, shuffle_r=0, k_overridden=0""}"
exp6_stripe__nr100000__ns100000__a1_000em02__g1,stripe,0.01,100000,100000,ours,sampling,1000000,1,2,1,539.589,2000,1,0,0,0,,0,"{""build_active_indices_ms"":5.490798,""build_events_ms"":42.278036,""build_ranks_ms"":40.024591,""build_y_domain_ms"":13.790808,""phase1_count_ms"":221.042880,""phase2_plan_ms"":20.577289,""phase3_sample_ms"":151.750607,""run_build_ms"":102.076673,""run_count_ms"":221.046660,""run_sample_ms"":173.624470}",,"{""dataset"":{""source"":""synthetic"",""name"":""exp6_stripe__nr100000__ns100000__a1_000em02__g1"",""dim"":2,""path_r"":"""",""path_s"":"""",""synthetic"":{""generator"":""stripe"",""n_r"":100000,""n_s"":100000,""alpha"":0.01,""seed"":1}},""run"":{""method"":""ours"",""variant"":""sampling"",""t"":1000000,""seed"":1,""repeats"":3,""j_star"":1000000,""enum_cap"":0,""write_samples"":false,""verify"":false},""output"":{""out_dir"":""/home/dhy/PhD/SIGMOD-EXP/EXP-2/run/temp/exp6"",""run_tag"":""""},""sys"":{""threads"":1},""logging"":{""level"":""INFO"",""with_timestamp"":true,""with_thread_id"":false}}","{""generator"":""stripe_ctrl_alpha"",""dataset"":""exp6_stripe__nr100000__ns100000__a1_000em02__g1"",""n_r"":100000,""n_s"":100000,""has_exact_k"":true,""k_target"":2000,""k_achieved"":2000,""alpha_target"":0.01,""alpha_achieved"":0.01,""notes"":""control_axis=1, core=[0.45,0.55], g=9.9999e-07, h=9e-06, delta=2.49998e-07, shuffle_strips=1, shuffle_r=0, k_overridden=0""}"
exp6_stripe__nr100000__ns100000__a1_000em02__g1,stripe,0.01,100000,100000,ours,sampling,1000000,2,3,1,544.659,2000,1,0,0,0,,0,"{""build_active_indices_ms"":5.481038,""build_events_ms"":42.303964,""build_ranks_ms"":40.027461,""build_y_domain_ms"":13.791329,""phase1_count_ms"":224.187945,""phase2_plan_ms"":20.367024,""phase3_sample_ms"":149.120920,""run_build_ms"":102.119853,""run_count_ms"":224.192155,""run_sample_ms"":169.759049}",,"{""dataset"":{""source"":""synthetic"",""name"":""exp6_stripe__nr100000__ns100000__a1_000em02__g1"",""dim"":2,""path_r"":"""",""path_s"":"""",""synthetic"":{""generator"":""stripe"",""n_r"":100000,""n_s"":100000,""alpha"":0.01,""seed"":1}},""run"":{""method"":""ours"",""variant"":""sampling"",""t"":1000000,""seed"":1,""repeats"":3,""j_star"":1000000,""enum_cap"":0,""write_samples"":false,""verify"":false},""output"":{""out_dir"":""/home/dhy/PhD/SIGMOD-EXP/EXP-2/run/temp/exp6"",""run_tag"":""""},""sys"":{""threads"":1},""logging"":{""level"":""INFO"",""with_timestamp"":true,""with_thread_id"":false}}","{""generator"":""stripe_ctrl_alpha"",""dataset"":""exp6_stripe__nr100000__ns100000__a1_000em02__g1"",""n_r"":100000,""n_s"":100000,""has_exact_k"":true,""k_target"":2000,""k_achieved"":2000,""alpha_target"":0.01,""alpha_achieved"":0.01,""notes"":""control_axis=1, core=[0.45,0.55], g=9.9999e-07, h=9e-06, delta=2.49998e-07, shuffle_strips=1, shuffle_r=0, k_overridden=0""}"
exp6_stripe__nr100000__ns100000__a1_000em02__g1,stripe,0.01,100000,100000,ours,enum_sampling,1000000,0,1,1,519.669,2000,1,1,0,0,,0,"{""build_active_indices_ms"":7.873839,""build_events_ms"":35.087192,""build_ranks_ms"":40.039851,""build_y_domain_ms"":13.807108,""run_build_ms"":97.212112,""run_draw_ranks_ms"":99.735541,""run_enum_pass1_count_ms"":219.851974,""run_enum_pass2_select_ms"":95.596866,""run_enum_prepare_ms"":1.542949}",,"{""dataset"":{""source"":""synthetic"",""name"":""exp6_stripe__nr100000__ns100000__a1_000em02__g1"",""dim"":2,""path_r"":"""",""path_s"":"""",""synthetic"":{""generator"":""stripe"",""n_r"":100000,""n_s"":100000,""alpha"":0.01,""seed"":1}},""run"":{""method"":""ours"",""variant"":""enum_sampling"",""t"":1000000,""seed"":1,""repeats"":3,""j_star"":1000000,""enum_cap"":0,""write_samples"":false,""verify"":false},""output"":{""out_dir"":""/home/dhy/PhD/SIGMOD-EXP/EXP-2/run/temp/exp6"",""run_tag"":""""},""sys"":{""threads"":1},""logging"":{""level"":""INFO"",""with_timestamp"":true,""with_thread_id"":false}}","{""generator"":""stripe_ctrl_alpha"",""dataset"":""exp6_stripe__nr100000__ns100000__a1_000em02__g1"",""n_r"":100000,""n_s"":100000,""has_exact_k"":true,""k_target"":2000,""k_achieved"":2000,""alpha_target"":0.01,""alpha_achieved"":0.01,""notes"":""control_axis=1, core=[0.45,0.55], g=9.9999e-07, h=9e-06, delta=2.49998e-07, shuffle_strips=1, shuffle_r=0, k_overridden=0""}"
exp6_stripe__nr100000__ns100000__a1_000em02__g1,stripe,0.01,100000,100000,ours,enum_sampling,1000000,1,2,1,563.74,2000,1,1,0,0,,0,"{""build_active_indices_ms"":5.476358,""build_events_ms"":42.647669,""build_ranks_ms"":40.036281,""build_y_domain_ms"":13.800548,""run_build_ms"":102.347498,""run_draw_ranks_ms"":98.126633,""run_enum_pass1_count_ms"":220.815086,""run_enum_pass2_select_ms"":95.454908,""run_enum_prepare_ms"":1.543138}",,"{""dataset"":{""source"":""synthetic"",""name"":""exp6_stripe__nr100000__ns100000__a1_000em02__g1"",""dim"":2,""path_r"":"""",""path_s"":"""",""synthetic"":{""generator"":""stripe"",""n_r"":100000,""n_s"":100000,""alpha"":0.01,""seed"":1}},""run"":{""method"":""ours"",""variant"":""enum_sampling"",""t"":1000000,""seed"":1,""repeats"":3,""j_star"":1000000,""enum_cap"":0,""write_samples"":false,""verify"":false},""output"":{""out_dir"":""/home/dhy/PhD/SIGMOD-EXP/EXP-2/run/temp/exp6"",""run_tag"":""""},""sys"":{""threads"":1},""logging"":{""level"":""INFO"",""with_timestamp"":true,""with_thread_id"":false}}","{""generator"":""stripe_ctrl_alpha"",""dataset"":""exp6_stripe__nr100000__ns100000__a1_000em02__g1"",""n_r"":100000,""n_s"":100000,""has_exact_k"":true,""k_target"":2000,""k_achieved"":2000,""alpha_target"":0.01,""alpha_achieved"":0.01,""notes"":""control_axis=1, core=[0.45,0.55], g=9.9999e-07, h=9e-06, delta=2.49998e-07, shuffle_strips=1, shuffle_r=0, k_overridden=0""}"
exp6_stripe__nr100000__ns100000__a1_000em02__g1,stripe,0.01,100000,100000,ours,enum_sampling,1000000,2,3,1,568.65,2000,1,1,0,0,,0,"{""build_active_indices_ms"":5.427639,""build_events_ms"":43.570329,""build_ranks_ms"":40.018542,""build_y_domain_ms"":13.800808,""run_build_ms"":103.214090,""run_draw_ranks_ms"":97.892119,""run_enum_pass1_count_ms"":221.613729,""run_enum_pass2_select_ms"":95.627295,""run_enum_prepare_ms"":1.523309}",,"{""dataset"":{""source"":""synthetic"",""name"":""exp6_stripe__nr100000__ns100000__a1_000em02__g1"",""dim"":2,""path_r"":"""",""path_s"":"""",""synthetic"":{""generator"":""stripe"",""n_r"":100000,""n_s"":100000,""alpha"":0.01,""seed"":1}},""run"":{""method"":""ours"",""variant"":""enum_sampling"",""t"":1000000,""seed"":1,""repeats"":3,""j_star"":1000000,""enum_cap"":0,""write_samples"":false,""verify"":false},""output"":{""out_dir"":""/home/dhy/PhD/SIGMOD-EXP/EXP-2/run/temp/exp6"",""run_tag"":""""},""sys"":{""threads"":1},""logging"":{""level"":""INFO"",""with_timestamp"":true,""with_thread_id"":false}}","{""generator"":""stripe_ctrl_alpha"",""dataset"":""exp6_stripe__nr100000__ns100000__a1_000em02__g1"",""n_r"":100000,""n_s"":100000,""has_exact_k"":true,""k_target"":2000,""k_achieved"":2000,""alpha_target"":0.01,""alpha_achieved"":0.01,""notes"":""control_axis=1, core=[0.45,0.55], g=9.9999e-07, h=9e-06, delta=2.49998e-07, shuffle_strips=1, shuffle_r=0, k_overridden=0""}"
exp6_stripe__nr100000__ns100000__a1_000em02__g1,stripe,0.01,100000,100000,ours,adaptive,1000000,0,1,1,325.193,2000,1,1,0,0,enumerate_all,2000,"{""build_active_indices_ms"":7.875259,""build_events_ms"":35.045143,""build_ranks_ms"":40.025001,""build_y_domain_ms"":13.790768,""run_build_ms"":97.242472,""run_pilot_enum_prepare_ms"":1.562778,""run_pilot_enum_scan_ms"":222.864764,""run_small_join_sample_from_list_ms"":3.495339}",,"{""dataset"":{""source"":""synthetic"",""name"":""exp6_stripe__nr100000__ns100000__a1_000em02__g1"",""dim"":2,""path_r"":"""",""path_s"":"""",""synthetic"":{""generator"":""stripe"",""n_r"":100000,""n_s"":100000,""alpha"":0.01,""seed"":1}},""run"":{""method"":""ours"",""variant"":""adaptive"",""t"":1000000,""seed"":1,""repeats"":3,""j_star"":1000000,""enum_cap"":0,""write_samples"":false,""verify"":false},""output"":{""out_dir"":""/home/dhy/PhD/SIGMOD-EXP/EXP-2/run/temp/exp6"",""run_tag"":""""},""sys"":{""threads"":1},""logging"":{""level"":""INFO"",""with_timestamp"":true,""with_thread_id"":false}}","{""generator"":""stripe_ctrl_alpha"",""dataset"":""exp6_stripe__nr100000__ns100000__a1_000em02__g1"",""n_r"":100000,""n_s"":100000,""has_exact_k"":true,""k_target"":2000,""k_achieved"":2000,""alpha_target"":0.01,""alpha_achieved"":0.01,""notes"":""control_axis=1, core=[0.45,0.55], g=9.9999e-07, h=9e-06, delta=2.49998e-07, shuffle_strips=1, shuffle_r=0, k_overridden=0""}"
exp6_stripe__nr100000__ns100000__a1_000em02__g1,stripe,0.01,100000,100000,ours,adaptive,1000000,1,2,1,374.325,2000,1,1,0,0,enumerate_all,2000,"{""build_active_indices_ms"":5.443109,""build_events_ms"":43.829644,""build_ranks_ms"":40.068310,""build_y_domain_ms"":13.813508,""run_build_ms"":103.660490,""run_pilot_enum_prepare_ms"":1.500510,""run_pilot_enum_scan_ms"":223.214436,""run_small_join_sample_from_list_ms"":2.145136}",,"{""dataset"":{""source"":""synthetic"",""name"":""exp6_stripe__nr100000__ns100000__a1_000em02__g1"",""dim"":2,""path_r"":"""",""path_s"":"""",""synthetic"":{""generator"":""stripe"",""n_r"":100000,""n_s"":100000,""alpha"":0.01,""seed"":1}},""run"":{""method"":""ours"",""variant"":""adaptive"",""t"":1000000,""seed"":1,""repeats"":3,""j_star"":1000000,""enum_cap"":0,""write_samples"":false,""verify"":false},""output"":{""out_dir"":""/home/dhy/PhD/SIGMOD-EXP/EXP-2/run/temp/exp6"",""run_tag"":""""},""sys"":{""threads"":1},""logging"":{""level"":""INFO"",""with_timestamp"":true,""with_thread_id"":false}}","{""generator"":""stripe_ctrl_alpha"",""dataset"":""exp6_stripe__nr100000__ns100000__a1_000em02__g1"",""n_r"":100000,""n_s"":100000,""has_exact_k"":true,""k_target"":2000,""k_achieved"":2000,""alpha_target"":0.01,""alpha_achieved"":0.01,""notes"":""control_axis=1, core=[0.45,0.55], g=9.9999e-07, h=9e-06, delta=2.49998e-07, shuffle_strips=1, shuffle_r=0, k_overridden=0""}"
exp6_stripe__nr100000__ns100000__a1_000em02__g1,stripe,0.01,100000,100000,ours,adaptive,1000000,2,3,1,371.771,2000,1,1,0,0,enumerate_all,2000,"{""build_active_indices_ms"":5.444159,""build_events_ms"":42.942912,""build_ranks_ms"":39.990693,""build_y_domain_ms"":13.798258,""run_build_ms"":102.703451,""run_pilot_enum_prepare_ms"":1.502019,""run_pilot_enum_scan_ms"":220.846655,""run_small_join_sample_from_list_ms"":2.735974}",,"{""dataset"":{""source"":""synthetic"",""name"":""exp6_stripe__nr100000__ns100000__a1_000em02__g1"",""dim"":2,""path_r"":"""",""path_s"":"""",""synthetic"":{""generator"":""stripe"",""n_r"":100000,""n_s"":100000,""alpha"":0.01,""seed"":1}},""run"":{""method"":""ours"",""variant"":""adaptive"",""t"":1000000,""seed"":1,""repeats"":3,""j_star"":1000000,""enum_cap"":0,""write_samples"":false,""verify"":false},""output"":{""out_dir"":""/home/dhy/PhD/SIGMOD-EXP/EXP-2/run/temp/exp6"",""run_tag"":""""},""sys"":{""threads"":1},""logging"":{""level"":""INFO"",""with_timestamp"":true,""with_thread_id"":false}}","{""generator"":""stripe_ctrl_alpha"",""dataset"":""exp6_stripe__nr100000__ns100000__a1_000em02__g1"",""n_r"":100000,""n_s"":100000,""has_exact_k"":true,""k_target"":2000,""k_achieved"":2000,""alpha_target"":0.01,""alpha_achieved"":0.01,""notes"":""control_axis=1, core=[0.45,0.55], g=9.9999e-07, h=9e-06, delta=2.49998e-07, shuffle_strips=1, shuffle_r=0, k_overridden=0""}"
exp6_stripe__nr100000__ns100000__a3_000em02__g1,stripe,0.03,100000,100000,ours,sampling,1000,0,1,1,460.654,6000,1,0,0,0,,0,"{""build_active_indices_ms"":7.967387,""build_events_ms"":34.825518,""build_ranks_ms"":40.037362,""build_y_domain_ms"":13.925486,""phase1_count_ms"":223.216006,""phase2_plan_ms"":5.200434,""phase3_sample_ms"":134.958261,""run_build_ms"":97.263362,""run_count_ms"":223.219936,""run_sample_ms"":140.165885}",,"{""dataset"":{""source"":""synthetic"",""name"":""exp6_stripe__nr100000__ns100000__a3_000em02__g1"",""dim"":2,""path_r"":"""",""path_s"":"""",""synthetic"":{""generator"":""stripe"",""n_r"":100000,""n_s"":100000,""alpha"":0.03,""seed"":1}},""run"":{""method"":""ours"",""variant"":""sampling"",""t"":1000,""seed"":1,""repeats"":3,""j_star"":1000000,""enum_cap"":0,""write_samples"":false,""verify"":false},""output"":{""out_dir"":""/home/dhy/PhD/SIGMOD-EXP/EXP-2/run/temp/exp6"",""run_tag"":""""},""sys"":{""threads"":1},""logging"":{""level"":""INFO"",""with_timestamp"":true,""with_thread_id"":false}}","{""generator"":""stripe_ctrl_alpha"",""dataset"":""exp6_stripe__nr100000__ns100000__a3_000em02__g1"",""n_r"":100000,""n_s"":100000,""has_exact_k"":true,""k_target"":6000,""k_achieved"":6000,""alpha_target"":0.03,""alpha_achieved"":0.03,""notes"":""control_axis=1, core=[0.45,0.55], g=9.9999e-07, h=9e-06, delta=2.49998e-07, shuffle_strips=1, shuffle_r=0, k_overridden=0""}"
exp6_stripe__nr100000__ns100000__a3_000em02__g1,stripe,0.03,100000,100000,ours,sampling,1000,1,2,1,511.662,6000,1,0,0,0,,0,"{""build_active_indices_ms"":5.501257,""build_events_ms"":44.199937,""build_ranks_ms"":40.104660,""build_y_domain_ms"":13.962344,""phase1_count_ms"":222.184588,""phase2_plan_ms"":3.746143,""phase3_sample_ms"":135.044529,""run_build_ms"":104.260678,""run_count_ms"":222.188088,""run_sample_ms"":138.798072}",,"{""dataset"":{""source"":""synthetic"",""name"":""exp6_stripe__nr100000__ns100000__a3_000em02__g1"",""dim"":2,""path_r"":"""",""path_s"":"""",""synthetic"":{""generator"":""stripe"",""n_r"":100000,""n_s"":100000,""alpha"":0.03,""seed"":1}},""run"":{""method"":""ours"",""variant"":""sampling"",""t"":1000,""seed"":1,""repeats"":3,""j_star"":1000000,""enum_cap"":0,""write_samples"":false,""verify"":false},""output"":{""out_dir"":""/home/dhy/PhD/SIGMOD-EXP/EXP-2/run/temp/exp6"",""run_tag"":""""},""sys"":{""threads"":1},""logging"":{""level"":""INFO"",""with_timestamp"":true,""with_thread_id"":false}}","{""generator"":""stripe_ctrl_alpha"",""dataset"":""exp6_stripe__nr100000__ns100000__a3_000em02__g1"",""n_r"":100000,""n_s"":100000,""has_exact_k"":true,""k_target"":6000,""k_achieved"":6000,""alpha_target"":0.03,""alpha_achieved"":0.03,""notes"":""control_axis=1, core=[0.45,0.55], g=9.9999e-07, h=9e-06, delta=2.49998e-07, shuffle_strips=1, shuffle_r=0, k_overridden=0""}"
exp6_stripe__nr100000__ns100000__a3_000em02__g1,stripe,0.03,100000,100000,ours,sampling,1000,2,3,1,506.986,6000,1,0,0,0,,0,"{""build_active_indices_ms"":5.411659,""build_events_ms"":41.997722,""build_ranks_ms"":40.035322,""build_y_domain_ms"":13.927965,""phase1_count_ms"":224.259236,""phase2_plan_ms"":3.801332,""phase3_sample_ms"":134.154237,""run_build_ms"":101.878957,""run_count_ms"":224.262446,""run_sample_ms"":137.961499}",,"{""dataset"":{""source"":""synthetic"",""name"":""exp6_stripe__nr100000__ns100000__a3_000em02__g1"",""dim"":2,""path_r"":"""",""path_s"":"""",""synthetic"":{""generator"":""stripe"",""n_r"":100000,""n_s"":100000,""alpha"":0.03,""seed"":1}},""run"":{""method"":""ours"",""variant"":""sampling"",""t"":1000,""seed"":1,""repeats"":3,""j_star"":1000000,""enum_cap"":0,""write_samples"":false,""verify"":false},""output"":{""out_dir"":""/home/dhy/PhD/SIGMOD-EXP/EXP-2/run/temp/exp6"",""run_tag"":""""},""sys"":{""threads"":1},""logging"":{""level"":""INFO"",""with_timestamp"":true,""with_thread_id"":false}}","{""generator"":""stripe_ctrl_alpha"",""dataset"":""exp6_stripe__nr100000__ns100000__a3_000em02__g1"",""n_r"":100000,""n_s"":100000,""has_exact_k"":true,""k_target"":6000,""k_achieved"":6000,""alpha_target"":0.03,""alpha_achieved"":0.03,""notes"":""control_axis=1, core=[0.45,0.55], g=9.9999e-07, h=9e-06, delta=2.49998e-07, shuffle_strips=1, shuffle_r=0, k_overridden=0""}"
exp6_stripe__nr100000__ns100000__a3_000em02__g1,stripe,0.03,100000,100000,ours,enum_sampling,1000,0,1,1,410.275,6000,1,1,0,0,,0,"{""build_active_indices_ms"":5.593496,""build_events_ms"":34.839848,""build_ranks_ms"":40.075391,""build_y_domain_ms"":13.951874,""run_build_ms"":94.850571,""run_draw_ranks_ms"":0.048759,""run_enum_pass1_count_ms"":222.890223,""run_enum_pass2_select_ms"":90.947950,""run_enum_prepare_ms"":1.521919}",,"{""dataset"":{""source"":""synthetic"",""name"":""exp6_stripe__nr100000__ns100000__a3_000em02__g1"",""dim"":2,""path_r"":"""",""path_s"":"""",""synthetic"":{""generator"":""stripe"",""n_r"":100000,""n_s"":100000,""alpha"":0.03,""seed"":1}},""run"":{""method"":""ours"",""variant"":""enum_sampling"",""t"":1000,""seed"":1,""repeats"":3,""j_star"":1000000,""enum_cap"":0,""write_samples"":false,""verify"":false},""output"":{""out_dir"":""/home/dhy/PhD/SIGMOD-EXP/EXP-2/run/temp/exp6"",""run_tag"":""""},""sys"":{""threads"":1},""logging"":{""level"":""INFO"",""with_timestamp"":true,""with_thread_id"":false}}","{""generator"":""stripe_ctrl_alpha"",""dataset"":""exp6_stripe__nr100000__ns100000__a3_000em02__g1"",""n_r"":100000,""n_s"":100000,""has_exact_k"":true,""k_target"":6000,""k_achieved"":6000,""alpha_target"":0.03,""alpha_achieved"":0.03,""notes"":""control_axis=1, core=[0.45,0.55], g=9.9999e-07, h=9e-06, delta=2.49998e-07, shuffle_strips=1, shuffle_r=0, k_overridden=0""}"
exp6_stripe__nr100000__ns100000__a3_000em02__g1,stripe,0.03,100000,100000,ours,enum_sampling,1000,1,2,1,459.296,6000,1,1,0,0,,0,"{""build_active_indices_ms"":5.509728,""build_events_ms"":41.952062,""build_ranks_ms"":40.035401,""build_y_domain_ms"":13.957895,""run_build_ms"":101.842968,""run_draw_ranks_ms"":0.048169,""run_enum_pass1_count_ms"":221.046391,""run_enum_pass2_select_ms"":91.115397,""run_enum_prepare_ms"":1.523729}",,"{""dataset"":{""source"":""synthetic"",""name"":""exp6_stripe__nr100000__ns100000__a3_000em02__g1"",""dim"":2,""path_r"":"""",""path_s"":"""",""synthetic"":{""generator"":""stripe"",""n_r"":100000,""n_s"":100000,""alpha"":0.03,""seed"":1}},""run"":{""method"":""ours"",""variant"":""enum_sampling"",""t"":1000,""seed"":1,""repeats"":3,""j_star"":1000000,""enum_cap"":0,""write_samples"":false,""verify"":false},""output"":{""out_dir"":""/home/dhy/PhD/SIGMOD-EXP/EXP-2/run/temp/exp6"",""run_tag"":""""},""sys"":{""threads"":1},""logging"":{""level"":""INFO"",""with_timestamp"":true,""with_thread_id"":false}}","{""generator"":""stripe_ctrl_alpha"",""dataset"":""exp6_stripe__nr100000__ns100000__a3_000em02__g1"",""n_r"":100000,""n_s"":100000,""has_exact_k"":true,""k_target"":6000,""k_achieved"":6000,""alpha_target"":0.03,""alpha_achieved"":0.03,""notes"":""control_axis=1, core=[0.45,0.55], g=9.9999e-07, h=9e-06, delta=2.49998e-07, shuffle_strips=1, shuffle_r=0, k_overridden=0""}"
exp6_stripe__nr100000__ns100000__a3_000em02__g1,stripe,0.03,100000,100000,ours,enum_sampling,1000,2,3,1,459.721,6000,1,1,0,0,,0,"{""build_active_indices_ms"":5.526497,""build_events_ms"":41.938093,""build_ranks_ms"":41.336935,""build_y_domain_ms"":13.944775,""run_build_ms"":103.133032,""run_draw_ranks_ms"":0.048329,""run_enum_pass1_count_ms"":220.675509,""run_enum_pass2_select_ms"":90.784304,""run_enum_prepare_ms"":1.542219}",,"{""dataset"":{""source"":""synthetic"",""name"":""exp6_stripe__nr100000__ns100000__a3_000em02__g1"",""dim"":2,""path_r"":"""",""path_s"":"""",""synthetic"":{""generator"":""stripe"",""n_r"":100000,""n_s"":100000,""alpha"":0.03,""seed"":1}},""run"":{""method"":""ours"",""variant"":""enum_sampling"",""t"":1000,""seed"":1,""repeats"":3,""j_star"":1000000,""enum_cap"":0,""write_samples"":false,""verify"":false},""output"":{""out_dir"":""/home/dhy/PhD/SIGMOD-EXP/EXP-2/run/temp/exp6"",""run_tag"":""""},""sys"":{""threads"":1},""logging"":{""level"":""INFO"",""with_timestamp"":true,""with_thread_id"":false}}","{""generator"":""stripe_ctrl_alpha"",""dataset"":""exp6_stripe__nr100000__ns100000__a3_000em02__g1"",""n_r"":100000,""n_s"":100000,""has_exact_k"":true,""k_target"":6000,""k_achieved"":6000,""alpha_target"":0.03,""alpha_achieved"":0.03,""notes"":""control_axis=1, core=[0.45,0.55], g=9.9999e-07, h=9e-06, delta=2.49998e-07, shuffle_strips=1, shuffle_r=0, k_overridden=0""}"
exp6_stripe__nr100000__ns100000__a3_000em02__g1,stripe,0.03,100000,100000,ours,adaptive,1000,0,1,1,317.452,6000,1,1,0,0,enumerate_all,6000,"{""build_active_indices_ms"":5.573456,""build_events_ms"":34.859727,""build_ranks_ms"":40.064911,""build_y_domain_ms"":13.932265,""run_build_ms"":94.944599,""run_pilot_enum_prepare_ms"":1.532529,""run_pilot_enum_scan_ms"":220.953862,""run_small_join_sample_from_list_ms"":0.012180}",,"{""dataset"":{""source"":""synthetic"",""name"":""exp6_stripe__nr100000__ns100000__a3_000em02__g1"",""dim"":2,""path_r"":"""",""path_s"":"""",""synthetic"":{""generator"":""stripe"",""n_r"":100000,""n_s"":100000,""alpha"":0.03,""seed"":1}},""run"":{""method"":""ours"",""variant"":""adaptive"",""t"":1000,""seed"":1,""repeats"":3,""j_star"":1000000,""enum_cap"":0,""write_samples"":false,""verify"":false},""output"":{""out_dir"":""/home/dhy/PhD/SIGMOD-EXP/EXP-2/run/temp/exp6"",""run_tag"":""""},""sys"":{""threads"":1},""logging"":{""level"":""INFO"",""with_timestamp"":true,""with_thread_id"":false}}","{""generator"":""stripe_ctrl_alpha"",""dataset"":""exp6_stripe__nr100000__ns100000__a3_000em02__g1"",""n_r"":100000,""n_s"":100000,""has_exact_k"":true,""k_target"":6000,""k_achieved"":6000,""alpha_target"":0.03,""alpha_achieved"":0.03,""notes"":""control_axis=1, core=[0.45,0.55], g=9.9999e-07, h=9e-06, delta=2.49998e-07, shuffle_strips=1, shuffle_r=0, k_overridden=0""}"
exp6_stripe__nr100000__ns100000__a3_000em02__g1,stripe,0.03,100000,100000,ours,adaptive,1000,1,2,1,370.141,6000,1,1,0,0,enumerate_all,6000,"{""build_active_indices_ms"":5.455948,""build_events_ms"":42.138539,""build_ranks_ms"":40.032562,""build_y_domain_ms"":13.942455,""run_build_ms"":102.075953,""run_pilot_enum_prepare_ms"":1.498190,""run_pilot_enum_scan_ms"":222.265797,""run_small_join_sample_from_list_ms"":0.012629}",,"{""dataset"":{""source"":""synthetic"",""name"":""exp6_stripe__nr100000__ns100000__a3_000em02__g1"",""dim"":2,""path_r"":"""",""path_s"":"""",""synthetic"":{""generator"":""stripe"",""n_r"":100000,""n_s"":100000,""alpha"":0.03,""seed"":1}},""run"":{""method"":""ours"",""variant"":""adaptive"",""t"":1000,""seed"":1,""repeats"":3,""j_star"":1000000,""enum_cap"":0,""write_samples"":false,""verify"":false},""output"":{""out_dir"":""/home/dhy/PhD/SIGMOD-EXP/EXP-2/run/temp/exp6"",""run_tag"":""""},""sys"":{""threads"":1},""logging"":{""level"":""INFO"",""with_timestamp"":true,""with_thread_id"":false}}","{""generator"":""stripe_ctrl_alpha"",""dataset"":""exp6_stripe__nr100000__ns100000__a3_000em02__g1"",""n_r"":100000,""n_s"":100000,""has_exact_k"":true,""k_target"":6000,""k_achieved"":6000,""alpha_target"":0.03,""alpha_achieved"":0.03,""notes"":""control_axis=1, core=[0.45,0.55], g=9.9999e-07, h=9e-06, delta=2.49998e-07, shuffle_strips=1, shuffle_r=0, k_overridden=0""}"
exp6_stripe__nr100000__ns100000__a3_000em02__g1,stripe,0.03,100000,100000,ours,adaptive,1000,2,3,1,370.817,6000,1,1,0,0,enumerate_all,6000,"{""build_active_indices_ms"":5.495427,""build_events_ms"":41.956183,""build_ranks_ms"":40.055321,""build_y_domain_ms"":13.942555,""run_build_ms"":101.945636,""run_pilot_enum_prepare_ms"":1.517909,""run_pilot_enum_scan_ms"":220.514913,""run_small_join_sample_from_list_ms"":0.012150}",,"{""dataset"":{""source"":""synthetic"",""name"":""exp6_stripe__nr100000__ns100000__a3_000em02__g1"",""dim"":2,""path_r"":"""",""path_s"":"""",""synthetic"":{""generator"":""stripe"",""n_r"":100000,""n_s"":100000,""alpha"":0.03,""seed"":1}},""run"":{""method"":""ours"",""variant"":""adaptive"",""t"":1000,""seed"":1,""repeats"":3,""j_star"":1000000,""enum_cap"":0,""write_samples"":false,""verify"":false},""output"":{""out_dir"":""/home/dhy/PhD/SIGMOD-EXP/EXP-2/run/temp/exp6"",""run_tag"":""""},""sys"":{""threads"":1},""logging"":{""level"":""INFO"",""with_timestamp"":true,""with_thread_id"":false}}","{""generator"":""stripe_ctrl_alpha"",""dataset"":""exp6_stripe__nr100000__ns100000__a3_000em02__g1"",""n_r"":100000,""n_s"":100000,""has_exact_k"":true,""k_target"":6000,""k_achieved"":6000,""alpha_target"":0.03,""alpha_achieved"":0.03,""notes"":""control_axis=1, core=[0.45,0.55], g=9.9999e-07, h=9e-06, delta=2.49998e-07, shuffle_strips=1, shuffle_r=0, k_overridden=0""}"
exp6_stripe__nr100000__ns100000__a3_000em02__g1,stripe,0.03,100000,100000,ours,sampling,3000,0,1,1,461.488,6000,1,0,0,0,,0,"{""build_active_indices_ms"":8.014366,""build_events_ms"":34.856697,""build_ranks_ms"":40.100580,""build_y_domain_ms"":13.949626,""phase1_count_ms"":223.415613,""phase2_plan_ms"":5.217164,""phase3_sample_ms"":135.417362,""run_build_ms"":97.421668,""run_count_ms"":223.419432,""run_sample_ms"":140.642856}",,"{""dataset"":{""source"":""synthetic"",""name"":""exp6_stripe__nr100000__ns100000__a3_000em02__g1"",""dim"":2,""path_r"":"""",""path_s"":"""",""synthetic"":{""generator"":""stripe"",""n_r"":100000,""n_s"":100000,""alpha"":0.03,""seed"":1}},""run"":{""method"":""ours"",""variant"":""sampling"",""t"":3000,""seed"":1,""repeats"":3,""j_star"":1000000,""enum_cap"":0,""write_samples"":false,""verify"":false},""output"":{""out_dir"":""/home/dhy/PhD/SIGMOD-EXP/EXP-2/run/temp/exp6"",""run_tag"":""""},""sys"":{""threads"":1},""logging"":{""level"":""INFO"",""with_timestamp"":true,""with_thread_id"":false}}","{""generator"":""stripe_ctrl_alpha"",""dataset"":""exp6_stripe__nr100000__ns100000__a3_000em02__g1"",""n_r"":100000,""n_s"":100000,""has_exact_k"":true,""k_target"":6000,""k_achieved"":6000,""alpha_target"":0.03,""alpha_achieved"":0.03,""notes"":""control_axis=1, core=[0.45,0.55], g=9.9999e-07, h=9e-06, delta=2.49998e-07, shuffle_strips=1, shuffle_r=0, k_overridden=0""}"
exp6_stripe__nr100000__ns100000__a3_000em02__g1,stripe,0.03,100000,100000,ours,sampling,3000,1,2,1,508.156,6000,1,0,0,0,,0,"{""build_active_indices_ms"":5.498148,""build_events_ms"":43.979631,""build_ranks_ms"":40.082801,""build_y_domain_ms"":13.967034,""phase1_count_ms"":221.237547,""phase2_plan_ms"":3.809752,""phase3_sample_ms"":135.500490,""run_build_ms"":104.020894,""run_count_ms"":221.241507,""run_sample_ms"":139.317652}",,"{""dataset"":{""source"":""synthetic"",""name"":""exp6_stripe__nr100000__ns100000__a3_000em02__g1"",""dim"":2,""path_r"":"""",""path_s"":"""",""synthetic"":{""generator"":""stripe"",""n_r"":100000,""n_s"":100000,""alpha"":0.03,""seed"":1}},""run"":{""method"":""ours"",""variant"":""sampling"",""t"":3000,""seed"":1,""repeats"":3,""j_star"":1000000,""enum_cap"":0,""write_samples"":false,""verify"":false},""output"":{""out_dir"":""/home/dhy/PhD/SIGMOD-EXP/EXP-2/run/temp/exp6"",""run_tag"":""""},""sys"":{""threads"":1},""logging"":{""level"":""INFO"",""with_timestamp"":true,""with_thread_id"":false}}","{""generator"":""stripe_ctrl_alpha"",""dataset"":""exp6_stripe__nr100000__ns100000__a3_000em02__g1"",""n_r"":100000,""n_s"":100000,""has_exact_k"":true,""k_target"":6000,""k_achieved"":6000,""alpha_target"":0.03,""alpha_achieved"":0.03,""notes"":""control_axis=1, core=[0.45,0.55], g=9.9999e-07, h=9e-06, delta=2.49998e-07, shuffle_strips=1, shuffle_r=0, k_overridden=0""}"
exp6_stripe__nr100000__ns100000__a3_000em02__g1,stripe,0.03,100000,100000,ours,sampling,3000,2,3,1,505.145,6000,1,0,0,0,,0,"{""build_active_indices_ms"":5.489878,""build_events_ms"":42.016521,""build_ranks_ms"":40.104630,""build_y_domain_ms"":13.957646,""phase1_count_ms"":221.082410,""phase2_plan_ms"":3.838302,""phase3_sample_ms"":135.142248,""run_build_ms"":102.063194,""run_count_ms"":221.085360,""run_sample_ms"":138.988620}",,"{""dataset"":{""source"":""synthetic"",""name"":""exp6_stripe__nr100000__ns100000__a3_000em02__g1"",""dim"":2,""path_r"":"""",""path_s"":"""",""synthetic"":{""generator"":""stripe"",""n_r"":100000,""n_s"":100000,""alpha"":0.03,""seed"":1}},""run"":{""method"":""ours"",""variant"":""sampling"",""t"":3000,""seed"":1,""repeats"":3,""j_star"":1000000,""enum_cap"":0,""write_samples"":false,""verify"":false},""output"":{""out_dir"":""/home/dhy/PhD/SIGMOD-EXP/EXP-2/run/temp/exp6"",""run_tag"":""""},""sys"":{""threads"":1},""logging"":{""level"":""INFO"",""with_timestamp"":true,""with_thread_id"":false}}","{""generator"":""stripe_ctrl_alpha"",""dataset"":""exp6_stripe__nr100000__ns100000__a3_000em02__g1"",""n_r"":100000,""n_s"":100000,""has_exact_k"":true,""k_target"":6000,""k_achieved"":6000,""alpha_target"":0.03,""alpha_achieved"":0.03,""notes"":""control_axis=1, core=[0.45,0.55], g=9.9999e-07, h=9e-06, delta=2.49998e-07, shuffle_strips=1, shuffle_r=0, k_overridden=0""}"
exp6_stripe__nr100000__ns100000__a3_000em02__g1,stripe,0.03,100000,100000,ours,enum_sampling,3000,0,1,1,409.251,6000,1,1,0,0,,0,"{""build_active_indices_ms"":5.587415,""build_events_ms"":36.128231,""build_ranks_ms"":40.078881,""build_y_domain_ms"":13.947465,""run_build_ms"":96.136795,""run_draw_ranks_ms"":0.167687,""run_enum_pass1_count_ms"":220.233338,""run_enum_pass2_select_ms"":91.178226,""run_enum_prepare_ms"":1.517799}",,"{""dataset"":{""source"":""synthetic"",""name"":""exp6_stripe__nr100000__ns100000__a3_000em02__g1"",""dim"":2,""path_r"":"""",""path_s"":"""",""synthetic"":{""generator"":""stripe"",""n_r"":100000,""n_s"":100000,""alpha"":0.03,""seed"":1}},""run"":{""method"":""ours"",""variant"":""enum_sampling"",""t"":3000,""seed"":1,""repeats"":3,""j_star"":1000000,""enum_cap"":0,""write_samples"":false,""verify"":false},""output"":{""out_dir"":""/home/dhy/PhD/SIGMOD-EXP/EXP-2/run/temp/exp6"",""run_tag"":""""},""sys"":{""threads"":1},""logging"":{""level"":""INFO"",""with_timestamp"":true,""with_thread_id"":false}}","{""generator"":""stripe_ctrl_alpha"",""dataset"":""exp6_stripe__nr100000__ns100000__a3_000em02__g1"",""n_r"":100000,""n_s"":100000,""has_exact_k"":true,""k_target"":6000,""k_achieved"":6000,""alpha_target"":0.03,""alpha_achieved"":0.03,""notes"":""control_axis=1, core=[0.45,0.55], g=9.9999e-07, h=9e-06, delta=2.49998e-07, shuffle_strips=1, shuffle_r=0, k_overridden=0""}"
exp6_stripe__nr100000__ns100000__a3_000em02__g1,stripe,0.03,100000,100000,ours,enum_sampling,3000,1,2,1,459.555,6000,1,1,0,0,,0,"{""build_active_indices_ms"":5.411819,""build_events_ms"":42.120409,""build_ranks_ms"":40.048482,""build_y_domain_ms"":13.943614,""run_build_ms"":101.909657,""run_draw_ranks_ms"":0.162947,""run_enum_pass1_count_ms"":220.809856,""run_enum_pass2_select_ms"":91.302883,""run_enum_prepare_ms"":1.525369}",,"{""dataset"":{""source"":""synthetic"",""name"":""exp6_stripe__nr100000__ns100000__a3_000em02__g1"",""dim"":2,""path_r"":"""",""path_s"":"""",""synthetic"":{""generator"":""stripe"",""n_r"":100000,""n_s"":100000,""alpha"":0.03,""seed"":1}},""run"":{""method"":""ours"",""variant"":""enum_sampling"",""t"":3000,""seed"":1,""repeats"":3,""j_star"":1000000,""enum_cap"":0,""write_samples"":false,""verify"":false},""output"":{""out_dir"":""/home/dhy/PhD/SIGMOD-EXP/EXP-2/run/temp/exp6"",""run_tag"":""""},""sys"":{""threads"":1},""logging"":{""level"":""INFO"",""with_timestamp"":true,""with_thread_id"":false}}","{""generator"":""stripe_ctrl_alpha"",""dataset"":""exp6_stripe__nr100000__ns100000__a3_000em02__g1"",""n_r"":100000,""n_s"":100000,""has_exact_k"":true,""k_target"":6000,""k_achieved"":6000,""alpha_target"":0.03,""alpha_achieved"":0.03,""notes"":""control_axis=1, core=[0.45,0.55], g=9.9999e-07, h=9e-06, delta=2.49998e-07, shuffle_strips=1, shuffle_r=0, k_overridden=0""}"
exp6_stripe__nr100000__ns100000__a3_000em02__g1,stripe,0.03,100000,100000,ours,enum_sampling,3000,2,3,1,461.642,6000,1,1,0,0,,0,"{""build_active_indices_ms"":5.373421,""build_events_ms"":42.086400,""build_ranks_ms"":40.035431,""build_y_domain_ms"":13.959145,""run_build_ms"":101.840329,""run_draw_ranks_ms"":0.165617,""run_enum_pass1_count_ms"":223.374334,""run_enum_pass2_select_ms"":90.961131,""run_enum_prepare_ms"":1.525798}",,"{""dataset"":{""source"":""synthetic"",""name"":""exp6_stripe__nr100000__ns100000__a3_000em02__g1"",""dim"":2,""path_r"":"""",""path_s"":"""",""synthetic"":{""generator"":""stripe"",""n_r"":100000,""n_s"":100000,""alpha"":0.03,""seed"":1}},""run"":{""method"":""ours"",""variant"":""enum_sampling"",""t"":3000,""seed"":1,""repeats"":3,""j_star"":1000000,""enum_cap"":0,""write_samples"":false,""verify"":false},""output"":{""out_dir"":""/home/dhy/PhD/SIGMOD-EXP/EXP-2/run/temp/exp6"",""run_tag"":""""},""sys"":{""threads"":1},""logging"":{""level"":""INFO"",""with_timestamp"":true,""with_thread_id"":false}}","{""generator"":""stripe_ctrl_alpha"",""dataset"":""exp6_stripe__nr100000__ns100000__a3_000em02__g1"",""n_r"":100000,""n_s"":100000,""has_exact_k"":true,""k_target"":6000,""k_achieved"":6000,""alpha_target"":0.03,""alpha_achieved"":0.03,""notes"":""control_axis=1, core=[0.45,0.55], g=9.9999e-07, h=9e-06, delta=2.49998e-07, shuffle_strips=1, shuffle_r=0, k_overridden=0""}"
exp6_stripe__nr100000__ns100000__a3_000em02__g1,stripe,0.03,100000,100000,ours,adaptive,3000,0,1,1,316.463,6000,1,1,0,0,enumerate_all,6000,"{""build_active_indices_ms"":5.580726,""build_events_ms"":34.785309,""build_ranks_ms"":40.101660,""build_y_domain_ms"":13.968215,""run_build_ms"":94.945259,""run_pilot_enum_prepare_ms"":1.528469,""run_pilot_enum_scan_ms"":219.953495,""run_small_join_sample_from_list_ms"":0.023689}",,"{""dataset"":{""source"":""synthetic"",""name"":""exp6_stripe__nr100000__ns100000__a3_000em02__g1"",""dim"":2,""path_r"":"""",""path_s"":"""",""synthetic"":{""generator"":""stripe"",""n_r"":100000,""n_s"":100000,""alpha"":0.03,""seed"":1}},""run"":{""method"":""ours"",""variant"":""adaptive"",""t"":3000,""seed"":1,""repeats"":3,""j_star"":1000000,""enum_cap"":0,""write_samples"":false,""verify"":false},""output"":{""out_dir"":""/home/dhy/PhD/SIGMOD-EXP/EXP-2/run/temp/exp6"",""run_tag"":""""},""sys"":{""threads"":1},""logging"":{""level"":""INFO"",""with_timestamp"":true,""with_thread_id"":false}}","{""generator"":""stripe_ctrl_alpha"",""dataset"":""exp6_stripe__nr100000__ns100000__a3_000em02__g1"",""n_r"":100000,""n_s"":100000,""has_exact_k"":true,""k_target"":6000,""k_achieved"":6000,""alpha_target"":0.03,""alpha_achieved"":0.03,""notes"":""control_axis=1, core=[0.45,0.55], g=9.9999e-07, h=9e-06, delta=2.49998e-07, shuffle_strips=1, shuffle_r=0, k_overridden=0""}"
exp6_stripe__nr100000__ns100000__a3_000em02__g1,stripe,0.03,100000,100000,ours,adaptive,3000,1,2,1,372.953,6000,1,1,0,0,enumerate_all,6000,"{""build_active_indices_ms"":5.502238,""build_events_ms"":42.075040,""build_ranks_ms"":40.114280,""build_y_domain_ms"":13.933955,""run_build_ms"":102.120222,""run_pilot_enum_prepare_ms"":1.516509,""run_pilot_enum_scan_ms"":221.752168,""run_small_join_sample_from_list_ms"":0.024560}",,"{""dataset"":{""source"":""synthetic"",""name"":""exp6_stripe__nr100000__ns100000__a3_000em02__g1"",""dim"":2,""path_r"":"""",""path_s"":"""",""synthetic"":{""generator"":""stripe"",""n_r"":100000,""n_s"":100000,""alpha"":0.03,""seed"":1}},""run"":{""method"":""ours"",""variant"":""adaptive"",""t"":3000,""seed"":1,""repeats"":3,""j_star"":1000000,""enum_cap"":0,""write_samples"":false,""verify"":false},""output"":{""out_dir"":""/home/dhy/PhD/SIGMOD-EXP/EXP-2/run/temp/exp6"",""run_tag"":""""},""sys"":{""threads"":1},""logging"":{""level"":""INFO"",""with_timestamp"":true,""with_thread_id"":false}}","{""generator"":""stripe_ctrl_alpha"",""dataset"":""exp6_stripe__nr100000__ns100000__a3_000em02__g1"",""n_r"":100000,""n_s"":100000,""has_exact_k"":true,""k_target"":6000,""k_achieved"":6000,""alpha_target"":0.03,""alpha_achieved"":0.03,""notes"":""control_axis=1, core=[0.45,0.55], g=9.9999e-07, h=9e-06, delta=2.49998e-07, shuffle_strips=1, shuffle_r=0, k_overridden=0""}"
exp6_stripe__nr100000__ns100000__a3_000em02__g1,stripe,0.03,100000,100000,ours,adaptive,3000,2,3,1,370.959,6000,1,1,0,0,enumerate_all,6000,"{""build_active_indices_ms"":5.515608,""build_events_ms"":41.948823,""build_ranks_ms"":40.111011,""build_y_domain_ms"":13.959044,""run_build_ms"":102.041964,""run_pilot_enum_prepare_ms"":1.519379,""run_pilot_enum_scan_ms"":219.921294,""run_small_join_sample_from_list_ms"":0.022230}",,"{""dataset"":{""source"":""synthetic"",""name"":""exp6_stripe__nr100000__ns100000__a3_000em02__g1"",""dim"":2,""path_r"":"""",""path_s"":"""",""synthetic"":{""generator"":""stripe"",""n_r"":100000,""n_s"":100000,""alpha"":0.03,""seed"":1}},""run"":{""method"":""ours"",""variant"":""adaptive"",""t"":3000,""seed"":1,""repeats"":3,""j_star"":1000000,""enum_cap"":0,""write_samples"":false,""verify"":false},""output"":{""out_dir"":""/home/dhy/PhD/SIGMOD-EXP/EXP-2/run/temp/exp6"",""run_tag"":""""},""sys"":{""threads"":1},""logging"":{""level"":""INFO"",""with_timestamp"":true,""with_thread_id"":false}}","{""generator"":""stripe_ctrl_alpha"",""dataset"":""exp6_stripe__nr100000__ns100000__a3_000em02__g1"",""n_r"":100000,""n_s"":100000,""has_exact_k"":true,""k_target"":6000,""k_achieved"":6000,""alpha_target"":0.03,""alpha_achieved"":0.03,""notes"":""control_axis=1, core=[0.45,0.55], g=9.9999e-07, h=9e-06, delta=2.49998e-07, shuffle_strips=1, shuffle_r=0, k_overridden=0""}"
exp6_stripe__nr100000__ns100000__a3_000em02__g1,stripe,0.03,100000,100000,ours,sampling,10000,0,1,1,462.153,6000,1,0,0,0,,0,"{""build_active_indices_ms"":8.011306,""build_events_ms"":34.807329,""build_ranks_ms"":40.007782,""build_y_domain_ms"":13.961544,""phase1_count_ms"":223.755347,""phase2_plan_ms"":5.395229,""phase3_sample_ms"":135.691567,""run_build_ms"":97.291692,""run_count_ms"":223.759256,""run_sample_ms"":141.098397}",,"{""dataset"":{""source"":""synthetic"",""name"":""exp6_stripe__nr100000__ns100000__a3_000em02__g1"",""dim"":2,""path_r"":"""",""path_s"":"""",""synthetic"":{""generator"":""stripe"",""n_r"":100000,""n_s"":100000,""alpha"":0.03,""seed"":1}},""run"":{""method"":""ours"",""variant"":""sampling"",""t"":10000,""seed"":1,""repeats"":3,""j_star"":1000000,""enum_cap"":0,""write_samples"":false,""verify"":false},""output"":{""out_dir"":""/home/dhy/PhD/SIGMOD-EXP/EXP-2/run/temp/exp6"",""run_tag"":""""},""sys"":{""threads"":1},""logging"":{""level"":""INFO"",""with_timestamp"":true,""with_thread_id"":false}}","{""generator"":""stripe_ctrl_alpha"",""dataset"":""exp6_stripe__nr100000__ns100000__a3_000em02__g1"",""n_r"":100000,""n_s"":100000,""has_exact_k"":true,""k_target"":6000,""k_achieved"":6000,""alpha_target"":0.03,""alpha_achieved"":0.03,""notes"":""control_axis=1, core=[0.45,0.55], g=9.9999e-07, h=9e-06, delta=2.49998e-07, shuffle_strips=1, shuffle_r=0, k_overridden=0""}"
exp6_stripe__nr100000__ns100000__a3_000em02__g1,stripe,0.03,100000,100000,ours,sampling,10000,1,2,1,517.963,6000,1,0,0,0,,0,"{""build_active_indices_ms"":5.414229,""build_events_ms"":43.897873,""build_ranks_ms"":40.005453,""build_y_domain_ms"":13.957615,""phase1_count_ms"":226.019641,""phase2_plan_ms"":3.986509,""phase3_sample_ms"":135.319034,""run_build_ms"":103.778999,""run_count_ms"":226.022911,""run_sample_ms"":139.316293}",,"{""dataset"":{""source"":""synthetic"",""name"":""exp6_stripe__nr100000__ns100000__a3_000em02__g1"",""dim"":2,""path_r"":"""",""path_s"":"""",""synthetic"":{""generator"":""stripe"",""n_r"":100000,""n_s"":100000,""alpha"":0.03,""seed"":1}},""run"":{""method"":""ours"",""variant"":""sampling"",""t"":10000,""seed"":1,""repeats"":3,""j_star"":1000000,""enum_cap"":0,""write_samples"":false,""verify"":false},""output"":{""out_dir"":""/home/dhy/PhD/SIGMOD-EXP/EXP-2/run/temp/exp6"",""run_tag"":""""},""sys"":{""threads"":1},""logging"":{""level"":""INFO"",""with_timestamp"":true,""with_thread_id"":false}}","{""generator"":""stripe_ctrl_alpha"",""dataset"":""exp6_stripe__nr100000__ns100000__a3_000em02__g1"",""n_r"":100000,""n_s"":100000,""has_exact_k"":true,""k_target"":6000,""k_achieved"":6000,""alpha_target"":0.03,""alpha_achieved"":0.03,""notes"":""control_axis=1, core=[0.45,0.55], g=9.9999e-07, h=9e-06, delta=2.49998e-07, shuffle_strips=1, shuffle_r=0, k_overridden=0""}"
exp6_stripe__nr100000__ns100000__a3_000em02__g1,stripe,0.03,100000,100000,ours,sampling,10000,2,3,1,511.095,6000,1,0,0,0,,0,"{""build_active_indices_ms"":5.487378,""build_events_ms"":42.083510,""build_ranks_ms"":39.994963,""build_y_domain_ms"":13.935785,""phase1_count_ms"":221.775077,""phase2_plan_ms"":3.968279,""phase3_sample_ms"":134.948751,""run_build_ms"":101.996046,""run_count_ms"":221.777647,""run_sample_ms"":138.931890}",,"{""dataset"":{""source"":""synthetic"",""name"":""exp6_stripe__nr100000__ns100000__a3_000em02__g1"",""dim"":2,""path_r"":"""",""path_s"":"""",""synthetic"":{""generator"":""stripe"",""n_r"":100000,""n_s"":100000,""alpha"":0.03,""seed"":1}},""run"":{""method"":""ours"",""variant"":""sampling"",""t"":10000,""seed"":1,""repeats"":3,""j_star"":1000000,""enum_cap"":0,""write_samples"":false,""verify"":false},""output"":{""out_dir"":""/home/dhy/PhD/SIGMOD-EXP/EXP-2/run/temp/exp6"",""run_tag"":""""},""sys"":{""threads"":1},""logging"":{""level"":""INFO"",""with_timestamp"":true,""with_thread_id"":false}}","{""generator"":""stripe_ctrl_alpha"",""dataset"":""exp6_stripe__nr100000__ns100000__a3_000em02__g1"",""n_r"":100000,""n_s"":100000,""has_exact_k"":true,""k_target"":6000,""k_achieved"":6000,""alpha_target"":0.03,""alpha_achieved"":0.03,""notes"":""control_axis=1, core=[0.45,0.55], g=9.9999e-07, h=9e-06, delta=2.49998e-07, shuffle_strips=1, shuffle_r=0, k_overridden=0""}"
exp6_stripe__nr100000__ns100000__a3_000em02__g1,stripe,0.03,100000,100000,ours,enum_sampling,10000,0,1,1,410.305,6000,1,1,0,0,,0,"{""build_active_indices_ms"":5.598836,""build_events_ms"":36.097252,""build_ranks_ms"":40.038712,""build_y_domain_ms"":13.962284,""run_build_ms"":96.086196,""run_draw_ranks_ms"":0.668496,""run_enum_pass1_count_ms"":220.373556,""run_enum_pass2_select_ms"":91.638747,""run_enum_prepare_ms"":1.517159}",,"{""dataset"":{""source"":""synthetic"",""name"":""exp6_stripe__nr100000__ns100000__a3_000em02__g1"",""dim"":2,""path_r"":"""",""path_s"":"""",""synthetic"":{""generator"":""stripe"",""n_r"":100000,""n_s"":100000,""alpha"":0.03,""seed"":1}},""run"":{""method"":""ours"",""variant"":""enum_sampling"",""t"":10000,""seed"":1,""repeats"":3,""j_star"":1000000,""enum_cap"":0,""write_samples"":false,""verify"":false},""output"":{""out_dir"":""/home/dhy/PhD/SIGMOD-EXP/EXP-2/run/temp/exp6"",""run_tag"":""""},""sys"":{""threads"":1},""logging"":{""level"":""INFO"",""with_timestamp"":true,""with_thread_id"":false}}","{""generator"":""stripe_ctrl_alpha"",""dataset"":""exp6_stripe__nr100000__ns100000__a3_000em02__g1"",""n_r"":100000,""n_s"":100000,""has_exact_k"":true,""k_target"":6000,""k_achieved"":6000,""alpha_target"":0.03,""alpha_achieved"":0.03,""notes"":""control_axis=1, core=[0.45,0.55], g=9.9999e-07, h=9e-06, delta=2.49998e-07, shuffle_strips=1, shuffle_r=0, k_overridden=0""}"
exp6_stripe__nr100000__ns100000__a3_000em02__g1,stripe,0.03,100000,100000,ours,enum_sampling,10000,1,2,1,458.999,6000,1,1,0,0,,0,"{""build_active_indices_ms"":5.487878,""build_events_ms"":42.017201,""build_ranks_ms"":40.091651,""build_y_domain_ms"":13.933435,""run_build_ms"":101.916207,""run_draw_ranks_ms"":0.665716,""run_enum_pass1_count_ms"":220.280688,""run_enum_pass2_select_ms"":91.100918,""run_enum_prepare_ms"":1.504709}",,"{""dataset"":{""source"":""synthetic"",""name"":""exp6_stripe__nr100000__ns100000__a3_000em02__g1"",""dim"":2,""path_r"":"""",""path_s"":"""",""synthetic"":{""generator"":""stripe"",""n_r"":100000,""n_s"":100000,""alpha"":0.03,""seed"":1}},""run"":{""method"":""ours"",""variant"":""enum_sampling"",""t"":10000,""seed"":1,""repeats"":3,""j_star"":1000000,""enum_cap"":0,""write_samples"":false,""verify"":false},""output"":{""out_dir"":""/home/dhy/PhD/SIGMOD-EXP/EXP-2/run/temp/exp6"",""run_tag"":""""},""sys"":{""threads"":1},""logging"":{""level"":""INFO"",""with_timestamp"":true,""with_thread_id"":false}}","{""generator"":""stripe_ctrl_alpha"",""dataset"":""exp6_stripe__nr100000__ns100000__a3_000em02__g1"",""n_r"":100000,""n_s"":100000,""has_exact_k"":true,""k_target"":6000,""k_achieved"":6000,""alpha_target"":0.03,""alpha_achieved"":0.03,""notes"":""control_axis=1, core=[0.45,0.55], g=9.9999e-07, h=9e-06, delta=2.49998e-07, shuffle_strips=1, shuffle_r=0, k_overridden=0""}"
exp6_stripe__nr100000__ns100000__a3_000em02__g1,stripe,0.03,100000,100000,ours,enum_sampling,10000,2,3,1,461.43,6000,1,1,0,0,,0,"{""build_active_indices_ms"":5.498437,""build_events_ms"":42.087489,""build_ranks_ms"":40.090781,""build_y_domain_ms"":13.954414,""run_build_ms"":102.017224,""run_draw_ranks_ms"":0.658737,""run_enum_pass1_count_ms"":222.386395,""run_enum_pass2_select_ms"":91.374413,""run_enum_prepare_ms"":1.523049}",,"{""dataset"":{""source"":""synthetic"",""name"":""exp6_stripe__nr100000__ns100000__a3_000em02__g1"",""dim"":2,""path_r"":"""",""path_s"":"""",""synthetic"":{""generator"":""stripe"",""n_r"":100000,""n_s"":100000,""alpha"":0.03,""seed"":1}},""run"":{""method"":""ours"",""variant"":""enum_sampling"",""t"":10000,""seed"":1,""repeats"":3,""j_star"":1000000,""enum_cap"":0,""write_samples"":false,""verify"":false},""output"":{""out_dir"":""/home/dhy/PhD/SIGMOD-EXP/EXP-2/run/temp/exp6"",""run_tag"":""""},""sys"":{""threads"":1},""logging"":{""level"":""INFO"",""with_timestamp"":true,""with_thread_id"":false}}","{""generator"":""stripe_ctrl_alpha"",""dataset"":""exp6_stripe__nr100000__ns100000__a3_000em02__g1"",""n_r"":100000,""n_s"":100000,""has_exact_k"":true,""k_target"":6000,""k_achieved"":6000,""alpha_target"":0.03,""alpha_achieved"":0.03,""notes"":""control_axis=1, core=[0.45,0.55], g=9.9999e-07, h=9e-06, delta=2.49998e-07, shuffle_strips=1, shuffle_r=0, k_overridden=0""}"
exp6_stripe__nr100000__ns100000__a3_000em02__g1,stripe,0.03,100000,100000,ours,adaptive,10000,0,1,1,318.377,6000,1,1,0,0,enumerate_all,6000,"{""build_active_indices_ms"":5.587526,""build_events_ms"":34.823518,""build_ranks_ms"":40.026752,""build_y_domain_ms"":13.936295,""run_build_ms"":94.890851,""run_pilot_enum_prepare_ms"":1.508129,""run_pilot_enum_scan_ms"":221.932134,""run_small_join_sample_from_list_ms"":0.033169}",,"{""dataset"":{""source"":""synthetic"",""name"":""exp6_stripe__nr100000__ns100000__a3_000em02__g1"",""dim"":2,""path_r"":"""",""path_s"":"""",""synthetic"":{""generator"":""stripe"",""n_r"":100000,""n_s"":100000,""alpha"":0.03,""seed"":1}},""run"":{""method"":""ours"",""variant"":""adaptive"",""t"":10000,""seed"":1,""repeats"":3,""j_star"":1000000,""enum_cap"":0,""write_samples"":false,""verify"":false},""output"":{""out_dir"":""/home/dhy/PhD/SIGMOD-EXP/EXP-2/run/temp/exp6"",""run_tag"":""""},""sys"":{""threads"":1},""logging"":{""level"":""INFO"",""with_timestamp"":true,""with_thread_id"":false}}","{""generator"":""stripe_ctrl_alpha"",""dataset"":""exp6_stripe__nr100000__ns100000__a3_000em02__g1"",""n_r"":100000,""n_s"":100000,""has_exact_k"":true,""k_target"":6000,""k_achieved"":6000,""alpha_target"":0.03,""alpha_achieved"":0.03,""notes"":""control_axis=1, core=[0.45,0.55], g=9.9999e-07, h=9e-06, delta=2.49998e-07, shuffle_strips=1, shuffle_r=0, k_overridden=0""}"
exp6_stripe__nr100000__ns100000__a3_000em02__g1,stripe,0.03,100000,100000,ours,adaptive,10000,1,2,1,368.877,6000,1,1,0,0,enumerate_all,6000,"{""build_active_indices_ms"":5.499217,""build_events_ms"":42.177988,""build_ranks_ms"":40.065511,""build_y_domain_ms"":13.951246,""run_build_ms"":102.200042,""run_pilot_enum_prepare_ms"":1.506379,""run_pilot_enum_scan_ms"":222.436624,""run_small_join_sample_from_list_ms"":0.040519}",,"{""dataset"":{""source"":""synthetic"",""name"":""exp6_stripe__nr100000__ns100000__a3_000em02__g1"",""dim"":2,""path_r"":"""",""path_s"":"""",""synthetic"":{""generator"":""stripe"",""n_r"":100000,""n_s"":100000,""alpha"":0.03,""seed"":1}},""run"":{""method"":""ours"",""variant"":""adaptive"",""t"":10000,""seed"":1,""repeats"":3,""j_star"":1000000,""enum_cap"":0,""write_samples"":false,""verify"":false},""output"":{""out_dir"":""/home/dhy/PhD/SIGMOD-EXP/EXP-2/run/temp/exp6"",""run_tag"":""""},""sys"":{""threads"":1},""logging"":{""level"":""INFO"",""with_timestamp"":true,""with_thread_id"":false}}","{""generator"":""stripe_ctrl_alpha"",""dataset"":""exp6_stripe__nr100000__ns100000__a3_000em02__g1"",""n_r"":100000,""n_s"":100000,""has_exact_k"":true,""k_target"":6000,""k_achieved"":6000,""alpha_target"":0.03,""alpha_achieved"":0.03,""notes"":""control_axis=1, core=[0.45,0.55], g=9.9999e-07, h=9e-06, delta=2.49998e-07, shuffle_strips=1, shuffle_r=0, k_overridden=0""}"
exp6_stripe__nr100000__ns100000__a3_000em02__g1,stripe,0.03,100000,100000,ours,adaptive,10000,2,3,1,373.648,6000,1,1,0,0,enumerate_all,6000,"{""build_active_indices_ms"":5.518497,""build_events_ms"":42.223307,""build_ranks_ms"":40.026112,""build_y_domain_ms"":13.947175,""run_build_ms"":102.212761,""run_pilot_enum_prepare_ms"":1.541158,""run_pilot_enum_scan_ms"":222.063512,""run_small_join_sample_from_list_ms"":0.040079}",,"{""dataset"":{""source"":""synthetic"",""name"":""exp6_stripe__nr100000__ns100000__a3_000em02__g1"",""dim"":2,""path_r"":"""",""path_s"":"""",""synthetic"":{""generator"":""stripe"",""n_r"":100000,""n_s"":100000,""alpha"":0.03,""seed"":1}},""run"":{""method"":""ours"",""variant"":""adaptive"",""t"":10000,""seed"":1,""repeats"":3,""j_star"":1000000,""enum_cap"":0,""write_samples"":false,""verify"":false},""output"":{""out_dir"":""/home/dhy/PhD/SIGMOD-EXP/EXP-2/run/temp/exp6"",""run_tag"":""""},""sys"":{""threads"":1},""logging"":{""level"":""INFO"",""with_timestamp"":true,""with_thread_id"":false}}","{""generator"":""stripe_ctrl_alpha"",""dataset"":""exp6_stripe__nr100000__ns100000__a3_000em02__g1"",""n_r"":100000,""n_s"":100000,""has_exact_k"":true,""k_target"":6000,""k_achieved"":6000,""alpha_target"":0.03,""alpha_achieved"":0.03,""notes"":""control_axis=1, core=[0.45,0.55], g=9.9999e-07, h=9e-06, delta=2.49998e-07, shuffle_strips=1, shuffle_r=0, k_overridden=0""}"
exp6_stripe__nr100000__ns100000__a3_000em02__g1,stripe,0.03,100000,100000,ours,sampling,30000,0,1,1,460.512,6000,1,0,0,0,,0,"{""build_active_indices_ms"":8.418588,""build_events_ms"":34.835028,""build_ranks_ms"":40.117340,""build_y_domain_ms"":13.960395,""phase1_count_ms"":221.823057,""phase2_plan_ms"":5.726953,""phase3_sample_ms"":135.105539,""run_build_ms"":97.833441,""run_count_ms"":221.827086,""run_sample_ms"":140.847682}",,"{""dataset"":{""source"":""synthetic"",""name"":""exp6_stripe__nr100000__ns100000__a3_000em02__g1"",""dim"":2,""path_r"":"""",""path_s"":"""",""synthetic"":{""generator"":""stripe"",""n_r"":100000,""n_s"":100000,""alpha"":0.03,""seed"":1}},""run"":{""method"":""ours"",""variant"":""sampling"",""t"":30000,""seed"":1,""repeats"":3,""j_star"":1000000,""enum_cap"":0,""write_samples"":false,""verify"":false},""output"":{""out_dir"":""/home/dhy/PhD/SIGMOD-EXP/EXP-2/run/temp/exp6"",""run_tag"":""""},""sys"":{""threads"":1},""logging"":{""level"":""INFO"",""with_timestamp"":true,""with_thread_id"":false}}","{""generator"":""stripe_ctrl_alpha"",""dataset"":""exp6_stripe__nr100000__ns100000__a3_000em02__g1"",""n_r"":100000,""n_s"":100000,""has_exact_k"":true,""k_target"":6000,""k_achieved"":6000,""alpha_target"":0.03,""alpha_achieved"":0.03,""notes"":""control_axis=1, core=[0.45,0.55], g=9.9999e-07, h=9e-06, delta=2.49998e-07, shuffle_strips=1, shuffle_r=0, k_overridden=0""}"
exp6_stripe__nr100000__ns100000__a3_000em02__g1,stripe,0.03,100000,100000,ours,sampling,30000,1,2,1,508.665,6000,1,0,0,0,,0,"{""build_active_indices_ms"":5.494237,""build_events_ms"":44.000910,""build_ranks_ms"":40.098951,""build_y_domain_ms"":13.958904,""phase1_count_ms"":221.150351,""phase2_plan_ms"":4.497988,""phase3_sample_ms"":136.409252,""run_build_ms"":104.048073,""run_count_ms"":221.153461,""run_sample_ms"":140.921590}",,"{""dataset"":{""source"":""synthetic"",""name"":""exp6_stripe__nr100000__ns100000__a3_000em02__g1"",""dim"":2,""path_r"":"""",""path_s"":"""",""synthetic"":{""generator"":""stripe"",""n_r"":100000,""n_s"":100000,""alpha"":0.03,""seed"":1}},""run"":{""method"":""ours"",""variant"":""sampling"",""t"":30000,""seed"":1,""repeats"":3,""j_star"":1000000,""enum_cap"":0,""write_samples"":false,""verify"":false},""output"":{""out_dir"":""/home/dhy/PhD/SIGMOD-EXP/EXP-2/run/temp/exp6"",""run_tag"":""""},""sys"":{""threads"":1},""logging"":{""level"":""INFO"",""with_timestamp"":true,""with_thread_id"":false}}","{""generator"":""stripe_ctrl_alpha"",""dataset"":""exp6_stripe__nr100000__ns100000__a3_000em02__g1"",""n_r"":100000,""n_s"":100000,""has_exact_k"":true,""k_target"":6000,""k_achieved"":6000,""alpha_target"":0.03,""alpha_achieved"":0.03,""notes"":""control_axis=1, core=[0.45,0.55], g=9.9999e-07, h=9e-06, delta=2.49998e-07, shuffle_strips=1, shuffle_r=0, k_overridden=0""}"
exp6_stripe__nr100000__ns100000__a3_000em02__g1,stripe,0.03,100000,100000,ours,sampling,30000,2,3,1,505.802,6000,1,0,0,0,,0,"{""build_active_indices_ms"":5.487238,""build_events_ms"":42.085630,""build_ranks_ms"":40.104880,""build_y_domain_ms"":13.959155,""phase1_count_ms"":220.621951,""phase2_plan_ms"":4.356491,""phase3_sample_ms"":135.982981,""run_build_ms"":102.139093,""run_count_ms"":220.625132,""run_sample_ms"":140.354632}",,"{""dataset"":{""source"":""synthetic"",""name"":""exp6_stripe__nr100000__ns100000__a3_000em02__g1"",""dim"":2,""path_r"":"""",""path_s"":"""",""synthetic"":{""generator"":""stripe"",""n_r"":100000,""n_s"":100000,""alpha"":0.03,""seed"":1}},""run"":{""method"":""ours"",""variant"":""sampling"",""t"":30000,""seed"":1,""repeats"":3,""j_star"":1000000,""enum_cap"":0,""write_samples"":false,""verify"":false},""output"":{""out_dir"":""/home/dhy/PhD/SIGMOD-EXP/EXP-2/run/temp/exp6"",""run_tag"":""""},""sys"":{""threads"":1},""logging"":{""level"":""INFO"",""with_timestamp"":true,""with_thread_id"":false}}","{""generator"":""stripe_ctrl_alpha"",""dataset"":""exp6_stripe__nr100000__ns100000__a3_000em02__g1"",""n_r"":100000,""n_s"":100000,""has_exact_k"":true,""k_target"":6000,""k_achieved"":6000,""alpha_target"":0.03,""alpha_achieved"":0.03,""notes"":""control_axis=1, core=[0.45,0.55], g=9.9999e-07, h=9e-06, delta=2.49998e-07, shuffle_strips=1, shuffle_r=0, k_overridden=0""}"
exp6_stripe__nr100000__ns100000__a3_000em02__g1,stripe,0.03,100000,100000,ours,enum_sampling,30000,0,1,1,415.75,6000,1,1,0,0,,0,"{""build_active_indices_ms"":8.045176,""build_events_ms"":35.916027,""build_ranks_ms"":40.037532,""build_y_domain_ms"":13.960384,""run_build_ms"":98.349211,""run_draw_ranks_ms"":2.284194,""run_enum_pass1_count_ms"":221.947405,""run_enum_pass2_select_ms"":91.467081,""run_enum_prepare_ms"":1.524399}",,"{""dataset"":{""source"":""synthetic"",""name"":""exp6_stripe__nr100000__ns100000__a3_000em02__g1"",""dim"":2,""path_r"":"""",""path_s"":"""",""synthetic"":{""generator"":""stripe"",""n_r"":100000,""n_s"":100000,""alpha"":0.03,""seed"":1}},""run"":{""method"":""ours"",""variant"":""enum_sampling"",""t"":30000,""seed"":1,""repeats"":3,""j_star"":1000000,""enum_cap"":0,""write_samples"":false,""verify"":false},""output"":{""out_dir"":""/home/dhy/PhD/SIGMOD-EXP/EXP-2/run/temp/exp6"",""run_tag"":""""},""sys"":{""threads"":1},""logging"":{""level"":""INFO"",""with_timestamp"":true,""with_thread_id"":false}}","{""generator"":""stripe_ctrl_alpha"",""dataset"":""exp6_stripe__nr100000__ns100000__a3_000em02__g1"",""n_r"":100000,""n_s"":100000,""has_exact_k"":true,""k_target"":6000,""k_achieved"":6000,""alpha_target"":0.03,""alpha_achieved"":0.03,""notes"":""control_axis=1, core=[0.45,0.55], g=9.9999e-07, h=9e-06, delta=2.49998e-07, shuffle_strips=1, shuffle_r=0, k_overridden=0""}"
exp6_stripe__nr100000__ns100000__a3_000em02__g1,stripe,0.03,100000,100000,ours,enum_sampling,30000,1,2,1,463.333,6000,1,1,0,0,,0,"{""build_active_indices_ms"":5.424349,""build_events_ms"":43.028471,""build_ranks_ms"":39.989073,""build_y_domain_ms"":13.945695,""run_build_ms"":102.773650,""run_draw_ranks_ms"":2.298103,""run_enum_pass1_count_ms"":221.159671,""run_enum_pass2_select_ms"":91.798085,""run_enum_prepare_ms"":1.502589}",,"{""dataset"":{""source"":""synthetic"",""name"":""exp6_stripe__nr100000__ns100000__a3_000em02__g1"",""dim"":2,""path_r"":"""",""path_s"":"""",""synthetic"":{""generator"":""stripe"",""n_r"":100000,""n_s"":100000,""alpha"":0.03,""seed"":1}},""run"":{""method"":""ours"",""variant"":""enum_sampling"",""t"":30000,""seed"":1,""repeats"":3,""j_star"":1000000,""enum_cap"":0,""write_samples"":false,""verify"":false},""output"":{""out_dir"":""/home/dhy/PhD/SIGMOD-EXP/EXP-2/run/temp/exp6"",""run_tag"":""""},""sys"":{""threads"":1},""logging"":{""level"":""INFO"",""with_timestamp"":true,""with_thread_id"":false}}","{""generator"":""stripe_ctrl_alpha"",""dataset"":""exp6_stripe__nr100000__ns100000__a3_000em02__g1"",""n_r"":100000,""n_s"":100000,""has_exact_k"":true,""k_target"":6000,""k_achieved"":6000,""alpha_target"":0.03,""alpha_achieved"":0.03,""notes"":""control_axis=1, core=[0.45,0.55], g=9.9999e-07, h=9e-06, delta=2.49998e-07, shuffle_strips=1, shuffle_r=0, k_overridden=0""}"
exp6_stripe__nr100000__ns100000__a3_000em02__g1,stripe,0.03,100000,100000,ours,enum_sampling,30000,2,3,1,462.805,6000,1,1,0,0,,0,"{""build_active_indices_ms"":5.472059,""build_events_ms"":42.100430,""build_ranks_ms"":40.000222,""build_y_domain_ms"":13.962525,""run_build_ms"":101.921258,""run_draw_ranks_ms"":2.306113,""run_enum_pass1_count_ms"":222.239119,""run_enum_pass2_select_ms"":91.113749,""run_enum_prepare_ms"":1.525119}",,"{""dataset"":{""source"":""synthetic"",""name"":""exp6_stripe__nr100000__ns100000__a3_000em02__g1"",""dim"":2,""path_r"":"""",""path_s"":"""",""synthetic"":{""generator"":""stripe"",""n_r"":100000,""n_s"":100000,""alpha"":0.03,""seed"":1}},""run"":{""method"":""ours"",""variant"":""enum_sampling"",""t"":30000,""seed"":1,""repeats"":3,""j_star"":1000000,""enum_cap"":0,""write_samples"":false,""verify"":false},""output"":{""out_dir"":""/home/dhy/PhD/SIGMOD-EXP/EXP-2/run/temp/exp6"",""run_tag"":""""},""sys"":{""threads"":1},""logging"":{""level"":""INFO"",""with_timestamp"":true,""with_thread_id"":false}}","{""generator"":""stripe_ctrl_alpha"",""dataset"":""exp6_stripe__nr100000__ns100000__a3_000em02__g1"",""n_r"":100000,""n_s"":100000,""has_exact_k"":true,""k_target"":6000,""k_achieved"":6000,""alpha_target"":0.03,""alpha_achieved"":0.03,""notes"":""control_axis=1, core=[0.45,0.55], g=9.9999e-07, h=9e-06, delta=2.49998e-07, shuffle_strips=1, shuffle_r=0, k_overridden=0""}"
exp6_stripe__nr100000__ns100000__a3_000em02__g1,stripe,0.03,100000,100000,ours,adaptive,30000,0,1,1,319.696,6000,1,1,0,0,enumerate_all,6000,"{""build_active_indices_ms"":5.545376,""build_events_ms"":34.836987,""build_ranks_ms"":39.999543,""build_y_domain_ms"":13.936596,""run_build_ms"":94.834321,""run_pilot_enum_prepare_ms"":1.546219,""run_pilot_enum_scan_ms"":223.161971,""run_small_join_sample_from_list_ms"":0.141067}",,"{""dataset"":{""source"":""synthetic"",""name"":""exp6_stripe__nr100000__ns100000__a3_000em02__g1"",""dim"":2,""path_r"":"""",""path_s"":"""",""synthetic"":{""generator"":""stripe"",""n_r"":100000,""n_s"":100000,""alpha"":0.03,""seed"":1}},""run"":{""method"":""ours"",""variant"":""adaptive"",""t"":30000,""seed"":1,""repeats"":3,""j_star"":1000000,""enum_cap"":0,""write_samples"":false,""verify"":false},""output"":{""out_dir"":""/home/dhy/PhD/SIGMOD-EXP/EXP-2/run/temp/exp6"",""run_tag"":""""},""sys"":{""threads"":1},""logging"":{""level"":""INFO"",""with_timestamp"":true,""with_thread_id"":false}}","{""generator"":""stripe_ctrl_alpha"",""dataset"":""exp6_stripe__nr100000__ns100000__a3_000em02__g1"",""n_r"":100000,""n_s"":100000,""has_exact_k"":true,""k_target"":6000,""k_achieved"":6000,""alpha_target"":0.03,""alpha_achieved"":0.03,""notes"":""control_axis=1, core=[0.45,0.55], g=9.9999e-07, h=9e-06, delta=2.49998e-07, shuffle_strips=1, shuffle_r=0, k_overridden=0""}"
exp6_stripe__nr100000__ns100000__a3_000em02__g1,stripe,0.03,100000,100000,ours,adaptive,30000,1,2,1,370.634,6000,1,1,0,0,enumerate_all,6000,"{""build_active_indices_ms"":5.411589,""build_events_ms"":42.127699,""build_ranks_ms"":39.984073,""build_y_domain_ms"":13.970054,""run_build_ms"":102.001135,""run_pilot_enum_prepare_ms"":1.557739,""run_pilot_enum_scan_ms"":224.216498,""run_small_join_sample_from_list_ms"":0.083349}",,"{""dataset"":{""source"":""synthetic"",""name"":""exp6_stripe__nr100000__ns100000__a3_000em02__g1"",""dim"":2,""path_r"":"""",""path_s"":"""",""synthetic"":{""generator"":""stripe"",""n_r"":100000,""n_s"":100000,""alpha"":0.03,""seed"":1}},""run"":{""method"":""ours"",""variant"":""adaptive"",""t"":30000,""seed"":1,""repeats"":3,""j_star"":1000000,""enum_cap"":0,""write_samples"":false,""verify"":false},""output"":{""out_dir"":""/home/dhy/PhD/SIGMOD-EXP/EXP-2/run/temp/exp6"",""run_tag"":""""},""sys"":{""threads"":1},""logging"":{""level"":""INFO"",""with_timestamp"":true,""with_thread_id"":false}}","{""generator"":""stripe_ctrl_alpha"",""dataset"":""exp6_stripe__nr100000__ns100000__a3_000em02__g1"",""n_r"":100000,""n_s"":100000,""has_exact_k"":true,""k_target"":6000,""k_achieved"":6000,""alpha_target"":0.03,""alpha_achieved"":0.03,""notes"":""control_axis=1, core=[0.45,0.55], g=9.9999e-07, h=9e-06, delta=2.49998e-07, shuffle_strips=1, shuffle_r=0, k_overridden=0""}"
exp6_stripe__nr100000__ns100000__a3_000em02__g1,stripe,0.03,100000,100000,ours,adaptive,30000,2,3,1,373.967,6000,1,1,0,0,enumerate_all,6000,"{""build_active_indices_ms"":5.400120,""build_events_ms"":42.181478,""build_ranks_ms"":39.987573,""build_y_domain_ms"":13.961324,""run_build_ms"":102.037784,""run_pilot_enum_prepare_ms"":1.557189,""run_pilot_enum_scan_ms"":221.924256,""run_small_join_sample_from_list_ms"":0.080419}",,"{""dataset"":{""source"":""synthetic"",""name"":""exp6_stripe__nr100000__ns100000__a3_000em02__g1"",""dim"":2,""path_r"":"""",""path_s"":"""",""synthetic"":{""generator"":""stripe"",""n_r"":100000,""n_s"":100000,""alpha"":0.03,""seed"":1}},""run"":{""method"":""ours"",""variant"":""adaptive"",""t"":30000,""seed"":1,""repeats"":3,""j_star"":1000000,""enum_cap"":0,""write_samples"":false,""verify"":false},""output"":{""out_dir"":""/home/dhy/PhD/SIGMOD-EXP/EXP-2/run/temp/exp6"",""run_tag"":""""},""sys"":{""threads"":1},""logging"":{""level"":""INFO"",""with_timestamp"":true,""with_thread_id"":false}}","{""generator"":""stripe_ctrl_alpha"",""dataset"":""exp6_stripe__nr100000__ns100000__a3_000em02__g1"",""n_r"":100000,""n_s"":100000,""has_exact_k"":true,""k_target"":6000,""k_achieved"":6000,""alpha_target"":0.03,""alpha_achieved"":0.03,""notes"":""control_axis=1, core=[0.45,0.55], g=9.9999e-07, h=9e-06, delta=2.49998e-07, shuffle_strips=1, shuffle_r=0, k_overridden=0""}"
exp6_stripe__nr100000__ns100000__a3_000em02__g1,stripe,0.03,100000,100000,ours,sampling,100000,0,1,1,463.688,6000,1,0,0,0,,0,"{""build_active_indices_ms"":8.058356,""build_events_ms"":34.801350,""build_ranks_ms"":40.140409,""build_y_domain_ms"":13.943515,""phase1_count_ms"":222.409926,""phase2_plan_ms"":7.149873,""phase3_sample_ms"":136.641399,""run_build_ms"":97.446759,""run_count_ms"":222.413466,""run_sample_ms"":143.824101}",,"{""dataset"":{""source"":""synthetic"",""name"":""exp6_stripe__nr100000__ns100000__a3_000em02__g1"",""dim"":2,""path_r"":"""",""path_s"":"""",""synthetic"":{""generator"":""stripe"",""n_r"":100000,""n_s"":100000,""alpha"":0.03,""seed"":1}},""run"":{""method"":""ours"",""variant"":""sampling"",""t"":100000,""seed"":1,""repeats"":3,""j_star"":1000000,""enum_cap"":0,""write_samples"":false,""verify"":false},""output"":{""out_dir"":""/home/dhy/PhD/SIGMOD-EXP/EXP-2/run/temp/exp6"",""run_tag"":""""},""sys"":{""threads"":1},""logging"":{""level"":""INFO"",""with_timestamp"":true,""with_thread_id"":false}}","{""generator"":""stripe_ctrl_alpha"",""dataset"":""exp6_stripe__nr100000__ns100000__a3_000em02__g1"",""n_r"":100000,""n_s"":100000,""has_exact_k"":true,""k_target"":6000,""k_achieved"":6000,""alpha_target"":0.03,""alpha_achieved"":0.03,""notes"":""control_axis=1, core=[0.45,0.55], g=9.9999e-07, h=9e-06, delta=2.49998e-07, shuffle_strips=1, shuffle_r=0, k_overridden=0""}"
exp6_stripe__nr100000__ns100000__a3_000em02__g1,stripe,0.03,100000,100000,ours,sampling,100000,1,2,1,515.857,6000,1,0,0,0,,0,"{""build_active_indices_ms"":5.500048,""build_events_ms"":43.818505,""build_ranks_ms"":40.136650,""build_y_domain_ms"":13.943924,""phase1_count_ms"":221.294529,""phase2_plan_ms"":5.609045,""phase3_sample_ms"":136.978892,""run_build_ms"":103.893637,""run_count_ms"":221.297399,""run_sample_ms"":142.619556}",,"{""dataset"":{""source"":""synthetic"",""name"":""exp6_stripe__nr100000__ns100000__a3_000em02__g1"",""dim"":2,""path_r"":"""",""path_s"":"""",""synthetic"":{""generator"":""stripe"",""n_r"":100000,""n_s"":100000,""alpha"":0.03,""seed"":1}},""run"":{""method"":""ours"",""variant"":""sampling"",""t"":100000,""seed"":1,""repeats"":3,""j_star"":1000000,""enum_cap"":0,""write_samples"":false,""verify"":false},""output"":{""out_dir"":""/home/dhy/PhD/SIGMOD-EXP/EXP-2/run/temp/exp6"",""run_tag"":""""},""sys"":{""threads"":1},""logging"":{""level"":""INFO"",""with_timestamp"":true,""with_thread_id"":false}}","{""generator"":""stripe_ctrl_alpha"",""dataset"":""exp6_stripe__nr100000__ns100000__a3_000em02__g1"",""n_r"":100000,""n_s"":100000,""has_exact_k"":true,""k_target"":6000,""k_achieved"":6000,""alpha_target"":0.03,""alpha_achieved"":0.03,""notes"":""control_axis=1, core=[0.45,0.55], g=9.9999e-07, h=9e-06, delta=2.49998e-07, shuffle_strips=1, shuffle_r=0, k_overridden=0""}"
exp6_stripe__nr100000__ns100000__a3_000em02__g1,stripe,0.03,100000,100000,ours,sampling,100000,2,3,1,517.394,6000,1,0,0,0,,0,"{""build_active_indices_ms"":5.462488,""build_events_ms"":42.201227,""build_ranks_ms"":40.171580,""build_y_domain_ms"":13.936195,""phase1_count_ms"":223.466114,""phase2_plan_ms"":5.606216,""phase3_sample_ms"":136.364464,""run_build_ms"":102.277219,""run_count_ms"":223.468944,""run_sample_ms"":142.003879}",,"{""dataset"":{""source"":""synthetic"",""name"":""exp6_stripe__nr100000__ns100000__a3_000em02__g1"",""dim"":2,""path_r"":"""",""path_s"":"""",""synthetic"":{""generator"":""stripe"",""n_r"":100000,""n_s"":100000,""alpha"":0.03,""seed"":1}},""run"":{""method"":""ours"",""variant"":""sampling"",""t"":100000,""seed"":1,""repeats"":3,""j_star"":1000000,""enum_cap"":0,""write_samples"":false,""verify"":false},""output"":{""out_dir"":""/home/dhy/PhD/SIGMOD-EXP/EXP-2/run/temp/exp6"",""run_tag"":""""},""sys"":{""threads"":1},""logging"":{""level"":""INFO"",""with_timestamp"":true,""with_thread_id"":false}}","{""generator"":""stripe_ctrl_alpha"",""dataset"":""exp6_stripe__nr100000__ns100000__a3_000em02__g1"",""n_r"":100000,""n_s"":100000,""has_exact_k"":true,""k_target"":6000,""k_achieved"":6000,""alpha_target"":0.03,""alpha_achieved"":0.03,""notes"":""control_axis=1, core=[0.45,0.55], g=9.9999e-07, h=9e-06, delta=2.49998e-07, shuffle_strips=1, shuffle_r=0, k_overridden=0""}"
exp6_stripe__nr100000__ns100000__a3_000em02__g1,stripe,0.03,100000,100000,ours,enum_sampling,100000,0,1,1,421.865,6000,1,1,0,0,,0,"{""build_active_indices_ms"":8.099065,""build_events_ms"":34.828389,""build_ranks_ms"":40.127410,""build_y_domain_ms"":13.933425,""run_build_ms"":97.376961,""run_draw_ranks_ms"":8.563645,""run_enum_pass1_count_ms"":221.302539,""run_enum_pass2_select_ms"":92.548009,""run_enum_prepare_ms"":1.572918}",,"{""dataset"":{""source"":""synthetic"",""name"":""exp6_stripe__nr100000__ns100000__a3_000em02__g1"",""dim"":2,""path_r"":"""",""path_s"":"""",""synthetic"":{""generator"":""stripe"",""n_r"":100000,""n_s"":100000,""alpha"":0.03,""seed"":1}},""run"":{""method"":""ours"",""variant"":""enum_sampling"",""t"":100000,""seed"":1,""repeats"":3,""j_star"":1000000,""enum_cap"":0,""write_samples"":false,""verify"":false},""output"":{""out_dir"":""/home/dhy/PhD/SIGMOD-EXP/EXP-2/run/temp/exp6"",""run_tag"":""""},""sys"":{""threads"":1},""logging"":{""level"":""INFO"",""with_timestamp"":true,""with_thread_id"":false}}","{""generator"":""stripe_ctrl_alpha"",""dataset"":""exp6_stripe__nr100000__ns100000__a3_000em02__g1"",""n_r"":100000,""n_s"":100000,""has_exact_k"":true,""k_target"":6000,""k_achieved"":6000,""alpha_target"":0.03,""alpha_achieved"":0.03,""notes"":""control_axis=1, core=[0.45,0.55], g=9.9999e-07, h=9e-06, delta=2.49998e-07, shuffle_strips=1, shuffle_r=0, k_overridden=0""}"
exp6_stripe__nr100000__ns100000__a3_000em02__g1,stripe,0.03,100000,100000,ours,enum_sampling,100000,1,2,1,469.659,6000,1,1,0,0,,0,"{""build_active_indices_ms"":5.409120,""build_events_ms"":42.798365,""build_ranks_ms"":40.074641,""build_y_domain_ms"":13.950656,""run_build_ms"":102.617873,""run_draw_ranks_ms"":8.550875,""run_enum_pass1_count_ms"":220.547524,""run_enum_pass2_select_ms"":92.060309,""run_enum_prepare_ms"":1.512699}",,"{""dataset"":{""source"":""synthetic"",""name"":""exp6_stripe__nr100000__ns100000__a3_000em02__g1"",""dim"":2,""path_r"":"""",""path_s"":"""",""synthetic"":{""generator"":""stripe"",""n_r"":100000,""n_s"":100000,""alpha"":0.03,""seed"":1}},""run"":{""method"":""ours"",""variant"":""enum_sampling"",""t"":100000,""seed"":1,""repeats"":3,""j_star"":1000000,""enum_cap"":0,""write_samples"":false,""verify"":false},""output"":{""out_dir"":""/home/dhy/PhD/SIGMOD-EXP/EXP-2/run/temp/exp6"",""run_tag"":""""},""sys"":{""threads"":1},""logging"":{""level"":""INFO"",""with_timestamp"":true,""with_thread_id"":false}}","{""generator"":""stripe_ctrl_alpha"",""dataset"":""exp6_stripe__nr100000__ns100000__a3_000em02__g1"",""n_r"":100000,""n_s"":100000,""has_exact_k"":true,""k_target"":6000,""k_achieved"":6000,""alpha_target"":0.03,""alpha_achieved"":0.03,""notes"":""control_axis=1, core=[0.45,0.55], g=9.9999e-07, h=9e-06, delta=2.49998e-07, shuffle_strips=1, shuffle_r=0, k_overridden=0""}"
exp6_stripe__nr100000__ns100000__a3_000em02__g1,stripe,0.03,100000,100000,ours,enum_sampling,100000,2,3,1,471.592,6000,1,1,0,0,,0,"{""build_active_indices_ms"":5.475638,""build_events_ms"":42.010881,""build_ranks_ms"":41.336275,""build_y_domain_ms"":13.942635,""run_build_ms"":103.153053,""run_draw_ranks_ms"":8.563764,""run_enum_pass1_count_ms"":220.694542,""run_enum_pass2_select_ms"":93.651807,""run_enum_prepare_ms"":1.506569}",,"{""dataset"":{""source"":""synthetic"",""name"":""exp6_stripe__nr100000__ns100000__a3_000em02__g1"",""dim"":2,""path_r"":"""",""path_s"":"""",""synthetic"":{""generator"":""stripe"",""n_r"":100000,""n_s"":100000,""alpha"":0.03,""seed"":1}},""run"":{""method"":""ours"",""variant"":""enum_sampling"",""t"":100000,""seed"":1,""repeats"":3,""j_star"":1000000,""enum_cap"":0,""write_samples"":false,""verify"":false},""output"":{""out_dir"":""/home/dhy/PhD/SIGMOD-EXP/EXP-2/run/temp/exp6"",""run_tag"":""""},""sys"":{""threads"":1},""logging"":{""level"":""INFO"",""with_timestamp"":true,""with_thread_id"":false}}","{""generator"":""stripe_ctrl_alpha"",""dataset"":""exp6_stripe__nr100000__ns100000__a3_000em02__g1"",""n_r"":100000,""n_s"":100000,""has_exact_k"":true,""k_target"":6000,""k_achieved"":6000,""alpha_target"":0.03,""alpha_achieved"":0.03,""notes"":""control_axis=1, core=[0.45,0.55], g=9.9999e-07, h=9e-06, delta=2.49998e-07, shuffle_strips=1, shuffle_r=0, k_overridden=0""}"
exp6_stripe__nr100000__ns100000__a3_000em02__g1,stripe,0.03,100000,100000,ours,adaptive,100000,0,1,1,317.705,6000,1,1,0,0,enumerate_all,6000,"{""build_active_indices_ms"":5.554167,""build_events_ms"":34.795039,""build_ranks_ms"":40.031572,""build_y_domain_ms"":13.949315,""run_build_ms"":94.842463,""run_pilot_enum_prepare_ms"":1.502879,""run_pilot_enum_scan_ms"":220.956746,""run_small_join_sample_from_list_ms"":0.391532}",,"{""dataset"":{""source"":""synthetic"",""name"":""exp6_stripe__nr100000__ns100000__a3_000em02__g1"",""dim"":2,""path_r"":"""",""path_s"":"""",""synthetic"":{""generator"":""stripe"",""n_r"":100000,""n_s"":100000,""alpha"":0.03,""seed"":1}},""run"":{""method"":""ours"",""variant"":""adaptive"",""t"":100000,""seed"":1,""repeats"":3,""j_star"":1000000,""enum_cap"":0,""write_samples"":false,""verify"":false},""output"":{""out_dir"":""/home/dhy/PhD/SIGMOD-EXP/EXP-2/run/temp/exp6"",""run_tag"":""""},""sys"":{""threads"":1},""logging"":{""level"":""INFO"",""with_timestamp"":true,""with_thread_id"":false}}","{""generator"":""stripe_ctrl_alpha"",""dataset"":""exp6_stripe__nr100000__ns100000__a3_000em02__g1"",""n_r"":100000,""n_s"":100000,""has_exact_k"":true,""k_target"":6000,""k_achieved"":6000,""alpha_target"":0.03,""alpha_achieved"":0.03,""notes"":""control_axis=1, core=[0.45,0.55], g=9.9999e-07, h=9e-06, delta=2.49998e-07, shuffle_strips=1, shuffle_r=0, k_overridden=0""}"
exp6_stripe__nr100000__ns100000__a3_000em02__g1,stripe,0.03,100000,100000,ours,adaptive,100000,1,2,1,368.693,6000,1,1,0,0,enumerate_all,6000,"{""build_active_indices_ms"":5.503658,""build_events_ms"":42.010332,""build_ranks_ms"":40.043492,""build_y_domain_ms"":13.943055,""run_build_ms"":102.004336,""run_pilot_enum_prepare_ms"":1.510909,""run_pilot_enum_scan_ms"":221.955135,""run_small_join_sample_from_list_ms"":0.230336}",,"{""dataset"":{""source"":""synthetic"",""name"":""exp6_stripe__nr100000__ns100000__a3_000em02__g1"",""dim"":2,""path_r"":"""",""path_s"":"""",""synthetic"":{""generator"":""stripe"",""n_r"":100000,""n_s"":100000,""alpha"":0.03,""seed"":1}},""run"":{""method"":""ours"",""variant"":""adaptive"",""t"":100000,""seed"":1,""repeats"":3,""j_star"":1000000,""enum_cap"":0,""write_samples"":false,""verify"":false},""output"":{""out_dir"":""/home/dhy/PhD/SIGMOD-EXP/EXP-2/run/temp/exp6"",""run_tag"":""""},""sys"":{""threads"":1},""logging"":{""level"":""INFO"",""with_timestamp"":true,""with_thread_id"":false}}","{""generator"":""stripe_ctrl_alpha"",""dataset"":""exp6_stripe__nr100000__ns100000__a3_000em02__g1"",""n_r"":100000,""n_s"":100000,""has_exact_k"":true,""k_target"":6000,""k_achieved"":6000,""alpha_target"":0.03,""alpha_achieved"":0.03,""notes"":""control_axis=1, core=[0.45,0.55], g=9.9999e-07, h=9e-06, delta=2.49998e-07, shuffle_strips=1, shuffle_r=0, k_overridden=0""}"
exp6_stripe__nr100000__ns100000__a3_000em02__g1,stripe,0.03,100000,100000,ours,adaptive,100000,2,3,1,374.223,6000,1,1,0,0,enumerate_all,6000,"{""build_active_indices_ms"":5.492587,""build_events_ms"":42.483932,""build_ranks_ms"":40.052742,""build_y_domain_ms"":13.951444,""run_build_ms"":102.482006,""run_pilot_enum_prepare_ms"":1.551708,""run_pilot_enum_scan_ms"":221.186681,""run_small_join_sample_from_list_ms"":0.349893}",,"{""dataset"":{""source"":""synthetic"",""name"":""exp6_stripe__nr100000__ns100000__a3_000em02__g1"",""dim"":2,""path_r"":"""",""path_s"":"""",""synthetic"":{""generator"":""stripe"",""n_r"":100000,""n_s"":100000,""alpha"":0.03,""seed"":1}},""run"":{""method"":""ours"",""variant"":""adaptive"",""t"":100000,""seed"":1,""repeats"":3,""j_star"":1000000,""enum_cap"":0,""write_samples"":false,""verify"":false},""output"":{""out_dir"":""/home/dhy/PhD/SIGMOD-EXP/EXP-2/run/temp/exp6"",""run_tag"":""""},""sys"":{""threads"":1},""logging"":{""level"":""INFO"",""with_timestamp"":true,""with_thread_id"":false}}","{""generator"":""stripe_ctrl_alpha"",""dataset"":""exp6_stripe__nr100000__ns100000__a3_000em02__g1"",""n_r"":100000,""n_s"":100000,""has_exact_k"":true,""k_target"":6000,""k_achieved"":6000,""alpha_target"":0.03,""alpha_achieved"":0.03,""notes"":""control_axis=1, core=[0.45,0.55], g=9.9999e-07, h=9e-06, delta=2.49998e-07, shuffle_strips=1, shuffle_r=0, k_overridden=0""}"
exp6_stripe__nr100000__ns100000__a3_000em02__g1,stripe,0.03,100000,100000,ours,sampling,300000,0,1,1,472.395,6000,1,0,0,0,,0,"{""build_active_indices_ms"":8.073376,""build_events_ms"":34.844108,""build_ranks_ms"":40.066811,""build_y_domain_ms"":13.952495,""phase1_count_ms"":224.264729,""phase2_plan_ms"":11.025356,""phase3_sample_ms"":139.570208,""run_build_ms"":97.443339,""run_count_ms"":224.267338,""run_sample_ms"":150.680812}",,"{""dataset"":{""source"":""synthetic"",""name"":""exp6_stripe__nr100000__ns100000__a3_000em02__g1"",""dim"":2,""path_r"":"""",""path_s"":"""",""synthetic"":{""generator"":""stripe"",""n_r"":100000,""n_s"":100000,""alpha"":0.03,""seed"":1}},""run"":{""method"":""ours"",""variant"":""sampling"",""t"":300000,""seed"":1,""repeats"":3,""j_star"":1000000,""enum_cap"":0,""write_samples"":false,""verify"":false},""output"":{""out_dir"":""/home/dhy/PhD/SIGMOD-EXP/EXP-2/run/temp/exp6"",""run_tag"":""""},""sys"":{""threads"":1},""logging"":{""level"":""INFO"",""with_timestamp"":true,""with_thread_id"":false}}","{""generator"":""stripe_ctrl_alpha"",""dataset"":""exp6_stripe__nr100000__ns100000__a3_000em02__g1"",""n_r"":100000,""n_s"":100000,""has_exact_k"":true,""k_target"":6000,""k_achieved"":6000,""alpha_target"":0.03,""alpha_achieved"":0.03,""notes"":""control_axis=1, core=[0.45,0.55], g=9.9999e-07, h=9e-06, delta=2.49998e-07, shuffle_strips=1, shuffle_r=0, k_overridden=0""}"
exp6_stripe__nr100000__ns100000__a3_000em02__g1,stripe,0.03,100000,100000,ours,sampling,300000,1,2,1,525.094,6000,1,0,0,0,,0,"{""build_active_indices_ms"":5.461908,""build_events_ms"":42.737187,""build_ranks_ms"":40.055501,""build_y_domain_ms"":13.943455,""phase1_count_ms"":223.826047,""phase2_plan_ms"":8.987886,""phase3_sample_ms"":139.472171,""run_build_ms"":102.718362,""run_count_ms"":223.828857,""run_sample_ms"":148.544925}",,"{""dataset"":{""source"":""synthetic"",""name"":""exp6_stripe__nr100000__ns100000__a3_000em02__g1"",""dim"":2,""path_r"":"""",""path_s"":"""",""synthetic"":{""generator"":""stripe"",""n_r"":100000,""n_s"":100000,""alpha"":0.03,""seed"":1}},""run"":{""method"":""ours"",""variant"":""sampling"",""t"":300000,""seed"":1,""repeats"":3,""j_star"":1000000,""enum_cap"":0,""write_samples"":false,""verify"":false},""output"":{""out_dir"":""/home/dhy/PhD/SIGMOD-EXP/EXP-2/run/temp/exp6"",""run_tag"":""""},""sys"":{""threads"":1},""logging"":{""level"":""INFO"",""with_timestamp"":true,""with_thread_id"":false}}","{""generator"":""stripe_ctrl_alpha"",""dataset"":""exp6_stripe__nr100000__ns100000__a3_000em02__g1"",""n_r"":100000,""n_s"":100000,""has_exact_k"":true,""k_target"":6000,""k_achieved"":6000,""alpha_target"":0.03,""alpha_achieved"":0.03,""notes"":""control_axis=1, core=[0.45,0.55], g=9.9999e-07, h=9e-06, delta=2.49998e-07, shuffle_strips=1, shuffle_r=0, k_overridden=0""}"
exp6_stripe__nr100000__ns100000__a3_000em02__g1,stripe,0.03,100000,100000,ours,sampling,300000,2,3,1,521.12,6000,1,0,0,0,,0,"{""build_active_indices_ms"":5.502258,""build_events_ms"":42.145359,""build_ranks_ms"":40.107730,""build_y_domain_ms"":13.960135,""phase1_count_ms"":220.691682,""phase2_plan_ms"":9.046486,""phase3_sample_ms"":142.165835,""run_build_ms"":102.211151,""run_count_ms"":220.695212,""run_sample_ms"":151.298199}",,"{""dataset"":{""source"":""synthetic"",""name"":""exp6_stripe__nr100000__ns100000__a3_000em02__g1"",""dim"":2,""path_r"":"""",""path_s"":"""",""synthetic"":{""generator"":""stripe"",""n_r"":100000,""n_s"":100000,""alpha"":0.03,""seed"":1}},""run"":{""method"":""ours"",""variant"":""sampling"",""t"":300000,""seed"":1,""repeats"":3,""j_star"":1000000,""enum_cap"":0,""write_samples"":false,""verify"":false},""output"":{""out_dir"":""/home/dhy/PhD/SIGMOD-EXP/EXP-2/run/temp/exp6"",""run_tag"":""""},""sys"":{""threads"":1},""logging"":{""level"":""INFO"",""with_timestamp"":true,""with_thread_id"":false}}","{""generator"":""stripe_ctrl_alpha"",""dataset"":""exp6_stripe__nr100000__ns100000__a3_000em02__g1"",""n_r"":100000,""n_s"":100000,""has_exact_k"":true,""k_target"":6000,""k_achieved"":6000,""alpha_target"":0.03,""alpha_achieved"":0.03,""notes"":""control_axis=1, core=[0.45,0.55], g=9.9999e-07, h=9e-06, delta=2.49998e-07, shuffle_strips=1, shuffle_r=0, k_overridden=0""}"
exp6_stripe__nr100000__ns100000__a3_000em02__g1,stripe,0.03,100000,100000,ours,enum_sampling,300000,0,1,1,442.426,6000,1,1,0,0,,0,"{""build_active_indices_ms"":8.065065,""build_events_ms"":34.875138,""build_ranks_ms"":40.121231,""build_y_domain_ms"":13.930355,""run_build_ms"":97.384251,""run_draw_ranks_ms"":27.697684,""run_enum_pass1_count_ms"":221.508645,""run_enum_pass2_select_ms"":92.825424,""run_enum_prepare_ms"":1.538078}",,"{""dataset"":{""source"":""synthetic"",""name"":""exp6_stripe__nr100000__ns100000__a3_000em02__g1"",""dim"":2,""path_r"":"""",""path_s"":"""",""synthetic"":{""generator"":""stripe"",""n_r"":100000,""n_s"":100000,""alpha"":0.03,""seed"":1}},""run"":{""method"":""ours"",""variant"":""enum_sampling"",""t"":300000,""seed"":1,""repeats"":3,""j_star"":1000000,""enum_cap"":0,""write_samples"":false,""verify"":false},""output"":{""out_dir"":""/home/dhy/PhD/SIGMOD-EXP/EXP-2/run/temp/exp6"",""run_tag"":""""},""sys"":{""threads"":1},""logging"":{""level"":""INFO"",""with_timestamp"":true,""with_thread_id"":false}}","{""generator"":""stripe_ctrl_alpha"",""dataset"":""exp6_stripe__nr100000__ns100000__a3_000em02__g1"",""n_r"":100000,""n_s"":100000,""has_exact_k"":true,""k_target"":6000,""k_achieved"":6000,""alpha_target"":0.03,""alpha_achieved"":0.03,""notes"":""control_axis=1, core=[0.45,0.55], g=9.9999e-07, h=9e-06, delta=2.49998e-07, shuffle_strips=1, shuffle_r=0, k_overridden=0""}"
exp6_stripe__nr100000__ns100000__a3_000em02__g1,stripe,0.03,100000,100000,ours,enum_sampling,300000,1,2,1,488.44,6000,1,1,0,0,,0,"{""build_active_indices_ms"":5.436149,""build_events_ms"":42.610469,""build_ranks_ms"":40.047791,""build_y_domain_ms"":13.961626,""run_build_ms"":102.442187,""run_draw_ranks_ms"":27.536047,""run_enum_pass1_count_ms"":220.690922,""run_enum_pass2_select_ms"":92.584809,""run_enum_prepare_ms"":1.512539}",,"{""dataset"":{""source"":""synthetic"",""name"":""exp6_stripe__nr100000__ns100000__a3_000em02__g1"",""dim"":2,""path_r"":"""",""path_s"":"""",""synthetic"":{""generator"":""stripe"",""n_r"":100000,""n_s"":100000,""alpha"":0.03,""seed"":1}},""run"":{""method"":""ours"",""variant"":""enum_sampling"",""t"":300000,""seed"":1,""repeats"":3,""j_star"":1000000,""enum_cap"":0,""write_samples"":false,""verify"":false},""output"":{""out_dir"":""/home/dhy/PhD/SIGMOD-EXP/EXP-2/run/temp/exp6"",""run_tag"":""""},""sys"":{""threads"":1},""logging"":{""level"":""INFO"",""with_timestamp"":true,""with_thread_id"":false}}","{""generator"":""stripe_ctrl_alpha"",""dataset"":""exp6_stripe__nr100000__ns100000__a3_000em02__g1"",""n_r"":100000,""n_s"":100000,""has_exact_k"":true,""k_target"":6000,""k_achieved"":6000,""alpha_target"":0.03,""alpha_achieved"":0.03,""notes"":""control_axis=1, core=[0.45,0.55], g=9.9999e-07, h=9e-06, delta=2.49998e-07, shuffle_strips=1, shuffle_r=0, k_overridden=0""}"
exp6_stripe__nr100000__ns100000__a3_000em02__g1,stripe,0.03,100000,100000,ours,enum_sampling,300000,2,3,1,489.41,6000,1,1,0,0,,0,"{""build_active_indices_ms"":5.466858,""build_events_ms"":42.104300,""build_ranks_ms"":40.105810,""build_y_domain_ms"":13.969535,""run_build_ms"":102.043266,""run_draw_ranks_ms"":27.602216,""run_enum_pass1_count_ms"":220.476606,""run_enum_pass2_select_ms"":92.092118,""run_enum_prepare_ms"":1.533939}",,"{""dataset"":{""source"":""synthetic"",""name"":""exp6_stripe__nr100000__ns100000__a3_000em02__g1"",""dim"":2,""path_r"":"""",""path_s"":"""",""synthetic"":{""generator"":""stripe"",""n_r"":100000,""n_s"":100000,""alpha"":0.03,""seed"":1}},""run"":{""method"":""ours"",""variant"":""enum_sampling"",""t"":300000,""seed"":1,""repeats"":3,""j_star"":1000000,""enum_cap"":0,""write_samples"":false,""verify"":false},""output"":{""out_dir"":""/home/dhy/PhD/SIGMOD-EXP/EXP-2/run/temp/exp6"",""run_tag"":""""},""sys"":{""threads"":1},""logging"":{""level"":""INFO"",""with_timestamp"":true,""with_thread_id"":false}}","{""generator"":""stripe_ctrl_alpha"",""dataset"":""exp6_stripe__nr100000__ns100000__a3_000em02__g1"",""n_r"":100000,""n_s"":100000,""has_exact_k"":true,""k_target"":6000,""k_achieved"":6000,""alpha_target"":0.03,""alpha_achieved"":0.03,""notes"":""control_axis=1, core=[0.45,0.55], g=9.9999e-07, h=9e-06, delta=2.49998e-07, shuffle_strips=1, shuffle_r=0, k_overridden=0""}"
exp6_stripe__nr100000__ns100000__a3_000em02__g1,stripe,0.03,100000,100000,ours,adaptive,300000,0,1,1,318.941,6000,1,1,0,0,enumerate_all,6000,"{""build_active_indices_ms"":5.595236,""build_events_ms"":34.828428,""build_ranks_ms"":40.111470,""build_y_domain_ms"":13.955316,""run_build_ms"":94.991389,""run_pilot_enum_prepare_ms"":1.553099,""run_pilot_enum_scan_ms"":221.296309,""run_small_join_sample_from_list_ms"":1.089298}",,"{""dataset"":{""source"":""synthetic"",""name"":""exp6_stripe__nr100000__ns100000__a3_000em02__g1"",""dim"":2,""path_r"":"""",""path_s"":"""",""synthetic"":{""generator"":""stripe"",""n_r"":100000,""n_s"":100000,""alpha"":0.03,""seed"":1}},""run"":{""method"":""ours"",""variant"":""adaptive"",""t"":300000,""seed"":1,""repeats"":3,""j_star"":1000000,""enum_cap"":0,""write_samples"":false,""verify"":false},""output"":{""out_dir"":""/home/dhy/PhD/SIGMOD-EXP/EXP-2/run/temp/exp6"",""run_tag"":""""},""sys"":{""threads"":1},""logging"":{""level"":""INFO"",""with_timestamp"":true,""with_thread_id"":false}}","{""generator"":""stripe_ctrl_alpha"",""dataset"":""exp6_stripe__nr100000__ns100000__a3_000em02__g1"",""n_r"":100000,""n_s"":100000,""has_exact_k"":true,""k_target"":6000,""k_achieved"":6000,""alpha_target"":0.03,""alpha_achieved"":0.03,""notes"":""control_axis=1, core=[0.45,0.55], g=9.9999e-07, h=9e-06, delta=2.49998e-07, shuffle_strips=1, shuffle_r=0, k_overridden=0""}"
exp6_stripe__nr100000__ns100000__a3_000em02__g1,stripe,0.03,100000,100000,ours,adaptive,300000,1,2,1,372.25,6000,1,1,0,0,enumerate_all,6000,"{""build_active_indices_ms"":5.489408,""build_events_ms"":42.228977,""build_ranks_ms"":40.085401,""build_y_domain_ms"":13.960245,""run_build_ms"":102.255942,""run_pilot_enum_prepare_ms"":1.555069,""run_pilot_enum_scan_ms"":224.719230,""run_small_join_sample_from_list_ms"":0.651677}",,"{""dataset"":{""source"":""synthetic"",""name"":""exp6_stripe__nr100000__ns100000__a3_000em02__g1"",""dim"":2,""path_r"":"""",""path_s"":"""",""synthetic"":{""generator"":""stripe"",""n_r"":100000,""n_s"":100000,""alpha"":0.03,""seed"":1}},""run"":{""method"":""ours"",""variant"":""adaptive"",""t"":300000,""seed"":1,""repeats"":3,""j_star"":1000000,""enum_cap"":0,""write_samples"":false,""verify"":false},""output"":{""out_dir"":""/home/dhy/PhD/SIGMOD-EXP/EXP-2/run/temp/exp6"",""run_tag"":""""},""sys"":{""threads"":1},""logging"":{""level"":""INFO"",""with_timestamp"":true,""with_thread_id"":false}}","{""generator"":""stripe_ctrl_alpha"",""dataset"":""exp6_stripe__nr100000__ns100000__a3_000em02__g1"",""n_r"":100000,""n_s"":100000,""has_exact_k"":true,""k_target"":6000,""k_achieved"":6000,""alpha_target"":0.03,""alpha_achieved"":0.03,""notes"":""control_axis=1, core=[0.45,0.55], g=9.9999e-07, h=9e-06, delta=2.49998e-07, shuffle_strips=1, shuffle_r=0, k_overridden=0""}"
exp6_stripe__nr100000__ns100000__a3_000em02__g1,stripe,0.03,100000,100000,ours,adaptive,300000,2,3,1,367.636,6000,1,1,0,0,enumerate_all,6000,"{""build_active_indices_ms"":5.475058,""build_events_ms"":42.239888,""build_ranks_ms"":40.081302,""build_y_domain_ms"":13.933675,""run_build_ms"":102.253972,""run_pilot_enum_prepare_ms"":1.532278,""run_pilot_enum_scan_ms"":220.147753,""run_small_join_sample_from_list_ms"":0.649867}",,"{""dataset"":{""source"":""synthetic"",""name"":""exp6_stripe__nr100000__ns100000__a3_000em02__g1"",""dim"":2,""path_r"":"""",""path_s"":"""",""synthetic"":{""generator"":""stripe"",""n_r"":100000,""n_s"":100000,""alpha"":0.03,""seed"":1}},""run"":{""method"":""ours"",""variant"":""adaptive"",""t"":300000,""seed"":1,""repeats"":3,""j_star"":1000000,""enum_cap"":0,""write_samples"":false,""verify"":false},""output"":{""out_dir"":""/home/dhy/PhD/SIGMOD-EXP/EXP-2/run/temp/exp6"",""run_tag"":""""},""sys"":{""threads"":1},""logging"":{""level"":""INFO"",""with_timestamp"":true,""with_thread_id"":false}}","{""generator"":""stripe_ctrl_alpha"",""dataset"":""exp6_stripe__nr100000__ns100000__a3_000em02__g1"",""n_r"":100000,""n_s"":100000,""has_exact_k"":true,""k_target"":6000,""k_achieved"":6000,""alpha_target"":0.03,""alpha_achieved"":0.03,""notes"":""control_axis=1, core=[0.45,0.55], g=9.9999e-07, h=9e-06, delta=2.49998e-07, shuffle_strips=1, shuffle_r=0, k_overridden=0""}"
exp6_stripe__nr100000__ns100000__a3_000em02__g1,stripe,0.03,100000,100000,ours,sampling,1000000,0,1,1,498.417,6000,1,0,0,0,,0,"{""build_active_indices_ms"":8.091295,""build_events_ms"":34.795659,""build_ranks_ms"":40.087961,""build_y_domain_ms"":13.959045,""phase1_count_ms"":224.546284,""phase2_plan_ms"":24.274985,""phase3_sample_ms"":151.868488,""run_build_ms"":97.448699,""run_count_ms"":224.550014,""run_sample_ms"":176.414426}",,"{""dataset"":{""source"":""synthetic"",""name"":""exp6_stripe__nr100000__ns100000__a3_000em02__g1"",""dim"":2,""path_r"":"""",""path_s"":"""",""synthetic"":{""generator"":""stripe"",""n_r"":100000,""n_s"":100000,""alpha"":0.03,""seed"":1}},""run"":{""method"":""ours"",""variant"":""sampling"",""t"":1000000,""seed"":1,""repeats"":3,""j_star"":1000000,""enum_cap"":0,""write_samples"":false,""verify"":false},""output"":{""out_dir"":""/home/dhy/PhD/SIGMOD-EXP/EXP-2/run/temp/exp6"",""run_tag"":""""},""sys"":{""threads"":1},""logging"":{""level"":""INFO"",""with_timestamp"":true,""with_thread_id"":false}}","{""generator"":""stripe_ctrl_alpha"",""dataset"":""exp6_stripe__nr100000__ns100000__a3_000em02__g1"",""n_r"":100000,""n_s"":100000,""has_exact_k"":true,""k_target"":6000,""k_achieved"":6000,""alpha_target"":0.03,""alpha_achieved"":0.03,""notes"":""control_axis=1, core=[0.45,0.55], g=9.9999e-07, h=9e-06, delta=2.49998e-07, shuffle_strips=1, shuffle_r=0, k_overridden=0""}"
exp6_stripe__nr100000__ns100000__a3_000em02__g1,stripe,0.03,100000,100000,ours,sampling,1000000,1,2,1,540.115,6000,1,0,0,0,,0,"{""build_active_indices_ms"":5.498227,""build_events_ms"":42.736367,""build_ranks_ms"":40.064552,""build_y_domain_ms"":13.944285,""phase1_count_ms"":221.799200,""phase2_plan_ms"":21.702986,""phase3_sample_ms"":150.883478,""run_build_ms"":102.737241,""run_count_ms"":221.802600,""run_sample_ms"":172.858269}",,"{""dataset"":{""source"":""synthetic"",""name"":""exp6_stripe__nr100000__ns100000__a3_000em02__g1"",""dim"":2,""path_r"":"""",""path_s"":"""",""synthetic"":{""generator"":""stripe"",""n_r"":100000,""n_s"":100000,""alpha"":0.03,""seed"":1}},""run"":{""method"":""ours"",""variant"":""sampling"",""t"":1000000,""seed"":1,""repeats"":3,""j_star"":1000000,""enum_cap"":0,""write_samples"":false,""verify"":false},""output"":{""out_dir"":""/home/dhy/PhD/SIGMOD-EXP/EXP-2/run/temp/exp6"",""run_tag"":""""},""sys"":{""threads"":1},""logging"":{""level"":""INFO"",""with_timestamp"":true,""with_thread_id"":false}}","{""generator"":""stripe_ctrl_alpha"",""dataset"":""exp6_stripe__nr100000__ns100000__a3_000em02__g1"",""n_r"":100000,""n_s"":100000,""has_exact_k"":true,""k_target"":6000,""k_achieved"":6000,""alpha_target"":0.03,""alpha_achieved"":0.03,""notes"":""control_axis=1, core=[0.45,0.55], g=9.9999e-07, h=9e-06, delta=2.49998e-07, shuffle_strips=1, shuffle_r=0, k_overridden=0""}"
exp6_stripe__nr100000__ns100000__a3_000em02__g1,stripe,0.03,100000,100000,ours,sampling,1000000,2,3,1,548.711,6000,1,0,0,0,,0,"{""build_active_indices_ms"":5.414799,""build_events_ms"":41.981682,""build_ranks_ms"":40.063122,""build_y_domain_ms"":13.954285,""phase1_count_ms"":225.803348,""phase2_plan_ms"":21.254245,""phase3_sample_ms"":150.950297,""run_build_ms"":101.916958,""run_count_ms"":225.807358,""run_sample_ms"":172.475676}",,"{""dataset"":{""source"":""synthetic"",""name"":""exp6_stripe__nr100000__ns100000__a3_000em02__g1"",""dim"":2,""path_r"":"""",""path_s"":"""",""synthetic"":{""generator"":""stripe"",""n_r"":100000,""n_s"":100000,""alpha"":0.03,""seed"":1}},""run"":{""method"":""ours"",""variant"":""sampling"",""t"":1000000,""seed"":1,""repeats"":3,""j_star"":1000000,""enum_cap"":0,""write_samples"":false,""verify"":false},""output"":{""out_dir"":""/home/dhy/PhD/SIGMOD-EXP/EXP-2/run/temp/exp6"",""run_tag"":""""},""sys"":{""threads"":1},""logging"":{""level"":""INFO"",""with_timestamp"":true,""with_thread_id"":false}}","{""generator"":""stripe_ctrl_alpha"",""dataset"":""exp6_stripe__nr100000__ns100000__a3_000em02__g1"",""n_r"":100000,""n_s"":100000,""has_exact_k"":true,""k_target"":6000,""k_achieved"":6000,""alpha_target"":0.03,""alpha_achieved"":0.03,""notes"":""control_axis=1, core=[0.45,0.55], g=9.9999e-07, h=9e-06, delta=2.49998e-07, shuffle_strips=1, shuffle_r=0, k_overridden=0""}"
exp6_stripe__nr100000__ns100000__a3_000em02__g1,stripe,0.03,100000,100000,ours,enum_sampling,1000000,0,1,1,520.11,6000,1,1,0,0,,0,"{""build_active_indices_ms"":8.082925,""build_events_ms"":34.893738,""build_ranks_ms"":40.084871,""build_y_domain_ms"":13.931655,""run_build_ms"":97.383361,""run_draw_ranks_ms"":99.295942,""run_enum_pass1_count_ms"":221.055564,""run_enum_pass2_select_ms"":96.068828,""run_enum_prepare_ms"":1.504130}",,"{""dataset"":{""source"":""synthetic"",""name"":""exp6_stripe__nr100000__ns100000__a3_000em02__g1"",""dim"":2,""path_r"":"""",""path_s"":"""",""synthetic"":{""generator"":""stripe"",""n_r"":100000,""n_s"":100000,""alpha"":0.03,""seed"":1}},""run"":{""method"":""ours"",""variant"":""enum_sampling"",""t"":1000000,""seed"":1,""repeats"":3,""j_star"":1000000,""enum_cap"":0,""write_samples"":false,""verify"":false},""output"":{""out_dir"":""/home/dhy/PhD/SIGMOD-EXP/EXP-2/run/temp/exp6"",""run_tag"":""""},""sys"":{""threads"":1},""logging"":{""level"":""INFO"",""with_timestamp"":true,""with_thread_id"":false}}","{""generator"":""stripe_ctrl_alpha"",""dataset"":""exp6_stripe__nr100000__ns100000__a3_000em02__g1"",""n_r"":100000,""n_s"":100000,""has_exact_k"":true,""k_target"":6000,""k_achieved"":6000,""alpha_target"":0.03,""alpha_achieved"":0.03,""notes"":""control_axis=1, core=[0.45,0.55], g=9.9999e-07, h=9e-06, delta=2.49998e-07, shuffle_strips=1, shuffle_r=0, k_overridden=0""}"
exp6_stripe__nr100000__ns100000__a3_000em02__g1,stripe,0.03,100000,100000,ours,enum_sampling,1000000,1,2,1,565.9,6000,1,1,0,0,,0,"{""build_active_indices_ms"":5.473228,""build_events_ms"":42.612890,""build_ranks_ms"":40.121171,""build_y_domain_ms"":14.026623,""run_build_ms"":102.620475,""run_draw_ranks_ms"":99.025818,""run_enum_pass1_count_ms"":222.022015,""run_enum_pass2_select_ms"":95.941271,""run_enum_prepare_ms"":1.532739}",,"{""dataset"":{""source"":""synthetic"",""name"":""exp6_stripe__nr100000__ns100000__a3_000em02__g1"",""dim"":2,""path_r"":"""",""path_s"":"""",""synthetic"":{""generator"":""stripe"",""n_r"":100000,""n_s"":100000,""alpha"":0.03,""seed"":1}},""run"":{""method"":""ours"",""variant"":""enum_sampling"",""t"":1000000,""seed"":1,""repeats"":3,""j_star"":1000000,""enum_cap"":0,""write_samples"":false,""verify"":false},""output"":{""out_dir"":""/home/dhy/PhD/SIGMOD-EXP/EXP-2/run/temp/exp6"",""run_tag"":""""},""sys"":{""threads"":1},""logging"":{""level"":""INFO"",""with_timestamp"":true,""with_thread_id"":false}}","{""generator"":""stripe_ctrl_alpha"",""dataset"":""exp6_stripe__nr100000__ns100000__a3_000em02__g1"",""n_r"":100000,""n_s"":100000,""has_exact_k"":true,""k_target"":6000,""k_achieved"":6000,""alpha_target"":0.03,""alpha_achieved"":0.03,""notes"":""control_axis=1, core=[0.45,0.55], g=9.9999e-07, h=9e-06, delta=2.49998e-07, shuffle_strips=1, shuffle_r=0, k_overridden=0""}"
exp6_stripe__nr100000__ns100000__a3_000em02__g1,stripe,0.03,100000,100000,ours,enum_sampling,1000000,2,3,1,569.124,6000,1,1,0,0,,0,"{""build_active_indices_ms"":5.427570,""build_events_ms"":43.267096,""build_ranks_ms"":40.070591,""build_y_domain_ms"":13.970215,""run_build_ms"":103.126494,""run_draw_ranks_ms"":99.203984,""run_enum_pass1_count_ms"":221.246861,""run_enum_pass2_select_ms"":95.724785,""run_enum_prepare_ms"":1.517519}",,"{""dataset"":{""source"":""synthetic"",""name"":""exp6_stripe__nr100000__ns100000__a3_000em02__g1"",""dim"":2,""path_r"":"""",""path_s"":"""",""synthetic"":{""generator"":""stripe"",""n_r"":100000,""n_s"":100000,""alpha"":0.03,""seed"":1}},""run"":{""method"":""ours"",""variant"":""enum_sampling"",""t"":1000000,""seed"":1,""repeats"":3,""j_star"":1000000,""enum_cap"":0,""write_samples"":false,""verify"":false},""output"":{""out_dir"":""/home/dhy/PhD/SIGMOD-EXP/EXP-2/run/temp/exp6"",""run_tag"":""""},""sys"":{""threads"":1},""logging"":{""level"":""INFO"",""with_timestamp"":true,""with_thread_id"":false}}","{""generator"":""stripe_ctrl_alpha"",""dataset"":""exp6_stripe__nr100000__ns100000__a3_000em02__g1"",""n_r"":100000,""n_s"":100000,""has_exact_k"":true,""k_target"":6000,""k_achieved"":6000,""alpha_target"":0.03,""alpha_achieved"":0.03,""notes"":""control_axis=1, core=[0.45,0.55], g=9.9999e-07, h=9e-06, delta=2.49998e-07, shuffle_strips=1, shuffle_r=0, k_overridden=0""}"
exp6_stripe__nr100000__ns100000__a3_000em02__g1,stripe,0.03,100000,100000,ours,adaptive,1000000,0,1,1,327.399,6000,1,1,0,0,enumerate_all,6000,"{""build_active_indices_ms"":8.100624,""build_events_ms"":34.810539,""build_ranks_ms"":41.196858,""build_y_domain_ms"":13.930755,""run_build_ms"":98.543307,""run_pilot_enum_prepare_ms"":1.529069,""run_pilot_enum_scan_ms"":223.772310,""run_small_join_sample_from_list_ms"":3.532138}",,"{""dataset"":{""source"":""synthetic"",""name"":""exp6_stripe__nr100000__ns100000__a3_000em02__g1"",""dim"":2,""path_r"":"""",""path_s"":"""",""synthetic"":{""generator"":""stripe"",""n_r"":100000,""n_s"":100000,""alpha"":0.03,""seed"":1}},""run"":{""method"":""ours"",""variant"":""adaptive"",""t"":1000000,""seed"":1,""repeats"":3,""j_star"":1000000,""enum_cap"":0,""write_samples"":false,""verify"":false},""output"":{""out_dir"":""/home/dhy/PhD/SIGMOD-EXP/EXP-2/run/temp/exp6"",""run_tag"":""""},""sys"":{""threads"":1},""logging"":{""level"":""INFO"",""with_timestamp"":true,""with_thread_id"":false}}","{""generator"":""stripe_ctrl_alpha"",""dataset"":""exp6_stripe__nr100000__ns100000__a3_000em02__g1"",""n_r"":100000,""n_s"":100000,""has_exact_k"":true,""k_target"":6000,""k_achieved"":6000,""alpha_target"":0.03,""alpha_achieved"":0.03,""notes"":""control_axis=1, core=[0.45,0.55], g=9.9999e-07, h=9e-06, delta=2.49998e-07, shuffle_strips=1, shuffle_r=0, k_overridden=0""}"
exp6_stripe__nr100000__ns100000__a3_000em02__g1,stripe,0.03,100000,100000,ours,adaptive,1000000,1,2,1,372.403,6000,1,1,0,0,enumerate_all,6000,"{""build_active_indices_ms"":5.499188,""build_events_ms"":43.634039,""build_ranks_ms"":40.034881,""build_y_domain_ms"":13.953676,""run_build_ms"":103.628244,""run_pilot_enum_prepare_ms"":1.508010,""run_pilot_enum_scan_ms"":221.100654,""run_small_join_sample_from_list_ms"":2.172085}",,"{""dataset"":{""source"":""synthetic"",""name"":""exp6_stripe__nr100000__ns100000__a3_000em02__g1"",""dim"":2,""path_r"":"""",""path_s"":"""",""synthetic"":{""generator"":""stripe"",""n_r"":100000,""n_s"":100000,""alpha"":0.03,""seed"":1}},""run"":{""method"":""ours"",""variant"":""adaptive"",""t"":1000000,""seed"":1,""repeats"":3,""j_star"":1000000,""enum_cap"":0,""write_samples"":false,""verify"":false},""output"":{""out_dir"":""/home/dhy/PhD/SIGMOD-EXP/EXP-2/run/temp/exp6"",""run_tag"":""""},""sys"":{""threads"":1},""logging"":{""level"":""INFO"",""with_timestamp"":true,""with_thread_id"":false}}","{""generator"":""stripe_ctrl_alpha"",""dataset"":""exp6_stripe__nr100000__ns100000__a3_000em02__g1"",""n_r"":100000,""n_s"":100000,""has_exact_k"":true,""k_target"":6000,""k_achieved"":6000,""alpha_target"":0.03,""alpha_achieved"":0.03,""notes"":""control_axis=1, core=[0.45,0.55], g=9.9999e-07, h=9e-06, delta=2.49998e-07, shuffle_strips=1, shuffle_r=0, k_overridden=0""}"
exp6_stripe__nr100000__ns100000__a3_000em02__g1,stripe,0.03,100000,100000,ours,adaptive,1000000,2,3,1,372.151,6000,1,1,0,0,enumerate_all,6000,"{""build_active_indices_ms"":5.515297,""build_events_ms"":42.163649,""build_ranks_ms"":40.046332,""build_y_domain_ms"":13.949115,""run_build_ms"":102.168273,""run_pilot_enum_prepare_ms"":1.523859,""run_pilot_enum_scan_ms"":221.209032,""run_small_join_sample_from_list_ms"":3.454310}",,"{""dataset"":{""source"":""synthetic"",""name"":""exp6_stripe__nr100000__ns100000__a3_000em02__g1"",""dim"":2,""path_r"":"""",""path_s"":"""",""synthetic"":{""generator"":""stripe"",""n_r"":100000,""n_s"":100000,""alpha"":0.03,""seed"":1}},""run"":{""method"":""ours"",""variant"":""adaptive"",""t"":1000000,""seed"":1,""repeats"":3,""j_star"":1000000,""enum_cap"":0,""write_samples"":false,""verify"":false},""output"":{""out_dir"":""/home/dhy/PhD/SIGMOD-EXP/EXP-2/run/temp/exp6"",""run_tag"":""""},""sys"":{""threads"":1},""logging"":{""level"":""INFO"",""with_timestamp"":true,""with_thread_id"":false}}","{""generator"":""stripe_ctrl_alpha"",""dataset"":""exp6_stripe__nr100000__ns100000__a3_000em02__g1"",""n_r"":100000,""n_s"":100000,""has_exact_k"":true,""k_target"":6000,""k_achieved"":6000,""alpha_target"":0.03,""alpha_achieved"":0.03,""notes"":""control_axis=1, core=[0.45,0.55], g=9.9999e-07, h=9e-06, delta=2.49998e-07, shuffle_strips=1, shuffle_r=0, k_overridden=0""}"
exp6_stripe__nr100000__ns100000__a1_000em01__g1,stripe,0.1,100000,100000,ours,sampling,1000,0,1,1,459.906,20000,1,0,0,0,,0,"{""build_active_indices_ms"":8.093584,""build_events_ms"":34.874968,""build_ranks_ms"":39.987733,""build_y_domain_ms"":13.993354,""phase1_count_ms"":222.721501,""phase2_plan_ms"":5.183314,""phase3_sample_ms"":134.534442,""run_build_ms"":97.454350,""run_count_ms"":222.724521,""run_sample_ms"":139.723066}",,"{""dataset"":{""source"":""synthetic"",""name"":""exp6_stripe__nr100000__ns100000__a1_000em01__g1"",""dim"":2,""path_r"":"""",""path_s"":"""",""synthetic"":{""generator"":""stripe"",""n_r"":100000,""n_s"":100000,""alpha"":0.1,""seed"":1}},""run"":{""method"":""ours"",""variant"":""sampling"",""t"":1000,""seed"":1,""repeats"":3,""j_star"":1000000,""enum_cap"":0,""write_samples"":false,""verify"":false},""output"":{""out_dir"":""/home/dhy/PhD/SIGMOD-EXP/EXP-2/run/temp/exp6"",""run_tag"":""""},""sys"":{""threads"":1},""logging"":{""level"":""INFO"",""with_timestamp"":true,""with_thread_id"":false}}","{""generator"":""stripe_ctrl_alpha"",""dataset"":""exp6_stripe__nr100000__ns100000__a1_000em01__g1"",""n_r"":100000,""n_s"":100000,""has_exact_k"":true,""k_target"":20000,""k_achieved"":20000,""alpha_target"":0.1,""alpha_achieved"":0.1,""notes"":""control_axis=1, core=[0.45,0.55], g=9.9999e-07, h=9e-06, delta=2.49998e-07, shuffle_strips=1, shuffle_r=0, k_overridden=0""}"
exp6_stripe__nr100000__ns100000__a1_000em01__g1,stripe,0.1,100000,100000,ours,sampling,1000,1,2,1,512.257,20000,1,0,0,0,,0,"{""build_active_indices_ms"":5.498287,""build_events_ms"":42.655559,""build_ranks_ms"":39.966654,""build_y_domain_ms"":14.022464,""phase1_count_ms"":222.818269,""phase2_plan_ms"":3.796452,""phase3_sample_ms"":136.625940,""run_build_ms"":102.646413,""run_count_ms"":222.821579,""run_sample_ms"":140.428452}",,"{""dataset"":{""source"":""synthetic"",""name"":""exp6_stripe__nr100000__ns100000__a1_000em01__g1"",""dim"":2,""path_r"":"""",""path_s"":"""",""synthetic"":{""generator"":""stripe"",""n_r"":100000,""n_s"":100000,""alpha"":0.1,""seed"":1}},""run"":{""method"":""ours"",""variant"":""sampling"",""t"":1000,""seed"":1,""repeats"":3,""j_star"":1000000,""enum_cap"":0,""write_samples"":false,""verify"":false},""output"":{""out_dir"":""/home/dhy/PhD/SIGMOD-EXP/EXP-2/run/temp/exp6"",""run_tag"":""""},""sys"":{""threads"":1},""logging"":{""level"":""INFO"",""with_timestamp"":true,""with_thread_id"":false}}","{""generator"":""stripe_ctrl_alpha"",""dataset"":""exp6_stripe__nr100000__ns100000__a1_000em01__g1"",""n_r"":100000,""n_s"":100000,""has_exact_k"":true,""k_target"":20000,""k_achieved"":20000,""alpha_target"":0.1,""alpha_achieved"":0.1,""notes"":""control_axis=1, core=[0.45,0.55], g=9.9999e-07, h=9e-06, delta=2.49998e-07, shuffle_strips=1, shuffle_r=0, k_overridden=0""}"
exp6_stripe__nr100000__ns100000__a1_000em01__g1,stripe,0.1,100000,100000,ours,sampling,1000,2,3,1,506.337,20000,1,0,0,0,,0,"{""build_active_indices_ms"":5.485588,""build_events_ms"":42.086541,""build_ranks_ms"":40.001584,""build_y_domain_ms"":14.023434,""phase1_count_ms"":220.886308,""phase2_plan_ms"":3.766733,""phase3_sample_ms"":134.867536,""run_build_ms"":102.089475,""run_count_ms"":220.889528,""run_sample_ms"":138.641328}",,"{""dataset"":{""source"":""synthetic"",""name"":""exp6_stripe__nr100000__ns100000__a1_000em01__g1"",""dim"":2,""path_r"":"""",""path_s"":"""",""synthetic"":{""generator"":""stripe"",""n_r"":100000,""n_s"":100000,""alpha"":0.1,""seed"":1}},""run"":{""method"":""ours"",""variant"":""sampling"",""t"":1000,""seed"":1,""repeats"":3,""j_star"":1000000,""enum_cap"":0,""write_samples"":false,""verify"":false},""output"":{""out_dir"":""/home/dhy/PhD/SIGMOD-EXP/EXP-2/run/temp/exp6"",""run_tag"":""""},""sys"":{""threads"":1},""logging"":{""level"":""INFO"",""with_timestamp"":true,""with_thread_id"":false}}","{""generator"":""stripe_ctrl_alpha"",""dataset"":""exp6_stripe__nr100000__ns100000__a1_000em01__g1"",""n_r"":100000,""n_s"":100000,""has_exact_k"":true,""k_target"":20000,""k_achieved"":20000,""alpha_target"":0.1,""alpha_achieved"":0.1,""notes"":""control_axis=1, core=[0.45,0.55], g=9.9999e-07, h=9e-06, delta=2.49998e-07, shuffle_strips=1, shuffle_r=0, k_overridden=0""}"
exp6_stripe__nr100000__ns100000__a1_000em01__g1,stripe,0.1,100000,100000,ours,enum_sampling,1000,0,1,1,409.123,20000,1,1,0,0,,0,"{""build_active_indices_ms"":5.586036,""build_events_ms"":34.839098,""build_ranks_ms"":40.057152,""build_y_domain_ms"":13.976235,""run_build_ms"":94.847983,""run_draw_ranks_ms"":0.047909,""run_enum_pass1_count_ms"":220.563436,""run_enum_pass2_select_ms"":92.118208,""run_enum_prepare_ms"":1.529238}",,"{""dataset"":{""source"":""synthetic"",""name"":""exp6_stripe__nr100000__ns100000__a1_000em01__g1"",""dim"":2,""path_r"":"""",""path_s"":"""",""synthetic"":{""generator"":""stripe"",""n_r"":100000,""n_s"":100000,""alpha"":0.1,""seed"":1}},""run"":{""method"":""ours"",""variant"":""enum_sampling"",""t"":1000,""seed"":1,""repeats"":3,""j_star"":1000000,""enum_cap"":0,""write_samples"":false,""verify"":false},""output"":{""out_dir"":""/home/dhy/PhD/SIGMOD-EXP/EXP-2/run/temp/exp6"",""run_tag"":""""},""sys"":{""threads"":1},""logging"":{""level"":""INFO"",""with_timestamp"":true,""with_thread_id"":false}}","{""generator"":""stripe_ctrl_alpha"",""dataset"":""exp6_stripe__nr100000__ns100000__a1_000em01__g1"",""n_r"":100000,""n_s"":100000,""has_exact_k"":true,""k_target"":20000,""k_achieved"":20000,""alpha_target"":0.1,""alpha_achieved"":0.1,""notes"":""control_axis=1, core=[0.45,0.55], g=9.9999e-07, h=9e-06, delta=2.49998e-07, shuffle_strips=1, shuffle_r=0, k_overridden=0""}"
exp6_stripe__nr100000__ns100000__a1_000em01__g1,stripe,0.1,100000,100000,ours,enum_sampling,1000,1,2,1,464.855,20000,1,1,0,0,,0,"{""build_active_indices_ms"":5.501238,""build_events_ms"":42.046750,""build_ranks_ms"":40.033322,""build_y_domain_ms"":14.010594,""run_build_ms"":101.980827,""run_draw_ranks_ms"":0.047699,""run_enum_pass1_count_ms"":220.784740,""run_enum_pass2_select_ms"":91.290765,""run_enum_prepare_ms"":1.525859}",,"{""dataset"":{""source"":""synthetic"",""name"":""exp6_stripe__nr100000__ns100000__a1_000em01__g1"",""dim"":2,""path_r"":"""",""path_s"":"""",""synthetic"":{""generator"":""stripe"",""n_r"":100000,""n_s"":100000,""alpha"":0.1,""seed"":1}},""run"":{""method"":""ours"",""variant"":""enum_sampling"",""t"":1000,""seed"":1,""repeats"":3,""j_star"":1000000,""enum_cap"":0,""write_samples"":false,""verify"":false},""output"":{""out_dir"":""/home/dhy/PhD/SIGMOD-EXP/EXP-2/run/temp/exp6"",""run_tag"":""""},""sys"":{""threads"":1},""logging"":{""level"":""INFO"",""with_timestamp"":true,""with_thread_id"":false}}","{""generator"":""stripe_ctrl_alpha"",""dataset"":""exp6_stripe__nr100000__ns100000__a1_000em01__g1"",""n_r"":100000,""n_s"":100000,""has_exact_k"":true,""k_target"":20000,""k_achieved"":20000,""alpha_target"":0.1,""alpha_achieved"":0.1,""notes"":""control_axis=1, core=[0.45,0.55], g=9.9999e-07, h=9e-06, delta=2.49998e-07, shuffle_strips=1, shuffle_r=0, k_overridden=0""}"
exp6_stripe__nr100000__ns100000__a1_000em01__g1,stripe,0.1,100000,100000,ours,enum_sampling,1000,2,3,1,459.416,20000,1,1,0,0,,0,"{""build_active_indices_ms"":5.475438,""build_events_ms"":42.094920,""build_ranks_ms"":40.063142,""build_y_domain_ms"":13.999014,""run_build_ms"":102.020676,""run_draw_ranks_ms"":0.046989,""run_enum_pass1_count_ms"":220.447988,""run_enum_pass2_select_ms"":91.533170,""run_enum_prepare_ms"":1.536129}",,"{""dataset"":{""source"":""synthetic"",""name"":""exp6_stripe__nr100000__ns100000__a1_000em01__g1"",""dim"":2,""path_r"":"""",""path_s"":"""",""synthetic"":{""generator"":""stripe"",""n_r"":100000,""n_s"":100000,""alpha"":0.1,""seed"":1}},""run"":{""method"":""ours"",""variant"":""enum_sampling"",""t"":1000,""seed"":1,""repeats"":3,""j_star"":1000000,""enum_cap"":0,""write_samples"":false,""verify"":false},""output"":{""out_dir"":""/home/dhy/PhD/SIGMOD-EXP/EXP-2/run/temp/exp6"",""run_tag"":""""},""sys"":{""threads"":1},""logging"":{""level"":""INFO"",""with_timestamp"":true,""with_thread_id"":false}}","{""generator"":""stripe_ctrl_alpha"",""dataset"":""exp6_stripe__nr100000__ns100000__a1_000em01__g1"",""n_r"":100000,""n_s"":100000,""has_exact_k"":true,""k_target"":20000,""k_achieved"":20000,""alpha_target"":0.1,""alpha_achieved"":0.1,""notes"":""control_axis=1, core=[0.45,0.55], g=9.9999e-07, h=9e-06, delta=2.49998e-07, shuffle_strips=1, shuffle_r=0, k_overridden=0""}"
exp6_stripe__nr100000__ns100000__a1_000em01__g1,stripe,0.1,100000,100000,ours,adaptive,1000,0,1,1,319.266,20000,1,1,0,0,enumerate_all,20000,"{""build_active_indices_ms"":5.588016,""build_events_ms"":34.875978,""build_ranks_ms"":41.342846,""build_y_domain_ms"":14.047322,""run_build_ms"":96.369041,""run_pilot_enum_prepare_ms"":1.519860,""run_pilot_enum_scan_ms"":221.349810,""run_small_join_sample_from_list_ms"":0.014550}",,"{""dataset"":{""source"":""synthetic"",""name"":""exp6_stripe__nr100000__ns100000__a1_000em01__g1"",""dim"":2,""path_r"":"""",""path_s"":"""",""synthetic"":{""generator"":""stripe"",""n_r"":100000,""n_s"":100000,""alpha"":0.1,""seed"":1}},""run"":{""method"":""ours"",""variant"":""adaptive"",""t"":1000,""seed"":1,""repeats"":3,""j_star"":1000000,""enum_cap"":0,""write_samples"":false,""verify"":false},""output"":{""out_dir"":""/home/dhy/PhD/SIGMOD-EXP/EXP-2/run/temp/exp6"",""run_tag"":""""},""sys"":{""threads"":1},""logging"":{""level"":""INFO"",""with_timestamp"":true,""with_thread_id"":false}}","{""generator"":""stripe_ctrl_alpha"",""dataset"":""exp6_stripe__nr100000__ns100000__a1_000em01__g1"",""n_r"":100000,""n_s"":100000,""has_exact_k"":true,""k_target"":20000,""k_achieved"":20000,""alpha_target"":0.1,""alpha_achieved"":0.1,""notes"":""control_axis=1, core=[0.45,0.55], g=9.9999e-07, h=9e-06, delta=2.49998e-07, shuffle_strips=1, shuffle_r=0, k_overridden=0""}"
exp6_stripe__nr100000__ns100000__a1_000em01__g1,stripe,0.1,100000,100000,ours,adaptive,1000,1,2,1,366.277,20000,1,1,0,0,enumerate_all,20000,"{""build_active_indices_ms"":5.477778,""build_events_ms"":42.067221,""build_ranks_ms"":40.049672,""build_y_domain_ms"":14.009214,""run_build_ms"":102.111595,""run_pilot_enum_prepare_ms"":1.530109,""run_pilot_enum_scan_ms"":219.884890,""run_small_join_sample_from_list_ms"":0.014230}",,"{""dataset"":{""source"":""synthetic"",""name"":""exp6_stripe__nr100000__ns100000__a1_000em01__g1"",""dim"":2,""path_r"":"""",""path_s"":"""",""synthetic"":{""generator"":""stripe"",""n_r"":100000,""n_s"":100000,""alpha"":0.1,""seed"":1}},""run"":{""method"":""ours"",""variant"":""adaptive"",""t"":1000,""seed"":1,""repeats"":3,""j_star"":1000000,""enum_cap"":0,""write_samples"":false,""verify"":false},""output"":{""out_dir"":""/home/dhy/PhD/SIGMOD-EXP/EXP-2/run/temp/exp6"",""run_tag"":""""},""sys"":{""threads"":1},""logging"":{""level"":""INFO"",""with_timestamp"":true,""with_thread_id"":false}}","{""generator"":""stripe_ctrl_alpha"",""dataset"":""exp6_stripe__nr100000__ns100000__a1_000em01__g1"",""n_r"":100000,""n_s"":100000,""has_exact_k"":true,""k_target"":20000,""k_achieved"":20000,""alpha_target"":0.1,""alpha_achieved"":0.1,""notes"":""control_axis=1, core=[0.45,0.55], g=9.9999e-07, h=9e-06, delta=2.49998e-07, shuffle_strips=1, shuffle_r=0, k_overridden=0""}"
exp6_stripe__nr100000__ns100000__a1_000em01__g1,stripe,0.1,100000,100000,ours,adaptive,1000,2,3,1,367.605,20000,1,1,0,0,enumerate_all,20000,"{""build_active_indices_ms"":5.507527,""build_events_ms"":42.117670,""build_ranks_ms"":40.048322,""build_y_domain_ms"":14.003664,""run_build_ms"":102.173303,""run_pilot_enum_prepare_ms"":1.532949,""run_pilot_enum_scan_ms"":220.853540,""run_small_join_sample_from_list_ms"":0.014119}",,"{""dataset"":{""source"":""synthetic"",""name"":""exp6_stripe__nr100000__ns100000__a1_000em01__g1"",""dim"":2,""path_r"":"""",""path_s"":"""",""synthetic"":{""generator"":""stripe"",""n_r"":100000,""n_s"":100000,""alpha"":0.1,""seed"":1}},""run"":{""method"":""ours"",""variant"":""adaptive"",""t"":1000,""seed"":1,""repeats"":3,""j_star"":1000000,""enum_cap"":0,""write_samples"":false,""verify"":false},""output"":{""out_dir"":""/home/dhy/PhD/SIGMOD-EXP/EXP-2/run/temp/exp6"",""run_tag"":""""},""sys"":{""threads"":1},""logging"":{""level"":""INFO"",""with_timestamp"":true,""with_thread_id"":false}}","{""generator"":""stripe_ctrl_alpha"",""dataset"":""exp6_stripe__nr100000__ns100000__a1_000em01__g1"",""n_r"":100000,""n_s"":100000,""has_exact_k"":true,""k_target"":20000,""k_achieved"":20000,""alpha_target"":0.1,""alpha_achieved"":0.1,""notes"":""control_axis=1, core=[0.45,0.55], g=9.9999e-07, h=9e-06, delta=2.49998e-07, shuffle_strips=1, shuffle_r=0, k_overridden=0""}"
exp6_stripe__nr100000__ns100000__a1_000em01__g1,stripe,0.1,100000,100000,ours,sampling,3000,0,1,1,461.201,20000,1,0,0,0,,0,"{""build_active_indices_ms"":7.129715,""build_events_ms"":34.843048,""build_ranks_ms"":40.025533,""build_y_domain_ms"":14.007384,""phase1_count_ms"":224.941926,""phase2_plan_ms"":5.262813,""phase3_sample_ms"":134.457513,""run_build_ms"":96.523109,""run_count_ms"":224.945076,""run_sample_ms"":139.728316}",,"{""dataset"":{""source"":""synthetic"",""name"":""exp6_stripe__nr100000__ns100000__a1_000em01__g1"",""dim"":2,""path_r"":"""",""path_s"":"""",""synthetic"":{""generator"":""stripe"",""n_r"":100000,""n_s"":100000,""alpha"":0.1,""seed"":1}},""run"":{""method"":""ours"",""variant"":""sampling"",""t"":3000,""seed"":1,""repeats"":3,""j_star"":1000000,""enum_cap"":0,""write_samples"":false,""verify"":false},""output"":{""out_dir"":""/home/dhy/PhD/SIGMOD-EXP/EXP-2/run/temp/exp6"",""run_tag"":""""},""sys"":{""threads"":1},""logging"":{""level"":""INFO"",""with_timestamp"":true,""with_thread_id"":false}}","{""generator"":""stripe_ctrl_alpha"",""dataset"":""exp6_stripe__nr100000__ns100000__a1_000em01__g1"",""n_r"":100000,""n_s"":100000,""has_exact_k"":true,""k_target"":20000,""k_achieved"":20000,""alpha_target"":0.1,""alpha_achieved"":0.1,""notes"":""control_axis=1, core=[0.45,0.55], g=9.9999e-07, h=9e-06, delta=2.49998e-07, shuffle_strips=1, shuffle_r=0, k_overridden=0""}"
exp6_stripe__nr100000__ns100000__a1_000em01__g1,stripe,0.1,100000,100000,ours,sampling,3000,1,2,1,507.948,20000,1,0,0,0,,0,"{""build_active_indices_ms"":5.508168,""build_events_ms"":42.383194,""build_ranks_ms"":40.052481,""build_y_domain_ms"":14.002464,""phase1_count_ms"":220.481047,""phase2_plan_ms"":3.860581,""phase3_sample_ms"":136.013073,""run_build_ms"":102.441597,""run_count_ms"":220.483918,""run_sample_ms"":139.881674}",,"{""dataset"":{""source"":""synthetic"",""name"":""exp6_stripe__nr100000__ns100000__a1_000em01__g1"",""dim"":2,""path_r"":"""",""path_s"":"""",""synthetic"":{""generator"":""stripe"",""n_r"":100000,""n_s"":100000,""alpha"":0.1,""seed"":1}},""run"":{""method"":""ours"",""variant"":""sampling"",""t"":3000,""seed"":1,""repeats"":3,""j_star"":1000000,""enum_cap"":0,""write_samples"":false,""verify"":false},""output"":{""out_dir"":""/home/dhy/PhD/SIGMOD-EXP/EXP-2/run/temp/exp6"",""run_tag"":""""},""sys"":{""threads"":1},""logging"":{""level"":""INFO"",""with_timestamp"":true,""with_thread_id"":false}}","{""generator"":""stripe_ctrl_alpha"",""dataset"":""exp6_stripe__nr100000__ns100000__a1_000em01__g1"",""n_r"":100000,""n_s"":100000,""has_exact_k"":true,""k_target"":20000,""k_achieved"":20000,""alpha_target"":0.1,""alpha_achieved"":0.1,""notes"":""control_axis=1, core=[0.45,0.55], g=9.9999e-07, h=9e-06, delta=2.49998e-07, shuffle_strips=1, shuffle_r=0, k_overridden=0""}"
exp6_stripe__nr100000__ns100000__a1_000em01__g1,stripe,0.1,100000,100000,ours,sampling,3000,2,3,1,506.442,20000,1,0,0,0,,0,"{""build_active_indices_ms"":5.505308,""build_events_ms"":42.244388,""build_ranks_ms"":40.004613,""build_y_domain_ms"":14.013354,""phase1_count_ms"":220.834970,""phase2_plan_ms"":3.889421,""phase3_sample_ms"":134.854056,""run_build_ms"":102.271712,""run_count_ms"":220.839060,""run_sample_ms"":138.752147}",,"{""dataset"":{""source"":""synthetic"",""name"":""exp6_stripe__nr100000__ns100000__a1_000em01__g1"",""dim"":2,""path_r"":"""",""path_s"":"""",""synthetic"":{""generator"":""stripe"",""n_r"":100000,""n_s"":100000,""alpha"":0.1,""seed"":1}},""run"":{""method"":""ours"",""variant"":""sampling"",""t"":3000,""seed"":1,""repeats"":3,""j_star"":1000000,""enum_cap"":0,""write_samples"":false,""verify"":false},""output"":{""out_dir"":""/home/dhy/PhD/SIGMOD-EXP/EXP-2/run/temp/exp6"",""run_tag"":""""},""sys"":{""threads"":1},""logging"":{""level"":""INFO"",""with_timestamp"":true,""with_thread_id"":false}}","{""generator"":""stripe_ctrl_alpha"",""dataset"":""exp6_stripe__nr100000__ns100000__a1_000em01__g1"",""n_r"":100000,""n_s"":100000,""has_exact_k"":true,""k_target"":20000,""k_achieved"":20000,""alpha_target"":0.1,""alpha_achieved"":0.1,""notes"":""control_axis=1, core=[0.45,0.55], g=9.9999e-07, h=9e-06, delta=2.49998e-07, shuffle_strips=1, shuffle_r=0, k_overridden=0""}"
exp6_stripe__nr100000__ns100000__a1_000em01__g1,stripe,0.1,100000,100000,ours,enum_sampling,3000,0,1,1,409.975,20000,1,1,0,0,,0,"{""build_active_indices_ms"":5.591366,""build_events_ms"":34.854999,""build_ranks_ms"":39.994344,""build_y_domain_ms"":14.011603,""run_build_ms"":94.842393,""run_draw_ranks_ms"":0.163597,""run_enum_pass1_count_ms"":221.055396,""run_enum_pass2_select_ms"":92.373204,""run_enum_prepare_ms"":1.522849}",,"{""dataset"":{""source"":""synthetic"",""name"":""exp6_stripe__nr100000__ns100000__a1_000em01__g1"",""dim"":2,""path_r"":"""",""path_s"":"""",""synthetic"":{""generator"":""stripe"",""n_r"":100000,""n_s"":100000,""alpha"":0.1,""seed"":1}},""run"":{""method"":""ours"",""variant"":""enum_sampling"",""t"":3000,""seed"":1,""repeats"":3,""j_star"":1000000,""enum_cap"":0,""write_samples"":false,""verify"":false},""output"":{""out_dir"":""/home/dhy/PhD/SIGMOD-EXP/EXP-2/run/temp/exp6"",""run_tag"":""""},""sys"":{""threads"":1},""logging"":{""level"":""INFO"",""with_timestamp"":true,""with_thread_id"":false}}","{""generator"":""stripe_ctrl_alpha"",""dataset"":""exp6_stripe__nr100000__ns100000__a1_000em01__g1"",""n_r"":100000,""n_s"":100000,""has_exact_k"":true,""k_target"":20000,""k_achieved"":20000,""alpha_target"":0.1,""alpha_achieved"":0.1,""notes"":""control_axis=1, core=[0.45,0.55], g=9.9999e-07, h=9e-06, delta=2.49998e-07, shuffle_strips=1, shuffle_r=0, k_overridden=0""}"
exp6_stripe__nr100000__ns100000__a1_000em01__g1,stripe,0.1,100000,100000,ours,enum_sampling,3000,1,2,1,463.928,20000,1,1,0,0,,0,"{""build_active_indices_ms"":5.487288,""build_events_ms"":42.373474,""build_ranks_ms"":40.022853,""build_y_domain_ms"":14.014554,""run_build_ms"":102.285901,""run_draw_ranks_ms"":0.159196,""run_enum_pass1_count_ms"":220.464978,""run_enum_pass2_select_ms"":92.725277,""run_enum_prepare_ms"":1.498479}",,"{""dataset"":{""source"":""synthetic"",""name"":""exp6_stripe__nr100000__ns100000__a1_000em01__g1"",""dim"":2,""path_r"":"""",""path_s"":"""",""synthetic"":{""generator"":""stripe"",""n_r"":100000,""n_s"":100000,""alpha"":0.1,""seed"":1}},""run"":{""method"":""ours"",""variant"":""enum_sampling"",""t"":3000,""seed"":1,""repeats"":3,""j_star"":1000000,""enum_cap"":0,""write_samples"":false,""verify"":false},""output"":{""out_dir"":""/home/dhy/PhD/SIGMOD-EXP/EXP-2/run/temp/exp6"",""run_tag"":""""},""sys"":{""threads"":1},""logging"":{""level"":""INFO"",""with_timestamp"":true,""with_thread_id"":false}}","{""generator"":""stripe_ctrl_alpha"",""dataset"":""exp6_stripe__nr100000__ns100000__a1_000em01__g1"",""n_r"":100000,""n_s"":100000,""has_exact_k"":true,""k_target"":20000,""k_achieved"":20000,""alpha_target"":0.1,""alpha_achieved"":0.1,""notes"":""control_axis=1, core=[0.45,0.55], g=9.9999e-07, h=9e-06, delta=2.49998e-07, shuffle_strips=1, shuffle_r=0, k_overridden=0""}"
exp6_stripe__nr100000__ns100000__a1_000em01__g1,stripe,0.1,100000,100000,ours,enum_sampling,3000,2,3,1,460.102,20000,1,1,0,0,,0,"{""build_active_indices_ms"":5.480628,""build_events_ms"":42.129389,""build_ranks_ms"":40.027943,""build_y_domain_ms"":13.998254,""run_build_ms"":102.021947,""run_draw_ranks_ms"":0.160526,""run_enum_pass1_count_ms"":221.381049,""run_enum_pass2_select_ms"":91.273827,""run_enum_prepare_ms"":1.527849}",,"{""dataset"":{""source"":""synthetic"",""name"":""exp6_stripe__nr100000__ns100000__a1_000em01__g1"",""dim"":2,""path_r"":"""",""path_s"":"""",""synthetic"":{""generator"":""stripe"",""n_r"":100000,""n_s"":100000,""alpha"":0.1,""seed"":1}},""run"":{""method"":""ours"",""variant"":""enum_sampling"",""t"":3000,""seed"":1,""repeats"":3,""j_star"":1000000,""enum_cap"":0,""write_samples"":false,""verify"":false},""output"":{""out_dir"":""/home/dhy/PhD/SIGMOD-EXP/EXP-2/run/temp/exp6"",""run_tag"":""""},""sys"":{""threads"":1},""logging"":{""level"":""INFO"",""with_timestamp"":true,""with_thread_id"":false}}","{""generator"":""stripe_ctrl_alpha"",""dataset"":""exp6_stripe__nr100000__ns100000__a1_000em01__g1"",""n_r"":100000,""n_s"":100000,""has_exact_k"":true,""k_target"":20000,""k_achieved"":20000,""alpha_target"":0.1,""alpha_achieved"":0.1,""notes"":""control_axis=1, core=[0.45,0.55], g=9.9999e-07, h=9e-06, delta=2.49998e-07, shuffle_strips=1, shuffle_r=0, k_overridden=0""}"
exp6_stripe__nr100000__ns100000__a1_000em01__g1,stripe,0.1,100000,100000,ours,adaptive,3000,0,1,1,318.677,20000,1,1,0,0,enumerate_all,20000,"{""build_active_indices_ms"":5.567216,""build_events_ms"":34.833969,""build_ranks_ms"":41.322667,""build_y_domain_ms"":14.010434,""run_build_ms"":96.251074,""run_pilot_enum_prepare_ms"":1.527458,""run_pilot_enum_scan_ms"":220.849591,""run_small_join_sample_from_list_ms"":0.036219}",,"{""dataset"":{""source"":""synthetic"",""name"":""exp6_stripe__nr100000__ns100000__a1_000em01__g1"",""dim"":2,""path_r"":"""",""path_s"":"""",""synthetic"":{""generator"":""stripe"",""n_r"":100000,""n_s"":100000,""alpha"":0.1,""seed"":1}},""run"":{""method"":""ours"",""variant"":""adaptive"",""t"":3000,""seed"":1,""repeats"":3,""j_star"":1000000,""enum_cap"":0,""write_samples"":false,""verify"":false},""output"":{""out_dir"":""/home/dhy/PhD/SIGMOD-EXP/EXP-2/run/temp/exp6"",""run_tag"":""""},""sys"":{""threads"":1},""logging"":{""level"":""INFO"",""with_timestamp"":true,""with_thread_id"":false}}","{""generator"":""stripe_ctrl_alpha"",""dataset"":""exp6_stripe__nr100000__ns100000__a1_000em01__g1"",""n_r"":100000,""n_s"":100000,""has_exact_k"":true,""k_target"":20000,""k_achieved"":20000,""alpha_target"":0.1,""alpha_achieved"":0.1,""notes"":""control_axis=1, core=[0.45,0.55], g=9.9999e-07, h=9e-06, delta=2.49998e-07, shuffle_strips=1, shuffle_r=0, k_overridden=0""}"
exp6_stripe__nr100000__ns100000__a1_000em01__g1,stripe,0.1,100000,100000,ours,adaptive,3000,1,2,1,366.486,20000,1,1,0,0,enumerate_all,20000,"{""build_active_indices_ms"":5.458898,""build_events_ms"":41.992463,""build_ranks_ms"":40.012163,""build_y_domain_ms"":13.991254,""run_build_ms"":101.962708,""run_pilot_enum_prepare_ms"":1.499989,""run_pilot_enum_scan_ms"":220.493857,""run_small_join_sample_from_list_ms"":0.036199}",,"{""dataset"":{""source"":""synthetic"",""name"":""exp6_stripe__nr100000__ns100000__a1_000em01__g1"",""dim"":2,""path_r"":"""",""path_s"":"""",""synthetic"":{""generator"":""stripe"",""n_r"":100000,""n_s"":100000,""alpha"":0.1,""seed"":1}},""run"":{""method"":""ours"",""variant"":""adaptive"",""t"":3000,""seed"":1,""repeats"":3,""j_star"":1000000,""enum_cap"":0,""write_samples"":false,""verify"":false},""output"":{""out_dir"":""/home/dhy/PhD/SIGMOD-EXP/EXP-2/run/temp/exp6"",""run_tag"":""""},""sys"":{""threads"":1},""logging"":{""level"":""INFO"",""with_timestamp"":true,""with_thread_id"":false}}","{""generator"":""stripe_ctrl_alpha"",""dataset"":""exp6_stripe__nr100000__ns100000__a1_000em01__g1"",""n_r"":100000,""n_s"":100000,""has_exact_k"":true,""k_target"":20000,""k_achieved"":20000,""alpha_target"":0.1,""alpha_achieved"":0.1,""notes"":""control_axis=1, core=[0.45,0.55], g=9.9999e-07, h=9e-06, delta=2.49998e-07, shuffle_strips=1, shuffle_r=0, k_overridden=0""}"
exp6_stripe__nr100000__ns100000__a1_000em01__g1,stripe,0.1,100000,100000,ours,adaptive,3000,2,3,1,368.168,20000,1,1,0,0,enumerate_all,20000,"{""build_active_indices_ms"":5.509377,""build_events_ms"":42.168769,""build_ranks_ms"":40.063832,""build_y_domain_ms"":13.980155,""run_build_ms"":102.217393,""run_pilot_enum_prepare_ms"":1.534999,""run_pilot_enum_scan_ms"":221.342519,""run_small_join_sample_from_list_ms"":0.036039}",,"{""dataset"":{""source"":""synthetic"",""name"":""exp6_stripe__nr100000__ns100000__a1_000em01__g1"",""dim"":2,""path_r"":"""",""path_s"":"""",""synthetic"":{""generator"":""stripe"",""n_r"":100000,""n_s"":100000,""alpha"":0.1,""seed"":1}},""run"":{""method"":""ours"",""variant"":""adaptive"",""t"":3000,""seed"":1,""repeats"":3,""j_star"":1000000,""enum_cap"":0,""write_samples"":false,""verify"":false},""output"":{""out_dir"":""/home/dhy/PhD/SIGMOD-EXP/EXP-2/run/temp/exp6"",""run_tag"":""""},""sys"":{""threads"":1},""logging"":{""level"":""INFO"",""with_timestamp"":true,""with_thread_id"":false}}","{""generator"":""stripe_ctrl_alpha"",""dataset"":""exp6_stripe__nr100000__ns100000__a1_000em01__g1"",""n_r"":100000,""n_s"":100000,""has_exact_k"":true,""k_target"":20000,""k_achieved"":20000,""alpha_target"":0.1,""alpha_achieved"":0.1,""notes"":""control_axis=1, core=[0.45,0.55], g=9.9999e-07, h=9e-06, delta=2.49998e-07, shuffle_strips=1, shuffle_r=0, k_overridden=0""}"
exp6_stripe__nr100000__ns100000__a1_000em01__g1,stripe,0.1,100000,100000,ours,sampling,10000,0,1,1,460.916,20000,1,0,0,0,,0,"{""build_active_indices_ms"":7.007737,""build_events_ms"":34.844358,""build_ranks_ms"":40.031233,""build_y_domain_ms"":14.020594,""phase1_count_ms"":223.725372,""phase2_plan_ms"":5.512317,""phase3_sample_ms"":135.248189,""run_build_ms"":96.412811,""run_count_ms"":223.728342,""run_sample_ms"":140.769926}",,"{""dataset"":{""source"":""synthetic"",""name"":""exp6_stripe__nr100000__ns100000__a1_000em01__g1"",""dim"":2,""path_r"":"""",""path_s"":"""",""synthetic"":{""generator"":""stripe"",""n_r"":100000,""n_s"":100000,""alpha"":0.1,""seed"":1}},""run"":{""method"":""ours"",""variant"":""sampling"",""t"":10000,""seed"":1,""repeats"":3,""j_star"":1000000,""enum_cap"":0,""write_samples"":false,""verify"":false},""output"":{""out_dir"":""/home/dhy/PhD/SIGMOD-EXP/EXP-2/run/temp/exp6"",""run_tag"":""""},""sys"":{""threads"":1},""logging"":{""level"":""INFO"",""with_timestamp"":true,""with_thread_id"":false}}","{""generator"":""stripe_ctrl_alpha"",""dataset"":""exp6_stripe__nr100000__ns100000__a1_000em01__g1"",""n_r"":100000,""n_s"":100000,""has_exact_k"":true,""k_target"":20000,""k_achieved"":20000,""alpha_target"":0.1,""alpha_achieved"":0.1,""notes"":""control_axis=1, core=[0.45,0.55], g=9.9999e-07, h=9e-06, delta=2.49998e-07, shuffle_strips=1, shuffle_r=0, k_overridden=0""}"
exp6_stripe__nr100000__ns100000__a1_000em01__g1,stripe,0.1,100000,100000,ours,sampling,10000,1,2,1,508.356,20000,1,0,0,0,,0,"{""build_active_indices_ms"":5.431449,""build_events_ms"":42.343765,""build_ranks_ms"":40.040902,""build_y_domain_ms"":14.013185,""phase1_count_ms"":224.361839,""phase2_plan_ms"":4.127986,""phase3_sample_ms"":135.025033,""run_build_ms"":102.332540,""run_count_ms"":224.365019,""run_sample_ms"":139.162009}",,"{""dataset"":{""source"":""synthetic"",""name"":""exp6_stripe__nr100000__ns100000__a1_000em01__g1"",""dim"":2,""path_r"":"""",""path_s"":"""",""synthetic"":{""generator"":""stripe"",""n_r"":100000,""n_s"":100000,""alpha"":0.1,""seed"":1}},""run"":{""method"":""ours"",""variant"":""sampling"",""t"":10000,""seed"":1,""repeats"":3,""j_star"":1000000,""enum_cap"":0,""write_samples"":false,""verify"":false},""output"":{""out_dir"":""/home/dhy/PhD/SIGMOD-EXP/EXP-2/run/temp/exp6"",""run_tag"":""""},""sys"":{""threads"":1},""logging"":{""level"":""INFO"",""with_timestamp"":true,""with_thread_id"":false}}","{""generator"":""stripe_ctrl_alpha"",""dataset"":""exp6_stripe__nr100000__ns100000__a1_000em01__g1"",""n_r"":100000,""n_s"":100000,""has_exact_k"":true,""k_target"":20000,""k_achieved"":20000,""alpha_target"":0.1,""alpha_achieved"":0.1,""notes"":""control_axis=1, core=[0.45,0.55], g=9.9999e-07, h=9e-06, delta=2.49998e-07, shuffle_strips=1, shuffle_r=0, k_overridden=0""}"
exp6_stripe__nr100000__ns100000__a1_000em01__g1,stripe,0.1,100000,100000,ours,sampling,10000,2,3,1,507.971,20000,1,0,0,0,,0,"{""build_active_indices_ms"":5.497548,""build_events_ms"":42.406215,""build_ranks_ms"":40.013503,""build_y_domain_ms"":14.008353,""phase1_count_ms"":221.827331,""phase2_plan_ms"":4.359801,""phase3_sample_ms"":134.750079,""run_build_ms"":102.431278,""run_count_ms"":221.831171,""run_sample_ms"":139.119560}",,"{""dataset"":{""source"":""synthetic"",""name"":""exp6_stripe__nr100000__ns100000__a1_000em01__g1"",""dim"":2,""path_r"":"""",""path_s"":"""",""synthetic"":{""generator"":""stripe"",""n_r"":100000,""n_s"":100000,""alpha"":0.1,""seed"":1}},""run"":{""method"":""ours"",""variant"":""sampling"",""t"":10000,""seed"":1,""repeats"":3,""j_star"":1000000,""enum_cap"":0,""write_samples"":false,""verify"":false},""output"":{""out_dir"":""/home/dhy/PhD/SIGMOD-EXP/EXP-2/run/temp/exp6"",""run_tag"":""""},""sys"":{""threads"":1},""logging"":{""level"":""INFO"",""with_timestamp"":true,""with_thread_id"":false}}","{""generator"":""stripe_ctrl_alpha"",""dataset"":""exp6_stripe__nr100000__ns100000__a1_000em01__g1"",""n_r"":100000,""n_s"":100000,""has_exact_k"":true,""k_target"":20000,""k_achieved"":20000,""alpha_target"":0.1,""alpha_achieved"":0.1,""notes"":""control_axis=1, core=[0.45,0.55], g=9.9999e-07, h=9e-06, delta=2.49998e-07, shuffle_strips=1, shuffle_r=0, k_overridden=0""}"
exp6_stripe__nr100000__ns100000__a1_000em01__g1,stripe,0.1,100000,100000,ours,enum_sampling,10000,0,1,1,412.952,20000,1,1,0,0,,0,"{""build_active_indices_ms"":7.147195,""build_events_ms"":34.860858,""build_ranks_ms"":40.004174,""build_y_domain_ms"":14.014214,""run_build_ms"":96.418481,""run_draw_ranks_ms"":0.619587,""run_enum_pass1_count_ms"":222.870499,""run_enum_pass2_select_ms"":91.475112,""run_enum_prepare_ms"":1.499730}",,"{""dataset"":{""source"":""synthetic"",""name"":""exp6_stripe__nr100000__ns100000__a1_000em01__g1"",""dim"":2,""path_r"":"""",""path_s"":"""",""synthetic"":{""generator"":""stripe"",""n_r"":100000,""n_s"":100000,""alpha"":0.1,""seed"":1}},""run"":{""method"":""ours"",""variant"":""enum_sampling"",""t"":10000,""seed"":1,""repeats"":3,""j_star"":1000000,""enum_cap"":0,""write_samples"":false,""verify"":false},""output"":{""out_dir"":""/home/dhy/PhD/SIGMOD-EXP/EXP-2/run/temp/exp6"",""run_tag"":""""},""sys"":{""threads"":1},""logging"":{""level"":""INFO"",""with_timestamp"":true,""with_thread_id"":false}}","{""generator"":""stripe_ctrl_alpha"",""dataset"":""exp6_stripe__nr100000__ns100000__a1_000em01__g1"",""n_r"":100000,""n_s"":100000,""has_exact_k"":true,""k_target"":20000,""k_achieved"":20000,""alpha_target"":0.1,""alpha_achieved"":0.1,""notes"":""control_axis=1, core=[0.45,0.55], g=9.9999e-07, h=9e-06, delta=2.49998e-07, shuffle_strips=1, shuffle_r=0, k_overridden=0""}"
exp6_stripe__nr100000__ns100000__a1_000em01__g1,stripe,0.1,100000,100000,ours,enum_sampling,10000,1,2,1,462.616,20000,1,1,0,0,,0,"{""build_active_indices_ms"":5.484419,""build_events_ms"":43.766886,""build_ranks_ms"":40.011763,""build_y_domain_ms"":14.012945,""run_build_ms"":103.662763,""run_draw_ranks_ms"":0.623617,""run_enum_pass1_count_ms"":221.541217,""run_enum_pass2_select_ms"":91.287566,""run_enum_prepare_ms"":1.521020}",,"{""dataset"":{""source"":""synthetic"",""name"":""exp6_stripe__nr100000__ns100000__a1_000em01__g1"",""dim"":2,""path_r"":"""",""path_s"":"""",""synthetic"":{""generator"":""stripe"",""n_r"":100000,""n_s"":100000,""alpha"":0.1,""seed"":1}},""run"":{""method"":""ours"",""variant"":""enum_sampling"",""t"":10000,""seed"":1,""repeats"":3,""j_star"":1000000,""enum_cap"":0,""write_samples"":false,""verify"":false},""output"":{""out_dir"":""/home/dhy/PhD/SIGMOD-EXP/EXP-2/run/temp/exp6"",""run_tag"":""""},""sys"":{""threads"":1},""logging"":{""level"":""INFO"",""with_timestamp"":true,""with_thread_id"":false}}","{""generator"":""stripe_ctrl_alpha"",""dataset"":""exp6_stripe__nr100000__ns100000__a1_000em01__g1"",""n_r"":100000,""n_s"":100000,""has_exact_k"":true,""k_target"":20000,""k_achieved"":20000,""alpha_target"":0.1,""alpha_achieved"":0.1,""notes"":""control_axis=1, core=[0.45,0.55], g=9.9999e-07, h=9e-06, delta=2.49998e-07, shuffle_strips=1, shuffle_r=0, k_overridden=0""}"
exp6_stripe__nr100000__ns100000__a1_000em01__g1,stripe,0.1,100000,100000,ours,enum_sampling,10000,2,3,1,458.912,20000,1,1,0,0,,0,"{""build_active_indices_ms"":5.489468,""build_events_ms"":42.055081,""build_ranks_ms"":39.993653,""build_y_domain_ms"":13.990285,""run_build_ms"":101.913539,""run_draw_ranks_ms"":0.620747,""run_enum_pass1_count_ms"":219.932229,""run_enum_pass2_select_ms"":91.291056,""run_enum_prepare_ms"":1.536479}",,"{""dataset"":{""source"":""synthetic"",""name"":""exp6_stripe__nr100000__ns100000__a1_000em01__g1"",""dim"":2,""path_r"":"""",""path_s"":"""",""synthetic"":{""generator"":""stripe"",""n_r"":100000,""n_s"":100000,""alpha"":0.1,""seed"":1}},""run"":{""method"":""ours"",""variant"":""enum_sampling"",""t"":10000,""seed"":1,""repeats"":3,""j_star"":1000000,""enum_cap"":0,""write_samples"":false,""verify"":false},""output"":{""out_dir"":""/home/dhy/PhD/SIGMOD-EXP/EXP-2/run/temp/exp6"",""run_tag"":""""},""sys"":{""threads"":1},""logging"":{""level"":""INFO"",""with_timestamp"":true,""with_thread_id"":false}}","{""generator"":""stripe_ctrl_alpha"",""dataset"":""exp6_stripe__nr100000__ns100000__a1_000em01__g1"",""n_r"":100000,""n_s"":100000,""has_exact_k"":true,""k_target"":20000,""k_achieved"":20000,""alpha_target"":0.1,""alpha_achieved"":0.1,""notes"":""control_axis=1, core=[0.45,0.55], g=9.9999e-07, h=9e-06, delta=2.49998e-07, shuffle_strips=1, shuffle_r=0, k_overridden=0""}"
exp6_stripe__nr100000__ns100000__a1_000em01__g1,stripe,0.1,100000,100000,ours,adaptive,10000,0,1,1,320.279,20000,1,1,0,0,enumerate_all,20000,"{""build_active_indices_ms"":6.789871,""build_events_ms"":34.803199,""build_ranks_ms"":40.010633,""build_y_domain_ms"":14.032613,""run_build_ms"":96.149886,""run_pilot_enum_prepare_ms"":1.506498,""run_pilot_enum_scan_ms"":222.535967,""run_small_join_sample_from_list_ms"":0.075839}",,"{""dataset"":{""source"":""synthetic"",""name"":""exp6_stripe__nr100000__ns100000__a1_000em01__g1"",""dim"":2,""path_r"":"""",""path_s"":"""",""synthetic"":{""generator"":""stripe"",""n_r"":100000,""n_s"":100000,""alpha"":0.1,""seed"":1}},""run"":{""method"":""ours"",""variant"":""adaptive"",""t"":10000,""seed"":1,""repeats"":3,""j_star"":1000000,""enum_cap"":0,""write_samples"":false,""verify"":false},""output"":{""out_dir"":""/home/dhy/PhD/SIGMOD-EXP/EXP-2/run/temp/exp6"",""run_tag"":""""},""sys"":{""threads"":1},""logging"":{""level"":""INFO"",""with_timestamp"":true,""with_thread_id"":false}}","{""generator"":""stripe_ctrl_alpha"",""dataset"":""exp6_stripe__nr100000__ns100000__a1_000em01__g1"",""n_r"":100000,""n_s"":100000,""has_exact_k"":true,""k_target"":20000,""k_achieved"":20000,""alpha_target"":0.1,""alpha_achieved"":0.1,""notes"":""control_axis=1, core=[0.45,0.55], g=9.9999e-07, h=9e-06, delta=2.49998e-07, shuffle_strips=1, shuffle_r=0, k_overridden=0""}"
exp6_stripe__nr100000__ns100000__a1_000em01__g1,stripe,0.1,100000,100000,ours,adaptive,10000,1,2,1,366.323,20000,1,1,0,0,enumerate_all,20000,"{""build_active_indices_ms"":5.503517,""build_events_ms"":41.983702,""build_ranks_ms"":39.991324,""build_y_domain_ms"":13.983584,""run_build_ms"":101.960017,""run_pilot_enum_prepare_ms"":1.521189,""run_pilot_enum_scan_ms"":219.909731,""run_small_join_sample_from_list_ms"":0.075498}",,"{""dataset"":{""source"":""synthetic"",""name"":""exp6_stripe__nr100000__ns100000__a1_000em01__g1"",""dim"":2,""path_r"":"""",""path_s"":"""",""synthetic"":{""generator"":""stripe"",""n_r"":100000,""n_s"":100000,""alpha"":0.1,""seed"":1}},""run"":{""method"":""ours"",""variant"":""adaptive"",""t"":10000,""seed"":1,""repeats"":3,""j_star"":1000000,""enum_cap"":0,""write_samples"":false,""verify"":false},""output"":{""out_dir"":""/home/dhy/PhD/SIGMOD-EXP/EXP-2/run/temp/exp6"",""run_tag"":""""},""sys"":{""threads"":1},""logging"":{""level"":""INFO"",""with_timestamp"":true,""with_thread_id"":false}}","{""generator"":""stripe_ctrl_alpha"",""dataset"":""exp6_stripe__nr100000__ns100000__a1_000em01__g1"",""n_r"":100000,""n_s"":100000,""has_exact_k"":true,""k_target"":20000,""k_achieved"":20000,""alpha_target"":0.1,""alpha_achieved"":0.1,""notes"":""control_axis=1, core=[0.45,0.55], g=9.9999e-07, h=9e-06, delta=2.49998e-07, shuffle_strips=1, shuffle_r=0, k_overridden=0""}"
exp6_stripe__nr100000__ns100000__a1_000em01__g1,stripe,0.1,100000,100000,ours,adaptive,10000,2,3,1,366.513,20000,1,1,0,0,enumerate_all,20000,"{""build_active_indices_ms"":5.449109,""build_events_ms"":42.025992,""build_ranks_ms"":39.993683,""build_y_domain_ms"":14.003635,""run_build_ms"":101.986078,""run_pilot_enum_prepare_ms"":1.523299,""run_pilot_enum_scan_ms"":220.014888,""run_small_join_sample_from_list_ms"":0.076438}",,"{""dataset"":{""source"":""synthetic"",""name"":""exp6_stripe__nr100000__ns100000__a1_000em01__g1"",""dim"":2,""path_r"":"""",""path_s"":"""",""synthetic"":{""generator"":""stripe"",""n_r"":100000,""n_s"":100000,""alpha"":0.1,""seed"":1}},""run"":{""method"":""ours"",""variant"":""adaptive"",""t"":10000,""seed"":1,""repeats"":3,""j_star"":1000000,""enum_cap"":0,""write_samples"":false,""verify"":false},""output"":{""out_dir"":""/home/dhy/PhD/SIGMOD-EXP/EXP-2/run/temp/exp6"",""run_tag"":""""},""sys"":{""threads"":1},""logging"":{""level"":""INFO"",""with_timestamp"":true,""with_thread_id"":false}}","{""generator"":""stripe_ctrl_alpha"",""dataset"":""exp6_stripe__nr100000__ns100000__a1_000em01__g1"",""n_r"":100000,""n_s"":100000,""has_exact_k"":true,""k_target"":20000,""k_achieved"":20000,""alpha_target"":0.1,""alpha_achieved"":0.1,""notes"":""control_axis=1, core=[0.45,0.55], g=9.9999e-07, h=9e-06, delta=2.49998e-07, shuffle_strips=1, shuffle_r=0, k_overridden=0""}"
exp6_stripe__nr100000__ns100000__a1_000em01__g1,stripe,0.1,100000,100000,ours,sampling,30000,0,1,1,461.093,20000,1,0,0,0,,0,"{""build_active_indices_ms"":6.997038,""build_events_ms"":34.813549,""build_ranks_ms"":40.004273,""build_y_domain_ms"":14.010484,""phase1_count_ms"":223.482827,""phase2_plan_ms"":5.895530,""phase3_sample_ms"":135.354016,""run_build_ms"":96.338643,""run_count_ms"":223.485837,""run_sample_ms"":141.264336}",,"{""dataset"":{""source"":""synthetic"",""name"":""exp6_stripe__nr100000__ns100000__a1_000em01__g1"",""dim"":2,""path_r"":"""",""path_s"":"""",""synthetic"":{""generator"":""stripe"",""n_r"":100000,""n_s"":100000,""alpha"":0.1,""seed"":1}},""run"":{""method"":""ours"",""variant"":""sampling"",""t"":30000,""seed"":1,""repeats"":3,""j_star"":1000000,""enum_cap"":0,""write_samples"":false,""verify"":false},""output"":{""out_dir"":""/home/dhy/PhD/SIGMOD-EXP/EXP-2/run/temp/exp6"",""run_tag"":""""},""sys"":{""threads"":1},""logging"":{""level"":""INFO"",""with_timestamp"":true,""with_thread_id"":false}}","{""generator"":""stripe_ctrl_alpha"",""dataset"":""exp6_stripe__nr100000__ns100000__a1_000em01__g1"",""n_r"":100000,""n_s"":100000,""has_exact_k"":true,""k_target"":20000,""k_achieved"":20000,""alpha_target"":0.1,""alpha_achieved"":0.1,""notes"":""control_axis=1, core=[0.45,0.55], g=9.9999e-07, h=9e-06, delta=2.49998e-07, shuffle_strips=1, shuffle_r=0, k_overridden=0""}"
exp6_stripe__nr100000__ns100000__a1_000em01__g1,stripe,0.1,100000,100000,ours,sampling,30000,1,2,1,505.804,20000,1,0,0,0,,0,"{""build_active_indices_ms"":5.478798,""build_events_ms"":42.315627,""build_ranks_ms"":39.970214,""build_y_domain_ms"":14.011823,""phase1_count_ms"":220.940990,""phase2_plan_ms"":4.526907,""phase3_sample_ms"":135.384856,""run_build_ms"":102.272402,""run_count_ms"":220.943640,""run_sample_ms"":139.925753}",,"{""dataset"":{""source"":""synthetic"",""name"":""exp6_stripe__nr100000__ns100000__a1_000em01__g1"",""dim"":2,""path_r"":"""",""path_s"":"""",""synthetic"":{""generator"":""stripe"",""n_r"":100000,""n_s"":100000,""alpha"":0.1,""seed"":1}},""run"":{""method"":""ours"",""variant"":""sampling"",""t"":30000,""seed"":1,""repeats"":3,""j_star"":1000000,""enum_cap"":0,""write_samples"":false,""verify"":false},""output"":{""out_dir"":""/home/dhy/PhD/SIGMOD-EXP/EXP-2/run/temp/exp6"",""run_tag"":""""},""sys"":{""threads"":1},""logging"":{""level"":""INFO"",""with_timestamp"":true,""with_thread_id"":false}}","{""generator"":""stripe_ctrl_alpha"",""dataset"":""exp6_stripe__nr100000__ns100000__a1_000em01__g1"",""n_r"":100000,""n_s"":100000,""has_exact_k"":true,""k_target"":20000,""k_achieved"":20000,""alpha_target"":0.1,""alpha_achieved"":0.1,""notes"":""control_axis=1, core=[0.45,0.55], g=9.9999e-07, h=9e-06, delta=2.49998e-07, shuffle_strips=1, shuffle_r=0, k_overridden=0""}"
exp6_stripe__nr100000__ns100000__a1_000em01__g1,stripe,0.1,100000,100000,ours,sampling,30000,2,3,1,509.081,20000,1,0,0,0,,0,"{""build_active_indices_ms"":5.476618,""build_events_ms"":42.425634,""build_ranks_ms"":39.973284,""build_y_domain_ms"":14.015114,""phase1_count_ms"":220.965349,""phase2_plan_ms"":4.797452,""phase3_sample_ms"":135.854957,""run_build_ms"":102.384790,""run_count_ms"":220.968679,""run_sample_ms"":140.667218}",,"{""dataset"":{""source"":""synthetic"",""name"":""exp6_stripe__nr100000__ns100000__a1_000em01__g1"",""dim"":2,""path_r"":"""",""path_s"":"""",""synthetic"":{""generator"":""stripe"",""n_r"":100000,""n_s"":100000,""alpha"":0.1,""seed"":1}},""run"":{""method"":""ours"",""variant"":""sampling"",""t"":30000,""seed"":1,""repeats"":3,""j_star"":1000000,""enum_cap"":0,""write_samples"":false,""verify"":false},""output"":{""out_dir"":""/home/dhy/PhD/SIGMOD-EXP/EXP-2/run/temp/exp6"",""run_tag"":""""},""sys"":{""threads"":1},""logging"":{""level"":""INFO"",""with_timestamp"":true,""with_thread_id"":false}}","{""generator"":""stripe_ctrl_alpha"",""dataset"":""exp6_stripe__nr100000__ns100000__a1_000em01__g1"",""n_r"":100000,""n_s"":100000,""has_exact_k"":true,""k_target"":20000,""k_achieved"":20000,""alpha_target"":0.1,""alpha_achieved"":0.1,""notes"":""control_axis=1, core=[0.45,0.55], g=9.9999e-07, h=9e-06, delta=2.49998e-07, shuffle_strips=1, shuffle_r=0, k_overridden=0""}"
exp6_stripe__nr100000__ns100000__a1_000em01__g1,stripe,0.1,100000,100000,ours,enum_sampling,30000,0,1,1,416.477,20000,1,1,0,0,,0,"{""build_active_indices_ms"":7.004438,""build_events_ms"":34.845278,""build_ranks_ms"":39.961724,""build_y_domain_ms"":14.017003,""run_build_ms"":96.221066,""run_draw_ranks_ms"":2.163116,""run_enum_pass1_count_ms"":223.911989,""run_enum_pass2_select_ms"":92.482672,""run_enum_prepare_ms"":1.511909}",,"{""dataset"":{""source"":""synthetic"",""name"":""exp6_stripe__nr100000__ns100000__a1_000em01__g1"",""dim"":2,""path_r"":"""",""path_s"":"""",""synthetic"":{""generator"":""stripe"",""n_r"":100000,""n_s"":100000,""alpha"":0.1,""seed"":1}},""run"":{""method"":""ours"",""variant"":""enum_sampling"",""t"":30000,""seed"":1,""repeats"":3,""j_star"":1000000,""enum_cap"":0,""write_samples"":false,""verify"":false},""output"":{""out_dir"":""/home/dhy/PhD/SIGMOD-EXP/EXP-2/run/temp/exp6"",""run_tag"":""""},""sys"":{""threads"":1},""logging"":{""level"":""INFO"",""with_timestamp"":true,""with_thread_id"":false}}","{""generator"":""stripe_ctrl_alpha"",""dataset"":""exp6_stripe__nr100000__ns100000__a1_000em01__g1"",""n_r"":100000,""n_s"":100000,""has_exact_k"":true,""k_target"":20000,""k_achieved"":20000,""alpha_target"":0.1,""alpha_achieved"":0.1,""notes"":""control_axis=1, core=[0.45,0.55], g=9.9999e-07, h=9e-06, delta=2.49998e-07, shuffle_strips=1, shuffle_r=0, k_overridden=0""}"
exp6_stripe__nr100000__ns100000__a1_000em01__g1,stripe,0.1,100000,100000,ours,enum_sampling,30000,1,2,1,465.708,20000,1,1,0,0,,0,"{""build_active_indices_ms"":5.494898,""build_events_ms"":43.752546,""build_ranks_ms"":39.965774,""build_y_domain_ms"":14.027024,""run_build_ms"":103.626534,""run_draw_ranks_ms"":2.154017,""run_enum_pass1_count_ms"":223.137945,""run_enum_pass2_select_ms"":91.238387,""run_enum_prepare_ms"":1.519219}",,"{""dataset"":{""source"":""synthetic"",""name"":""exp6_stripe__nr100000__ns100000__a1_000em01__g1"",""dim"":2,""path_r"":"""",""path_s"":"""",""synthetic"":{""generator"":""stripe"",""n_r"":100000,""n_s"":100000,""alpha"":0.1,""seed"":1}},""run"":{""method"":""ours"",""variant"":""enum_sampling"",""t"":30000,""seed"":1,""repeats"":3,""j_star"":1000000,""enum_cap"":0,""write_samples"":false,""verify"":false},""output"":{""out_dir"":""/home/dhy/PhD/SIGMOD-EXP/EXP-2/run/temp/exp6"",""run_tag"":""""},""sys"":{""threads"":1},""logging"":{""level"":""INFO"",""with_timestamp"":true,""with_thread_id"":false}}","{""generator"":""stripe_ctrl_alpha"",""dataset"":""exp6_stripe__nr100000__ns100000__a1_000em01__g1"",""n_r"":100000,""n_s"":100000,""has_exact_k"":true,""k_target"":20000,""k_achieved"":20000,""alpha_target"":0.1,""alpha_achieved"":0.1,""notes"":""control_axis=1, core=[0.45,0.55], g=9.9999e-07, h=9e-06, delta=2.49998e-07, shuffle_strips=1, shuffle_r=0, k_overridden=0""}"
exp6_stripe__nr100000__ns100000__a1_000em01__g1,stripe,0.1,100000,100000,ours,enum_sampling,30000,2,3,1,462.36,20000,1,1,0,0,,0,"{""build_active_indices_ms"":5.492368,""build_events_ms"":42.145180,""build_ranks_ms"":39.996294,""build_y_domain_ms"":13.997524,""run_build_ms"":102.020508,""run_draw_ranks_ms"":2.161296,""run_enum_pass1_count_ms"":221.476219,""run_enum_pass2_select_ms"":91.357825,""run_enum_prepare_ms"":1.550889}",,"{""dataset"":{""source"":""synthetic"",""name"":""exp6_stripe__nr100000__ns100000__a1_000em01__g1"",""dim"":2,""path_r"":"""",""path_s"":"""",""synthetic"":{""generator"":""stripe"",""n_r"":100000,""n_s"":100000,""alpha"":0.1,""seed"":1}},""run"":{""method"":""ours"",""variant"":""enum_sampling"",""t"":30000,""seed"":1,""repeats"":3,""j_star"":1000000,""enum_cap"":0,""write_samples"":false,""verify"":false},""output"":{""out_dir"":""/home/dhy/PhD/SIGMOD-EXP/EXP-2/run/temp/exp6"",""run_tag"":""""},""sys"":{""threads"":1},""logging"":{""level"":""INFO"",""with_timestamp"":true,""with_thread_id"":false}}","{""generator"":""stripe_ctrl_alpha"",""dataset"":""exp6_stripe__nr100000__ns100000__a1_000em01__g1"",""n_r"":100000,""n_s"":100000,""has_exact_k"":true,""k_target"":20000,""k_achieved"":20000,""alpha_target"":0.1,""alpha_achieved"":0.1,""notes"":""control_axis=1, core=[0.45,0.55], g=9.9999e-07, h=9e-06, delta=2.49998e-07, shuffle_strips=1, shuffle_r=0, k_overridden=0""}"
exp6_stripe__nr100000__ns100000__a1_000em01__g1,stripe,0.1,100000,100000,ours,adaptive,30000,0,1,1,321.854,20000,1,1,0,0,enumerate_all,20000,"{""build_active_indices_ms"":5.604666,""build_events_ms"":34.830600,""build_ranks_ms"":39.967665,""build_y_domain_ms"":13.987913,""run_build_ms"":94.895453,""run_pilot_enum_prepare_ms"":1.532769,""run_pilot_enum_scan_ms"":225.226462,""run_small_join_sample_from_list_ms"":0.187816}",,"{""dataset"":{""source"":""synthetic"",""name"":""exp6_stripe__nr100000__ns100000__a1_000em01__g1"",""dim"":2,""path_r"":"""",""path_s"":"""",""synthetic"":{""generator"":""stripe"",""n_r"":100000,""n_s"":100000,""alpha"":0.1,""seed"":1}},""run"":{""method"":""ours"",""variant"":""adaptive"",""t"":30000,""seed"":1,""repeats"":3,""j_star"":1000000,""enum_cap"":0,""write_samples"":false,""verify"":false},""output"":{""out_dir"":""/home/dhy/PhD/SIGMOD-EXP/EXP-2/run/temp/exp6"",""run_tag"":""""},""sys"":{""threads"":1},""logging"":{""level"":""INFO"",""with_timestamp"":true,""with_thread_id"":false}}","{""generator"":""stripe_ctrl_alpha"",""dataset"":""exp6_stripe__nr100000__ns100000__a1_000em01__g1"",""n_r"":100000,""n_s"":100000,""has_exact_k"":true,""k_target"":20000,""k_achieved"":20000,""alpha_target"":0.1,""alpha_achieved"":0.1,""notes"":""control_axis=1, core=[0.45,0.55], g=9.9999e-07, h=9e-06, delta=2.49998e-07, shuffle_strips=1, shuffle_r=0, k_overridden=0""}"
exp6_stripe__nr100000__ns100000__a1_000em01__g1,stripe,0.1,100000,100000,ours,adaptive,30000,1,2,1,366.979,20000,1,1,0,0,enumerate_all,20000,"{""build_active_indices_ms"":5.505178,""build_events_ms"":42.060101,""build_ranks_ms"":39.955614,""build_y_domain_ms"":14.008414,""run_build_ms"":102.028817,""run_pilot_enum_prepare_ms"":1.511579,""run_pilot_enum_scan_ms"":220.534418,""run_small_join_sample_from_list_ms"":0.162626}",,"{""dataset"":{""source"":""synthetic"",""name"":""exp6_stripe__nr100000__ns100000__a1_000em01__g1"",""dim"":2,""path_r"":"""",""path_s"":"""",""synthetic"":{""generator"":""stripe"",""n_r"":100000,""n_s"":100000,""alpha"":0.1,""seed"":1}},""run"":{""method"":""ours"",""variant"":""adaptive"",""t"":30000,""seed"":1,""repeats"":3,""j_star"":1000000,""enum_cap"":0,""write_samples"":false,""verify"":false},""output"":{""out_dir"":""/home/dhy/PhD/SIGMOD-EXP/EXP-2/run/temp/exp6"",""run_tag"":""""},""sys"":{""threads"":1},""logging"":{""level"":""INFO"",""with_timestamp"":true,""with_thread_id"":false}}","{""generator"":""stripe_ctrl_alpha"",""dataset"":""exp6_stripe__nr100000__ns100000__a1_000em01__g1"",""n_r"":100000,""n_s"":100000,""has_exact_k"":true,""k_target"":20000,""k_achieved"":20000,""alpha_target"":0.1,""alpha_achieved"":0.1,""notes"":""control_axis=1, core=[0.45,0.55], g=9.9999e-07, h=9e-06, delta=2.49998e-07, shuffle_strips=1, shuffle_r=0, k_overridden=0""}"
exp6_stripe__nr100000__ns100000__a1_000em01__g1,stripe,0.1,100000,100000,ours,adaptive,30000,2,3,1,366.874,20000,1,1,0,0,enumerate_all,20000,"{""build_active_indices_ms"":5.434769,""build_events_ms"":42.196789,""build_ranks_ms"":40.020003,""build_y_domain_ms"":13.990475,""run_build_ms"":102.147344,""run_pilot_enum_prepare_ms"":1.515639,""run_pilot_enum_scan_ms"":219.850052,""run_small_join_sample_from_list_ms"":0.123528}",,"{""dataset"":{""source"":""synthetic"",""name"":""exp6_stripe__nr100000__ns100000__a1_000em01__g1"",""dim"":2,""path_r"":"""",""path_s"":"""",""synthetic"":{""generator"":""stripe"",""n_r"":100000,""n_s"":100000,""alpha"":0.1,""seed"":1}},""run"":{""method"":""ours"",""variant"":""adaptive"",""t"":30000,""seed"":1,""repeats"":3,""j_star"":1000000,""enum_cap"":0,""write_samples"":false,""verify"":false},""output"":{""out_dir"":""/home/dhy/PhD/SIGMOD-EXP/EXP-2/run/temp/exp6"",""run_tag"":""""},""sys"":{""threads"":1},""logging"":{""level"":""INFO"",""with_timestamp"":true,""with_thread_id"":false}}","{""generator"":""stripe_ctrl_alpha"",""dataset"":""exp6_stripe__nr100000__ns100000__a1_000em01__g1"",""n_r"":100000,""n_s"":100000,""has_exact_k"":true,""k_target"":20000,""k_achieved"":20000,""alpha_target"":0.1,""alpha_achieved"":0.1,""notes"":""control_axis=1, core=[0.45,0.55], g=9.9999e-07, h=9e-06, delta=2.49998e-07, shuffle_strips=1, shuffle_r=0, k_overridden=0""}"
exp6_stripe__nr100000__ns100000__a1_000em01__g1,stripe,0.1,100000,100000,ours,sampling,100000,0,1,1,466.061,20000,1,0,0,0,,0,"{""build_active_indices_ms"":7.000548,""build_events_ms"":35.917447,""build_ranks_ms"":40.088571,""build_y_domain_ms"":14.024574,""phase1_count_ms"":224.099946,""phase2_plan_ms"":7.387360,""phase3_sample_ms"":136.994563,""run_build_ms"":97.537909,""run_count_ms"":224.104135,""run_sample_ms"":144.415472}",,"{""dataset"":{""source"":""synthetic"",""name"":""exp6_stripe__nr100000__ns100000__a1_000em01__g1"",""dim"":2,""path_r"":"""",""path_s"":"""",""synthetic"":{""generator"":""stripe"",""n_r"":100000,""n_s"":100000,""alpha"":0.1,""seed"":1}},""run"":{""method"":""ours"",""variant"":""sampling"",""t"":100000,""seed"":1,""repeats"":3,""j_star"":1000000,""enum_cap"":0,""write_samples"":false,""verify"":false},""output"":{""out_dir"":""/home/dhy/PhD/SIGMOD-EXP/EXP-2/run/temp/exp6"",""run_tag"":""""},""sys"":{""threads"":1},""logging"":{""level"":""INFO"",""with_timestamp"":true,""with_thread_id"":false}}","{""generator"":""stripe_ctrl_alpha"",""dataset"":""exp6_stripe__nr100000__ns100000__a1_000em01__g1"",""n_r"":100000,""n_s"":100000,""has_exact_k"":true,""k_target"":20000,""k_achieved"":20000,""alpha_target"":0.1,""alpha_achieved"":0.1,""notes"":""control_axis=1, core=[0.45,0.55], g=9.9999e-07, h=9e-06, delta=2.49998e-07, shuffle_strips=1, shuffle_r=0, k_overridden=0""}"
exp6_stripe__nr100000__ns100000__a1_000em01__g1,stripe,0.1,100000,100000,ours,sampling,100000,1,2,1,513.453,20000,1,0,0,0,,0,"{""build_active_indices_ms"":5.457678,""build_events_ms"":42.524891,""build_ranks_ms"":40.155921,""build_y_domain_ms"":14.013704,""phase1_count_ms"":223.693743,""phase2_plan_ms"":5.848431,""phase3_sample_ms"":136.933515,""run_build_ms"":102.657084,""run_count_ms"":223.697933,""run_sample_ms"":142.814265}",,"{""dataset"":{""source"":""synthetic"",""name"":""exp6_stripe__nr100000__ns100000__a1_000em01__g1"",""dim"":2,""path_r"":"""",""path_s"":"""",""synthetic"":{""generator"":""stripe"",""n_r"":100000,""n_s"":100000,""alpha"":0.1,""seed"":1}},""run"":{""method"":""ours"",""variant"":""sampling"",""t"":100000,""seed"":1,""repeats"":3,""j_star"":1000000,""enum_cap"":0,""write_samples"":false,""verify"":false},""output"":{""out_dir"":""/home/dhy/PhD/SIGMOD-EXP/EXP-2/run/temp/exp6"",""run_tag"":""""},""sys"":{""threads"":1},""logging"":{""level"":""INFO"",""with_timestamp"":true,""with_thread_id"":false}}","{""generator"":""stripe_ctrl_alpha"",""dataset"":""exp6_stripe__nr100000__ns100000__a1_000em01__g1"",""n_r"":100000,""n_s"":100000,""has_exact_k"":true,""k_target"":20000,""k_achieved"":20000,""alpha_target"":0.1,""alpha_achieved"":0.1,""notes"":""control_axis=1, core=[0.45,0.55], g=9.9999e-07, h=9e-06, delta=2.49998e-07, shuffle_strips=1, shuffle_r=0, k_overridden=0""}"
exp6_stripe__nr100000__ns100000__a1_000em01__g1,stripe,0.1,100000,100000,ours,sampling,100000,2,3,1,510.328,20000,1,0,0,0,,0,"{""build_active_indices_ms"":5.484478,""build_events_ms"":42.165139,""build_ranks_ms"":40.140590,""build_y_domain_ms"":13.998714,""phase1_count_ms"":220.660156,""phase2_plan_ms"":5.866691,""phase3_sample_ms"":136.908976,""run_build_ms"":102.284632,""run_count_ms"":220.663315,""run_sample_ms"":142.808736}",,"{""dataset"":{""source"":""synthetic"",""name"":""exp6_stripe__nr100000__ns100000__a1_000em01__g1"",""dim"":2,""path_r"":"""",""path_s"":"""",""synthetic"":{""generator"":""stripe"",""n_r"":100000,""n_s"":100000,""alpha"":0.1,""seed"":1}},""run"":{""method"":""ours"",""variant"":""sampling"",""t"":100000,""seed"":1,""repeats"":3,""j_star"":1000000,""enum_cap"":0,""write_samples"":false,""verify"":false},""output"":{""out_dir"":""/home/dhy/PhD/SIGMOD-EXP/EXP-2/run/temp/exp6"",""run_tag"":""""},""sys"":{""threads"":1},""logging"":{""level"":""INFO"",""with_timestamp"":true,""with_thread_id"":false}}","{""generator"":""stripe_ctrl_alpha"",""dataset"":""exp6_stripe__nr100000__ns100000__a1_000em01__g1"",""n_r"":100000,""n_s"":100000,""has_exact_k"":true,""k_target"":20000,""k_achieved"":20000,""alpha_target"":0.1,""alpha_achieved"":0.1,""notes"":""control_axis=1, core=[0.45,0.55], g=9.9999e-07, h=9e-06, delta=2.49998e-07, shuffle_strips=1, shuffle_r=0, k_overridden=0""}"
exp6_stripe__nr100000__ns100000__a1_000em01__g1,stripe,0.1,100000,100000,ours,enum_sampling,100000,0,1,1,417.435,20000,1,1,0,0,,0,"{""build_active_indices_ms"":5.585256,""build_events_ms"":34.859839,""build_ranks_ms"":40.031722,""build_y_domain_ms"":14.025394,""run_build_ms"":94.893503,""run_draw_ranks_ms"":8.270862,""run_enum_pass1_count_ms"":220.739134,""run_enum_pass2_select_ms"":91.870515,""run_enum_prepare_ms"":1.514429}",,"{""dataset"":{""source"":""synthetic"",""name"":""exp6_stripe__nr100000__ns100000__a1_000em01__g1"",""dim"":2,""path_r"":"""",""path_s"":"""",""synthetic"":{""generator"":""stripe"",""n_r"":100000,""n_s"":100000,""alpha"":0.1,""seed"":1}},""run"":{""method"":""ours"",""variant"":""enum_sampling"",""t"":100000,""seed"":1,""repeats"":3,""j_star"":1000000,""enum_cap"":0,""write_samples"":false,""verify"":false},""output"":{""out_dir"":""/home/dhy/PhD/SIGMOD-EXP/EXP-2/run/temp/exp6"",""run_tag"":""""},""sys"":{""threads"":1},""logging"":{""level"":""INFO"",""with_timestamp"":true,""with_thread_id"":false}}","{""generator"":""stripe_ctrl_alpha"",""dataset"":""exp6_stripe__nr100000__ns100000__a1_000em01__g1"",""n_r"":100000,""n_s"":100000,""has_exact_k"":true,""k_target"":20000,""k_achieved"":20000,""alpha_target"":0.1,""alpha_achieved"":0.1,""notes"":""control_axis=1, core=[0.45,0.55], g=9.9999e-07, h=9e-06, delta=2.49998e-07, shuffle_strips=1, shuffle_r=0, k_overridden=0""}"
exp6_stripe__nr100000__ns100000__a1_000em01__g1,stripe,0.1,100000,100000,ours,enum_sampling,100000,1,2,1,470.926,20000,1,1,0,0,,0,"{""build_active_indices_ms"":5.500987,""build_events_ms"":43.363004,""build_ranks_ms"":40.055083,""build_y_domain_ms"":14.021084,""run_build_ms"":103.325600,""run_draw_ranks_ms"":8.299061,""run_enum_pass1_count_ms"":221.414491,""run_enum_pass2_select_ms"":92.593940,""run_enum_prepare_ms"":1.517249}",,"{""dataset"":{""source"":""synthetic"",""name"":""exp6_stripe__nr100000__ns100000__a1_000em01__g1"",""dim"":2,""path_r"":"""",""path_s"":"""",""synthetic"":{""generator"":""stripe"",""n_r"":100000,""n_s"":100000,""alpha"":0.1,""seed"":1}},""run"":{""method"":""ours"",""variant"":""enum_sampling"",""t"":100000,""seed"":1,""repeats"":3,""j_star"":1000000,""enum_cap"":0,""write_samples"":false,""verify"":false},""output"":{""out_dir"":""/home/dhy/PhD/SIGMOD-EXP/EXP-2/run/temp/exp6"",""run_tag"":""""},""sys"":{""threads"":1},""logging"":{""level"":""INFO"",""with_timestamp"":true,""with_thread_id"":false}}","{""generator"":""stripe_ctrl_alpha"",""dataset"":""exp6_stripe__nr100000__ns100000__a1_000em01__g1"",""n_r"":100000,""n_s"":100000,""has_exact_k"":true,""k_target"":20000,""k_achieved"":20000,""alpha_target"":0.1,""alpha_achieved"":0.1,""notes"":""control_axis=1, core=[0.45,0.55], g=9.9999e-07, h=9e-06, delta=2.49998e-07, shuffle_strips=1, shuffle_r=0, k_overridden=0""}"
exp6_stripe__nr100000__ns100000__a1_000em01__g1,stripe,0.1,100000,100000,ours,enum_sampling,100000,2,3,1,469.574,20000,1,1,0,0,,0,"{""build_active_indices_ms"":5.500747,""build_events_ms"":42.126480,""build_ranks_ms"":40.065912,""build_y_domain_ms"":14.020124,""run_build_ms"":102.099515,""run_draw_ranks_ms"":8.311691,""run_enum_pass1_count_ms"":220.810113,""run_enum_pass2_select_ms"":92.900834,""run_enum_prepare_ms"":1.524249}",,"{""dataset"":{""source"":""synthetic"",""name"":""exp6_stripe__nr100000__ns100000__a1_000em01__g1"",""dim"":2,""path_r"":"""",""path_s"":"""",""synthetic"":{""generator"":""stripe"",""n_r"":100000,""n_s"":100000,""alpha"":0.1,""seed"":1}},""run"":{""method"":""ours"",""variant"":""enum_sampling"",""t"":100000,""seed"":1,""repeats"":3,""j_star"":1000000,""enum_cap"":0,""write_samples"":false,""verify"":false},""output"":{""out_dir"":""/home/dhy/PhD/SIGMOD-EXP/EXP-2/run/temp/exp6"",""run_tag"":""""},""sys"":{""threads"":1},""logging"":{""level"":""INFO"",""with_timestamp"":true,""with_thread_id"":false}}","{""generator"":""stripe_ctrl_alpha"",""dataset"":""exp6_stripe__nr100000__ns100000__a1_000em01__g1"",""n_r"":100000,""n_s"":100000,""has_exact_k"":true,""k_target"":20000,""k_achieved"":20000,""alpha_target"":0.1,""alpha_achieved"":0.1,""notes"":""control_axis=1, core=[0.45,0.55], g=9.9999e-07, h=9e-06, delta=2.49998e-07, shuffle_strips=1, shuffle_r=0, k_overridden=0""}"
exp6_stripe__nr100000__ns100000__a1_000em01__g1,stripe,0.1,100000,100000,ours,adaptive,100000,0,1,1,320.619,20000,1,1,0,0,enumerate_all,20000,"{""build_active_indices_ms"":5.628415,""build_events_ms"":34.840299,""build_ranks_ms"":41.393815,""build_y_domain_ms"":14.000104,""run_build_ms"":96.399022,""run_pilot_enum_prepare_ms"":1.510439,""run_pilot_enum_scan_ms"":222.245603,""run_small_join_sample_from_list_ms"":0.452301}",,"{""dataset"":{""source"":""synthetic"",""name"":""exp6_stripe__nr100000__ns100000__a1_000em01__g1"",""dim"":2,""path_r"":"""",""path_s"":"""",""synthetic"":{""generator"":""stripe"",""n_r"":100000,""n_s"":100000,""alpha"":0.1,""seed"":1}},""run"":{""method"":""ours"",""variant"":""adaptive"",""t"":100000,""seed"":1,""repeats"":3,""j_star"":1000000,""enum_cap"":0,""write_samples"":false,""verify"":false},""output"":{""out_dir"":""/home/dhy/PhD/SIGMOD-EXP/EXP-2/run/temp/exp6"",""run_tag"":""""},""sys"":{""threads"":1},""logging"":{""level"":""INFO"",""with_timestamp"":true,""with_thread_id"":false}}","{""generator"":""stripe_ctrl_alpha"",""dataset"":""exp6_stripe__nr100000__ns100000__a1_000em01__g1"",""n_r"":100000,""n_s"":100000,""has_exact_k"":true,""k_target"":20000,""k_achieved"":20000,""alpha_target"":0.1,""alpha_achieved"":0.1,""notes"":""control_axis=1, core=[0.45,0.55], g=9.9999e-07, h=9e-06, delta=2.49998e-07, shuffle_strips=1, shuffle_r=0, k_overridden=0""}"
exp6_stripe__nr100000__ns100000__a1_000em01__g1,stripe,0.1,100000,100000,ours,adaptive,100000,1,2,1,371.22,20000,1,1,0,0,enumerate_all,20000,"{""build_active_indices_ms"":5.512427,""build_events_ms"":42.099510,""build_ranks_ms"":40.047543,""build_y_domain_ms"":13.996945,""run_build_ms"":102.167864,""run_pilot_enum_prepare_ms"":1.523619,""run_pilot_enum_scan_ms"":221.893571,""run_small_join_sample_from_list_ms"":0.305313}",,"{""dataset"":{""source"":""synthetic"",""name"":""exp6_stripe__nr100000__ns100000__a1_000em01__g1"",""dim"":2,""path_r"":"""",""path_s"":"""",""synthetic"":{""generator"":""stripe"",""n_r"":100000,""n_s"":100000,""alpha"":0.1,""seed"":1}},""run"":{""method"":""ours"",""variant"":""adaptive"",""t"":100000,""seed"":1,""repeats"":3,""j_star"":1000000,""enum_cap"":0,""write_samples"":false,""verify"":false},""output"":{""out_dir"":""/home/dhy/PhD/SIGMOD-EXP/EXP-2/run/temp/exp6"",""run_tag"":""""},""sys"":{""threads"":1},""logging"":{""level"":""INFO"",""with_timestamp"":true,""with_thread_id"":false}}","{""generator"":""stripe_ctrl_alpha"",""dataset"":""exp6_stripe__nr100000__ns100000__a1_000em01__g1"",""n_r"":100000,""n_s"":100000,""has_exact_k"":true,""k_target"":20000,""k_achieved"":20000,""alpha_target"":0.1,""alpha_achieved"":0.1,""notes"":""control_axis=1, core=[0.45,0.55], g=9.9999e-07, h=9e-06, delta=2.49998e-07, shuffle_strips=1, shuffle_r=0, k_overridden=0""}"
exp6_stripe__nr100000__ns100000__a1_000em01__g1,stripe,0.1,100000,100000,ours,adaptive,100000,2,3,1,370.689,20000,1,1,0,0,enumerate_all,20000,"{""build_active_indices_ms"":5.529677,""build_events_ms"":42.060181,""build_ranks_ms"":40.042812,""build_y_domain_ms"":13.988785,""run_build_ms"":102.117835,""run_pilot_enum_prepare_ms"":1.539249,""run_pilot_enum_scan_ms"":223.101936,""run_small_join_sample_from_list_ms"":0.268595}",,"{""dataset"":{""source"":""synthetic"",""name"":""exp6_stripe__nr100000__ns100000__a1_000em01__g1"",""dim"":2,""path_r"":"""",""path_s"":"""",""synthetic"":{""generator"":""stripe"",""n_r"":100000,""n_s"":100000,""alpha"":0.1,""seed"":1}},""run"":{""method"":""ours"",""variant"":""adaptive"",""t"":100000,""seed"":1,""repeats"":3,""j_star"":1000000,""enum_cap"":0,""write_samples"":false,""verify"":false},""output"":{""out_dir"":""/home/dhy/PhD/SIGMOD-EXP/EXP-2/run/temp/exp6"",""run_tag"":""""},""sys"":{""threads"":1},""logging"":{""level"":""INFO"",""with_timestamp"":true,""with_thread_id"":false}}","{""generator"":""stripe_ctrl_alpha"",""dataset"":""exp6_stripe__nr100000__ns100000__a1_000em01__g1"",""n_r"":100000,""n_s"":100000,""has_exact_k"":true,""k_target"":20000,""k_achieved"":20000,""alpha_target"":0.1,""alpha_achieved"":0.1,""notes"":""control_axis=1, core=[0.45,0.55], g=9.9999e-07, h=9e-06, delta=2.49998e-07, shuffle_strips=1, shuffle_r=0, k_overridden=0""}"
exp6_stripe__nr100000__ns100000__a1_000em01__g1,stripe,0.1,100000,100000,ours,sampling,300000,0,1,1,466.041,20000,1,0,0,0,,0,"{""build_active_indices_ms"":5.621095,""build_events_ms"":34.812790,""build_ranks_ms"":40.046742,""build_y_domain_ms"":14.013704,""phase1_count_ms"":221.718954,""phase2_plan_ms"":9.718672,""phase3_sample_ms"":139.503893,""run_build_ms"":95.007241,""run_count_ms"":221.721954,""run_sample_ms"":149.308363}",,"{""dataset"":{""source"":""synthetic"",""name"":""exp6_stripe__nr100000__ns100000__a1_000em01__g1"",""dim"":2,""path_r"":"""",""path_s"":"""",""synthetic"":{""generator"":""stripe"",""n_r"":100000,""n_s"":100000,""alpha"":0.1,""seed"":1}},""run"":{""method"":""ours"",""variant"":""sampling"",""t"":300000,""seed"":1,""repeats"":3,""j_star"":1000000,""enum_cap"":0,""write_samples"":false,""verify"":false},""output"":{""out_dir"":""/home/dhy/PhD/SIGMOD-EXP/EXP-2/run/temp/exp6"",""run_tag"":""""},""sys"":{""threads"":1},""logging"":{""level"":""INFO"",""with_timestamp"":true,""with_thread_id"":false}}","{""generator"":""stripe_ctrl_alpha"",""dataset"":""exp6_stripe__nr100000__ns100000__a1_000em01__g1"",""n_r"":100000,""n_s"":100000,""has_exact_k"":true,""k_target"":20000,""k_achieved"":20000,""alpha_target"":0.1,""alpha_achieved"":0.1,""notes"":""control_axis=1, core=[0.45,0.55], g=9.9999e-07, h=9e-06, delta=2.49998e-07, shuffle_strips=1, shuffle_r=0, k_overridden=0""}"
exp6_stripe__nr100000__ns100000__a1_000em01__g1,stripe,0.1,100000,100000,ours,sampling,300000,1,2,1,519.058,20000,1,0,0,0,,0,"{""build_active_indices_ms"":5.494797,""build_events_ms"":42.174549,""build_ranks_ms"":40.049534,""build_y_domain_ms"":13.983265,""phase1_count_ms"":223.750893,""phase2_plan_ms"":9.539015,""phase3_sample_ms"":140.758537,""run_build_ms"":102.206694,""run_count_ms"":223.754033,""run_sample_ms"":150.382531}",,"{""dataset"":{""source"":""synthetic"",""name"":""exp6_stripe__nr100000__ns100000__a1_000em01__g1"",""dim"":2,""path_r"":"""",""path_s"":"""",""synthetic"":{""generator"":""stripe"",""n_r"":100000,""n_s"":100000,""alpha"":0.1,""seed"":1}},""run"":{""method"":""ours"",""variant"":""sampling"",""t"":300000,""seed"":1,""repeats"":3,""j_star"":1000000,""enum_cap"":0,""write_samples"":false,""verify"":false},""output"":{""out_dir"":""/home/dhy/PhD/SIGMOD-EXP/EXP-2/run/temp/exp6"",""run_tag"":""""},""sys"":{""threads"":1},""logging"":{""level"":""INFO"",""with_timestamp"":true,""with_thread_id"":false}}","{""generator"":""stripe_ctrl_alpha"",""dataset"":""exp6_stripe__nr100000__ns100000__a1_000em01__g1"",""n_r"":100000,""n_s"":100000,""has_exact_k"":true,""k_target"":20000,""k_achieved"":20000,""alpha_target"":0.1,""alpha_achieved"":0.1,""notes"":""control_axis=1, core=[0.45,0.55], g=9.9999e-07, h=9e-06, delta=2.49998e-07, shuffle_strips=1, shuffle_r=0, k_overridden=0""}"
exp6_stripe__nr100000__ns100000__a1_000em01__g1,stripe,0.1,100000,100000,ours,sampling,300000,2,3,1,516.189,20000,1,0,0,0,,0,"{""build_active_indices_ms"":5.449459,""build_events_ms"":42.046712,""build_ranks_ms"":40.045443,""build_y_domain_ms"":14.001783,""phase1_count_ms"":222.287923,""phase2_plan_ms"":9.718192,""phase3_sample_ms"":139.306747,""run_build_ms"":102.048567,""run_count_ms"":222.291873,""run_sample_ms"":149.111397}",,"{""dataset"":{""source"":""synthetic"",""name"":""exp6_stripe__nr100000__ns100000__a1_000em01__g1"",""dim"":2,""path_r"":"""",""path_s"":"""",""synthetic"":{""generator"":""stripe"",""n_r"":100000,""n_s"":100000,""alpha"":0.1,""seed"":1}},""run"":{""method"":""ours"",""variant"":""sampling"",""t"":300000,""seed"":1,""repeats"":3,""j_star"":1000000,""enum_cap"":0,""write_samples"":false,""verify"":false},""output"":{""out_dir"":""/home/dhy/PhD/SIGMOD-EXP/EXP-2/run/temp/exp6"",""run_tag"":""""},""sys"":{""threads"":1},""logging"":{""level"":""INFO"",""with_timestamp"":true,""with_thread_id"":false}}","{""generator"":""stripe_ctrl_alpha"",""dataset"":""exp6_stripe__nr100000__ns100000__a1_000em01__g1"",""n_r"":100000,""n_s"":100000,""has_exact_k"":true,""k_target"":20000,""k_achieved"":20000,""alpha_target"":0.1,""alpha_achieved"":0.1,""notes"":""control_axis=1, core=[0.45,0.55], g=9.9999e-07, h=9e-06, delta=2.49998e-07, shuffle_strips=1, shuffle_r=0, k_overridden=0""}"
exp6_stripe__nr100000__ns100000__a1_000em01__g1,stripe,0.1,100000,100000,ours,enum_sampling,300000,0,1,1,444.253,20000,1,1,0,0,,0,"{""build_active_indices_ms"":8.069215,""build_events_ms"":34.781800,""build_ranks_ms"":40.075622,""build_y_domain_ms"":13.993984,""run_build_ms"":97.311654,""run_draw_ranks_ms"":27.658116,""run_enum_pass1_count_ms"":220.908861,""run_enum_pass2_select_ms"":95.329054,""run_enum_prepare_ms"":1.570448}",,"{""dataset"":{""source"":""synthetic"",""name"":""exp6_stripe__nr100000__ns100000__a1_000em01__g1"",""dim"":2,""path_r"":"""",""path_s"":"""",""synthetic"":{""generator"":""stripe"",""n_r"":100000,""n_s"":100000,""alpha"":0.1,""seed"":1}},""run"":{""method"":""ours"",""variant"":""enum_sampling"",""t"":300000,""seed"":1,""repeats"":3,""j_star"":1000000,""enum_cap"":0,""write_samples"":false,""verify"":false},""output"":{""out_dir"":""/home/dhy/PhD/SIGMOD-EXP/EXP-2/run/temp/exp6"",""run_tag"":""""},""sys"":{""threads"":1},""logging"":{""level"":""INFO"",""with_timestamp"":true,""with_thread_id"":false}}","{""generator"":""stripe_ctrl_alpha"",""dataset"":""exp6_stripe__nr100000__ns100000__a1_000em01__g1"",""n_r"":100000,""n_s"":100000,""has_exact_k"":true,""k_target"":20000,""k_achieved"":20000,""alpha_target"":0.1,""alpha_achieved"":0.1,""notes"":""control_axis=1, core=[0.45,0.55], g=9.9999e-07, h=9e-06, delta=2.49998e-07, shuffle_strips=1, shuffle_r=0, k_overridden=0""}"
exp6_stripe__nr100000__ns100000__a1_000em01__g1,stripe,0.1,100000,100000,ours,enum_sampling,300000,1,2,1,490.776,20000,1,1,0,0,,0,"{""build_active_indices_ms"":5.467148,""build_events_ms"":42.622881,""build_ranks_ms"":40.030832,""build_y_domain_ms"":13.999235,""run_build_ms"":102.506259,""run_draw_ranks_ms"":27.587317,""run_enum_pass1_count_ms"":221.185706,""run_enum_pass2_select_ms"":93.926844,""run_enum_prepare_ms"":1.517120}",,"{""dataset"":{""source"":""synthetic"",""name"":""exp6_stripe__nr100000__ns100000__a1_000em01__g1"",""dim"":2,""path_r"":"""",""path_s"":"""",""synthetic"":{""generator"":""stripe"",""n_r"":100000,""n_s"":100000,""alpha"":0.1,""seed"":1}},""run"":{""method"":""ours"",""variant"":""enum_sampling"",""t"":300000,""seed"":1,""repeats"":3,""j_star"":1000000,""enum_cap"":0,""write_samples"":false,""verify"":false},""output"":{""out_dir"":""/home/dhy/PhD/SIGMOD-EXP/EXP-2/run/temp/exp6"",""run_tag"":""""},""sys"":{""threads"":1},""logging"":{""level"":""INFO"",""with_timestamp"":true,""with_thread_id"":false}}","{""generator"":""stripe_ctrl_alpha"",""dataset"":""exp6_stripe__nr100000__ns100000__a1_000em01__g1"",""n_r"":100000,""n_s"":100000,""has_exact_k"":true,""k_target"":20000,""k_achieved"":20000,""alpha_target"":0.1,""alpha_achieved"":0.1,""notes"":""control_axis=1, core=[0.45,0.55], g=9.9999e-07, h=9e-06, delta=2.49998e-07, shuffle_strips=1, shuffle_r=0, k_overridden=0""}"
exp6_stripe__nr100000__ns100000__a1_000em01__g1,stripe,0.1,100000,100000,ours,enum_sampling,300000,2,3,1,492.812,20000,1,1,0,0,,0,"{""build_active_indices_ms"":5.454908,""build_events_ms"":42.143550,""build_ranks_ms"":40.021772,""build_y_domain_ms"":13.994795,""run_build_ms"":102.003338,""run_draw_ranks_ms"":27.516919,""run_enum_pass1_count_ms"":220.998650,""run_enum_pass2_select_ms"":93.791536,""run_enum_prepare_ms"":1.502039}",,"{""dataset"":{""source"":""synthetic"",""name"":""exp6_stripe__nr100000__ns100000__a1_000em01__g1"",""dim"":2,""path_r"":"""",""path_s"":"""",""synthetic"":{""generator"":""stripe"",""n_r"":100000,""n_s"":100000,""alpha"":0.1,""seed"":1}},""run"":{""method"":""ours"",""variant"":""enum_sampling"",""t"":300000,""seed"":1,""repeats"":3,""j_star"":1000000,""enum_cap"":0,""write_samples"":false,""verify"":false},""output"":{""out_dir"":""/home/dhy/PhD/SIGMOD-EXP/EXP-2/run/temp/exp6"",""run_tag"":""""},""sys"":{""threads"":1},""logging"":{""level"":""INFO"",""with_timestamp"":true,""with_thread_id"":false}}","{""generator"":""stripe_ctrl_alpha"",""dataset"":""exp6_stripe__nr100000__ns100000__a1_000em01__g1"",""n_r"":100000,""n_s"":100000,""has_exact_k"":true,""k_target"":20000,""k_achieved"":20000,""alpha_target"":0.1,""alpha_achieved"":0.1,""notes"":""control_axis=1, core=[0.45,0.55], g=9.9999e-07, h=9e-06, delta=2.49998e-07, shuffle_strips=1, shuffle_r=0, k_overridden=0""}"
exp6_stripe__nr100000__ns100000__a1_000em01__g1,stripe,0.1,100000,100000,ours,adaptive,300000,0,1,1,318.874,20000,1,1,0,0,enumerate_all,20000,"{""build_active_indices_ms"":5.575867,""build_events_ms"":34.822960,""build_ranks_ms"":40.046672,""build_y_domain_ms"":13.992504,""run_build_ms"":94.962392,""run_pilot_enum_prepare_ms"":1.513909,""run_pilot_enum_scan_ms"":221.258515,""run_small_join_sample_from_list_ms"":1.126887}",,"{""dataset"":{""source"":""synthetic"",""name"":""exp6_stripe__nr100000__ns100000__a1_000em01__g1"",""dim"":2,""path_r"":"""",""path_s"":"""",""synthetic"":{""generator"":""stripe"",""n_r"":100000,""n_s"":100000,""alpha"":0.1,""seed"":1}},""run"":{""method"":""ours"",""variant"":""adaptive"",""t"":300000,""seed"":1,""repeats"":3,""j_star"":1000000,""enum_cap"":0,""write_samples"":false,""verify"":false},""output"":{""out_dir"":""/home/dhy/PhD/SIGMOD-EXP/EXP-2/run/temp/exp6"",""run_tag"":""""},""sys"":{""threads"":1},""logging"":{""level"":""INFO"",""with_timestamp"":true,""with_thread_id"":false}}","{""generator"":""stripe_ctrl_alpha"",""dataset"":""exp6_stripe__nr100000__ns100000__a1_000em01__g1"",""n_r"":100000,""n_s"":100000,""has_exact_k"":true,""k_target"":20000,""k_achieved"":20000,""alpha_target"":0.1,""alpha_achieved"":0.1,""notes"":""control_axis=1, core=[0.45,0.55], g=9.9999e-07, h=9e-06, delta=2.49998e-07, shuffle_strips=1, shuffle_r=0, k_overridden=0""}"
exp6_stripe__nr100000__ns100000__a1_000em01__g1,stripe,0.1,100000,100000,ours,adaptive,300000,1,2,1,370.367,20000,1,1,0,0,enumerate_all,20000,"{""build_active_indices_ms"":5.494688,""build_events_ms"":42.155890,""build_ranks_ms"":40.047023,""build_y_domain_ms"":14.025064,""run_build_ms"":102.218374,""run_pilot_enum_prepare_ms"":1.530249,""run_pilot_enum_scan_ms"":221.842413,""run_small_join_sample_from_list_ms"":0.700336}",,"{""dataset"":{""source"":""synthetic"",""name"":""exp6_stripe__nr100000__ns100000__a1_000em01__g1"",""dim"":2,""path_r"":"""",""path_s"":"""",""synthetic"":{""generator"":""stripe"",""n_r"":100000,""n_s"":100000,""alpha"":0.1,""seed"":1}},""run"":{""method"":""ours"",""variant"":""adaptive"",""t"":300000,""seed"":1,""repeats"":3,""j_star"":1000000,""enum_cap"":0,""write_samples"":false,""verify"":false},""output"":{""out_dir"":""/home/dhy/PhD/SIGMOD-EXP/EXP-2/run/temp/exp6"",""run_tag"":""""},""sys"":{""threads"":1},""logging"":{""level"":""INFO"",""with_timestamp"":true,""with_thread_id"":false}}","{""generator"":""stripe_ctrl_alpha"",""dataset"":""exp6_stripe__nr100000__ns100000__a1_000em01__g1"",""n_r"":100000,""n_s"":100000,""has_exact_k"":true,""k_target"":20000,""k_achieved"":20000,""alpha_target"":0.1,""alpha_achieved"":0.1,""notes"":""control_axis=1, core=[0.45,0.55], g=9.9999e-07, h=9e-06, delta=2.49998e-07, shuffle_strips=1, shuffle_r=0, k_overridden=0""}"
exp6_stripe__nr100000__ns100000__a1_000em01__g1,stripe,0.1,100000,100000,ours,adaptive,300000,2,3,1,375.205,20000,1,1,0,0,enumerate_all,20000,"{""build_active_indices_ms"":5.510248,""build_events_ms"":42.504003,""build_ranks_ms"":40.042002,""build_y_domain_ms"":13.995985,""run_build_ms"":102.547718,""run_pilot_enum_prepare_ms"":1.518438,""run_pilot_enum_scan_ms"":222.313004,""run_small_join_sample_from_list_ms"":0.812093}",,"{""dataset"":{""source"":""synthetic"",""name"":""exp6_stripe__nr100000__ns100000__a1_000em01__g1"",""dim"":2,""path_r"":"""",""path_s"":"""",""synthetic"":{""generator"":""stripe"",""n_r"":100000,""n_s"":100000,""alpha"":0.1,""seed"":1}},""run"":{""method"":""ours"",""variant"":""adaptive"",""t"":300000,""seed"":1,""repeats"":3,""j_star"":1000000,""enum_cap"":0,""write_samples"":false,""verify"":false},""output"":{""out_dir"":""/home/dhy/PhD/SIGMOD-EXP/EXP-2/run/temp/exp6"",""run_tag"":""""},""sys"":{""threads"":1},""logging"":{""level"":""INFO"",""with_timestamp"":true,""with_thread_id"":false}}","{""generator"":""stripe_ctrl_alpha"",""dataset"":""exp6_stripe__nr100000__ns100000__a1_000em01__g1"",""n_r"":100000,""n_s"":100000,""has_exact_k"":true,""k_target"":20000,""k_achieved"":20000,""alpha_target"":0.1,""alpha_achieved"":0.1,""notes"":""control_axis=1, core=[0.45,0.55], g=9.9999e-07, h=9e-06, delta=2.49998e-07, shuffle_strips=1, shuffle_r=0, k_overridden=0""}"
exp6_stripe__nr100000__ns100000__a1_000em01__g1,stripe,0.1,100000,100000,ours,sampling,1000000,0,1,1,496.72,20000,1,0,0,0,,0,"{""build_active_indices_ms"":8.594265,""build_events_ms"":34.815860,""build_ranks_ms"":40.065272,""build_y_domain_ms"":14.008114,""phase1_count_ms"":222.083758,""phase2_plan_ms"":25.685086,""phase3_sample_ms"":150.679616,""run_build_ms"":97.993300,""run_count_ms"":222.087687,""run_sample_ms"":176.635155}",,"{""dataset"":{""source"":""synthetic"",""name"":""exp6_stripe__nr100000__ns100000__a1_000em01__g1"",""dim"":2,""path_r"":"""",""path_s"":"""",""synthetic"":{""generator"":""stripe"",""n_r"":100000,""n_s"":100000,""alpha"":0.1,""seed"":1}},""run"":{""method"":""ours"",""variant"":""sampling"",""t"":1000000,""seed"":1,""repeats"":3,""j_star"":1000000,""enum_cap"":0,""write_samples"":false,""verify"":false},""output"":{""out_dir"":""/home/dhy/PhD/SIGMOD-EXP/EXP-2/run/temp/exp6"",""run_tag"":""""},""sys"":{""threads"":1},""logging"":{""level"":""INFO"",""with_timestamp"":true,""with_thread_id"":false}}","{""generator"":""stripe_ctrl_alpha"",""dataset"":""exp6_stripe__nr100000__ns100000__a1_000em01__g1"",""n_r"":100000,""n_s"":100000,""has_exact_k"":true,""k_target"":20000,""k_achieved"":20000,""alpha_target"":0.1,""alpha_achieved"":0.1,""notes"":""control_axis=1, core=[0.45,0.55], g=9.9999e-07, h=9e-06, delta=2.49998e-07, shuffle_strips=1, shuffle_r=0, k_overridden=0""}"
exp6_stripe__nr100000__ns100000__a1_000em01__g1,stripe,0.1,100000,100000,ours,sampling,1000000,1,2,1,541.048,20000,1,0,0,0,,0,"{""build_active_indices_ms"":5.485318,""build_events_ms"":42.824836,""build_ranks_ms"":40.083003,""build_y_domain_ms"":13.996875,""phase1_count_ms"":220.897872,""phase2_plan_ms"":24.013000,""phase3_sample_ms"":150.030328,""run_build_ms"":102.883001,""run_count_ms"":220.901262,""run_sample_ms"":174.315123}",,"{""dataset"":{""source"":""synthetic"",""name"":""exp6_stripe__nr100000__ns100000__a1_000em01__g1"",""dim"":2,""path_r"":"""",""path_s"":"""",""synthetic"":{""generator"":""stripe"",""n_r"":100000,""n_s"":100000,""alpha"":0.1,""seed"":1}},""run"":{""method"":""ours"",""variant"":""sampling"",""t"":1000000,""seed"":1,""repeats"":3,""j_star"":1000000,""enum_cap"":0,""write_samples"":false,""verify"":false},""output"":{""out_dir"":""/home/dhy/PhD/SIGMOD-EXP/EXP-2/run/temp/exp6"",""run_tag"":""""},""sys"":{""threads"":1},""logging"":{""level"":""INFO"",""with_timestamp"":true,""with_thread_id"":false}}","{""generator"":""stripe_ctrl_alpha"",""dataset"":""exp6_stripe__nr100000__ns100000__a1_000em01__g1"",""n_r"":100000,""n_s"":100000,""has_exact_k"":true,""k_target"":20000,""k_achieved"":20000,""alpha_target"":0.1,""alpha_achieved"":0.1,""notes"":""control_axis=1, core=[0.45,0.55], g=9.9999e-07, h=9e-06, delta=2.49998e-07, shuffle_strips=1, shuffle_r=0, k_overridden=0""}"
exp6_stripe__nr100000__ns100000__a1_000em01__g1,stripe,0.1,100000,100000,ours,sampling,1000000,2,3,1,540.277,20000,1,0,0,0,,0,"{""build_active_indices_ms"":5.502008,""build_events_ms"":42.174590,""build_ranks_ms"":40.074582,""build_y_domain_ms"":13.998755,""phase1_count_ms"":221.532479,""phase2_plan_ms"":22.418192,""phase3_sample_ms"":149.391831,""run_build_ms"":102.244854,""run_count_ms"":221.536609,""run_sample_ms"":172.080558}",,"{""dataset"":{""source"":""synthetic"",""name"":""exp6_stripe__nr100000__ns100000__a1_000em01__g1"",""dim"":2,""path_r"":"""",""path_s"":"""",""synthetic"":{""generator"":""stripe"",""n_r"":100000,""n_s"":100000,""alpha"":0.1,""seed"":1}},""run"":{""method"":""ours"",""variant"":""sampling"",""t"":1000000,""seed"":1,""repeats"":3,""j_star"":1000000,""enum_cap"":0,""write_samples"":false,""verify"":false},""output"":{""out_dir"":""/home/dhy/PhD/SIGMOD-EXP/EXP-2/run/temp/exp6"",""run_tag"":""""},""sys"":{""threads"":1},""logging"":{""level"":""INFO"",""with_timestamp"":true,""with_thread_id"":false}}","{""generator"":""stripe_ctrl_alpha"",""dataset"":""exp6_stripe__nr100000__ns100000__a1_000em01__g1"",""n_r"":100000,""n_s"":100000,""has_exact_k"":true,""k_target"":20000,""k_achieved"":20000,""alpha_target"":0.1,""alpha_achieved"":0.1,""notes"":""control_axis=1, core=[0.45,0.55], g=9.9999e-07, h=9e-06, delta=2.49998e-07, shuffle_strips=1, shuffle_r=0, k_overridden=0""}"
exp6_stripe__nr100000__ns100000__a1_000em01__g1,stripe,0.1,100000,100000,ours,enum_sampling,1000000,0,1,1,522.456,20000,1,1,0,0,,0,"{""build_active_indices_ms"":8.075176,""build_events_ms"":34.859408,""build_ranks_ms"":40.075601,""build_y_domain_ms"":14.007784,""run_build_ms"":97.411581,""run_draw_ranks_ms"":99.730554,""run_enum_pass1_count_ms"":222.783803,""run_enum_pass2_select_ms"":96.135018,""run_enum_prepare_ms"":1.568217}",,"{""dataset"":{""source"":""synthetic"",""name"":""exp6_stripe__nr100000__ns100000__a1_000em01__g1"",""dim"":2,""path_r"":"""",""path_s"":"""",""synthetic"":{""generator"":""stripe"",""n_r"":100000,""n_s"":100000,""alpha"":0.1,""seed"":1}},""run"":{""method"":""ours"",""variant"":""enum_sampling"",""t"":1000000,""seed"":1,""repeats"":3,""j_star"":1000000,""enum_cap"":0,""write_samples"":false,""verify"":false},""output"":{""out_dir"":""/home/dhy/PhD/SIGMOD-EXP/EXP-2/run/temp/exp6"",""run_tag"":""""},""sys"":{""threads"":1},""logging"":{""level"":""INFO"",""with_timestamp"":true,""with_thread_id"":false}}","{""generator"":""stripe_ctrl_alpha"",""dataset"":""exp6_stripe__nr100000__ns100000__a1_000em01__g1"",""n_r"":100000,""n_s"":100000,""has_exact_k"":true,""k_target"":20000,""k_achieved"":20000,""alpha_target"":0.1,""alpha_achieved"":0.1,""notes"":""control_axis=1, core=[0.45,0.55], g=9.9999e-07, h=9e-06, delta=2.49998e-07, shuffle_strips=1, shuffle_r=0, k_overridden=0""}"
exp6_stripe__nr100000__ns100000__a1_000em01__g1,stripe,0.1,100000,100000,ours,enum_sampling,1000000,1,2,1,564.924,20000,1,1,0,0,,0,"{""build_active_indices_ms"":5.485209,""build_events_ms"":42.589960,""build_ranks_ms"":39.991324,""build_y_domain_ms"":14.010334,""run_build_ms"":102.462559,""run_draw_ranks_ms"":99.021480,""run_enum_pass1_count_ms"":220.932211,""run_enum_pass2_select_ms"":96.291025,""run_enum_prepare_ms"":1.524078}",,"{""dataset"":{""source"":""synthetic"",""name"":""exp6_stripe__nr100000__ns100000__a1_000em01__g1"",""dim"":2,""path_r"":"""",""path_s"":"""",""synthetic"":{""generator"":""stripe"",""n_r"":100000,""n_s"":100000,""alpha"":0.1,""seed"":1}},""run"":{""method"":""ours"",""variant"":""enum_sampling"",""t"":1000000,""seed"":1,""repeats"":3,""j_star"":1000000,""enum_cap"":0,""write_samples"":false,""verify"":false},""output"":{""out_dir"":""/home/dhy/PhD/SIGMOD-EXP/EXP-2/run/temp/exp6"",""run_tag"":""""},""sys"":{""threads"":1},""logging"":{""level"":""INFO"",""with_timestamp"":true,""with_thread_id"":false}}","{""generator"":""stripe_ctrl_alpha"",""dataset"":""exp6_stripe__nr100000__ns100000__a1_000em01__g1"",""n_r"":100000,""n_s"":100000,""has_exact_k"":true,""k_target"":20000,""k_achieved"":20000,""alpha_target"":0.1,""alpha_achieved"":0.1,""notes"":""control_axis=1, core=[0.45,0.55], g=9.9999e-07, h=9e-06, delta=2.49998e-07, shuffle_strips=1, shuffle_r=0, k_overridden=0""}"
exp6_stripe__nr100000__ns100000__a1_000em01__g1,stripe,0.1,100000,100000,ours,enum_sampling,1000000,2,3,1,571.763,20000,1,1,0,0,,0,"{""build_active_indices_ms"":5.492638,""build_events_ms"":43.315497,""build_ranks_ms"":40.026903,""build_y_domain_ms"":14.003024,""run_build_ms"":103.228514,""run_draw_ranks_ms"":99.576059,""run_enum_pass1_count_ms"":223.199105,""run_enum_pass2_select_ms"":96.048960,""run_enum_prepare_ms"":1.515269}",,"{""dataset"":{""source"":""synthetic"",""name"":""exp6_stripe__nr100000__ns100000__a1_000em01__g1"",""dim"":2,""path_r"":"""",""path_s"":"""",""synthetic"":{""generator"":""stripe"",""n_r"":100000,""n_s"":100000,""alpha"":0.1,""seed"":1}},""run"":{""method"":""ours"",""variant"":""enum_sampling"",""t"":1000000,""seed"":1,""repeats"":3,""j_star"":1000000,""enum_cap"":0,""write_samples"":false,""verify"":false},""output"":{""out_dir"":""/home/dhy/PhD/SIGMOD-EXP/EXP-2/run/temp/exp6"",""run_tag"":""""},""sys"":{""threads"":1},""logging"":{""level"":""INFO"",""with_timestamp"":true,""with_thread_id"":false}}","{""generator"":""stripe_ctrl_alpha"",""dataset"":""exp6_stripe__nr100000__ns100000__a1_000em01__g1"",""n_r"":100000,""n_s"":100000,""has_exact_k"":true,""k_target"":20000,""k_achieved"":20000,""alpha_target"":0.1,""alpha_achieved"":0.1,""notes"":""control_axis=1, core=[0.45,0.55], g=9.9999e-07, h=9e-06, delta=2.49998e-07, shuffle_strips=1, shuffle_r=0, k_overridden=0""}"
exp6_stripe__nr100000__ns100000__a1_000em01__g1,stripe,0.1,100000,100000,ours,adaptive,1000000,0,1,1,324.944,20000,1,1,0,0,enumerate_all,20000,"{""build_active_indices_ms"":8.081235,""build_events_ms"":34.781750,""build_ranks_ms"":40.029524,""build_y_domain_ms"":13.994365,""run_build_ms"":97.397393,""run_pilot_enum_prepare_ms"":1.552578,""run_pilot_enum_scan_ms"":222.371782,""run_small_join_sample_from_list_ms"":3.589477}",,"{""dataset"":{""source"":""synthetic"",""name"":""exp6_stripe__nr100000__ns100000__a1_000em01__g1"",""dim"":2,""path_r"":"""",""path_s"":"""",""synthetic"":{""generator"":""stripe"",""n_r"":100000,""n_s"":100000,""alpha"":0.1,""seed"":1}},""run"":{""method"":""ours"",""variant"":""adaptive"",""t"":1000000,""seed"":1,""repeats"":3,""j_star"":1000000,""enum_cap"":0,""write_samples"":false,""verify"":false},""output"":{""out_dir"":""/home/dhy/PhD/SIGMOD-EXP/EXP-2/run/temp/exp6"",""run_tag"":""""},""sys"":{""threads"":1},""logging"":{""level"":""INFO"",""with_timestamp"":true,""with_thread_id"":false}}","{""generator"":""stripe_ctrl_alpha"",""dataset"":""exp6_stripe__nr100000__ns100000__a1_000em01__g1"",""n_r"":100000,""n_s"":100000,""has_exact_k"":true,""k_target"":20000,""k_achieved"":20000,""alpha_target"":0.1,""alpha_achieved"":0.1,""notes"":""control_axis=1, core=[0.45,0.55], g=9.9999e-07, h=9e-06, delta=2.49998e-07, shuffle_strips=1, shuffle_r=0, k_overridden=0""}"
exp6_stripe__nr100000__ns100000__a1_000em01__g1,stripe,0.1,100000,100000,ours,adaptive,1000000,1,2,1,374.605,20000,1,1,0,0,enumerate_all,20000,"{""build_active_indices_ms"":5.500618,""build_events_ms"":43.530222,""build_ranks_ms"":39.985064,""build_y_domain_ms"":13.984515,""run_build_ms"":103.495417,""run_pilot_enum_prepare_ms"":1.527149,""run_pilot_enum_scan_ms"":224.233794,""run_small_join_sample_from_list_ms"":2.191515}",,"{""dataset"":{""source"":""synthetic"",""name"":""exp6_stripe__nr100000__ns100000__a1_000em01__g1"",""dim"":2,""path_r"":"""",""path_s"":"""",""synthetic"":{""generator"":""stripe"",""n_r"":100000,""n_s"":100000,""alpha"":0.1,""seed"":1}},""run"":{""method"":""ours"",""variant"":""adaptive"",""t"":1000000,""seed"":1,""repeats"":3,""j_star"":1000000,""enum_cap"":0,""write_samples"":false,""verify"":false},""output"":{""out_dir"":""/home/dhy/PhD/SIGMOD-EXP/EXP-2/run/temp/exp6"",""run_tag"":""""},""sys"":{""threads"":1},""logging"":{""level"":""INFO"",""with_timestamp"":true,""with_thread_id"":false}}","{""generator"":""stripe_ctrl_alpha"",""dataset"":""exp6_stripe__nr100000__ns100000__a1_000em01__g1"",""n_r"":100000,""n_s"":100000,""has_exact_k"":true,""k_target"":20000,""k_achieved"":20000,""alpha_target"":0.1,""alpha_achieved"":0.1,""notes"":""control_axis=1, core=[0.45,0.55], g=9.9999e-07, h=9e-06, delta=2.49998e-07, shuffle_strips=1, shuffle_r=0, k_overridden=0""}"
exp6_stripe__nr100000__ns100000__a1_000em01__g1,stripe,0.1,100000,100000,ours,adaptive,1000000,2,3,1,372.363,20000,1,1,0,0,enumerate_all,20000,"{""build_active_indices_ms"":5.483638,""build_events_ms"":42.668308,""build_ranks_ms"":39.996514,""build_y_domain_ms"":14.020584,""run_build_ms"":102.661956,""run_pilot_enum_prepare_ms"":1.535459,""run_pilot_enum_scan_ms"":221.714916,""run_small_join_sample_from_list_ms"":2.326093}",,"{""dataset"":{""source"":""synthetic"",""name"":""exp6_stripe__nr100000__ns100000__a1_000em01__g1"",""dim"":2,""path_r"":"""",""path_s"":"""",""synthetic"":{""generator"":""stripe"",""n_r"":100000,""n_s"":100000,""alpha"":0.1,""seed"":1}},""run"":{""method"":""ours"",""variant"":""adaptive"",""t"":1000000,""seed"":1,""repeats"":3,""j_star"":1000000,""enum_cap"":0,""write_samples"":false,""verify"":false},""output"":{""out_dir"":""/home/dhy/PhD/SIGMOD-EXP/EXP-2/run/temp/exp6"",""run_tag"":""""},""sys"":{""threads"":1},""logging"":{""level"":""INFO"",""with_timestamp"":true,""with_thread_id"":false}}","{""generator"":""stripe_ctrl_alpha"",""dataset"":""exp6_stripe__nr100000__ns100000__a1_000em01__g1"",""n_r"":100000,""n_s"":100000,""has_exact_k"":true,""k_target"":20000,""k_achieved"":20000,""alpha_target"":0.1,""alpha_achieved"":0.1,""notes"":""control_axis=1, core=[0.45,0.55], g=9.9999e-07, h=9e-06, delta=2.49998e-07, shuffle_strips=1, shuffle_r=0, k_overridden=0""}"
exp6_stripe__nr100000__ns100000__a3_000em01__g1,stripe,0.3,100000,100000,ours,sampling,1000,0,1,1,463.066,60000,1,0,0,0,,0,"{""build_active_indices_ms"":8.549015,""build_events_ms"":35.106054,""build_ranks_ms"":39.920086,""build_y_domain_ms"":13.984195,""phase1_count_ms"":222.619957,""phase2_plan_ms"":5.252953,""phase3_sample_ms"":137.118152,""run_build_ms"":98.062180,""run_count_ms"":222.623457,""run_sample_ms"":142.377395}",,"{""dataset"":{""source"":""synthetic"",""name"":""exp6_stripe__nr100000__ns100000__a3_000em01__g1"",""dim"":2,""path_r"":"""",""path_s"":"""",""synthetic"":{""generator"":""stripe"",""n_r"":100000,""n_s"":100000,""alpha"":0.3,""seed"":1}},""run"":{""method"":""ours"",""variant"":""sampling"",""t"":1000,""seed"":1,""repeats"":3,""j_star"":1000000,""enum_cap"":0,""write_samples"":false,""verify"":false},""output"":{""out_dir"":""/home/dhy/PhD/SIGMOD-EXP/EXP-2/run/temp/exp6"",""run_tag"":""""},""sys"":{""threads"":1},""logging"":{""level"":""INFO"",""with_timestamp"":true,""with_thread_id"":false}}","{""generator"":""stripe_ctrl_alpha"",""dataset"":""exp6_stripe__nr100000__ns100000__a3_000em01__g1"",""n_r"":100000,""n_s"":100000,""has_exact_k"":true,""k_target"":60000,""k_achieved"":60000,""alpha_target"":0.3,""alpha_achieved"":0.3,""notes"":""control_axis=1, core=[0.45,0.55], g=9.9999e-07, h=9e-06, delta=2.49998e-07, shuffle_strips=1, shuffle_r=0, k_overridden=0""}"
exp6_stripe__nr100000__ns100000__a3_000em01__g1,stripe,0.3,100000,100000,ours,sampling,1000,1,2,1,510.475,60000,1,0,0,0,,0,"{""build_active_indices_ms"":5.459049,""build_events_ms"":42.955023,""build_ranks_ms"":39.976794,""build_y_domain_ms"":13.977135,""phase1_count_ms"":222.495221,""phase2_plan_ms"":4.072326,""phase3_sample_ms"":134.307490,""run_build_ms"":102.870930,""run_count_ms"":222.498760,""run_sample_ms"":138.384957}",,"{""dataset"":{""source"":""synthetic"",""name"":""exp6_stripe__nr100000__ns100000__a3_000em01__g1"",""dim"":2,""path_r"":"""",""path_s"":"""",""synthetic"":{""generator"":""stripe"",""n_r"":100000,""n_s"":100000,""alpha"":0.3,""seed"":1}},""run"":{""method"":""ours"",""variant"":""sampling"",""t"":1000,""seed"":1,""repeats"":3,""j_star"":1000000,""enum_cap"":0,""write_samples"":false,""verify"":false},""output"":{""out_dir"":""/home/dhy/PhD/SIGMOD-EXP/EXP-2/run/temp/exp6"",""run_tag"":""""},""sys"":{""threads"":1},""logging"":{""level"":""INFO"",""with_timestamp"":true,""with_thread_id"":false}}","{""generator"":""stripe_ctrl_alpha"",""dataset"":""exp6_stripe__nr100000__ns100000__a3_000em01__g1"",""n_r"":100000,""n_s"":100000,""has_exact_k"":true,""k_target"":60000,""k_achieved"":60000,""alpha_target"":0.3,""alpha_achieved"":0.3,""notes"":""control_axis=1, core=[0.45,0.55], g=9.9999e-07, h=9e-06, delta=2.49998e-07, shuffle_strips=1, shuffle_r=0, k_overridden=0""}"
exp6_stripe__nr100000__ns100000__a3_000em01__g1,stripe,0.3,100000,100000,ours,sampling,1000,2,3,1,505.739,60000,1,0,0,0,,0,"{""build_active_indices_ms"":5.509858,""build_events_ms"":42.353635,""build_ranks_ms"":39.920906,""build_y_domain_ms"":13.981535,""phase1_count_ms"":220.686917,""phase2_plan_ms"":3.848701,""phase3_sample_ms"":136.187291,""run_build_ms"":102.262353,""run_count_ms"":220.690207,""run_sample_ms"":140.042412}",,"{""dataset"":{""source"":""synthetic"",""name"":""exp6_stripe__nr100000__ns100000__a3_000em01__g1"",""dim"":2,""path_r"":"""",""path_s"":"""",""synthetic"":{""generator"":""stripe"",""n_r"":100000,""n_s"":100000,""alpha"":0.3,""seed"":1}},""run"":{""method"":""ours"",""variant"":""sampling"",""t"":1000,""seed"":1,""repeats"":3,""j_star"":1000000,""enum_cap"":0,""write_samples"":false,""verify"":false},""output"":{""out_dir"":""/home/dhy/PhD/SIGMOD-EXP/EXP-2/run/temp/exp6"",""run_tag"":""""},""sys"":{""threads"":1},""logging"":{""level"":""INFO"",""with_timestamp"":true,""with_thread_id"":false}}","{""generator"":""stripe_ctrl_alpha"",""dataset"":""exp6_stripe__nr100000__ns100000__a3_000em01__g1"",""n_r"":100000,""n_s"":100000,""has_exact_k"":true,""k_target"":60000,""k_achieved"":60000,""alpha_target"":0.3,""alpha_achieved"":0.3,""notes"":""control_axis=1, core=[0.45,0.55], g=9.9999e-07, h=9e-06, delta=2.49998e-07, shuffle_strips=1, shuffle_r=0, k_overridden=0""}"
exp6_stripe__nr100000__ns100000__a3_000em01__g1,stripe,0.3,100000,100000,ours,enum_sampling,1000,0,1,1,416.876,60000,1,1,0,0,,0,"{""build_active_indices_ms"":8.927738,""build_events_ms"":35.132893,""build_ranks_ms"":39.993574,""build_y_domain_ms"":13.973865,""run_build_ms"":98.423622,""run_draw_ranks_ms"":0.047939,""run_enum_pass1_count_ms"":225.145936,""run_enum_pass2_select_ms"":91.690699,""run_enum_prepare_ms"":1.552028}",,"{""dataset"":{""source"":""synthetic"",""name"":""exp6_stripe__nr100000__ns100000__a3_000em01__g1"",""dim"":2,""path_r"":"""",""path_s"":"""",""synthetic"":{""generator"":""stripe"",""n_r"":100000,""n_s"":100000,""alpha"":0.3,""seed"":1}},""run"":{""method"":""ours"",""variant"":""enum_sampling"",""t"":1000,""seed"":1,""repeats"":3,""j_star"":1000000,""enum_cap"":0,""write_samples"":false,""verify"":false},""output"":{""out_dir"":""/home/dhy/PhD/SIGMOD-EXP/EXP-2/run/temp/exp6"",""run_tag"":""""},""sys"":{""threads"":1},""logging"":{""level"":""INFO"",""with_timestamp"":true,""with_thread_id"":false}}","{""generator"":""stripe_ctrl_alpha"",""dataset"":""exp6_stripe__nr100000__ns100000__a3_000em01__g1"",""n_r"":100000,""n_s"":100000,""has_exact_k"":true,""k_target"":60000,""k_achieved"":60000,""alpha_target"":0.3,""alpha_achieved"":0.3,""notes"":""control_axis=1, core=[0.45,0.55], g=9.9999e-07, h=9e-06, delta=2.49998e-07, shuffle_strips=1, shuffle_r=0, k_overridden=0""}"
exp6_stripe__nr100000__ns100000__a3_000em01__g1,stripe,0.3,100000,100000,ours,enum_sampling,1000,1,2,1,465.36,60000,1,1,0,0,,0,"{""build_active_indices_ms"":5.528847,""build_events_ms"":43.804666,""build_ranks_ms"":39.998444,""build_y_domain_ms"":14.016884,""run_build_ms"":103.735154,""run_draw_ranks_ms"":0.047179,""run_enum_pass1_count_ms"":223.668846,""run_enum_pass2_select_ms"":92.183939,""run_enum_prepare_ms"":1.506469}",,"{""dataset"":{""source"":""synthetic"",""name"":""exp6_stripe__nr100000__ns100000__a3_000em01__g1"",""dim"":2,""path_r"":"""",""path_s"":"""",""synthetic"":{""generator"":""stripe"",""n_r"":100000,""n_s"":100000,""alpha"":0.3,""seed"":1}},""run"":{""method"":""ours"",""variant"":""enum_sampling"",""t"":1000,""seed"":1,""repeats"":3,""j_star"":1000000,""enum_cap"":0,""write_samples"":false,""verify"":false},""output"":{""out_dir"":""/home/dhy/PhD/SIGMOD-EXP/EXP-2/run/temp/exp6"",""run_tag"":""""},""sys"":{""threads"":1},""logging"":{""level"":""INFO"",""with_timestamp"":true,""with_thread_id"":false}}","{""generator"":""stripe_ctrl_alpha"",""dataset"":""exp6_stripe__nr100000__ns100000__a3_000em01__g1"",""n_r"":100000,""n_s"":100000,""has_exact_k"":true,""k_target"":60000,""k_achieved"":60000,""alpha_target"":0.3,""alpha_achieved"":0.3,""notes"":""control_axis=1, core=[0.45,0.55], g=9.9999e-07, h=9e-06, delta=2.49998e-07, shuffle_strips=1, shuffle_r=0, k_overridden=0""}"
exp6_stripe__nr100000__ns100000__a3_000em01__g1,stripe,0.3,100000,100000,ours,enum_sampling,1000,2,3,1,462.675,60000,1,1,0,0,,0,"{""build_active_indices_ms"":5.512588,""build_events_ms"":42.502463,""build_ranks_ms"":39.972724,""build_y_domain_ms"":14.004254,""run_build_ms"":102.376850,""run_draw_ranks_ms"":0.047139,""run_enum_pass1_count_ms"":221.787985,""run_enum_pass2_select_ms"":91.624141,""run_enum_prepare_ms"":1.524029}",,"{""dataset"":{""source"":""synthetic"",""name"":""exp6_stripe__nr100000__ns100000__a3_000em01__g1"",""dim"":2,""path_r"":"""",""path_s"":"""",""synthetic"":{""generator"":""stripe"",""n_r"":100000,""n_s"":100000,""alpha"":0.3,""seed"":1}},""run"":{""method"":""ours"",""variant"":""enum_sampling"",""t"":1000,""seed"":1,""repeats"":3,""j_star"":1000000,""enum_cap"":0,""write_samples"":false,""verify"":false},""output"":{""out_dir"":""/home/dhy/PhD/SIGMOD-EXP/EXP-2/run/temp/exp6"",""run_tag"":""""},""sys"":{""threads"":1},""logging"":{""level"":""INFO"",""with_timestamp"":true,""with_thread_id"":false}}","{""generator"":""stripe_ctrl_alpha"",""dataset"":""exp6_stripe__nr100000__ns100000__a3_000em01__g1"",""n_r"":100000,""n_s"":100000,""has_exact_k"":true,""k_target"":60000,""k_achieved"":60000,""alpha_target"":0.3,""alpha_achieved"":0.3,""notes"":""control_axis=1, core=[0.45,0.55], g=9.9999e-07, h=9e-06, delta=2.49998e-07, shuffle_strips=1, shuffle_r=0, k_overridden=0""}"
exp6_stripe__nr100000__ns100000__a3_000em01__g1,stripe,0.3,100000,100000,ours,adaptive,1000,0,1,1,320.74,60000,1,1,0,0,enumerate_all,60000,"{""build_active_indices_ms"":5.634555,""build_events_ms"":35.123483,""build_ranks_ms"":40.032324,""build_y_domain_ms"":13.985754,""run_build_ms"":95.279535,""run_pilot_enum_prepare_ms"":1.575038,""run_pilot_enum_scan_ms"":223.858183,""run_small_join_sample_from_list_ms"":0.014620}",,"{""dataset"":{""source"":""synthetic"",""name"":""exp6_stripe__nr100000__ns100000__a3_000em01__g1"",""dim"":2,""path_r"":"""",""path_s"":"""",""synthetic"":{""generator"":""stripe"",""n_r"":100000,""n_s"":100000,""alpha"":0.3,""seed"":1}},""run"":{""method"":""ours"",""variant"":""adaptive"",""t"":1000,""seed"":1,""repeats"":3,""j_star"":1000000,""enum_cap"":0,""write_samples"":false,""verify"":false},""output"":{""out_dir"":""/home/dhy/PhD/SIGMOD-EXP/EXP-2/run/temp/exp6"",""run_tag"":""""},""sys"":{""threads"":1},""logging"":{""level"":""INFO"",""with_timestamp"":true,""with_thread_id"":false}}","{""generator"":""stripe_ctrl_alpha"",""dataset"":""exp6_stripe__nr100000__ns100000__a3_000em01__g1"",""n_r"":100000,""n_s"":100000,""has_exact_k"":true,""k_target"":60000,""k_achieved"":60000,""alpha_target"":0.3,""alpha_achieved"":0.3,""notes"":""control_axis=1, core=[0.45,0.55], g=9.9999e-07, h=9e-06, delta=2.49998e-07, shuffle_strips=1, shuffle_r=0, k_overridden=0""}"
exp6_stripe__nr100000__ns100000__a3_000em01__g1,stripe,0.3,100000,100000,ours,adaptive,1000,1,2,1,371.993,60000,1,1,0,0,enumerate_all,60000,"{""build_active_indices_ms"":5.532637,""build_events_ms"":42.605051,""build_ranks_ms"":40.036394,""build_y_domain_ms"":14.003054,""run_build_ms"":102.668906,""run_pilot_enum_prepare_ms"":1.560778,""run_pilot_enum_scan_ms"":224.638936,""run_small_join_sample_from_list_ms"":0.015030}",,"{""dataset"":{""source"":""synthetic"",""name"":""exp6_stripe__nr100000__ns100000__a3_000em01__g1"",""dim"":2,""path_r"":"""",""path_s"":"""",""synthetic"":{""generator"":""stripe"",""n_r"":100000,""n_s"":100000,""alpha"":0.3,""seed"":1}},""run"":{""method"":""ours"",""variant"":""adaptive"",""t"":1000,""seed"":1,""repeats"":3,""j_star"":1000000,""enum_cap"":0,""write_samples"":false,""verify"":false},""output"":{""out_dir"":""/home/dhy/PhD/SIGMOD-EXP/EXP-2/run/temp/exp6"",""run_tag"":""""},""sys"":{""threads"":1},""logging"":{""level"":""INFO"",""with_timestamp"":true,""with_thread_id"":false}}","{""generator"":""stripe_ctrl_alpha"",""dataset"":""exp6_stripe__nr100000__ns100000__a3_000em01__g1"",""n_r"":100000,""n_s"":100000,""has_exact_k"":true,""k_target"":60000,""k_achieved"":60000,""alpha_target"":0.3,""alpha_achieved"":0.3,""notes"":""control_axis=1, core=[0.45,0.55], g=9.9999e-07, h=9e-06, delta=2.49998e-07, shuffle_strips=1, shuffle_r=0, k_overridden=0""}"
exp6_stripe__nr100000__ns100000__a3_000em01__g1,stripe,0.3,100000,100000,ours,adaptive,1000,2,3,1,374.12,60000,1,1,0,0,enumerate_all,60000,"{""build_active_indices_ms"":5.521897,""build_events_ms"":43.375904,""build_ranks_ms"":40.003964,""build_y_domain_ms"":13.993084,""run_build_ms"":103.390490,""run_pilot_enum_prepare_ms"":1.570088,""run_pilot_enum_scan_ms"":225.117567,""run_small_join_sample_from_list_ms"":0.014249}",,"{""dataset"":{""source"":""synthetic"",""name"":""exp6_stripe__nr100000__ns100000__a3_000em01__g1"",""dim"":2,""path_r"":"""",""path_s"":"""",""synthetic"":{""generator"":""stripe"",""n_r"":100000,""n_s"":100000,""alpha"":0.3,""seed"":1}},""run"":{""method"":""ours"",""variant"":""adaptive"",""t"":1000,""seed"":1,""repeats"":3,""j_star"":1000000,""enum_cap"":0,""write_samples"":false,""verify"":false},""output"":{""out_dir"":""/home/dhy/PhD/SIGMOD-EXP/EXP-2/run/temp/exp6"",""run_tag"":""""},""sys"":{""threads"":1},""logging"":{""level"":""INFO"",""with_timestamp"":true,""with_thread_id"":false}}","{""generator"":""stripe_ctrl_alpha"",""dataset"":""exp6_stripe__nr100000__ns100000__a3_000em01__g1"",""n_r"":100000,""n_s"":100000,""has_exact_k"":true,""k_target"":60000,""k_achieved"":60000,""alpha_target"":0.3,""alpha_achieved"":0.3,""notes"":""control_axis=1, core=[0.45,0.55], g=9.9999e-07, h=9e-06, delta=2.49998e-07, shuffle_strips=1, shuffle_r=0, k_overridden=0""}"
exp6_stripe__nr100000__ns100000__a3_000em01__g1,stripe,0.3,100000,100000,ours,sampling,3000,0,1,1,465.802,60000,1,0,0,0,,0,"{""build_active_indices_ms"":10.803119,""build_events_ms"":35.174402,""build_ranks_ms"":40.013874,""build_y_domain_ms"":13.983885,""phase1_count_ms"":223.443051,""phase2_plan_ms"":4.588966,""phase3_sample_ms"":137.269350,""run_build_ms"":100.483460,""run_count_ms"":223.446811,""run_sample_ms"":141.865576}",,"{""dataset"":{""source"":""synthetic"",""name"":""exp6_stripe__nr100000__ns100000__a3_000em01__g1"",""dim"":2,""path_r"":"""",""path_s"":"""",""synthetic"":{""generator"":""stripe"",""n_r"":100000,""n_s"":100000,""alpha"":0.3,""seed"":1}},""run"":{""method"":""ours"",""variant"":""sampling"",""t"":3000,""seed"":1,""repeats"":3,""j_star"":1000000,""enum_cap"":0,""write_samples"":false,""verify"":false},""output"":{""out_dir"":""/home/dhy/PhD/SIGMOD-EXP/EXP-2/run/temp/exp6"",""run_tag"":""""},""sys"":{""threads"":1},""logging"":{""level"":""INFO"",""with_timestamp"":true,""with_thread_id"":false}}","{""generator"":""stripe_ctrl_alpha"",""dataset"":""exp6_stripe__nr100000__ns100000__a3_000em01__g1"",""n_r"":100000,""n_s"":100000,""has_exact_k"":true,""k_target"":60000,""k_achieved"":60000,""alpha_target"":0.3,""alpha_achieved"":0.3,""notes"":""control_axis=1, core=[0.45,0.55], g=9.9999e-07, h=9e-06, delta=2.49998e-07, shuffle_strips=1, shuffle_r=0, k_overridden=0""}"
exp6_stripe__nr100000__ns100000__a3_000em01__g1,stripe,0.3,100000,100000,ours,sampling,3000,1,2,1,510.077,60000,1,0,0,0,,0,"{""build_active_indices_ms"":5.536097,""build_events_ms"":43.606890,""build_ranks_ms"":39.982054,""build_y_domain_ms"":13.987345,""phase1_count_ms"":223.945581,""phase2_plan_ms"":3.971609,""phase3_sample_ms"":135.130213,""run_build_ms"":103.612046,""run_count_ms"":223.948381,""run_sample_ms"":139.108862}",,"{""dataset"":{""source"":""synthetic"",""name"":""exp6_stripe__nr100000__ns100000__a3_000em01__g1"",""dim"":2,""path_r"":"""",""path_s"":"""",""synthetic"":{""generator"":""stripe"",""n_r"":100000,""n_s"":100000,""alpha"":0.3,""seed"":1}},""run"":{""method"":""ours"",""variant"":""sampling"",""t"":3000,""seed"":1,""repeats"":3,""j_star"":1000000,""enum_cap"":0,""write_samples"":false,""verify"":false},""output"":{""out_dir"":""/home/dhy/PhD/SIGMOD-EXP/EXP-2/run/temp/exp6"",""run_tag"":""""},""sys"":{""threads"":1},""logging"":{""level"":""INFO"",""with_timestamp"":true,""with_thread_id"":false}}","{""generator"":""stripe_ctrl_alpha"",""dataset"":""exp6_stripe__nr100000__ns100000__a3_000em01__g1"",""n_r"":100000,""n_s"":100000,""has_exact_k"":true,""k_target"":60000,""k_achieved"":60000,""alpha_target"":0.3,""alpha_achieved"":0.3,""notes"":""control_axis=1, core=[0.45,0.55], g=9.9999e-07, h=9e-06, delta=2.49998e-07, shuffle_strips=1, shuffle_r=0, k_overridden=0""}"
exp6_stripe__nr100000__ns100000__a3_000em01__g1,stripe,0.3,100000,100000,ours,sampling,3000,2,3,1,510.309,60000,1,0,0,0,,0,"{""build_active_indices_ms"":5.535927,""build_events_ms"":42.407955,""build_ranks_ms"":40.046073,""build_y_domain_ms"":14.040113,""phase1_count_ms"":224.546168,""phase2_plan_ms"":3.945100,""phase3_sample_ms"":136.679242,""run_build_ms"":102.528968,""run_count_ms"":224.549428,""run_sample_ms"":140.631431}",,"{""dataset"":{""source"":""synthetic"",""name"":""exp6_stripe__nr100000__ns100000__a3_000em01__g1"",""dim"":2,""path_r"":"""",""path_s"":"""",""synthetic"":{""generator"":""stripe"",""n_r"":100000,""n_s"":100000,""alpha"":0.3,""seed"":1}},""run"":{""method"":""ours"",""variant"":""sampling"",""t"":3000,""seed"":1,""repeats"":3,""j_star"":1000000,""enum_cap"":0,""write_samples"":false,""verify"":false},""output"":{""out_dir"":""/home/dhy/PhD/SIGMOD-EXP/EXP-2/run/temp/exp6"",""run_tag"":""""},""sys"":{""threads"":1},""logging"":{""level"":""INFO"",""with_timestamp"":true,""with_thread_id"":false}}","{""generator"":""stripe_ctrl_alpha"",""dataset"":""exp6_stripe__nr100000__ns100000__a3_000em01__g1"",""n_r"":100000,""n_s"":100000,""has_exact_k"":true,""k_target"":60000,""k_achieved"":60000,""alpha_target"":0.3,""alpha_achieved"":0.3,""notes"":""control_axis=1, core=[0.45,0.55], g=9.9999e-07, h=9e-06, delta=2.49998e-07, shuffle_strips=1, shuffle_r=0, k_overridden=0""}"
exp6_stripe__nr100000__ns100000__a3_000em01__g1,stripe,0.3,100000,100000,ours,enum_sampling,3000,0,1,1,415.957,60000,1,1,0,0,,0,"{""build_active_indices_ms"":10.717571,""build_events_ms"":35.122913,""build_ranks_ms"":40.002674,""build_y_domain_ms"":13.975115,""run_build_ms"":100.209515,""run_draw_ranks_ms"":0.161346,""run_enum_pass1_count_ms"":219.851865,""run_enum_pass2_select_ms"":94.151959,""run_enum_prepare_ms"":1.565148}",,"{""dataset"":{""source"":""synthetic"",""name"":""exp6_stripe__nr100000__ns100000__a3_000em01__g1"",""dim"":2,""path_r"":"""",""path_s"":"""",""synthetic"":{""generator"":""stripe"",""n_r"":100000,""n_s"":100000,""alpha"":0.3,""seed"":1}},""run"":{""method"":""ours"",""variant"":""enum_sampling"",""t"":3000,""seed"":1,""repeats"":3,""j_star"":1000000,""enum_cap"":0,""write_samples"":false,""verify"":false},""output"":{""out_dir"":""/home/dhy/PhD/SIGMOD-EXP/EXP-2/run/temp/exp6"",""run_tag"":""""},""sys"":{""threads"":1},""logging"":{""level"":""INFO"",""with_timestamp"":true,""with_thread_id"":false}}","{""generator"":""stripe_ctrl_alpha"",""dataset"":""exp6_stripe__nr100000__ns100000__a3_000em01__g1"",""n_r"":100000,""n_s"":100000,""has_exact_k"":true,""k_target"":60000,""k_achieved"":60000,""alpha_target"":0.3,""alpha_achieved"":0.3,""notes"":""control_axis=1, core=[0.45,0.55], g=9.9999e-07, h=9e-06, delta=2.49998e-07, shuffle_strips=1, shuffle_r=0, k_overridden=0""}"
exp6_stripe__nr100000__ns100000__a3_000em01__g1,stripe,0.3,100000,100000,ours,enum_sampling,3000,1,2,1,464.573,60000,1,1,0,0,,0,"{""build_active_indices_ms"":5.487278,""build_events_ms"":43.950853,""build_ranks_ms"":39.928495,""build_y_domain_ms"":14.003765,""run_build_ms"":103.755733,""run_draw_ranks_ms"":0.158466,""run_enum_pass1_count_ms"":222.096199,""run_enum_pass2_select_ms"":93.578141,""run_enum_prepare_ms"":1.521039}",,"{""dataset"":{""source"":""synthetic"",""name"":""exp6_stripe__nr100000__ns100000__a3_000em01__g1"",""dim"":2,""path_r"":"""",""path_s"":"""",""synthetic"":{""generator"":""stripe"",""n_r"":100000,""n_s"":100000,""alpha"":0.3,""seed"":1}},""run"":{""method"":""ours"",""variant"":""enum_sampling"",""t"":3000,""seed"":1,""repeats"":3,""j_star"":1000000,""enum_cap"":0,""write_samples"":false,""verify"":false},""output"":{""out_dir"":""/home/dhy/PhD/SIGMOD-EXP/EXP-2/run/temp/exp6"",""run_tag"":""""},""sys"":{""threads"":1},""logging"":{""level"":""INFO"",""with_timestamp"":true,""with_thread_id"":false}}","{""generator"":""stripe_ctrl_alpha"",""dataset"":""exp6_stripe__nr100000__ns100000__a3_000em01__g1"",""n_r"":100000,""n_s"":100000,""has_exact_k"":true,""k_target"":60000,""k_achieved"":60000,""alpha_target"":0.3,""alpha_achieved"":0.3,""notes"":""control_axis=1, core=[0.45,0.55], g=9.9999e-07, h=9e-06, delta=2.49998e-07, shuffle_strips=1, shuffle_r=0, k_overridden=0""}"
exp6_stripe__nr100000__ns100000__a3_000em01__g1,stripe,0.3,100000,100000,ours,enum_sampling,3000,2,3,1,465.952,60000,1,1,0,0,,0,"{""build_active_indices_ms"":5.488618,""build_events_ms"":42.566832,""build_ranks_ms"":39.955035,""build_y_domain_ms"":13.978495,""run_build_ms"":102.376022,""run_draw_ranks_ms"":0.158817,""run_enum_pass1_count_ms"":222.627579,""run_enum_pass2_select_ms"":93.609811,""run_enum_prepare_ms"":1.539119}",,"{""dataset"":{""source"":""synthetic"",""name"":""exp6_stripe__nr100000__ns100000__a3_000em01__g1"",""dim"":2,""path_r"":"""",""path_s"":"""",""synthetic"":{""generator"":""stripe"",""n_r"":100000,""n_s"":100000,""alpha"":0.3,""seed"":1}},""run"":{""method"":""ours"",""variant"":""enum_sampling"",""t"":3000,""seed"":1,""repeats"":3,""j_star"":1000000,""enum_cap"":0,""write_samples"":false,""verify"":false},""output"":{""out_dir"":""/home/dhy/PhD/SIGMOD-EXP/EXP-2/run/temp/exp6"",""run_tag"":""""},""sys"":{""threads"":1},""logging"":{""level"":""INFO"",""with_timestamp"":true,""with_thread_id"":false}}","{""generator"":""stripe_ctrl_alpha"",""dataset"":""exp6_stripe__nr100000__ns100000__a3_000em01__g1"",""n_r"":100000,""n_s"":100000,""has_exact_k"":true,""k_target"":60000,""k_achieved"":60000,""alpha_target"":0.3,""alpha_achieved"":0.3,""notes"":""control_axis=1, core=[0.45,0.55], g=9.9999e-07, h=9e-06, delta=2.49998e-07, shuffle_strips=1, shuffle_r=0, k_overridden=0""}"
exp6_stripe__nr100000__ns100000__a3_000em01__g1,stripe,0.3,100000,100000,ours,adaptive,3000,0,1,1,326.43,60000,1,1,0,0,enumerate_all,60000,"{""build_active_indices_ms"":10.713072,""build_events_ms"":35.125643,""build_ranks_ms"":39.939006,""build_y_domain_ms"":13.986814,""run_build_ms"":100.272344,""run_pilot_enum_prepare_ms"":1.533578,""run_pilot_enum_scan_ms"":224.572709,""run_small_join_sample_from_list_ms"":0.038949}",,"{""dataset"":{""source"":""synthetic"",""name"":""exp6_stripe__nr100000__ns100000__a3_000em01__g1"",""dim"":2,""path_r"":"""",""path_s"":"""",""synthetic"":{""generator"":""stripe"",""n_r"":100000,""n_s"":100000,""alpha"":0.3,""seed"":1}},""run"":{""method"":""ours"",""variant"":""adaptive"",""t"":3000,""seed"":1,""repeats"":3,""j_star"":1000000,""enum_cap"":0,""write_samples"":false,""verify"":false},""output"":{""out_dir"":""/home/dhy/PhD/SIGMOD-EXP/EXP-2/run/temp/exp6"",""run_tag"":""""},""sys"":{""threads"":1},""logging"":{""level"":""INFO"",""with_timestamp"":true,""with_thread_id"":false}}","{""generator"":""stripe_ctrl_alpha"",""dataset"":""exp6_stripe__nr100000__ns100000__a3_000em01__g1"",""n_r"":100000,""n_s"":100000,""has_exact_k"":true,""k_target"":60000,""k_achieved"":60000,""alpha_target"":0.3,""alpha_achieved"":0.3,""notes"":""control_axis=1, core=[0.45,0.55], g=9.9999e-07, h=9e-06, delta=2.49998e-07, shuffle_strips=1, shuffle_r=0, k_overridden=0""}"
exp6_stripe__nr100000__ns100000__a3_000em01__g1,stripe,0.3,100000,100000,ours,adaptive,3000,1,2,1,373.685,60000,1,1,0,0,enumerate_all,60000,"{""build_active_indices_ms"":5.544467,""build_events_ms"":43.687979,""build_ranks_ms"":39.936285,""build_y_domain_ms"":14.011964,""run_build_ms"":103.677585,""run_pilot_enum_prepare_ms"":1.534009,""run_pilot_enum_scan_ms"":225.520750,""run_small_join_sample_from_list_ms"":0.038789}",,"{""dataset"":{""source"":""synthetic"",""name"":""exp6_stripe__nr100000__ns100000__a3_000em01__g1"",""dim"":2,""path_r"":"""",""path_s"":"""",""synthetic"":{""generator"":""stripe"",""n_r"":100000,""n_s"":100000,""alpha"":0.3,""seed"":1}},""run"":{""method"":""ours"",""variant"":""adaptive"",""t"":3000,""seed"":1,""repeats"":3,""j_star"":1000000,""enum_cap"":0,""write_samples"":false,""verify"":false},""output"":{""out_dir"":""/home/dhy/PhD/SIGMOD-EXP/EXP-2/run/temp/exp6"",""run_tag"":""""},""sys"":{""threads"":1},""logging"":{""level"":""INFO"",""with_timestamp"":true,""with_thread_id"":false}}","{""generator"":""stripe_ctrl_alpha"",""dataset"":""exp6_stripe__nr100000__ns100000__a3_000em01__g1"",""n_r"":100000,""n_s"":100000,""has_exact_k"":true,""k_target"":60000,""k_achieved"":60000,""alpha_target"":0.3,""alpha_achieved"":0.3,""notes"":""control_axis=1, core=[0.45,0.55], g=9.9999e-07, h=9e-06, delta=2.49998e-07, shuffle_strips=1, shuffle_r=0, k_overridden=0""}"
exp6_stripe__nr100000__ns100000__a3_000em01__g1,stripe,0.3,100000,100000,ours,adaptive,3000,2,3,1,370.005,60000,1,1,0,0,enumerate_all,60000,"{""build_active_indices_ms"":5.500588,""build_events_ms"":42.369126,""build_ranks_ms"":39.993804,""build_y_domain_ms"":13.988455,""run_build_ms"":102.346072,""run_pilot_enum_prepare_ms"":1.533588,""run_pilot_enum_scan_ms"":223.530250,""run_small_join_sample_from_list_ms"":0.039459}",,"{""dataset"":{""source"":""synthetic"",""name"":""exp6_stripe__nr100000__ns100000__a3_000em01__g1"",""dim"":2,""path_r"":"""",""path_s"":"""",""synthetic"":{""generator"":""stripe"",""n_r"":100000,""n_s"":100000,""alpha"":0.3,""seed"":1}},""run"":{""method"":""ours"",""variant"":""adaptive"",""t"":3000,""seed"":1,""repeats"":3,""j_star"":1000000,""enum_cap"":0,""write_samples"":false,""verify"":false},""output"":{""out_dir"":""/home/dhy/PhD/SIGMOD-EXP/EXP-2/run/temp/exp6"",""run_tag"":""""},""sys"":{""threads"":1},""logging"":{""level"":""INFO"",""with_timestamp"":true,""with_thread_id"":false}}","{""generator"":""stripe_ctrl_alpha"",""dataset"":""exp6_stripe__nr100000__ns100000__a3_000em01__g1"",""n_r"":100000,""n_s"":100000,""has_exact_k"":true,""k_target"":60000,""k_achieved"":60000,""alpha_target"":0.3,""alpha_achieved"":0.3,""notes"":""control_axis=1, core=[0.45,0.55], g=9.9999e-07, h=9e-06, delta=2.49998e-07, shuffle_strips=1, shuffle_r=0, k_overridden=0""}"
exp6_stripe__nr100000__ns100000__a3_000em01__g1,stripe,0.3,100000,100000,ours,sampling,10000,0,1,1,463.764,60000,1,0,0,0,,0,"{""build_active_indices_ms"":10.720291,""build_events_ms"":35.181733,""build_ranks_ms"":40.064613,""build_y_domain_ms"":13.994174,""phase1_count_ms"":221.219207,""phase2_plan_ms"":4.853511,""phase3_sample_ms"":137.208221,""run_build_ms"":100.465301,""run_count_ms"":221.222807,""run_sample_ms"":142.071242}",,"{""dataset"":{""source"":""synthetic"",""name"":""exp6_stripe__nr100000__ns100000__a3_000em01__g1"",""dim"":2,""path_r"":"""",""path_s"":"""",""synthetic"":{""generator"":""stripe"",""n_r"":100000,""n_s"":100000,""alpha"":0.3,""seed"":1}},""run"":{""method"":""ours"",""variant"":""sampling"",""t"":10000,""seed"":1,""repeats"":3,""j_star"":1000000,""enum_cap"":0,""write_samples"":false,""verify"":false},""output"":{""out_dir"":""/home/dhy/PhD/SIGMOD-EXP/EXP-2/run/temp/exp6"",""run_tag"":""""},""sys"":{""threads"":1},""logging"":{""level"":""INFO"",""with_timestamp"":true,""with_thread_id"":false}}","{""generator"":""stripe_ctrl_alpha"",""dataset"":""exp6_stripe__nr100000__ns100000__a3_000em01__g1"",""n_r"":100000,""n_s"":100000,""has_exact_k"":true,""k_target"":60000,""k_achieved"":60000,""alpha_target"":0.3,""alpha_achieved"":0.3,""notes"":""control_axis=1, core=[0.45,0.55], g=9.9999e-07, h=9e-06, delta=2.49998e-07, shuffle_strips=1, shuffle_r=0, k_overridden=0""}"
exp6_stripe__nr100000__ns100000__a3_000em01__g1,stripe,0.3,100000,100000,ours,sampling,10000,1,2,1,509.775,60000,1,0,0,0,,0,"{""build_active_indices_ms"":5.417470,""build_events_ms"":43.474533,""build_ranks_ms"":40.024455,""build_y_domain_ms"":14.005994,""phase1_count_ms"":223.322175,""phase2_plan_ms"":4.224584,""phase3_sample_ms"":135.357459,""run_build_ms"":103.427431,""run_count_ms"":223.325254,""run_sample_ms"":139.591392}",,"{""dataset"":{""source"":""synthetic"",""name"":""exp6_stripe__nr100000__ns100000__a3_000em01__g1"",""dim"":2,""path_r"":"""",""path_s"":"""",""synthetic"":{""generator"":""stripe"",""n_r"":100000,""n_s"":100000,""alpha"":0.3,""seed"":1}},""run"":{""method"":""ours"",""variant"":""sampling"",""t"":10000,""seed"":1,""repeats"":3,""j_star"":1000000,""enum_cap"":0,""write_samples"":false,""verify"":false},""output"":{""out_dir"":""/home/dhy/PhD/SIGMOD-EXP/EXP-2/run/temp/exp6"",""run_tag"":""""},""sys"":{""threads"":1},""logging"":{""level"":""INFO"",""with_timestamp"":true,""with_thread_id"":false}}","{""generator"":""stripe_ctrl_alpha"",""dataset"":""exp6_stripe__nr100000__ns100000__a3_000em01__g1"",""n_r"":100000,""n_s"":100000,""has_exact_k"":true,""k_target"":60000,""k_achieved"":60000,""alpha_target"":0.3,""alpha_achieved"":0.3,""notes"":""control_axis=1, core=[0.45,0.55], g=9.9999e-07, h=9e-06, delta=2.49998e-07, shuffle_strips=1, shuffle_r=0, k_overridden=0""}"
exp6_stripe__nr100000__ns100000__a3_000em01__g1,stripe,0.3,100000,100000,ours,sampling,10000,2,3,1,511.484,60000,1,0,0,0,,0,"{""build_active_indices_ms"":5.407190,""build_events_ms"":42.288527,""build_ranks_ms"":40.013693,""build_y_domain_ms"":14.017303,""phase1_count_ms"":223.502611,""phase2_plan_ms"":4.176015,""phase3_sample_ms"":137.935836,""run_build_ms"":102.232494,""run_count_ms"":223.505931,""run_sample_ms"":142.121330}",,"{""dataset"":{""source"":""synthetic"",""name"":""exp6_stripe__nr100000__ns100000__a3_000em01__g1"",""dim"":2,""path_r"":"""",""path_s"":"""",""synthetic"":{""generator"":""stripe"",""n_r"":100000,""n_s"":100000,""alpha"":0.3,""seed"":1}},""run"":{""method"":""ours"",""variant"":""sampling"",""t"":10000,""seed"":1,""repeats"":3,""j_star"":1000000,""enum_cap"":0,""write_samples"":false,""verify"":false},""output"":{""out_dir"":""/home/dhy/PhD/SIGMOD-EXP/EXP-2/run/temp/exp6"",""run_tag"":""""},""sys"":{""threads"":1},""logging"":{""level"":""INFO"",""with_timestamp"":true,""with_thread_id"":false}}","{""generator"":""stripe_ctrl_alpha"",""dataset"":""exp6_stripe__nr100000__ns100000__a3_000em01__g1"",""n_r"":100000,""n_s"":100000,""has_exact_k"":true,""k_target"":60000,""k_achieved"":60000,""alpha_target"":0.3,""alpha_achieved"":0.3,""notes"":""control_axis=1, core=[0.45,0.55], g=9.9999e-07, h=9e-06, delta=2.49998e-07, shuffle_strips=1, shuffle_r=0, k_overridden=0""}"
exp6_stripe__nr100000__ns100000__a3_000em01__g1,stripe,0.3,100000,100000,ours,enum_sampling,10000,0,1,1,414.721,60000,1,1,0,0,,0,"{""build_active_indices_ms"":10.992585,""build_events_ms"":35.174113,""build_ranks_ms"":40.026634,""build_y_domain_ms"":13.997915,""run_build_ms"":100.581349,""run_draw_ranks_ms"":0.602317,""run_enum_pass1_count_ms"":219.627690,""run_enum_pass2_select_ms"":92.333276,""run_enum_prepare_ms"":1.553569}",,"{""dataset"":{""source"":""synthetic"",""name"":""exp6_stripe__nr100000__ns100000__a3_000em01__g1"",""dim"":2,""path_r"":"""",""path_s"":"""",""synthetic"":{""generator"":""stripe"",""n_r"":100000,""n_s"":100000,""alpha"":0.3,""seed"":1}},""run"":{""method"":""ours"",""variant"":""enum_sampling"",""t"":10000,""seed"":1,""repeats"":3,""j_star"":1000000,""enum_cap"":0,""write_samples"":false,""verify"":false},""output"":{""out_dir"":""/home/dhy/PhD/SIGMOD-EXP/EXP-2/run/temp/exp6"",""run_tag"":""""},""sys"":{""threads"":1},""logging"":{""level"":""INFO"",""with_timestamp"":true,""with_thread_id"":false}}","{""generator"":""stripe_ctrl_alpha"",""dataset"":""exp6_stripe__nr100000__ns100000__a3_000em01__g1"",""n_r"":100000,""n_s"":100000,""has_exact_k"":true,""k_target"":60000,""k_achieved"":60000,""alpha_target"":0.3,""alpha_achieved"":0.3,""notes"":""control_axis=1, core=[0.45,0.55], g=9.9999e-07, h=9e-06, delta=2.49998e-07, shuffle_strips=1, shuffle_r=0, k_overridden=0""}"
exp6_stripe__nr100000__ns100000__a3_000em01__g1,stripe,0.3,100000,100000,ours,enum_sampling,10000,1,2,1,463.631,60000,1,1,0,0,,0,"{""build_active_indices_ms"":5.426850,""build_events_ms"":44.050981,""build_ranks_ms"":40.027093,""build_y_domain_ms"":13.997144,""run_build_ms"":103.887491,""run_draw_ranks_ms"":0.603087,""run_enum_pass1_count_ms"":221.203849,""run_enum_pass2_select_ms"":92.580011,""run_enum_prepare_ms"":1.528529}",,"{""dataset"":{""source"":""synthetic"",""name"":""exp6_stripe__nr100000__ns100000__a3_000em01__g1"",""dim"":2,""path_r"":"""",""path_s"":"""",""synthetic"":{""generator"":""stripe"",""n_r"":100000,""n_s"":100000,""alpha"":0.3,""seed"":1}},""run"":{""method"":""ours"",""variant"":""enum_sampling"",""t"":10000,""seed"":1,""repeats"":3,""j_star"":1000000,""enum_cap"":0,""write_samples"":false,""verify"":false},""output"":{""out_dir"":""/home/dhy/PhD/SIGMOD-EXP/EXP-2/run/temp/exp6"",""run_tag"":""""},""sys"":{""threads"":1},""logging"":{""level"":""INFO"",""with_timestamp"":true,""with_thread_id"":false}}","{""generator"":""stripe_ctrl_alpha"",""dataset"":""exp6_stripe__nr100000__ns100000__a3_000em01__g1"",""n_r"":100000,""n_s"":100000,""has_exact_k"":true,""k_target"":60000,""k_achieved"":60000,""alpha_target"":0.3,""alpha_achieved"":0.3,""notes"":""control_axis=1, core=[0.45,0.55], g=9.9999e-07, h=9e-06, delta=2.49998e-07, shuffle_strips=1, shuffle_r=0, k_overridden=0""}"
exp6_stripe__nr100000__ns100000__a3_000em01__g1,stripe,0.3,100000,100000,ours,enum_sampling,10000,2,3,1,465.006,60000,1,1,0,0,,0,"{""build_active_indices_ms"":5.406960,""build_events_ms"":42.296657,""build_ranks_ms"":40.043263,""build_y_domain_ms"":14.009144,""run_build_ms"":102.141236,""run_draw_ranks_ms"":0.605808,""run_enum_pass1_count_ms"":221.576090,""run_enum_pass2_select_ms"":93.408554,""run_enum_prepare_ms"":1.530409}",,"{""dataset"":{""source"":""synthetic"",""name"":""exp6_stripe__nr100000__ns100000__a3_000em01__g1"",""dim"":2,""path_r"":"""",""path_s"":"""",""synthetic"":{""generator"":""stripe"",""n_r"":100000,""n_s"":100000,""alpha"":0.3,""seed"":1}},""run"":{""method"":""ours"",""variant"":""enum_sampling"",""t"":10000,""seed"":1,""repeats"":3,""j_star"":1000000,""enum_cap"":0,""write_samples"":false,""verify"":false},""output"":{""out_dir"":""/home/dhy/PhD/SIGMOD-EXP/EXP-2/run/temp/exp6"",""run_tag"":""""},""sys"":{""threads"":1},""logging"":{""level"":""INFO"",""with_timestamp"":true,""with_thread_id"":false}}","{""generator"":""stripe_ctrl_alpha"",""dataset"":""exp6_stripe__nr100000__ns100000__a3_000em01__g1"",""n_r"":100000,""n_s"":100000,""has_exact_k"":true,""k_target"":60000,""k_achieved"":60000,""alpha_target"":0.3,""alpha_achieved"":0.3,""notes"":""control_axis=1, core=[0.45,0.55], g=9.9999e-07, h=9e-06, delta=2.49998e-07, shuffle_strips=1, shuffle_r=0, k_overridden=0""}"
exp6_stripe__nr100000__ns100000__a3_000em01__g1,stripe,0.3,100000,100000,ours,adaptive,10000,0,1,1,324.34,60000,1,1,0,0,enumerate_all,60000,"{""build_active_indices_ms"":11.019135,""build_events_ms"":35.148823,""build_ranks_ms"":40.031634,""build_y_domain_ms"":13.980765,""run_build_ms"":100.703495,""run_pilot_enum_prepare_ms"":1.556509,""run_pilot_enum_scan_ms"":221.949723,""run_small_join_sample_from_list_ms"":0.113808}",,"{""dataset"":{""source"":""synthetic"",""name"":""exp6_stripe__nr100000__ns100000__a3_000em01__g1"",""dim"":2,""path_r"":"""",""path_s"":"""",""synthetic"":{""generator"":""stripe"",""n_r"":100000,""n_s"":100000,""alpha"":0.3,""seed"":1}},""run"":{""method"":""ours"",""variant"":""adaptive"",""t"":10000,""seed"":1,""repeats"":3,""j_star"":1000000,""enum_cap"":0,""write_samples"":false,""verify"":false},""output"":{""out_dir"":""/home/dhy/PhD/SIGMOD-EXP/EXP-2/run/temp/exp6"",""run_tag"":""""},""sys"":{""threads"":1},""logging"":{""level"":""INFO"",""with_timestamp"":true,""with_thread_id"":false}}","{""generator"":""stripe_ctrl_alpha"",""dataset"":""exp6_stripe__nr100000__ns100000__a3_000em01__g1"",""n_r"":100000,""n_s"":100000,""has_exact_k"":true,""k_target"":60000,""k_achieved"":60000,""alpha_target"":0.3,""alpha_achieved"":0.3,""notes"":""control_axis=1, core=[0.45,0.55], g=9.9999e-07, h=9e-06, delta=2.49998e-07, shuffle_strips=1, shuffle_r=0, k_overridden=0""}"
exp6_stripe__nr100000__ns100000__a3_000em01__g1,stripe,0.3,100000,100000,ours,adaptive,10000,1,2,1,369.772,60000,1,1,0,0,enumerate_all,60000,"{""build_active_indices_ms"":5.423569,""build_events_ms"":42.310177,""build_ranks_ms"":40.066363,""build_y_domain_ms"":13.983204,""run_build_ms"":102.290303,""run_pilot_enum_prepare_ms"":1.519749,""run_pilot_enum_scan_ms"":223.216617,""run_small_join_sample_from_list_ms"":0.114617}",,"{""dataset"":{""source"":""synthetic"",""name"":""exp6_stripe__nr100000__ns100000__a3_000em01__g1"",""dim"":2,""path_r"":"""",""path_s"":"""",""synthetic"":{""generator"":""stripe"",""n_r"":100000,""n_s"":100000,""alpha"":0.3,""seed"":1}},""run"":{""method"":""ours"",""variant"":""adaptive"",""t"":10000,""seed"":1,""repeats"":3,""j_star"":1000000,""enum_cap"":0,""write_samples"":false,""verify"":false},""output"":{""out_dir"":""/home/dhy/PhD/SIGMOD-EXP/EXP-2/run/temp/exp6"",""run_tag"":""""},""sys"":{""threads"":1},""logging"":{""level"":""INFO"",""with_timestamp"":true,""with_thread_id"":false}}","{""generator"":""stripe_ctrl_alpha"",""dataset"":""exp6_stripe__nr100000__ns100000__a3_000em01__g1"",""n_r"":100000,""n_s"":100000,""has_exact_k"":true,""k_target"":60000,""k_achieved"":60000,""alpha_target"":0.3,""alpha_achieved"":0.3,""notes"":""control_axis=1, core=[0.45,0.55], g=9.9999e-07, h=9e-06, delta=2.49998e-07, shuffle_strips=1, shuffle_r=0, k_overridden=0""}"
exp6_stripe__nr100000__ns100000__a3_000em01__g1,stripe,0.3,100000,100000,ours,adaptive,10000,2,3,1,371.65,60000,1,1,0,0,enumerate_all,60000,"{""build_active_indices_ms"":5.410189,""build_events_ms"":43.745658,""build_ranks_ms"":40.012704,""build_y_domain_ms"":13.990745,""run_build_ms"":103.663856,""run_pilot_enum_prepare_ms"":1.525029,""run_pilot_enum_scan_ms"":221.928304,""run_small_join_sample_from_list_ms"":0.114777}",,"{""dataset"":{""source"":""synthetic"",""name"":""exp6_stripe__nr100000__ns100000__a3_000em01__g1"",""dim"":2,""path_r"":"""",""path_s"":"""",""synthetic"":{""generator"":""stripe"",""n_r"":100000,""n_s"":100000,""alpha"":0.3,""seed"":1}},""run"":{""method"":""ours"",""variant"":""adaptive"",""t"":10000,""seed"":1,""repeats"":3,""j_star"":1000000,""enum_cap"":0,""write_samples"":false,""verify"":false},""output"":{""out_dir"":""/home/dhy/PhD/SIGMOD-EXP/EXP-2/run/temp/exp6"",""run_tag"":""""},""sys"":{""threads"":1},""logging"":{""level"":""INFO"",""with_timestamp"":true,""with_thread_id"":false}}","{""generator"":""stripe_ctrl_alpha"",""dataset"":""exp6_stripe__nr100000__ns100000__a3_000em01__g1"",""n_r"":100000,""n_s"":100000,""has_exact_k"":true,""k_target"":60000,""k_achieved"":60000,""alpha_target"":0.3,""alpha_achieved"":0.3,""notes"":""control_axis=1, core=[0.45,0.55], g=9.9999e-07, h=9e-06, delta=2.49998e-07, shuffle_strips=1, shuffle_r=0, k_overridden=0""}"
exp6_stripe__nr100000__ns100000__a3_000em01__g1,stripe,0.3,100000,100000,ours,sampling,30000,0,1,1,465.367,60000,1,0,0,0,,0,"{""build_active_indices_ms"":10.743451,""build_events_ms"":35.069285,""build_ranks_ms"":40.062453,""build_y_domain_ms"":13.986764,""phase1_count_ms"":221.974622,""phase2_plan_ms"":5.373570,""phase3_sample_ms"":137.624373,""run_build_ms"":100.370313,""run_count_ms"":221.978322,""run_sample_ms"":143.013243}",,"{""dataset"":{""source"":""synthetic"",""name"":""exp6_stripe__nr100000__ns100000__a3_000em01__g1"",""dim"":2,""path_r"":"""",""path_s"":"""",""synthetic"":{""generator"":""stripe"",""n_r"":100000,""n_s"":100000,""alpha"":0.3,""seed"":1}},""run"":{""method"":""ours"",""variant"":""sampling"",""t"":30000,""seed"":1,""repeats"":3,""j_star"":1000000,""enum_cap"":0,""write_samples"":false,""verify"":false},""output"":{""out_dir"":""/home/dhy/PhD/SIGMOD-EXP/EXP-2/run/temp/exp6"",""run_tag"":""""},""sys"":{""threads"":1},""logging"":{""level"":""INFO"",""with_timestamp"":true,""with_thread_id"":false}}","{""generator"":""stripe_ctrl_alpha"",""dataset"":""exp6_stripe__nr100000__ns100000__a3_000em01__g1"",""n_r"":100000,""n_s"":100000,""has_exact_k"":true,""k_target"":60000,""k_achieved"":60000,""alpha_target"":0.3,""alpha_achieved"":0.3,""notes"":""control_axis=1, core=[0.45,0.55], g=9.9999e-07, h=9e-06, delta=2.49998e-07, shuffle_strips=1, shuffle_r=0, k_overridden=0""}"
exp6_stripe__nr100000__ns100000__a3_000em01__g1,stripe,0.3,100000,100000,ours,sampling,30000,1,2,1,510.924,60000,1,0,0,0,,0,"{""build_active_indices_ms"":5.505608,""build_events_ms"":43.509763,""build_ranks_ms"":39.994844,""build_y_domain_ms"":13.975654,""phase1_count_ms"":223.239276,""phase2_plan_ms"":4.730114,""phase3_sample_ms"":136.378958,""run_build_ms"":103.490420,""run_count_ms"":223.242866,""run_sample_ms"":141.123171}",,"{""dataset"":{""source"":""synthetic"",""name"":""exp6_stripe__nr100000__ns100000__a3_000em01__g1"",""dim"":2,""path_r"":"""",""path_s"":"""",""synthetic"":{""generator"":""stripe"",""n_r"":100000,""n_s"":100000,""alpha"":0.3,""seed"":1}},""run"":{""method"":""ours"",""variant"":""sampling"",""t"":30000,""seed"":1,""repeats"":3,""j_star"":1000000,""enum_cap"":0,""write_samples"":false,""verify"":false},""output"":{""out_dir"":""/home/dhy/PhD/SIGMOD-EXP/EXP-2/run/temp/exp6"",""run_tag"":""""},""sys"":{""threads"":1},""logging"":{""level"":""INFO"",""with_timestamp"":true,""with_thread_id"":false}}","{""generator"":""stripe_ctrl_alpha"",""dataset"":""exp6_stripe__nr100000__ns100000__a3_000em01__g1"",""n_r"":100000,""n_s"":100000,""has_exact_k"":true,""k_target"":60000,""k_achieved"":60000,""alpha_target"":0.3,""alpha_achieved"":0.3,""notes"":""control_axis=1, core=[0.45,0.55], g=9.9999e-07, h=9e-06, delta=2.49998e-07, shuffle_strips=1, shuffle_r=0, k_overridden=0""}"
exp6_stripe__nr100000__ns100000__a3_000em01__g1,stripe,0.3,100000,100000,ours,sampling,30000,2,3,1,509.021,60000,1,0,0,0,,0,"{""build_active_indices_ms"":5.485018,""build_events_ms"":42.324208,""build_ranks_ms"":39.995704,""build_y_domain_ms"":13.991395,""phase1_count_ms"":221.037512,""phase2_plan_ms"":4.797512,""phase3_sample_ms"":137.792289,""run_build_ms"":102.289234,""run_count_ms"":221.040152,""run_sample_ms"":142.603881}",,"{""dataset"":{""source"":""synthetic"",""name"":""exp6_stripe__nr100000__ns100000__a3_000em01__g1"",""dim"":2,""path_r"":"""",""path_s"":"""",""synthetic"":{""generator"":""stripe"",""n_r"":100000,""n_s"":100000,""alpha"":0.3,""seed"":1}},""run"":{""method"":""ours"",""variant"":""sampling"",""t"":30000,""seed"":1,""repeats"":3,""j_star"":1000000,""enum_cap"":0,""write_samples"":false,""verify"":false},""output"":{""out_dir"":""/home/dhy/PhD/SIGMOD-EXP/EXP-2/run/temp/exp6"",""run_tag"":""""},""sys"":{""threads"":1},""logging"":{""level"":""INFO"",""with_timestamp"":true,""with_thread_id"":false}}","{""generator"":""stripe_ctrl_alpha"",""dataset"":""exp6_stripe__nr100000__ns100000__a3_000em01__g1"",""n_r"":100000,""n_s"":100000,""has_exact_k"":true,""k_target"":60000,""k_achieved"":60000,""alpha_target"":0.3,""alpha_achieved"":0.3,""notes"":""control_axis=1, core=[0.45,0.55], g=9.9999e-07, h=9e-06, delta=2.49998e-07, shuffle_strips=1, shuffle_r=0, k_overridden=0""}"
exp6_stripe__nr100000__ns100000__a3_000em01__g1,stripe,0.3,100000,100000,ours,enum_sampling,30000,0,1,1,417.262,60000,1,1,0,0,,0,"{""build_active_indices_ms"":10.747011,""build_events_ms"":35.096864,""build_ranks_ms"":39.977195,""build_y_domain_ms"":13.978664,""run_build_ms"":100.190587,""run_draw_ranks_ms"":2.042498,""run_enum_pass1_count_ms"":221.046601,""run_enum_pass2_select_ms"":92.395456,""run_enum_prepare_ms"":1.552578}",,"{""dataset"":{""source"":""synthetic"",""name"":""exp6_stripe__nr100000__ns100000__a3_000em01__g1"",""dim"":2,""path_r"":"""",""path_s"":"""",""synthetic"":{""generator"":""stripe"",""n_r"":100000,""n_s"":100000,""alpha"":0.3,""seed"":1}},""run"":{""method"":""ours"",""variant"":""enum_sampling"",""t"":30000,""seed"":1,""repeats"":3,""j_star"":1000000,""enum_cap"":0,""write_samples"":false,""verify"":false},""output"":{""out_dir"":""/home/dhy/PhD/SIGMOD-EXP/EXP-2/run/temp/exp6"",""run_tag"":""""},""sys"":{""threads"":1},""logging"":{""level"":""INFO"",""with_timestamp"":true,""with_thread_id"":false}}","{""generator"":""stripe_ctrl_alpha"",""dataset"":""exp6_stripe__nr100000__ns100000__a3_000em01__g1"",""n_r"":100000,""n_s"":100000,""has_exact_k"":true,""k_target"":60000,""k_achieved"":60000,""alpha_target"":0.3,""alpha_achieved"":0.3,""notes"":""control_axis=1, core=[0.45,0.55], g=9.9999e-07, h=9e-06, delta=2.49998e-07, shuffle_strips=1, shuffle_r=0, k_overridden=0""}"
exp6_stripe__nr100000__ns100000__a3_000em01__g1,stripe,0.3,100000,100000,ours,enum_sampling,30000,1,2,1,465.058,60000,1,1,0,0,,0,"{""build_active_indices_ms"":5.496518,""build_events_ms"":42.312647,""build_ranks_ms"":40.022804,""build_y_domain_ms"":14.025874,""run_build_ms"":102.245345,""run_draw_ranks_ms"":2.072108,""run_enum_pass1_count_ms"":220.633230,""run_enum_pass2_select_ms"":94.537912,""run_enum_prepare_ms"":1.501920}",,"{""dataset"":{""source"":""synthetic"",""name"":""exp6_stripe__nr100000__ns100000__a3_000em01__g1"",""dim"":2,""path_r"":"""",""path_s"":"""",""synthetic"":{""generator"":""stripe"",""n_r"":100000,""n_s"":100000,""alpha"":0.3,""seed"":1}},""run"":{""method"":""ours"",""variant"":""enum_sampling"",""t"":30000,""seed"":1,""repeats"":3,""j_star"":1000000,""enum_cap"":0,""write_samples"":false,""verify"":false},""output"":{""out_dir"":""/home/dhy/PhD/SIGMOD-EXP/EXP-2/run/temp/exp6"",""run_tag"":""""},""sys"":{""threads"":1},""logging"":{""level"":""INFO"",""with_timestamp"":true,""with_thread_id"":false}}","{""generator"":""stripe_ctrl_alpha"",""dataset"":""exp6_stripe__nr100000__ns100000__a3_000em01__g1"",""n_r"":100000,""n_s"":100000,""has_exact_k"":true,""k_target"":60000,""k_achieved"":60000,""alpha_target"":0.3,""alpha_achieved"":0.3,""notes"":""control_axis=1, core=[0.45,0.55], g=9.9999e-07, h=9e-06, delta=2.49998e-07, shuffle_strips=1, shuffle_r=0, k_overridden=0""}"
exp6_stripe__nr100000__ns100000__a3_000em01__g1,stripe,0.3,100000,100000,ours,enum_sampling,30000,2,3,1,463.451,60000,1,1,0,0,,0,"{""build_active_indices_ms"":5.488448,""build_events_ms"":42.306587,""build_ranks_ms"":39.963245,""build_y_domain_ms"":13.993355,""run_build_ms"":102.136667,""run_draw_ranks_ms"":2.051158,""run_enum_pass1_count_ms"":221.740238,""run_enum_pass2_select_ms"":92.489423,""run_enum_prepare_ms"":1.518718}",,"{""dataset"":{""source"":""synthetic"",""name"":""exp6_stripe__nr100000__ns100000__a3_000em01__g1"",""dim"":2,""path_r"":"""",""path_s"":"""",""synthetic"":{""generator"":""stripe"",""n_r"":100000,""n_s"":100000,""alpha"":0.3,""seed"":1}},""run"":{""method"":""ours"",""variant"":""enum_sampling"",""t"":30000,""seed"":1,""repeats"":3,""j_star"":1000000,""enum_cap"":0,""write_samples"":false,""verify"":false},""output"":{""out_dir"":""/home/dhy/PhD/SIGMOD-EXP/EXP-2/run/temp/exp6"",""run_tag"":""""},""sys"":{""threads"":1},""logging"":{""level"":""INFO"",""with_timestamp"":true,""with_thread_id"":false}}","{""generator"":""stripe_ctrl_alpha"",""dataset"":""exp6_stripe__nr100000__ns100000__a3_000em01__g1"",""n_r"":100000,""n_s"":100000,""has_exact_k"":true,""k_target"":60000,""k_achieved"":60000,""alpha_target"":0.3,""alpha_achieved"":0.3,""notes"":""control_axis=1, core=[0.45,0.55], g=9.9999e-07, h=9e-06, delta=2.49998e-07, shuffle_strips=1, shuffle_r=0, k_overridden=0""}"
exp6_stripe__nr100000__ns100000__a3_000em01__g1,stripe,0.3,100000,100000,ours,adaptive,30000,0,1,1,320.649,60000,1,1,0,0,enumerate_all,60000,"{""build_active_indices_ms"":5.653784,""build_events_ms"":35.023885,""build_ranks_ms"":40.019684,""build_y_domain_ms"":13.989895,""run_build_ms"":95.221377,""run_pilot_enum_prepare_ms"":1.555289,""run_pilot_enum_scan_ms"":223.634018,""run_small_join_sample_from_list_ms"":0.225146}",,"{""dataset"":{""source"":""synthetic"",""name"":""exp6_stripe__nr100000__ns100000__a3_000em01__g1"",""dim"":2,""path_r"":"""",""path_s"":"""",""synthetic"":{""generator"":""stripe"",""n_r"":100000,""n_s"":100000,""alpha"":0.3,""seed"":1}},""run"":{""method"":""ours"",""variant"":""adaptive"",""t"":30000,""seed"":1,""repeats"":3,""j_star"":1000000,""enum_cap"":0,""write_samples"":false,""verify"":false},""output"":{""out_dir"":""/home/dhy/PhD/SIGMOD-EXP/EXP-2/run/temp/exp6"",""run_tag"":""""},""sys"":{""threads"":1},""logging"":{""level"":""INFO"",""with_timestamp"":true,""with_thread_id"":false}}","{""generator"":""stripe_ctrl_alpha"",""dataset"":""exp6_stripe__nr100000__ns100000__a3_000em01__g1"",""n_r"":100000,""n_s"":100000,""has_exact_k"":true,""k_target"":60000,""k_achieved"":60000,""alpha_target"":0.3,""alpha_achieved"":0.3,""notes"":""control_axis=1, core=[0.45,0.55], g=9.9999e-07, h=9e-06, delta=2.49998e-07, shuffle_strips=1, shuffle_r=0, k_overridden=0""}"
exp6_stripe__nr100000__ns100000__a3_000em01__g1,stripe,0.3,100000,100000,ours,adaptive,30000,1,2,1,375.282,60000,1,1,0,0,enumerate_all,60000,"{""build_active_indices_ms"":5.528778,""build_events_ms"":43.775957,""build_ranks_ms"":39.963904,""build_y_domain_ms"":13.997245,""run_build_ms"":103.785073,""run_pilot_enum_prepare_ms"":1.515619,""run_pilot_enum_scan_ms"":226.978010,""run_small_join_sample_from_list_ms"":0.225015}",,"{""dataset"":{""source"":""synthetic"",""name"":""exp6_stripe__nr100000__ns100000__a3_000em01__g1"",""dim"":2,""path_r"":"""",""path_s"":"""",""synthetic"":{""generator"":""stripe"",""n_r"":100000,""n_s"":100000,""alpha"":0.3,""seed"":1}},""run"":{""method"":""ours"",""variant"":""adaptive"",""t"":30000,""seed"":1,""repeats"":3,""j_star"":1000000,""enum_cap"":0,""write_samples"":false,""verify"":false},""output"":{""out_dir"":""/home/dhy/PhD/SIGMOD-EXP/EXP-2/run/temp/exp6"",""run_tag"":""""},""sys"":{""threads"":1},""logging"":{""level"":""INFO"",""with_timestamp"":true,""with_thread_id"":false}}","{""generator"":""stripe_ctrl_alpha"",""dataset"":""exp6_stripe__nr100000__ns100000__a3_000em01__g1"",""n_r"":100000,""n_s"":100000,""has_exact_k"":true,""k_target"":60000,""k_achieved"":60000,""alpha_target"":0.3,""alpha_achieved"":0.3,""notes"":""control_axis=1, core=[0.45,0.55], g=9.9999e-07, h=9e-06, delta=2.49998e-07, shuffle_strips=1, shuffle_r=0, k_overridden=0""}"
exp6_stripe__nr100000__ns100000__a3_000em01__g1,stripe,0.3,100000,100000,ours,adaptive,30000,2,3,1,371.826,60000,1,1,0,0,enumerate_all,60000,"{""build_active_indices_ms"":5.535717,""build_events_ms"":42.444344,""build_ranks_ms"":39.968485,""build_y_domain_ms"":14.026093,""run_build_ms"":102.471060,""run_pilot_enum_prepare_ms"":1.532698,""run_pilot_enum_scan_ms"":224.674598,""run_small_join_sample_from_list_ms"":0.223965}",,"{""dataset"":{""source"":""synthetic"",""name"":""exp6_stripe__nr100000__ns100000__a3_000em01__g1"",""dim"":2,""path_r"":"""",""path_s"":"""",""synthetic"":{""generator"":""stripe"",""n_r"":100000,""n_s"":100000,""alpha"":0.3,""seed"":1}},""run"":{""method"":""ours"",""variant"":""adaptive"",""t"":30000,""seed"":1,""repeats"":3,""j_star"":1000000,""enum_cap"":0,""write_samples"":false,""verify"":false},""output"":{""out_dir"":""/home/dhy/PhD/SIGMOD-EXP/EXP-2/run/temp/exp6"",""run_tag"":""""},""sys"":{""threads"":1},""logging"":{""level"":""INFO"",""with_timestamp"":true,""with_thread_id"":false}}","{""generator"":""stripe_ctrl_alpha"",""dataset"":""exp6_stripe__nr100000__ns100000__a3_000em01__g1"",""n_r"":100000,""n_s"":100000,""has_exact_k"":true,""k_target"":60000,""k_achieved"":60000,""alpha_target"":0.3,""alpha_achieved"":0.3,""notes"":""control_axis=1, core=[0.45,0.55], g=9.9999e-07, h=9e-06, delta=2.49998e-07, shuffle_strips=1, shuffle_r=0, k_overridden=0""}"
exp6_stripe__nr100000__ns100000__a3_000em01__g1,stripe,0.3,100000,100000,ours,sampling,100000,0,1,1,467.185,60000,1,0,0,0,,0,"{""build_active_indices_ms"":10.777901,""build_events_ms"":35.168483,""build_ranks_ms"":39.964844,""build_y_domain_ms"":13.986676,""phase1_count_ms"":220.796367,""phase2_plan_ms"":6.785881,""phase3_sample_ms"":139.159651,""run_build_ms"":100.403262,""run_count_ms"":220.799107,""run_sample_ms"":145.977813}",,"{""dataset"":{""source"":""synthetic"",""name"":""exp6_stripe__nr100000__ns100000__a3_000em01__g1"",""dim"":2,""path_r"":"""",""path_s"":"""",""synthetic"":{""generator"":""stripe"",""n_r"":100000,""n_s"":100000,""alpha"":0.3,""seed"":1}},""run"":{""method"":""ours"",""variant"":""sampling"",""t"":100000,""seed"":1,""repeats"":3,""j_star"":1000000,""enum_cap"":0,""write_samples"":false,""verify"":false},""output"":{""out_dir"":""/home/dhy/PhD/SIGMOD-EXP/EXP-2/run/temp/exp6"",""run_tag"":""""},""sys"":{""threads"":1},""logging"":{""level"":""INFO"",""with_timestamp"":true,""with_thread_id"":false}}","{""generator"":""stripe_ctrl_alpha"",""dataset"":""exp6_stripe__nr100000__ns100000__a3_000em01__g1"",""n_r"":100000,""n_s"":100000,""has_exact_k"":true,""k_target"":60000,""k_achieved"":60000,""alpha_target"":0.3,""alpha_achieved"":0.3,""notes"":""control_axis=1, core=[0.45,0.55], g=9.9999e-07, h=9e-06, delta=2.49998e-07, shuffle_strips=1, shuffle_r=0, k_overridden=0""}"
exp6_stripe__nr100000__ns100000__a3_000em01__g1,stripe,0.3,100000,100000,ours,sampling,100000,1,2,1,511.517,60000,1,0,0,0,,0,"{""build_active_indices_ms"":5.500628,""build_events_ms"":43.535921,""build_ranks_ms"":39.975465,""build_y_domain_ms"":13.987584,""phase1_count_ms"":220.309348,""phase2_plan_ms"":6.232212,""phase3_sample_ms"":138.484925,""run_build_ms"":103.493309,""run_count_ms"":220.312968,""run_sample_ms"":144.749278}",,"{""dataset"":{""source"":""synthetic"",""name"":""exp6_stripe__nr100000__ns100000__a3_000em01__g1"",""dim"":2,""path_r"":"""",""path_s"":"""",""synthetic"":{""generator"":""stripe"",""n_r"":100000,""n_s"":100000,""alpha"":0.3,""seed"":1}},""run"":{""method"":""ours"",""variant"":""sampling"",""t"":100000,""seed"":1,""repeats"":3,""j_star"":1000000,""enum_cap"":0,""write_samples"":false,""verify"":false},""output"":{""out_dir"":""/home/dhy/PhD/SIGMOD-EXP/EXP-2/run/temp/exp6"",""run_tag"":""""},""sys"":{""threads"":1},""logging"":{""level"":""INFO"",""with_timestamp"":true,""with_thread_id"":false}}","{""generator"":""stripe_ctrl_alpha"",""dataset"":""exp6_stripe__nr100000__ns100000__a3_000em01__g1"",""n_r"":100000,""n_s"":100000,""has_exact_k"":true,""k_target"":60000,""k_achieved"":60000,""alpha_target"":0.3,""alpha_achieved"":0.3,""notes"":""control_axis=1, core=[0.45,0.55], g=9.9999e-07, h=9e-06, delta=2.49998e-07, shuffle_strips=1, shuffle_r=0, k_overridden=0""}"
exp6_stripe__nr100000__ns100000__a3_000em01__g1,stripe,0.3,100000,100000,ours,sampling,100000,2,3,1,512.715,60000,1,0,0,0,,0,"{""build_active_indices_ms"":5.439069,""build_events_ms"":42.281088,""build_ranks_ms"":39.945666,""build_y_domain_ms"":13.974925,""phase1_count_ms"":221.824506,""phase2_plan_ms"":6.184054,""phase3_sample_ms"":139.276740,""run_build_ms"":102.145677,""run_count_ms"":221.827946,""run_sample_ms"":145.492293}",,"{""dataset"":{""source"":""synthetic"",""name"":""exp6_stripe__nr100000__ns100000__a3_000em01__g1"",""dim"":2,""path_r"":"""",""path_s"":"""",""synthetic"":{""generator"":""stripe"",""n_r"":100000,""n_s"":100000,""alpha"":0.3,""seed"":1}},""run"":{""method"":""ours"",""variant"":""sampling"",""t"":100000,""seed"":1,""repeats"":3,""j_star"":1000000,""enum_cap"":0,""write_samples"":false,""verify"":false},""output"":{""out_dir"":""/home/dhy/PhD/SIGMOD-EXP/EXP-2/run/temp/exp6"",""run_tag"":""""},""sys"":{""threads"":1},""logging"":{""level"":""INFO"",""with_timestamp"":true,""with_thread_id"":false}}","{""generator"":""stripe_ctrl_alpha"",""dataset"":""exp6_stripe__nr100000__ns100000__a3_000em01__g1"",""n_r"":100000,""n_s"":100000,""has_exact_k"":true,""k_target"":60000,""k_achieved"":60000,""alpha_target"":0.3,""alpha_achieved"":0.3,""notes"":""control_axis=1, core=[0.45,0.55], g=9.9999e-07, h=9e-06, delta=2.49998e-07, shuffle_strips=1, shuffle_r=0, k_overridden=0""}"
exp6_stripe__nr100000__ns100000__a3_000em01__g1,stripe,0.3,100000,100000,ours,enum_sampling,100000,0,1,1,423.881,60000,1,1,0,0,,0,"{""build_active_indices_ms"":11.053484,""build_events_ms"":35.148423,""build_ranks_ms"":39.978875,""build_y_domain_ms"":14.000854,""run_build_ms"":100.578159,""run_draw_ranks_ms"":7.915138,""run_enum_pass1_count_ms"":221.553142,""run_enum_pass2_select_ms"":92.253188,""run_enum_prepare_ms"":1.511309}",,"{""dataset"":{""source"":""synthetic"",""name"":""exp6_stripe__nr100000__ns100000__a3_000em01__g1"",""dim"":2,""path_r"":"""",""path_s"":"""",""synthetic"":{""generator"":""stripe"",""n_r"":100000,""n_s"":100000,""alpha"":0.3,""seed"":1}},""run"":{""method"":""ours"",""variant"":""enum_sampling"",""t"":100000,""seed"":1,""repeats"":3,""j_star"":1000000,""enum_cap"":0,""write_samples"":false,""verify"":false},""output"":{""out_dir"":""/home/dhy/PhD/SIGMOD-EXP/EXP-2/run/temp/exp6"",""run_tag"":""""},""sys"":{""threads"":1},""logging"":{""level"":""INFO"",""with_timestamp"":true,""with_thread_id"":false}}","{""generator"":""stripe_ctrl_alpha"",""dataset"":""exp6_stripe__nr100000__ns100000__a3_000em01__g1"",""n_r"":100000,""n_s"":100000,""has_exact_k"":true,""k_target"":60000,""k_achieved"":60000,""alpha_target"":0.3,""alpha_achieved"":0.3,""notes"":""control_axis=1, core=[0.45,0.55], g=9.9999e-07, h=9e-06, delta=2.49998e-07, shuffle_strips=1, shuffle_r=0, k_overridden=0""}"
exp6_stripe__nr100000__ns100000__a3_000em01__g1,stripe,0.3,100000,100000,ours,enum_sampling,100000,1,2,1,471.67,60000,1,1,0,0,,0,"{""build_active_indices_ms"":5.422250,""build_events_ms"":42.377246,""build_ranks_ms"":39.915876,""build_y_domain_ms"":14.001264,""run_build_ms"":102.103878,""run_draw_ranks_ms"":7.981257,""run_enum_pass1_count_ms"":221.727958,""run_enum_pass2_select_ms"":94.570941,""run_enum_prepare_ms"":1.511089}",,"{""dataset"":{""source"":""synthetic"",""name"":""exp6_stripe__nr100000__ns100000__a3_000em01__g1"",""dim"":2,""path_r"":"""",""path_s"":"""",""synthetic"":{""generator"":""stripe"",""n_r"":100000,""n_s"":100000,""alpha"":0.3,""seed"":1}},""run"":{""method"":""ours"",""variant"":""enum_sampling"",""t"":100000,""seed"":1,""repeats"":3,""j_star"":1000000,""enum_cap"":0,""write_samples"":false,""verify"":false},""output"":{""out_dir"":""/home/dhy/PhD/SIGMOD-EXP/EXP-2/run/temp/exp6"",""run_tag"":""""},""sys"":{""threads"":1},""logging"":{""level"":""INFO"",""with_timestamp"":true,""with_thread_id"":false}}","{""generator"":""stripe_ctrl_alpha"",""dataset"":""exp6_stripe__nr100000__ns100000__a3_000em01__g1"",""n_r"":100000,""n_s"":100000,""has_exact_k"":true,""k_target"":60000,""k_achieved"":60000,""alpha_target"":0.3,""alpha_achieved"":0.3,""notes"":""control_axis=1, core=[0.45,0.55], g=9.9999e-07, h=9e-06, delta=2.49998e-07, shuffle_strips=1, shuffle_r=0, k_overridden=0""}"
exp6_stripe__nr100000__ns100000__a3_000em01__g1,stripe,0.3,100000,100000,ours,enum_sampling,100000,2,3,1,468.619,60000,1,1,0,0,,0,"{""build_active_indices_ms"":5.449899,""build_events_ms"":42.326327,""build_ranks_ms"":39.942525,""build_y_domain_ms"":13.988015,""run_build_ms"":102.092008,""run_draw_ranks_ms"":7.906649,""run_enum_pass1_count_ms"":220.756068,""run_enum_pass2_select_ms"":92.596701,""run_enum_prepare_ms"":1.505829}",,"{""dataset"":{""source"":""synthetic"",""name"":""exp6_stripe__nr100000__ns100000__a3_000em01__g1"",""dim"":2,""path_r"":"""",""path_s"":"""",""synthetic"":{""generator"":""stripe"",""n_r"":100000,""n_s"":100000,""alpha"":0.3,""seed"":1}},""run"":{""method"":""ours"",""variant"":""enum_sampling"",""t"":100000,""seed"":1,""repeats"":3,""j_star"":1000000,""enum_cap"":0,""write_samples"":false,""verify"":false},""output"":{""out_dir"":""/home/dhy/PhD/SIGMOD-EXP/EXP-2/run/temp/exp6"",""run_tag"":""""},""sys"":{""threads"":1},""logging"":{""level"":""INFO"",""with_timestamp"":true,""with_thread_id"":false}}","{""generator"":""stripe_ctrl_alpha"",""dataset"":""exp6_stripe__nr100000__ns100000__a3_000em01__g1"",""n_r"":100000,""n_s"":100000,""has_exact_k"":true,""k_target"":60000,""k_achieved"":60000,""alpha_target"":0.3,""alpha_achieved"":0.3,""notes"":""control_axis=1, core=[0.45,0.55], g=9.9999e-07, h=9e-06, delta=2.49998e-07, shuffle_strips=1, shuffle_r=0, k_overridden=0""}"
exp6_stripe__nr100000__ns100000__a3_000em01__g1,stripe,0.3,100000,100000,ours,adaptive,100000,0,1,1,319.085,60000,1,1,0,0,enumerate_all,60000,"{""build_active_indices_ms"":5.592297,""build_events_ms"":35.126224,""build_ranks_ms"":40.019054,""build_y_domain_ms"":13.990654,""run_build_ms"":95.239928,""run_pilot_enum_prepare_ms"":1.513839,""run_pilot_enum_scan_ms"":221.770337,""run_small_join_sample_from_list_ms"":0.547729}",,"{""dataset"":{""source"":""synthetic"",""name"":""exp6_stripe__nr100000__ns100000__a3_000em01__g1"",""dim"":2,""path_r"":"""",""path_s"":"""",""synthetic"":{""generator"":""stripe"",""n_r"":100000,""n_s"":100000,""alpha"":0.3,""seed"":1}},""run"":{""method"":""ours"",""variant"":""adaptive"",""t"":100000,""seed"":1,""repeats"":3,""j_star"":1000000,""enum_cap"":0,""write_samples"":false,""verify"":false},""output"":{""out_dir"":""/home/dhy/PhD/SIGMOD-EXP/EXP-2/run/temp/exp6"",""run_tag"":""""},""sys"":{""threads"":1},""logging"":{""level"":""INFO"",""with_timestamp"":true,""with_thread_id"":false}}","{""generator"":""stripe_ctrl_alpha"",""dataset"":""exp6_stripe__nr100000__ns100000__a3_000em01__g1"",""n_r"":100000,""n_s"":100000,""has_exact_k"":true,""k_target"":60000,""k_achieved"":60000,""alpha_target"":0.3,""alpha_achieved"":0.3,""notes"":""control_axis=1, core=[0.45,0.55], g=9.9999e-07, h=9e-06, delta=2.49998e-07, shuffle_strips=1, shuffle_r=0, k_overridden=0""}"
exp6_stripe__nr100000__ns100000__a3_000em01__g1,stripe,0.3,100000,100000,ours,adaptive,100000,1,2,1,372.659,60000,1,1,0,0,enumerate_all,60000,"{""build_active_indices_ms"":5.496377,""build_events_ms"":42.642960,""build_ranks_ms"":41.325988,""build_y_domain_ms"":13.992134,""run_build_ms"":103.950980,""run_pilot_enum_prepare_ms"":1.521989,""run_pilot_enum_scan_ms"":223.743447,""run_small_join_sample_from_list_ms"":0.382182}",,"{""dataset"":{""source"":""synthetic"",""name"":""exp6_stripe__nr100000__ns100000__a3_000em01__g1"",""dim"":2,""path_r"":"""",""path_s"":"""",""synthetic"":{""generator"":""stripe"",""n_r"":100000,""n_s"":100000,""alpha"":0.3,""seed"":1}},""run"":{""method"":""ours"",""variant"":""adaptive"",""t"":100000,""seed"":1,""repeats"":3,""j_star"":1000000,""enum_cap"":0,""write_samples"":false,""verify"":false},""output"":{""out_dir"":""/home/dhy/PhD/SIGMOD-EXP/EXP-2/run/temp/exp6"",""run_tag"":""""},""sys"":{""threads"":1},""logging"":{""level"":""INFO"",""with_timestamp"":true,""with_thread_id"":false}}","{""generator"":""stripe_ctrl_alpha"",""dataset"":""exp6_stripe__nr100000__ns100000__a3_000em01__g1"",""n_r"":100000,""n_s"":100000,""has_exact_k"":true,""k_target"":60000,""k_achieved"":60000,""alpha_target"":0.3,""alpha_achieved"":0.3,""notes"":""control_axis=1, core=[0.45,0.55], g=9.9999e-07, h=9e-06, delta=2.49998e-07, shuffle_strips=1, shuffle_r=0, k_overridden=0""}"
exp6_stripe__nr100000__ns100000__a3_000em01__g1,stripe,0.3,100000,100000,ours,adaptive,100000,2,3,1,371.071,60000,1,1,0,0,enumerate_all,60000,"{""build_active_indices_ms"":5.498688,""build_events_ms"":43.168540,""build_ranks_ms"":39.962635,""build_y_domain_ms"":14.001014,""run_build_ms"":103.123688,""run_pilot_enum_prepare_ms"":1.535089,""run_pilot_enum_scan_ms"":223.049112,""run_small_join_sample_from_list_ms"":0.365253}",,"{""dataset"":{""source"":""synthetic"",""name"":""exp6_stripe__nr100000__ns100000__a3_000em01__g1"",""dim"":2,""path_r"":"""",""path_s"":"""",""synthetic"":{""generator"":""stripe"",""n_r"":100000,""n_s"":100000,""alpha"":0.3,""seed"":1}},""run"":{""method"":""ours"",""variant"":""adaptive"",""t"":100000,""seed"":1,""repeats"":3,""j_star"":1000000,""enum_cap"":0,""write_samples"":false,""verify"":false},""output"":{""out_dir"":""/home/dhy/PhD/SIGMOD-EXP/EXP-2/run/temp/exp6"",""run_tag"":""""},""sys"":{""threads"":1},""logging"":{""level"":""INFO"",""with_timestamp"":true,""with_thread_id"":false}}","{""generator"":""stripe_ctrl_alpha"",""dataset"":""exp6_stripe__nr100000__ns100000__a3_000em01__g1"",""n_r"":100000,""n_s"":100000,""has_exact_k"":true,""k_target"":60000,""k_achieved"":60000,""alpha_target"":0.3,""alpha_achieved"":0.3,""notes"":""control_axis=1, core=[0.45,0.55], g=9.9999e-07, h=9e-06, delta=2.49998e-07, shuffle_strips=1, shuffle_r=0, k_overridden=0""}"
exp6_stripe__nr100000__ns100000__a3_000em01__g1,stripe,0.3,100000,100000,ours,sampling,300000,0,1,1,475.667,60000,1,0,0,0,,0,"{""build_active_indices_ms"":10.799440,""build_events_ms"":35.171352,""build_ranks_ms"":40.062533,""build_y_domain_ms"":13.979585,""phase1_count_ms"":220.995144,""phase2_plan_ms"":12.245021,""phase3_sample_ms"":141.795899,""run_build_ms"":100.537919,""run_count_ms"":220.997984,""run_sample_ms"":154.126927}",,"{""dataset"":{""source"":""synthetic"",""name"":""exp6_stripe__nr100000__ns100000__a3_000em01__g1"",""dim"":2,""path_r"":"""",""path_s"":"""",""synthetic"":{""generator"":""stripe"",""n_r"":100000,""n_s"":100000,""alpha"":0.3,""seed"":1}},""run"":{""method"":""ours"",""variant"":""sampling"",""t"":300000,""seed"":1,""repeats"":3,""j_star"":1000000,""enum_cap"":0,""write_samples"":false,""verify"":false},""output"":{""out_dir"":""/home/dhy/PhD/SIGMOD-EXP/EXP-2/run/temp/exp6"",""run_tag"":""""},""sys"":{""threads"":1},""logging"":{""level"":""INFO"",""with_timestamp"":true,""with_thread_id"":false}}","{""generator"":""stripe_ctrl_alpha"",""dataset"":""exp6_stripe__nr100000__ns100000__a3_000em01__g1"",""n_r"":100000,""n_s"":100000,""has_exact_k"":true,""k_target"":60000,""k_achieved"":60000,""alpha_target"":0.3,""alpha_achieved"":0.3,""notes"":""control_axis=1, core=[0.45,0.55], g=9.9999e-07, h=9e-06, delta=2.49998e-07, shuffle_strips=1, shuffle_r=0, k_overridden=0""}"
exp6_stripe__nr100000__ns100000__a3_000em01__g1,stripe,0.3,100000,100000,ours,sampling,300000,1,2,1,518.41,60000,1,0,0,0,,0,"{""build_active_indices_ms"":5.497628,""build_events_ms"":42.998804,""build_ranks_ms"":39.995864,""build_y_domain_ms"":14.003415,""phase1_count_ms"":221.143901,""phase2_plan_ms"":9.814421,""phase3_sample_ms"":141.367757,""run_build_ms"":102.990039,""run_count_ms"":221.147770,""run_sample_ms"":151.268556}",,"{""dataset"":{""source"":""synthetic"",""name"":""exp6_stripe__nr100000__ns100000__a3_000em01__g1"",""dim"":2,""path_r"":"""",""path_s"":"""",""synthetic"":{""generator"":""stripe"",""n_r"":100000,""n_s"":100000,""alpha"":0.3,""seed"":1}},""run"":{""method"":""ours"",""variant"":""sampling"",""t"":300000,""seed"":1,""repeats"":3,""j_star"":1000000,""enum_cap"":0,""write_samples"":false,""verify"":false},""output"":{""out_dir"":""/home/dhy/PhD/SIGMOD-EXP/EXP-2/run/temp/exp6"",""run_tag"":""""},""sys"":{""threads"":1},""logging"":{""level"":""INFO"",""with_timestamp"":true,""with_thread_id"":false}}","{""generator"":""stripe_ctrl_alpha"",""dataset"":""exp6_stripe__nr100000__ns100000__a3_000em01__g1"",""n_r"":100000,""n_s"":100000,""has_exact_k"":true,""k_target"":60000,""k_achieved"":60000,""alpha_target"":0.3,""alpha_achieved"":0.3,""notes"":""control_axis=1, core=[0.45,0.55], g=9.9999e-07, h=9e-06, delta=2.49998e-07, shuffle_strips=1, shuffle_r=0, k_overridden=0""}"
exp6_stripe__nr100000__ns100000__a3_000em01__g1,stripe,0.3,100000,100000,ours,sampling,300000,2,3,1,518.906,60000,1,0,0,0,,0,"{""build_active_indices_ms"":5.482318,""build_events_ms"":42.447985,""build_ranks_ms"":39.983314,""build_y_domain_ms"":13.996465,""phase1_count_ms"":222.263108,""phase2_plan_ms"":9.922227,""phase3_sample_ms"":141.534964,""run_build_ms"":102.418251,""run_count_ms"":222.267288,""run_sample_ms"":151.546189}",,"{""dataset"":{""source"":""synthetic"",""name"":""exp6_stripe__nr100000__ns100000__a3_000em01__g1"",""dim"":2,""path_r"":"""",""path_s"":"""",""synthetic"":{""generator"":""stripe"",""n_r"":100000,""n_s"":100000,""alpha"":0.3,""seed"":1}},""run"":{""method"":""ours"",""variant"":""sampling"",""t"":300000,""seed"":1,""repeats"":3,""j_star"":1000000,""enum_cap"":0,""write_samples"":false,""verify"":false},""output"":{""out_dir"":""/home/dhy/PhD/SIGMOD-EXP/EXP-2/run/temp/exp6"",""run_tag"":""""},""sys"":{""threads"":1},""logging"":{""level"":""INFO"",""with_timestamp"":true,""with_thread_id"":false}}","{""generator"":""stripe_ctrl_alpha"",""dataset"":""exp6_stripe__nr100000__ns100000__a3_000em01__g1"",""n_r"":100000,""n_s"":100000,""has_exact_k"":true,""k_target"":60000,""k_achieved"":60000,""alpha_target"":0.3,""alpha_achieved"":0.3,""notes"":""control_axis=1, core=[0.45,0.55], g=9.9999e-07, h=9e-06, delta=2.49998e-07, shuffle_strips=1, shuffle_r=0, k_overridden=0""}"
exp6_stripe__nr100000__ns100000__a3_000em01__g1,stripe,0.3,100000,100000,ours,enum_sampling,300000,0,1,1,442.782,60000,1,1,0,0,,0,"{""build_active_indices_ms"":8.576995,""build_events_ms"":35.146693,""build_ranks_ms"":39.840458,""build_y_domain_ms"":13.968126,""run_build_ms"":97.924383,""run_draw_ranks_ms"":26.975689,""run_enum_pass1_count_ms"":221.423485,""run_enum_pass2_select_ms"":93.369806,""run_enum_prepare_ms"":1.573968}",,"{""dataset"":{""source"":""synthetic"",""name"":""exp6_stripe__nr100000__ns100000__a3_000em01__g1"",""dim"":2,""path_r"":"""",""path_s"":"""",""synthetic"":{""generator"":""stripe"",""n_r"":100000,""n_s"":100000,""alpha"":0.3,""seed"":1}},""run"":{""method"":""ours"",""variant"":""enum_sampling"",""t"":300000,""seed"":1,""repeats"":3,""j_star"":1000000,""enum_cap"":0,""write_samples"":false,""verify"":false},""output"":{""out_dir"":""/home/dhy/PhD/SIGMOD-EXP/EXP-2/run/temp/exp6"",""run_tag"":""""},""sys"":{""threads"":1},""logging"":{""level"":""INFO"",""with_timestamp"":true,""with_thread_id"":false}}","{""generator"":""stripe_ctrl_alpha"",""dataset"":""exp6_stripe__nr100000__ns100000__a3_000em01__g1"",""n_r"":100000,""n_s"":100000,""has_exact_k"":true,""k_target"":60000,""k_achieved"":60000,""alpha_target"":0.3,""alpha_achieved"":0.3,""notes"":""control_axis=1, core=[0.45,0.55], g=9.9999e-07, h=9e-06, delta=2.49998e-07, shuffle_strips=1, shuffle_r=0, k_overridden=0""}"
exp6_stripe__nr100000__ns100000__a3_000em01__g1,stripe,0.3,100000,100000,ours,enum_sampling,300000,1,2,1,492.078,60000,1,1,0,0,,0,"{""build_active_indices_ms"":5.497958,""build_events_ms"":42.705659,""build_ranks_ms"":39.853958,""build_y_domain_ms"":14.005095,""run_build_ms"":102.448221,""run_draw_ranks_ms"":26.622966,""run_enum_pass1_count_ms"":223.726917,""run_enum_pass2_select_ms"":93.575683,""run_enum_prepare_ms"":1.536439}",,"{""dataset"":{""source"":""synthetic"",""name"":""exp6_stripe__nr100000__ns100000__a3_000em01__g1"",""dim"":2,""path_r"":"""",""path_s"":"""",""synthetic"":{""generator"":""stripe"",""n_r"":100000,""n_s"":100000,""alpha"":0.3,""seed"":1}},""run"":{""method"":""ours"",""variant"":""enum_sampling"",""t"":300000,""seed"":1,""repeats"":3,""j_star"":1000000,""enum_cap"":0,""write_samples"":false,""verify"":false},""output"":{""out_dir"":""/home/dhy/PhD/SIGMOD-EXP/EXP-2/run/temp/exp6"",""run_tag"":""""},""sys"":{""threads"":1},""logging"":{""level"":""INFO"",""with_timestamp"":true,""with_thread_id"":false}}","{""generator"":""stripe_ctrl_alpha"",""dataset"":""exp6_stripe__nr100000__ns100000__a3_000em01__g1"",""n_r"":100000,""n_s"":100000,""has_exact_k"":true,""k_target"":60000,""k_achieved"":60000,""alpha_target"":0.3,""alpha_achieved"":0.3,""notes"":""control_axis=1, core=[0.45,0.55], g=9.9999e-07, h=9e-06, delta=2.49998e-07, shuffle_strips=1, shuffle_r=0, k_overridden=0""}"
exp6_stripe__nr100000__ns100000__a3_000em01__g1,stripe,0.3,100000,100000,ours,enum_sampling,300000,2,3,1,490.175,60000,1,1,0,0,,0,"{""build_active_indices_ms"":5.482798,""build_events_ms"":42.379016,""build_ranks_ms"":39.857946,""build_y_domain_ms"":14.005715,""run_build_ms"":102.110077,""run_draw_ranks_ms"":26.797744,""run_enum_pass1_count_ms"":222.001244,""run_enum_pass2_select_ms"":93.878285,""run_enum_prepare_ms"":1.526269}",,"{""dataset"":{""source"":""synthetic"",""name"":""exp6_stripe__nr100000__ns100000__a3_000em01__g1"",""dim"":2,""path_r"":"""",""path_s"":"""",""synthetic"":{""generator"":""stripe"",""n_r"":100000,""n_s"":100000,""alpha"":0.3,""seed"":1}},""run"":{""method"":""ours"",""variant"":""enum_sampling"",""t"":300000,""seed"":1,""repeats"":3,""j_star"":1000000,""enum_cap"":0,""write_samples"":false,""verify"":false},""output"":{""out_dir"":""/home/dhy/PhD/SIGMOD-EXP/EXP-2/run/temp/exp6"",""run_tag"":""""},""sys"":{""threads"":1},""logging"":{""level"":""INFO"",""with_timestamp"":true,""with_thread_id"":false}}","{""generator"":""stripe_ctrl_alpha"",""dataset"":""exp6_stripe__nr100000__ns100000__a3_000em01__g1"",""n_r"":100000,""n_s"":100000,""has_exact_k"":true,""k_target"":60000,""k_achieved"":60000,""alpha_target"":0.3,""alpha_achieved"":0.3,""notes"":""control_axis=1, core=[0.45,0.55], g=9.9999e-07, h=9e-06, delta=2.49998e-07, shuffle_strips=1, shuffle_r=0, k_overridden=0""}"
exp6_stripe__nr100000__ns100000__a3_000em01__g1,stripe,0.3,100000,100000,ours,adaptive,300000,0,1,1,321.12,60000,1,1,0,0,enumerate_all,60000,"{""build_active_indices_ms"":5.516657,""build_events_ms"":35.119995,""build_ranks_ms"":39.914706,""build_y_domain_ms"":14.013804,""run_build_ms"":95.075601,""run_pilot_enum_prepare_ms"":1.536108,""run_pilot_enum_scan_ms"":222.027893,""run_small_join_sample_from_list_ms"":2.466590}",,"{""dataset"":{""source"":""synthetic"",""name"":""exp6_stripe__nr100000__ns100000__a3_000em01__g1"",""dim"":2,""path_r"":"""",""path_s"":"""",""synthetic"":{""generator"":""stripe"",""n_r"":100000,""n_s"":100000,""alpha"":0.3,""seed"":1}},""run"":{""method"":""ours"",""variant"":""adaptive"",""t"":300000,""seed"":1,""repeats"":3,""j_star"":1000000,""enum_cap"":0,""write_samples"":false,""verify"":false},""output"":{""out_dir"":""/home/dhy/PhD/SIGMOD-EXP/EXP-2/run/temp/exp6"",""run_tag"":""""},""sys"":{""threads"":1},""logging"":{""level"":""INFO"",""with_timestamp"":true,""with_thread_id"":false}}","{""generator"":""stripe_ctrl_alpha"",""dataset"":""exp6_stripe__nr100000__ns100000__a3_000em01__g1"",""n_r"":100000,""n_s"":100000,""has_exact_k"":true,""k_target"":60000,""k_achieved"":60000,""alpha_target"":0.3,""alpha_achieved"":0.3,""notes"":""control_axis=1, core=[0.45,0.55], g=9.9999e-07, h=9e-06, delta=2.49998e-07, shuffle_strips=1, shuffle_r=0, k_overridden=0""}"
exp6_stripe__nr100000__ns100000__a3_000em01__g1,stripe,0.3,100000,100000,ours,adaptive,300000,1,2,1,370.081,60000,1,1,0,0,enumerate_all,60000,"{""build_active_indices_ms"":5.395340,""build_events_ms"":42.521594,""build_ranks_ms"":39.952656,""build_y_domain_ms"":14.000074,""run_build_ms"":102.375873,""run_pilot_enum_prepare_ms"":1.563038,""run_pilot_enum_scan_ms"":222.188120,""run_small_join_sample_from_list_ms"":0.768784}",,"{""dataset"":{""source"":""synthetic"",""name"":""exp6_stripe__nr100000__ns100000__a3_000em01__g1"",""dim"":2,""path_r"":"""",""path_s"":"""",""synthetic"":{""generator"":""stripe"",""n_r"":100000,""n_s"":100000,""alpha"":0.3,""seed"":1}},""run"":{""method"":""ours"",""variant"":""adaptive"",""t"":300000,""seed"":1,""repeats"":3,""j_star"":1000000,""enum_cap"":0,""write_samples"":false,""verify"":false},""output"":{""out_dir"":""/home/dhy/PhD/SIGMOD-EXP/EXP-2/run/temp/exp6"",""run_tag"":""""},""sys"":{""threads"":1},""logging"":{""level"":""INFO"",""with_timestamp"":true,""with_thread_id"":false}}","{""generator"":""stripe_ctrl_alpha"",""dataset"":""exp6_stripe__nr100000__ns100000__a3_000em01__g1"",""n_r"":100000,""n_s"":100000,""has_exact_k"":true,""k_target"":60000,""k_achieved"":60000,""alpha_target"":0.3,""alpha_achieved"":0.3,""notes"":""control_axis=1, core=[0.45,0.55], g=9.9999e-07, h=9e-06, delta=2.49998e-07, shuffle_strips=1, shuffle_r=0, k_overridden=0""}"
exp6_stripe__nr100000__ns100000__a3_000em01__g1,stripe,0.3,100000,100000,ours,adaptive,300000,2,3,1,371.73,60000,1,1,0,0,enumerate_all,60000,"{""build_active_indices_ms"":5.474089,""build_events_ms"":42.856906,""build_ranks_ms"":39.923945,""build_y_domain_ms"":13.995905,""run_build_ms"":102.757925,""run_pilot_enum_prepare_ms"":1.536228,""run_pilot_enum_scan_ms"":221.932564,""run_small_join_sample_from_list_ms"":0.813694}",,"{""dataset"":{""source"":""synthetic"",""name"":""exp6_stripe__nr100000__ns100000__a3_000em01__g1"",""dim"":2,""path_r"":"""",""path_s"":"""",""synthetic"":{""generator"":""stripe"",""n_r"":100000,""n_s"":100000,""alpha"":0.3,""seed"":1}},""run"":{""method"":""ours"",""variant"":""adaptive"",""t"":300000,""seed"":1,""repeats"":3,""j_star"":1000000,""enum_cap"":0,""write_samples"":false,""verify"":false},""output"":{""out_dir"":""/home/dhy/PhD/SIGMOD-EXP/EXP-2/run/temp/exp6"",""run_tag"":""""},""sys"":{""threads"":1},""logging"":{""level"":""INFO"",""with_timestamp"":true,""with_thread_id"":false}}","{""generator"":""stripe_ctrl_alpha"",""dataset"":""exp6_stripe__nr100000__ns100000__a3_000em01__g1"",""n_r"":100000,""n_s"":100000,""has_exact_k"":true,""k_target"":60000,""k_achieved"":60000,""alpha_target"":0.3,""alpha_achieved"":0.3,""notes"":""control_axis=1, core=[0.45,0.55], g=9.9999e-07, h=9e-06, delta=2.49998e-07, shuffle_strips=1, shuffle_r=0, k_overridden=0""}"
exp6_stripe__nr100000__ns100000__a3_000em01__g1,stripe,0.3,100000,100000,ours,sampling,1000000,0,1,1,500.483,60000,1,0,0,0,,0,"{""build_active_indices_ms"":10.785680,""build_events_ms"":35.188602,""build_ranks_ms"":40.003234,""build_y_domain_ms"":13.973795,""phase1_count_ms"":222.718368,""phase2_plan_ms"":24.905513,""phase3_sample_ms"":151.055570,""run_build_ms"":100.453712,""run_count_ms"":222.721868,""run_sample_ms"":177.301616}",,"{""dataset"":{""source"":""synthetic"",""name"":""exp6_stripe__nr100000__ns100000__a3_000em01__g1"",""dim"":2,""path_r"":"""",""path_s"":"""",""synthetic"":{""generator"":""stripe"",""n_r"":100000,""n_s"":100000,""alpha"":0.3,""seed"":1}},""run"":{""method"":""ours"",""variant"":""sampling"",""t"":1000000,""seed"":1,""repeats"":3,""j_star"":1000000,""enum_cap"":0,""write_samples"":false,""verify"":false},""output"":{""out_dir"":""/home/dhy/PhD/SIGMOD-EXP/EXP-2/run/temp/exp6"",""run_tag"":""""},""sys"":{""threads"":1},""logging"":{""level"":""INFO"",""with_timestamp"":true,""with_thread_id"":false}}","{""generator"":""stripe_ctrl_alpha"",""dataset"":""exp6_stripe__nr100000__ns100000__a3_000em01__g1"",""n_r"":100000,""n_s"":100000,""has_exact_k"":true,""k_target"":60000,""k_achieved"":60000,""alpha_target"":0.3,""alpha_achieved"":0.3,""notes"":""control_axis=1, core=[0.45,0.55], g=9.9999e-07, h=9e-06, delta=2.49998e-07, shuffle_strips=1, shuffle_r=0, k_overridden=0""}"
exp6_stripe__nr100000__ns100000__a3_000em01__g1,stripe,0.3,100000,100000,ours,sampling,1000000,1,2,1,543.512,60000,1,0,0,0,,0,"{""build_active_indices_ms"":5.423279,""build_events_ms"":42.316497,""build_ranks_ms"":40.043083,""build_y_domain_ms"":13.997724,""phase1_count_ms"":224.283847,""phase2_plan_ms"":22.628519,""phase3_sample_ms"":151.106459,""run_build_ms"":102.286565,""run_count_ms"":224.287176,""run_sample_ms"":174.004662}",,"{""dataset"":{""source"":""synthetic"",""name"":""exp6_stripe__nr100000__ns100000__a3_000em01__g1"",""dim"":2,""path_r"":"""",""path_s"":"""",""synthetic"":{""generator"":""stripe"",""n_r"":100000,""n_s"":100000,""alpha"":0.3,""seed"":1}},""run"":{""method"":""ours"",""variant"":""sampling"",""t"":1000000,""seed"":1,""repeats"":3,""j_star"":1000000,""enum_cap"":0,""write_samples"":false,""verify"":false},""output"":{""out_dir"":""/home/dhy/PhD/SIGMOD-EXP/EXP-2/run/temp/exp6"",""run_tag"":""""},""sys"":{""threads"":1},""logging"":{""level"":""INFO"",""with_timestamp"":true,""with_thread_id"":false}}","{""generator"":""stripe_ctrl_alpha"",""dataset"":""exp6_stripe__nr100000__ns100000__a3_000em01__g1"",""n_r"":100000,""n_s"":100000,""has_exact_k"":true,""k_target"":60000,""k_achieved"":60000,""alpha_target"":0.3,""alpha_achieved"":0.3,""notes"":""control_axis=1, core=[0.45,0.55], g=9.9999e-07, h=9e-06, delta=2.49998e-07, shuffle_strips=1, shuffle_r=0, k_overridden=0""}"
exp6_stripe__nr100000__ns100000__a3_000em01__g1,stripe,0.3,100000,100000,ours,sampling,1000000,2,3,1,544.307,60000,1,0,0,0,,0,"{""build_active_indices_ms"":5.381611,""build_events_ms"":42.348146,""build_ranks_ms"":40.030434,""build_y_domain_ms"":13.983375,""phase1_count_ms"":225.183659,""phase2_plan_ms"":22.492432,""phase3_sample_ms"":151.358944,""run_build_ms"":102.253225,""run_count_ms"":225.187438,""run_sample_ms"":174.124861}",,"{""dataset"":{""source"":""synthetic"",""name"":""exp6_stripe__nr100000__ns100000__a3_000em01__g1"",""dim"":2,""path_r"":"""",""path_s"":"""",""synthetic"":{""generator"":""stripe"",""n_r"":100000,""n_s"":100000,""alpha"":0.3,""seed"":1}},""run"":{""method"":""ours"",""variant"":""sampling"",""t"":1000000,""seed"":1,""repeats"":3,""j_star"":1000000,""enum_cap"":0,""write_samples"":false,""verify"":false},""output"":{""out_dir"":""/home/dhy/PhD/SIGMOD-EXP/EXP-2/run/temp/exp6"",""run_tag"":""""},""sys"":{""threads"":1},""logging"":{""level"":""INFO"",""with_timestamp"":true,""with_thread_id"":false}}","{""generator"":""stripe_ctrl_alpha"",""dataset"":""exp6_stripe__nr100000__ns100000__a3_000em01__g1"",""n_r"":100000,""n_s"":100000,""has_exact_k"":true,""k_target"":60000,""k_achieved"":60000,""alpha_target"":0.3,""alpha_achieved"":0.3,""notes"":""control_axis=1, core=[0.45,0.55], g=9.9999e-07, h=9e-06, delta=2.49998e-07, shuffle_strips=1, shuffle_r=0, k_overridden=0""}"
exp6_stripe__nr100000__ns100000__a3_000em01__g1,stripe,0.3,100000,100000,ours,enum_sampling,1000000,0,1,1,523.613,60000,1,1,0,0,,0,"{""build_active_indices_ms"":10.816789,""build_events_ms"":35.116304,""build_ranks_ms"":40.039364,""build_y_domain_ms"":13.999225,""run_build_ms"":100.362514,""run_draw_ranks_ms"":99.654598,""run_enum_pass1_count_ms"":221.293548,""run_enum_pass2_select_ms"":97.252477,""run_enum_prepare_ms"":1.566528}",,"{""dataset"":{""source"":""synthetic"",""name"":""exp6_stripe__nr100000__ns100000__a3_000em01__g1"",""dim"":2,""path_r"":"""",""path_s"":"""",""synthetic"":{""generator"":""stripe"",""n_r"":100000,""n_s"":100000,""alpha"":0.3,""seed"":1}},""run"":{""method"":""ours"",""variant"":""enum_sampling"",""t"":1000000,""seed"":1,""repeats"":3,""j_star"":1000000,""enum_cap"":0,""write_samples"":false,""verify"":false},""output"":{""out_dir"":""/home/dhy/PhD/SIGMOD-EXP/EXP-2/run/temp/exp6"",""run_tag"":""""},""sys"":{""threads"":1},""logging"":{""level"":""INFO"",""with_timestamp"":true,""with_thread_id"":false}}","{""generator"":""stripe_ctrl_alpha"",""dataset"":""exp6_stripe__nr100000__ns100000__a3_000em01__g1"",""n_r"":100000,""n_s"":100000,""has_exact_k"":true,""k_target"":60000,""k_achieved"":60000,""alpha_target"":0.3,""alpha_achieved"":0.3,""notes"":""control_axis=1, core=[0.45,0.55], g=9.9999e-07, h=9e-06, delta=2.49998e-07, shuffle_strips=1, shuffle_r=0, k_overridden=0""}"
exp6_stripe__nr100000__ns100000__a3_000em01__g1,stripe,0.3,100000,100000,ours,enum_sampling,1000000,1,2,1,566.956,60000,1,1,0,0,,0,"{""build_active_indices_ms"":5.374941,""build_events_ms"":43.822806,""build_ranks_ms"":40.047513,""build_y_domain_ms"":14.016234,""run_build_ms"":103.653647,""run_draw_ranks_ms"":98.640069,""run_enum_pass1_count_ms"":221.532324,""run_enum_pass2_select_ms"":96.780847,""run_enum_prepare_ms"":1.536358}",,"{""dataset"":{""source"":""synthetic"",""name"":""exp6_stripe__nr100000__ns100000__a3_000em01__g1"",""dim"":2,""path_r"":"""",""path_s"":"""",""synthetic"":{""generator"":""stripe"",""n_r"":100000,""n_s"":100000,""alpha"":0.3,""seed"":1}},""run"":{""method"":""ours"",""variant"":""enum_sampling"",""t"":1000000,""seed"":1,""repeats"":3,""j_star"":1000000,""enum_cap"":0,""write_samples"":false,""verify"":false},""output"":{""out_dir"":""/home/dhy/PhD/SIGMOD-EXP/EXP-2/run/temp/exp6"",""run_tag"":""""},""sys"":{""threads"":1},""logging"":{""level"":""INFO"",""with_timestamp"":true,""with_thread_id"":false}}","{""generator"":""stripe_ctrl_alpha"",""dataset"":""exp6_stripe__nr100000__ns100000__a3_000em01__g1"",""n_r"":100000,""n_s"":100000,""has_exact_k"":true,""k_target"":60000,""k_achieved"":60000,""alpha_target"":0.3,""alpha_achieved"":0.3,""notes"":""control_axis=1, core=[0.45,0.55], g=9.9999e-07, h=9e-06, delta=2.49998e-07, shuffle_strips=1, shuffle_r=0, k_overridden=0""}"
exp6_stripe__nr100000__ns100000__a3_000em01__g1,stripe,0.3,100000,100000,ours,enum_sampling,1000000,2,3,1,568.868,60000,1,1,0,0,,0,"{""build_active_indices_ms"":5.376780,""build_events_ms"":42.354096,""build_ranks_ms"":40.022145,""build_y_domain_ms"":13.986594,""run_build_ms"":102.123968,""run_draw_ranks_ms"":99.473532,""run_enum_pass1_count_ms"":221.848197,""run_enum_pass2_select_ms"":99.279706,""run_enum_prepare_ms"":1.550838}",,"{""dataset"":{""source"":""synthetic"",""name"":""exp6_stripe__nr100000__ns100000__a3_000em01__g1"",""dim"":2,""path_r"":"""",""path_s"":"""",""synthetic"":{""generator"":""stripe"",""n_r"":100000,""n_s"":100000,""alpha"":0.3,""seed"":1}},""run"":{""method"":""ours"",""variant"":""enum_sampling"",""t"":1000000,""seed"":1,""repeats"":3,""j_star"":1000000,""enum_cap"":0,""write_samples"":false,""verify"":false},""output"":{""out_dir"":""/home/dhy/PhD/SIGMOD-EXP/EXP-2/run/temp/exp6"",""run_tag"":""""},""sys"":{""threads"":1},""logging"":{""level"":""INFO"",""with_timestamp"":true,""with_thread_id"":false}}","{""generator"":""stripe_ctrl_alpha"",""dataset"":""exp6_stripe__nr100000__ns100000__a3_000em01__g1"",""n_r"":100000,""n_s"":100000,""has_exact_k"":true,""k_target"":60000,""k_achieved"":60000,""alpha_target"":0.3,""alpha_achieved"":0.3,""notes"":""control_axis=1, core=[0.45,0.55], g=9.9999e-07, h=9e-06, delta=2.49998e-07, shuffle_strips=1, shuffle_r=0, k_overridden=0""}"
exp6_stripe__nr100000__ns100000__a3_000em01__g1,stripe,0.3,100000,100000,ours,adaptive,1000000,0,1,1,326.859,60000,1,1,0,0,enumerate_all,60000,"{""build_active_indices_ms"":8.592596,""build_events_ms"":35.084455,""build_ranks_ms"":40.071152,""build_y_domain_ms"":13.985925,""run_build_ms"":98.260547,""run_pilot_enum_prepare_ms"":1.546208,""run_pilot_enum_scan_ms"":223.338196,""run_small_join_sample_from_list_ms"":3.686015}",,"{""dataset"":{""source"":""synthetic"",""name"":""exp6_stripe__nr100000__ns100000__a3_000em01__g1"",""dim"":2,""path_r"":"""",""path_s"":"""",""synthetic"":{""generator"":""stripe"",""n_r"":100000,""n_s"":100000,""alpha"":0.3,""seed"":1}},""run"":{""method"":""ours"",""variant"":""adaptive"",""t"":1000000,""seed"":1,""repeats"":3,""j_star"":1000000,""enum_cap"":0,""write_samples"":false,""verify"":false},""output"":{""out_dir"":""/home/dhy/PhD/SIGMOD-EXP/EXP-2/run/temp/exp6"",""run_tag"":""""},""sys"":{""threads"":1},""logging"":{""level"":""INFO"",""with_timestamp"":true,""with_thread_id"":false}}","{""generator"":""stripe_ctrl_alpha"",""dataset"":""exp6_stripe__nr100000__ns100000__a3_000em01__g1"",""n_r"":100000,""n_s"":100000,""has_exact_k"":true,""k_target"":60000,""k_achieved"":60000,""alpha_target"":0.3,""alpha_achieved"":0.3,""notes"":""control_axis=1, core=[0.45,0.55], g=9.9999e-07, h=9e-06, delta=2.49998e-07, shuffle_strips=1, shuffle_r=0, k_overridden=0""}"
exp6_stripe__nr100000__ns100000__a3_000em01__g1,stripe,0.3,100000,100000,ours,adaptive,1000000,1,2,1,375.046,60000,1,1,0,0,enumerate_all,60000,"{""build_active_indices_ms"":5.512508,""build_events_ms"":43.736779,""build_ranks_ms"":40.035624,""build_y_domain_ms"":13.987744,""run_build_ms"":103.768235,""run_pilot_enum_prepare_ms"":1.535818,""run_pilot_enum_scan_ms"":223.562432,""run_small_join_sample_from_list_ms"":2.320702}",,"{""dataset"":{""source"":""synthetic"",""name"":""exp6_stripe__nr100000__ns100000__a3_000em01__g1"",""dim"":2,""path_r"":"""",""path_s"":"""",""synthetic"":{""generator"":""stripe"",""n_r"":100000,""n_s"":100000,""alpha"":0.3,""seed"":1}},""run"":{""method"":""ours"",""variant"":""adaptive"",""t"":1000000,""seed"":1,""repeats"":3,""j_star"":1000000,""enum_cap"":0,""write_samples"":false,""verify"":false},""output"":{""out_dir"":""/home/dhy/PhD/SIGMOD-EXP/EXP-2/run/temp/exp6"",""run_tag"":""""},""sys"":{""threads"":1},""logging"":{""level"":""INFO"",""with_timestamp"":true,""with_thread_id"":false}}","{""generator"":""stripe_ctrl_alpha"",""dataset"":""exp6_stripe__nr100000__ns100000__a3_000em01__g1"",""n_r"":100000,""n_s"":100000,""has_exact_k"":true,""k_target"":60000,""k_achieved"":60000,""alpha_target"":0.3,""alpha_achieved"":0.3,""notes"":""control_axis=1, core=[0.45,0.55], g=9.9999e-07, h=9e-06, delta=2.49998e-07, shuffle_strips=1, shuffle_r=0, k_overridden=0""}"
exp6_stripe__nr100000__ns100000__a3_000em01__g1,stripe,0.3,100000,100000,ours,adaptive,1000000,2,3,1,376.498,60000,1,1,0,0,enumerate_all,60000,"{""build_active_indices_ms"":5.509018,""build_events_ms"":43.170680,""build_ranks_ms"":40.026404,""build_y_domain_ms"":13.988964,""run_build_ms"":103.188716,""run_pilot_enum_prepare_ms"":1.549058,""run_pilot_enum_scan_ms"":225.085311,""run_small_join_sample_from_list_ms"":2.845022}",,"{""dataset"":{""source"":""synthetic"",""name"":""exp6_stripe__nr100000__ns100000__a3_000em01__g1"",""dim"":2,""path_r"":"""",""path_s"":"""",""synthetic"":{""generator"":""stripe"",""n_r"":100000,""n_s"":100000,""alpha"":0.3,""seed"":1}},""run"":{""method"":""ours"",""variant"":""adaptive"",""t"":1000000,""seed"":1,""repeats"":3,""j_star"":1000000,""enum_cap"":0,""write_samples"":false,""verify"":false},""output"":{""out_dir"":""/home/dhy/PhD/SIGMOD-EXP/EXP-2/run/temp/exp6"",""run_tag"":""""},""sys"":{""threads"":1},""logging"":{""level"":""INFO"",""with_timestamp"":true,""with_thread_id"":false}}","{""generator"":""stripe_ctrl_alpha"",""dataset"":""exp6_stripe__nr100000__ns100000__a3_000em01__g1"",""n_r"":100000,""n_s"":100000,""has_exact_k"":true,""k_target"":60000,""k_achieved"":60000,""alpha_target"":0.3,""alpha_achieved"":0.3,""notes"":""control_axis=1, core=[0.45,0.55], g=9.9999e-07, h=9e-06, delta=2.49998e-07, shuffle_strips=1, shuffle_r=0, k_overridden=0""}"
exp6_stripe__nr100000__ns100000__a1_000ep00__g1,stripe,1,100000,100000,ours,sampling,1000,0,1,1,461.293,200000,1,0,0,0,,0,"{""build_active_indices_ms"":8.572045,""build_events_ms"":35.073505,""build_ranks_ms"":40.025414,""build_y_domain_ms"":13.910226,""phase1_count_ms"":222.188900,""phase2_plan_ms"":5.736963,""phase3_sample_ms"":135.251333,""run_build_ms"":98.100100,""run_count_ms"":222.193080,""run_sample_ms"":140.996015}",,"{""dataset"":{""source"":""synthetic"",""name"":""exp6_stripe__nr100000__ns100000__a1_000ep00__g1"",""dim"":2,""path_r"":"""",""path_s"":"""",""synthetic"":{""generator"":""stripe"",""n_r"":100000,""n_s"":100000,""alpha"":1,""seed"":1}},""run"":{""method"":""ours"",""variant"":""sampling"",""t"":1000,""seed"":1,""repeats"":3,""j_star"":1000000,""enum_cap"":0,""write_samples"":false,""verify"":false},""output"":{""out_dir"":""/home/dhy/PhD/SIGMOD-EXP/EXP-2/run/temp/exp6"",""run_tag"":""""},""sys"":{""threads"":1},""logging"":{""level"":""INFO"",""with_timestamp"":true,""with_thread_id"":false}}","{""generator"":""stripe_ctrl_alpha"",""dataset"":""exp6_stripe__nr100000__ns100000__a1_000ep00__g1"",""n_r"":100000,""n_s"":100000,""has_exact_k"":true,""k_target"":200000,""k_achieved"":200000,""alpha_target"":1,""alpha_achieved"":1,""notes"":""control_axis=1, core=[0.45,0.55], g=9.9999e-07, h=9e-06, delta=2.49998e-07, shuffle_strips=1, shuffle_r=0, k_overridden=0""}"
exp6_stripe__nr100000__ns100000__a1_000ep00__g1,stripe,1,100000,100000,ours,sampling,1000,1,2,1,508.837,200000,1,0,0,0,,0,"{""build_active_indices_ms"":5.438739,""build_events_ms"":42.990883,""build_ranks_ms"":39.984514,""build_y_domain_ms"":13.948167,""phase1_count_ms"":223.891256,""phase2_plan_ms"":4.456229,""phase3_sample_ms"":134.676315,""run_build_ms"":102.867353,""run_count_ms"":223.894056,""run_sample_ms"":139.140264}",,"{""dataset"":{""source"":""synthetic"",""name"":""exp6_stripe__nr100000__ns100000__a1_000ep00__g1"",""dim"":2,""path_r"":"""",""path_s"":"""",""synthetic"":{""generator"":""stripe"",""n_r"":100000,""n_s"":100000,""alpha"":1,""seed"":1}},""run"":{""method"":""ours"",""variant"":""sampling"",""t"":1000,""seed"":1,""repeats"":3,""j_star"":1000000,""enum_cap"":0,""write_samples"":false,""verify"":false},""output"":{""out_dir"":""/home/dhy/PhD/SIGMOD-EXP/EXP-2/run/temp/exp6"",""run_tag"":""""},""sys"":{""threads"":1},""logging"":{""level"":""INFO"",""with_timestamp"":true,""with_thread_id"":false}}","{""generator"":""stripe_ctrl_alpha"",""dataset"":""exp6_stripe__nr100000__ns100000__a1_000ep00__g1"",""n_r"":100000,""n_s"":100000,""has_exact_k"":true,""k_target"":200000,""k_achieved"":200000,""alpha_target"":1,""alpha_achieved"":1,""notes"":""control_axis=1, core=[0.45,0.55], g=9.9999e-07, h=9e-06, delta=2.49998e-07, shuffle_strips=1, shuffle_r=0, k_overridden=0""}"
exp6_stripe__nr100000__ns100000__a1_000ep00__g1,stripe,1,100000,100000,ours,sampling,1000,2,3,1,510.551,200000,1,0,0,0,,0,"{""build_active_indices_ms"":5.494088,""build_events_ms"":42.232389,""build_ranks_ms"":39.980645,""build_y_domain_ms"":13.949126,""phase1_count_ms"":221.276979,""phase2_plan_ms"":4.329482,""phase3_sample_ms"":134.677765,""run_build_ms"":102.150867,""run_count_ms"":221.280739,""run_sample_ms"":139.014487}",,"{""dataset"":{""source"":""synthetic"",""name"":""exp6_stripe__nr100000__ns100000__a1_000ep00__g1"",""dim"":2,""path_r"":"""",""path_s"":"""",""synthetic"":{""generator"":""stripe"",""n_r"":100000,""n_s"":100000,""alpha"":1,""seed"":1}},""run"":{""method"":""ours"",""variant"":""sampling"",""t"":1000,""seed"":1,""repeats"":3,""j_star"":1000000,""enum_cap"":0,""write_samples"":false,""verify"":false},""output"":{""out_dir"":""/home/dhy/PhD/SIGMOD-EXP/EXP-2/run/temp/exp6"",""run_tag"":""""},""sys"":{""threads"":1},""logging"":{""level"":""INFO"",""with_timestamp"":true,""with_thread_id"":false}}","{""generator"":""stripe_ctrl_alpha"",""dataset"":""exp6_stripe__nr100000__ns100000__a1_000ep00__g1"",""n_r"":100000,""n_s"":100000,""has_exact_k"":true,""k_target"":200000,""k_achieved"":200000,""alpha_target"":1,""alpha_achieved"":1,""notes"":""control_axis=1, core=[0.45,0.55], g=9.9999e-07, h=9e-06, delta=2.49998e-07, shuffle_strips=1, shuffle_r=0, k_overridden=0""}"
exp6_stripe__nr100000__ns100000__a1_000ep00__g1,stripe,1,100000,100000,ours,enum_sampling,1000,0,1,1,420.627,200000,1,1,0,0,,0,"{""build_active_indices_ms"":8.793951,""build_events_ms"":35.181743,""build_ranks_ms"":39.928536,""build_y_domain_ms"":13.925156,""run_build_ms"":98.221428,""run_draw_ranks_ms"":0.048239,""run_enum_pass1_count_ms"":227.728047,""run_enum_pass2_select_ms"":93.055703,""run_enum_prepare_ms"":1.558208}",,"{""dataset"":{""source"":""synthetic"",""name"":""exp6_stripe__nr100000__ns100000__a1_000ep00__g1"",""dim"":2,""path_r"":"""",""path_s"":"""",""synthetic"":{""generator"":""stripe"",""n_r"":100000,""n_s"":100000,""alpha"":1,""seed"":1}},""run"":{""method"":""ours"",""variant"":""enum_sampling"",""t"":1000,""seed"":1,""repeats"":3,""j_star"":1000000,""enum_cap"":0,""write_samples"":false,""verify"":false},""output"":{""out_dir"":""/home/dhy/PhD/SIGMOD-EXP/EXP-2/run/temp/exp6"",""run_tag"":""""},""sys"":{""threads"":1},""logging"":{""level"":""INFO"",""with_timestamp"":true,""with_thread_id"":false}}","{""generator"":""stripe_ctrl_alpha"",""dataset"":""exp6_stripe__nr100000__ns100000__a1_000ep00__g1"",""n_r"":100000,""n_s"":100000,""has_exact_k"":true,""k_target"":200000,""k_achieved"":200000,""alpha_target"":1,""alpha_achieved"":1,""notes"":""control_axis=1, core=[0.45,0.55], g=9.9999e-07, h=9e-06, delta=2.49998e-07, shuffle_strips=1, shuffle_r=0, k_overridden=0""}"
exp6_stripe__nr100000__ns100000__a1_000ep00__g1,stripe,1,100000,100000,ours,enum_sampling,1000,1,2,1,466.242,200000,1,1,0,0,,0,"{""build_active_indices_ms"":5.374780,""build_events_ms"":43.905445,""build_ranks_ms"":39.938396,""build_y_domain_ms"":13.944106,""run_build_ms"":103.547109,""run_draw_ranks_ms"":0.046950,""run_enum_pass1_count_ms"":224.330887,""run_enum_pass2_select_ms"":93.242000,""run_enum_prepare_ms"":1.531889}",,"{""dataset"":{""source"":""synthetic"",""name"":""exp6_stripe__nr100000__ns100000__a1_000ep00__g1"",""dim"":2,""path_r"":"""",""path_s"":"""",""synthetic"":{""generator"":""stripe"",""n_r"":100000,""n_s"":100000,""alpha"":1,""seed"":1}},""run"":{""method"":""ours"",""variant"":""enum_sampling"",""t"":1000,""seed"":1,""repeats"":3,""j_star"":1000000,""enum_cap"":0,""write_samples"":false,""verify"":false},""output"":{""out_dir"":""/home/dhy/PhD/SIGMOD-EXP/EXP-2/run/temp/exp6"",""run_tag"":""""},""sys"":{""threads"":1},""logging"":{""level"":""INFO"",""with_timestamp"":true,""with_thread_id"":false}}","{""generator"":""stripe_ctrl_alpha"",""dataset"":""exp6_stripe__nr100000__ns100000__a1_000ep00__g1"",""n_r"":100000,""n_s"":100000,""has_exact_k"":true,""k_target"":200000,""k_achieved"":200000,""alpha_target"":1,""alpha_achieved"":1,""notes"":""control_axis=1, core=[0.45,0.55], g=9.9999e-07, h=9e-06, delta=2.49998e-07, shuffle_strips=1, shuffle_r=0, k_overridden=0""}"
exp6_stripe__nr100000__ns100000__a1_000ep00__g1,stripe,1,100000,100000,ours,enum_sampling,1000,2,3,1,467.729,200000,1,1,0,0,,0,"{""build_active_indices_ms"":5.400180,""build_events_ms"":42.387386,""build_ranks_ms"":39.960115,""build_y_domain_ms"":13.951525,""run_build_ms"":102.084449,""run_draw_ranks_ms"":0.047229,""run_enum_pass1_count_ms"":226.782747,""run_enum_pass2_select_ms"":93.389366,""run_enum_prepare_ms"":1.542268}",,"{""dataset"":{""source"":""synthetic"",""name"":""exp6_stripe__nr100000__ns100000__a1_000ep00__g1"",""dim"":2,""path_r"":"""",""path_s"":"""",""synthetic"":{""generator"":""stripe"",""n_r"":100000,""n_s"":100000,""alpha"":1,""seed"":1}},""run"":{""method"":""ours"",""variant"":""enum_sampling"",""t"":1000,""seed"":1,""repeats"":3,""j_star"":1000000,""enum_cap"":0,""write_samples"":false,""verify"":false},""output"":{""out_dir"":""/home/dhy/PhD/SIGMOD-EXP/EXP-2/run/temp/exp6"",""run_tag"":""""},""sys"":{""threads"":1},""logging"":{""level"":""INFO"",""with_timestamp"":true,""with_thread_id"":false}}","{""generator"":""stripe_ctrl_alpha"",""dataset"":""exp6_stripe__nr100000__ns100000__a1_000ep00__g1"",""n_r"":100000,""n_s"":100000,""has_exact_k"":true,""k_target"":200000,""k_achieved"":200000,""alpha_target"":1,""alpha_achieved"":1,""notes"":""control_axis=1, core=[0.45,0.55], g=9.9999e-07, h=9e-06, delta=2.49998e-07, shuffle_strips=1, shuffle_r=0, k_overridden=0""}"
exp6_stripe__nr100000__ns100000__a1_000ep00__g1,stripe,1,100000,100000,ours,adaptive,1000,0,1,1,322.39,200000,1,1,0,0,enumerate_all,200000,"{""build_active_indices_ms"":5.496717,""build_events_ms"":35.133664,""build_ranks_ms"":39.952366,""build_y_domain_ms"":13.923226,""run_build_ms"":95.020443,""run_pilot_enum_prepare_ms"":1.535678,""run_pilot_enum_scan_ms"":225.805017,""run_small_join_sample_from_list_ms"":0.015470}",,"{""dataset"":{""source"":""synthetic"",""name"":""exp6_stripe__nr100000__ns100000__a1_000ep00__g1"",""dim"":2,""path_r"":"""",""path_s"":"""",""synthetic"":{""generator"":""stripe"",""n_r"":100000,""n_s"":100000,""alpha"":1,""seed"":1}},""run"":{""method"":""ours"",""variant"":""adaptive"",""t"":1000,""seed"":1,""repeats"":3,""j_star"":1000000,""enum_cap"":0,""write_samples"":false,""verify"":false},""output"":{""out_dir"":""/home/dhy/PhD/SIGMOD-EXP/EXP-2/run/temp/exp6"",""run_tag"":""""},""sys"":{""threads"":1},""logging"":{""level"":""INFO"",""with_timestamp"":true,""with_thread_id"":false}}","{""generator"":""stripe_ctrl_alpha"",""dataset"":""exp6_stripe__nr100000__ns100000__a1_000ep00__g1"",""n_r"":100000,""n_s"":100000,""has_exact_k"":true,""k_target"":200000,""k_achieved"":200000,""alpha_target"":1,""alpha_achieved"":1,""notes"":""control_axis=1, core=[0.45,0.55], g=9.9999e-07, h=9e-06, delta=2.49998e-07, shuffle_strips=1, shuffle_r=0, k_overridden=0""}"
exp6_stripe__nr100000__ns100000__a1_000ep00__g1,stripe,1,100000,100000,ours,adaptive,1000,1,2,1,376.691,200000,1,1,0,0,enumerate_all,200000,"{""build_active_indices_ms"":5.393940,""build_events_ms"":42.355867,""build_ranks_ms"":39.953496,""build_y_domain_ms"":13.955335,""run_build_ms"":102.162307,""run_pilot_enum_prepare_ms"":1.553609,""run_pilot_enum_scan_ms"":225.512773,""run_small_join_sample_from_list_ms"":0.015000}",,"{""dataset"":{""source"":""synthetic"",""name"":""exp6_stripe__nr100000__ns100000__a1_000ep00__g1"",""dim"":2,""path_r"":"""",""path_s"":"""",""synthetic"":{""generator"":""stripe"",""n_r"":100000,""n_s"":100000,""alpha"":1,""seed"":1}},""run"":{""method"":""ours"",""variant"":""adaptive"",""t"":1000,""seed"":1,""repeats"":3,""j_star"":1000000,""enum_cap"":0,""write_samples"":false,""verify"":false},""output"":{""out_dir"":""/home/dhy/PhD/SIGMOD-EXP/EXP-2/run/temp/exp6"",""run_tag"":""""},""sys"":{""threads"":1},""logging"":{""level"":""INFO"",""with_timestamp"":true,""with_thread_id"":false}}","{""generator"":""stripe_ctrl_alpha"",""dataset"":""exp6_stripe__nr100000__ns100000__a1_000ep00__g1"",""n_r"":100000,""n_s"":100000,""has_exact_k"":true,""k_target"":200000,""k_achieved"":200000,""alpha_target"":1,""alpha_achieved"":1,""notes"":""control_axis=1, core=[0.45,0.55], g=9.9999e-07, h=9e-06, delta=2.49998e-07, shuffle_strips=1, shuffle_r=0, k_overridden=0""}"
exp6_stripe__nr100000__ns100000__a1_000ep00__g1,stripe,1,100000,100000,ours,adaptive,1000,2,3,1,381.946,200000,1,1,0,0,enumerate_all,200000,"{""build_active_indices_ms"":5.406490,""build_events_ms"":43.564803,""build_ranks_ms"":39.966535,""build_y_domain_ms"":13.917416,""run_build_ms"":103.359244,""run_pilot_enum_prepare_ms"":1.547749,""run_pilot_enum_scan_ms"":228.481063,""run_small_join_sample_from_list_ms"":0.015449}",,"{""dataset"":{""source"":""synthetic"",""name"":""exp6_stripe__nr100000__ns100000__a1_000ep00__g1"",""dim"":2,""path_r"":"""",""path_s"":"""",""synthetic"":{""generator"":""stripe"",""n_r"":100000,""n_s"":100000,""alpha"":1,""seed"":1}},""run"":{""method"":""ours"",""variant"":""adaptive"",""t"":1000,""seed"":1,""repeats"":3,""j_star"":1000000,""enum_cap"":0,""write_samples"":false,""verify"":false},""output"":{""out_dir"":""/home/dhy/PhD/SIGMOD-EXP/EXP-2/run/temp/exp6"",""run_tag"":""""},""sys"":{""threads"":1},""logging"":{""level"":""INFO"",""with_timestamp"":true,""with_thread_id"":false}}","{""generator"":""stripe_ctrl_alpha"",""dataset"":""exp6_stripe__nr100000__ns100000__a1_000ep00__g1"",""n_r"":100000,""n_s"":100000,""has_exact_k"":true,""k_target"":200000,""k_achieved"":200000,""alpha_target"":1,""alpha_achieved"":1,""notes"":""control_axis=1, core=[0.45,0.55], g=9.9999e-07, h=9e-06, delta=2.49998e-07, shuffle_strips=1, shuffle_r=0, k_overridden=0""}"
exp6_stripe__nr100000__ns100000__a1_000ep00__g1,stripe,1,100000,100000,ours,sampling,3000,0,1,1,466.127,200000,1,0,0,0,,0,"{""build_active_indices_ms"":10.951236,""build_events_ms"":35.198292,""build_ranks_ms"":39.973246,""build_y_domain_ms"":13.933245,""phase1_count_ms"":225.503592,""phase2_plan_ms"":5.043278,""phase3_sample_ms"":134.995338,""run_build_ms"":100.568020,""run_count_ms"":225.507442,""run_sample_ms"":140.045776}",,"{""dataset"":{""source"":""synthetic"",""name"":""exp6_stripe__nr100000__ns100000__a1_000ep00__g1"",""dim"":2,""path_r"":"""",""path_s"":"""",""synthetic"":{""generator"":""stripe"",""n_r"":100000,""n_s"":100000,""alpha"":1,""seed"":1}},""run"":{""method"":""ours"",""variant"":""sampling"",""t"":3000,""seed"":1,""repeats"":3,""j_star"":1000000,""enum_cap"":0,""write_samples"":false,""verify"":false},""output"":{""out_dir"":""/home/dhy/PhD/SIGMOD-EXP/EXP-2/run/temp/exp6"",""run_tag"":""""},""sys"":{""threads"":1},""logging"":{""level"":""INFO"",""with_timestamp"":true,""with_thread_id"":false}}","{""generator"":""stripe_ctrl_alpha"",""dataset"":""exp6_stripe__nr100000__ns100000__a1_000ep00__g1"",""n_r"":100000,""n_s"":100000,""has_exact_k"":true,""k_target"":200000,""k_achieved"":200000,""alpha_target"":1,""alpha_achieved"":1,""notes"":""control_axis=1, core=[0.45,0.55], g=9.9999e-07, h=9e-06, delta=2.49998e-07, shuffle_strips=1, shuffle_r=0, k_overridden=0""}"
exp6_stripe__nr100000__ns100000__a1_000ep00__g1,stripe,1,100000,100000,ours,sampling,3000,1,2,1,518.256,200000,1,0,0,0,,0,"{""build_active_indices_ms"":5.396101,""build_events_ms"":43.524133,""build_ranks_ms"":39.931397,""build_y_domain_ms"":13.932165,""phase1_count_ms"":227.389775,""phase2_plan_ms"":4.383640,""phase3_sample_ms"":134.950390,""run_build_ms"":103.299924,""run_count_ms"":227.393475,""run_sample_ms"":139.342310}",,"{""dataset"":{""source"":""synthetic"",""name"":""exp6_stripe__nr100000__ns100000__a1_000ep00__g1"",""dim"":2,""path_r"":"""",""path_s"":"""",""synthetic"":{""generator"":""stripe"",""n_r"":100000,""n_s"":100000,""alpha"":1,""seed"":1}},""run"":{""method"":""ours"",""variant"":""sampling"",""t"":3000,""seed"":1,""repeats"":3,""j_star"":1000000,""enum_cap"":0,""write_samples"":false,""verify"":false},""output"":{""out_dir"":""/home/dhy/PhD/SIGMOD-EXP/EXP-2/run/temp/exp6"",""run_tag"":""""},""sys"":{""threads"":1},""logging"":{""level"":""INFO"",""with_timestamp"":true,""with_thread_id"":false}}","{""generator"":""stripe_ctrl_alpha"",""dataset"":""exp6_stripe__nr100000__ns100000__a1_000ep00__g1"",""n_r"":100000,""n_s"":100000,""has_exact_k"":true,""k_target"":200000,""k_achieved"":200000,""alpha_target"":1,""alpha_achieved"":1,""notes"":""control_axis=1, core=[0.45,0.55], g=9.9999e-07, h=9e-06, delta=2.49998e-07, shuffle_strips=1, shuffle_r=0, k_overridden=0""}"
exp6_stripe__nr100000__ns100000__a1_000ep00__g1,stripe,1,100000,100000,ours,sampling,3000,2,3,1,514.713,200000,1,0,0,0,,0,"{""build_active_indices_ms"":5.397880,""build_events_ms"":42.423665,""build_ranks_ms"":39.933956,""build_y_domain_ms"":13.950495,""phase1_count_ms"":224.902135,""phase2_plan_ms"":4.379811,""phase3_sample_ms"":135.542276,""run_build_ms"":102.217666,""run_count_ms"":224.905966,""run_sample_ms"":139.930287}",,"{""dataset"":{""source"":""synthetic"",""name"":""exp6_stripe__nr100000__ns100000__a1_000ep00__g1"",""dim"":2,""path_r"":"""",""path_s"":"""",""synthetic"":{""generator"":""stripe"",""n_r"":100000,""n_s"":100000,""alpha"":1,""seed"":1}},""run"":{""method"":""ours"",""variant"":""sampling"",""t"":3000,""seed"":1,""repeats"":3,""j_star"":1000000,""enum_cap"":0,""write_samples"":false,""verify"":false},""output"":{""out_dir"":""/home/dhy/PhD/SIGMOD-EXP/EXP-2/run/temp/exp6"",""run_tag"":""""},""sys"":{""threads"":1},""logging"":{""level"":""INFO"",""with_timestamp"":true,""with_thread_id"":false}}","{""generator"":""stripe_ctrl_alpha"",""dataset"":""exp6_stripe__nr100000__ns100000__a1_000ep00__g1"",""n_r"":100000,""n_s"":100000,""has_exact_k"":true,""k_target"":200000,""k_achieved"":200000,""alpha_target"":1,""alpha_achieved"":1,""notes"":""control_axis=1, core=[0.45,0.55], g=9.9999e-07, h=9e-06, delta=2.49998e-07, shuffle_strips=1, shuffle_r=0, k_overridden=0""}"
exp6_stripe__nr100000__ns100000__a1_000ep00__g1,stripe,1,100000,100000,ours,enum_sampling,3000,0,1,1,422.15,200000,1,1,0,0,,0,"{""build_active_indices_ms"":9.519816,""build_events_ms"":35.176743,""build_ranks_ms"":39.897677,""build_y_domain_ms"":13.932036,""run_build_ms"":98.915014,""run_draw_ranks_ms"":0.160787,""run_enum_pass1_count_ms"":228.271927,""run_enum_pass2_select_ms"":93.233279,""run_enum_prepare_ms"":1.551698}",,"{""dataset"":{""source"":""synthetic"",""name"":""exp6_stripe__nr100000__ns100000__a1_000ep00__g1"",""dim"":2,""path_r"":"""",""path_s"":"""",""synthetic"":{""generator"":""stripe"",""n_r"":100000,""n_s"":100000,""alpha"":1,""seed"":1}},""run"":{""method"":""ours"",""variant"":""enum_sampling"",""t"":3000,""seed"":1,""repeats"":3,""j_star"":1000000,""enum_cap"":0,""write_samples"":false,""verify"":false},""output"":{""out_dir"":""/home/dhy/PhD/SIGMOD-EXP/EXP-2/run/temp/exp6"",""run_tag"":""""},""sys"":{""threads"":1},""logging"":{""level"":""INFO"",""with_timestamp"":true,""with_thread_id"":false}}","{""generator"":""stripe_ctrl_alpha"",""dataset"":""exp6_stripe__nr100000__ns100000__a1_000ep00__g1"",""n_r"":100000,""n_s"":100000,""has_exact_k"":true,""k_target"":200000,""k_achieved"":200000,""alpha_target"":1,""alpha_achieved"":1,""notes"":""control_axis=1, core=[0.45,0.55], g=9.9999e-07, h=9e-06, delta=2.49998e-07, shuffle_strips=1, shuffle_r=0, k_overridden=0""}"
exp6_stripe__nr100000__ns100000__a1_000ep00__g1,stripe,1,100000,100000,ours,enum_sampling,3000,1,2,1,469.195,200000,1,1,0,0,,0,"{""build_active_indices_ms"":5.401630,""build_events_ms"":44.075392,""build_ranks_ms"":39.915136,""build_y_domain_ms"":13.935066,""run_build_ms"":103.712366,""run_draw_ranks_ms"":0.157917,""run_enum_pass1_count_ms"":226.292827,""run_enum_pass2_select_ms"":93.851967,""run_enum_prepare_ms"":1.542549}",,"{""dataset"":{""source"":""synthetic"",""name"":""exp6_stripe__nr100000__ns100000__a1_000ep00__g1"",""dim"":2,""path_r"":"""",""path_s"":"""",""synthetic"":{""generator"":""stripe"",""n_r"":100000,""n_s"":100000,""alpha"":1,""seed"":1}},""run"":{""method"":""ours"",""variant"":""enum_sampling"",""t"":3000,""seed"":1,""repeats"":3,""j_star"":1000000,""enum_cap"":0,""write_samples"":false,""verify"":false},""output"":{""out_dir"":""/home/dhy/PhD/SIGMOD-EXP/EXP-2/run/temp/exp6"",""run_tag"":""""},""sys"":{""threads"":1},""logging"":{""level"":""INFO"",""with_timestamp"":true,""with_thread_id"":false}}","{""generator"":""stripe_ctrl_alpha"",""dataset"":""exp6_stripe__nr100000__ns100000__a1_000ep00__g1"",""n_r"":100000,""n_s"":100000,""has_exact_k"":true,""k_target"":200000,""k_achieved"":200000,""alpha_target"":1,""alpha_achieved"":1,""notes"":""control_axis=1, core=[0.45,0.55], g=9.9999e-07, h=9e-06, delta=2.49998e-07, shuffle_strips=1, shuffle_r=0, k_overridden=0""}"
exp6_stripe__nr100000__ns100000__a1_000ep00__g1,stripe,1,100000,100000,ours,enum_sampling,3000,2,3,1,467.629,200000,1,1,0,0,,0,"{""build_active_indices_ms"":5.390311,""build_events_ms"":42.292168,""build_ranks_ms"":39.900556,""build_y_domain_ms"":13.904667,""run_build_ms"":101.873934,""run_draw_ranks_ms"":0.157717,""run_enum_pass1_count_ms"":227.192699,""run_enum_pass2_select_ms"":93.068293,""run_enum_prepare_ms"":1.543079}",,"{""dataset"":{""source"":""synthetic"",""name"":""exp6_stripe__nr100000__ns100000__a1_000ep00__g1"",""dim"":2,""path_r"":"""",""path_s"":"""",""synthetic"":{""generator"":""stripe"",""n_r"":100000,""n_s"":100000,""alpha"":1,""seed"":1}},""run"":{""method"":""ours"",""variant"":""enum_sampling"",""t"":3000,""seed"":1,""repeats"":3,""j_star"":1000000,""enum_cap"":0,""write_samples"":false,""verify"":false},""output"":{""out_dir"":""/home/dhy/PhD/SIGMOD-EXP/EXP-2/run/temp/exp6"",""run_tag"":""""},""sys"":{""threads"":1},""logging"":{""level"":""INFO"",""with_timestamp"":true,""with_thread_id"":false}}","{""generator"":""stripe_ctrl_alpha"",""dataset"":""exp6_stripe__nr100000__ns100000__a1_000ep00__g1"",""n_r"":100000,""n_s"":100000,""has_exact_k"":true,""k_target"":200000,""k_achieved"":200000,""alpha_target"":1,""alpha_achieved"":1,""notes"":""control_axis=1, core=[0.45,0.55], g=9.9999e-07, h=9e-06, delta=2.49998e-07, shuffle_strips=1, shuffle_r=0, k_overridden=0""}"
exp6_stripe__nr100000__ns100000__a1_000ep00__g1,stripe,1,100000,100000,ours,adaptive,3000,0,1,1,322.937,200000,1,1,0,0,enumerate_all,200000,"{""build_active_indices_ms"":5.534167,""build_events_ms"":35.151293,""build_ranks_ms"":39.918046,""build_y_domain_ms"":13.916417,""run_build_ms"":95.030753,""run_pilot_enum_prepare_ms"":1.543198,""run_pilot_enum_scan_ms"":226.310437,""run_small_join_sample_from_list_ms"":0.041419}",,"{""dataset"":{""source"":""synthetic"",""name"":""exp6_stripe__nr100000__ns100000__a1_000ep00__g1"",""dim"":2,""path_r"":"""",""path_s"":"""",""synthetic"":{""generator"":""stripe"",""n_r"":100000,""n_s"":100000,""alpha"":1,""seed"":1}},""run"":{""method"":""ours"",""variant"":""adaptive"",""t"":3000,""seed"":1,""repeats"":3,""j_star"":1000000,""enum_cap"":0,""write_samples"":false,""verify"":false},""output"":{""out_dir"":""/home/dhy/PhD/SIGMOD-EXP/EXP-2/run/temp/exp6"",""run_tag"":""""},""sys"":{""threads"":1},""logging"":{""level"":""INFO"",""with_timestamp"":true,""with_thread_id"":false}}","{""generator"":""stripe_ctrl_alpha"",""dataset"":""exp6_stripe__nr100000__ns100000__a1_000ep00__g1"",""n_r"":100000,""n_s"":100000,""has_exact_k"":true,""k_target"":200000,""k_achieved"":200000,""alpha_target"":1,""alpha_achieved"":1,""notes"":""control_axis=1, core=[0.45,0.55], g=9.9999e-07, h=9e-06, delta=2.49998e-07, shuffle_strips=1, shuffle_r=0, k_overridden=0""}"
exp6_stripe__nr100000__ns100000__a1_000ep00__g1,stripe,1,100000,100000,ours,adaptive,3000,1,2,1,374.038,200000,1,1,0,0,enumerate_all,200000,"{""build_active_indices_ms"":5.399460,""build_events_ms"":42.465775,""build_ranks_ms"":39.937096,""build_y_domain_ms"":13.928776,""run_build_ms"":102.236526,""run_pilot_enum_prepare_ms"":1.541199,""run_pilot_enum_scan_ms"":227.412535,""run_small_join_sample_from_list_ms"":0.040519}",,"{""dataset"":{""source"":""synthetic"",""name"":""exp6_stripe__nr100000__ns100000__a1_000ep00__g1"",""dim"":2,""path_r"":"""",""path_s"":"""",""synthetic"":{""generator"":""stripe"",""n_r"":100000,""n_s"":100000,""alpha"":1,""seed"":1}},""run"":{""method"":""ours"",""variant"":""adaptive"",""t"":3000,""seed"":1,""repeats"":3,""j_star"":1000000,""enum_cap"":0,""write_samples"":false,""verify"":false},""output"":{""out_dir"":""/home/dhy/PhD/SIGMOD-EXP/EXP-2/run/temp/exp6"",""run_tag"":""""},""sys"":{""threads"":1},""logging"":{""level"":""INFO"",""with_timestamp"":true,""with_thread_id"":false}}","{""generator"":""stripe_ctrl_alpha"",""dataset"":""exp6_stripe__nr100000__ns100000__a1_000ep00__g1"",""n_r"":100000,""n_s"":100000,""has_exact_k"":true,""k_target"":200000,""k_achieved"":200000,""alpha_target"":1,""alpha_achieved"":1,""notes"":""control_axis=1, core=[0.45,0.55], g=9.9999e-07, h=9e-06, delta=2.49998e-07, shuffle_strips=1, shuffle_r=0, k_overridden=0""}"
exp6_stripe__nr100000__ns100000__a1_000ep00__g1,stripe,1,100000,100000,ours,adaptive,3000,2,3,1,377.099,200000,1,1,0,0,enumerate_all,200000,"{""build_active_indices_ms"":5.379441,""build_events_ms"":43.800577,""build_ranks_ms"":41.359927,""build_y_domain_ms"":13.929056,""run_build_ms"":104.974551,""run_pilot_enum_prepare_ms"":1.536039,""run_pilot_enum_scan_ms"":227.333916,""run_small_join_sample_from_list_ms"":0.040899}",,"{""dataset"":{""source"":""synthetic"",""name"":""exp6_stripe__nr100000__ns100000__a1_000ep00__g1"",""dim"":2,""path_r"":"""",""path_s"":"""",""synthetic"":{""generator"":""stripe"",""n_r"":100000,""n_s"":100000,""alpha"":1,""seed"":1}},""run"":{""method"":""ours"",""variant"":""adaptive"",""t"":3000,""seed"":1,""repeats"":3,""j_star"":1000000,""enum_cap"":0,""write_samples"":false,""verify"":false},""output"":{""out_dir"":""/home/dhy/PhD/SIGMOD-EXP/EXP-2/run/temp/exp6"",""run_tag"":""""},""sys"":{""threads"":1},""logging"":{""level"":""INFO"",""with_timestamp"":true,""with_thread_id"":false}}","{""generator"":""stripe_ctrl_alpha"",""dataset"":""exp6_stripe__nr100000__ns100000__a1_000ep00__g1"",""n_r"":100000,""n_s"":100000,""has_exact_k"":true,""k_target"":200000,""k_achieved"":200000,""alpha_target"":1,""alpha_achieved"":1,""notes"":""control_axis=1, core=[0.45,0.55], g=9.9999e-07, h=9e-06, delta=2.49998e-07, shuffle_strips=1, shuffle_r=0, k_overridden=0""}"
exp6_stripe__nr100000__ns100000__a1_000ep00__g1,stripe,1,100000,100000,ours,sampling,10000,0,1,1,465.494,200000,1,0,0,0,,0,"{""build_active_indices_ms"":10.888108,""build_events_ms"":35.092704,""build_ranks_ms"":39.959676,""build_y_domain_ms"":13.925855,""phase1_count_ms"":224.540584,""phase2_plan_ms"":5.282573,""phase3_sample_ms"":135.272733,""run_build_ms"":100.380094,""run_count_ms"":224.543743,""run_sample_ms"":140.565546}",,"{""dataset"":{""source"":""synthetic"",""name"":""exp6_stripe__nr100000__ns100000__a1_000ep00__g1"",""dim"":2,""path_r"":"""",""path_s"":"""",""synthetic"":{""generator"":""stripe"",""n_r"":100000,""n_s"":100000,""alpha"":1,""seed"":1}},""run"":{""method"":""ours"",""variant"":""sampling"",""t"":10000,""seed"":1,""repeats"":3,""j_star"":1000000,""enum_cap"":0,""write_samples"":false,""verify"":false},""output"":{""out_dir"":""/home/dhy/PhD/SIGMOD-EXP/EXP-2/run/temp/exp6"",""run_tag"":""""},""sys"":{""threads"":1},""logging"":{""level"":""INFO"",""with_timestamp"":true,""with_thread_id"":false}}","{""generator"":""stripe_ctrl_alpha"",""dataset"":""exp6_stripe__nr100000__ns100000__a1_000ep00__g1"",""n_r"":100000,""n_s"":100000,""has_exact_k"":true,""k_target"":200000,""k_achieved"":200000,""alpha_target"":1,""alpha_achieved"":1,""notes"":""control_axis=1, core=[0.45,0.55], g=9.9999e-07, h=9e-06, delta=2.49998e-07, shuffle_strips=1, shuffle_r=0, k_overridden=0""}"
exp6_stripe__nr100000__ns100000__a1_000ep00__g1,stripe,1,100000,100000,ours,sampling,10000,1,2,1,512.478,200000,1,0,0,0,,0,"{""build_active_indices_ms"":5.413119,""build_events_ms"":43.511153,""build_ranks_ms"":39.985535,""build_y_domain_ms"":13.940646,""phase1_count_ms"":226.295667,""phase2_plan_ms"":4.682065,""phase3_sample_ms"":135.189955,""run_build_ms"":103.356463,""run_count_ms"":226.298727,""run_sample_ms"":139.883340}",,"{""dataset"":{""source"":""synthetic"",""name"":""exp6_stripe__nr100000__ns100000__a1_000ep00__g1"",""dim"":2,""path_r"":"""",""path_s"":"""",""synthetic"":{""generator"":""stripe"",""n_r"":100000,""n_s"":100000,""alpha"":1,""seed"":1}},""run"":{""method"":""ours"",""variant"":""sampling"",""t"":10000,""seed"":1,""repeats"":3,""j_star"":1000000,""enum_cap"":0,""write_samples"":false,""verify"":false},""output"":{""out_dir"":""/home/dhy/PhD/SIGMOD-EXP/EXP-2/run/temp/exp6"",""run_tag"":""""},""sys"":{""threads"":1},""logging"":{""level"":""INFO"",""with_timestamp"":true,""with_thread_id"":false}}","{""generator"":""stripe_ctrl_alpha"",""dataset"":""exp6_stripe__nr100000__ns100000__a1_000ep00__g1"",""n_r"":100000,""n_s"":100000,""has_exact_k"":true,""k_target"":200000,""k_achieved"":200000,""alpha_target"":1,""alpha_achieved"":1,""notes"":""control_axis=1, core=[0.45,0.55], g=9.9999e-07, h=9e-06, delta=2.49998e-07, shuffle_strips=1, shuffle_r=0, k_overridden=0""}"
exp6_stripe__nr100000__ns100000__a1_000ep00__g1,stripe,1,100000,100000,ours,sampling,10000,2,3,1,509.73,200000,1,0,0,0,,0,"{""build_active_indices_ms"":5.406959,""build_events_ms"":42.257649,""build_ranks_ms"":39.963346,""build_y_domain_ms"":13.963365,""phase1_count_ms"":224.157551,""phase2_plan_ms"":4.660816,""phase3_sample_ms"":136.098375,""run_build_ms"":102.094139,""run_count_ms"":224.161051,""run_sample_ms"":140.769511}",,"{""dataset"":{""source"":""synthetic"",""name"":""exp6_stripe__nr100000__ns100000__a1_000ep00__g1"",""dim"":2,""path_r"":"""",""path_s"":"""",""synthetic"":{""generator"":""stripe"",""n_r"":100000,""n_s"":100000,""alpha"":1,""seed"":1}},""run"":{""method"":""ours"",""variant"":""sampling"",""t"":10000,""seed"":1,""repeats"":3,""j_star"":1000000,""enum_cap"":0,""write_samples"":false,""verify"":false},""output"":{""out_dir"":""/home/dhy/PhD/SIGMOD-EXP/EXP-2/run/temp/exp6"",""run_tag"":""""},""sys"":{""threads"":1},""logging"":{""level"":""INFO"",""with_timestamp"":true,""with_thread_id"":false}}","{""generator"":""stripe_ctrl_alpha"",""dataset"":""exp6_stripe__nr100000__ns100000__a1_000ep00__g1"",""n_r"":100000,""n_s"":100000,""has_exact_k"":true,""k_target"":200000,""k_achieved"":200000,""alpha_target"":1,""alpha_achieved"":1,""notes"":""control_axis=1, core=[0.45,0.55], g=9.9999e-07, h=9e-06, delta=2.49998e-07, shuffle_strips=1, shuffle_r=0, k_overridden=0""}"
exp6_stripe__nr100000__ns100000__a1_000ep00__g1,stripe,1,100000,100000,ours,enum_sampling,10000,0,1,1,422.318,200000,1,1,0,0,,0,"{""build_active_indices_ms"":10.863709,""build_events_ms"":35.146103,""build_ranks_ms"":40.015674,""build_y_domain_ms"":13.914086,""run_build_ms"":100.328705,""run_draw_ranks_ms"":0.597488,""run_enum_pass1_count_ms"":226.395475,""run_enum_pass2_select_ms"":93.430855,""run_enum_prepare_ms"":1.543339}",,"{""dataset"":{""source"":""synthetic"",""name"":""exp6_stripe__nr100000__ns100000__a1_000ep00__g1"",""dim"":2,""path_r"":"""",""path_s"":"""",""synthetic"":{""generator"":""stripe"",""n_r"":100000,""n_s"":100000,""alpha"":1,""seed"":1}},""run"":{""method"":""ours"",""variant"":""enum_sampling"",""t"":10000,""seed"":1,""repeats"":3,""j_star"":1000000,""enum_cap"":0,""write_samples"":false,""verify"":false},""output"":{""out_dir"":""/home/dhy/PhD/SIGMOD-EXP/EXP-2/run/temp/exp6"",""run_tag"":""""},""sys"":{""threads"":1},""logging"":{""level"":""INFO"",""with_timestamp"":true,""with_thread_id"":false}}","{""generator"":""stripe_ctrl_alpha"",""dataset"":""exp6_stripe__nr100000__ns100000__a1_000ep00__g1"",""n_r"":100000,""n_s"":100000,""has_exact_k"":true,""k_target"":200000,""k_achieved"":200000,""alpha_target"":1,""alpha_achieved"":1,""notes"":""control_axis=1, core=[0.45,0.55], g=9.9999e-07, h=9e-06, delta=2.49998e-07, shuffle_strips=1, shuffle_r=0, k_overridden=0""}"
exp6_stripe__nr100000__ns100000__a1_000ep00__g1,stripe,1,100000,100000,ours,enum_sampling,10000,1,2,1,469.884,200000,1,1,0,0,,0,"{""build_active_indices_ms"":5.386230,""build_events_ms"":44.036793,""build_ranks_ms"":40.007105,""build_y_domain_ms"":13.931916,""run_build_ms"":103.746846,""run_draw_ranks_ms"":0.597118,""run_enum_pass1_count_ms"":225.220990,""run_enum_pass2_select_ms"":95.032083,""run_enum_prepare_ms"":1.559228}",,"{""dataset"":{""source"":""synthetic"",""name"":""exp6_stripe__nr100000__ns100000__a1_000ep00__g1"",""dim"":2,""path_r"":"""",""path_s"":"""",""synthetic"":{""generator"":""stripe"",""n_r"":100000,""n_s"":100000,""alpha"":1,""seed"":1}},""run"":{""method"":""ours"",""variant"":""enum_sampling"",""t"":10000,""seed"":1,""repeats"":3,""j_star"":1000000,""enum_cap"":0,""write_samples"":false,""verify"":false},""output"":{""out_dir"":""/home/dhy/PhD/SIGMOD-EXP/EXP-2/run/temp/exp6"",""run_tag"":""""},""sys"":{""threads"":1},""logging"":{""level"":""INFO"",""with_timestamp"":true,""with_thread_id"":false}}","{""generator"":""stripe_ctrl_alpha"",""dataset"":""exp6_stripe__nr100000__ns100000__a1_000ep00__g1"",""n_r"":100000,""n_s"":100000,""has_exact_k"":true,""k_target"":200000,""k_achieved"":200000,""alpha_target"":1,""alpha_achieved"":1,""notes"":""control_axis=1, core=[0.45,0.55], g=9.9999e-07, h=9e-06, delta=2.49998e-07, shuffle_strips=1, shuffle_r=0, k_overridden=0""}"
exp6_stripe__nr100000__ns100000__a1_000ep00__g1,stripe,1,100000,100000,ours,enum_sampling,10000,2,3,1,467.536,200000,1,1,0,0,,0,"{""build_active_indices_ms"":5.421010,""build_events_ms"":42.413296,""build_ranks_ms"":40.010724,""build_y_domain_ms"":13.933026,""run_build_ms"":102.163168,""run_draw_ranks_ms"":0.623448,""run_enum_pass1_count_ms"":225.637382,""run_enum_pass2_select_ms"":93.758259,""run_enum_prepare_ms"":1.544818}",,"{""dataset"":{""source"":""synthetic"",""name"":""exp6_stripe__nr100000__ns100000__a1_000ep00__g1"",""dim"":2,""path_r"":"""",""path_s"":"""",""synthetic"":{""generator"":""stripe"",""n_r"":100000,""n_s"":100000,""alpha"":1,""seed"":1}},""run"":{""method"":""ours"",""variant"":""enum_sampling"",""t"":10000,""seed"":1,""repeats"":3,""j_star"":1000000,""enum_cap"":0,""write_samples"":false,""verify"":false},""output"":{""out_dir"":""/home/dhy/PhD/SIGMOD-EXP/EXP-2/run/temp/exp6"",""run_tag"":""""},""sys"":{""threads"":1},""logging"":{""level"":""INFO"",""with_timestamp"":true,""with_thread_id"":false}}","{""generator"":""stripe_ctrl_alpha"",""dataset"":""exp6_stripe__nr100000__ns100000__a1_000ep00__g1"",""n_r"":100000,""n_s"":100000,""has_exact_k"":true,""k_target"":200000,""k_achieved"":200000,""alpha_target"":1,""alpha_achieved"":1,""notes"":""control_axis=1, core=[0.45,0.55], g=9.9999e-07, h=9e-06, delta=2.49998e-07, shuffle_strips=1, shuffle_r=0, k_overridden=0""}"
exp6_stripe__nr100000__ns100000__a1_000ep00__g1,stripe,1,100000,100000,ours,adaptive,10000,0,1,1,328.55,200000,1,1,0,0,enumerate_all,200000,"{""build_active_indices_ms"":9.690152,""build_events_ms"":35.104444,""build_ranks_ms"":40.043094,""build_y_domain_ms"":13.925226,""run_build_ms"":99.277226,""run_pilot_enum_prepare_ms"":1.585597,""run_pilot_enum_scan_ms"":227.532043,""run_small_join_sample_from_list_ms"":0.128267}",,"{""dataset"":{""source"":""synthetic"",""name"":""exp6_stripe__nr100000__ns100000__a1_000ep00__g1"",""dim"":2,""path_r"":"""",""path_s"":"""",""synthetic"":{""generator"":""stripe"",""n_r"":100000,""n_s"":100000,""alpha"":1,""seed"":1}},""run"":{""method"":""ours"",""variant"":""adaptive"",""t"":10000,""seed"":1,""repeats"":3,""j_star"":1000000,""enum_cap"":0,""write_samples"":false,""verify"":false},""output"":{""out_dir"":""/home/dhy/PhD/SIGMOD-EXP/EXP-2/run/temp/exp6"",""run_tag"":""""},""sys"":{""threads"":1},""logging"":{""level"":""INFO"",""with_timestamp"":true,""with_thread_id"":false}}","{""generator"":""stripe_ctrl_alpha"",""dataset"":""exp6_stripe__nr100000__ns100000__a1_000ep00__g1"",""n_r"":100000,""n_s"":100000,""has_exact_k"":true,""k_target"":200000,""k_achieved"":200000,""alpha_target"":1,""alpha_achieved"":1,""notes"":""control_axis=1, core=[0.45,0.55], g=9.9999e-07, h=9e-06, delta=2.49998e-07, shuffle_strips=1, shuffle_r=0, k_overridden=0""}"
exp6_stripe__nr100000__ns100000__a1_000ep00__g1,stripe,1,100000,100000,ours,adaptive,10000,1,2,1,375.002,200000,1,1,0,0,enumerate_all,200000,"{""build_active_indices_ms"":5.536347,""build_events_ms"":43.691189,""build_ranks_ms"":40.059134,""build_y_domain_ms"":13.933307,""run_build_ms"":103.711966,""run_pilot_enum_prepare_ms"":1.534259,""run_pilot_enum_scan_ms"":226.060733,""run_small_join_sample_from_list_ms"":0.127707}",,"{""dataset"":{""source"":""synthetic"",""name"":""exp6_stripe__nr100000__ns100000__a1_000ep00__g1"",""dim"":2,""path_r"":"""",""path_s"":"""",""synthetic"":{""generator"":""stripe"",""n_r"":100000,""n_s"":100000,""alpha"":1,""seed"":1}},""run"":{""method"":""ours"",""variant"":""adaptive"",""t"":10000,""seed"":1,""repeats"":3,""j_star"":1000000,""enum_cap"":0,""write_samples"":false,""verify"":false},""output"":{""out_dir"":""/home/dhy/PhD/SIGMOD-EXP/EXP-2/run/temp/exp6"",""run_tag"":""""},""sys"":{""threads"":1},""logging"":{""level"":""INFO"",""with_timestamp"":true,""with_thread_id"":false}}","{""generator"":""stripe_ctrl_alpha"",""dataset"":""exp6_stripe__nr100000__ns100000__a1_000ep00__g1"",""n_r"":100000,""n_s"":100000,""has_exact_k"":true,""k_target"":200000,""k_achieved"":200000,""alpha_target"":1,""alpha_achieved"":1,""notes"":""control_axis=1, core=[0.45,0.55], g=9.9999e-07, h=9e-06, delta=2.49998e-07, shuffle_strips=1, shuffle_r=0, k_overridden=0""}"
exp6_stripe__nr100000__ns100000__a1_000ep00__g1,stripe,1,100000,100000,ours,adaptive,10000,2,3,1,374.257,200000,1,1,0,0,enumerate_all,200000,"{""build_active_indices_ms"":5.562277,""build_events_ms"":43.561133,""build_ranks_ms"":40.040894,""build_y_domain_ms"":13.943005,""run_build_ms"":103.606779,""run_pilot_enum_prepare_ms"":1.545749,""run_pilot_enum_scan_ms"":226.146980,""run_small_join_sample_from_list_ms"":0.132717}",,"{""dataset"":{""source"":""synthetic"",""name"":""exp6_stripe__nr100000__ns100000__a1_000ep00__g1"",""dim"":2,""path_r"":"""",""path_s"":"""",""synthetic"":{""generator"":""stripe"",""n_r"":100000,""n_s"":100000,""alpha"":1,""seed"":1}},""run"":{""method"":""ours"",""variant"":""adaptive"",""t"":10000,""seed"":1,""repeats"":3,""j_star"":1000000,""enum_cap"":0,""write_samples"":false,""verify"":false},""output"":{""out_dir"":""/home/dhy/PhD/SIGMOD-EXP/EXP-2/run/temp/exp6"",""run_tag"":""""},""sys"":{""threads"":1},""logging"":{""level"":""INFO"",""with_timestamp"":true,""with_thread_id"":false}}","{""generator"":""stripe_ctrl_alpha"",""dataset"":""exp6_stripe__nr100000__ns100000__a1_000ep00__g1"",""n_r"":100000,""n_s"":100000,""has_exact_k"":true,""k_target"":200000,""k_achieved"":200000,""alpha_target"":1,""alpha_achieved"":1,""notes"":""control_axis=1, core=[0.45,0.55], g=9.9999e-07, h=9e-06, delta=2.49998e-07, shuffle_strips=1, shuffle_r=0, k_overridden=0""}"
exp6_stripe__nr100000__ns100000__a1_000ep00__g1,stripe,1,100000,100000,ours,sampling,30000,0,1,1,465.258,200000,1,0,0,0,,0,"{""build_active_indices_ms"":9.729902,""build_events_ms"":35.050126,""build_ranks_ms"":40.031274,""build_y_domain_ms"":13.928405,""phase1_count_ms"":222.613894,""phase2_plan_ms"":6.776562,""phase3_sample_ms"":136.598957,""run_build_ms"":99.247166,""run_count_ms"":222.617363,""run_sample_ms"":143.390278}",,"{""dataset"":{""source"":""synthetic"",""name"":""exp6_stripe__nr100000__ns100000__a1_000ep00__g1"",""dim"":2,""path_r"":"""",""path_s"":"""",""synthetic"":{""generator"":""stripe"",""n_r"":100000,""n_s"":100000,""alpha"":1,""seed"":1}},""run"":{""method"":""ours"",""variant"":""sampling"",""t"":30000,""seed"":1,""repeats"":3,""j_star"":1000000,""enum_cap"":0,""write_samples"":false,""verify"":false},""output"":{""out_dir"":""/home/dhy/PhD/SIGMOD-EXP/EXP-2/run/temp/exp6"",""run_tag"":""""},""sys"":{""threads"":1},""logging"":{""level"":""INFO"",""with_timestamp"":true,""with_thread_id"":false}}","{""generator"":""stripe_ctrl_alpha"",""dataset"":""exp6_stripe__nr100000__ns100000__a1_000ep00__g1"",""n_r"":100000,""n_s"":100000,""has_exact_k"":true,""k_target"":200000,""k_achieved"":200000,""alpha_target"":1,""alpha_achieved"":1,""notes"":""control_axis=1, core=[0.45,0.55], g=9.9999e-07, h=9e-06, delta=2.49998e-07, shuffle_strips=1, shuffle_r=0, k_overridden=0""}"
exp6_stripe__nr100000__ns100000__a1_000ep00__g1,stripe,1,100000,100000,ours,sampling,30000,1,2,1,517.564,200000,1,0,0,0,,0,"{""build_active_indices_ms"":5.521728,""build_events_ms"":42.723040,""build_ranks_ms"":39.994535,""build_y_domain_ms"":13.926336,""phase1_count_ms"":223.146993,""phase2_plan_ms"":5.584326,""phase3_sample_ms"":137.087676,""run_build_ms"":102.658048,""run_count_ms"":223.150643,""run_sample_ms"":142.687542}",,"{""dataset"":{""source"":""synthetic"",""name"":""exp6_stripe__nr100000__ns100000__a1_000ep00__g1"",""dim"":2,""path_r"":"""",""path_s"":"""",""synthetic"":{""generator"":""stripe"",""n_r"":100000,""n_s"":100000,""alpha"":1,""seed"":1}},""run"":{""method"":""ours"",""variant"":""sampling"",""t"":30000,""seed"":1,""repeats"":3,""j_star"":1000000,""enum_cap"":0,""write_samples"":false,""verify"":false},""output"":{""out_dir"":""/home/dhy/PhD/SIGMOD-EXP/EXP-2/run/temp/exp6"",""run_tag"":""""},""sys"":{""threads"":1},""logging"":{""level"":""INFO"",""with_timestamp"":true,""with_thread_id"":false}}","{""generator"":""stripe_ctrl_alpha"",""dataset"":""exp6_stripe__nr100000__ns100000__a1_000ep00__g1"",""n_r"":100000,""n_s"":100000,""has_exact_k"":true,""k_target"":200000,""k_achieved"":200000,""alpha_target"":1,""alpha_achieved"":1,""notes"":""control_axis=1, core=[0.45,0.55], g=9.9999e-07, h=9e-06, delta=2.49998e-07, shuffle_strips=1, shuffle_r=0, k_overridden=0""}"
exp6_stripe__nr100000__ns100000__a1_000ep00__g1,stripe,1,100000,100000,ours,sampling,30000,2,3,1,517.255,200000,1,0,0,0,,0,"{""build_active_indices_ms"":5.520507,""build_events_ms"":42.413355,""build_ranks_ms"":40.042034,""build_y_domain_ms"":13.948366,""phase1_count_ms"":224.440766,""phase2_plan_ms"":5.340331,""phase3_sample_ms"":136.585237,""run_build_ms"":102.432352,""run_count_ms"":224.443926,""run_sample_ms"":141.939958}",,"{""dataset"":{""source"":""synthetic"",""name"":""exp6_stripe__nr100000__ns100000__a1_000ep00__g1"",""dim"":2,""path_r"":"""",""path_s"":"""",""synthetic"":{""generator"":""stripe"",""n_r"":100000,""n_s"":100000,""alpha"":1,""seed"":1}},""run"":{""method"":""ours"",""variant"":""sampling"",""t"":30000,""seed"":1,""repeats"":3,""j_star"":1000000,""enum_cap"":0,""write_samples"":false,""verify"":false},""output"":{""out_dir"":""/home/dhy/PhD/SIGMOD-EXP/EXP-2/run/temp/exp6"",""run_tag"":""""},""sys"":{""threads"":1},""logging"":{""level"":""INFO"",""with_timestamp"":true,""with_thread_id"":false}}","{""generator"":""stripe_ctrl_alpha"",""dataset"":""exp6_stripe__nr100000__ns100000__a1_000ep00__g1"",""n_r"":100000,""n_s"":100000,""has_exact_k"":true,""k_target"":200000,""k_achieved"":200000,""alpha_target"":1,""alpha_achieved"":1,""notes"":""control_axis=1, core=[0.45,0.55], g=9.9999e-07, h=9e-06, delta=2.49998e-07, shuffle_strips=1, shuffle_r=0, k_overridden=0""}"
exp6_stripe__nr100000__ns100000__a1_000ep00__g1,stripe,1,100000,100000,ours,enum_sampling,30000,0,1,1,418.592,200000,1,1,0,0,,0,"{""build_active_indices_ms"":5.656795,""build_events_ms"":35.133184,""build_ranks_ms"":39.988776,""build_y_domain_ms"":13.944005,""run_build_ms"":95.113582,""run_draw_ranks_ms"":2.017469,""run_enum_pass1_count_ms"":224.535204,""run_enum_pass2_select_ms"":94.079573,""run_enum_prepare_ms"":2.815132}",,"{""dataset"":{""source"":""synthetic"",""name"":""exp6_stripe__nr100000__ns100000__a1_000ep00__g1"",""dim"":2,""path_r"":"""",""path_s"":"""",""synthetic"":{""generator"":""stripe"",""n_r"":100000,""n_s"":100000,""alpha"":1,""seed"":1}},""run"":{""method"":""ours"",""variant"":""enum_sampling"",""t"":30000,""seed"":1,""repeats"":3,""j_star"":1000000,""enum_cap"":0,""write_samples"":false,""verify"":false},""output"":{""out_dir"":""/home/dhy/PhD/SIGMOD-EXP/EXP-2/run/temp/exp6"",""run_tag"":""""},""sys"":{""threads"":1},""logging"":{""level"":""INFO"",""with_timestamp"":true,""with_thread_id"":false}}","{""generator"":""stripe_ctrl_alpha"",""dataset"":""exp6_stripe__nr100000__ns100000__a1_000ep00__g1"",""n_r"":100000,""n_s"":100000,""has_exact_k"":true,""k_target"":200000,""k_achieved"":200000,""alpha_target"":1,""alpha_achieved"":1,""notes"":""control_axis=1, core=[0.45,0.55], g=9.9999e-07, h=9e-06, delta=2.49998e-07, shuffle_strips=1, shuffle_r=0, k_overridden=0""}"
exp6_stripe__nr100000__ns100000__a1_000ep00__g1,stripe,1,100000,100000,ours,enum_sampling,30000,1,2,1,469.305,200000,1,1,0,0,,0,"{""build_active_indices_ms"":5.432900,""build_events_ms"":42.556513,""build_ranks_ms"":39.959666,""build_y_domain_ms"":13.916166,""run_build_ms"":102.253057,""run_draw_ranks_ms"":2.002899,""run_enum_pass1_count_ms"":224.985015,""run_enum_pass2_select_ms"":93.930966,""run_enum_prepare_ms"":1.537758}",,"{""dataset"":{""source"":""synthetic"",""name"":""exp6_stripe__nr100000__ns100000__a1_000ep00__g1"",""dim"":2,""path_r"":"""",""path_s"":"""",""synthetic"":{""generator"":""stripe"",""n_r"":100000,""n_s"":100000,""alpha"":1,""seed"":1}},""run"":{""method"":""ours"",""variant"":""enum_sampling"",""t"":30000,""seed"":1,""repeats"":3,""j_star"":1000000,""enum_cap"":0,""write_samples"":false,""verify"":false},""output"":{""out_dir"":""/home/dhy/PhD/SIGMOD-EXP/EXP-2/run/temp/exp6"",""run_tag"":""""},""sys"":{""threads"":1},""logging"":{""level"":""INFO"",""with_timestamp"":true,""with_thread_id"":false}}","{""generator"":""stripe_ctrl_alpha"",""dataset"":""exp6_stripe__nr100000__ns100000__a1_000ep00__g1"",""n_r"":100000,""n_s"":100000,""has_exact_k"":true,""k_target"":200000,""k_achieved"":200000,""alpha_target"":1,""alpha_achieved"":1,""notes"":""control_axis=1, core=[0.45,0.55], g=9.9999e-07, h=9e-06, delta=2.49998e-07, shuffle_strips=1, shuffle_r=0, k_overridden=0""}"
exp6_stripe__nr100000__ns100000__a1_000ep00__g1,stripe,1,100000,100000,ours,enum_sampling,30000,2,3,1,469.867,200000,1,1,0,0,,0,"{""build_active_indices_ms"":5.392371,""build_events_ms"":42.313657,""build_ranks_ms"":40.020644,""build_y_domain_ms"":13.967105,""run_build_ms"":102.078170,""run_draw_ranks_ms"":2.010889,""run_enum_pass1_count_ms"":226.428505,""run_enum_pass2_select_ms"":93.896637,""run_enum_prepare_ms"":1.546598}",,"{""dataset"":{""source"":""synthetic"",""name"":""exp6_stripe__nr100000__ns100000__a1_000ep00__g1"",""dim"":2,""path_r"":"""",""path_s"":"""",""synthetic"":{""generator"":""stripe"",""n_r"":100000,""n_s"":100000,""alpha"":1,""seed"":1}},""run"":{""method"":""ours"",""variant"":""enum_sampling"",""t"":30000,""seed"":1,""repeats"":3,""j_star"":1000000,""enum_cap"":0,""write_samples"":false,""verify"":false},""output"":{""out_dir"":""/home/dhy/PhD/SIGMOD-EXP/EXP-2/run/temp/exp6"",""run_tag"":""""},""sys"":{""threads"":1},""logging"":{""level"":""INFO"",""with_timestamp"":true,""with_thread_id"":false}}","{""generator"":""stripe_ctrl_alpha"",""dataset"":""exp6_stripe__nr100000__ns100000__a1_000ep00__g1"",""n_r"":100000,""n_s"":100000,""has_exact_k"":true,""k_target"":200000,""k_achieved"":200000,""alpha_target"":1,""alpha_achieved"":1,""notes"":""control_axis=1, core=[0.45,0.55], g=9.9999e-07, h=9e-06, delta=2.49998e-07, shuffle_strips=1, shuffle_r=0, k_overridden=0""}"
exp6_stripe__nr100000__ns100000__a1_000ep00__g1,stripe,1,100000,100000,ours,adaptive,30000,0,1,1,322.974,200000,1,1,0,0,enumerate_all,200000,"{""build_active_indices_ms"":5.529047,""build_events_ms"":35.074555,""build_ranks_ms"":40.024174,""build_y_domain_ms"":13.962106,""run_build_ms"":95.102273,""run_pilot_enum_prepare_ms"":1.514170,""run_pilot_enum_scan_ms"":225.929925,""run_small_join_sample_from_list_ms"":0.415682}",,"{""dataset"":{""source"":""synthetic"",""name"":""exp6_stripe__nr100000__ns100000__a1_000ep00__g1"",""dim"":2,""path_r"":"""",""path_s"":"""",""synthetic"":{""generator"":""stripe"",""n_r"":100000,""n_s"":100000,""alpha"":1,""seed"":1}},""run"":{""method"":""ours"",""variant"":""adaptive"",""t"":30000,""seed"":1,""repeats"":3,""j_star"":1000000,""enum_cap"":0,""write_samples"":false,""verify"":false},""output"":{""out_dir"":""/home/dhy/PhD/SIGMOD-EXP/EXP-2/run/temp/exp6"",""run_tag"":""""},""sys"":{""threads"":1},""logging"":{""level"":""INFO"",""with_timestamp"":true,""with_thread_id"":false}}","{""generator"":""stripe_ctrl_alpha"",""dataset"":""exp6_stripe__nr100000__ns100000__a1_000ep00__g1"",""n_r"":100000,""n_s"":100000,""has_exact_k"":true,""k_target"":200000,""k_achieved"":200000,""alpha_target"":1,""alpha_achieved"":1,""notes"":""control_axis=1, core=[0.45,0.55], g=9.9999e-07, h=9e-06, delta=2.49998e-07, shuffle_strips=1, shuffle_r=0, k_overridden=0""}"
exp6_stripe__nr100000__ns100000__a1_000ep00__g1,stripe,1,100000,100000,ours,adaptive,30000,1,2,1,373.286,200000,1,1,0,0,enumerate_all,200000,"{""build_active_indices_ms"":5.512738,""build_events_ms"":42.292198,""build_ranks_ms"":39.990985,""build_y_domain_ms"":13.936176,""run_build_ms"":102.225976,""run_pilot_enum_prepare_ms"":1.528619,""run_pilot_enum_scan_ms"":225.206221,""run_small_join_sample_from_list_ms"":0.385862}",,"{""dataset"":{""source"":""synthetic"",""name"":""exp6_stripe__nr100000__ns100000__a1_000ep00__g1"",""dim"":2,""path_r"":"""",""path_s"":"""",""synthetic"":{""generator"":""stripe"",""n_r"":100000,""n_s"":100000,""alpha"":1,""seed"":1}},""run"":{""method"":""ours"",""variant"":""adaptive"",""t"":30000,""seed"":1,""repeats"":3,""j_star"":1000000,""enum_cap"":0,""write_samples"":false,""verify"":false},""output"":{""out_dir"":""/home/dhy/PhD/SIGMOD-EXP/EXP-2/run/temp/exp6"",""run_tag"":""""},""sys"":{""threads"":1},""logging"":{""level"":""INFO"",""with_timestamp"":true,""with_thread_id"":false}}","{""generator"":""stripe_ctrl_alpha"",""dataset"":""exp6_stripe__nr100000__ns100000__a1_000ep00__g1"",""n_r"":100000,""n_s"":100000,""has_exact_k"":true,""k_target"":200000,""k_achieved"":200000,""alpha_target"":1,""alpha_achieved"":1,""notes"":""control_axis=1, core=[0.45,0.55], g=9.9999e-07, h=9e-06, delta=2.49998e-07, shuffle_strips=1, shuffle_r=0, k_overridden=0""}"
exp6_stripe__nr100000__ns100000__a1_000ep00__g1,stripe,1,100000,100000,ours,adaptive,30000,2,3,1,378.154,200000,1,1,0,0,enumerate_all,200000,"{""build_active_indices_ms"":5.498838,""build_events_ms"":43.660781,""build_ranks_ms"":40.008145,""build_y_domain_ms"":13.950765,""run_build_ms"":103.615269,""run_pilot_enum_prepare_ms"":1.522780,""run_pilot_enum_scan_ms"":225.251611,""run_small_join_sample_from_list_ms"":0.351563}",,"{""dataset"":{""source"":""synthetic"",""name"":""exp6_stripe__nr100000__ns100000__a1_000ep00__g1"",""dim"":2,""path_r"":"""",""path_s"":"""",""synthetic"":{""generator"":""stripe"",""n_r"":100000,""n_s"":100000,""alpha"":1,""seed"":1}},""run"":{""method"":""ours"",""variant"":""adaptive"",""t"":30000,""seed"":1,""repeats"":3,""j_star"":1000000,""enum_cap"":0,""write_samples"":false,""verify"":false},""output"":{""out_dir"":""/home/dhy/PhD/SIGMOD-EXP/EXP-2/run/temp/exp6"",""run_tag"":""""},""sys"":{""threads"":1},""logging"":{""level"":""INFO"",""with_timestamp"":true,""with_thread_id"":false}}","{""generator"":""stripe_ctrl_alpha"",""dataset"":""exp6_stripe__nr100000__ns100000__a1_000ep00__g1"",""n_r"":100000,""n_s"":100000,""has_exact_k"":true,""k_target"":200000,""k_achieved"":200000,""alpha_target"":1,""alpha_achieved"":1,""notes"":""control_axis=1, core=[0.45,0.55], g=9.9999e-07, h=9e-06, delta=2.49998e-07, shuffle_strips=1, shuffle_r=0, k_overridden=0""}"
exp6_stripe__nr100000__ns100000__a1_000ep00__g1,stripe,1,100000,100000,ours,sampling,100000,0,1,1,469.47,200000,1,0,0,0,,0,"{""build_active_indices_ms"":10.861159,""build_events_ms"":35.158625,""build_ranks_ms"":39.981515,""build_y_domain_ms"":13.968145,""phase1_count_ms"":221.598125,""phase2_plan_ms"":7.725562,""phase3_sample_ms"":139.633664,""run_build_ms"":100.471902,""run_count_ms"":221.601575,""run_sample_ms"":147.393276}",,"{""dataset"":{""source"":""synthetic"",""name"":""exp6_stripe__nr100000__ns100000__a1_000ep00__g1"",""dim"":2,""path_r"":"""",""path_s"":"""",""synthetic"":{""generator"":""stripe"",""n_r"":100000,""n_s"":100000,""alpha"":1,""seed"":1}},""run"":{""method"":""ours"",""variant"":""sampling"",""t"":100000,""seed"":1,""repeats"":3,""j_star"":1000000,""enum_cap"":0,""write_samples"":false,""verify"":false},""output"":{""out_dir"":""/home/dhy/PhD/SIGMOD-EXP/EXP-2/run/temp/exp6"",""run_tag"":""""},""sys"":{""threads"":1},""logging"":{""level"":""INFO"",""with_timestamp"":true,""with_thread_id"":false}}","{""generator"":""stripe_ctrl_alpha"",""dataset"":""exp6_stripe__nr100000__ns100000__a1_000ep00__g1"",""n_r"":100000,""n_s"":100000,""has_exact_k"":true,""k_target"":200000,""k_achieved"":200000,""alpha_target"":1,""alpha_achieved"":1,""notes"":""control_axis=1, core=[0.45,0.55], g=9.9999e-07, h=9e-06, delta=2.49998e-07, shuffle_strips=1, shuffle_r=0, k_overridden=0""}"
exp6_stripe__nr100000__ns100000__a1_000ep00__g1,stripe,1,100000,100000,ours,sampling,100000,1,2,1,515.408,200000,1,0,0,0,,0,"{""build_active_indices_ms"":5.494429,""build_events_ms"":43.542533,""build_ranks_ms"":41.322358,""build_y_domain_ms"":13.930606,""phase1_count_ms"":220.581795,""phase2_plan_ms"":7.251092,""phase3_sample_ms"":139.916479,""run_build_ms"":104.783065,""run_count_ms"":220.584555,""run_sample_ms"":147.200061}",,"{""dataset"":{""source"":""synthetic"",""name"":""exp6_stripe__nr100000__ns100000__a1_000ep00__g1"",""dim"":2,""path_r"":"""",""path_s"":"""",""synthetic"":{""generator"":""stripe"",""n_r"":100000,""n_s"":100000,""alpha"":1,""seed"":1}},""run"":{""method"":""ours"",""variant"":""sampling"",""t"":100000,""seed"":1,""repeats"":3,""j_star"":1000000,""enum_cap"":0,""write_samples"":false,""verify"":false},""output"":{""out_dir"":""/home/dhy/PhD/SIGMOD-EXP/EXP-2/run/temp/exp6"",""run_tag"":""""},""sys"":{""threads"":1},""logging"":{""level"":""INFO"",""with_timestamp"":true,""with_thread_id"":false}}","{""generator"":""stripe_ctrl_alpha"",""dataset"":""exp6_stripe__nr100000__ns100000__a1_000ep00__g1"",""n_r"":100000,""n_s"":100000,""has_exact_k"":true,""k_target"":200000,""k_achieved"":200000,""alpha_target"":1,""alpha_achieved"":1,""notes"":""control_axis=1, core=[0.45,0.55], g=9.9999e-07, h=9e-06, delta=2.49998e-07, shuffle_strips=1, shuffle_r=0, k_overridden=0""}"
exp6_stripe__nr100000__ns100000__a1_000ep00__g1,stripe,1,100000,100000,ours,sampling,100000,2,3,1,513.867,200000,1,0,0,0,,0,"{""build_active_indices_ms"":5.492259,""build_events_ms"":42.306677,""build_ranks_ms"":39.925597,""build_y_domain_ms"":13.925986,""phase1_count_ms"":221.498927,""phase2_plan_ms"":7.260112,""phase3_sample_ms"":140.075866,""run_build_ms"":102.143858,""run_count_ms"":221.502137,""run_sample_ms"":147.368827}",,"{""dataset"":{""source"":""synthetic"",""name"":""exp6_stripe__nr100000__ns100000__a1_000ep00__g1"",""dim"":2,""path_r"":"""",""path_s"":"""",""synthetic"":{""generator"":""stripe"",""n_r"":100000,""n_s"":100000,""alpha"":1,""seed"":1}},""run"":{""method"":""ours"",""variant"":""sampling"",""t"":100000,""seed"":1,""repeats"":3,""j_star"":1000000,""enum_cap"":0,""write_samples"":false,""verify"":false},""output"":{""out_dir"":""/home/dhy/PhD/SIGMOD-EXP/EXP-2/run/temp/exp6"",""run_tag"":""""},""sys"":{""threads"":1},""logging"":{""level"":""INFO"",""with_timestamp"":true,""with_thread_id"":false}}","{""generator"":""stripe_ctrl_alpha"",""dataset"":""exp6_stripe__nr100000__ns100000__a1_000ep00__g1"",""n_r"":100000,""n_s"":100000,""has_exact_k"":true,""k_target"":200000,""k_achieved"":200000,""alpha_target"":1,""alpha_achieved"":1,""notes"":""control_axis=1, core=[0.45,0.55], g=9.9999e-07, h=9e-06, delta=2.49998e-07, shuffle_strips=1, shuffle_r=0, k_overridden=0""}"
exp6_stripe__nr100000__ns100000__a1_000ep00__g1,stripe,1,100000,100000,ours,enum_sampling,100000,0,1,1,429.157,200000,1,1,0,0,,0,"{""build_active_indices_ms"":9.610205,""build_events_ms"":35.125434,""build_ranks_ms"":39.999724,""build_y_domain_ms"":15.033274,""run_build_ms"":100.158429,""run_draw_ranks_ms"":7.578365,""run_enum_pass1_count_ms"":224.815549,""run_enum_pass2_select_ms"":94.566353,""run_enum_prepare_ms"":1.518169}",,"{""dataset"":{""source"":""synthetic"",""name"":""exp6_stripe__nr100000__ns100000__a1_000ep00__g1"",""dim"":2,""path_r"":"""",""path_s"":"""",""synthetic"":{""generator"":""stripe"",""n_r"":100000,""n_s"":100000,""alpha"":1,""seed"":1}},""run"":{""method"":""ours"",""variant"":""enum_sampling"",""t"":100000,""seed"":1,""repeats"":3,""j_star"":1000000,""enum_cap"":0,""write_samples"":false,""verify"":false},""output"":{""out_dir"":""/home/dhy/PhD/SIGMOD-EXP/EXP-2/run/temp/exp6"",""run_tag"":""""},""sys"":{""threads"":1},""logging"":{""level"":""INFO"",""with_timestamp"":true,""with_thread_id"":false}}","{""generator"":""stripe_ctrl_alpha"",""dataset"":""exp6_stripe__nr100000__ns100000__a1_000ep00__g1"",""n_r"":100000,""n_s"":100000,""has_exact_k"":true,""k_target"":200000,""k_achieved"":200000,""alpha_target"":1,""alpha_achieved"":1,""notes"":""control_axis=1, core=[0.45,0.55], g=9.9999e-07, h=9e-06, delta=2.49998e-07, shuffle_strips=1, shuffle_r=0, k_overridden=0""}"
exp6_stripe__nr100000__ns100000__a1_000ep00__g1,stripe,1,100000,100000,ours,enum_sampling,100000,1,2,1,475.859,200000,1,1,0,0,,0,"{""build_active_indices_ms"":5.509557,""build_events_ms"":43.663770,""build_ranks_ms"":40.037784,""build_y_domain_ms"":13.946736,""run_build_ms"":103.546280,""run_draw_ranks_ms"":7.525247,""run_enum_pass1_count_ms"":224.425587,""run_enum_pass2_select_ms"":95.028363,""run_enum_prepare_ms"":1.515259}",,"{""dataset"":{""source"":""synthetic"",""name"":""exp6_stripe__nr100000__ns100000__a1_000ep00__g1"",""dim"":2,""path_r"":"""",""path_s"":"""",""synthetic"":{""generator"":""stripe"",""n_r"":100000,""n_s"":100000,""alpha"":1,""seed"":1}},""run"":{""method"":""ours"",""variant"":""enum_sampling"",""t"":100000,""seed"":1,""repeats"":3,""j_star"":1000000,""enum_cap"":0,""write_samples"":false,""verify"":false},""output"":{""out_dir"":""/home/dhy/PhD/SIGMOD-EXP/EXP-2/run/temp/exp6"",""run_tag"":""""},""sys"":{""threads"":1},""logging"":{""level"":""INFO"",""with_timestamp"":true,""with_thread_id"":false}}","{""generator"":""stripe_ctrl_alpha"",""dataset"":""exp6_stripe__nr100000__ns100000__a1_000ep00__g1"",""n_r"":100000,""n_s"":100000,""has_exact_k"":true,""k_target"":200000,""k_achieved"":200000,""alpha_target"":1,""alpha_achieved"":1,""notes"":""control_axis=1, core=[0.45,0.55], g=9.9999e-07, h=9e-06, delta=2.49998e-07, shuffle_strips=1, shuffle_r=0, k_overridden=0""}"
exp6_stripe__nr100000__ns100000__a1_000ep00__g1,stripe,1,100000,100000,ours,enum_sampling,100000,2,3,1,476.781,200000,1,1,0,0,,0,"{""build_active_indices_ms"":5.514608,""build_events_ms"":42.268788,""build_ranks_ms"":40.016395,""build_y_domain_ms"":13.944615,""run_build_ms"":102.129509,""run_draw_ranks_ms"":7.536756,""run_enum_pass1_count_ms"":224.537115,""run_enum_pass2_select_ms"":96.112272,""run_enum_prepare_ms"":2.822402}",,"{""dataset"":{""source"":""synthetic"",""name"":""exp6_stripe__nr100000__ns100000__a1_000ep00__g1"",""dim"":2,""path_r"":"""",""path_s"":"""",""synthetic"":{""generator"":""stripe"",""n_r"":100000,""n_s"":100000,""alpha"":1,""seed"":1}},""run"":{""method"":""ours"",""variant"":""enum_sampling"",""t"":100000,""seed"":1,""repeats"":3,""j_star"":1000000,""enum_cap"":0,""write_samples"":false,""verify"":false},""output"":{""out_dir"":""/home/dhy/PhD/SIGMOD-EXP/EXP-2/run/temp/exp6"",""run_tag"":""""},""sys"":{""threads"":1},""logging"":{""level"":""INFO"",""with_timestamp"":true,""with_thread_id"":false}}","{""generator"":""stripe_ctrl_alpha"",""dataset"":""exp6_stripe__nr100000__ns100000__a1_000ep00__g1"",""n_r"":100000,""n_s"":100000,""has_exact_k"":true,""k_target"":200000,""k_achieved"":200000,""alpha_target"":1,""alpha_achieved"":1,""notes"":""control_axis=1, core=[0.45,0.55], g=9.9999e-07, h=9e-06, delta=2.49998e-07, shuffle_strips=1, shuffle_r=0, k_overridden=0""}"
exp6_stripe__nr100000__ns100000__a1_000ep00__g1,stripe,1,100000,100000,ours,adaptive,100000,0,1,1,324.32,200000,1,1,0,0,enumerate_all,200000,"{""build_active_indices_ms"":5.671254,""build_events_ms"":35.084185,""build_ranks_ms"":40.070854,""build_y_domain_ms"":13.934016,""run_build_ms"":95.271439,""run_pilot_enum_prepare_ms"":1.580727,""run_pilot_enum_scan_ms"":226.565454,""run_small_join_sample_from_list_ms"":0.891092}",,"{""dataset"":{""source"":""synthetic"",""name"":""exp6_stripe__nr100000__ns100000__a1_000ep00__g1"",""dim"":2,""path_r"":"""",""path_s"":"""",""synthetic"":{""generator"":""stripe"",""n_r"":100000,""n_s"":100000,""alpha"":1,""seed"":1}},""run"":{""method"":""ours"",""variant"":""adaptive"",""t"":100000,""seed"":1,""repeats"":3,""j_star"":1000000,""enum_cap"":0,""write_samples"":false,""verify"":false},""output"":{""out_dir"":""/home/dhy/PhD/SIGMOD-EXP/EXP-2/run/temp/exp6"",""run_tag"":""""},""sys"":{""threads"":1},""logging"":{""level"":""INFO"",""with_timestamp"":true,""with_thread_id"":false}}","{""generator"":""stripe_ctrl_alpha"",""dataset"":""exp6_stripe__nr100000__ns100000__a1_000ep00__g1"",""n_r"":100000,""n_s"":100000,""has_exact_k"":true,""k_target"":200000,""k_achieved"":200000,""alpha_target"":1,""alpha_achieved"":1,""notes"":""control_axis=1, core=[0.45,0.55], g=9.9999e-07, h=9e-06, delta=2.49998e-07, shuffle_strips=1, shuffle_r=0, k_overridden=0""}"
exp6_stripe__nr100000__ns100000__a1_000ep00__g1,stripe,1,100000,100000,ours,adaptive,100000,1,2,1,375.856,200000,1,1,0,0,enumerate_all,200000,"{""build_active_indices_ms"":5.533118,""build_events_ms"":42.504985,""build_ranks_ms"":39.979675,""build_y_domain_ms"":13.936596,""run_build_ms"":102.447853,""run_pilot_enum_prepare_ms"":1.533659,""run_pilot_enum_scan_ms"":227.975085,""run_small_join_sample_from_list_ms"":0.835532}",,"{""dataset"":{""source"":""synthetic"",""name"":""exp6_stripe__nr100000__ns100000__a1_000ep00__g1"",""dim"":2,""path_r"":"""",""path_s"":"""",""synthetic"":{""generator"":""stripe"",""n_r"":100000,""n_s"":100000,""alpha"":1,""seed"":1}},""run"":{""method"":""ours"",""variant"":""adaptive"",""t"":100000,""seed"":1,""repeats"":3,""j_star"":1000000,""enum_cap"":0,""write_samples"":false,""verify"":false},""output"":{""out_dir"":""/home/dhy/PhD/SIGMOD-EXP/EXP-2/run/temp/exp6"",""run_tag"":""""},""sys"":{""threads"":1},""logging"":{""level"":""INFO"",""with_timestamp"":true,""with_thread_id"":false}}","{""generator"":""stripe_ctrl_alpha"",""dataset"":""exp6_stripe__nr100000__ns100000__a1_000ep00__g1"",""n_r"":100000,""n_s"":100000,""has_exact_k"":true,""k_target"":200000,""k_achieved"":200000,""alpha_target"":1,""alpha_achieved"":1,""notes"":""control_axis=1, core=[0.45,0.55], g=9.9999e-07, h=9e-06, delta=2.49998e-07, shuffle_strips=1, shuffle_r=0, k_overridden=0""}"
exp6_stripe__nr100000__ns100000__a1_000ep00__g1,stripe,1,100000,100000,ours,adaptive,100000,2,3,1,374.903,200000,1,1,0,0,enumerate_all,200000,"{""build_active_indices_ms"":5.550888,""build_events_ms"":42.221240,""build_ranks_ms"":39.984905,""build_y_domain_ms"":13.932686,""run_build_ms"":102.188338,""run_pilot_enum_prepare_ms"":1.541449,""run_pilot_enum_scan_ms"":226.355107,""run_small_join_sample_from_list_ms"":0.811504}",,"{""dataset"":{""source"":""synthetic"",""name"":""exp6_stripe__nr100000__ns100000__a1_000ep00__g1"",""dim"":2,""path_r"":"""",""path_s"":"""",""synthetic"":{""generator"":""stripe"",""n_r"":100000,""n_s"":100000,""alpha"":1,""seed"":1}},""run"":{""method"":""ours"",""variant"":""adaptive"",""t"":100000,""seed"":1,""repeats"":3,""j_star"":1000000,""enum_cap"":0,""write_samples"":false,""verify"":false},""output"":{""out_dir"":""/home/dhy/PhD/SIGMOD-EXP/EXP-2/run/temp/exp6"",""run_tag"":""""},""sys"":{""threads"":1},""logging"":{""level"":""INFO"",""with_timestamp"":true,""with_thread_id"":false}}","{""generator"":""stripe_ctrl_alpha"",""dataset"":""exp6_stripe__nr100000__ns100000__a1_000ep00__g1"",""n_r"":100000,""n_s"":100000,""has_exact_k"":true,""k_target"":200000,""k_achieved"":200000,""alpha_target"":1,""alpha_achieved"":1,""notes"":""control_axis=1, core=[0.45,0.55], g=9.9999e-07, h=9e-06, delta=2.49998e-07, shuffle_strips=1, shuffle_r=0, k_overridden=0""}"
exp6_stripe__nr100000__ns100000__a1_000ep00__g1,stripe,1,100000,100000,ours,sampling,300000,0,1,1,480.372,200000,1,0,0,0,,0,"{""build_active_indices_ms"":9.587174,""build_events_ms"":35.141604,""build_ranks_ms"":40.021235,""build_y_domain_ms"":13.935315,""phase1_count_ms"":223.009027,""phase2_plan_ms"":13.454415,""phase3_sample_ms"":144.623373,""run_build_ms"":99.192538,""run_count_ms"":223.012876,""run_sample_ms"":158.163318}",,"{""dataset"":{""source"":""synthetic"",""name"":""exp6_stripe__nr100000__ns100000__a1_000ep00__g1"",""dim"":2,""path_r"":"""",""path_s"":"""",""synthetic"":{""generator"":""stripe"",""n_r"":100000,""n_s"":100000,""alpha"":1,""seed"":1}},""run"":{""method"":""ours"",""variant"":""sampling"",""t"":300000,""seed"":1,""repeats"":3,""j_star"":1000000,""enum_cap"":0,""write_samples"":false,""verify"":false},""output"":{""out_dir"":""/home/dhy/PhD/SIGMOD-EXP/EXP-2/run/temp/exp6"",""run_tag"":""""},""sys"":{""threads"":1},""logging"":{""level"":""INFO"",""with_timestamp"":true,""with_thread_id"":false}}","{""generator"":""stripe_ctrl_alpha"",""dataset"":""exp6_stripe__nr100000__ns100000__a1_000ep00__g1"",""n_r"":100000,""n_s"":100000,""has_exact_k"":true,""k_target"":200000,""k_achieved"":200000,""alpha_target"":1,""alpha_achieved"":1,""notes"":""control_axis=1, core=[0.45,0.55], g=9.9999e-07, h=9e-06, delta=2.49998e-07, shuffle_strips=1, shuffle_r=0, k_overridden=0""}"
exp6_stripe__nr100000__ns100000__a1_000ep00__g1,stripe,1,100000,100000,ours,sampling,300000,1,2,1,527.024,200000,1,0,0,0,,0,"{""build_active_indices_ms"":5.527397,""build_events_ms"":42.945914,""build_ranks_ms"":40.002135,""build_y_domain_ms"":13.929367,""phase1_count_ms"":223.634963,""phase2_plan_ms"":11.593024,""phase3_sample_ms"":144.603694,""run_build_ms"":102.902453,""run_count_ms"":223.638053,""run_sample_ms"":156.282456}",,"{""dataset"":{""source"":""synthetic"",""name"":""exp6_stripe__nr100000__ns100000__a1_000ep00__g1"",""dim"":2,""path_r"":"""",""path_s"":"""",""synthetic"":{""generator"":""stripe"",""n_r"":100000,""n_s"":100000,""alpha"":1,""seed"":1}},""run"":{""method"":""ours"",""variant"":""sampling"",""t"":300000,""seed"":1,""repeats"":3,""j_star"":1000000,""enum_cap"":0,""write_samples"":false,""verify"":false},""output"":{""out_dir"":""/home/dhy/PhD/SIGMOD-EXP/EXP-2/run/temp/exp6"",""run_tag"":""""},""sys"":{""threads"":1},""logging"":{""level"":""INFO"",""with_timestamp"":true,""with_thread_id"":false}}","{""generator"":""stripe_ctrl_alpha"",""dataset"":""exp6_stripe__nr100000__ns100000__a1_000ep00__g1"",""n_r"":100000,""n_s"":100000,""has_exact_k"":true,""k_target"":200000,""k_achieved"":200000,""alpha_target"":1,""alpha_achieved"":1,""notes"":""control_axis=1, core=[0.45,0.55], g=9.9999e-07, h=9e-06, delta=2.49998e-07, shuffle_strips=1, shuffle_r=0, k_overridden=0""}"
exp6_stripe__nr100000__ns100000__a1_000ep00__g1,stripe,1,100000,100000,ours,sampling,300000,2,3,1,527.667,200000,1,0,0,0,,0,"{""build_active_indices_ms"":5.490228,""build_events_ms"":42.305598,""build_ranks_ms"":40.066984,""build_y_domain_ms"":13.948026,""phase1_count_ms"":224.813720,""phase2_plan_ms"":11.520995,""phase3_sample_ms"":146.084243,""run_build_ms"":102.316655,""run_count_ms"":224.817300,""run_sample_ms"":157.690517}",,"{""dataset"":{""source"":""synthetic"",""name"":""exp6_stripe__nr100000__ns100000__a1_000ep00__g1"",""dim"":2,""path_r"":"""",""path_s"":"""",""synthetic"":{""generator"":""stripe"",""n_r"":100000,""n_s"":100000,""alpha"":1,""seed"":1}},""run"":{""method"":""ours"",""variant"":""sampling"",""t"":300000,""seed"":1,""repeats"":3,""j_star"":1000000,""enum_cap"":0,""write_samples"":false,""verify"":false},""output"":{""out_dir"":""/home/dhy/PhD/SIGMOD-EXP/EXP-2/run/temp/exp6"",""run_tag"":""""},""sys"":{""threads"":1},""logging"":{""level"":""INFO"",""with_timestamp"":true,""with_thread_id"":false}}","{""generator"":""stripe_ctrl_alpha"",""dataset"":""exp6_stripe__nr100000__ns100000__a1_000ep00__g1"",""n_r"":100000,""n_s"":100000,""has_exact_k"":true,""k_target"":200000,""k_achieved"":200000,""alpha_target"":1,""alpha_achieved"":1,""notes"":""control_axis=1, core=[0.45,0.55], g=9.9999e-07, h=9e-06, delta=2.49998e-07, shuffle_strips=1, shuffle_r=0, k_overridden=0""}"
exp6_stripe__nr100000__ns100000__a1_000ep00__g1,stripe,1,100000,100000,ours,enum_sampling,300000,0,1,1,449.347,200000,1,1,0,0,,0,"{""build_active_indices_ms"":9.615894,""build_events_ms"":35.138494,""build_ranks_ms"":40.017015,""build_y_domain_ms"":13.924936,""run_build_ms"":99.086791,""run_draw_ranks_ms"":25.842773,""run_enum_pass1_count_ms"":225.457677,""run_enum_pass2_select_ms"":95.995744,""run_enum_prepare_ms"":1.553028}",,"{""dataset"":{""source"":""synthetic"",""name"":""exp6_stripe__nr100000__ns100000__a1_000ep00__g1"",""dim"":2,""path_r"":"""",""path_s"":"""",""synthetic"":{""generator"":""stripe"",""n_r"":100000,""n_s"":100000,""alpha"":1,""seed"":1}},""run"":{""method"":""ours"",""variant"":""enum_sampling"",""t"":300000,""seed"":1,""repeats"":3,""j_star"":1000000,""enum_cap"":0,""write_samples"":false,""verify"":false},""output"":{""out_dir"":""/home/dhy/PhD/SIGMOD-EXP/EXP-2/run/temp/exp6"",""run_tag"":""""},""sys"":{""threads"":1},""logging"":{""level"":""INFO"",""with_timestamp"":true,""with_thread_id"":false}}","{""generator"":""stripe_ctrl_alpha"",""dataset"":""exp6_stripe__nr100000__ns100000__a1_000ep00__g1"",""n_r"":100000,""n_s"":100000,""has_exact_k"":true,""k_target"":200000,""k_achieved"":200000,""alpha_target"":1,""alpha_achieved"":1,""notes"":""control_axis=1, core=[0.45,0.55], g=9.9999e-07, h=9e-06, delta=2.49998e-07, shuffle_strips=1, shuffle_r=0, k_overridden=0""}"
exp6_stripe__nr100000__ns100000__a1_000ep00__g1,stripe,1,100000,100000,ours,enum_sampling,300000,1,2,1,496.787,200000,1,1,0,0,,0,"{""build_active_indices_ms"":5.503628,""build_events_ms"":42.730980,""build_ranks_ms"":40.022255,""build_y_domain_ms"":13.933506,""run_build_ms"":102.577531,""run_draw_ranks_ms"":25.537559,""run_enum_pass1_count_ms"":225.638572,""run_enum_pass2_select_ms"":97.761609,""run_enum_prepare_ms"":1.539178}",,"{""dataset"":{""source"":""synthetic"",""name"":""exp6_stripe__nr100000__ns100000__a1_000ep00__g1"",""dim"":2,""path_r"":"""",""path_s"":"""",""synthetic"":{""generator"":""stripe"",""n_r"":100000,""n_s"":100000,""alpha"":1,""seed"":1}},""run"":{""method"":""ours"",""variant"":""enum_sampling"",""t"":300000,""seed"":1,""repeats"":3,""j_star"":1000000,""enum_cap"":0,""write_samples"":false,""verify"":false},""output"":{""out_dir"":""/home/dhy/PhD/SIGMOD-EXP/EXP-2/run/temp/exp6"",""run_tag"":""""},""sys"":{""threads"":1},""logging"":{""level"":""INFO"",""with_timestamp"":true,""with_thread_id"":false}}","{""generator"":""stripe_ctrl_alpha"",""dataset"":""exp6_stripe__nr100000__ns100000__a1_000ep00__g1"",""n_r"":100000,""n_s"":100000,""has_exact_k"":true,""k_target"":200000,""k_achieved"":200000,""alpha_target"":1,""alpha_achieved"":1,""notes"":""control_axis=1, core=[0.45,0.55], g=9.9999e-07, h=9e-06, delta=2.49998e-07, shuffle_strips=1, shuffle_r=0, k_overridden=0""}"
exp6_stripe__nr100000__ns100000__a1_000ep00__g1,stripe,1,100000,100000,ours,enum_sampling,300000,2,3,1,495.364,200000,1,1,0,0,,0,"{""build_active_indices_ms"":5.528757,""build_events_ms"":42.414426,""build_ranks_ms"":40.037005,""build_y_domain_ms"":13.914207,""run_build_ms"":102.279226,""run_draw_ranks_ms"":25.656997,""run_enum_pass1_count_ms"":226.095784,""run_enum_pass2_select_ms"":96.206361,""run_enum_prepare_ms"":1.530689}",,"{""dataset"":{""source"":""synthetic"",""name"":""exp6_stripe__nr100000__ns100000__a1_000ep00__g1"",""dim"":2,""path_r"":"""",""path_s"":"""",""synthetic"":{""generator"":""stripe"",""n_r"":100000,""n_s"":100000,""alpha"":1,""seed"":1}},""run"":{""method"":""ours"",""variant"":""enum_sampling"",""t"":300000,""seed"":1,""repeats"":3,""j_star"":1000000,""enum_cap"":0,""write_samples"":false,""verify"":false},""output"":{""out_dir"":""/home/dhy/PhD/SIGMOD-EXP/EXP-2/run/temp/exp6"",""run_tag"":""""},""sys"":{""threads"":1},""logging"":{""level"":""INFO"",""with_timestamp"":true,""with_thread_id"":false}}","{""generator"":""stripe_ctrl_alpha"",""dataset"":""exp6_stripe__nr100000__ns100000__a1_000ep00__g1"",""n_r"":100000,""n_s"":100000,""has_exact_k"":true,""k_target"":200000,""k_achieved"":200000,""alpha_target"":1,""alpha_achieved"":1,""notes"":""control_axis=1, core=[0.45,0.55], g=9.9999e-07, h=9e-06, delta=2.49998e-07, shuffle_strips=1, shuffle_r=0, k_overridden=0""}"
exp6_stripe__nr100000__ns100000__a1_000ep00__g1,stripe,1,100000,100000,ours,adaptive,300000,0,1,1,324.895,200000,1,1,0,0,enumerate_all,200000,"{""build_active_indices_ms"":5.666504,""build_events_ms"":35.159794,""build_ranks_ms"":40.020015,""build_y_domain_ms"":13.959605,""run_build_ms"":95.319758,""run_pilot_enum_prepare_ms"":1.519639,""run_pilot_enum_scan_ms"":226.287530,""run_small_join_sample_from_list_ms"":1.754014}",,"{""dataset"":{""source"":""synthetic"",""name"":""exp6_stripe__nr100000__ns100000__a1_000ep00__g1"",""dim"":2,""path_r"":"""",""path_s"":"""",""synthetic"":{""generator"":""stripe"",""n_r"":100000,""n_s"":100000,""alpha"":1,""seed"":1}},""run"":{""method"":""ours"",""variant"":""adaptive"",""t"":300000,""seed"":1,""repeats"":3,""j_star"":1000000,""enum_cap"":0,""write_samples"":false,""verify"":false},""output"":{""out_dir"":""/home/dhy/PhD/SIGMOD-EXP/EXP-2/run/temp/exp6"",""run_tag"":""""},""sys"":{""threads"":1},""logging"":{""level"":""INFO"",""with_timestamp"":true,""with_thread_id"":false}}","{""generator"":""stripe_ctrl_alpha"",""dataset"":""exp6_stripe__nr100000__ns100000__a1_000ep00__g1"",""n_r"":100000,""n_s"":100000,""has_exact_k"":true,""k_target"":200000,""k_achieved"":200000,""alpha_target"":1,""alpha_achieved"":1,""notes"":""control_axis=1, core=[0.45,0.55], g=9.9999e-07, h=9e-06, delta=2.49998e-07, shuffle_strips=1, shuffle_r=0, k_overridden=0""}"
exp6_stripe__nr100000__ns100000__a1_000ep00__g1,stripe,1,100000,100000,ours,adaptive,300000,1,2,1,375.293,200000,1,1,0,0,enumerate_all,200000,"{""build_active_indices_ms"":5.484879,""build_events_ms"":42.424706,""build_ranks_ms"":41.324978,""build_y_domain_ms"":13.934606,""run_build_ms"":103.678858,""run_pilot_enum_prepare_ms"":1.548038,""run_pilot_enum_scan_ms"":225.555235,""run_small_join_sample_from_list_ms"":1.132237}",,"{""dataset"":{""source"":""synthetic"",""name"":""exp6_stripe__nr100000__ns100000__a1_000ep00__g1"",""dim"":2,""path_r"":"""",""path_s"":"""",""synthetic"":{""generator"":""stripe"",""n_r"":100000,""n_s"":100000,""alpha"":1,""seed"":1}},""run"":{""method"":""ours"",""variant"":""adaptive"",""t"":300000,""seed"":1,""repeats"":3,""j_star"":1000000,""enum_cap"":0,""write_samples"":false,""verify"":false},""output"":{""out_dir"":""/home/dhy/PhD/SIGMOD-EXP/EXP-2/run/temp/exp6"",""run_tag"":""""},""sys"":{""threads"":1},""logging"":{""level"":""INFO"",""with_timestamp"":true,""with_thread_id"":false}}","{""generator"":""stripe_ctrl_alpha"",""dataset"":""exp6_stripe__nr100000__ns100000__a1_000ep00__g1"",""n_r"":100000,""n_s"":100000,""has_exact_k"":true,""k_target"":200000,""k_achieved"":200000,""alpha_target"":1,""alpha_achieved"":1,""notes"":""control_axis=1, core=[0.45,0.55], g=9.9999e-07, h=9e-06, delta=2.49998e-07, shuffle_strips=1, shuffle_r=0, k_overridden=0""}"
exp6_stripe__nr100000__ns100000__a1_000ep00__g1,stripe,1,100000,100000,ours,adaptive,300000,2,3,1,377.422,200000,1,1,0,0,enumerate_all,200000,"{""build_active_indices_ms"":5.515278,""build_events_ms"":43.266599,""build_ranks_ms"":40.035584,""build_y_domain_ms"":13.930506,""run_build_ms"":103.241276,""run_pilot_enum_prepare_ms"":1.533098,""run_pilot_enum_scan_ms"":227.968436,""run_small_join_sample_from_list_ms"":1.329962}",,"{""dataset"":{""source"":""synthetic"",""name"":""exp6_stripe__nr100000__ns100000__a1_000ep00__g1"",""dim"":2,""path_r"":"""",""path_s"":"""",""synthetic"":{""generator"":""stripe"",""n_r"":100000,""n_s"":100000,""alpha"":1,""seed"":1}},""run"":{""method"":""ours"",""variant"":""adaptive"",""t"":300000,""seed"":1,""repeats"":3,""j_star"":1000000,""enum_cap"":0,""write_samples"":false,""verify"":false},""output"":{""out_dir"":""/home/dhy/PhD/SIGMOD-EXP/EXP-2/run/temp/exp6"",""run_tag"":""""},""sys"":{""threads"":1},""logging"":{""level"":""INFO"",""with_timestamp"":true,""with_thread_id"":false}}","{""generator"":""stripe_ctrl_alpha"",""dataset"":""exp6_stripe__nr100000__ns100000__a1_000ep00__g1"",""n_r"":100000,""n_s"":100000,""has_exact_k"":true,""k_target"":200000,""k_achieved"":200000,""alpha_target"":1,""alpha_achieved"":1,""notes"":""control_axis=1, core=[0.45,0.55], g=9.9999e-07, h=9e-06, delta=2.49998e-07, shuffle_strips=1, shuffle_r=0, k_overridden=0""}"
exp6_stripe__nr100000__ns100000__a1_000ep00__g1,stripe,1,100000,100000,ours,sampling,1000000,0,1,1,511.741,200000,1,0,0,0,,0,"{""build_active_indices_ms"":9.725522,""build_events_ms"":35.062135,""build_ranks_ms"":40.049974,""build_y_domain_ms"":13.930287,""phase1_count_ms"":224.067415,""phase2_plan_ms"":31.840851,""phase3_sample_ms"":156.265805,""run_build_ms"":99.286488,""run_count_ms"":224.071696,""run_sample_ms"":188.378851}",,"{""dataset"":{""source"":""synthetic"",""name"":""exp6_stripe__nr100000__ns100000__a1_000ep00__g1"",""dim"":2,""path_r"":"""",""path_s"":"""",""synthetic"":{""generator"":""stripe"",""n_r"":100000,""n_s"":100000,""alpha"":1,""seed"":1}},""run"":{""method"":""ours"",""variant"":""sampling"",""t"":1000000,""seed"":1,""repeats"":3,""j_star"":1000000,""enum_cap"":0,""write_samples"":false,""verify"":false},""output"":{""out_dir"":""/home/dhy/PhD/SIGMOD-EXP/EXP-2/run/temp/exp6"",""run_tag"":""""},""sys"":{""threads"":1},""logging"":{""level"":""INFO"",""with_timestamp"":true,""with_thread_id"":false}}","{""generator"":""stripe_ctrl_alpha"",""dataset"":""exp6_stripe__nr100000__ns100000__a1_000ep00__g1"",""n_r"":100000,""n_s"":100000,""has_exact_k"":true,""k_target"":200000,""k_achieved"":200000,""alpha_target"":1,""alpha_achieved"":1,""notes"":""control_axis=1, core=[0.45,0.55], g=9.9999e-07, h=9e-06, delta=2.49998e-07, shuffle_strips=1, shuffle_r=0, k_overridden=0""}"
exp6_stripe__nr100000__ns100000__a1_000ep00__g1,stripe,1,100000,100000,ours,sampling,1000000,1,2,1,558.695,200000,1,0,0,0,,0,"{""build_active_indices_ms"":5.535778,""build_events_ms"":42.857307,""build_ranks_ms"":40.036814,""build_y_domain_ms"":13.954875,""phase1_count_ms"":223.151904,""phase2_plan_ms"":27.723516,""phase3_sample_ms"":155.908013,""run_build_ms"":102.876745,""run_count_ms"":223.154313,""run_sample_ms"":184.983641}",,"{""dataset"":{""source"":""synthetic"",""name"":""exp6_stripe__nr100000__ns100000__a1_000ep00__g1"",""dim"":2,""path_r"":"""",""path_s"":"""",""synthetic"":{""generator"":""stripe"",""n_r"":100000,""n_s"":100000,""alpha"":1,""seed"":1}},""run"":{""method"":""ours"",""variant"":""sampling"",""t"":1000000,""seed"":1,""repeats"":3,""j_star"":1000000,""enum_cap"":0,""write_samples"":false,""verify"":false},""output"":{""out_dir"":""/home/dhy/PhD/SIGMOD-EXP/EXP-2/run/temp/exp6"",""run_tag"":""""},""sys"":{""threads"":1},""logging"":{""level"":""INFO"",""with_timestamp"":true,""with_thread_id"":false}}","{""generator"":""stripe_ctrl_alpha"",""dataset"":""exp6_stripe__nr100000__ns100000__a1_000ep00__g1"",""n_r"":100000,""n_s"":100000,""has_exact_k"":true,""k_target"":200000,""k_achieved"":200000,""alpha_target"":1,""alpha_achieved"":1,""notes"":""control_axis=1, core=[0.45,0.55], g=9.9999e-07, h=9e-06, delta=2.49998e-07, shuffle_strips=1, shuffle_r=0, k_overridden=0""}"
exp6_stripe__nr100000__ns100000__a1_000ep00__g1,stripe,1,100000,100000,ours,sampling,1000000,2,3,1,556.385,200000,1,0,0,0,,0,"{""build_active_indices_ms"":5.538257,""build_events_ms"":42.250210,""build_ranks_ms"":40.052804,""build_y_domain_ms"":13.949366,""phase1_count_ms"":224.978177,""phase2_plan_ms"":27.322694,""phase3_sample_ms"":156.405254,""run_build_ms"":102.284206,""run_count_ms"":224.982027,""run_sample_ms"":183.999111}",,"{""dataset"":{""source"":""synthetic"",""name"":""exp6_stripe__nr100000__ns100000__a1_000ep00__g1"",""dim"":2,""path_r"":"""",""path_s"":"""",""synthetic"":{""generator"":""stripe"",""n_r"":100000,""n_s"":100000,""alpha"":1,""seed"":1}},""run"":{""method"":""ours"",""variant"":""sampling"",""t"":1000000,""seed"":1,""repeats"":3,""j_star"":1000000,""enum_cap"":0,""write_samples"":false,""verify"":false},""output"":{""out_dir"":""/home/dhy/PhD/SIGMOD-EXP/EXP-2/run/temp/exp6"",""run_tag"":""""},""sys"":{""threads"":1},""logging"":{""level"":""INFO"",""with_timestamp"":true,""with_thread_id"":false}}","{""generator"":""stripe_ctrl_alpha"",""dataset"":""exp6_stripe__nr100000__ns100000__a1_000ep00__g1"",""n_r"":100000,""n_s"":100000,""has_exact_k"":true,""k_target"":200000,""k_achieved"":200000,""alpha_target"":1,""alpha_achieved"":1,""notes"":""control_axis=1, core=[0.45,0.55], g=9.9999e-07, h=9e-06, delta=2.49998e-07, shuffle_strips=1, shuffle_r=0, k_overridden=0""}"
exp6_stripe__nr100000__ns100000__a1_000ep00__g1,stripe,1,100000,100000,ours,enum_sampling,1000000,0,1,1,527.467,200000,1,1,0,0,,0,"{""build_active_indices_ms"":9.633063,""build_events_ms"":35.161693,""build_ranks_ms"":40.034874,""build_y_domain_ms"":13.932657,""run_build_ms"":99.153289,""run_draw_ranks_ms"":96.943345,""run_enum_pass1_count_ms"":225.122214,""run_enum_pass2_select_ms"":99.849416,""run_enum_prepare_ms"":1.553929}",,"{""dataset"":{""source"":""synthetic"",""name"":""exp6_stripe__nr100000__ns100000__a1_000ep00__g1"",""dim"":2,""path_r"":"""",""path_s"":"""",""synthetic"":{""generator"":""stripe"",""n_r"":100000,""n_s"":100000,""alpha"":1,""seed"":1}},""run"":{""method"":""ours"",""variant"":""enum_sampling"",""t"":1000000,""seed"":1,""repeats"":3,""j_star"":1000000,""enum_cap"":0,""write_samples"":false,""verify"":false},""output"":{""out_dir"":""/home/dhy/PhD/SIGMOD-EXP/EXP-2/run/temp/exp6"",""run_tag"":""""},""sys"":{""threads"":1},""logging"":{""level"":""INFO"",""with_timestamp"":true,""with_thread_id"":false}}","{""generator"":""stripe_ctrl_alpha"",""dataset"":""exp6_stripe__nr100000__ns100000__a1_000ep00__g1"",""n_r"":100000,""n_s"":100000,""has_exact_k"":true,""k_target"":200000,""k_achieved"":200000,""alpha_target"":1,""alpha_achieved"":1,""notes"":""control_axis=1, core=[0.45,0.55], g=9.9999e-07, h=9e-06, delta=2.49998e-07, shuffle_strips=1, shuffle_r=0, k_overridden=0""}"
exp6_stripe__nr100000__ns100000__a1_000ep00__g1,stripe,1,100000,100000,ours,enum_sampling,1000000,1,2,1,573.159,200000,1,1,0,0,,0,"{""build_active_indices_ms"":5.505869,""build_events_ms"":42.391686,""build_ranks_ms"":40.076503,""build_y_domain_ms"":13.924236,""run_build_ms"":102.290147,""run_draw_ranks_ms"":96.343667,""run_enum_pass1_count_ms"":227.957416,""run_enum_pass2_select_ms"":100.348575,""run_enum_prepare_ms"":1.534878}",,"{""dataset"":{""source"":""synthetic"",""name"":""exp6_stripe__nr100000__ns100000__a1_000ep00__g1"",""dim"":2,""path_r"":"""",""path_s"":"""",""synthetic"":{""generator"":""stripe"",""n_r"":100000,""n_s"":100000,""alpha"":1,""seed"":1}},""run"":{""method"":""ours"",""variant"":""enum_sampling"",""t"":1000000,""seed"":1,""repeats"":3,""j_star"":1000000,""enum_cap"":0,""write_samples"":false,""verify"":false},""output"":{""out_dir"":""/home/dhy/PhD/SIGMOD-EXP/EXP-2/run/temp/exp6"",""run_tag"":""""},""sys"":{""threads"":1},""logging"":{""level"":""INFO"",""with_timestamp"":true,""with_thread_id"":false}}","{""generator"":""stripe_ctrl_alpha"",""dataset"":""exp6_stripe__nr100000__ns100000__a1_000ep00__g1"",""n_r"":100000,""n_s"":100000,""has_exact_k"":true,""k_target"":200000,""k_achieved"":200000,""alpha_target"":1,""alpha_achieved"":1,""notes"":""control_axis=1, core=[0.45,0.55], g=9.9999e-07, h=9e-06, delta=2.49998e-07, shuffle_strips=1, shuffle_r=0, k_overridden=0""}"
exp6_stripe__nr100000__ns100000__a1_000ep00__g1,stripe,1,100000,100000,ours,enum_sampling,1000000,2,3,1,568.804,200000,1,1,0,0,,0,"{""build_active_indices_ms"":5.430529,""build_events_ms"":42.432165,""build_ranks_ms"":40.046135,""build_y_domain_ms"":13.947005,""run_build_ms"":102.242207,""run_draw_ranks_ms"":96.620862,""run_enum_pass1_count_ms"":224.046165,""run_enum_pass2_select_ms"":100.111790,""run_enum_prepare_ms"":1.519369}",,"{""dataset"":{""source"":""synthetic"",""name"":""exp6_stripe__nr100000__ns100000__a1_000ep00__g1"",""dim"":2,""path_r"":"""",""path_s"":"""",""synthetic"":{""generator"":""stripe"",""n_r"":100000,""n_s"":100000,""alpha"":1,""seed"":1}},""run"":{""method"":""ours"",""variant"":""enum_sampling"",""t"":1000000,""seed"":1,""repeats"":3,""j_star"":1000000,""enum_cap"":0,""write_samples"":false,""verify"":false},""output"":{""out_dir"":""/home/dhy/PhD/SIGMOD-EXP/EXP-2/run/temp/exp6"",""run_tag"":""""},""sys"":{""threads"":1},""logging"":{""level"":""INFO"",""with_timestamp"":true,""with_thread_id"":false}}","{""generator"":""stripe_ctrl_alpha"",""dataset"":""exp6_stripe__nr100000__ns100000__a1_000ep00__g1"",""n_r"":100000,""n_s"":100000,""has_exact_k"":true,""k_target"":200000,""k_achieved"":200000,""alpha_target"":1,""alpha_achieved"":1,""notes"":""control_axis=1, core=[0.45,0.55], g=9.9999e-07, h=9e-06, delta=2.49998e-07, shuffle_strips=1, shuffle_r=0, k_overridden=0""}"
exp6_stripe__nr100000__ns100000__a1_000ep00__g1,stripe,1,100000,100000,ours,adaptive,1000000,0,1,1,331.524,200000,1,1,0,0,enumerate_all,200000,"{""build_active_indices_ms"":7.076917,""build_events_ms"":35.167733,""build_ranks_ms"":40.024374,""build_y_domain_ms"":13.950016,""run_build_ms"":96.730960,""run_pilot_enum_prepare_ms"":1.541869,""run_pilot_enum_scan_ms"":228.958096,""run_small_join_sample_from_list_ms"":4.268913}",,"{""dataset"":{""source"":""synthetic"",""name"":""exp6_stripe__nr100000__ns100000__a1_000ep00__g1"",""dim"":2,""path_r"":"""",""path_s"":"""",""synthetic"":{""generator"":""stripe"",""n_r"":100000,""n_s"":100000,""alpha"":1,""seed"":1}},""run"":{""method"":""ours"",""variant"":""adaptive"",""t"":1000000,""seed"":1,""repeats"":3,""j_star"":1000000,""enum_cap"":0,""write_samples"":false,""verify"":false},""output"":{""out_dir"":""/home/dhy/PhD/SIGMOD-EXP/EXP-2/run/temp/exp6"",""run_tag"":""""},""sys"":{""threads"":1},""logging"":{""level"":""INFO"",""with_timestamp"":true,""with_thread_id"":false}}","{""generator"":""stripe_ctrl_alpha"",""dataset"":""exp6_stripe__nr100000__ns100000__a1_000ep00__g1"",""n_r"":100000,""n_s"":100000,""has_exact_k"":true,""k_target"":200000,""k_achieved"":200000,""alpha_target"":1,""alpha_achieved"":1,""notes"":""control_axis=1, core=[0.45,0.55], g=9.9999e-07, h=9e-06, delta=2.49998e-07, shuffle_strips=1, shuffle_r=0, k_overridden=0""}"
exp6_stripe__nr100000__ns100000__a1_000ep00__g1,stripe,1,100000,100000,ours,adaptive,1000000,1,2,1,381.018,200000,1,1,0,0,enumerate_all,200000,"{""build_active_indices_ms"":5.524567,""build_events_ms"":43.686241,""build_ranks_ms"":40.011735,""build_y_domain_ms"":13.942616,""run_build_ms"":103.659699,""run_pilot_enum_prepare_ms"":1.548988,""run_pilot_enum_scan_ms"":228.404508,""run_small_join_sample_from_list_ms"":3.203415}",,"{""dataset"":{""source"":""synthetic"",""name"":""exp6_stripe__nr100000__ns100000__a1_000ep00__g1"",""dim"":2,""path_r"":"""",""path_s"":"""",""synthetic"":{""generator"":""stripe"",""n_r"":100000,""n_s"":100000,""alpha"":1,""seed"":1}},""run"":{""method"":""ours"",""variant"":""adaptive"",""t"":1000000,""seed"":1,""repeats"":3,""j_star"":1000000,""enum_cap"":0,""write_samples"":false,""verify"":false},""output"":{""out_dir"":""/home/dhy/PhD/SIGMOD-EXP/EXP-2/run/temp/exp6"",""run_tag"":""""},""sys"":{""threads"":1},""logging"":{""level"":""INFO"",""with_timestamp"":true,""with_thread_id"":false}}","{""generator"":""stripe_ctrl_alpha"",""dataset"":""exp6_stripe__nr100000__ns100000__a1_000ep00__g1"",""n_r"":100000,""n_s"":100000,""has_exact_k"":true,""k_target"":200000,""k_achieved"":200000,""alpha_target"":1,""alpha_achieved"":1,""notes"":""control_axis=1, core=[0.45,0.55], g=9.9999e-07, h=9e-06, delta=2.49998e-07, shuffle_strips=1, shuffle_r=0, k_overridden=0""}"
exp6_stripe__nr100000__ns100000__a1_000ep00__g1,stripe,1,100000,100000,ours,adaptive,1000000,2,3,1,381.682,200000,1,1,0,0,enumerate_all,200000,"{""build_active_indices_ms"":5.548037,""build_events_ms"":42.560063,""build_ranks_ms"":40.025455,""build_y_domain_ms"":13.929225,""run_build_ms"":102.559411,""run_pilot_enum_prepare_ms"":1.538848,""run_pilot_enum_scan_ms"":227.960957,""run_small_join_sample_from_list_ms"":4.128036}",,"{""dataset"":{""source"":""synthetic"",""name"":""exp6_stripe__nr100000__ns100000__a1_000ep00__g1"",""dim"":2,""path_r"":"""",""path_s"":"""",""synthetic"":{""generator"":""stripe"",""n_r"":100000,""n_s"":100000,""alpha"":1,""seed"":1}},""run"":{""method"":""ours"",""variant"":""adaptive"",""t"":1000000,""seed"":1,""repeats"":3,""j_star"":1000000,""enum_cap"":0,""write_samples"":false,""verify"":false},""output"":{""out_dir"":""/home/dhy/PhD/SIGMOD-EXP/EXP-2/run/temp/exp6"",""run_tag"":""""},""sys"":{""threads"":1},""logging"":{""level"":""INFO"",""with_timestamp"":true,""with_thread_id"":false}}","{""generator"":""stripe_ctrl_alpha"",""dataset"":""exp6_stripe__nr100000__ns100000__a1_000ep00__g1"",""n_r"":100000,""n_s"":100000,""has_exact_k"":true,""k_target"":200000,""k_achieved"":200000,""alpha_target"":1,""alpha_achieved"":1,""notes"":""control_axis=1, core=[0.45,0.55], g=9.9999e-07, h=9e-06, delta=2.49998e-07, shuffle_strips=1, shuffle_r=0, k_overridden=0""}"
exp6_stripe__nr100000__ns100000__a3_000ep00__g1,stripe,3,100000,100000,ours,sampling,1000,0,1,1,462.362,600000,1,0,0,0,,0,"{""build_active_indices_ms"":10.903888,""build_events_ms"":34.490398,""build_ranks_ms"":40.102953,""build_y_domain_ms"":13.931796,""phase1_count_ms"":222.842401,""phase2_plan_ms"":4.997728,""phase3_sample_ms"":134.568829,""run_build_ms"":99.937754,""run_count_ms"":222.846831,""run_sample_ms"":139.573957}",,"{""dataset"":{""source"":""synthetic"",""name"":""exp6_stripe__nr100000__ns100000__a3_000ep00__g1"",""dim"":2,""path_r"":"""",""path_s"":"""",""synthetic"":{""generator"":""stripe"",""n_r"":100000,""n_s"":100000,""alpha"":3,""seed"":1}},""run"":{""method"":""ours"",""variant"":""sampling"",""t"":1000,""seed"":1,""repeats"":3,""j_star"":1000000,""enum_cap"":0,""write_samples"":false,""verify"":false},""output"":{""out_dir"":""/home/dhy/PhD/SIGMOD-EXP/EXP-2/run/temp/exp6"",""run_tag"":""""},""sys"":{""threads"":1},""logging"":{""level"":""INFO"",""with_timestamp"":true,""with_thread_id"":false}}","{""generator"":""stripe_ctrl_alpha"",""dataset"":""exp6_stripe__nr100000__ns100000__a3_000ep00__g1"",""n_r"":100000,""n_s"":100000,""has_exact_k"":true,""k_target"":600000,""k_achieved"":600000,""alpha_target"":3,""alpha_achieved"":3,""notes"":""control_axis=1, core=[0.45,0.55], g=9.9999e-07, h=9e-06, delta=2.49998e-07, shuffle_strips=1, shuffle_r=0, k_overridden=0""}"
exp6_stripe__nr100000__ns100000__a3_000ep00__g1,stripe,3,100000,100000,ours,sampling,1000,1,2,1,510.867,600000,1,0,0,0,,0,"{""build_active_indices_ms"":5.520078,""build_events_ms"":43.095062,""build_ranks_ms"":40.072054,""build_y_domain_ms"":13.964866,""phase1_count_ms"":225.700212,""phase2_plan_ms"":4.377350,""phase3_sample_ms"":134.716626,""run_build_ms"":103.161419,""run_count_ms"":225.704672,""run_sample_ms"":139.101027}",,"{""dataset"":{""source"":""synthetic"",""name"":""exp6_stripe__nr100000__ns100000__a3_000ep00__g1"",""dim"":2,""path_r"":"""",""path_s"":"""",""synthetic"":{""generator"":""stripe"",""n_r"":100000,""n_s"":100000,""alpha"":3,""seed"":1}},""run"":{""method"":""ours"",""variant"":""sampling"",""t"":1000,""seed"":1,""repeats"":3,""j_star"":1000000,""enum_cap"":0,""write_samples"":false,""verify"":false},""output"":{""out_dir"":""/home/dhy/PhD/SIGMOD-EXP/EXP-2/run/temp/exp6"",""run_tag"":""""},""sys"":{""threads"":1},""logging"":{""level"":""INFO"",""with_timestamp"":true,""with_thread_id"":false}}","{""generator"":""stripe_ctrl_alpha"",""dataset"":""exp6_stripe__nr100000__ns100000__a3_000ep00__g1"",""n_r"":100000,""n_s"":100000,""has_exact_k"":true,""k_target"":600000,""k_achieved"":600000,""alpha_target"":3,""alpha_achieved"":3,""notes"":""control_axis=1, core=[0.45,0.55], g=9.9999e-07, h=9e-06, delta=2.49998e-07, shuffle_strips=1, shuffle_r=0, k_overridden=0""}"
exp6_stripe__nr100000__ns100000__a3_000ep00__g1,stripe,3,100000,100000,ours,sampling,1000,2,3,1,506.576,600000,1,0,0,0,,0,"{""build_active_indices_ms"":5.551277,""build_events_ms"":41.971435,""build_ranks_ms"":40.051624,""build_y_domain_ms"":13.951886,""phase1_count_ms"":222.253392,""phase2_plan_ms"":4.365801,""phase3_sample_ms"":135.148327,""run_build_ms"":102.024742,""run_count_ms"":222.256642,""run_sample_ms"":139.521718}",,"{""dataset"":{""source"":""synthetic"",""name"":""exp6_stripe__nr100000__ns100000__a3_000ep00__g1"",""dim"":2,""path_r"":"""",""path_s"":"""",""synthetic"":{""generator"":""stripe"",""n_r"":100000,""n_s"":100000,""alpha"":3,""seed"":1}},""run"":{""method"":""ours"",""variant"":""sampling"",""t"":1000,""seed"":1,""repeats"":3,""j_star"":1000000,""enum_cap"":0,""write_samples"":false,""verify"":false},""output"":{""out_dir"":""/home/dhy/PhD/SIGMOD-EXP/EXP-2/run/temp/exp6"",""run_tag"":""""},""sys"":{""threads"":1},""logging"":{""level"":""INFO"",""with_timestamp"":true,""with_thread_id"":false}}","{""generator"":""stripe_ctrl_alpha"",""dataset"":""exp6_stripe__nr100000__ns100000__a3_000ep00__g1"",""n_r"":100000,""n_s"":100000,""has_exact_k"":true,""k_target"":600000,""k_achieved"":600000,""alpha_target"":3,""alpha_achieved"":3,""notes"":""control_axis=1, core=[0.45,0.55], g=9.9999e-07, h=9e-06, delta=2.49998e-07, shuffle_strips=1, shuffle_r=0, k_overridden=0""}"
exp6_stripe__nr100000__ns100000__a3_000ep00__g1,stripe,3,100000,100000,ours,enum_sampling,1000,0,1,1,428.49,600000,1,1,0,0,,0,"{""build_active_indices_ms"":9.595405,""build_events_ms"":34.500288,""build_ranks_ms"":40.075274,""build_y_domain_ms"":13.956885,""run_build_ms"":98.517783,""run_draw_ranks_ms"":0.048179,""run_enum_pass1_count_ms"":231.445217,""run_enum_pass2_select_ms"":96.902206,""run_enum_prepare_ms"":1.559719}",,"{""dataset"":{""source"":""synthetic"",""name"":""exp6_stripe__nr100000__ns100000__a3_000ep00__g1"",""dim"":2,""path_r"":"""",""path_s"":"""",""synthetic"":{""generator"":""stripe"",""n_r"":100000,""n_s"":100000,""alpha"":3,""seed"":1}},""run"":{""method"":""ours"",""variant"":""enum_sampling"",""t"":1000,""seed"":1,""repeats"":3,""j_star"":1000000,""enum_cap"":0,""write_samples"":false,""verify"":false},""output"":{""out_dir"":""/home/dhy/PhD/SIGMOD-EXP/EXP-2/run/temp/exp6"",""run_tag"":""""},""sys"":{""threads"":1},""logging"":{""level"":""INFO"",""with_timestamp"":true,""with_thread_id"":false}}","{""generator"":""stripe_ctrl_alpha"",""dataset"":""exp6_stripe__nr100000__ns100000__a3_000ep00__g1"",""n_r"":100000,""n_s"":100000,""has_exact_k"":true,""k_target"":600000,""k_achieved"":600000,""alpha_target"":3,""alpha_achieved"":3,""notes"":""control_axis=1, core=[0.45,0.55], g=9.9999e-07, h=9e-06, delta=2.49998e-07, shuffle_strips=1, shuffle_r=0, k_overridden=0""}"
exp6_stripe__nr100000__ns100000__a3_000ep00__g1,stripe,3,100000,100000,ours,enum_sampling,1000,1,2,1,475.065,600000,1,1,0,0,,0,"{""build_active_indices_ms"":5.537188,""build_events_ms"":43.720240,""build_ranks_ms"":40.087484,""build_y_domain_ms"":13.947416,""run_build_ms"":103.679709,""run_draw_ranks_ms"":0.046869,""run_enum_pass1_count_ms"":229.921346,""run_enum_pass2_select_ms"":96.137112,""run_enum_prepare_ms"":1.531769}",,"{""dataset"":{""source"":""synthetic"",""name"":""exp6_stripe__nr100000__ns100000__a3_000ep00__g1"",""dim"":2,""path_r"":"""",""path_s"":"""",""synthetic"":{""generator"":""stripe"",""n_r"":100000,""n_s"":100000,""alpha"":3,""seed"":1}},""run"":{""method"":""ours"",""variant"":""enum_sampling"",""t"":1000,""seed"":1,""repeats"":3,""j_star"":1000000,""enum_cap"":0,""write_samples"":false,""verify"":false},""output"":{""out_dir"":""/home/dhy/PhD/SIGMOD-EXP/EXP-2/run/temp/exp6"",""run_tag"":""""},""sys"":{""threads"":1},""logging"":{""level"":""INFO"",""with_timestamp"":true,""with_thread_id"":false}}","{""generator"":""stripe_ctrl_alpha"",""dataset"":""exp6_stripe__nr100000__ns100000__a3_000ep00__g1"",""n_r"":100000,""n_s"":100000,""has_exact_k"":true,""k_target"":600000,""k_achieved"":600000,""alpha_target"":3,""alpha_achieved"":3,""notes"":""control_axis=1, core=[0.45,0.55], g=9.9999e-07, h=9e-06, delta=2.49998e-07, shuffle_strips=1, shuffle_r=0, k_overridden=0""}"
exp6_stripe__nr100000__ns100000__a3_000ep00__g1,stripe,3,100000,100000,ours,enum_sampling,1000,2,3,1,474.41,600000,1,1,0,0,,0,"{""build_active_indices_ms"":5.526638,""build_events_ms"":41.970494,""build_ranks_ms"":40.045134,""build_y_domain_ms"":13.943976,""run_build_ms"":101.876194,""run_draw_ranks_ms"":0.046779,""run_enum_pass1_count_ms"":229.292049,""run_enum_pass2_select_ms"":98.039723,""run_enum_prepare_ms"":1.514739}",,"{""dataset"":{""source"":""synthetic"",""name"":""exp6_stripe__nr100000__ns100000__a3_000ep00__g1"",""dim"":2,""path_r"":"""",""path_s"":"""",""synthetic"":{""generator"":""stripe"",""n_r"":100000,""n_s"":100000,""alpha"":3,""seed"":1}},""run"":{""method"":""ours"",""variant"":""enum_sampling"",""t"":1000,""seed"":1,""repeats"":3,""j_star"":1000000,""enum_cap"":0,""write_samples"":false,""verify"":false},""output"":{""out_dir"":""/home/dhy/PhD/SIGMOD-EXP/EXP-2/run/temp/exp6"",""run_tag"":""""},""sys"":{""threads"":1},""logging"":{""level"":""INFO"",""with_timestamp"":true,""with_thread_id"":false}}","{""generator"":""stripe_ctrl_alpha"",""dataset"":""exp6_stripe__nr100000__ns100000__a3_000ep00__g1"",""n_r"":100000,""n_s"":100000,""has_exact_k"":true,""k_target"":600000,""k_achieved"":600000,""alpha_target"":3,""alpha_achieved"":3,""notes"":""control_axis=1, core=[0.45,0.55], g=9.9999e-07, h=9e-06, delta=2.49998e-07, shuffle_strips=1, shuffle_r=0, k_overridden=0""}"
exp6_stripe__nr100000__ns100000__a3_000ep00__g1,stripe,3,100000,100000,ours,adaptive,1000,0,1,1,328.814,600000,1,1,0,0,enumerate_all,600000,"{""build_active_indices_ms"":5.680514,""build_events_ms"":34.474598,""build_ranks_ms"":40.065285,""build_y_domain_ms"":13.937625,""run_build_ms"":94.681762,""run_pilot_enum_prepare_ms"":1.513629,""run_pilot_enum_scan_ms"":232.584963,""run_small_join_sample_from_list_ms"":0.017829}",,"{""dataset"":{""source"":""synthetic"",""name"":""exp6_stripe__nr100000__ns100000__a3_000ep00__g1"",""dim"":2,""path_r"":"""",""path_s"":"""",""synthetic"":{""generator"":""stripe"",""n_r"":100000,""n_s"":100000,""alpha"":3,""seed"":1}},""run"":{""method"":""ours"",""variant"":""adaptive"",""t"":1000,""seed"":1,""repeats"":3,""j_star"":1000000,""enum_cap"":0,""write_samples"":false,""verify"":false},""output"":{""out_dir"":""/home/dhy/PhD/SIGMOD-EXP/EXP-2/run/temp/exp6"",""run_tag"":""""},""sys"":{""threads"":1},""logging"":{""level"":""INFO"",""with_timestamp"":true,""with_thread_id"":false}}","{""generator"":""stripe_ctrl_alpha"",""dataset"":""exp6_stripe__nr100000__ns100000__a3_000ep00__g1"",""n_r"":100000,""n_s"":100000,""has_exact_k"":true,""k_target"":600000,""k_achieved"":600000,""alpha_target"":3,""alpha_achieved"":3,""notes"":""control_axis=1, core=[0.45,0.55], g=9.9999e-07, h=9e-06, delta=2.49998e-07, shuffle_strips=1, shuffle_r=0, k_overridden=0""}"
exp6_stripe__nr100000__ns100000__a3_000ep00__g1,stripe,3,100000,100000,ours,adaptive,1000,1,2,1,380.559,600000,1,1,0,0,enumerate_all,600000,"{""build_active_indices_ms"":5.540717,""build_events_ms"":42.039693,""build_ranks_ms"":40.082073,""build_y_domain_ms"":13.960956,""run_build_ms"":102.121340,""run_pilot_enum_prepare_ms"":1.544718,""run_pilot_enum_scan_ms"":233.190331,""run_small_join_sample_from_list_ms"":0.017219}",,"{""dataset"":{""source"":""synthetic"",""name"":""exp6_stripe__nr100000__ns100000__a3_000ep00__g1"",""dim"":2,""path_r"":"""",""path_s"":"""",""synthetic"":{""generator"":""stripe"",""n_r"":100000,""n_s"":100000,""alpha"":3,""seed"":1}},""run"":{""method"":""ours"",""variant"":""adaptive"",""t"":1000,""seed"":1,""repeats"":3,""j_star"":1000000,""enum_cap"":0,""write_samples"":false,""verify"":false},""output"":{""out_dir"":""/home/dhy/PhD/SIGMOD-EXP/EXP-2/run/temp/exp6"",""run_tag"":""""},""sys"":{""threads"":1},""logging"":{""level"":""INFO"",""with_timestamp"":true,""with_thread_id"":false}}","{""generator"":""stripe_ctrl_alpha"",""dataset"":""exp6_stripe__nr100000__ns100000__a3_000ep00__g1"",""n_r"":100000,""n_s"":100000,""has_exact_k"":true,""k_target"":600000,""k_achieved"":600000,""alpha_target"":3,""alpha_achieved"":3,""notes"":""control_axis=1, core=[0.45,0.55], g=9.9999e-07, h=9e-06, delta=2.49998e-07, shuffle_strips=1, shuffle_r=0, k_overridden=0""}"
exp6_stripe__nr100000__ns100000__a3_000ep00__g1,stripe,3,100000,100000,ours,adaptive,1000,2,3,1,379.792,600000,1,1,0,0,enumerate_all,600000,"{""build_active_indices_ms"":5.542447,""build_events_ms"":41.959576,""build_ranks_ms"":40.060314,""build_y_domain_ms"":13.952796,""run_build_ms"":102.023093,""run_pilot_enum_prepare_ms"":1.505649,""run_pilot_enum_scan_ms"":233.491324,""run_small_join_sample_from_list_ms"":0.017519}",,"{""dataset"":{""source"":""synthetic"",""name"":""exp6_stripe__nr100000__ns100000__a3_000ep00__g1"",""dim"":2,""path_r"":"""",""path_s"":"""",""synthetic"":{""generator"":""stripe"",""n_r"":100000,""n_s"":100000,""alpha"":3,""seed"":1}},""run"":{""method"":""ours"",""variant"":""adaptive"",""t"":1000,""seed"":1,""repeats"":3,""j_star"":1000000,""enum_cap"":0,""write_samples"":false,""verify"":false},""output"":{""out_dir"":""/home/dhy/PhD/SIGMOD-EXP/EXP-2/run/temp/exp6"",""run_tag"":""""},""sys"":{""threads"":1},""logging"":{""level"":""INFO"",""with_timestamp"":true,""with_thread_id"":false}}","{""generator"":""stripe_ctrl_alpha"",""dataset"":""exp6_stripe__nr100000__ns100000__a3_000ep00__g1"",""n_r"":100000,""n_s"":100000,""has_exact_k"":true,""k_target"":600000,""k_achieved"":600000,""alpha_target"":3,""alpha_achieved"":3,""notes"":""control_axis=1, core=[0.45,0.55], g=9.9999e-07, h=9e-06, delta=2.49998e-07, shuffle_strips=1, shuffle_r=0, k_overridden=0""}"
exp6_stripe__nr100000__ns100000__a3_000ep00__g1,stripe,3,100000,100000,ours,sampling,3000,0,1,1,462.567,600000,1,0,0,0,,0,"{""build_active_indices_ms"":9.523226,""build_events_ms"":34.502278,""build_ranks_ms"":39.960716,""build_y_domain_ms"":13.932636,""phase1_count_ms"":223.790271,""phase2_plan_ms"":5.804382,""phase3_sample_ms"":134.521000,""run_build_ms"":98.434366,""run_count_ms"":223.795251,""run_sample_ms"":140.333572}",,"{""dataset"":{""source"":""synthetic"",""name"":""exp6_stripe__nr100000__ns100000__a3_000ep00__g1"",""dim"":2,""path_r"":"""",""path_s"":"""",""synthetic"":{""generator"":""stripe"",""n_r"":100000,""n_s"":100000,""alpha"":3,""seed"":1}},""run"":{""method"":""ours"",""variant"":""sampling"",""t"":3000,""seed"":1,""repeats"":3,""j_star"":1000000,""enum_cap"":0,""write_samples"":false,""verify"":false},""output"":{""out_dir"":""/home/dhy/PhD/SIGMOD-EXP/EXP-2/run/temp/exp6"",""run_tag"":""""},""sys"":{""threads"":1},""logging"":{""level"":""INFO"",""with_timestamp"":true,""with_thread_id"":false}}","{""generator"":""stripe_ctrl_alpha"",""dataset"":""exp6_stripe__nr100000__ns100000__a3_000ep00__g1"",""n_r"":100000,""n_s"":100000,""has_exact_k"":true,""k_target"":600000,""k_achieved"":600000,""alpha_target"":3,""alpha_achieved"":3,""notes"":""control_axis=1, core=[0.45,0.55], g=9.9999e-07, h=9e-06, delta=2.49998e-07, shuffle_strips=1, shuffle_r=0, k_overridden=0""}"
exp6_stripe__nr100000__ns100000__a3_000ep00__g1,stripe,3,100000,100000,ours,sampling,3000,1,2,1,508.759,600000,1,0,0,0,,0,"{""build_active_indices_ms"":5.385910,""build_events_ms"":42.165081,""build_ranks_ms"":39.922907,""build_y_domain_ms"":13.924506,""phase1_count_ms"":224.442598,""phase2_plan_ms"":4.455950,""phase3_sample_ms"":135.231075,""run_build_ms"":101.903925,""run_count_ms"":224.447059,""run_sample_ms"":139.694205}",,"{""dataset"":{""source"":""synthetic"",""name"":""exp6_stripe__nr100000__ns100000__a3_000ep00__g1"",""dim"":2,""path_r"":"""",""path_s"":"""",""synthetic"":{""generator"":""stripe"",""n_r"":100000,""n_s"":100000,""alpha"":3,""seed"":1}},""run"":{""method"":""ours"",""variant"":""sampling"",""t"":3000,""seed"":1,""repeats"":3,""j_star"":1000000,""enum_cap"":0,""write_samples"":false,""verify"":false},""output"":{""out_dir"":""/home/dhy/PhD/SIGMOD-EXP/EXP-2/run/temp/exp6"",""run_tag"":""""},""sys"":{""threads"":1},""logging"":{""level"":""INFO"",""with_timestamp"":true,""with_thread_id"":false}}","{""generator"":""stripe_ctrl_alpha"",""dataset"":""exp6_stripe__nr100000__ns100000__a3_000ep00__g1"",""n_r"":100000,""n_s"":100000,""has_exact_k"":true,""k_target"":600000,""k_achieved"":600000,""alpha_target"":3,""alpha_achieved"":3,""notes"":""control_axis=1, core=[0.45,0.55], g=9.9999e-07, h=9e-06, delta=2.49998e-07, shuffle_strips=1, shuffle_r=0, k_overridden=0""}"
exp6_stripe__nr100000__ns100000__a3_000ep00__g1,stripe,3,100000,100000,ours,sampling,3000,2,3,1,506.225,600000,1,0,0,0,,0,"{""build_active_indices_ms"":5.375991,""build_events_ms"":41.934666,""build_ranks_ms"":39.976985,""build_y_domain_ms"":13.947686,""phase1_count_ms"":222.663635,""phase2_plan_ms"":4.425310,""phase3_sample_ms"":134.443232,""run_build_ms"":101.740979,""run_count_ms"":222.667064,""run_sample_ms"":138.876362}",,"{""dataset"":{""source"":""synthetic"",""name"":""exp6_stripe__nr100000__ns100000__a3_000ep00__g1"",""dim"":2,""path_r"":"""",""path_s"":"""",""synthetic"":{""generator"":""stripe"",""n_r"":100000,""n_s"":100000,""alpha"":3,""seed"":1}},""run"":{""method"":""ours"",""variant"":""sampling"",""t"":3000,""seed"":1,""repeats"":3,""j_star"":1000000,""enum_cap"":0,""write_samples"":false,""verify"":false},""output"":{""out_dir"":""/home/dhy/PhD/SIGMOD-EXP/EXP-2/run/temp/exp6"",""run_tag"":""""},""sys"":{""threads"":1},""logging"":{""level"":""INFO"",""with_timestamp"":true,""with_thread_id"":false}}","{""generator"":""stripe_ctrl_alpha"",""dataset"":""exp6_stripe__nr100000__ns100000__a3_000ep00__g1"",""n_r"":100000,""n_s"":100000,""has_exact_k"":true,""k_target"":600000,""k_achieved"":600000,""alpha_target"":3,""alpha_achieved"":3,""notes"":""control_axis=1, core=[0.45,0.55], g=9.9999e-07, h=9e-06, delta=2.49998e-07, shuffle_strips=1, shuffle_r=0, k_overridden=0""}"
exp6_stripe__nr100000__ns100000__a3_000ep00__g1,stripe,3,100000,100000,ours,enum_sampling,3000,0,1,1,423.279,600000,1,1,0,0,,0,"{""build_active_indices_ms"":5.651994,""build_events_ms"":34.510958,""build_ranks_ms"":40.098134,""build_y_domain_ms"":13.945075,""run_build_ms"":94.608243,""run_draw_ranks_ms"":0.161187,""run_enum_pass1_count_ms"":230.738781,""run_enum_pass2_select_ms"":96.184111,""run_enum_prepare_ms"":1.568708}",,"{""dataset"":{""source"":""synthetic"",""name"":""exp6_stripe__nr100000__ns100000__a3_000ep00__g1"",""dim"":2,""path_r"":"""",""path_s"":"""",""synthetic"":{""generator"":""stripe"",""n_r"":100000,""n_s"":100000,""alpha"":3,""seed"":1}},""run"":{""method"":""ours"",""variant"":""enum_sampling"",""t"":3000,""seed"":1,""repeats"":3,""j_star"":1000000,""enum_cap"":0,""write_samples"":false,""verify"":false},""output"":{""out_dir"":""/home/dhy/PhD/SIGMOD-EXP/EXP-2/run/temp/exp6"",""run_tag"":""""},""sys"":{""threads"":1},""logging"":{""level"":""INFO"",""with_timestamp"":true,""with_thread_id"":false}}","{""generator"":""stripe_ctrl_alpha"",""dataset"":""exp6_stripe__nr100000__ns100000__a3_000ep00__g1"",""n_r"":100000,""n_s"":100000,""has_exact_k"":true,""k_target"":600000,""k_achieved"":600000,""alpha_target"":3,""alpha_achieved"":3,""notes"":""control_axis=1, core=[0.45,0.55], g=9.9999e-07, h=9e-06, delta=2.49998e-07, shuffle_strips=1, shuffle_r=0, k_overridden=0""}"
exp6_stripe__nr100000__ns100000__a3_000ep00__g1,stripe,3,100000,100000,ours,enum_sampling,3000,1,2,1,475.294,600000,1,1,0,0,,0,"{""build_active_indices_ms"":5.542497,""build_events_ms"":41.722621,""build_ranks_ms"":40.114793,""build_y_domain_ms"":13.960436,""run_build_ms"":101.725829,""run_draw_ranks_ms"":0.157167,""run_enum_pass1_count_ms"":230.232851,""run_enum_pass2_select_ms"":97.964725,""run_enum_prepare_ms"":1.534659}",,"{""dataset"":{""source"":""synthetic"",""name"":""exp6_stripe__nr100000__ns100000__a3_000ep00__g1"",""dim"":2,""path_r"":"""",""path_s"":"""",""synthetic"":{""generator"":""stripe"",""n_r"":100000,""n_s"":100000,""alpha"":3,""seed"":1}},""run"":{""method"":""ours"",""variant"":""enum_sampling"",""t"":3000,""seed"":1,""repeats"":3,""j_star"":1000000,""enum_cap"":0,""write_samples"":false,""verify"":false},""output"":{""out_dir"":""/home/dhy/PhD/SIGMOD-EXP/EXP-2/run/temp/exp6"",""run_tag"":""""},""sys"":{""threads"":1},""logging"":{""level"":""INFO"",""with_timestamp"":true,""with_thread_id"":false}}","{""generator"":""stripe_ctrl_alpha"",""dataset"":""exp6_stripe__nr100000__ns100000__a3_000ep00__g1"",""n_r"":100000,""n_s"":100000,""has_exact_k"":true,""k_target"":600000,""k_achieved"":600000,""alpha_target"":3,""alpha_achieved"":3,""notes"":""control_axis=1, core=[0.45,0.55], g=9.9999e-07, h=9e-06, delta=2.49998e-07, shuffle_strips=1, shuffle_r=0, k_overridden=0""}"
exp6_stripe__nr100000__ns100000__a3_000ep00__g1,stripe,3,100000,100000,ours,enum_sampling,3000,2,3,1,475.233,600000,1,1,0,0,,0,"{""build_active_indices_ms"":5.523998,""build_events_ms"":41.694631,""build_ranks_ms"":40.087923,""build_y_domain_ms"":13.955556,""run_build_ms"":101.649200,""run_draw_ranks_ms"":0.157687,""run_enum_pass1_count_ms"":231.836658,""run_enum_pass2_select_ms"":96.026524,""run_enum_prepare_ms"":1.529419}",,"{""dataset"":{""source"":""synthetic"",""name"":""exp6_stripe__nr100000__ns100000__a3_000ep00__g1"",""dim"":2,""path_r"":"""",""path_s"":"""",""synthetic"":{""generator"":""stripe"",""n_r"":100000,""n_s"":100000,""alpha"":3,""seed"":1}},""run"":{""method"":""ours"",""variant"":""enum_sampling"",""t"":3000,""seed"":1,""repeats"":3,""j_star"":1000000,""enum_cap"":0,""write_samples"":false,""verify"":false},""output"":{""out_dir"":""/home/dhy/PhD/SIGMOD-EXP/EXP-2/run/temp/exp6"",""run_tag"":""""},""sys"":{""threads"":1},""logging"":{""level"":""INFO"",""with_timestamp"":true,""with_thread_id"":false}}","{""generator"":""stripe_ctrl_alpha"",""dataset"":""exp6_stripe__nr100000__ns100000__a3_000ep00__g1"",""n_r"":100000,""n_s"":100000,""has_exact_k"":true,""k_target"":600000,""k_achieved"":600000,""alpha_target"":3,""alpha_achieved"":3,""notes"":""control_axis=1, core=[0.45,0.55], g=9.9999e-07, h=9e-06, delta=2.49998e-07, shuffle_strips=1, shuffle_r=0, k_overridden=0""}"
exp6_stripe__nr100000__ns100000__a3_000ep00__g1,stripe,3,100000,100000,ours,adaptive,3000,0,1,1,328.362,600000,1,1,0,0,enumerate_all,600000,"{""build_active_indices_ms"":5.478209,""build_events_ms"":34.473858,""build_ranks_ms"":40.015215,""build_y_domain_ms"":13.949685,""run_build_ms"":94.434566,""run_pilot_enum_prepare_ms"":1.552259,""run_pilot_enum_scan_ms"":232.317650,""run_small_join_sample_from_list_ms"":0.044409}",,"{""dataset"":{""source"":""synthetic"",""name"":""exp6_stripe__nr100000__ns100000__a3_000ep00__g1"",""dim"":2,""path_r"":"""",""path_s"":"""",""synthetic"":{""generator"":""stripe"",""n_r"":100000,""n_s"":100000,""alpha"":3,""seed"":1}},""run"":{""method"":""ours"",""variant"":""adaptive"",""t"":3000,""seed"":1,""repeats"":3,""j_star"":1000000,""enum_cap"":0,""write_samples"":false,""verify"":false},""output"":{""out_dir"":""/home/dhy/PhD/SIGMOD-EXP/EXP-2/run/temp/exp6"",""run_tag"":""""},""sys"":{""threads"":1},""logging"":{""level"":""INFO"",""with_timestamp"":true,""with_thread_id"":false}}","{""generator"":""stripe_ctrl_alpha"",""dataset"":""exp6_stripe__nr100000__ns100000__a3_000ep00__g1"",""n_r"":100000,""n_s"":100000,""has_exact_k"":true,""k_target"":600000,""k_achieved"":600000,""alpha_target"":3,""alpha_achieved"":3,""notes"":""control_axis=1, core=[0.45,0.55], g=9.9999e-07, h=9e-06, delta=2.49998e-07, shuffle_strips=1, shuffle_r=0, k_overridden=0""}"
exp6_stripe__nr100000__ns100000__a3_000ep00__g1,stripe,3,100000,100000,ours,adaptive,3000,1,2,1,377.968,600000,1,1,0,0,enumerate_all,600000,"{""build_active_indices_ms"":5.385230,""build_events_ms"":42.007144,""build_ranks_ms"":39.995455,""build_y_domain_ms"":13.963816,""run_build_ms"":101.858745,""run_pilot_enum_prepare_ms"":1.537419,""run_pilot_enum_scan_ms"":231.506245,""run_small_join_sample_from_list_ms"":0.043689}",,"{""dataset"":{""source"":""synthetic"",""name"":""exp6_stripe__nr100000__ns100000__a3_000ep00__g1"",""dim"":2,""path_r"":"""",""path_s"":"""",""synthetic"":{""generator"":""stripe"",""n_r"":100000,""n_s"":100000,""alpha"":3,""seed"":1}},""run"":{""method"":""ours"",""variant"":""adaptive"",""t"":3000,""seed"":1,""repeats"":3,""j_star"":1000000,""enum_cap"":0,""write_samples"":false,""verify"":false},""output"":{""out_dir"":""/home/dhy/PhD/SIGMOD-EXP/EXP-2/run/temp/exp6"",""run_tag"":""""},""sys"":{""threads"":1},""logging"":{""level"":""INFO"",""with_timestamp"":true,""with_thread_id"":false}}","{""generator"":""stripe_ctrl_alpha"",""dataset"":""exp6_stripe__nr100000__ns100000__a3_000ep00__g1"",""n_r"":100000,""n_s"":100000,""has_exact_k"":true,""k_target"":600000,""k_achieved"":600000,""alpha_target"":3,""alpha_achieved"":3,""notes"":""control_axis=1, core=[0.45,0.55], g=9.9999e-07, h=9e-06, delta=2.49998e-07, shuffle_strips=1, shuffle_r=0, k_overridden=0""}"
exp6_stripe__nr100000__ns100000__a3_000ep00__g1,stripe,3,100000,100000,ours,adaptive,3000,2,3,1,379.762,600000,1,1,0,0,enumerate_all,600000,"{""build_active_indices_ms"":5.381221,""build_events_ms"":43.161571,""build_ranks_ms"":41.360037,""build_y_domain_ms"":13.946996,""run_build_ms"":104.354695,""run_pilot_enum_prepare_ms"":1.534859,""run_pilot_enum_scan_ms"":230.926847,""run_small_join_sample_from_list_ms"":0.044049}",,"{""dataset"":{""source"":""synthetic"",""name"":""exp6_stripe__nr100000__ns100000__a3_000ep00__g1"",""dim"":2,""path_r"":"""",""path_s"":"""",""synthetic"":{""generator"":""stripe"",""n_r"":100000,""n_s"":100000,""alpha"":3,""seed"":1}},""run"":{""method"":""ours"",""variant"":""adaptive"",""t"":3000,""seed"":1,""repeats"":3,""j_star"":1000000,""enum_cap"":0,""write_samples"":false,""verify"":false},""output"":{""out_dir"":""/home/dhy/PhD/SIGMOD-EXP/EXP-2/run/temp/exp6"",""run_tag"":""""},""sys"":{""threads"":1},""logging"":{""level"":""INFO"",""with_timestamp"":true,""with_thread_id"":false}}","{""generator"":""stripe_ctrl_alpha"",""dataset"":""exp6_stripe__nr100000__ns100000__a3_000ep00__g1"",""n_r"":100000,""n_s"":100000,""has_exact_k"":true,""k_target"":600000,""k_achieved"":600000,""alpha_target"":3,""alpha_achieved"":3,""notes"":""control_axis=1, core=[0.45,0.55], g=9.9999e-07, h=9e-06, delta=2.49998e-07, shuffle_strips=1, shuffle_r=0, k_overridden=0""}"
exp6_stripe__nr100000__ns100000__a3_000ep00__g1,stripe,3,100000,100000,ours,sampling,10000,0,1,1,461.462,600000,1,0,0,0,,0,"{""build_active_indices_ms"":9.528775,""build_events_ms"":34.562546,""build_ranks_ms"":40.032915,""build_y_domain_ms"":13.958846,""phase1_count_ms"":221.564268,""phase2_plan_ms"":6.251982,""phase3_sample_ms"":135.037260,""run_build_ms"":98.588242,""run_count_ms"":221.569558,""run_sample_ms"":141.299542}",,"{""dataset"":{""source"":""synthetic"",""name"":""exp6_stripe__nr100000__ns100000__a3_000ep00__g1"",""dim"":2,""path_r"":"""",""path_s"":"""",""synthetic"":{""generator"":""stripe"",""n_r"":100000,""n_s"":100000,""alpha"":3,""seed"":1}},""run"":{""method"":""ours"",""variant"":""sampling"",""t"":10000,""seed"":1,""repeats"":3,""j_star"":1000000,""enum_cap"":0,""write_samples"":false,""verify"":false},""output"":{""out_dir"":""/home/dhy/PhD/SIGMOD-EXP/EXP-2/run/temp/exp6"",""run_tag"":""""},""sys"":{""threads"":1},""logging"":{""level"":""INFO"",""with_timestamp"":true,""with_thread_id"":false}}","{""generator"":""stripe_ctrl_alpha"",""dataset"":""exp6_stripe__nr100000__ns100000__a3_000ep00__g1"",""n_r"":100000,""n_s"":100000,""has_exact_k"":true,""k_target"":600000,""k_achieved"":600000,""alpha_target"":3,""alpha_achieved"":3,""notes"":""control_axis=1, core=[0.45,0.55], g=9.9999e-07, h=9e-06, delta=2.49998e-07, shuffle_strips=1, shuffle_r=0, k_overridden=0""}"
exp6_stripe__nr100000__ns100000__a3_000ep00__g1,stripe,3,100000,100000,ours,sampling,10000,1,2,1,511.572,600000,1,0,0,0,,0,"{""build_active_indices_ms"":5.422910,""build_events_ms"":42.188221,""build_ranks_ms"":40.060455,""build_y_domain_ms"":13.951196,""phase1_count_ms"":226.579906,""phase2_plan_ms"":4.794463,""phase3_sample_ms"":134.853283,""run_build_ms"":102.129960,""run_count_ms"":226.583616,""run_sample_ms"":139.657636}",,"{""dataset"":{""source"":""synthetic"",""name"":""exp6_stripe__nr100000__ns100000__a3_000ep00__g1"",""dim"":2,""path_r"":"""",""path_s"":"""",""synthetic"":{""generator"":""stripe"",""n_r"":100000,""n_s"":100000,""alpha"":3,""seed"":1}},""run"":{""method"":""ours"",""variant"":""sampling"",""t"":10000,""seed"":1,""repeats"":3,""j_star"":1000000,""enum_cap"":0,""write_samples"":false,""verify"":false},""output"":{""out_dir"":""/home/dhy/PhD/SIGMOD-EXP/EXP-2/run/temp/exp6"",""run_tag"":""""},""sys"":{""threads"":1},""logging"":{""level"":""INFO"",""with_timestamp"":true,""with_thread_id"":false}}","{""generator"":""stripe_ctrl_alpha"",""dataset"":""exp6_stripe__nr100000__ns100000__a3_000ep00__g1"",""n_r"":100000,""n_s"":100000,""has_exact_k"":true,""k_target"":600000,""k_achieved"":600000,""alpha_target"":3,""alpha_achieved"":3,""notes"":""control_axis=1, core=[0.45,0.55], g=9.9999e-07, h=9e-06, delta=2.49998e-07, shuffle_strips=1, shuffle_r=0, k_overridden=0""}"
exp6_stripe__nr100000__ns100000__a3_000ep00__g1,stripe,3,100000,100000,ours,sampling,10000,2,3,1,508.732,600000,1,0,0,0,,0,"{""build_active_indices_ms"":5.395800,""build_events_ms"":41.796079,""build_ranks_ms"":40.022845,""build_y_domain_ms"":13.968505,""phase1_count_ms"":224.913390,""phase2_plan_ms"":4.764243,""phase3_sample_ms"":134.543250,""run_build_ms"":101.688029,""run_count_ms"":224.917610,""run_sample_ms"":139.316753}",,"{""dataset"":{""source"":""synthetic"",""name"":""exp6_stripe__nr100000__ns100000__a3_000ep00__g1"",""dim"":2,""path_r"":"""",""path_s"":"""",""synthetic"":{""generator"":""stripe"",""n_r"":100000,""n_s"":100000,""alpha"":3,""seed"":1}},""run"":{""method"":""ours"",""variant"":""sampling"",""t"":10000,""seed"":1,""repeats"":3,""j_star"":1000000,""enum_cap"":0,""write_samples"":false,""verify"":false},""output"":{""out_dir"":""/home/dhy/PhD/SIGMOD-EXP/EXP-2/run/temp/exp6"",""run_tag"":""""},""sys"":{""threads"":1},""logging"":{""level"":""INFO"",""with_timestamp"":true,""with_thread_id"":false}}","{""generator"":""stripe_ctrl_alpha"",""dataset"":""exp6_stripe__nr100000__ns100000__a3_000ep00__g1"",""n_r"":100000,""n_s"":100000,""has_exact_k"":true,""k_target"":600000,""k_achieved"":600000,""alpha_target"":3,""alpha_achieved"":3,""notes"":""control_axis=1, core=[0.45,0.55], g=9.9999e-07, h=9e-06, delta=2.49998e-07, shuffle_strips=1, shuffle_r=0, k_overridden=0""}"
exp6_stripe__nr100000__ns100000__a3_000ep00__g1,stripe,3,100000,100000,ours,enum_sampling,10000,0,1,1,425.55,600000,1,1,0,0,,0,"{""build_active_indices_ms"":5.673695,""build_events_ms"":34.487648,""build_ranks_ms"":40.111542,""build_y_domain_ms"":13.933637,""run_build_ms"":94.596304,""run_draw_ranks_ms"":0.594028,""run_enum_pass1_count_ms"":232.062923,""run_enum_pass2_select_ms"":96.716471,""run_enum_prepare_ms"":1.559449}",,"{""dataset"":{""source"":""synthetic"",""name"":""exp6_stripe__nr100000__ns100000__a3_000ep00__g1"",""dim"":2,""path_r"":"""",""path_s"":"""",""synthetic"":{""generator"":""stripe"",""n_r"":100000,""n_s"":100000,""alpha"":3,""seed"":1}},""run"":{""method"":""ours"",""variant"":""enum_sampling"",""t"":10000,""seed"":1,""repeats"":3,""j_star"":1000000,""enum_cap"":0,""write_samples"":false,""verify"":false},""output"":{""out_dir"":""/home/dhy/PhD/SIGMOD-EXP/EXP-2/run/temp/exp6"",""run_tag"":""""},""sys"":{""threads"":1},""logging"":{""level"":""INFO"",""with_timestamp"":true,""with_thread_id"":false}}","{""generator"":""stripe_ctrl_alpha"",""dataset"":""exp6_stripe__nr100000__ns100000__a3_000ep00__g1"",""n_r"":100000,""n_s"":100000,""has_exact_k"":true,""k_target"":600000,""k_achieved"":600000,""alpha_target"":3,""alpha_achieved"":3,""notes"":""control_axis=1, core=[0.45,0.55], g=9.9999e-07, h=9e-06, delta=2.49998e-07, shuffle_strips=1, shuffle_r=0, k_overridden=0""}"
exp6_stripe__nr100000__ns100000__a3_000ep00__g1,stripe,3,100000,100000,ours,enum_sampling,10000,1,2,1,477.012,600000,1,1,0,0,,0,"{""build_active_indices_ms"":5.534208,""build_events_ms"":41.987235,""build_ranks_ms"":40.061954,""build_y_domain_ms"":13.974255,""run_build_ms"":101.943975,""run_draw_ranks_ms"":0.604828,""run_enum_pass1_count_ms"":232.388767,""run_enum_pass2_select_ms"":97.012375,""run_enum_prepare_ms"":1.529228}",,"{""dataset"":{""source"":""synthetic"",""name"":""exp6_stripe__nr100000__ns100000__a3_000ep00__g1"",""dim"":2,""path_r"":"""",""path_s"":"""",""synthetic"":{""generator"":""stripe"",""n_r"":100000,""n_s"":100000,""alpha"":3,""seed"":1}},""run"":{""method"":""ours"",""variant"":""enum_sampling"",""t"":10000,""seed"":1,""repeats"":3,""j_star"":1000000,""enum_cap"":0,""write_samples"":false,""verify"":false},""output"":{""out_dir"":""/home/dhy/PhD/SIGMOD-EXP/EXP-2/run/temp/exp6"",""run_tag"":""""},""sys"":{""threads"":1},""logging"":{""level"":""INFO"",""with_timestamp"":true,""with_thread_id"":false}}","{""generator"":""stripe_ctrl_alpha"",""dataset"":""exp6_stripe__nr100000__ns100000__a3_000ep00__g1"",""n_r"":100000,""n_s"":100000,""has_exact_k"":true,""k_target"":600000,""k_achieved"":600000,""alpha_target"":3,""alpha_achieved"":3,""notes"":""control_axis=1, core=[0.45,0.55], g=9.9999e-07, h=9e-06, delta=2.49998e-07, shuffle_strips=1, shuffle_r=0, k_overridden=0""}"
exp6_stripe__nr100000__ns100000__a3_000ep00__g1,stripe,3,100000,100000,ours,enum_sampling,10000,2,3,1,478.544,600000,1,1,0,0,,0,"{""build_active_indices_ms"":5.506638,""build_events_ms"":41.749630,""build_ranks_ms"":40.097303,""build_y_domain_ms"":13.969006,""run_build_ms"":101.706179,""run_draw_ranks_ms"":0.592937,""run_enum_pass1_count_ms"":233.263480,""run_enum_pass2_select_ms"":97.211291,""run_enum_prepare_ms"":1.571108}",,"{""dataset"":{""source"":""synthetic"",""name"":""exp6_stripe__nr100000__ns100000__a3_000ep00__g1"",""dim"":2,""path_r"":"""",""path_s"":"""",""synthetic"":{""generator"":""stripe"",""n_r"":100000,""n_s"":100000,""alpha"":3,""seed"":1}},""run"":{""method"":""ours"",""variant"":""enum_sampling"",""t"":10000,""seed"":1,""repeats"":3,""j_star"":1000000,""enum_cap"":0,""write_samples"":false,""verify"":false},""output"":{""out_dir"":""/home/dhy/PhD/SIGMOD-EXP/EXP-2/run/temp/exp6"",""run_tag"":""""},""sys"":{""threads"":1},""logging"":{""level"":""INFO"",""with_timestamp"":true,""with_thread_id"":false}}","{""generator"":""stripe_ctrl_alpha"",""dataset"":""exp6_stripe__nr100000__ns100000__a3_000ep00__g1"",""n_r"":100000,""n_s"":100000,""has_exact_k"":true,""k_target"":600000,""k_achieved"":600000,""alpha_target"":3,""alpha_achieved"":3,""notes"":""control_axis=1, core=[0.45,0.55], g=9.9999e-07, h=9e-06, delta=2.49998e-07, shuffle_strips=1, shuffle_r=0, k_overridden=0""}"
exp6_stripe__nr100000__ns100000__a3_000ep00__g1,stripe,3,100000,100000,ours,adaptive,10000,0,1,1,327.873,600000,1,1,0,0,enumerate_all,600000,"{""build_active_indices_ms"":5.585226,""build_events_ms"":34.537366,""build_ranks_ms"":40.095444,""build_y_domain_ms"":13.954126,""run_build_ms"":94.688511,""run_pilot_enum_prepare_ms"":1.566848,""run_pilot_enum_scan_ms"":231.472557,""run_small_join_sample_from_list_ms"":0.133167}",,"{""dataset"":{""source"":""synthetic"",""name"":""exp6_stripe__nr100000__ns100000__a3_000ep00__g1"",""dim"":2,""path_r"":"""",""path_s"":"""",""synthetic"":{""generator"":""stripe"",""n_r"":100000,""n_s"":100000,""alpha"":3,""seed"":1}},""run"":{""method"":""ours"",""variant"":""adaptive"",""t"":10000,""seed"":1,""repeats"":3,""j_star"":1000000,""enum_cap"":0,""write_samples"":false,""verify"":false},""output"":{""out_dir"":""/home/dhy/PhD/SIGMOD-EXP/EXP-2/run/temp/exp6"",""run_tag"":""""},""sys"":{""threads"":1},""logging"":{""level"":""INFO"",""with_timestamp"":true,""with_thread_id"":false}}","{""generator"":""stripe_ctrl_alpha"",""dataset"":""exp6_stripe__nr100000__ns100000__a3_000ep00__g1"",""n_r"":100000,""n_s"":100000,""has_exact_k"":true,""k_target"":600000,""k_achieved"":600000,""alpha_target"":3,""alpha_achieved"":3,""notes"":""control_axis=1, core=[0.45,0.55], g=9.9999e-07, h=9e-06, delta=2.49998e-07, shuffle_strips=1, shuffle_r=0, k_overridden=0""}"
exp6_stripe__nr100000__ns100000__a3_000ep00__g1,stripe,3,100000,100000,ours,adaptive,10000,1,2,1,378.61,600000,1,1,0,0,enumerate_all,600000,"{""build_active_indices_ms"":5.505238,""build_events_ms"":41.813089,""build_ranks_ms"":40.043494,""build_y_domain_ms"":13.970406,""run_build_ms"":101.827347,""run_pilot_enum_prepare_ms"":1.528618,""run_pilot_enum_scan_ms"":232.395578,""run_small_join_sample_from_list_ms"":0.133427}",,"{""dataset"":{""source"":""synthetic"",""name"":""exp6_stripe__nr100000__ns100000__a3_000ep00__g1"",""dim"":2,""path_r"":"""",""path_s"":"""",""synthetic"":{""generator"":""stripe"",""n_r"":100000,""n_s"":100000,""alpha"":3,""seed"":1}},""run"":{""method"":""ours"",""variant"":""adaptive"",""t"":10000,""seed"":1,""repeats"":3,""j_star"":1000000,""enum_cap"":0,""write_samples"":false,""verify"":false},""output"":{""out_dir"":""/home/dhy/PhD/SIGMOD-EXP/EXP-2/run/temp/exp6"",""run_tag"":""""},""sys"":{""threads"":1},""logging"":{""level"":""INFO"",""with_timestamp"":true,""with_thread_id"":false}}","{""generator"":""stripe_ctrl_alpha"",""dataset"":""exp6_stripe__nr100000__ns100000__a3_000ep00__g1"",""n_r"":100000,""n_s"":100000,""has_exact_k"":true,""k_target"":600000,""k_achieved"":600000,""alpha_target"":3,""alpha_achieved"":3,""notes"":""control_axis=1, core=[0.45,0.55], g=9.9999e-07, h=9e-06, delta=2.49998e-07, shuffle_strips=1, shuffle_r=0, k_overridden=0""}"
exp6_stripe__nr100000__ns100000__a3_000ep00__g1,stripe,3,100000,100000,ours,adaptive,10000,2,3,1,381.039,600000,1,1,0,0,enumerate_all,600000,"{""build_active_indices_ms"":5.508048,""build_events_ms"":44.652991,""build_ranks_ms"":40.058964,""build_y_domain_ms"":13.972086,""run_build_ms"":104.688858,""run_pilot_enum_prepare_ms"":1.548209,""run_pilot_enum_scan_ms"":231.046676,""run_small_join_sample_from_list_ms"":0.133407}",,"{""dataset"":{""source"":""synthetic"",""name"":""exp6_stripe__nr100000__ns100000__a3_000ep00__g1"",""dim"":2,""path_r"":"""",""path_s"":"""",""synthetic"":{""generator"":""stripe"",""n_r"":100000,""n_s"":100000,""alpha"":3,""seed"":1}},""run"":{""method"":""ours"",""variant"":""adaptive"",""t"":10000,""seed"":1,""repeats"":3,""j_star"":1000000,""enum_cap"":0,""write_samples"":false,""verify"":false},""output"":{""out_dir"":""/home/dhy/PhD/SIGMOD-EXP/EXP-2/run/temp/exp6"",""run_tag"":""""},""sys"":{""threads"":1},""logging"":{""level"":""INFO"",""with_timestamp"":true,""with_thread_id"":false}}","{""generator"":""stripe_ctrl_alpha"",""dataset"":""exp6_stripe__nr100000__ns100000__a3_000ep00__g1"",""n_r"":100000,""n_s"":100000,""has_exact_k"":true,""k_target"":600000,""k_achieved"":600000,""alpha_target"":3,""alpha_achieved"":3,""notes"":""control_axis=1, core=[0.45,0.55], g=9.9999e-07, h=9e-06, delta=2.49998e-07, shuffle_strips=1, shuffle_r=0, k_overridden=0""}"
exp6_stripe__nr100000__ns100000__a3_000ep00__g1,stripe,3,100000,100000,ours,sampling,30000,0,1,1,464.522,600000,1,0,0,0,,0,"{""build_active_indices_ms"":9.646763,""build_events_ms"":34.477758,""build_ranks_ms"":40.050465,""build_y_domain_ms"":13.959826,""phase1_count_ms"":221.543529,""phase2_plan_ms"":6.882469,""phase3_sample_ms"":137.431932,""run_build_ms"":98.640531,""run_count_ms"":221.549039,""run_sample_ms"":144.329061}",,"{""dataset"":{""source"":""synthetic"",""name"":""exp6_stripe__nr100000__ns100000__a3_000ep00__g1"",""dim"":2,""path_r"":"""",""path_s"":"""",""synthetic"":{""generator"":""stripe"",""n_r"":100000,""n_s"":100000,""alpha"":3,""seed"":1}},""run"":{""method"":""ours"",""variant"":""sampling"",""t"":30000,""seed"":1,""repeats"":3,""j_star"":1000000,""enum_cap"":0,""write_samples"":false,""verify"":false},""output"":{""out_dir"":""/home/dhy/PhD/SIGMOD-EXP/EXP-2/run/temp/exp6"",""run_tag"":""""},""sys"":{""threads"":1},""logging"":{""level"":""INFO"",""with_timestamp"":true,""with_thread_id"":false}}","{""generator"":""stripe_ctrl_alpha"",""dataset"":""exp6_stripe__nr100000__ns100000__a3_000ep00__g1"",""n_r"":100000,""n_s"":100000,""has_exact_k"":true,""k_target"":600000,""k_achieved"":600000,""alpha_target"":3,""alpha_achieved"":3,""notes"":""control_axis=1, core=[0.45,0.55], g=9.9999e-07, h=9e-06, delta=2.49998e-07, shuffle_strips=1, shuffle_r=0, k_overridden=0""}"
exp6_stripe__nr100000__ns100000__a3_000ep00__g1,stripe,3,100000,100000,ours,sampling,30000,1,2,1,513.246,600000,1,0,0,0,,0,"{""build_active_indices_ms"":5.415460,""build_events_ms"":42.226260,""build_ranks_ms"":40.063004,""build_y_domain_ms"":13.944256,""phase1_count_ms"":225.139006,""phase2_plan_ms"":5.510217,""phase3_sample_ms"":137.733196,""run_build_ms"":102.151770,""run_count_ms"":225.142886,""run_sample_ms"":143.257403}",,"{""dataset"":{""source"":""synthetic"",""name"":""exp6_stripe__nr100000__ns100000__a3_000ep00__g1"",""dim"":2,""path_r"":"""",""path_s"":"""",""synthetic"":{""generator"":""stripe"",""n_r"":100000,""n_s"":100000,""alpha"":3,""seed"":1}},""run"":{""method"":""ours"",""variant"":""sampling"",""t"":30000,""seed"":1,""repeats"":3,""j_star"":1000000,""enum_cap"":0,""write_samples"":false,""verify"":false},""output"":{""out_dir"":""/home/dhy/PhD/SIGMOD-EXP/EXP-2/run/temp/exp6"",""run_tag"":""""},""sys"":{""threads"":1},""logging"":{""level"":""INFO"",""with_timestamp"":true,""with_thread_id"":false}}","{""generator"":""stripe_ctrl_alpha"",""dataset"":""exp6_stripe__nr100000__ns100000__a3_000ep00__g1"",""n_r"":100000,""n_s"":100000,""has_exact_k"":true,""k_target"":600000,""k_achieved"":600000,""alpha_target"":3,""alpha_achieved"":3,""notes"":""control_axis=1, core=[0.45,0.55], g=9.9999e-07, h=9e-06, delta=2.49998e-07, shuffle_strips=1, shuffle_r=0, k_overridden=0""}"
exp6_stripe__nr100000__ns100000__a3_000ep00__g1,stripe,3,100000,100000,ours,sampling,30000,2,3,1,508.612,600000,1,0,0,0,,0,"{""build_active_indices_ms"":5.481188,""build_events_ms"":41.803149,""build_ranks_ms"":40.115243,""build_y_domain_ms"":13.967196,""phase1_count_ms"":221.420452,""phase2_plan_ms"":5.511438,""phase3_sample_ms"":137.100319,""run_build_ms"":101.861206,""run_count_ms"":221.425142,""run_sample_ms"":142.627165}",,"{""dataset"":{""source"":""synthetic"",""name"":""exp6_stripe__nr100000__ns100000__a3_000ep00__g1"",""dim"":2,""path_r"":"""",""path_s"":"""",""synthetic"":{""generator"":""stripe"",""n_r"":100000,""n_s"":100000,""alpha"":3,""seed"":1}},""run"":{""method"":""ours"",""variant"":""sampling"",""t"":30000,""seed"":1,""repeats"":3,""j_star"":1000000,""enum_cap"":0,""write_samples"":false,""verify"":false},""output"":{""out_dir"":""/home/dhy/PhD/SIGMOD-EXP/EXP-2/run/temp/exp6"",""run_tag"":""""},""sys"":{""threads"":1},""logging"":{""level"":""INFO"",""with_timestamp"":true,""with_thread_id"":false}}","{""generator"":""stripe_ctrl_alpha"",""dataset"":""exp6_stripe__nr100000__ns100000__a3_000ep00__g1"",""n_r"":100000,""n_s"":100000,""has_exact_k"":true,""k_target"":600000,""k_achieved"":600000,""alpha_target"":3,""alpha_achieved"":3,""notes"":""control_axis=1, core=[0.45,0.55], g=9.9999e-07, h=9e-06, delta=2.49998e-07, shuffle_strips=1, shuffle_r=0, k_overridden=0""}"
exp6_stripe__nr100000__ns100000__a3_000ep00__g1,stripe,3,100000,100000,ours,enum_sampling,30000,0,1,1,427.832,600000,1,1,0,0,,0,"{""build_active_indices_ms"":5.603607,""build_events_ms"":34.491038,""build_ranks_ms"":40.106143,""build_y_domain_ms"":13.953726,""run_build_ms"":94.543055,""run_draw_ranks_ms"":1.977579,""run_enum_pass1_count_ms"":232.672862,""run_enum_pass2_select_ms"":97.072404,""run_enum_prepare_ms"":1.533849}",,"{""dataset"":{""source"":""synthetic"",""name"":""exp6_stripe__nr100000__ns100000__a3_000ep00__g1"",""dim"":2,""path_r"":"""",""path_s"":"""",""synthetic"":{""generator"":""stripe"",""n_r"":100000,""n_s"":100000,""alpha"":3,""seed"":1}},""run"":{""method"":""ours"",""variant"":""enum_sampling"",""t"":30000,""seed"":1,""repeats"":3,""j_star"":1000000,""enum_cap"":0,""write_samples"":false,""verify"":false},""output"":{""out_dir"":""/home/dhy/PhD/SIGMOD-EXP/EXP-2/run/temp/exp6"",""run_tag"":""""},""sys"":{""threads"":1},""logging"":{""level"":""INFO"",""with_timestamp"":true,""with_thread_id"":false}}","{""generator"":""stripe_ctrl_alpha"",""dataset"":""exp6_stripe__nr100000__ns100000__a3_000ep00__g1"",""n_r"":100000,""n_s"":100000,""has_exact_k"":true,""k_target"":600000,""k_achieved"":600000,""alpha_target"":3,""alpha_achieved"":3,""notes"":""control_axis=1, core=[0.45,0.55], g=9.9999e-07, h=9e-06, delta=2.49998e-07, shuffle_strips=1, shuffle_r=0, k_overridden=0""}"
exp6_stripe__nr100000__ns100000__a3_000ep00__g1,stripe,3,100000,100000,ours,enum_sampling,30000,1,2,1,476.385,600000,1,1,0,0,,0,"{""build_active_indices_ms"":5.532107,""build_events_ms"":42.009405,""build_ranks_ms"":40.071464,""build_y_domain_ms"":13.958766,""run_build_ms"":101.956754,""run_draw_ranks_ms"":1.975820,""run_enum_pass1_count_ms"":230.248792,""run_enum_pass2_select_ms"":97.074393,""run_enum_prepare_ms"":1.533039}",,"{""dataset"":{""source"":""synthetic"",""name"":""exp6_stripe__nr100000__ns100000__a3_000ep00__g1"",""dim"":2,""path_r"":"""",""path_s"":"""",""synthetic"":{""generator"":""stripe"",""n_r"":100000,""n_s"":100000,""alpha"":3,""seed"":1}},""run"":{""method"":""ours"",""variant"":""enum_sampling"",""t"":30000,""seed"":1,""repeats"":3,""j_star"":1000000,""enum_cap"":0,""write_samples"":false,""verify"":false},""output"":{""out_dir"":""/home/dhy/PhD/SIGMOD-EXP/EXP-2/run/temp/exp6"",""run_tag"":""""},""sys"":{""threads"":1},""logging"":{""level"":""INFO"",""with_timestamp"":true,""with_thread_id"":false}}","{""generator"":""stripe_ctrl_alpha"",""dataset"":""exp6_stripe__nr100000__ns100000__a3_000ep00__g1"",""n_r"":100000,""n_s"":100000,""has_exact_k"":true,""k_target"":600000,""k_achieved"":600000,""alpha_target"":3,""alpha_achieved"":3,""notes"":""control_axis=1, core=[0.45,0.55], g=9.9999e-07, h=9e-06, delta=2.49998e-07, shuffle_strips=1, shuffle_r=0, k_overridden=0""}"
exp6_stripe__nr100000__ns100000__a3_000ep00__g1,stripe,3,100000,100000,ours,enum_sampling,30000,2,3,1,478.164,600000,1,1,0,0,,0,"{""build_active_indices_ms"":5.511437,""build_events_ms"":41.691291,""build_ranks_ms"":40.097664,""build_y_domain_ms"":13.954256,""run_build_ms"":101.639940,""run_draw_ranks_ms"":2.011570,""run_enum_pass1_count_ms"":232.234722,""run_enum_pass2_select_ms"":97.074763,""run_enum_prepare_ms"":1.504559}",,"{""dataset"":{""source"":""synthetic"",""name"":""exp6_stripe__nr100000__ns100000__a3_000ep00__g1"",""dim"":2,""path_r"":"""",""path_s"":"""",""synthetic"":{""generator"":""stripe"",""n_r"":100000,""n_s"":100000,""alpha"":3,""seed"":1}},""run"":{""method"":""ours"",""variant"":""enum_sampling"",""t"":30000,""seed"":1,""repeats"":3,""j_star"":1000000,""enum_cap"":0,""write_samples"":false,""verify"":false},""output"":{""out_dir"":""/home/dhy/PhD/SIGMOD-EXP/EXP-2/run/temp/exp6"",""run_tag"":""""},""sys"":{""threads"":1},""logging"":{""level"":""INFO"",""with_timestamp"":true,""with_thread_id"":false}}","{""generator"":""stripe_ctrl_alpha"",""dataset"":""exp6_stripe__nr100000__ns100000__a3_000ep00__g1"",""n_r"":100000,""n_s"":100000,""has_exact_k"":true,""k_target"":600000,""k_achieved"":600000,""alpha_target"":3,""alpha_achieved"":3,""notes"":""control_axis=1, core=[0.45,0.55], g=9.9999e-07, h=9e-06, delta=2.49998e-07, shuffle_strips=1, shuffle_r=0, k_overridden=0""}"
exp6_stripe__nr100000__ns100000__a3_000ep00__g1,stripe,3,100000,100000,ours,adaptive,30000,0,1,1,329.207,600000,1,1,0,0,enumerate_all,600000,"{""build_active_indices_ms"":5.621115,""build_events_ms"":34.467718,""build_ranks_ms"":40.104984,""build_y_domain_ms"":13.947425,""run_build_ms"":94.647613,""run_pilot_enum_prepare_ms"":1.559188,""run_pilot_enum_scan_ms"":232.542645,""run_small_join_sample_from_list_ms"":0.445561}",,"{""dataset"":{""source"":""synthetic"",""name"":""exp6_stripe__nr100000__ns100000__a3_000ep00__g1"",""dim"":2,""path_r"":"""",""path_s"":"""",""synthetic"":{""generator"":""stripe"",""n_r"":100000,""n_s"":100000,""alpha"":3,""seed"":1}},""run"":{""method"":""ours"",""variant"":""adaptive"",""t"":30000,""seed"":1,""repeats"":3,""j_star"":1000000,""enum_cap"":0,""write_samples"":false,""verify"":false},""output"":{""out_dir"":""/home/dhy/PhD/SIGMOD-EXP/EXP-2/run/temp/exp6"",""run_tag"":""""},""sys"":{""threads"":1},""logging"":{""level"":""INFO"",""with_timestamp"":true,""with_thread_id"":false}}","{""generator"":""stripe_ctrl_alpha"",""dataset"":""exp6_stripe__nr100000__ns100000__a3_000ep00__g1"",""n_r"":100000,""n_s"":100000,""has_exact_k"":true,""k_target"":600000,""k_achieved"":600000,""alpha_target"":3,""alpha_achieved"":3,""notes"":""control_axis=1, core=[0.45,0.55], g=9.9999e-07, h=9e-06, delta=2.49998e-07, shuffle_strips=1, shuffle_r=0, k_overridden=0""}"
exp6_stripe__nr100000__ns100000__a3_000ep00__g1,stripe,3,100000,100000,ours,adaptive,30000,1,2,1,380.323,600000,1,1,0,0,enumerate_all,600000,"{""build_active_indices_ms"":5.480878,""build_events_ms"":41.758580,""build_ranks_ms"":40.066464,""build_y_domain_ms"":13.958706,""run_build_ms"":101.769988,""run_pilot_enum_prepare_ms"":1.506219,""run_pilot_enum_scan_ms"":233.406028,""run_small_join_sample_from_list_ms"":0.399702}",,"{""dataset"":{""source"":""synthetic"",""name"":""exp6_stripe__nr100000__ns100000__a3_000ep00__g1"",""dim"":2,""path_r"":"""",""path_s"":"""",""synthetic"":{""generator"":""stripe"",""n_r"":100000,""n_s"":100000,""alpha"":3,""seed"":1}},""run"":{""method"":""ours"",""variant"":""adaptive"",""t"":30000,""seed"":1,""repeats"":3,""j_star"":1000000,""enum_cap"":0,""write_samples"":false,""verify"":false},""output"":{""out_dir"":""/home/dhy/PhD/SIGMOD-EXP/EXP-2/run/temp/exp6"",""run_tag"":""""},""sys"":{""threads"":1},""logging"":{""level"":""INFO"",""with_timestamp"":true,""with_thread_id"":false}}","{""generator"":""stripe_ctrl_alpha"",""dataset"":""exp6_stripe__nr100000__ns100000__a3_000ep00__g1"",""n_r"":100000,""n_s"":100000,""has_exact_k"":true,""k_target"":600000,""k_achieved"":600000,""alpha_target"":3,""alpha_achieved"":3,""notes"":""control_axis=1, core=[0.45,0.55], g=9.9999e-07, h=9e-06, delta=2.49998e-07, shuffle_strips=1, shuffle_r=0, k_overridden=0""}"
exp6_stripe__nr100000__ns100000__a3_000ep00__g1,stripe,3,100000,100000,ours,adaptive,30000,2,3,1,381.266,600000,1,1,0,0,enumerate_all,600000,"{""build_active_indices_ms"":5.544947,""build_events_ms"":43.108922,""build_ranks_ms"":40.100634,""build_y_domain_ms"":13.927446,""run_build_ms"":103.176949,""run_pilot_enum_prepare_ms"":1.521239,""run_pilot_enum_scan_ms"":232.054885,""run_small_join_sample_from_list_ms"":0.380373}",,"{""dataset"":{""source"":""synthetic"",""name"":""exp6_stripe__nr100000__ns100000__a3_000ep00__g1"",""dim"":2,""path_r"":"""",""path_s"":"""",""synthetic"":{""generator"":""stripe"",""n_r"":100000,""n_s"":100000,""alpha"":3,""seed"":1}},""run"":{""method"":""ours"",""variant"":""adaptive"",""t"":30000,""seed"":1,""repeats"":3,""j_star"":1000000,""enum_cap"":0,""write_samples"":false,""verify"":false},""output"":{""out_dir"":""/home/dhy/PhD/SIGMOD-EXP/EXP-2/run/temp/exp6"",""run_tag"":""""},""sys"":{""threads"":1},""logging"":{""level"":""INFO"",""with_timestamp"":true,""with_thread_id"":false}}","{""generator"":""stripe_ctrl_alpha"",""dataset"":""exp6_stripe__nr100000__ns100000__a3_000ep00__g1"",""n_r"":100000,""n_s"":100000,""has_exact_k"":true,""k_target"":600000,""k_achieved"":600000,""alpha_target"":3,""alpha_achieved"":3,""notes"":""control_axis=1, core=[0.45,0.55], g=9.9999e-07, h=9e-06, delta=2.49998e-07, shuffle_strips=1, shuffle_r=0, k_overridden=0""}"
exp6_stripe__nr100000__ns100000__a3_000ep00__g1,stripe,3,100000,100000,ours,sampling,100000,0,1,1,470.53,600000,1,0,0,0,,0,"{""build_active_indices_ms"":10.889438,""build_events_ms"":34.532237,""build_ranks_ms"":40.094274,""build_y_domain_ms"":13.964506,""phase1_count_ms"":220.310815,""phase2_plan_ms"":8.489557,""phase3_sample_ms"":141.701425,""run_build_ms"":99.985934,""run_count_ms"":220.314615,""run_sample_ms"":150.225561}",,"{""dataset"":{""source"":""synthetic"",""name"":""exp6_stripe__nr100000__ns100000__a3_000ep00__g1"",""dim"":2,""path_r"":"""",""path_s"":"""",""synthetic"":{""generator"":""stripe"",""n_r"":100000,""n_s"":100000,""alpha"":3,""seed"":1}},""run"":{""method"":""ours"",""variant"":""sampling"",""t"":100000,""seed"":1,""repeats"":3,""j_star"":1000000,""enum_cap"":0,""write_samples"":false,""verify"":false},""output"":{""out_dir"":""/home/dhy/PhD/SIGMOD-EXP/EXP-2/run/temp/exp6"",""run_tag"":""""},""sys"":{""threads"":1},""logging"":{""level"":""INFO"",""with_timestamp"":true,""with_thread_id"":false}}","{""generator"":""stripe_ctrl_alpha"",""dataset"":""exp6_stripe__nr100000__ns100000__a3_000ep00__g1"",""n_r"":100000,""n_s"":100000,""has_exact_k"":true,""k_target"":600000,""k_achieved"":600000,""alpha_target"":3,""alpha_achieved"":3,""notes"":""control_axis=1, core=[0.45,0.55], g=9.9999e-07, h=9e-06, delta=2.49998e-07, shuffle_strips=1, shuffle_r=0, k_overridden=0""}"
exp6_stripe__nr100000__ns100000__a3_000ep00__g1,stripe,3,100000,100000,ours,sampling,100000,1,2,1,516.638,600000,1,0,0,0,,0,"{""build_active_indices_ms"":5.483618,""build_events_ms"":41.871637,""build_ranks_ms"":39.978366,""build_y_domain_ms"":15.259520,""phase1_count_ms"":221.035310,""phase2_plan_ms"":7.445659,""phase3_sample_ms"":141.386091,""run_build_ms"":103.089391,""run_count_ms"":221.038980,""run_sample_ms"":148.864559}",,"{""dataset"":{""source"":""synthetic"",""name"":""exp6_stripe__nr100000__ns100000__a3_000ep00__g1"",""dim"":2,""path_r"":"""",""path_s"":"""",""synthetic"":{""generator"":""stripe"",""n_r"":100000,""n_s"":100000,""alpha"":3,""seed"":1}},""run"":{""method"":""ours"",""variant"":""sampling"",""t"":100000,""seed"":1,""repeats"":3,""j_star"":1000000,""enum_cap"":0,""write_samples"":false,""verify"":false},""output"":{""out_dir"":""/home/dhy/PhD/SIGMOD-EXP/EXP-2/run/temp/exp6"",""run_tag"":""""},""sys"":{""threads"":1},""logging"":{""level"":""INFO"",""with_timestamp"":true,""with_thread_id"":false}}","{""generator"":""stripe_ctrl_alpha"",""dataset"":""exp6_stripe__nr100000__ns100000__a3_000ep00__g1"",""n_r"":100000,""n_s"":100000,""has_exact_k"":true,""k_target"":600000,""k_achieved"":600000,""alpha_target"":3,""alpha_achieved"":3,""notes"":""control_axis=1, core=[0.45,0.55], g=9.9999e-07, h=9e-06, delta=2.49998e-07, shuffle_strips=1, shuffle_r=0, k_overridden=0""}"
exp6_stripe__nr100000__ns100000__a3_000ep00__g1,stripe,3,100000,100000,ours,sampling,100000,2,3,1,515.24,600000,1,0,0,0,,0,"{""build_active_indices_ms"":5.444809,""build_events_ms"":41.762910,""build_ranks_ms"":39.998586,""build_y_domain_ms"":13.942126,""phase1_count_ms"":222.056130,""phase2_plan_ms"":7.462068,""phase3_sample_ms"":141.353072,""run_build_ms"":101.654190,""run_count_ms"":222.060359,""run_sample_ms"":148.847120}",,"{""dataset"":{""source"":""synthetic"",""name"":""exp6_stripe__nr100000__ns100000__a3_000ep00__g1"",""dim"":2,""path_r"":"""",""path_s"":"""",""synthetic"":{""generator"":""stripe"",""n_r"":100000,""n_s"":100000,""alpha"":3,""seed"":1}},""run"":{""method"":""ours"",""variant"":""sampling"",""t"":100000,""seed"":1,""repeats"":3,""j_star"":1000000,""enum_cap"":0,""write_samples"":false,""verify"":false},""output"":{""out_dir"":""/home/dhy/PhD/SIGMOD-EXP/EXP-2/run/temp/exp6"",""run_tag"":""""},""sys"":{""threads"":1},""logging"":{""level"":""INFO"",""with_timestamp"":true,""with_thread_id"":false}}","{""generator"":""stripe_ctrl_alpha"",""dataset"":""exp6_stripe__nr100000__ns100000__a3_000ep00__g1"",""n_r"":100000,""n_s"":100000,""has_exact_k"":true,""k_target"":600000,""k_achieved"":600000,""alpha_target"":3,""alpha_achieved"":3,""notes"":""control_axis=1, core=[0.45,0.55], g=9.9999e-07, h=9e-06, delta=2.49998e-07, shuffle_strips=1, shuffle_r=0, k_overridden=0""}"
exp6_stripe__nr100000__ns100000__a3_000ep00__g1,stripe,3,100000,100000,ours,enum_sampling,100000,0,1,1,437.493,600000,1,1,0,0,,0,"{""build_active_indices_ms"":9.637984,""build_events_ms"":35.631915,""build_ranks_ms"":39.991926,""build_y_domain_ms"":13.965546,""run_build_ms"":99.617333,""run_draw_ranks_ms"":7.392080,""run_enum_pass1_count_ms"":229.793891,""run_enum_pass2_select_ms"":98.530794,""run_enum_prepare_ms"":1.580799}",,"{""dataset"":{""source"":""synthetic"",""name"":""exp6_stripe__nr100000__ns100000__a3_000ep00__g1"",""dim"":2,""path_r"":"""",""path_s"":"""",""synthetic"":{""generator"":""stripe"",""n_r"":100000,""n_s"":100000,""alpha"":3,""seed"":1}},""run"":{""method"":""ours"",""variant"":""enum_sampling"",""t"":100000,""seed"":1,""repeats"":3,""j_star"":1000000,""enum_cap"":0,""write_samples"":false,""verify"":false},""output"":{""out_dir"":""/home/dhy/PhD/SIGMOD-EXP/EXP-2/run/temp/exp6"",""run_tag"":""""},""sys"":{""threads"":1},""logging"":{""level"":""INFO"",""with_timestamp"":true,""with_thread_id"":false}}","{""generator"":""stripe_ctrl_alpha"",""dataset"":""exp6_stripe__nr100000__ns100000__a3_000ep00__g1"",""n_r"":100000,""n_s"":100000,""has_exact_k"":true,""k_target"":600000,""k_achieved"":600000,""alpha_target"":3,""alpha_achieved"":3,""notes"":""control_axis=1, core=[0.45,0.55], g=9.9999e-07, h=9e-06, delta=2.49998e-07, shuffle_strips=1, shuffle_r=0, k_overridden=0""}"
exp6_stripe__nr100000__ns100000__a3_000ep00__g1,stripe,3,100000,100000,ours,enum_sampling,100000,1,2,1,483.52,600000,1,1,0,0,,0,"{""build_active_indices_ms"":5.443499,""build_events_ms"":43.286019,""build_ranks_ms"":40.015275,""build_y_domain_ms"":13.961675,""run_build_ms"":103.092631,""run_draw_ranks_ms"":7.388770,""run_enum_pass1_count_ms"":228.813251,""run_enum_pass2_select_ms"":98.934176,""run_enum_prepare_ms"":1.515139}",,"{""dataset"":{""source"":""synthetic"",""name"":""exp6_stripe__nr100000__ns100000__a3_000ep00__g1"",""dim"":2,""path_r"":"""",""path_s"":"""",""synthetic"":{""generator"":""stripe"",""n_r"":100000,""n_s"":100000,""alpha"":3,""seed"":1}},""run"":{""method"":""ours"",""variant"":""enum_sampling"",""t"":100000,""seed"":1,""repeats"":3,""j_star"":1000000,""enum_cap"":0,""write_samples"":false,""verify"":false},""output"":{""out_dir"":""/home/dhy/PhD/SIGMOD-EXP/EXP-2/run/temp/exp6"",""run_tag"":""""},""sys"":{""threads"":1},""logging"":{""level"":""INFO"",""with_timestamp"":true,""with_thread_id"":false}}","{""generator"":""stripe_ctrl_alpha"",""dataset"":""exp6_stripe__nr100000__ns100000__a3_000ep00__g1"",""n_r"":100000,""n_s"":100000,""has_exact_k"":true,""k_target"":600000,""k_achieved"":600000,""alpha_target"":3,""alpha_achieved"":3,""notes"":""control_axis=1, core=[0.45,0.55], g=9.9999e-07, h=9e-06, delta=2.49998e-07, shuffle_strips=1, shuffle_r=0, k_overridden=0""}"
exp6_stripe__nr100000__ns100000__a3_000ep00__g1,stripe,3,100000,100000,ours,enum_sampling,100000,2,3,1,484.09,600000,1,1,0,0,,0,"{""build_active_indices_ms"":5.468559,""build_events_ms"":42.022364,""build_ranks_ms"":41.327738,""build_y_domain_ms"":13.958546,""run_build_ms"":103.162300,""run_draw_ranks_ms"":7.424720,""run_enum_pass1_count_ms"":228.440719,""run_enum_pass2_select_ms"":99.698381,""run_enum_prepare_ms"":1.531468}",,"{""dataset"":{""source"":""synthetic"",""name"":""exp6_stripe__nr100000__ns100000__a3_000ep00__g1"",""dim"":2,""path_r"":"""",""path_s"":"""",""synthetic"":{""generator"":""stripe"",""n_r"":100000,""n_s"":100000,""alpha"":3,""seed"":1}},""run"":{""method"":""ours"",""variant"":""enum_sampling"",""t"":100000,""seed"":1,""repeats"":3,""j_star"":1000000,""enum_cap"":0,""write_samples"":false,""verify"":false},""output"":{""out_dir"":""/home/dhy/PhD/SIGMOD-EXP/EXP-2/run/temp/exp6"",""run_tag"":""""},""sys"":{""threads"":1},""logging"":{""level"":""INFO"",""with_timestamp"":true,""with_thread_id"":false}}","{""generator"":""stripe_ctrl_alpha"",""dataset"":""exp6_stripe__nr100000__ns100000__a3_000ep00__g1"",""n_r"":100000,""n_s"":100000,""has_exact_k"":true,""k_target"":600000,""k_achieved"":600000,""alpha_target"":3,""alpha_achieved"":3,""notes"":""control_axis=1, core=[0.45,0.55], g=9.9999e-07, h=9e-06, delta=2.49998e-07, shuffle_strips=1, shuffle_r=0, k_overridden=0""}"
exp6_stripe__nr100000__ns100000__a3_000ep00__g1,stripe,3,100000,100000,ours,adaptive,100000,0,1,1,330.337,600000,1,1,0,0,enumerate_all,600000,"{""build_active_indices_ms"":5.579977,""build_events_ms"":34.525017,""build_ranks_ms"":40.101144,""build_y_domain_ms"":13.955835,""run_build_ms"":94.674863,""run_pilot_enum_prepare_ms"":1.527119,""run_pilot_enum_scan_ms"":232.820860,""run_small_join_sample_from_list_ms"":1.300634}",,"{""dataset"":{""source"":""synthetic"",""name"":""exp6_stripe__nr100000__ns100000__a3_000ep00__g1"",""dim"":2,""path_r"":"""",""path_s"":"""",""synthetic"":{""generator"":""stripe"",""n_r"":100000,""n_s"":100000,""alpha"":3,""seed"":1}},""run"":{""method"":""ours"",""variant"":""adaptive"",""t"":100000,""seed"":1,""repeats"":3,""j_star"":1000000,""enum_cap"":0,""write_samples"":false,""verify"":false},""output"":{""out_dir"":""/home/dhy/PhD/SIGMOD-EXP/EXP-2/run/temp/exp6"",""run_tag"":""""},""sys"":{""threads"":1},""logging"":{""level"":""INFO"",""with_timestamp"":true,""with_thread_id"":false}}","{""generator"":""stripe_ctrl_alpha"",""dataset"":""exp6_stripe__nr100000__ns100000__a3_000ep00__g1"",""n_r"":100000,""n_s"":100000,""has_exact_k"":true,""k_target"":600000,""k_achieved"":600000,""alpha_target"":3,""alpha_achieved"":3,""notes"":""control_axis=1, core=[0.45,0.55], g=9.9999e-07, h=9e-06, delta=2.49998e-07, shuffle_strips=1, shuffle_r=0, k_overridden=0""}"
exp6_stripe__nr100000__ns100000__a3_000ep00__g1,stripe,3,100000,100000,ours,adaptive,100000,1,2,1,382.35,600000,1,1,0,0,enumerate_all,600000,"{""build_active_indices_ms"":5.447139,""build_events_ms"":42.006476,""build_ranks_ms"":40.061394,""build_y_domain_ms"":13.949765,""run_build_ms"":101.976575,""run_pilot_enum_prepare_ms"":1.546178,""run_pilot_enum_scan_ms"":234.496076,""run_small_join_sample_from_list_ms"":1.174226}",,"{""dataset"":{""source"":""synthetic"",""name"":""exp6_stripe__nr100000__ns100000__a3_000ep00__g1"",""dim"":2,""path_r"":"""",""path_s"":"""",""synthetic"":{""generator"":""stripe"",""n_r"":100000,""n_s"":100000,""alpha"":3,""seed"":1}},""run"":{""method"":""ours"",""variant"":""adaptive"",""t"":100000,""seed"":1,""repeats"":3,""j_star"":1000000,""enum_cap"":0,""write_samples"":false,""verify"":false},""output"":{""out_dir"":""/home/dhy/PhD/SIGMOD-EXP/EXP-2/run/temp/exp6"",""run_tag"":""""},""sys"":{""threads"":1},""logging"":{""level"":""INFO"",""with_timestamp"":true,""with_thread_id"":false}}","{""generator"":""stripe_ctrl_alpha"",""dataset"":""exp6_stripe__nr100000__ns100000__a3_000ep00__g1"",""n_r"":100000,""n_s"":100000,""has_exact_k"":true,""k_target"":600000,""k_achieved"":600000,""alpha_target"":3,""alpha_achieved"":3,""notes"":""control_axis=1, core=[0.45,0.55], g=9.9999e-07, h=9e-06, delta=2.49998e-07, shuffle_strips=1, shuffle_r=0, k_overridden=0""}"
exp6_stripe__nr100000__ns100000__a3_000ep00__g1,stripe,3,100000,100000,ours,adaptive,100000,2,3,1,379.984,600000,1,1,0,0,enumerate_all,600000,"{""build_active_indices_ms"":5.537237,""build_events_ms"":41.746210,""build_ranks_ms"":40.058034,""build_y_domain_ms"":13.985215,""run_build_ms"":101.824036,""run_pilot_enum_prepare_ms"":1.541158,""run_pilot_enum_scan_ms"":232.476998,""run_small_join_sample_from_list_ms"":1.158557}",,"{""dataset"":{""source"":""synthetic"",""name"":""exp6_stripe__nr100000__ns100000__a3_000ep00__g1"",""dim"":2,""path_r"":"""",""path_s"":"""",""synthetic"":{""generator"":""stripe"",""n_r"":100000,""n_s"":100000,""alpha"":3,""seed"":1}},""run"":{""method"":""ours"",""variant"":""adaptive"",""t"":100000,""seed"":1,""repeats"":3,""j_star"":1000000,""enum_cap"":0,""write_samples"":false,""verify"":false},""output"":{""out_dir"":""/home/dhy/PhD/SIGMOD-EXP/EXP-2/run/temp/exp6"",""run_tag"":""""},""sys"":{""threads"":1},""logging"":{""level"":""INFO"",""with_timestamp"":true,""with_thread_id"":false}}","{""generator"":""stripe_ctrl_alpha"",""dataset"":""exp6_stripe__nr100000__ns100000__a3_000ep00__g1"",""n_r"":100000,""n_s"":100000,""has_exact_k"":true,""k_target"":600000,""k_achieved"":600000,""alpha_target"":3,""alpha_achieved"":3,""notes"":""control_axis=1, core=[0.45,0.55], g=9.9999e-07, h=9e-06, delta=2.49998e-07, shuffle_strips=1, shuffle_r=0, k_overridden=0""}"
exp6_stripe__nr100000__ns100000__a3_000ep00__g1,stripe,3,100000,100000,ours,sampling,300000,0,1,1,484.149,600000,1,0,0,0,,0,"{""build_active_indices_ms"":9.500337,""build_events_ms"":34.424679,""build_ranks_ms"":40.037185,""build_y_domain_ms"":13.995305,""phase1_count_ms"":221.494031,""phase2_plan_ms"":14.290719,""phase3_sample_ms"":149.808790,""run_build_ms"":98.461636,""run_count_ms"":221.498580,""run_sample_ms"":164.185118}",,"{""dataset"":{""source"":""synthetic"",""name"":""exp6_stripe__nr100000__ns100000__a3_000ep00__g1"",""dim"":2,""path_r"":"""",""path_s"":"""",""synthetic"":{""generator"":""stripe"",""n_r"":100000,""n_s"":100000,""alpha"":3,""seed"":1}},""run"":{""method"":""ours"",""variant"":""sampling"",""t"":300000,""seed"":1,""repeats"":3,""j_star"":1000000,""enum_cap"":0,""write_samples"":false,""verify"":false},""output"":{""out_dir"":""/home/dhy/PhD/SIGMOD-EXP/EXP-2/run/temp/exp6"",""run_tag"":""""},""sys"":{""threads"":1},""logging"":{""level"":""INFO"",""with_timestamp"":true,""with_thread_id"":false}}","{""generator"":""stripe_ctrl_alpha"",""dataset"":""exp6_stripe__nr100000__ns100000__a3_000ep00__g1"",""n_r"":100000,""n_s"":100000,""has_exact_k"":true,""k_target"":600000,""k_achieved"":600000,""alpha_target"":3,""alpha_achieved"":3,""notes"":""control_axis=1, core=[0.45,0.55], g=9.9999e-07, h=9e-06, delta=2.49998e-07, shuffle_strips=1, shuffle_r=0, k_overridden=0""}"
exp6_stripe__nr100000__ns100000__a3_000ep00__g1,stripe,3,100000,100000,ours,sampling,300000,1,2,1,527.253,600000,1,0,0,0,,0,"{""build_active_indices_ms"":5.489178,""build_events_ms"":42.427566,""build_ranks_ms"":40.009826,""build_y_domain_ms"":13.960835,""phase1_count_ms"":221.145408,""phase2_plan_ms"":12.489495,""phase3_sample_ms"":148.341560,""run_build_ms"":102.382516,""run_count_ms"":221.149498,""run_sample_ms"":160.916223}",,"{""dataset"":{""source"":""synthetic"",""name"":""exp6_stripe__nr100000__ns100000__a3_000ep00__g1"",""dim"":2,""path_r"":"""",""path_s"":"""",""synthetic"":{""generator"":""stripe"",""n_r"":100000,""n_s"":100000,""alpha"":3,""seed"":1}},""run"":{""method"":""ours"",""variant"":""sampling"",""t"":300000,""seed"":1,""repeats"":3,""j_star"":1000000,""enum_cap"":0,""write_samples"":false,""verify"":false},""output"":{""out_dir"":""/home/dhy/PhD/SIGMOD-EXP/EXP-2/run/temp/exp6"",""run_tag"":""""},""sys"":{""threads"":1},""logging"":{""level"":""INFO"",""with_timestamp"":true,""with_thread_id"":false}}","{""generator"":""stripe_ctrl_alpha"",""dataset"":""exp6_stripe__nr100000__ns100000__a3_000ep00__g1"",""n_r"":100000,""n_s"":100000,""has_exact_k"":true,""k_target"":600000,""k_achieved"":600000,""alpha_target"":3,""alpha_achieved"":3,""notes"":""control_axis=1, core=[0.45,0.55], g=9.9999e-07, h=9e-06, delta=2.49998e-07, shuffle_strips=1, shuffle_r=0, k_overridden=0""}"
exp6_stripe__nr100000__ns100000__a3_000ep00__g1,stripe,3,100000,100000,ours,sampling,300000,2,3,1,529.611,600000,1,0,0,0,,0,"{""build_active_indices_ms"":5.440769,""build_events_ms"":41.943576,""build_ranks_ms"":40.043095,""build_y_domain_ms"":13.937726,""phase1_count_ms"":222.451502,""phase2_plan_ms"":12.447607,""phase3_sample_ms"":150.160483,""run_build_ms"":101.871256,""run_count_ms"":222.455502,""run_sample_ms"":162.693808}",,"{""dataset"":{""source"":""synthetic"",""name"":""exp6_stripe__nr100000__ns100000__a3_000ep00__g1"",""dim"":2,""path_r"":"""",""path_s"":"""",""synthetic"":{""generator"":""stripe"",""n_r"":100000,""n_s"":100000,""alpha"":3,""seed"":1}},""run"":{""method"":""ours"",""variant"":""sampling"",""t"":300000,""seed"":1,""repeats"":3,""j_star"":1000000,""enum_cap"":0,""write_samples"":false,""verify"":false},""output"":{""out_dir"":""/home/dhy/PhD/SIGMOD-EXP/EXP-2/run/temp/exp6"",""run_tag"":""""},""sys"":{""threads"":1},""logging"":{""level"":""INFO"",""with_timestamp"":true,""with_thread_id"":false}}","{""generator"":""stripe_ctrl_alpha"",""dataset"":""exp6_stripe__nr100000__ns100000__a3_000ep00__g1"",""n_r"":100000,""n_s"":100000,""has_exact_k"":true,""k_target"":600000,""k_achieved"":600000,""alpha_target"":3,""alpha_achieved"":3,""notes"":""control_axis=1, core=[0.45,0.55], g=9.9999e-07, h=9e-06, delta=2.49998e-07, shuffle_strips=1, shuffle_r=0, k_overridden=0""}"
exp6_stripe__nr100000__ns100000__a3_000ep00__g1,stripe,3,100000,100000,ours,enum_sampling,300000,0,1,1,455.296,600000,1,1,0,0,,0,"{""build_active_indices_ms"":9.532266,""build_events_ms"":34.535457,""build_ranks_ms"":40.075915,""build_y_domain_ms"":13.955917,""run_build_ms"":98.492085,""run_draw_ranks_ms"":24.730217,""run_enum_pass1_count_ms"":226.694714,""run_enum_pass2_select_ms"":102.242889,""run_enum_prepare_ms"":1.563539}",,"{""dataset"":{""source"":""synthetic"",""name"":""exp6_stripe__nr100000__ns100000__a3_000ep00__g1"",""dim"":2,""path_r"":"""",""path_s"":"""",""synthetic"":{""generator"":""stripe"",""n_r"":100000,""n_s"":100000,""alpha"":3,""seed"":1}},""run"":{""method"":""ours"",""variant"":""enum_sampling"",""t"":300000,""seed"":1,""repeats"":3,""j_star"":1000000,""enum_cap"":0,""write_samples"":false,""verify"":false},""output"":{""out_dir"":""/home/dhy/PhD/SIGMOD-EXP/EXP-2/run/temp/exp6"",""run_tag"":""""},""sys"":{""threads"":1},""logging"":{""level"":""INFO"",""with_timestamp"":true,""with_thread_id"":false}}","{""generator"":""stripe_ctrl_alpha"",""dataset"":""exp6_stripe__nr100000__ns100000__a3_000ep00__g1"",""n_r"":100000,""n_s"":100000,""has_exact_k"":true,""k_target"":600000,""k_achieved"":600000,""alpha_target"":3,""alpha_achieved"":3,""notes"":""control_axis=1, core=[0.45,0.55], g=9.9999e-07, h=9e-06, delta=2.49998e-07, shuffle_strips=1, shuffle_r=0, k_overridden=0""}"
exp6_stripe__nr100000__ns100000__a3_000ep00__g1,stripe,3,100000,100000,ours,enum_sampling,300000,1,2,1,504.613,600000,1,1,0,0,,0,"{""build_active_indices_ms"":5.475358,""build_events_ms"":42.440916,""build_ranks_ms"":40.036505,""build_y_domain_ms"":13.941066,""run_build_ms"":102.281217,""run_draw_ranks_ms"":24.585000,""run_enum_pass1_count_ms"":228.531319,""run_enum_pass2_select_ms"":103.517063,""run_enum_prepare_ms"":1.513059}",,"{""dataset"":{""source"":""synthetic"",""name"":""exp6_stripe__nr100000__ns100000__a3_000ep00__g1"",""dim"":2,""path_r"":"""",""path_s"":"""",""synthetic"":{""generator"":""stripe"",""n_r"":100000,""n_s"":100000,""alpha"":3,""seed"":1}},""run"":{""method"":""ours"",""variant"":""enum_sampling"",""t"":300000,""seed"":1,""repeats"":3,""j_star"":1000000,""enum_cap"":0,""write_samples"":false,""verify"":false},""output"":{""out_dir"":""/home/dhy/PhD/SIGMOD-EXP/EXP-2/run/temp/exp6"",""run_tag"":""""},""sys"":{""threads"":1},""logging"":{""level"":""INFO"",""with_timestamp"":true,""with_thread_id"":false}}","{""generator"":""stripe_ctrl_alpha"",""dataset"":""exp6_stripe__nr100000__ns100000__a3_000ep00__g1"",""n_r"":100000,""n_s"":100000,""has_exact_k"":true,""k_target"":600000,""k_achieved"":600000,""alpha_target"":3,""alpha_achieved"":3,""notes"":""control_axis=1, core=[0.45,0.55], g=9.9999e-07, h=9e-06, delta=2.49998e-07, shuffle_strips=1, shuffle_r=0, k_overridden=0""}"
exp6_stripe__nr100000__ns100000__a3_000ep00__g1,stripe,3,100000,100000,ours,enum_sampling,300000,2,3,1,502.078,600000,1,1,0,0,,0,"{""build_active_indices_ms"":5.492588,""build_events_ms"":42.030224,""build_ranks_ms"":40.035765,""build_y_domain_ms"":13.986825,""run_build_ms"":101.931225,""run_draw_ranks_ms"":24.639529,""run_enum_pass1_count_ms"":227.948180,""run_enum_pass2_select_ms"":102.041534,""run_enum_prepare_ms"":1.505939}",,"{""dataset"":{""source"":""synthetic"",""name"":""exp6_stripe__nr100000__ns100000__a3_000ep00__g1"",""dim"":2,""path_r"":"""",""path_s"":"""",""synthetic"":{""generator"":""stripe"",""n_r"":100000,""n_s"":100000,""alpha"":3,""seed"":1}},""run"":{""method"":""ours"",""variant"":""enum_sampling"",""t"":300000,""seed"":1,""repeats"":3,""j_star"":1000000,""enum_cap"":0,""write_samples"":false,""verify"":false},""output"":{""out_dir"":""/home/dhy/PhD/SIGMOD-EXP/EXP-2/run/temp/exp6"",""run_tag"":""""},""sys"":{""threads"":1},""logging"":{""level"":""INFO"",""with_timestamp"":true,""with_thread_id"":false}}","{""generator"":""stripe_ctrl_alpha"",""dataset"":""exp6_stripe__nr100000__ns100000__a3_000ep00__g1"",""n_r"":100000,""n_s"":100000,""has_exact_k"":true,""k_target"":600000,""k_achieved"":600000,""alpha_target"":3,""alpha_achieved"":3,""notes"":""control_axis=1, core=[0.45,0.55], g=9.9999e-07, h=9e-06, delta=2.49998e-07, shuffle_strips=1, shuffle_r=0, k_overridden=0""}"
exp6_stripe__nr100000__ns100000__a3_000ep00__g1,stripe,3,100000,100000,ours,adaptive,300000,0,1,1,330.224,600000,1,1,0,0,enumerate_all,600000,"{""build_active_indices_ms"":5.580896,""build_events_ms"":34.503277,""build_ranks_ms"":40.037734,""build_y_domain_ms"":13.952846,""run_build_ms"":94.582704,""run_pilot_enum_prepare_ms"":1.546119,""run_pilot_enum_scan_ms"":231.396949,""run_small_join_sample_from_list_ms"":2.685336}",,"{""dataset"":{""source"":""synthetic"",""name"":""exp6_stripe__nr100000__ns100000__a3_000ep00__g1"",""dim"":2,""path_r"":"""",""path_s"":"""",""synthetic"":{""generator"":""stripe"",""n_r"":100000,""n_s"":100000,""alpha"":3,""seed"":1}},""run"":{""method"":""ours"",""variant"":""adaptive"",""t"":300000,""seed"":1,""repeats"":3,""j_star"":1000000,""enum_cap"":0,""write_samples"":false,""verify"":false},""output"":{""out_dir"":""/home/dhy/PhD/SIGMOD-EXP/EXP-2/run/temp/exp6"",""run_tag"":""""},""sys"":{""threads"":1},""logging"":{""level"":""INFO"",""with_timestamp"":true,""with_thread_id"":false}}","{""generator"":""stripe_ctrl_alpha"",""dataset"":""exp6_stripe__nr100000__ns100000__a3_000ep00__g1"",""n_r"":100000,""n_s"":100000,""has_exact_k"":true,""k_target"":600000,""k_achieved"":600000,""alpha_target"":3,""alpha_achieved"":3,""notes"":""control_axis=1, core=[0.45,0.55], g=9.9999e-07, h=9e-06, delta=2.49998e-07, shuffle_strips=1, shuffle_r=0, k_overridden=0""}"
exp6_stripe__nr100000__ns100000__a3_000ep00__g1,stripe,3,100000,100000,ours,adaptive,300000,1,2,1,382.92,600000,1,1,0,0,enumerate_all,600000,"{""build_active_indices_ms"":5.497328,""build_events_ms"":42.126853,""build_ranks_ms"":40.029716,""build_y_domain_ms"":13.976036,""run_build_ms"":102.122572,""run_pilot_enum_prepare_ms"":1.554219,""run_pilot_enum_scan_ms"":231.438078,""run_small_join_sample_from_list_ms"":2.285233}",,"{""dataset"":{""source"":""synthetic"",""name"":""exp6_stripe__nr100000__ns100000__a3_000ep00__g1"",""dim"":2,""path_r"":"""",""path_s"":"""",""synthetic"":{""generator"":""stripe"",""n_r"":100000,""n_s"":100000,""alpha"":3,""seed"":1}},""run"":{""method"":""ours"",""variant"":""adaptive"",""t"":300000,""seed"":1,""repeats"":3,""j_star"":1000000,""enum_cap"":0,""write_samples"":false,""verify"":false},""output"":{""out_dir"":""/home/dhy/PhD/SIGMOD-EXP/EXP-2/run/temp/exp6"",""run_tag"":""""},""sys"":{""threads"":1},""logging"":{""level"":""INFO"",""with_timestamp"":true,""with_thread_id"":false}}","{""generator"":""stripe_ctrl_alpha"",""dataset"":""exp6_stripe__nr100000__ns100000__a3_000ep00__g1"",""n_r"":100000,""n_s"":100000,""has_exact_k"":true,""k_target"":600000,""k_achieved"":600000,""alpha_target"":3,""alpha_achieved"":3,""notes"":""control_axis=1, core=[0.45,0.55], g=9.9999e-07, h=9e-06, delta=2.49998e-07, shuffle_strips=1, shuffle_r=0, k_overridden=0""}"
exp6_stripe__nr100000__ns100000__a3_000ep00__g1,stripe,3,100000,100000,ours,adaptive,300000,2,3,1,380.079,600000,1,1,0,0,enumerate_all,600000,"{""build_active_indices_ms"":5.430099,""build_events_ms"":41.954406,""build_ranks_ms"":40.033925,""build_y_domain_ms"":13.947896,""run_build_ms"":101.876476,""run_pilot_enum_prepare_ms"":1.521739,""run_pilot_enum_scan_ms"":230.856291,""run_small_join_sample_from_list_ms"":2.252764}",,"{""dataset"":{""source"":""synthetic"",""name"":""exp6_stripe__nr100000__ns100000__a3_000ep00__g1"",""dim"":2,""path_r"":"""",""path_s"":"""",""synthetic"":{""generator"":""stripe"",""n_r"":100000,""n_s"":100000,""alpha"":3,""seed"":1}},""run"":{""method"":""ours"",""variant"":""adaptive"",""t"":300000,""seed"":1,""repeats"":3,""j_star"":1000000,""enum_cap"":0,""write_samples"":false,""verify"":false},""output"":{""out_dir"":""/home/dhy/PhD/SIGMOD-EXP/EXP-2/run/temp/exp6"",""run_tag"":""""},""sys"":{""threads"":1},""logging"":{""level"":""INFO"",""with_timestamp"":true,""with_thread_id"":false}}","{""generator"":""stripe_ctrl_alpha"",""dataset"":""exp6_stripe__nr100000__ns100000__a3_000ep00__g1"",""n_r"":100000,""n_s"":100000,""has_exact_k"":true,""k_target"":600000,""k_achieved"":600000,""alpha_target"":3,""alpha_achieved"":3,""notes"":""control_axis=1, core=[0.45,0.55], g=9.9999e-07, h=9e-06, delta=2.49998e-07, shuffle_strips=1, shuffle_r=0, k_overridden=0""}"
exp6_stripe__nr100000__ns100000__a3_000ep00__g1,stripe,3,100000,100000,ours,sampling,1000000,0,1,1,518.429,600000,1,0,0,0,,0,"{""build_active_indices_ms"":9.503186,""build_events_ms"":34.545017,""build_ranks_ms"":40.028605,""build_y_domain_ms"":13.952276,""phase1_count_ms"":223.263315,""phase2_plan_ms"":32.845321,""phase3_sample_ms"":163.505041,""run_build_ms"":98.535724,""run_count_ms"":223.267485,""run_sample_ms"":196.622138}",,"{""dataset"":{""source"":""synthetic"",""name"":""exp6_stripe__nr100000__ns100000__a3_000ep00__g1"",""dim"":2,""path_r"":"""",""path_s"":"""",""synthetic"":{""generator"":""stripe"",""n_r"":100000,""n_s"":100000,""alpha"":3,""seed"":1}},""run"":{""method"":""ours"",""variant"":""sampling"",""t"":1000000,""seed"":1,""repeats"":3,""j_star"":1000000,""enum_cap"":0,""write_samples"":false,""verify"":false},""output"":{""out_dir"":""/home/dhy/PhD/SIGMOD-EXP/EXP-2/run/temp/exp6"",""run_tag"":""""},""sys"":{""threads"":1},""logging"":{""level"":""INFO"",""with_timestamp"":true,""with_thread_id"":false}}","{""generator"":""stripe_ctrl_alpha"",""dataset"":""exp6_stripe__nr100000__ns100000__a3_000ep00__g1"",""n_r"":100000,""n_s"":100000,""has_exact_k"":true,""k_target"":600000,""k_achieved"":600000,""alpha_target"":3,""alpha_achieved"":3,""notes"":""control_axis=1, core=[0.45,0.55], g=9.9999e-07, h=9e-06, delta=2.49998e-07, shuffle_strips=1, shuffle_r=0, k_overridden=0""}"
exp6_stripe__nr100000__ns100000__a3_000ep00__g1,stripe,3,100000,100000,ours,sampling,1000000,1,2,1,560.724,600000,1,0,0,0,,0,"{""build_active_indices_ms"":5.458309,""build_events_ms"":42.252310,""build_ranks_ms"":40.050595,""build_y_domain_ms"":13.942017,""phase1_count_ms"":222.032671,""phase2_plan_ms"":29.802343,""phase3_sample_ms"":162.398015,""run_build_ms"":102.206360,""run_count_ms"":222.036700,""run_sample_ms"":193.570240}",,"{""dataset"":{""source"":""synthetic"",""name"":""exp6_stripe__nr100000__ns100000__a3_000ep00__g1"",""dim"":2,""path_r"":"""",""path_s"":"""",""synthetic"":{""generator"":""stripe"",""n_r"":100000,""n_s"":100000,""alpha"":3,""seed"":1}},""run"":{""method"":""ours"",""variant"":""sampling"",""t"":1000000,""seed"":1,""repeats"":3,""j_star"":1000000,""enum_cap"":0,""write_samples"":false,""verify"":false},""output"":{""out_dir"":""/home/dhy/PhD/SIGMOD-EXP/EXP-2/run/temp/exp6"",""run_tag"":""""},""sys"":{""threads"":1},""logging"":{""level"":""INFO"",""with_timestamp"":true,""with_thread_id"":false}}","{""generator"":""stripe_ctrl_alpha"",""dataset"":""exp6_stripe__nr100000__ns100000__a3_000ep00__g1"",""n_r"":100000,""n_s"":100000,""has_exact_k"":true,""k_target"":600000,""k_achieved"":600000,""alpha_target"":3,""alpha_achieved"":3,""notes"":""control_axis=1, core=[0.45,0.55], g=9.9999e-07, h=9e-06, delta=2.49998e-07, shuffle_strips=1, shuffle_r=0, k_overridden=0""}"
exp6_stripe__nr100000__ns100000__a3_000ep00__g1,stripe,3,100000,100000,ours,sampling,1000000,2,3,1,563.173,600000,1,0,0,0,,0,"{""build_active_indices_ms"":5.421690,""build_events_ms"":41.952216,""build_ranks_ms"":40.063654,""build_y_domain_ms"":13.964236,""phase1_count_ms"":225.527879,""phase2_plan_ms"":29.838842,""phase3_sample_ms"":162.893184,""run_build_ms"":101.903906,""run_count_ms"":225.532259,""run_sample_ms"":193.004161}",,"{""dataset"":{""source"":""synthetic"",""name"":""exp6_stripe__nr100000__ns100000__a3_000ep00__g1"",""dim"":2,""path_r"":"""",""path_s"":"""",""synthetic"":{""generator"":""stripe"",""n_r"":100000,""n_s"":100000,""alpha"":3,""seed"":1}},""run"":{""method"":""ours"",""variant"":""sampling"",""t"":1000000,""seed"":1,""repeats"":3,""j_star"":1000000,""enum_cap"":0,""write_samples"":false,""verify"":false},""output"":{""out_dir"":""/home/dhy/PhD/SIGMOD-EXP/EXP-2/run/temp/exp6"",""run_tag"":""""},""sys"":{""threads"":1},""logging"":{""level"":""INFO"",""with_timestamp"":true,""with_thread_id"":false}}","{""generator"":""stripe_ctrl_alpha"",""dataset"":""exp6_stripe__nr100000__ns100000__a3_000ep00__g1"",""n_r"":100000,""n_s"":100000,""has_exact_k"":true,""k_target"":600000,""k_achieved"":600000,""alpha_target"":3,""alpha_achieved"":3,""notes"":""control_axis=1, core=[0.45,0.55], g=9.9999e-07, h=9e-06, delta=2.49998e-07, shuffle_strips=1, shuffle_r=0, k_overridden=0""}"
exp6_stripe__nr100000__ns100000__a3_000ep00__g1,stripe,3,100000,100000,ours,enum_sampling,1000000,0,1,1,536.968,600000,1,1,0,0,,0,"{""build_active_indices_ms"":9.650703,""build_events_ms"":34.472879,""build_ranks_ms"":40.006005,""build_y_domain_ms"":13.943486,""run_build_ms"":98.464016,""run_draw_ranks_ms"":93.683253,""run_enum_pass1_count_ms"":228.303923,""run_enum_pass2_select_ms"":109.919152,""run_enum_prepare_ms"":1.573628}",,"{""dataset"":{""source"":""synthetic"",""name"":""exp6_stripe__nr100000__ns100000__a3_000ep00__g1"",""dim"":2,""path_r"":"""",""path_s"":"""",""synthetic"":{""generator"":""stripe"",""n_r"":100000,""n_s"":100000,""alpha"":3,""seed"":1}},""run"":{""method"":""ours"",""variant"":""enum_sampling"",""t"":1000000,""seed"":1,""repeats"":3,""j_star"":1000000,""enum_cap"":0,""write_samples"":false,""verify"":false},""output"":{""out_dir"":""/home/dhy/PhD/SIGMOD-EXP/EXP-2/run/temp/exp6"",""run_tag"":""""},""sys"":{""threads"":1},""logging"":{""level"":""INFO"",""with_timestamp"":true,""with_thread_id"":false}}","{""generator"":""stripe_ctrl_alpha"",""dataset"":""exp6_stripe__nr100000__ns100000__a3_000ep00__g1"",""n_r"":100000,""n_s"":100000,""has_exact_k"":true,""k_target"":600000,""k_achieved"":600000,""alpha_target"":3,""alpha_achieved"":3,""notes"":""control_axis=1, core=[0.45,0.55], g=9.9999e-07, h=9e-06, delta=2.49998e-07, shuffle_strips=1, shuffle_r=0, k_overridden=0""}"
exp6_stripe__nr100000__ns100000__a3_000ep00__g1,stripe,3,100000,100000,ours,enum_sampling,1000000,1,2,1,581.152,600000,1,1,0,0,,0,"{""build_active_indices_ms"":5.486579,""build_events_ms"":41.945086,""build_ranks_ms"":40.010575,""build_y_domain_ms"":13.953226,""run_build_ms"":101.782288,""run_draw_ranks_ms"":93.000988,""run_enum_pass1_count_ms"":228.933530,""run_enum_pass2_select_ms"":109.452232,""run_enum_prepare_ms"":1.519509}",,"{""dataset"":{""source"":""synthetic"",""name"":""exp6_stripe__nr100000__ns100000__a3_000ep00__g1"",""dim"":2,""path_r"":"""",""path_s"":"""",""synthetic"":{""generator"":""stripe"",""n_r"":100000,""n_s"":100000,""alpha"":3,""seed"":1}},""run"":{""method"":""ours"",""variant"":""enum_sampling"",""t"":1000000,""seed"":1,""repeats"":3,""j_star"":1000000,""enum_cap"":0,""write_samples"":false,""verify"":false},""output"":{""out_dir"":""/home/dhy/PhD/SIGMOD-EXP/EXP-2/run/temp/exp6"",""run_tag"":""""},""sys"":{""threads"":1},""logging"":{""level"":""INFO"",""with_timestamp"":true,""with_thread_id"":false}}","{""generator"":""stripe_ctrl_alpha"",""dataset"":""exp6_stripe__nr100000__ns100000__a3_000ep00__g1"",""n_r"":100000,""n_s"":100000,""has_exact_k"":true,""k_target"":600000,""k_achieved"":600000,""alpha_target"":3,""alpha_achieved"":3,""notes"":""control_axis=1, core=[0.45,0.55], g=9.9999e-07, h=9e-06, delta=2.49998e-07, shuffle_strips=1, shuffle_r=0, k_overridden=0""}"
exp6_stripe__nr100000__ns100000__a3_000ep00__g1,stripe,3,100000,100000,ours,enum_sampling,1000000,2,3,1,579.905,600000,1,1,0,0,,0,"{""build_active_indices_ms"":5.482689,""build_events_ms"":42.000845,""build_ranks_ms"":39.968306,""build_y_domain_ms"":13.959056,""run_build_ms"":101.795618,""run_draw_ranks_ms"":94.147604,""run_enum_pass1_count_ms"":228.517198,""run_enum_pass2_select_ms"":109.591729,""run_enum_prepare_ms"":1.507409}",,"{""dataset"":{""source"":""synthetic"",""name"":""exp6_stripe__nr100000__ns100000__a3_000ep00__g1"",""dim"":2,""path_r"":"""",""path_s"":"""",""synthetic"":{""generator"":""stripe"",""n_r"":100000,""n_s"":100000,""alpha"":3,""seed"":1}},""run"":{""method"":""ours"",""variant"":""enum_sampling"",""t"":1000000,""seed"":1,""repeats"":3,""j_star"":1000000,""enum_cap"":0,""write_samples"":false,""verify"":false},""output"":{""out_dir"":""/home/dhy/PhD/SIGMOD-EXP/EXP-2/run/temp/exp6"",""run_tag"":""""},""sys"":{""threads"":1},""logging"":{""level"":""INFO"",""with_timestamp"":true,""with_thread_id"":false}}","{""generator"":""stripe_ctrl_alpha"",""dataset"":""exp6_stripe__nr100000__ns100000__a3_000ep00__g1"",""n_r"":100000,""n_s"":100000,""has_exact_k"":true,""k_target"":600000,""k_achieved"":600000,""alpha_target"":3,""alpha_achieved"":3,""notes"":""control_axis=1, core=[0.45,0.55], g=9.9999e-07, h=9e-06, delta=2.49998e-07, shuffle_strips=1, shuffle_r=0, k_overridden=0""}"
exp6_stripe__nr100000__ns100000__a3_000ep00__g1,stripe,3,100000,100000,ours,adaptive,1000000,0,1,1,336.272,600000,1,1,0,0,enumerate_all,600000,"{""build_active_indices_ms"":7.018497,""build_events_ms"":34.458419,""build_ranks_ms"":39.983696,""build_y_domain_ms"":13.948305,""run_build_ms"":95.916018,""run_pilot_enum_prepare_ms"":1.567699,""run_pilot_enum_scan_ms"":232.913580,""run_small_join_sample_from_list_ms"":5.848521}",,"{""dataset"":{""source"":""synthetic"",""name"":""exp6_stripe__nr100000__ns100000__a3_000ep00__g1"",""dim"":2,""path_r"":"""",""path_s"":"""",""synthetic"":{""generator"":""stripe"",""n_r"":100000,""n_s"":100000,""alpha"":3,""seed"":1}},""run"":{""method"":""ours"",""variant"":""adaptive"",""t"":1000000,""seed"":1,""repeats"":3,""j_star"":1000000,""enum_cap"":0,""write_samples"":false,""verify"":false},""output"":{""out_dir"":""/home/dhy/PhD/SIGMOD-EXP/EXP-2/run/temp/exp6"",""run_tag"":""""},""sys"":{""threads"":1},""logging"":{""level"":""INFO"",""with_timestamp"":true,""with_thread_id"":false}}","{""generator"":""stripe_ctrl_alpha"",""dataset"":""exp6_stripe__nr100000__ns100000__a3_000ep00__g1"",""n_r"":100000,""n_s"":100000,""has_exact_k"":true,""k_target"":600000,""k_achieved"":600000,""alpha_target"":3,""alpha_achieved"":3,""notes"":""control_axis=1, core=[0.45,0.55], g=9.9999e-07, h=9e-06, delta=2.49998e-07, shuffle_strips=1, shuffle_r=0, k_overridden=0""}"
exp6_stripe__nr100000__ns100000__a3_000ep00__g1,stripe,3,100000,100000,ours,adaptive,1000000,1,2,1,382.333,600000,1,1,0,0,enumerate_all,600000,"{""build_active_indices_ms"":5.470709,""build_events_ms"":42.542815,""build_ranks_ms"":40.069004,""build_y_domain_ms"":13.950956,""run_build_ms"":102.539652,""run_pilot_enum_prepare_ms"":1.518750,""run_pilot_enum_scan_ms"":230.025658,""run_small_join_sample_from_list_ms"":3.879100}",,"{""dataset"":{""source"":""synthetic"",""name"":""exp6_stripe__nr100000__ns100000__a3_000ep00__g1"",""dim"":2,""path_r"":"""",""path_s"":"""",""synthetic"":{""generator"":""stripe"",""n_r"":100000,""n_s"":100000,""alpha"":3,""seed"":1}},""run"":{""method"":""ours"",""variant"":""adaptive"",""t"":1000000,""seed"":1,""repeats"":3,""j_star"":1000000,""enum_cap"":0,""write_samples"":false,""verify"":false},""output"":{""out_dir"":""/home/dhy/PhD/SIGMOD-EXP/EXP-2/run/temp/exp6"",""run_tag"":""""},""sys"":{""threads"":1},""logging"":{""level"":""INFO"",""with_timestamp"":true,""with_thread_id"":false}}","{""generator"":""stripe_ctrl_alpha"",""dataset"":""exp6_stripe__nr100000__ns100000__a3_000ep00__g1"",""n_r"":100000,""n_s"":100000,""has_exact_k"":true,""k_target"":600000,""k_achieved"":600000,""alpha_target"":3,""alpha_achieved"":3,""notes"":""control_axis=1, core=[0.45,0.55], g=9.9999e-07, h=9e-06, delta=2.49998e-07, shuffle_strips=1, shuffle_r=0, k_overridden=0""}"
exp6_stripe__nr100000__ns100000__a3_000ep00__g1,stripe,3,100000,100000,ours,adaptive,1000000,2,3,1,384.9,600000,1,1,0,0,enumerate_all,600000,"{""build_active_indices_ms"":5.499268,""build_events_ms"":41.951906,""build_ranks_ms"":41.425567,""build_y_domain_ms"":13.949936,""run_build_ms"":103.318977,""run_pilot_enum_prepare_ms"":1.532959,""run_pilot_enum_scan_ms"":231.848082,""run_small_join_sample_from_list_ms"":4.037577}",,"{""dataset"":{""source"":""synthetic"",""name"":""exp6_stripe__nr100000__ns100000__a3_000ep00__g1"",""dim"":2,""path_r"":"""",""path_s"":"""",""synthetic"":{""generator"":""stripe"",""n_r"":100000,""n_s"":100000,""alpha"":3,""seed"":1}},""run"":{""method"":""ours"",""variant"":""adaptive"",""t"":1000000,""seed"":1,""repeats"":3,""j_star"":1000000,""enum_cap"":0,""write_samples"":false,""verify"":false},""output"":{""out_dir"":""/home/dhy/PhD/SIGMOD-EXP/EXP-2/run/temp/exp6"",""run_tag"":""""},""sys"":{""threads"":1},""logging"":{""level"":""INFO"",""with_timestamp"":true,""with_thread_id"":false}}","{""generator"":""stripe_ctrl_alpha"",""dataset"":""exp6_stripe__nr100000__ns100000__a3_000ep00__g1"",""n_r"":100000,""n_s"":100000,""has_exact_k"":true,""k_target"":600000,""k_achieved"":600000,""alpha_target"":3,""alpha_achieved"":3,""notes"":""control_axis=1, core=[0.45,0.55], g=9.9999e-07, h=9e-06, delta=2.49998e-07, shuffle_strips=1, shuffle_r=0, k_overridden=0""}"
exp6_stripe__nr100000__ns100000__a1_000ep01__g1,stripe,10,100000,100000,ours,sampling,1000,0,1,1,462.206,2e+06,1,0,0,0,,0,"{""build_active_indices_ms"":9.549796,""build_events_ms"":34.714504,""build_ranks_ms"":39.975616,""build_y_domain_ms"":13.851738,""phase1_count_ms"":222.178418,""phase2_plan_ms"":6.064496,""phase3_sample_ms"":135.351166,""run_build_ms"":98.597853,""run_count_ms"":222.182868,""run_sample_ms"":141.421331}",,"{""dataset"":{""source"":""synthetic"",""name"":""exp6_stripe__nr100000__ns100000__a1_000ep01__g1"",""dim"":2,""path_r"":"""",""path_s"":"""",""synthetic"":{""generator"":""stripe"",""n_r"":100000,""n_s"":100000,""alpha"":10,""seed"":1}},""run"":{""method"":""ours"",""variant"":""sampling"",""t"":1000,""seed"":1,""repeats"":3,""j_star"":1000000,""enum_cap"":0,""write_samples"":false,""verify"":false},""output"":{""out_dir"":""/home/dhy/PhD/SIGMOD-EXP/EXP-2/run/temp/exp6"",""run_tag"":""""},""sys"":{""threads"":1},""logging"":{""level"":""INFO"",""with_timestamp"":true,""with_thread_id"":false}}","{""generator"":""stripe_ctrl_alpha"",""dataset"":""exp6_stripe__nr100000__ns100000__a1_000ep01__g1"",""n_r"":100000,""n_s"":100000,""has_exact_k"":true,""k_target"":2000000,""k_achieved"":2000000,""alpha_target"":10,""alpha_achieved"":10,""notes"":""control_axis=1, core=[0.45,0.55], g=9.9999e-07, h=9e-06, delta=2.49998e-07, shuffle_strips=1, shuffle_r=0, k_overridden=0""}"
exp6_stripe__nr100000__ns100000__a1_000ep01__g1,stripe,10,100000,100000,ours,sampling,1000,1,2,1,507.96,2e+06,1,0,0,0,,0,"{""build_active_indices_ms"":5.480548,""build_events_ms"":42.311459,""build_ranks_ms"":40.037165,""build_y_domain_ms"":13.868108,""phase1_count_ms"":223.416363,""phase2_plan_ms"":4.753823,""phase3_sample_ms"":135.058431,""run_build_ms"":102.191860,""run_count_ms"":223.419493,""run_sample_ms"":139.819074}",,"{""dataset"":{""source"":""synthetic"",""name"":""exp6_stripe__nr100000__ns100000__a1_000ep01__g1"",""dim"":2,""path_r"":"""",""path_s"":"""",""synthetic"":{""generator"":""stripe"",""n_r"":100000,""n_s"":100000,""alpha"":10,""seed"":1}},""run"":{""method"":""ours"",""variant"":""sampling"",""t"":1000,""seed"":1,""repeats"":3,""j_star"":1000000,""enum_cap"":0,""write_samples"":false,""verify"":false},""output"":{""out_dir"":""/home/dhy/PhD/SIGMOD-EXP/EXP-2/run/temp/exp6"",""run_tag"":""""},""sys"":{""threads"":1},""logging"":{""level"":""INFO"",""with_timestamp"":true,""with_thread_id"":false}}","{""generator"":""stripe_ctrl_alpha"",""dataset"":""exp6_stripe__nr100000__ns100000__a1_000ep01__g1"",""n_r"":100000,""n_s"":100000,""has_exact_k"":true,""k_target"":2000000,""k_achieved"":2000000,""alpha_target"":10,""alpha_achieved"":10,""notes"":""control_axis=1, core=[0.45,0.55], g=9.9999e-07, h=9e-06, delta=2.49998e-07, shuffle_strips=1, shuffle_r=0, k_overridden=0""}"
exp6_stripe__nr100000__ns100000__a1_000ep01__g1,stripe,10,100000,100000,ours,sampling,1000,2,3,1,505.705,2e+06,1,0,0,0,,0,"{""build_active_indices_ms"":5.493168,""build_events_ms"":41.963776,""build_ranks_ms"":39.993037,""build_y_domain_ms"":13.856458,""phase1_count_ms"":221.323346,""phase2_plan_ms"":4.475409,""phase3_sample_ms"":135.018191,""run_build_ms"":101.811478,""run_count_ms"":221.327256,""run_sample_ms"":139.499560}",,"{""dataset"":{""source"":""synthetic"",""name"":""exp6_stripe__nr100000__ns100000__a1_000ep01__g1"",""dim"":2,""path_r"":"""",""path_s"":"""",""synthetic"":{""generator"":""stripe"",""n_r"":100000,""n_s"":100000,""alpha"":10,""seed"":1}},""run"":{""method"":""ours"",""variant"":""sampling"",""t"":1000,""seed"":1,""repeats"":3,""j_star"":1000000,""enum_cap"":0,""write_samples"":false,""verify"":false},""output"":{""out_dir"":""/home/dhy/PhD/SIGMOD-EXP/EXP-2/run/temp/exp6"",""run_tag"":""""},""sys"":{""threads"":1},""logging"":{""level"":""INFO"",""with_timestamp"":true,""with_thread_id"":false}}","{""generator"":""stripe_ctrl_alpha"",""dataset"":""exp6_stripe__nr100000__ns100000__a1_000ep01__g1"",""n_r"":100000,""n_s"":100000,""has_exact_k"":true,""k_target"":2000000,""k_achieved"":2000000,""alpha_target"":10,""alpha_achieved"":10,""notes"":""control_axis=1, core=[0.45,0.55], g=9.9999e-07, h=9e-06, delta=2.49998e-07, shuffle_strips=1, shuffle_r=0, k_overridden=0""}"
exp6_stripe__nr100000__ns100000__a1_000ep01__g1,stripe,10,100000,100000,ours,enum_sampling,1000,0,1,1,451.1,2e+06,1,1,0,0,,0,"{""build_active_indices_ms"":9.750511,""build_events_ms"":34.739402,""build_ranks_ms"":40.032566,""build_y_domain_ms"":13.860558,""run_build_ms"":98.775560,""run_draw_ranks_ms"":0.048090,""run_enum_pass1_count_ms"":243.963565,""run_enum_pass2_select_ms"":106.766928,""run_enum_prepare_ms"":1.530899}",,"{""dataset"":{""source"":""synthetic"",""name"":""exp6_stripe__nr100000__ns100000__a1_000ep01__g1"",""dim"":2,""path_r"":"""",""path_s"":"""",""synthetic"":{""generator"":""stripe"",""n_r"":100000,""n_s"":100000,""alpha"":10,""seed"":1}},""run"":{""method"":""ours"",""variant"":""enum_sampling"",""t"":1000,""seed"":1,""repeats"":3,""j_star"":1000000,""enum_cap"":0,""write_samples"":false,""verify"":false},""output"":{""out_dir"":""/home/dhy/PhD/SIGMOD-EXP/EXP-2/run/temp/exp6"",""run_tag"":""""},""sys"":{""threads"":1},""logging"":{""level"":""INFO"",""with_timestamp"":true,""with_thread_id"":false}}","{""generator"":""stripe_ctrl_alpha"",""dataset"":""exp6_stripe__nr100000__ns100000__a1_000ep01__g1"",""n_r"":100000,""n_s"":100000,""has_exact_k"":true,""k_target"":2000000,""k_achieved"":2000000,""alpha_target"":10,""alpha_achieved"":10,""notes"":""control_axis=1, core=[0.45,0.55], g=9.9999e-07, h=9e-06, delta=2.49998e-07, shuffle_strips=1, shuffle_r=0, k_overridden=0""}"
exp6_stripe__nr100000__ns100000__a1_000ep01__g1,stripe,10,100000,100000,ours,enum_sampling,1000,1,2,1,496.286,2e+06,1,1,0,0,,0,"{""build_active_indices_ms"":5.517247,""build_events_ms"":44.000215,""build_ranks_ms"":40.025446,""build_y_domain_ms"":13.889187,""run_build_ms"":103.818346,""run_draw_ranks_ms"":0.047399,""run_enum_pass1_count_ms"":241.372137,""run_enum_pass2_select_ms"":105.156180,""run_enum_prepare_ms"":1.549739}",,"{""dataset"":{""source"":""synthetic"",""name"":""exp6_stripe__nr100000__ns100000__a1_000ep01__g1"",""dim"":2,""path_r"":"""",""path_s"":"""",""synthetic"":{""generator"":""stripe"",""n_r"":100000,""n_s"":100000,""alpha"":10,""seed"":1}},""run"":{""method"":""ours"",""variant"":""enum_sampling"",""t"":1000,""seed"":1,""repeats"":3,""j_star"":1000000,""enum_cap"":0,""write_samples"":false,""verify"":false},""output"":{""out_dir"":""/home/dhy/PhD/SIGMOD-EXP/EXP-2/run/temp/exp6"",""run_tag"":""""},""sys"":{""threads"":1},""logging"":{""level"":""INFO"",""with_timestamp"":true,""with_thread_id"":false}}","{""generator"":""stripe_ctrl_alpha"",""dataset"":""exp6_stripe__nr100000__ns100000__a1_000ep01__g1"",""n_r"":100000,""n_s"":100000,""has_exact_k"":true,""k_target"":2000000,""k_achieved"":2000000,""alpha_target"":10,""alpha_achieved"":10,""notes"":""control_axis=1, core=[0.45,0.55], g=9.9999e-07, h=9e-06, delta=2.49998e-07, shuffle_strips=1, shuffle_r=0, k_overridden=0""}"
exp6_stripe__nr100000__ns100000__a1_000ep01__g1,stripe,10,100000,100000,ours,enum_sampling,1000,2,3,1,494.081,2e+06,1,1,0,0,,0,"{""build_active_indices_ms"":5.525547,""build_events_ms"":41.933127,""build_ranks_ms"":40.016485,""build_y_domain_ms"":13.864228,""run_build_ms"":101.725329,""run_draw_ranks_ms"":0.047249,""run_enum_pass1_count_ms"":241.831588,""run_enum_pass2_select_ms"":105.069221,""run_enum_prepare_ms"":1.558499}",,"{""dataset"":{""source"":""synthetic"",""name"":""exp6_stripe__nr100000__ns100000__a1_000ep01__g1"",""dim"":2,""path_r"":"""",""path_s"":"""",""synthetic"":{""generator"":""stripe"",""n_r"":100000,""n_s"":100000,""alpha"":10,""seed"":1}},""run"":{""method"":""ours"",""variant"":""enum_sampling"",""t"":1000,""seed"":1,""repeats"":3,""j_star"":1000000,""enum_cap"":0,""write_samples"":false,""verify"":false},""output"":{""out_dir"":""/home/dhy/PhD/SIGMOD-EXP/EXP-2/run/temp/exp6"",""run_tag"":""""},""sys"":{""threads"":1},""logging"":{""level"":""INFO"",""with_timestamp"":true,""with_thread_id"":false}}","{""generator"":""stripe_ctrl_alpha"",""dataset"":""exp6_stripe__nr100000__ns100000__a1_000ep01__g1"",""n_r"":100000,""n_s"":100000,""has_exact_k"":true,""k_target"":2000000,""k_achieved"":2000000,""alpha_target"":10,""alpha_achieved"":10,""notes"":""control_axis=1, core=[0.45,0.55], g=9.9999e-07, h=9e-06, delta=2.49998e-07, shuffle_strips=1, shuffle_r=0, k_overridden=0""}"
exp6_stripe__nr100000__ns100000__a1_000ep01__g1,stripe,10,100000,100000,ours,adaptive,1000,0,1,1,548.551,2e+06,1,0,1,0,fallback_sampling,1000001,"{""build_active_indices_ms"":5.609375,""build_events_ms"":34.761142,""build_ranks_ms"":40.004276,""build_y_domain_ms"":13.842959,""phase1_count_adaptive_ms"":190.817037,""phase2_plan_ms"":5.257342,""phase3_sample_ms"":135.085170,""run_build_ms"":94.730392,""run_fallback_count_ms"":190.821447,""run_fallback_sample_ms"":140.349613,""run_pilot_enum_prepare_ms"":1.547478,""run_pilot_enum_scan_ms"":121.089856,""sample_ms"":140.348273}",,"{""dataset"":{""source"":""synthetic"",""name"":""exp6_stripe__nr100000__ns100000__a1_000ep01__g1"",""dim"":2,""path_r"":"""",""path_s"":"""",""synthetic"":{""generator"":""stripe"",""n_r"":100000,""n_s"":100000,""alpha"":10,""seed"":1}},""run"":{""method"":""ours"",""variant"":""adaptive"",""t"":1000,""seed"":1,""repeats"":3,""j_star"":1000000,""enum_cap"":0,""write_samples"":false,""verify"":false},""output"":{""out_dir"":""/home/dhy/PhD/SIGMOD-EXP/EXP-2/run/temp/exp6"",""run_tag"":""""},""sys"":{""threads"":1},""logging"":{""level"":""INFO"",""with_timestamp"":true,""with_thread_id"":false}}","{""generator"":""stripe_ctrl_alpha"",""dataset"":""exp6_stripe__nr100000__ns100000__a1_000ep01__g1"",""n_r"":100000,""n_s"":100000,""has_exact_k"":true,""k_target"":2000000,""k_achieved"":2000000,""alpha_target"":10,""alpha_achieved"":10,""notes"":""control_axis=1, core=[0.45,0.55], g=9.9999e-07, h=9e-06, delta=2.49998e-07, shuffle_strips=1, shuffle_r=0, k_overridden=0""}"
exp6_stripe__nr100000__ns100000__a1_000ep01__g1,stripe,10,100000,100000,ours,adaptive,1000,1,2,1,600.101,2e+06,1,0,1,0,fallback_sampling,1000001,"{""build_active_indices_ms"":5.497098,""build_events_ms"":42.311229,""build_ranks_ms"":41.453436,""build_y_domain_ms"":13.864648,""phase1_count_adaptive_ms"":191.205248,""phase2_plan_ms"":4.697774,""phase3_sample_ms"":135.096471,""run_build_ms"":103.622601,""run_fallback_count_ms"":191.208368,""run_fallback_sample_ms"":139.802815,""run_pilot_enum_prepare_ms"":1.531919,""run_pilot_enum_scan_ms"":120.468038,""sample_ms"":139.800755}",,"{""dataset"":{""source"":""synthetic"",""name"":""exp6_stripe__nr100000__ns100000__a1_000ep01__g1"",""dim"":2,""path_r"":"""",""path_s"":"""",""synthetic"":{""generator"":""stripe"",""n_r"":100000,""n_s"":100000,""alpha"":10,""seed"":1}},""run"":{""method"":""ours"",""variant"":""adaptive"",""t"":1000,""seed"":1,""repeats"":3,""j_star"":1000000,""enum_cap"":0,""write_samples"":false,""verify"":false},""output"":{""out_dir"":""/home/dhy/PhD/SIGMOD-EXP/EXP-2/run/temp/exp6"",""run_tag"":""""},""sys"":{""threads"":1},""logging"":{""level"":""INFO"",""with_timestamp"":true,""with_thread_id"":false}}","{""generator"":""stripe_ctrl_alpha"",""dataset"":""exp6_stripe__nr100000__ns100000__a1_000ep01__g1"",""n_r"":100000,""n_s"":100000,""has_exact_k"":true,""k_target"":2000000,""k_achieved"":2000000,""alpha_target"":10,""alpha_achieved"":10,""notes"":""control_axis=1, core=[0.45,0.55], g=9.9999e-07, h=9e-06, delta=2.49998e-07, shuffle_strips=1, shuffle_r=0, k_overridden=0""}"
exp6_stripe__nr100000__ns100000__a1_000ep01__g1,stripe,10,100000,100000,ours,adaptive,1000,2,3,1,600.52,2e+06,1,0,1,0,fallback_sampling,1000001,"{""build_active_indices_ms"":5.495068,""build_events_ms"":42.274129,""build_ranks_ms"":39.992036,""build_y_domain_ms"":13.879787,""phase1_count_adaptive_ms"":190.543982,""phase2_plan_ms"":4.491978,""phase3_sample_ms"":136.674709,""run_build_ms"":102.137201,""run_fallback_count_ms"":190.546792,""run_fallback_sample_ms"":141.174847,""run_pilot_enum_prepare_ms"":1.547558,""run_pilot_enum_scan_ms"":120.406530,""sample_ms"":141.173557}",,"{""dataset"":{""source"":""synthetic"",""name"":""exp6_stripe__nr100000__ns100000__a1_000ep01__g1"",""dim"":2,""path_r"":"""",""path_s"":"""",""synthetic"":{""generator"":""stripe"",""n_r"":100000,""n_s"":100000,""alpha"":10,""seed"":1}},""run"":{""method"":""ours"",""variant"":""adaptive"",""t"":1000,""seed"":1,""repeats"":3,""j_star"":1000000,""enum_cap"":0,""write_samples"":false,""verify"":false},""output"":{""out_dir"":""/home/dhy/PhD/SIGMOD-EXP/EXP-2/run/temp/exp6"",""run_tag"":""""},""sys"":{""threads"":1},""logging"":{""level"":""INFO"",""with_timestamp"":true,""with_thread_id"":false}}","{""generator"":""stripe_ctrl_alpha"",""dataset"":""exp6_stripe__nr100000__ns100000__a1_000ep01__g1"",""n_r"":100000,""n_s"":100000,""has_exact_k"":true,""k_target"":2000000,""k_achieved"":2000000,""alpha_target"":10,""alpha_achieved"":10,""notes"":""control_axis=1, core=[0.45,0.55], g=9.9999e-07, h=9e-06, delta=2.49998e-07, shuffle_strips=1, shuffle_r=0, k_overridden=0""}"
exp6_stripe__nr100000__ns100000__a1_000ep01__g1,stripe,10,100000,100000,ours,sampling,3000,0,1,1,463.651,2e+06,1,0,0,0,,0,"{""build_active_indices_ms"":9.505107,""build_events_ms"":34.755972,""build_ranks_ms"":40.095744,""build_y_domain_ms"":13.898018,""phase1_count_ms"":222.807316,""phase2_plan_ms"":6.216643,""phase3_sample_ms"":135.849876,""run_build_ms"":98.762930,""run_count_ms"":222.810735,""run_sample_ms"":142.072959}",,"{""dataset"":{""source"":""synthetic"",""name"":""exp6_stripe__nr100000__ns100000__a1_000ep01__g1"",""dim"":2,""path_r"":"""",""path_s"":"""",""synthetic"":{""generator"":""stripe"",""n_r"":100000,""n_s"":100000,""alpha"":10,""seed"":1}},""run"":{""method"":""ours"",""variant"":""sampling"",""t"":3000,""seed"":1,""repeats"":3,""j_star"":1000000,""enum_cap"":0,""write_samples"":false,""verify"":false},""output"":{""out_dir"":""/home/dhy/PhD/SIGMOD-EXP/EXP-2/run/temp/exp6"",""run_tag"":""""},""sys"":{""threads"":1},""logging"":{""level"":""INFO"",""with_timestamp"":true,""with_thread_id"":false}}","{""generator"":""stripe_ctrl_alpha"",""dataset"":""exp6_stripe__nr100000__ns100000__a1_000ep01__g1"",""n_r"":100000,""n_s"":100000,""has_exact_k"":true,""k_target"":2000000,""k_achieved"":2000000,""alpha_target"":10,""alpha_achieved"":10,""notes"":""control_axis=1, core=[0.45,0.55], g=9.9999e-07, h=9e-06, delta=2.49998e-07, shuffle_strips=1, shuffle_r=0, k_overridden=0""}"
exp6_stripe__nr100000__ns100000__a1_000ep01__g1,stripe,10,100000,100000,ours,sampling,3000,1,2,1,508.511,2e+06,1,0,0,0,,0,"{""build_active_indices_ms"":5.492248,""build_events_ms"":42.283069,""build_ranks_ms"":40.120504,""build_y_domain_ms"":13.881308,""phase1_count_ms"":221.517822,""phase2_plan_ms"":4.917450,""phase3_sample_ms"":136.868135,""run_build_ms"":102.272040,""run_count_ms"":221.520921,""run_sample_ms"":141.794395}",,"{""dataset"":{""source"":""synthetic"",""name"":""exp6_stripe__nr100000__ns100000__a1_000ep01__g1"",""dim"":2,""path_r"":"""",""path_s"":"""",""synthetic"":{""generator"":""stripe"",""n_r"":100000,""n_s"":100000,""alpha"":10,""seed"":1}},""run"":{""method"":""ours"",""variant"":""sampling"",""t"":3000,""seed"":1,""repeats"":3,""j_star"":1000000,""enum_cap"":0,""write_samples"":false,""verify"":false},""output"":{""out_dir"":""/home/dhy/PhD/SIGMOD-EXP/EXP-2/run/temp/exp6"",""run_tag"":""""},""sys"":{""threads"":1},""logging"":{""level"":""INFO"",""with_timestamp"":true,""with_thread_id"":false}}","{""generator"":""stripe_ctrl_alpha"",""dataset"":""exp6_stripe__nr100000__ns100000__a1_000ep01__g1"",""n_r"":100000,""n_s"":100000,""has_exact_k"":true,""k_target"":2000000,""k_achieved"":2000000,""alpha_target"":10,""alpha_achieved"":10,""notes"":""control_axis=1, core=[0.45,0.55], g=9.9999e-07, h=9e-06, delta=2.49998e-07, shuffle_strips=1, shuffle_r=0, k_overridden=0""}"
exp6_stripe__nr100000__ns100000__a1_000ep01__g1,stripe,10,100000,100000,ours,sampling,3000,2,3,1,507.075,2e+06,1,0,0,0,,0,"{""build_active_indices_ms"":5.493008,""build_events_ms"":41.983896,""build_ranks_ms"":40.094694,""build_y_domain_ms"":13.878367,""phase1_count_ms"":222.274747,""phase2_plan_ms"":4.574476,""phase3_sample_ms"":135.497843,""run_build_ms"":101.946325,""run_count_ms"":222.277767,""run_sample_ms"":140.080509}",,"{""dataset"":{""source"":""synthetic"",""name"":""exp6_stripe__nr100000__ns100000__a1_000ep01__g1"",""dim"":2,""path_r"":"""",""path_s"":"""",""synthetic"":{""generator"":""stripe"",""n_r"":100000,""n_s"":100000,""alpha"":10,""seed"":1}},""run"":{""method"":""ours"",""variant"":""sampling"",""t"":3000,""seed"":1,""repeats"":3,""j_star"":1000000,""enum_cap"":0,""write_samples"":false,""verify"":false},""output"":{""out_dir"":""/home/dhy/PhD/SIGMOD-EXP/EXP-2/run/temp/exp6"",""run_tag"":""""},""sys"":{""threads"":1},""logging"":{""level"":""INFO"",""with_timestamp"":true,""with_thread_id"":false}}","{""generator"":""stripe_ctrl_alpha"",""dataset"":""exp6_stripe__nr100000__ns100000__a1_000ep01__g1"",""n_r"":100000,""n_s"":100000,""has_exact_k"":true,""k_target"":2000000,""k_achieved"":2000000,""alpha_target"":10,""alpha_achieved"":10,""notes"":""control_axis=1, core=[0.45,0.55], g=9.9999e-07, h=9e-06, delta=2.49998e-07, shuffle_strips=1, shuffle_r=0, k_overridden=0""}"
exp6_stripe__nr100000__ns100000__a1_000ep01__g1,stripe,10,100000,100000,ours,enum_sampling,3000,0,1,1,445.221,2e+06,1,1,0,0,,0,"{""build_active_indices_ms"":9.503657,""build_events_ms"":34.681024,""build_ranks_ms"":40.045145,""build_y_domain_ms"":13.890947,""run_build_ms"":98.515685,""run_draw_ranks_ms"":0.160667,""run_enum_pass1_count_ms"":237.399948,""run_enum_pass2_select_ms"":107.572561,""run_enum_prepare_ms"":1.554099}",,"{""dataset"":{""source"":""synthetic"",""name"":""exp6_stripe__nr100000__ns100000__a1_000ep01__g1"",""dim"":2,""path_r"":"""",""path_s"":"""",""synthetic"":{""generator"":""stripe"",""n_r"":100000,""n_s"":100000,""alpha"":10,""seed"":1}},""run"":{""method"":""ours"",""variant"":""enum_sampling"",""t"":3000,""seed"":1,""repeats"":3,""j_star"":1000000,""enum_cap"":0,""write_samples"":false,""verify"":false},""output"":{""out_dir"":""/home/dhy/PhD/SIGMOD-EXP/EXP-2/run/temp/exp6"",""run_tag"":""""},""sys"":{""threads"":1},""logging"":{""level"":""INFO"",""with_timestamp"":true,""with_thread_id"":false}}","{""generator"":""stripe_ctrl_alpha"",""dataset"":""exp6_stripe__nr100000__ns100000__a1_000ep01__g1"",""n_r"":100000,""n_s"":100000,""has_exact_k"":true,""k_target"":2000000,""k_achieved"":2000000,""alpha_target"":10,""alpha_achieved"":10,""notes"":""control_axis=1, core=[0.45,0.55], g=9.9999e-07, h=9e-06, delta=2.49998e-07, shuffle_strips=1, shuffle_r=0, k_overridden=0""}"
exp6_stripe__nr100000__ns100000__a1_000ep01__g1,stripe,10,100000,100000,ours,enum_sampling,3000,1,2,1,494.477,2e+06,1,1,0,0,,0,"{""build_active_indices_ms"":5.431689,""build_events_ms"":43.964156,""build_ranks_ms"":40.003305,""build_y_domain_ms"":13.856378,""run_build_ms"":103.642841,""run_draw_ranks_ms"":0.157037,""run_enum_pass1_count_ms"":238.050346,""run_enum_pass2_select_ms"":107.006003,""run_enum_prepare_ms"":1.510299}",,"{""dataset"":{""source"":""synthetic"",""name"":""exp6_stripe__nr100000__ns100000__a1_000ep01__g1"",""dim"":2,""path_r"":"""",""path_s"":"""",""synthetic"":{""generator"":""stripe"",""n_r"":100000,""n_s"":100000,""alpha"":10,""seed"":1}},""run"":{""method"":""ours"",""variant"":""enum_sampling"",""t"":3000,""seed"":1,""repeats"":3,""j_star"":1000000,""enum_cap"":0,""write_samples"":false,""verify"":false},""output"":{""out_dir"":""/home/dhy/PhD/SIGMOD-EXP/EXP-2/run/temp/exp6"",""run_tag"":""""},""sys"":{""threads"":1},""logging"":{""level"":""INFO"",""with_timestamp"":true,""with_thread_id"":false}}","{""generator"":""stripe_ctrl_alpha"",""dataset"":""exp6_stripe__nr100000__ns100000__a1_000ep01__g1"",""n_r"":100000,""n_s"":100000,""has_exact_k"":true,""k_target"":2000000,""k_achieved"":2000000,""alpha_target"":10,""alpha_achieved"":10,""notes"":""control_axis=1, core=[0.45,0.55], g=9.9999e-07, h=9e-06, delta=2.49998e-07, shuffle_strips=1, shuffle_r=0, k_overridden=0""}"
exp6_stripe__nr100000__ns100000__a1_000ep01__g1,stripe,10,100000,100000,ours,enum_sampling,3000,2,3,1,493.72,2e+06,1,1,0,0,,0,"{""build_active_indices_ms"":5.368740,""build_events_ms"":41.878097,""build_ranks_ms"":40.026725,""build_y_domain_ms"":13.891047,""run_build_ms"":101.550483,""run_draw_ranks_ms"":0.157367,""run_enum_pass1_count_ms"":238.705982,""run_enum_pass2_select_ms"":106.977903,""run_enum_prepare_ms"":1.539439}",,"{""dataset"":{""source"":""synthetic"",""name"":""exp6_stripe__nr100000__ns100000__a1_000ep01__g1"",""dim"":2,""path_r"":"""",""path_s"":"""",""synthetic"":{""generator"":""stripe"",""n_r"":100000,""n_s"":100000,""alpha"":10,""seed"":1}},""run"":{""method"":""ours"",""variant"":""enum_sampling"",""t"":3000,""seed"":1,""repeats"":3,""j_star"":1000000,""enum_cap"":0,""write_samples"":false,""verify"":false},""output"":{""out_dir"":""/home/dhy/PhD/SIGMOD-EXP/EXP-2/run/temp/exp6"",""run_tag"":""""},""sys"":{""threads"":1},""logging"":{""level"":""INFO"",""with_timestamp"":true,""with_thread_id"":false}}","{""generator"":""stripe_ctrl_alpha"",""dataset"":""exp6_stripe__nr100000__ns100000__a1_000ep01__g1"",""n_r"":100000,""n_s"":100000,""has_exact_k"":true,""k_target"":2000000,""k_achieved"":2000000,""alpha_target"":10,""alpha_achieved"":10,""notes"":""control_axis=1, core=[0.45,0.55], g=9.9999e-07, h=9e-06, delta=2.49998e-07, shuffle_strips=1, shuffle_r=0, k_overridden=0""}"
exp6_stripe__nr100000__ns100000__a1_000ep01__g1,stripe,10,100000,100000,ours,adaptive,3000,0,1,1,548.74,2e+06,1,0,1,0,fallback_sampling,1000001,"{""build_active_indices_ms"":5.572077,""build_events_ms"":34.732323,""build_ranks_ms"":40.117793,""build_y_domain_ms"":13.848968,""phase1_count_adaptive_ms"":190.153050,""phase2_plan_ms"":5.488058,""phase3_sample_ms"":134.949184,""run_build_ms"":94.790541,""run_fallback_count_ms"":190.156519,""run_fallback_sample_ms"":140.445963,""run_pilot_enum_prepare_ms"":1.551498,""run_pilot_enum_scan_ms"":121.782162,""sample_ms"":140.443913}",,"{""dataset"":{""source"":""synthetic"",""name"":""exp6_stripe__nr100000__ns100000__a1_000ep01__g1"",""dim"":2,""path_r"":"""",""path_s"":"""",""synthetic"":{""generator"":""stripe"",""n_r"":100000,""n_s"":100000,""alpha"":10,""seed"":1}},""run"":{""method"":""ours"",""variant"":""adaptive"",""t"":3000,""seed"":1,""repeats"":3,""j_star"":1000000,""enum_cap"":0,""write_samples"":false,""verify"":false},""output"":{""out_dir"":""/home/dhy/PhD/SIGMOD-EXP/EXP-2/run/temp/exp6"",""run_tag"":""""},""sys"":{""threads"":1},""logging"":{""level"":""INFO"",""with_timestamp"":true,""with_thread_id"":false}}","{""generator"":""stripe_ctrl_alpha"",""dataset"":""exp6_stripe__nr100000__ns100000__a1_000ep01__g1"",""n_r"":100000,""n_s"":100000,""has_exact_k"":true,""k_target"":2000000,""k_achieved"":2000000,""alpha_target"":10,""alpha_achieved"":10,""notes"":""control_axis=1, core=[0.45,0.55], g=9.9999e-07, h=9e-06, delta=2.49998e-07, shuffle_strips=1, shuffle_r=0, k_overridden=0""}"
exp6_stripe__nr100000__ns100000__a1_000ep01__g1,stripe,10,100000,100000,ours,adaptive,3000,1,2,1,601.584,2e+06,1,0,1,0,fallback_sampling,1000001,"{""build_active_indices_ms"":5.402330,""build_events_ms"":41.908467,""build_ranks_ms"":40.048985,""build_y_domain_ms"":13.867538,""phase1_count_adaptive_ms"":193.254937,""phase2_plan_ms"":4.583257,""phase3_sample_ms"":135.115910,""run_build_ms"":101.736640,""run_fallback_count_ms"":193.257877,""run_fallback_sample_ms"":139.707977,""run_pilot_enum_prepare_ms"":1.546838,""run_pilot_enum_scan_ms"":120.979078,""sample_ms"":139.706607}",,"{""dataset"":{""source"":""synthetic"",""name"":""exp6_stripe__nr100000__ns100000__a1_000ep01__g1"",""dim"":2,""path_r"":"""",""path_s"":"""",""synthetic"":{""generator"":""stripe"",""n_r"":100000,""n_s"":100000,""alpha"":10,""seed"":1}},""run"":{""method"":""ours"",""variant"":""adaptive"",""t"":3000,""seed"":1,""repeats"":3,""j_star"":1000000,""enum_cap"":0,""write_samples"":false,""verify"":false},""output"":{""out_dir"":""/home/dhy/PhD/SIGMOD-EXP/EXP-2/run/temp/exp6"",""run_tag"":""""},""sys"":{""threads"":1},""logging"":{""level"":""INFO"",""with_timestamp"":true,""with_thread_id"":false}}","{""generator"":""stripe_ctrl_alpha"",""dataset"":""exp6_stripe__nr100000__ns100000__a1_000ep01__g1"",""n_r"":100000,""n_s"":100000,""has_exact_k"":true,""k_target"":2000000,""k_achieved"":2000000,""alpha_target"":10,""alpha_achieved"":10,""notes"":""control_axis=1, core=[0.45,0.55], g=9.9999e-07, h=9e-06, delta=2.49998e-07, shuffle_strips=1, shuffle_r=0, k_overridden=0""}"
exp6_stripe__nr100000__ns100000__a1_000ep01__g1,stripe,10,100000,100000,ours,adaptive,3000,2,3,1,597.325,2e+06,1,0,1,0,fallback_sampling,1000001,"{""build_active_indices_ms"":5.403710,""build_events_ms"":42.013475,""build_ranks_ms"":40.047515,""build_y_domain_ms"":13.880388,""phase1_count_adaptive_ms"":190.044243,""phase2_plan_ms"":4.561208,""phase3_sample_ms"":134.896355,""run_build_ms"":101.854688,""run_fallback_count_ms"":190.047613,""run_fallback_sample_ms"":139.468522,""run_pilot_enum_prepare_ms"":1.550959,""run_pilot_enum_scan_ms"":121.079456,""sample_ms"":139.466773}",,"{""dataset"":{""source"":""synthetic"",""name"":""exp6_stripe__nr100000__ns100000__a1_000ep01__g1"",""dim"":2,""path_r"":"""",""path_s"":"""",""synthetic"":{""generator"":""stripe"",""n_r"":100000,""n_s"":100000,""alpha"":10,""seed"":1}},""run"":{""method"":""ours"",""variant"":""adaptive"",""t"":3000,""seed"":1,""repeats"":3,""j_star"":1000000,""enum_cap"":0,""write_samples"":false,""verify"":false},""output"":{""out_dir"":""/home/dhy/PhD/SIGMOD-EXP/EXP-2/run/temp/exp6"",""run_tag"":""""},""sys"":{""threads"":1},""logging"":{""level"":""INFO"",""with_timestamp"":true,""with_thread_id"":false}}","{""generator"":""stripe_ctrl_alpha"",""dataset"":""exp6_stripe__nr100000__ns100000__a1_000ep01__g1"",""n_r"":100000,""n_s"":100000,""has_exact_k"":true,""k_target"":2000000,""k_achieved"":2000000,""alpha_target"":10,""alpha_achieved"":10,""notes"":""control_axis=1, core=[0.45,0.55], g=9.9999e-07, h=9e-06, delta=2.49998e-07, shuffle_strips=1, shuffle_r=0, k_overridden=0""}"
exp6_stripe__nr100000__ns100000__a1_000ep01__g1,stripe,10,100000,100000,ours,sampling,10000,0,1,1,463.211,2e+06,1,0,0,0,,0,"{""build_active_indices_ms"":9.515637,""build_events_ms"":34.757323,""build_ranks_ms"":39.984306,""build_y_domain_ms"":13.867498,""phase1_count_ms"":222.639590,""phase2_plan_ms"":6.476978,""phase3_sample_ms"":135.442424,""run_build_ms"":98.633323,""run_count_ms"":222.643170,""run_sample_ms"":141.930352}",,"{""dataset"":{""source"":""synthetic"",""name"":""exp6_stripe__nr100000__ns100000__a1_000ep01__g1"",""dim"":2,""path_r"":"""",""path_s"":"""",""synthetic"":{""generator"":""stripe"",""n_r"":100000,""n_s"":100000,""alpha"":10,""seed"":1}},""run"":{""method"":""ours"",""variant"":""sampling"",""t"":10000,""seed"":1,""repeats"":3,""j_star"":1000000,""enum_cap"":0,""write_samples"":false,""verify"":false},""output"":{""out_dir"":""/home/dhy/PhD/SIGMOD-EXP/EXP-2/run/temp/exp6"",""run_tag"":""""},""sys"":{""threads"":1},""logging"":{""level"":""INFO"",""with_timestamp"":true,""with_thread_id"":false}}","{""generator"":""stripe_ctrl_alpha"",""dataset"":""exp6_stripe__nr100000__ns100000__a1_000ep01__g1"",""n_r"":100000,""n_s"":100000,""has_exact_k"":true,""k_target"":2000000,""k_achieved"":2000000,""alpha_target"":10,""alpha_achieved"":10,""notes"":""control_axis=1, core=[0.45,0.55], g=9.9999e-07, h=9e-06, delta=2.49998e-07, shuffle_strips=1, shuffle_r=0, k_overridden=0""}"
exp6_stripe__nr100000__ns100000__a1_000ep01__g1,stripe,10,100000,100000,ours,sampling,10000,1,2,1,506.699,2e+06,1,0,0,0,,0,"{""build_active_indices_ms"":5.489597,""build_events_ms"":42.368808,""build_ranks_ms"":39.987686,""build_y_domain_ms"":13.891917,""phase1_count_ms"":220.638821,""phase2_plan_ms"":5.249644,""phase3_sample_ms"":135.451294,""run_build_ms"":102.234100,""run_count_ms"":220.642681,""run_sample_ms"":140.710906}",,"{""dataset"":{""source"":""synthetic"",""name"":""exp6_stripe__nr100000__ns100000__a1_000ep01__g1"",""dim"":2,""path_r"":"""",""path_s"":"""",""synthetic"":{""generator"":""stripe"",""n_r"":100000,""n_s"":100000,""alpha"":10,""seed"":1}},""run"":{""method"":""ours"",""variant"":""sampling"",""t"":10000,""seed"":1,""repeats"":3,""j_star"":1000000,""enum_cap"":0,""write_samples"":false,""verify"":false},""output"":{""out_dir"":""/home/dhy/PhD/SIGMOD-EXP/EXP-2/run/temp/exp6"",""run_tag"":""""},""sys"":{""threads"":1},""logging"":{""level"":""INFO"",""with_timestamp"":true,""with_thread_id"":false}}","{""generator"":""stripe_ctrl_alpha"",""dataset"":""exp6_stripe__nr100000__ns100000__a1_000ep01__g1"",""n_r"":100000,""n_s"":100000,""has_exact_k"":true,""k_target"":2000000,""k_achieved"":2000000,""alpha_target"":10,""alpha_achieved"":10,""notes"":""control_axis=1, core=[0.45,0.55], g=9.9999e-07, h=9e-06, delta=2.49998e-07, shuffle_strips=1, shuffle_r=0, k_overridden=0""}"
exp6_stripe__nr100000__ns100000__a1_000ep01__g1,stripe,10,100000,100000,ours,sampling,10000,2,3,1,508.587,2e+06,1,0,0,0,,0,"{""build_active_indices_ms"":5.491948,""build_events_ms"":42.029765,""build_ranks_ms"":40.027936,""build_y_domain_ms"":13.871627,""phase1_count_ms"":222.046312,""phase2_plan_ms"":4.942610,""phase3_sample_ms"":135.308427,""run_build_ms"":101.915656,""run_count_ms"":222.049852,""run_sample_ms"":140.261486}",,"{""dataset"":{""source"":""synthetic"",""name"":""exp6_stripe__nr100000__ns100000__a1_000ep01__g1"",""dim"":2,""path_r"":"""",""path_s"":"""",""synthetic"":{""generator"":""stripe"",""n_r"":100000,""n_s"":100000,""alpha"":10,""seed"":1}},""run"":{""method"":""ours"",""variant"":""sampling"",""t"":10000,""seed"":1,""repeats"":3,""j_star"":1000000,""enum_cap"":0,""write_samples"":false,""verify"":false},""output"":{""out_dir"":""/home/dhy/PhD/SIGMOD-EXP/EXP-2/run/temp/exp6"",""run_tag"":""""},""sys"":{""threads"":1},""logging"":{""level"":""INFO"",""with_timestamp"":true,""with_thread_id"":false}}","{""generator"":""stripe_ctrl_alpha"",""dataset"":""exp6_stripe__nr100000__ns100000__a1_000ep01__g1"",""n_r"":100000,""n_s"":100000,""has_exact_k"":true,""k_target"":2000000,""k_achieved"":2000000,""alpha_target"":10,""alpha_achieved"":10,""notes"":""control_axis=1, core=[0.45,0.55], g=9.9999e-07, h=9e-06, delta=2.49998e-07, shuffle_strips=1, shuffle_r=0, k_overridden=0""}"
exp6_stripe__nr100000__ns100000__a1_000ep01__g1,stripe,10,100000,100000,ours,enum_sampling,10000,0,1,1,446.008,2e+06,1,1,0,0,,0,"{""build_active_indices_ms"":9.708973,""build_events_ms"":34.726154,""build_ranks_ms"":40.072494,""build_y_domain_ms"":13.892687,""run_build_ms"":98.790880,""run_draw_ranks_ms"":0.594808,""run_enum_pass1_count_ms"":239.362739,""run_enum_pass2_select_ms"":105.702099,""run_enum_prepare_ms"":1.535059}",,"{""dataset"":{""source"":""synthetic"",""name"":""exp6_stripe__nr100000__ns100000__a1_000ep01__g1"",""dim"":2,""path_r"":"""",""path_s"":"""",""synthetic"":{""generator"":""stripe"",""n_r"":100000,""n_s"":100000,""alpha"":10,""seed"":1}},""run"":{""method"":""ours"",""variant"":""enum_sampling"",""t"":10000,""seed"":1,""repeats"":3,""j_star"":1000000,""enum_cap"":0,""write_samples"":false,""verify"":false},""output"":{""out_dir"":""/home/dhy/PhD/SIGMOD-EXP/EXP-2/run/temp/exp6"",""run_tag"":""""},""sys"":{""threads"":1},""logging"":{""level"":""INFO"",""with_timestamp"":true,""with_thread_id"":false}}","{""generator"":""stripe_ctrl_alpha"",""dataset"":""exp6_stripe__nr100000__ns100000__a1_000ep01__g1"",""n_r"":100000,""n_s"":100000,""has_exact_k"":true,""k_target"":2000000,""k_achieved"":2000000,""alpha_target"":10,""alpha_achieved"":10,""notes"":""control_axis=1, core=[0.45,0.55], g=9.9999e-07, h=9e-06, delta=2.49998e-07, shuffle_strips=1, shuffle_r=0, k_overridden=0""}"
exp6_stripe__nr100000__ns100000__a1_000ep01__g1,stripe,10,100000,100000,ours,enum_sampling,10000,1,2,1,498.301,2e+06,1,1,0,0,,0,"{""build_active_indices_ms"":5.450819,""build_events_ms"":43.964285,""build_ranks_ms"":39.981066,""build_y_domain_ms"":13.860359,""run_build_ms"":103.643501,""run_draw_ranks_ms"":0.594968,""run_enum_pass1_count_ms"":242.364468,""run_enum_pass2_select_ms"":106.352106,""run_enum_prepare_ms"":1.517669}",,"{""dataset"":{""source"":""synthetic"",""name"":""exp6_stripe__nr100000__ns100000__a1_000ep01__g1"",""dim"":2,""path_r"":"""",""path_s"":"""",""synthetic"":{""generator"":""stripe"",""n_r"":100000,""n_s"":100000,""alpha"":10,""seed"":1}},""run"":{""method"":""ours"",""variant"":""enum_sampling"",""t"":10000,""seed"":1,""repeats"":3,""j_star"":1000000,""enum_cap"":0,""write_samples"":false,""verify"":false},""output"":{""out_dir"":""/home/dhy/PhD/SIGMOD-EXP/EXP-2/run/temp/exp6"",""run_tag"":""""},""sys"":{""threads"":1},""logging"":{""level"":""INFO"",""with_timestamp"":true,""with_thread_id"":false}}","{""generator"":""stripe_ctrl_alpha"",""dataset"":""exp6_stripe__nr100000__ns100000__a1_000ep01__g1"",""n_r"":100000,""n_s"":100000,""has_exact_k"":true,""k_target"":2000000,""k_achieved"":2000000,""alpha_target"":10,""alpha_achieved"":10,""notes"":""control_axis=1, core=[0.45,0.55], g=9.9999e-07, h=9e-06, delta=2.49998e-07, shuffle_strips=1, shuffle_r=0, k_overridden=0""}"
exp6_stripe__nr100000__ns100000__a1_000ep01__g1,stripe,10,100000,100000,ours,enum_sampling,10000,2,3,1,494.596,2e+06,1,1,0,0,,0,"{""build_active_indices_ms"":5.491959,""build_events_ms"":42.102143,""build_ranks_ms"":40.022175,""build_y_domain_ms"":13.892857,""run_build_ms"":101.893038,""run_draw_ranks_ms"":0.591718,""run_enum_pass1_count_ms"":240.076215,""run_enum_pass2_select_ms"":105.438545,""run_enum_prepare_ms"":1.530329}",,"{""dataset"":{""source"":""synthetic"",""name"":""exp6_stripe__nr100000__ns100000__a1_000ep01__g1"",""dim"":2,""path_r"":"""",""path_s"":"""",""synthetic"":{""generator"":""stripe"",""n_r"":100000,""n_s"":100000,""alpha"":10,""seed"":1}},""run"":{""method"":""ours"",""variant"":""enum_sampling"",""t"":10000,""seed"":1,""repeats"":3,""j_star"":1000000,""enum_cap"":0,""write_samples"":false,""verify"":false},""output"":{""out_dir"":""/home/dhy/PhD/SIGMOD-EXP/EXP-2/run/temp/exp6"",""run_tag"":""""},""sys"":{""threads"":1},""logging"":{""level"":""INFO"",""with_timestamp"":true,""with_thread_id"":false}}","{""generator"":""stripe_ctrl_alpha"",""dataset"":""exp6_stripe__nr100000__ns100000__a1_000ep01__g1"",""n_r"":100000,""n_s"":100000,""has_exact_k"":true,""k_target"":2000000,""k_achieved"":2000000,""alpha_target"":10,""alpha_achieved"":10,""notes"":""control_axis=1, core=[0.45,0.55], g=9.9999e-07, h=9e-06, delta=2.49998e-07, shuffle_strips=1, shuffle_r=0, k_overridden=0""}"
exp6_stripe__nr100000__ns100000__a1_000ep01__g1,stripe,10,100000,100000,ours,adaptive,10000,0,1,1,552.335,2e+06,1,0,1,0,fallback_sampling,1000001,"{""build_active_indices_ms"":5.489868,""build_events_ms"":34.708654,""build_ranks_ms"":39.874178,""build_y_domain_ms"":13.869537,""phase1_count_adaptive_ms"":191.085722,""phase2_plan_ms"":5.764603,""phase3_sample_ms"":135.973263,""run_build_ms"":94.469918,""run_fallback_count_ms"":191.089262,""run_fallback_sample_ms"":141.749146,""run_pilot_enum_prepare_ms"":1.544888,""run_pilot_enum_scan_ms"":123.469558,""sample_ms"":141.747746}",,"{""dataset"":{""source"":""synthetic"",""name"":""exp6_stripe__nr100000__ns100000__a1_000ep01__g1"",""dim"":2,""path_r"":"""",""path_s"":"""",""synthetic"":{""generator"":""stripe"",""n_r"":100000,""n_s"":100000,""alpha"":10,""seed"":1}},""run"":{""method"":""ours"",""variant"":""adaptive"",""t"":10000,""seed"":1,""repeats"":3,""j_star"":1000000,""enum_cap"":0,""write_samples"":false,""verify"":false},""output"":{""out_dir"":""/home/dhy/PhD/SIGMOD-EXP/EXP-2/run/temp/exp6"",""run_tag"":""""},""sys"":{""threads"":1},""logging"":{""level"":""INFO"",""with_timestamp"":true,""with_thread_id"":false}}","{""generator"":""stripe_ctrl_alpha"",""dataset"":""exp6_stripe__nr100000__ns100000__a1_000ep01__g1"",""n_r"":100000,""n_s"":100000,""has_exact_k"":true,""k_target"":2000000,""k_achieved"":2000000,""alpha_target"":10,""alpha_achieved"":10,""notes"":""control_axis=1, core=[0.45,0.55], g=9.9999e-07, h=9e-06, delta=2.49998e-07, shuffle_strips=1, shuffle_r=0, k_overridden=0""}"
exp6_stripe__nr100000__ns100000__a1_000ep01__g1,stripe,10,100000,100000,ours,adaptive,10000,1,2,1,599.437,2e+06,1,0,1,0,fallback_sampling,1000001,"{""build_active_indices_ms"":5.394010,""build_events_ms"":41.950606,""build_ranks_ms"":39.933007,""build_y_domain_ms"":13.854669,""phase1_count_adaptive_ms"":190.627811,""phase2_plan_ms"":5.137356,""phase3_sample_ms"":137.743768,""run_build_ms"":101.638302,""run_fallback_count_ms"":190.631191,""run_fallback_sample_ms"":142.892813,""run_pilot_enum_prepare_ms"":1.543038,""run_pilot_enum_scan_ms"":119.447090,""sample_ms"":142.891683}",,"{""dataset"":{""source"":""synthetic"",""name"":""exp6_stripe__nr100000__ns100000__a1_000ep01__g1"",""dim"":2,""path_r"":"""",""path_s"":"""",""synthetic"":{""generator"":""stripe"",""n_r"":100000,""n_s"":100000,""alpha"":10,""seed"":1}},""run"":{""method"":""ours"",""variant"":""adaptive"",""t"":10000,""seed"":1,""repeats"":3,""j_star"":1000000,""enum_cap"":0,""write_samples"":false,""verify"":false},""output"":{""out_dir"":""/home/dhy/PhD/SIGMOD-EXP/EXP-2/run/temp/exp6"",""run_tag"":""""},""sys"":{""threads"":1},""logging"":{""level"":""INFO"",""with_timestamp"":true,""with_thread_id"":false}}","{""generator"":""stripe_ctrl_alpha"",""dataset"":""exp6_stripe__nr100000__ns100000__a1_000ep01__g1"",""n_r"":100000,""n_s"":100000,""has_exact_k"":true,""k_target"":2000000,""k_achieved"":2000000,""alpha_target"":10,""alpha_achieved"":10,""notes"":""control_axis=1, core=[0.45,0.55], g=9.9999e-07, h=9e-06, delta=2.49998e-07, shuffle_strips=1, shuffle_r=0, k_overridden=0""}"
exp6_stripe__nr100000__ns100000__a1_000ep01__g1,stripe,10,100000,100000,ours,adaptive,10000,2,3,1,600.089,2e+06,1,0,1,0,fallback_sampling,1000001,"{""build_active_indices_ms"":5.397501,""build_events_ms"":42.288769,""build_ranks_ms"":39.949547,""build_y_domain_ms"":13.880948,""phase1_count_adaptive_ms"":190.937106,""phase2_plan_ms"":4.935649,""phase3_sample_ms"":135.578121,""run_build_ms"":102.025484,""run_fallback_count_ms"":190.940766,""run_fallback_sample_ms"":140.525330,""run_pilot_enum_prepare_ms"":1.563818,""run_pilot_enum_scan_ms"":121.177054,""sample_ms"":140.523230}",,"{""dataset"":{""source"":""synthetic"",""name"":""exp6_stripe__nr100000__ns100000__a1_000ep01__g1"",""dim"":2,""path_r"":"""",""path_s"":"""",""synthetic"":{""generator"":""stripe"",""n_r"":100000,""n_s"":100000,""alpha"":10,""seed"":1}},""run"":{""method"":""ours"",""variant"":""adaptive"",""t"":10000,""seed"":1,""repeats"":3,""j_star"":1000000,""enum_cap"":0,""write_samples"":false,""verify"":false},""output"":{""out_dir"":""/home/dhy/PhD/SIGMOD-EXP/EXP-2/run/temp/exp6"",""run_tag"":""""},""sys"":{""threads"":1},""logging"":{""level"":""INFO"",""with_timestamp"":true,""with_thread_id"":false}}","{""generator"":""stripe_ctrl_alpha"",""dataset"":""exp6_stripe__nr100000__ns100000__a1_000ep01__g1"",""n_r"":100000,""n_s"":100000,""has_exact_k"":true,""k_target"":2000000,""k_achieved"":2000000,""alpha_target"":10,""alpha_achieved"":10,""notes"":""control_axis=1, core=[0.45,0.55], g=9.9999e-07, h=9e-06, delta=2.49998e-07, shuffle_strips=1, shuffle_r=0, k_overridden=0""}"
exp6_stripe__nr100000__ns100000__a1_000ep01__g1,stripe,10,100000,100000,ours,sampling,30000,0,1,1,465.561,2e+06,1,0,0,0,,0,"{""build_active_indices_ms"":9.499607,""build_events_ms"":34.748964,""build_ranks_ms"":39.976717,""build_y_domain_ms"":13.856948,""phase1_count_ms"":221.403906,""phase2_plan_ms"":7.221793,""phase3_sample_ms"":138.317186,""run_build_ms"":98.594124,""run_count_ms"":221.407915,""run_sample_ms"":145.554839}",,"{""dataset"":{""source"":""synthetic"",""name"":""exp6_stripe__nr100000__ns100000__a1_000ep01__g1"",""dim"":2,""path_r"":"""",""path_s"":"""",""synthetic"":{""generator"":""stripe"",""n_r"":100000,""n_s"":100000,""alpha"":10,""seed"":1}},""run"":{""method"":""ours"",""variant"":""sampling"",""t"":30000,""seed"":1,""repeats"":3,""j_star"":1000000,""enum_cap"":0,""write_samples"":false,""verify"":false},""output"":{""out_dir"":""/home/dhy/PhD/SIGMOD-EXP/EXP-2/run/temp/exp6"",""run_tag"":""""},""sys"":{""threads"":1},""logging"":{""level"":""INFO"",""with_timestamp"":true,""with_thread_id"":false}}","{""generator"":""stripe_ctrl_alpha"",""dataset"":""exp6_stripe__nr100000__ns100000__a1_000ep01__g1"",""n_r"":100000,""n_s"":100000,""has_exact_k"":true,""k_target"":2000000,""k_achieved"":2000000,""alpha_target"":10,""alpha_achieved"":10,""notes"":""control_axis=1, core=[0.45,0.55], g=9.9999e-07, h=9e-06, delta=2.49998e-07, shuffle_strips=1, shuffle_r=0, k_overridden=0""}"
exp6_stripe__nr100000__ns100000__a1_000ep01__g1,stripe,10,100000,100000,ours,sampling,30000,1,2,1,509.327,2e+06,1,0,0,0,,0,"{""build_active_indices_ms"":5.483388,""build_events_ms"":42.291510,""build_ranks_ms"":40.011756,""build_y_domain_ms"":13.856228,""phase1_count_ms"":220.659531,""phase2_plan_ms"":6.001237,""phase3_sample_ms"":137.783527,""run_build_ms"":102.148662,""run_count_ms"":220.662681,""run_sample_ms"":143.799914}",,"{""dataset"":{""source"":""synthetic"",""name"":""exp6_stripe__nr100000__ns100000__a1_000ep01__g1"",""dim"":2,""path_r"":"""",""path_s"":"""",""synthetic"":{""generator"":""stripe"",""n_r"":100000,""n_s"":100000,""alpha"":10,""seed"":1}},""run"":{""method"":""ours"",""variant"":""sampling"",""t"":30000,""seed"":1,""repeats"":3,""j_star"":1000000,""enum_cap"":0,""write_samples"":false,""verify"":false},""output"":{""out_dir"":""/home/dhy/PhD/SIGMOD-EXP/EXP-2/run/temp/exp6"",""run_tag"":""""},""sys"":{""threads"":1},""logging"":{""level"":""INFO"",""with_timestamp"":true,""with_thread_id"":false}}","{""generator"":""stripe_ctrl_alpha"",""dataset"":""exp6_stripe__nr100000__ns100000__a1_000ep01__g1"",""n_r"":100000,""n_s"":100000,""has_exact_k"":true,""k_target"":2000000,""k_achieved"":2000000,""alpha_target"":10,""alpha_achieved"":10,""notes"":""control_axis=1, core=[0.45,0.55], g=9.9999e-07, h=9e-06, delta=2.49998e-07, shuffle_strips=1, shuffle_r=0, k_overridden=0""}"
exp6_stripe__nr100000__ns100000__a1_000ep01__g1,stripe,10,100000,100000,ours,sampling,30000,2,3,1,513.5,2e+06,1,0,0,0,,0,"{""build_active_indices_ms"":5.485068,""build_events_ms"":42.065624,""build_ranks_ms"":39.998146,""build_y_domain_ms"":13.885108,""phase1_count_ms"":223.726098,""phase2_plan_ms"":5.700664,""phase3_sample_ms"":137.568951,""run_build_ms"":101.938226,""run_count_ms"":223.729118,""run_sample_ms"":143.285055}",,"{""dataset"":{""source"":""synthetic"",""name"":""exp6_stripe__nr100000__ns100000__a1_000ep01__g1"",""dim"":2,""path_r"":"""",""path_s"":"""",""synthetic"":{""generator"":""stripe"",""n_r"":100000,""n_s"":100000,""alpha"":10,""seed"":1}},""run"":{""method"":""ours"",""variant"":""sampling"",""t"":30000,""seed"":1,""repeats"":3,""j_star"":1000000,""enum_cap"":0,""write_samples"":false,""verify"":false},""output"":{""out_dir"":""/home/dhy/PhD/SIGMOD-EXP/EXP-2/run/temp/exp6"",""run_tag"":""""},""sys"":{""threads"":1},""logging"":{""level"":""INFO"",""with_timestamp"":true,""with_thread_id"":false}}","{""generator"":""stripe_ctrl_alpha"",""dataset"":""exp6_stripe__nr100000__ns100000__a1_000ep01__g1"",""n_r"":100000,""n_s"":100000,""has_exact_k"":true,""k_target"":2000000,""k_achieved"":2000000,""alpha_target"":10,""alpha_achieved"":10,""notes"":""control_axis=1, core=[0.45,0.55], g=9.9999e-07, h=9e-06, delta=2.49998e-07, shuffle_strips=1, shuffle_r=0, k_overridden=0""}"
exp6_stripe__nr100000__ns100000__a1_000ep01__g1,stripe,10,100000,100000,ours,enum_sampling,30000,0,1,1,448.587,2e+06,1,1,0,0,,0,"{""build_active_indices_ms"":9.631484,""build_events_ms"":34.762062,""build_ranks_ms"":39.956837,""build_y_domain_ms"":13.835209,""run_build_ms"":98.578494,""run_draw_ranks_ms"":1.970800,""run_enum_pass1_count_ms"":239.051296,""run_enum_pass2_select_ms"":107.308237,""run_enum_prepare_ms"":1.573768}",,"{""dataset"":{""source"":""synthetic"",""name"":""exp6_stripe__nr100000__ns100000__a1_000ep01__g1"",""dim"":2,""path_r"":"""",""path_s"":"""",""synthetic"":{""generator"":""stripe"",""n_r"":100000,""n_s"":100000,""alpha"":10,""seed"":1}},""run"":{""method"":""ours"",""variant"":""enum_sampling"",""t"":30000,""seed"":1,""repeats"":3,""j_star"":1000000,""enum_cap"":0,""write_samples"":false,""verify"":false},""output"":{""out_dir"":""/home/dhy/PhD/SIGMOD-EXP/EXP-2/run/temp/exp6"",""run_tag"":""""},""sys"":{""threads"":1},""logging"":{""level"":""INFO"",""with_timestamp"":true,""with_thread_id"":false}}","{""generator"":""stripe_ctrl_alpha"",""dataset"":""exp6_stripe__nr100000__ns100000__a1_000ep01__g1"",""n_r"":100000,""n_s"":100000,""has_exact_k"":true,""k_target"":2000000,""k_achieved"":2000000,""alpha_target"":10,""alpha_achieved"":10,""notes"":""control_axis=1, core=[0.45,0.55], g=9.9999e-07, h=9e-06, delta=2.49998e-07, shuffle_strips=1, shuffle_r=0, k_overridden=0""}"
exp6_stripe__nr100000__ns100000__a1_000ep01__g1,stripe,10,100000,100000,ours,enum_sampling,30000,1,2,1,496.519,2e+06,1,1,0,0,,0,"{""build_active_indices_ms"":5.463209,""build_events_ms"":44.034844,""build_ranks_ms"":39.917748,""build_y_domain_ms"":13.883677,""run_build_ms"":103.686730,""run_draw_ranks_ms"":1.997110,""run_enum_pass1_count_ms"":238.887190,""run_enum_pass2_select_ms"":106.297726,""run_enum_prepare_ms"":1.508719}",,"{""dataset"":{""source"":""synthetic"",""name"":""exp6_stripe__nr100000__ns100000__a1_000ep01__g1"",""dim"":2,""path_r"":"""",""path_s"":"""",""synthetic"":{""generator"":""stripe"",""n_r"":100000,""n_s"":100000,""alpha"":10,""seed"":1}},""run"":{""method"":""ours"",""variant"":""enum_sampling"",""t"":30000,""seed"":1,""repeats"":3,""j_star"":1000000,""enum_cap"":0,""write_samples"":false,""verify"":false},""output"":{""out_dir"":""/home/dhy/PhD/SIGMOD-EXP/EXP-2/run/temp/exp6"",""run_tag"":""""},""sys"":{""threads"":1},""logging"":{""level"":""INFO"",""with_timestamp"":true,""with_thread_id"":false}}","{""generator"":""stripe_ctrl_alpha"",""dataset"":""exp6_stripe__nr100000__ns100000__a1_000ep01__g1"",""n_r"":100000,""n_s"":100000,""has_exact_k"":true,""k_target"":2000000,""k_achieved"":2000000,""alpha_target"":10,""alpha_achieved"":10,""notes"":""control_axis=1, core=[0.45,0.55], g=9.9999e-07, h=9e-06, delta=2.49998e-07, shuffle_strips=1, shuffle_r=0, k_overridden=0""}"
exp6_stripe__nr100000__ns100000__a1_000ep01__g1,stripe,10,100000,100000,ours,enum_sampling,30000,2,3,1,494.982,2e+06,1,1,0,0,,0,"{""build_active_indices_ms"":5.493478,""build_events_ms"":42.008205,""build_ranks_ms"":39.940137,""build_y_domain_ms"":13.876398,""run_build_ms"":101.703311,""run_draw_ranks_ms"":1.987139,""run_enum_pass1_count_ms"":238.601056,""run_enum_pass2_select_ms"":107.144911,""run_enum_prepare_ms"":1.515549}",,"{""dataset"":{""source"":""synthetic"",""name"":""exp6_stripe__nr100000__ns100000__a1_000ep01__g1"",""dim"":2,""path_r"":"""",""path_s"":"""",""synthetic"":{""generator"":""stripe"",""n_r"":100000,""n_s"":100000,""alpha"":10,""seed"":1}},""run"":{""method"":""ours"",""variant"":""enum_sampling"",""t"":30000,""seed"":1,""repeats"":3,""j_star"":1000000,""enum_cap"":0,""write_samples"":false,""verify"":false},""output"":{""out_dir"":""/home/dhy/PhD/SIGMOD-EXP/EXP-2/run/temp/exp6"",""run_tag"":""""},""sys"":{""threads"":1},""logging"":{""level"":""INFO"",""with_timestamp"":true,""with_thread_id"":false}}","{""generator"":""stripe_ctrl_alpha"",""dataset"":""exp6_stripe__nr100000__ns100000__a1_000ep01__g1"",""n_r"":100000,""n_s"":100000,""has_exact_k"":true,""k_target"":2000000,""k_achieved"":2000000,""alpha_target"":10,""alpha_achieved"":10,""notes"":""control_axis=1, core=[0.45,0.55], g=9.9999e-07, h=9e-06, delta=2.49998e-07, shuffle_strips=1, shuffle_r=0, k_overridden=0""}"
exp6_stripe__nr100000__ns100000__a1_000ep01__g1,stripe,10,100000,100000,ours,adaptive,30000,0,1,1,553.471,2e+06,1,0,1,0,fallback_sampling,1000001,"{""build_active_indices_ms"":5.609685,""build_events_ms"":34.739273,""build_ranks_ms"":39.991887,""build_y_domain_ms"":13.870127,""phase1_count_adaptive_ms"":192.542963,""phase2_plan_ms"":6.533467,""phase3_sample_ms"":138.002862,""run_build_ms"":94.716973,""run_fallback_count_ms"":192.546483,""run_fallback_sample_ms"":144.552919,""run_pilot_enum_prepare_ms"":1.545528,""run_pilot_enum_scan_ms"":120.097167,""sample_ms"":144.551179}",,"{""dataset"":{""source"":""synthetic"",""name"":""exp6_stripe__nr100000__ns100000__a1_000ep01__g1"",""dim"":2,""path_r"":"""",""path_s"":"""",""synthetic"":{""generator"":""stripe"",""n_r"":100000,""n_s"":100000,""alpha"":10,""seed"":1}},""run"":{""method"":""ours"",""variant"":""adaptive"",""t"":30000,""seed"":1,""repeats"":3,""j_star"":1000000,""enum_cap"":0,""write_samples"":false,""verify"":false},""output"":{""out_dir"":""/home/dhy/PhD/SIGMOD-EXP/EXP-2/run/temp/exp6"",""run_tag"":""""},""sys"":{""threads"":1},""logging"":{""level"":""INFO"",""with_timestamp"":true,""with_thread_id"":false}}","{""generator"":""stripe_ctrl_alpha"",""dataset"":""exp6_stripe__nr100000__ns100000__a1_000ep01__g1"",""n_r"":100000,""n_s"":100000,""has_exact_k"":true,""k_target"":2000000,""k_achieved"":2000000,""alpha_target"":10,""alpha_achieved"":10,""notes"":""control_axis=1, core=[0.45,0.55], g=9.9999e-07, h=9e-06, delta=2.49998e-07, shuffle_strips=1, shuffle_r=0, k_overridden=0""}"
exp6_stripe__nr100000__ns100000__a1_000ep01__g1,stripe,10,100000,100000,ours,adaptive,30000,1,2,1,602.671,2e+06,1,0,1,0,fallback_sampling,1000001,"{""build_active_indices_ms"":5.472019,""build_events_ms"":42.241361,""build_ranks_ms"":39.947557,""build_y_domain_ms"":13.870278,""phase1_count_adaptive_ms"":190.129562,""phase2_plan_ms"":5.911599,""phase3_sample_ms"":137.831816,""run_build_ms"":102.040093,""run_fallback_count_ms"":190.132592,""run_fallback_sample_ms"":143.759685,""run_pilot_enum_prepare_ms"":1.545579,""run_pilot_enum_scan_ms"":121.163886,""sample_ms"":143.758545}",,"{""dataset"":{""source"":""synthetic"",""name"":""exp6_stripe__nr100000__ns100000__a1_000ep01__g1"",""dim"":2,""path_r"":"""",""path_s"":"""",""synthetic"":{""generator"":""stripe"",""n_r"":100000,""n_s"":100000,""alpha"":10,""seed"":1}},""run"":{""method"":""ours"",""variant"":""adaptive"",""t"":30000,""seed"":1,""repeats"":3,""j_star"":1000000,""enum_cap"":0,""write_samples"":false,""verify"":false},""output"":{""out_dir"":""/home/dhy/PhD/SIGMOD-EXP/EXP-2/run/temp/exp6"",""run_tag"":""""},""sys"":{""threads"":1},""logging"":{""level"":""INFO"",""with_timestamp"":true,""with_thread_id"":false}}","{""generator"":""stripe_ctrl_alpha"",""dataset"":""exp6_stripe__nr100000__ns100000__a1_000ep01__g1"",""n_r"":100000,""n_s"":100000,""has_exact_k"":true,""k_target"":2000000,""k_achieved"":2000000,""alpha_target"":10,""alpha_achieved"":10,""notes"":""control_axis=1, core=[0.45,0.55], g=9.9999e-07, h=9e-06, delta=2.49998e-07, shuffle_strips=1, shuffle_r=0, k_overridden=0""}"
exp6_stripe__nr100000__ns100000__a1_000ep01__g1,stripe,10,100000,100000,ours,adaptive,30000,2,3,1,605.218,2e+06,1,0,1,0,fallback_sampling,1000001,"{""build_active_indices_ms"":5.507008,""build_events_ms"":42.005575,""build_ranks_ms"":39.994736,""build_y_domain_ms"":13.881828,""phase1_count_adaptive_ms"":190.317438,""phase2_plan_ms"":5.700603,""phase3_sample_ms"":138.122301,""run_build_ms"":101.897196,""run_fallback_count_ms"":190.320978,""run_fallback_sample_ms"":143.839673,""run_pilot_enum_prepare_ms"":1.509269,""run_pilot_enum_scan_ms"":122.979309,""sample_ms"":143.837873}",,"{""dataset"":{""source"":""synthetic"",""name"":""exp6_stripe__nr100000__ns100000__a1_000ep01__g1"",""dim"":2,""path_r"":"""",""path_s"":"""",""synthetic"":{""generator"":""stripe"",""n_r"":100000,""n_s"":100000,""alpha"":10,""seed"":1}},""run"":{""method"":""ours"",""variant"":""adaptive"",""t"":30000,""seed"":1,""repeats"":3,""j_star"":1000000,""enum_cap"":0,""write_samples"":false,""verify"":false},""output"":{""out_dir"":""/home/dhy/PhD/SIGMOD-EXP/EXP-2/run/temp/exp6"",""run_tag"":""""},""sys"":{""threads"":1},""logging"":{""level"":""INFO"",""with_timestamp"":true,""with_thread_id"":false}}","{""generator"":""stripe_ctrl_alpha"",""dataset"":""exp6_stripe__nr100000__ns100000__a1_000ep01__g1"",""n_r"":100000,""n_s"":100000,""has_exact_k"":true,""k_target"":2000000,""k_achieved"":2000000,""alpha_target"":10,""alpha_achieved"":10,""notes"":""control_axis=1, core=[0.45,0.55], g=9.9999e-07, h=9e-06, delta=2.49998e-07, shuffle_strips=1, shuffle_r=0, k_overridden=0""}"
exp6_stripe__nr100000__ns100000__a1_000ep01__g1,stripe,10,100000,100000,ours,sampling,100000,0,1,1,477.062,2e+06,1,0,0,0,,0,"{""build_active_indices_ms"":9.471088,""build_events_ms"":34.748283,""build_ranks_ms"":39.969646,""build_y_domain_ms"":13.887798,""phase1_count_ms"":226.574451,""phase2_plan_ms"":9.424868,""phase3_sample_ms"":142.426183,""run_build_ms"":98.595385,""run_count_ms"":226.578331,""run_sample_ms"":151.885170}",,"{""dataset"":{""source"":""synthetic"",""name"":""exp6_stripe__nr100000__ns100000__a1_000ep01__g1"",""dim"":2,""path_r"":"""",""path_s"":"""",""synthetic"":{""generator"":""stripe"",""n_r"":100000,""n_s"":100000,""alpha"":10,""seed"":1}},""run"":{""method"":""ours"",""variant"":""sampling"",""t"":100000,""seed"":1,""repeats"":3,""j_star"":1000000,""enum_cap"":0,""write_samples"":false,""verify"":false},""output"":{""out_dir"":""/home/dhy/PhD/SIGMOD-EXP/EXP-2/run/temp/exp6"",""run_tag"":""""},""sys"":{""threads"":1},""logging"":{""level"":""INFO"",""with_timestamp"":true,""with_thread_id"":false}}","{""generator"":""stripe_ctrl_alpha"",""dataset"":""exp6_stripe__nr100000__ns100000__a1_000ep01__g1"",""n_r"":100000,""n_s"":100000,""has_exact_k"":true,""k_target"":2000000,""k_achieved"":2000000,""alpha_target"":10,""alpha_achieved"":10,""notes"":""control_axis=1, core=[0.45,0.55], g=9.9999e-07, h=9e-06, delta=2.49998e-07, shuffle_strips=1, shuffle_r=0, k_overridden=0""}"
exp6_stripe__nr100000__ns100000__a1_000ep01__g1,stripe,10,100000,100000,ours,sampling,100000,1,2,1,520.126,2e+06,1,0,0,0,,0,"{""build_active_indices_ms"":5.386711,""build_events_ms"":43.561974,""build_ranks_ms"":39.913618,""build_y_domain_ms"":13.857098,""phase1_count_ms"":223.123091,""phase2_plan_ms"":8.163374,""phase3_sample_ms"":142.734197,""run_build_ms"":103.224720,""run_count_ms"":223.127251,""run_sample_ms"":150.931650}",,"{""dataset"":{""source"":""synthetic"",""name"":""exp6_stripe__nr100000__ns100000__a1_000ep01__g1"",""dim"":2,""path_r"":"""",""path_s"":"""",""synthetic"":{""generator"":""stripe"",""n_r"":100000,""n_s"":100000,""alpha"":10,""seed"":1}},""run"":{""method"":""ours"",""variant"":""sampling"",""t"":100000,""seed"":1,""repeats"":3,""j_star"":1000000,""enum_cap"":0,""write_samples"":false,""verify"":false},""output"":{""out_dir"":""/home/dhy/PhD/SIGMOD-EXP/EXP-2/run/temp/exp6"",""run_tag"":""""},""sys"":{""threads"":1},""logging"":{""level"":""INFO"",""with_timestamp"":true,""with_thread_id"":false}}","{""generator"":""stripe_ctrl_alpha"",""dataset"":""exp6_stripe__nr100000__ns100000__a1_000ep01__g1"",""n_r"":100000,""n_s"":100000,""has_exact_k"":true,""k_target"":2000000,""k_achieved"":2000000,""alpha_target"":10,""alpha_achieved"":10,""notes"":""control_axis=1, core=[0.45,0.55], g=9.9999e-07, h=9e-06, delta=2.49998e-07, shuffle_strips=1, shuffle_r=0, k_overridden=0""}"
exp6_stripe__nr100000__ns100000__a1_000ep01__g1,stripe,10,100000,100000,ours,sampling,100000,2,3,1,518.893,2e+06,1,0,0,0,,0,"{""build_active_indices_ms"":5.376821,""build_events_ms"":41.970966,""build_ranks_ms"":39.932978,""build_y_domain_ms"":13.862678,""phase1_count_ms"":223.042712,""phase2_plan_ms"":7.945719,""phase3_sample_ms"":142.219987,""run_build_ms"":101.654292,""run_count_ms"":223.045423,""run_sample_ms"":150.198475}",,"{""dataset"":{""source"":""synthetic"",""name"":""exp6_stripe__nr100000__ns100000__a1_000ep01__g1"",""dim"":2,""path_r"":"""",""path_s"":"""",""synthetic"":{""generator"":""stripe"",""n_r"":100000,""n_s"":100000,""alpha"":10,""seed"":1}},""run"":{""method"":""ours"",""variant"":""sampling"",""t"":100000,""seed"":1,""repeats"":3,""j_star"":1000000,""enum_cap"":0,""write_samples"":false,""verify"":false},""output"":{""out_dir"":""/home/dhy/PhD/SIGMOD-EXP/EXP-2/run/temp/exp6"",""run_tag"":""""},""sys"":{""threads"":1},""logging"":{""level"":""INFO"",""with_timestamp"":true,""with_thread_id"":false}}","{""generator"":""stripe_ctrl_alpha"",""dataset"":""exp6_stripe__nr100000__ns100000__a1_000ep01__g1"",""n_r"":100000,""n_s"":100000,""has_exact_k"":true,""k_target"":2000000,""k_achieved"":2000000,""alpha_target"":10,""alpha_achieved"":10,""notes"":""control_axis=1, core=[0.45,0.55], g=9.9999e-07, h=9e-06, delta=2.49998e-07, shuffle_strips=1, shuffle_r=0, k_overridden=0""}"
exp6_stripe__nr100000__ns100000__a1_000ep01__g1,stripe,10,100000,100000,ours,enum_sampling,100000,0,1,1,462.15,2e+06,1,1,0,0,,0,"{""build_active_indices_ms"":9.624474,""build_events_ms"":34.731694,""build_ranks_ms"":40.048465,""build_y_domain_ms"":13.860428,""run_build_ms"":98.661883,""run_draw_ranks_ms"":7.327110,""run_enum_pass1_count_ms"":243.675364,""run_enum_pass2_select_ms"":110.361635,""run_enum_prepare_ms"":1.555428}",,"{""dataset"":{""source"":""synthetic"",""name"":""exp6_stripe__nr100000__ns100000__a1_000ep01__g1"",""dim"":2,""path_r"":"""",""path_s"":"""",""synthetic"":{""generator"":""stripe"",""n_r"":100000,""n_s"":100000,""alpha"":10,""seed"":1}},""run"":{""method"":""ours"",""variant"":""enum_sampling"",""t"":100000,""seed"":1,""repeats"":3,""j_star"":1000000,""enum_cap"":0,""write_samples"":false,""verify"":false},""output"":{""out_dir"":""/home/dhy/PhD/SIGMOD-EXP/EXP-2/run/temp/exp6"",""run_tag"":""""},""sys"":{""threads"":1},""logging"":{""level"":""INFO"",""with_timestamp"":true,""with_thread_id"":false}}","{""generator"":""stripe_ctrl_alpha"",""dataset"":""exp6_stripe__nr100000__ns100000__a1_000ep01__g1"",""n_r"":100000,""n_s"":100000,""has_exact_k"":true,""k_target"":2000000,""k_achieved"":2000000,""alpha_target"":10,""alpha_achieved"":10,""notes"":""control_axis=1, core=[0.45,0.55], g=9.9999e-07, h=9e-06, delta=2.49998e-07, shuffle_strips=1, shuffle_r=0, k_overridden=0""}"
exp6_stripe__nr100000__ns100000__a1_000ep01__g1,stripe,10,100000,100000,ours,enum_sampling,100000,1,2,1,507.678,2e+06,1,1,0,0,,0,"{""build_active_indices_ms"":5.500669,""build_events_ms"":43.522535,""build_ranks_ms"":40.053855,""build_y_domain_ms"":13.892307,""run_build_ms"":103.355458,""run_draw_ranks_ms"":7.306741,""run_enum_pass1_count_ms"":241.816831,""run_enum_pass2_select_ms"":109.625500,""run_enum_prepare_ms"":1.551009}",,"{""dataset"":{""source"":""synthetic"",""name"":""exp6_stripe__nr100000__ns100000__a1_000ep01__g1"",""dim"":2,""path_r"":"""",""path_s"":"""",""synthetic"":{""generator"":""stripe"",""n_r"":100000,""n_s"":100000,""alpha"":10,""seed"":1}},""run"":{""method"":""ours"",""variant"":""enum_sampling"",""t"":100000,""seed"":1,""repeats"":3,""j_star"":1000000,""enum_cap"":0,""write_samples"":false,""verify"":false},""output"":{""out_dir"":""/home/dhy/PhD/SIGMOD-EXP/EXP-2/run/temp/exp6"",""run_tag"":""""},""sys"":{""threads"":1},""logging"":{""level"":""INFO"",""with_timestamp"":true,""with_thread_id"":false}}","{""generator"":""stripe_ctrl_alpha"",""dataset"":""exp6_stripe__nr100000__ns100000__a1_000ep01__g1"",""n_r"":100000,""n_s"":100000,""has_exact_k"":true,""k_target"":2000000,""k_achieved"":2000000,""alpha_target"":10,""alpha_achieved"":10,""notes"":""control_axis=1, core=[0.45,0.55], g=9.9999e-07, h=9e-06, delta=2.49998e-07, shuffle_strips=1, shuffle_r=0, k_overridden=0""}"
exp6_stripe__nr100000__ns100000__a1_000ep01__g1,stripe,10,100000,100000,ours,enum_sampling,100000,2,3,1,507.272,2e+06,1,1,0,0,,0,"{""build_active_indices_ms"":5.499249,""build_events_ms"":41.966356,""build_ranks_ms"":40.030385,""build_y_domain_ms"":13.881488,""run_build_ms"":101.761470,""run_draw_ranks_ms"":7.385570,""run_enum_pass1_count_ms"":241.340720,""run_enum_pass2_select_ms"":109.753938,""run_enum_prepare_ms"":1.527109}",,"{""dataset"":{""source"":""synthetic"",""name"":""exp6_stripe__nr100000__ns100000__a1_000ep01__g1"",""dim"":2,""path_r"":"""",""path_s"":"""",""synthetic"":{""generator"":""stripe"",""n_r"":100000,""n_s"":100000,""alpha"":10,""seed"":1}},""run"":{""method"":""ours"",""variant"":""enum_sampling"",""t"":100000,""seed"":1,""repeats"":3,""j_star"":1000000,""enum_cap"":0,""write_samples"":false,""verify"":false},""output"":{""out_dir"":""/home/dhy/PhD/SIGMOD-EXP/EXP-2/run/temp/exp6"",""run_tag"":""""},""sys"":{""threads"":1},""logging"":{""level"":""INFO"",""with_timestamp"":true,""with_thread_id"":false}}","{""generator"":""stripe_ctrl_alpha"",""dataset"":""exp6_stripe__nr100000__ns100000__a1_000ep01__g1"",""n_r"":100000,""n_s"":100000,""has_exact_k"":true,""k_target"":2000000,""k_achieved"":2000000,""alpha_target"":10,""alpha_achieved"":10,""notes"":""control_axis=1, core=[0.45,0.55], g=9.9999e-07, h=9e-06, delta=2.49998e-07, shuffle_strips=1, shuffle_r=0, k_overridden=0""}"
exp6_stripe__nr100000__ns100000__a1_000ep01__g1,stripe,10,100000,100000,ours,adaptive,100000,0,1,1,560.227,2e+06,1,0,1,0,fallback_sampling,1000001,"{""build_active_indices_ms"":5.600386,""build_events_ms"":34.827012,""build_ranks_ms"":39.977137,""build_y_domain_ms"":13.867578,""phase1_count_adaptive_ms"":190.713480,""phase2_plan_ms"":8.799021,""phase3_sample_ms"":144.765535,""run_build_ms"":94.780153,""run_fallback_count_ms"":190.717640,""run_fallback_sample_ms"":153.599866,""run_pilot_enum_prepare_ms"":1.558659,""run_pilot_enum_scan_ms"":119.557208,""sample_ms"":153.598376}",,"{""dataset"":{""source"":""synthetic"",""name"":""exp6_stripe__nr100000__ns100000__a1_000ep01__g1"",""dim"":2,""path_r"":"""",""path_s"":"""",""synthetic"":{""generator"":""stripe"",""n_r"":100000,""n_s"":100000,""alpha"":10,""seed"":1}},""run"":{""method"":""ours"",""variant"":""adaptive"",""t"":100000,""seed"":1,""repeats"":3,""j_star"":1000000,""enum_cap"":0,""write_samples"":false,""verify"":false},""output"":{""out_dir"":""/home/dhy/PhD/SIGMOD-EXP/EXP-2/run/temp/exp6"",""run_tag"":""""},""sys"":{""threads"":1},""logging"":{""level"":""INFO"",""with_timestamp"":true,""with_thread_id"":false}}","{""generator"":""stripe_ctrl_alpha"",""dataset"":""exp6_stripe__nr100000__ns100000__a1_000ep01__g1"",""n_r"":100000,""n_s"":100000,""has_exact_k"":true,""k_target"":2000000,""k_achieved"":2000000,""alpha_target"":10,""alpha_achieved"":10,""notes"":""control_axis=1, core=[0.45,0.55], g=9.9999e-07, h=9e-06, delta=2.49998e-07, shuffle_strips=1, shuffle_r=0, k_overridden=0""}"
exp6_stripe__nr100000__ns100000__a1_000ep01__g1,stripe,10,100000,100000,ours,adaptive,100000,1,2,1,608.6,2e+06,1,0,1,0,fallback_sampling,1000001,"{""build_active_indices_ms"":5.499749,""build_events_ms"":41.998925,""build_ranks_ms"":40.017906,""build_y_domain_ms"":13.868008,""phase1_count_adaptive_ms"":190.780779,""phase2_plan_ms"":7.901959,""phase3_sample_ms"":143.011561,""run_build_ms"":101.880578,""run_fallback_count_ms"":190.783879,""run_fallback_sample_ms"":150.947940,""run_pilot_enum_prepare_ms"":1.525098,""run_pilot_enum_scan_ms"":119.808203,""sample_ms"":150.946550}",,"{""dataset"":{""source"":""synthetic"",""name"":""exp6_stripe__nr100000__ns100000__a1_000ep01__g1"",""dim"":2,""path_r"":"""",""path_s"":"""",""synthetic"":{""generator"":""stripe"",""n_r"":100000,""n_s"":100000,""alpha"":10,""seed"":1}},""run"":{""method"":""ours"",""variant"":""adaptive"",""t"":100000,""seed"":1,""repeats"":3,""j_star"":1000000,""enum_cap"":0,""write_samples"":false,""verify"":false},""output"":{""out_dir"":""/home/dhy/PhD/SIGMOD-EXP/EXP-2/run/temp/exp6"",""run_tag"":""""},""sys"":{""threads"":1},""logging"":{""level"":""INFO"",""with_timestamp"":true,""with_thread_id"":false}}","{""generator"":""stripe_ctrl_alpha"",""dataset"":""exp6_stripe__nr100000__ns100000__a1_000ep01__g1"",""n_r"":100000,""n_s"":100000,""has_exact_k"":true,""k_target"":2000000,""k_achieved"":2000000,""alpha_target"":10,""alpha_achieved"":10,""notes"":""control_axis=1, core=[0.45,0.55], g=9.9999e-07, h=9e-06, delta=2.49998e-07, shuffle_strips=1, shuffle_r=0, k_overridden=0""}"
exp6_stripe__nr100000__ns100000__a1_000ep01__g1,stripe,10,100000,100000,ours,adaptive,100000,2,3,1,614.621,2e+06,1,0,1,0,fallback_sampling,1000001,"{""build_active_indices_ms"":5.512138,""build_events_ms"":41.902588,""build_ranks_ms"":40.012176,""build_y_domain_ms"":13.858708,""phase1_count_adaptive_ms"":192.985044,""phase2_plan_ms"":7.951849,""phase3_sample_ms"":143.373044,""run_build_ms"":101.792639,""run_fallback_count_ms"":192.988254,""run_fallback_sample_ms"":151.359062,""run_pilot_enum_prepare_ms"":1.514760,""run_pilot_enum_scan_ms"":119.910050,""sample_ms"":151.357792}",,"{""dataset"":{""source"":""synthetic"",""name"":""exp6_stripe__nr100000__ns100000__a1_000ep01__g1"",""dim"":2,""path_r"":"""",""path_s"":"""",""synthetic"":{""generator"":""stripe"",""n_r"":100000,""n_s"":100000,""alpha"":10,""seed"":1}},""run"":{""method"":""ours"",""variant"":""adaptive"",""t"":100000,""seed"":1,""repeats"":3,""j_star"":1000000,""enum_cap"":0,""write_samples"":false,""verify"":false},""output"":{""out_dir"":""/home/dhy/PhD/SIGMOD-EXP/EXP-2/run/temp/exp6"",""run_tag"":""""},""sys"":{""threads"":1},""logging"":{""level"":""INFO"",""with_timestamp"":true,""with_thread_id"":false}}","{""generator"":""stripe_ctrl_alpha"",""dataset"":""exp6_stripe__nr100000__ns100000__a1_000ep01__g1"",""n_r"":100000,""n_s"":100000,""has_exact_k"":true,""k_target"":2000000,""k_achieved"":2000000,""alpha_target"":10,""alpha_achieved"":10,""notes"":""control_axis=1, core=[0.45,0.55], g=9.9999e-07, h=9e-06, delta=2.49998e-07, shuffle_strips=1, shuffle_r=0, k_overridden=0""}"
exp6_stripe__nr100000__ns100000__a1_000ep01__g1,stripe,10,100000,100000,ours,sampling,300000,0,1,1,487.721,2e+06,1,0,0,0,,0,"{""build_active_indices_ms"":9.599025,""build_events_ms"":34.759563,""build_ranks_ms"":40.017246,""build_y_domain_ms"":13.874648,""phase1_count_ms"":222.132042,""phase2_plan_ms"":15.479145,""phase3_sample_ms"":151.247633,""run_build_ms"":98.766241,""run_count_ms"":222.136482,""run_sample_ms"":166.814006}",,"{""dataset"":{""source"":""synthetic"",""name"":""exp6_stripe__nr100000__ns100000__a1_000ep01__g1"",""dim"":2,""path_r"":"""",""path_s"":"""",""synthetic"":{""generator"":""stripe"",""n_r"":100000,""n_s"":100000,""alpha"":10,""seed"":1}},""run"":{""method"":""ours"",""variant"":""sampling"",""t"":300000,""seed"":1,""repeats"":3,""j_star"":1000000,""enum_cap"":0,""write_samples"":false,""verify"":false},""output"":{""out_dir"":""/home/dhy/PhD/SIGMOD-EXP/EXP-2/run/temp/exp6"",""run_tag"":""""},""sys"":{""threads"":1},""logging"":{""level"":""INFO"",""with_timestamp"":true,""with_thread_id"":false}}","{""generator"":""stripe_ctrl_alpha"",""dataset"":""exp6_stripe__nr100000__ns100000__a1_000ep01__g1"",""n_r"":100000,""n_s"":100000,""has_exact_k"":true,""k_target"":2000000,""k_achieved"":2000000,""alpha_target"":10,""alpha_achieved"":10,""notes"":""control_axis=1, core=[0.45,0.55], g=9.9999e-07, h=9e-06, delta=2.49998e-07, shuffle_strips=1, shuffle_r=0, k_overridden=0""}"
exp6_stripe__nr100000__ns100000__a1_000ep01__g1,stripe,10,100000,100000,ours,sampling,300000,1,2,1,532.676,2e+06,1,0,0,0,,0,"{""build_active_indices_ms"":5.505698,""build_events_ms"":42.210021,""build_ranks_ms"":40.002506,""build_y_domain_ms"":13.890688,""phase1_count_ms"":222.425556,""phase2_plan_ms"":13.467186,""phase3_sample_ms"":150.928529,""run_build_ms"":102.106413,""run_count_ms"":222.429765,""run_sample_ms"":164.481324}",,"{""dataset"":{""source"":""synthetic"",""name"":""exp6_stripe__nr100000__ns100000__a1_000ep01__g1"",""dim"":2,""path_r"":"""",""path_s"":"""",""synthetic"":{""generator"":""stripe"",""n_r"":100000,""n_s"":100000,""alpha"":10,""seed"":1}},""run"":{""method"":""ours"",""variant"":""sampling"",""t"":300000,""seed"":1,""repeats"":3,""j_star"":1000000,""enum_cap"":0,""write_samples"":false,""verify"":false},""output"":{""out_dir"":""/home/dhy/PhD/SIGMOD-EXP/EXP-2/run/temp/exp6"",""run_tag"":""""},""sys"":{""threads"":1},""logging"":{""level"":""INFO"",""with_timestamp"":true,""with_thread_id"":false}}","{""generator"":""stripe_ctrl_alpha"",""dataset"":""exp6_stripe__nr100000__ns100000__a1_000ep01__g1"",""n_r"":100000,""n_s"":100000,""has_exact_k"":true,""k_target"":2000000,""k_achieved"":2000000,""alpha_target"":10,""alpha_achieved"":10,""notes"":""control_axis=1, core=[0.45,0.55], g=9.9999e-07, h=9e-06, delta=2.49998e-07, shuffle_strips=1, shuffle_r=0, k_overridden=0""}"
exp6_stripe__nr100000__ns100000__a1_000ep01__g1,stripe,10,100000,100000,ours,sampling,300000,2,3,1,531.06,2e+06,1,0,0,0,,0,"{""build_active_indices_ms"":5.484569,""build_events_ms"":42.003135,""build_ranks_ms"":39.978737,""build_y_domain_ms"":13.873397,""phase1_count_ms"":221.435086,""phase2_plan_ms"":13.047875,""phase3_sample_ms"":150.452550,""run_build_ms"":101.835709,""run_count_ms"":221.438505,""run_sample_ms"":163.585813}",,"{""dataset"":{""source"":""synthetic"",""name"":""exp6_stripe__nr100000__ns100000__a1_000ep01__g1"",""dim"":2,""path_r"":"""",""path_s"":"""",""synthetic"":{""generator"":""stripe"",""n_r"":100000,""n_s"":100000,""alpha"":10,""seed"":1}},""run"":{""method"":""ours"",""variant"":""sampling"",""t"":300000,""seed"":1,""repeats"":3,""j_star"":1000000,""enum_cap"":0,""write_samples"":false,""verify"":false},""output"":{""out_dir"":""/home/dhy/PhD/SIGMOD-EXP/EXP-2/run/temp/exp6"",""run_tag"":""""},""sys"":{""threads"":1},""logging"":{""level"":""INFO"",""with_timestamp"":true,""with_thread_id"":false}}","{""generator"":""stripe_ctrl_alpha"",""dataset"":""exp6_stripe__nr100000__ns100000__a1_000ep01__g1"",""n_r"":100000,""n_s"":100000,""has_exact_k"":true,""k_target"":2000000,""k_achieved"":2000000,""alpha_target"":10,""alpha_achieved"":10,""notes"":""control_axis=1, core=[0.45,0.55], g=9.9999e-07, h=9e-06, delta=2.49998e-07, shuffle_strips=1, shuffle_r=0, k_overridden=0""}"
exp6_stripe__nr100000__ns100000__a1_000ep01__g1,stripe,10,100000,100000,ours,enum_sampling,300000,0,1,1,480.956,2e+06,1,1,0,0,,0,"{""build_active_indices_ms"":9.491597,""build_events_ms"":34.786702,""build_ranks_ms"":41.115294,""build_y_domain_ms"":13.867318,""run_build_ms"":99.651973,""run_draw_ranks_ms"":24.294546,""run_enum_pass1_count_ms"":237.763844,""run_enum_pass2_select_ms"":116.004590,""run_enum_prepare_ms"":1.548178}",,"{""dataset"":{""source"":""synthetic"",""name"":""exp6_stripe__nr100000__ns100000__a1_000ep01__g1"",""dim"":2,""path_r"":"""",""path_s"":"""",""synthetic"":{""generator"":""stripe"",""n_r"":100000,""n_s"":100000,""alpha"":10,""seed"":1}},""run"":{""method"":""ours"",""variant"":""enum_sampling"",""t"":300000,""seed"":1,""repeats"":3,""j_star"":1000000,""enum_cap"":0,""write_samples"":false,""verify"":false},""output"":{""out_dir"":""/home/dhy/PhD/SIGMOD-EXP/EXP-2/run/temp/exp6"",""run_tag"":""""},""sys"":{""threads"":1},""logging"":{""level"":""INFO"",""with_timestamp"":true,""with_thread_id"":false}}","{""generator"":""stripe_ctrl_alpha"",""dataset"":""exp6_stripe__nr100000__ns100000__a1_000ep01__g1"",""n_r"":100000,""n_s"":100000,""has_exact_k"":true,""k_target"":2000000,""k_achieved"":2000000,""alpha_target"":10,""alpha_achieved"":10,""notes"":""control_axis=1, core=[0.45,0.55], g=9.9999e-07, h=9e-06, delta=2.49998e-07, shuffle_strips=1, shuffle_r=0, k_overridden=0""}"
exp6_stripe__nr100000__ns100000__a1_000ep01__g1,stripe,10,100000,100000,ours,enum_sampling,300000,1,2,1,526.361,2e+06,1,1,0,0,,0,"{""build_active_indices_ms"":5.465848,""build_events_ms"":42.413788,""build_ranks_ms"":40.008576,""build_y_domain_ms"":13.871918,""run_build_ms"":102.147032,""run_draw_ranks_ms"":24.119670,""run_enum_pass1_count_ms"":238.385751,""run_enum_pass2_select_ms"":116.254265,""run_enum_prepare_ms"":1.509390}",,"{""dataset"":{""source"":""synthetic"",""name"":""exp6_stripe__nr100000__ns100000__a1_000ep01__g1"",""dim"":2,""path_r"":"""",""path_s"":"""",""synthetic"":{""generator"":""stripe"",""n_r"":100000,""n_s"":100000,""alpha"":10,""seed"":1}},""run"":{""method"":""ours"",""variant"":""enum_sampling"",""t"":300000,""seed"":1,""repeats"":3,""j_star"":1000000,""enum_cap"":0,""write_samples"":false,""verify"":false},""output"":{""out_dir"":""/home/dhy/PhD/SIGMOD-EXP/EXP-2/run/temp/exp6"",""run_tag"":""""},""sys"":{""threads"":1},""logging"":{""level"":""INFO"",""with_timestamp"":true,""with_thread_id"":false}}","{""generator"":""stripe_ctrl_alpha"",""dataset"":""exp6_stripe__nr100000__ns100000__a1_000ep01__g1"",""n_r"":100000,""n_s"":100000,""has_exact_k"":true,""k_target"":2000000,""k_achieved"":2000000,""alpha_target"":10,""alpha_achieved"":10,""notes"":""control_axis=1, core=[0.45,0.55], g=9.9999e-07, h=9e-06, delta=2.49998e-07, shuffle_strips=1, shuffle_r=0, k_overridden=0""}"
exp6_stripe__nr100000__ns100000__a1_000ep01__g1,stripe,10,100000,100000,ours,enum_sampling,300000,2,3,1,526.55,2e+06,1,1,0,0,,0,"{""build_active_indices_ms"":5.402731,""build_events_ms"":43.287340,""build_ranks_ms"":39.992057,""build_y_domain_ms"":13.859058,""run_build_ms"":102.928637,""run_draw_ranks_ms"":24.212147,""run_enum_pass1_count_ms"":238.728514,""run_enum_pass2_select_ms"":115.131368,""run_enum_prepare_ms"":1.520119}",,"{""dataset"":{""source"":""synthetic"",""name"":""exp6_stripe__nr100000__ns100000__a1_000ep01__g1"",""dim"":2,""path_r"":"""",""path_s"":"""",""synthetic"":{""generator"":""stripe"",""n_r"":100000,""n_s"":100000,""alpha"":10,""seed"":1}},""run"":{""method"":""ours"",""variant"":""enum_sampling"",""t"":300000,""seed"":1,""repeats"":3,""j_star"":1000000,""enum_cap"":0,""write_samples"":false,""verify"":false},""output"":{""out_dir"":""/home/dhy/PhD/SIGMOD-EXP/EXP-2/run/temp/exp6"",""run_tag"":""""},""sys"":{""threads"":1},""logging"":{""level"":""INFO"",""with_timestamp"":true,""with_thread_id"":false}}","{""generator"":""stripe_ctrl_alpha"",""dataset"":""exp6_stripe__nr100000__ns100000__a1_000ep01__g1"",""n_r"":100000,""n_s"":100000,""has_exact_k"":true,""k_target"":2000000,""k_achieved"":2000000,""alpha_target"":10,""alpha_achieved"":10,""notes"":""control_axis=1, core=[0.45,0.55], g=9.9999e-07, h=9e-06, delta=2.49998e-07, shuffle_strips=1, shuffle_r=0, k_overridden=0""}"
exp6_stripe__nr100000__ns100000__a1_000ep01__g1,stripe,10,100000,100000,ours,adaptive,300000,0,1,1,574.76,2e+06,1,0,1,0,fallback_sampling,1000001,"{""build_active_indices_ms"":5.539487,""build_events_ms"":34.785013,""build_ranks_ms"":40.163214,""build_y_domain_ms"":13.856778,""phase1_count_adaptive_ms"":190.964656,""phase2_plan_ms"":14.623343,""phase3_sample_ms"":153.476219,""run_build_ms"":94.856871,""run_fallback_count_ms"":190.967706,""run_fallback_sample_ms"":168.187100,""run_pilot_enum_prepare_ms"":1.527679,""run_pilot_enum_scan_ms"":119.207995,""sample_ms"":168.185780}",,"{""dataset"":{""source"":""synthetic"",""name"":""exp6_stripe__nr100000__ns100000__a1_000ep01__g1"",""dim"":2,""path_r"":"""",""path_s"":"""",""synthetic"":{""generator"":""stripe"",""n_r"":100000,""n_s"":100000,""alpha"":10,""seed"":1}},""run"":{""method"":""ours"",""variant"":""adaptive"",""t"":300000,""seed"":1,""repeats"":3,""j_star"":1000000,""enum_cap"":0,""write_samples"":false,""verify"":false},""output"":{""out_dir"":""/home/dhy/PhD/SIGMOD-EXP/EXP-2/run/temp/exp6"",""run_tag"":""""},""sys"":{""threads"":1},""logging"":{""level"":""INFO"",""with_timestamp"":true,""with_thread_id"":false}}","{""generator"":""stripe_ctrl_alpha"",""dataset"":""exp6_stripe__nr100000__ns100000__a1_000ep01__g1"",""n_r"":100000,""n_s"":100000,""has_exact_k"":true,""k_target"":2000000,""k_achieved"":2000000,""alpha_target"":10,""alpha_achieved"":10,""notes"":""control_axis=1, core=[0.45,0.55], g=9.9999e-07, h=9e-06, delta=2.49998e-07, shuffle_strips=1, shuffle_r=0, k_overridden=0""}"
exp6_stripe__nr100000__ns100000__a1_000ep01__g1,stripe,10,100000,100000,ours,adaptive,300000,1,2,1,629.153,2e+06,1,0,1,0,fallback_sampling,1000001,"{""build_active_indices_ms"":5.380901,""build_events_ms"":41.903508,""build_ranks_ms"":40.121294,""build_y_domain_ms"":13.886637,""phase1_count_adaptive_ms"":191.162492,""phase2_plan_ms"":13.456746,""phase3_sample_ms"":151.480369,""run_build_ms"":101.809250,""run_fallback_count_ms"":191.166162,""run_fallback_sample_ms"":165.025134,""run_pilot_enum_prepare_ms"":1.547988,""run_pilot_enum_scan_ms"":120.582507,""sample_ms"":165.023244}",,"{""dataset"":{""source"":""synthetic"",""name"":""exp6_stripe__nr100000__ns100000__a1_000ep01__g1"",""dim"":2,""path_r"":"""",""path_s"":"""",""synthetic"":{""generator"":""stripe"",""n_r"":100000,""n_s"":100000,""alpha"":10,""seed"":1}},""run"":{""method"":""ours"",""variant"":""adaptive"",""t"":300000,""seed"":1,""repeats"":3,""j_star"":1000000,""enum_cap"":0,""write_samples"":false,""verify"":false},""output"":{""out_dir"":""/home/dhy/PhD/SIGMOD-EXP/EXP-2/run/temp/exp6"",""run_tag"":""""},""sys"":{""threads"":1},""logging"":{""level"":""INFO"",""with_timestamp"":true,""with_thread_id"":false}}","{""generator"":""stripe_ctrl_alpha"",""dataset"":""exp6_stripe__nr100000__ns100000__a1_000ep01__g1"",""n_r"":100000,""n_s"":100000,""has_exact_k"":true,""k_target"":2000000,""k_achieved"":2000000,""alpha_target"":10,""alpha_achieved"":10,""notes"":""control_axis=1, core=[0.45,0.55], g=9.9999e-07, h=9e-06, delta=2.49998e-07, shuffle_strips=1, shuffle_r=0, k_overridden=0""}"
exp6_stripe__nr100000__ns100000__a1_000ep01__g1,stripe,10,100000,100000,ours,adaptive,300000,2,3,1,624.1,2e+06,1,0,1,0,fallback_sampling,1000001,"{""build_active_indices_ms"":5.390530,""build_events_ms"":41.864559,""build_ranks_ms"":40.116374,""build_y_domain_ms"":13.851958,""phase1_count_adaptive_ms"":192.543484,""phase2_plan_ms"":13.353278,""phase3_sample_ms"":151.558758,""run_build_ms"":101.731211,""run_fallback_count_ms"":192.546774,""run_fallback_sample_ms"":164.998975,""run_pilot_enum_prepare_ms"":1.546048,""run_pilot_enum_scan_ms"":119.965821,""sample_ms"":164.998164}",,"{""dataset"":{""source"":""synthetic"",""name"":""exp6_stripe__nr100000__ns100000__a1_000ep01__g1"",""dim"":2,""path_r"":"""",""path_s"":"""",""synthetic"":{""generator"":""stripe"",""n_r"":100000,""n_s"":100000,""alpha"":10,""seed"":1}},""run"":{""method"":""ours"",""variant"":""adaptive"",""t"":300000,""seed"":1,""repeats"":3,""j_star"":1000000,""enum_cap"":0,""write_samples"":false,""verify"":false},""output"":{""out_dir"":""/home/dhy/PhD/SIGMOD-EXP/EXP-2/run/temp/exp6"",""run_tag"":""""},""sys"":{""threads"":1},""logging"":{""level"":""INFO"",""with_timestamp"":true,""with_thread_id"":false}}","{""generator"":""stripe_ctrl_alpha"",""dataset"":""exp6_stripe__nr100000__ns100000__a1_000ep01__g1"",""n_r"":100000,""n_s"":100000,""has_exact_k"":true,""k_target"":2000000,""k_achieved"":2000000,""alpha_target"":10,""alpha_achieved"":10,""notes"":""control_axis=1, core=[0.45,0.55], g=9.9999e-07, h=9e-06, delta=2.49998e-07, shuffle_strips=1, shuffle_r=0, k_overridden=0""}"
exp6_stripe__nr100000__ns100000__a1_000ep01__g1,stripe,10,100000,100000,ours,sampling,1000000,0,1,1,523.053,2e+06,1,0,0,0,,0,"{""build_active_indices_ms"":9.481087,""build_events_ms"":34.767623,""build_ranks_ms"":39.937608,""build_y_domain_ms"":13.867958,""phase1_count_ms"":223.581593,""phase2_plan_ms"":34.743653,""phase3_sample_ms"":165.880286,""run_build_ms"":98.567425,""run_count_ms"":223.585693,""run_sample_ms"":200.896174}",,"{""dataset"":{""source"":""synthetic"",""name"":""exp6_stripe__nr100000__ns100000__a1_000ep01__g1"",""dim"":2,""path_r"":"""",""path_s"":"""",""synthetic"":{""generator"":""stripe"",""n_r"":100000,""n_s"":100000,""alpha"":10,""seed"":1}},""run"":{""method"":""ours"",""variant"":""sampling"",""t"":1000000,""seed"":1,""repeats"":3,""j_star"":1000000,""enum_cap"":0,""write_samples"":false,""verify"":false},""output"":{""out_dir"":""/home/dhy/PhD/SIGMOD-EXP/EXP-2/run/temp/exp6"",""run_tag"":""""},""sys"":{""threads"":1},""logging"":{""level"":""INFO"",""with_timestamp"":true,""with_thread_id"":false}}","{""generator"":""stripe_ctrl_alpha"",""dataset"":""exp6_stripe__nr100000__ns100000__a1_000ep01__g1"",""n_r"":100000,""n_s"":100000,""has_exact_k"":true,""k_target"":2000000,""k_achieved"":2000000,""alpha_target"":10,""alpha_achieved"":10,""notes"":""control_axis=1, core=[0.45,0.55], g=9.9999e-07, h=9e-06, delta=2.49998e-07, shuffle_strips=1, shuffle_r=0, k_overridden=0""}"
exp6_stripe__nr100000__ns100000__a1_000ep01__g1,stripe,10,100000,100000,ours,sampling,1000000,1,2,1,570.173,2e+06,1,0,0,0,,0,"{""build_active_indices_ms"":5.364441,""build_events_ms"":42.300750,""build_ranks_ms"":39.939877,""build_y_domain_ms"":15.227951,""phase1_count_ms"":224.124062,""phase2_plan_ms"":32.245705,""phase3_sample_ms"":166.520134,""run_build_ms"":103.338548,""run_count_ms"":224.127892,""run_sample_ms"":200.121200}",,"{""dataset"":{""source"":""synthetic"",""name"":""exp6_stripe__nr100000__ns100000__a1_000ep01__g1"",""dim"":2,""path_r"":"""",""path_s"":"""",""synthetic"":{""generator"":""stripe"",""n_r"":100000,""n_s"":100000,""alpha"":10,""seed"":1}},""run"":{""method"":""ours"",""variant"":""sampling"",""t"":1000000,""seed"":1,""repeats"":3,""j_star"":1000000,""enum_cap"":0,""write_samples"":false,""verify"":false},""output"":{""out_dir"":""/home/dhy/PhD/SIGMOD-EXP/EXP-2/run/temp/exp6"",""run_tag"":""""},""sys"":{""threads"":1},""logging"":{""level"":""INFO"",""with_timestamp"":true,""with_thread_id"":false}}","{""generator"":""stripe_ctrl_alpha"",""dataset"":""exp6_stripe__nr100000__ns100000__a1_000ep01__g1"",""n_r"":100000,""n_s"":100000,""has_exact_k"":true,""k_target"":2000000,""k_achieved"":2000000,""alpha_target"":10,""alpha_achieved"":10,""notes"":""control_axis=1, core=[0.45,0.55], g=9.9999e-07, h=9e-06, delta=2.49998e-07, shuffle_strips=1, shuffle_r=0, k_overridden=0""}"
exp6_stripe__nr100000__ns100000__a1_000ep01__g1,stripe,10,100000,100000,ours,sampling,1000000,2,3,1,568.081,2e+06,1,0,0,0,,0,"{""build_active_indices_ms"":5.384570,""build_events_ms"":42.040385,""build_ranks_ms"":39.918868,""build_y_domain_ms"":13.868858,""phase1_count_ms"":223.369627,""phase2_plan_ms"":31.567898,""phase3_sample_ms"":168.030103,""run_build_ms"":101.718032,""run_count_ms"":223.372858,""run_sample_ms"":199.870555}",,"{""dataset"":{""source"":""synthetic"",""name"":""exp6_stripe__nr100000__ns100000__a1_000ep01__g1"",""dim"":2,""path_r"":"""",""path_s"":"""",""synthetic"":{""generator"":""stripe"",""n_r"":100000,""n_s"":100000,""alpha"":10,""seed"":1}},""run"":{""method"":""ours"",""variant"":""sampling"",""t"":1000000,""seed"":1,""repeats"":3,""j_star"":1000000,""enum_cap"":0,""write_samples"":false,""verify"":false},""output"":{""out_dir"":""/home/dhy/PhD/SIGMOD-EXP/EXP-2/run/temp/exp6"",""run_tag"":""""},""sys"":{""threads"":1},""logging"":{""level"":""INFO"",""with_timestamp"":true,""with_thread_id"":false}}","{""generator"":""stripe_ctrl_alpha"",""dataset"":""exp6_stripe__nr100000__ns100000__a1_000ep01__g1"",""n_r"":100000,""n_s"":100000,""has_exact_k"":true,""k_target"":2000000,""k_achieved"":2000000,""alpha_target"":10,""alpha_achieved"":10,""notes"":""control_axis=1, core=[0.45,0.55], g=9.9999e-07, h=9e-06, delta=2.49998e-07, shuffle_strips=1, shuffle_r=0, k_overridden=0""}"
exp6_stripe__nr100000__ns100000__a1_000ep01__g1,stripe,10,100000,100000,ours,enum_sampling,1000000,0,1,1,564.967,2e+06,1,1,0,0,,0,"{""build_active_indices_ms"":9.587385,""build_events_ms"":34.777333,""build_ranks_ms"":40.158593,""build_y_domain_ms"":13.869898,""run_build_ms"":98.786561,""run_draw_ranks_ms"":89.634407,""run_enum_pass1_count_ms"":239.743334,""run_enum_pass2_select_ms"":130.131224,""run_enum_prepare_ms"":1.552799}",,"{""dataset"":{""source"":""synthetic"",""name"":""exp6_stripe__nr100000__ns100000__a1_000ep01__g1"",""dim"":2,""path_r"":"""",""path_s"":"""",""synthetic"":{""generator"":""stripe"",""n_r"":100000,""n_s"":100000,""alpha"":10,""seed"":1}},""run"":{""method"":""ours"",""variant"":""enum_sampling"",""t"":1000000,""seed"":1,""repeats"":3,""j_star"":1000000,""enum_cap"":0,""write_samples"":false,""verify"":false},""output"":{""out_dir"":""/home/dhy/PhD/SIGMOD-EXP/EXP-2/run/temp/exp6"",""run_tag"":""""},""sys"":{""threads"":1},""logging"":{""level"":""INFO"",""with_timestamp"":true,""with_thread_id"":false}}","{""generator"":""stripe_ctrl_alpha"",""dataset"":""exp6_stripe__nr100000__ns100000__a1_000ep01__g1"",""n_r"":100000,""n_s"":100000,""has_exact_k"":true,""k_target"":2000000,""k_achieved"":2000000,""alpha_target"":10,""alpha_achieved"":10,""notes"":""control_axis=1, core=[0.45,0.55], g=9.9999e-07, h=9e-06, delta=2.49998e-07, shuffle_strips=1, shuffle_r=0, k_overridden=0""}"
exp6_stripe__nr100000__ns100000__a1_000ep01__g1,stripe,10,100000,100000,ours,enum_sampling,1000000,1,2,1,616.202,2e+06,1,1,0,0,,0,"{""build_active_indices_ms"":5.380870,""build_events_ms"":42.016696,""build_ranks_ms"":40.116725,""build_y_domain_ms"":13.882837,""run_build_ms"":101.783860,""run_draw_ranks_ms"":89.011380,""run_enum_pass1_count_ms"":242.821782,""run_enum_pass2_select_ms"":131.896048,""run_enum_prepare_ms"":1.535749}",,"{""dataset"":{""source"":""synthetic"",""name"":""exp6_stripe__nr100000__ns100000__a1_000ep01__g1"",""dim"":2,""path_r"":"""",""path_s"":"""",""synthetic"":{""generator"":""stripe"",""n_r"":100000,""n_s"":100000,""alpha"":10,""seed"":1}},""run"":{""method"":""ours"",""variant"":""enum_sampling"",""t"":1000000,""seed"":1,""repeats"":3,""j_star"":1000000,""enum_cap"":0,""write_samples"":false,""verify"":false},""output"":{""out_dir"":""/home/dhy/PhD/SIGMOD-EXP/EXP-2/run/temp/exp6"",""run_tag"":""""},""sys"":{""threads"":1},""logging"":{""level"":""INFO"",""with_timestamp"":true,""with_thread_id"":false}}","{""generator"":""stripe_ctrl_alpha"",""dataset"":""exp6_stripe__nr100000__ns100000__a1_000ep01__g1"",""n_r"":100000,""n_s"":100000,""has_exact_k"":true,""k_target"":2000000,""k_achieved"":2000000,""alpha_target"":10,""alpha_achieved"":10,""notes"":""control_axis=1, core=[0.45,0.55], g=9.9999e-07, h=9e-06, delta=2.49998e-07, shuffle_strips=1, shuffle_r=0, k_overridden=0""}"
exp6_stripe__nr100000__ns100000__a1_000ep01__g1,stripe,10,100000,100000,ours,enum_sampling,1000000,2,3,1,606.062,2e+06,1,1,0,0,,0,"{""build_active_indices_ms"":5.387171,""build_events_ms"":42.015566,""build_ranks_ms"":40.136124,""build_y_domain_ms"":13.868808,""run_build_ms"":101.793470,""run_draw_ranks_ms"":89.027829,""run_enum_pass1_count_ms"":238.758274,""run_enum_pass2_select_ms"":130.335480,""run_enum_prepare_ms"":1.528099}",,"{""dataset"":{""source"":""synthetic"",""name"":""exp6_stripe__nr100000__ns100000__a1_000ep01__g1"",""dim"":2,""path_r"":"""",""path_s"":"""",""synthetic"":{""generator"":""stripe"",""n_r"":100000,""n_s"":100000,""alpha"":10,""seed"":1}},""run"":{""method"":""ours"",""variant"":""enum_sampling"",""t"":1000000,""seed"":1,""repeats"":3,""j_star"":1000000,""enum_cap"":0,""write_samples"":false,""verify"":false},""output"":{""out_dir"":""/home/dhy/PhD/SIGMOD-EXP/EXP-2/run/temp/exp6"",""run_tag"":""""},""sys"":{""threads"":1},""logging"":{""level"":""INFO"",""with_timestamp"":true,""with_thread_id"":false}}","{""generator"":""stripe_ctrl_alpha"",""dataset"":""exp6_stripe__nr100000__ns100000__a1_000ep01__g1"",""n_r"":100000,""n_s"":100000,""has_exact_k"":true,""k_target"":2000000,""k_achieved"":2000000,""alpha_target"":10,""alpha_achieved"":10,""notes"":""control_axis=1, core=[0.45,0.55], g=9.9999e-07, h=9e-06, delta=2.49998e-07, shuffle_strips=1, shuffle_r=0, k_overridden=0""}"
exp6_stripe__nr100000__ns100000__a1_000ep01__g1,stripe,10,100000,100000,ours,adaptive,1000000,0,1,1,618.042,2e+06,1,0,1,0,fallback_sampling,1000001,"{""build_active_indices_ms"":8.257322,""build_events_ms"":34.745904,""build_ranks_ms"":39.927628,""build_y_domain_ms"":13.864848,""phase1_count_adaptive_ms"":192.137803,""phase2_plan_ms"":34.454619,""phase3_sample_ms"":166.959035,""run_build_ms"":97.315251,""run_fallback_count_ms"":192.141873,""run_fallback_sample_ms"":202.751587,""run_pilot_enum_prepare_ms"":1.555199,""run_pilot_enum_scan_ms"":124.257233,""sample_ms"":202.750337}",,"{""dataset"":{""source"":""synthetic"",""name"":""exp6_stripe__nr100000__ns100000__a1_000ep01__g1"",""dim"":2,""path_r"":"""",""path_s"":"""",""synthetic"":{""generator"":""stripe"",""n_r"":100000,""n_s"":100000,""alpha"":10,""seed"":1}},""run"":{""method"":""ours"",""variant"":""adaptive"",""t"":1000000,""seed"":1,""repeats"":3,""j_star"":1000000,""enum_cap"":0,""write_samples"":false,""verify"":false},""output"":{""out_dir"":""/home/dhy/PhD/SIGMOD-EXP/EXP-2/run/temp/exp6"",""run_tag"":""""},""sys"":{""threads"":1},""logging"":{""level"":""INFO"",""with_timestamp"":true,""with_thread_id"":false}}","{""generator"":""stripe_ctrl_alpha"",""dataset"":""exp6_stripe__nr100000__ns100000__a1_000ep01__g1"",""n_r"":100000,""n_s"":100000,""has_exact_k"":true,""k_target"":2000000,""k_achieved"":2000000,""alpha_target"":10,""alpha_achieved"":10,""notes"":""control_axis=1, core=[0.45,0.55], g=9.9999e-07, h=9e-06, delta=2.49998e-07, shuffle_strips=1, shuffle_r=0, k_overridden=0""}"
exp6_stripe__nr100000__ns100000__a1_000ep01__g1,stripe,10,100000,100000,ours,adaptive,1000000,1,2,1,665.059,2e+06,1,0,1,0,fallback_sampling,1000001,"{""build_active_indices_ms"":5.376351,""build_events_ms"":43.232630,""build_ranks_ms"":39.875570,""build_y_domain_ms"":13.875858,""phase1_count_adaptive_ms"":191.463247,""phase2_plan_ms"":35.813922,""phase3_sample_ms"":166.967415,""run_build_ms"":102.879997,""run_fallback_count_ms"":191.467206,""run_fallback_sample_ms"":204.125738,""run_pilot_enum_prepare_ms"":1.545609,""run_pilot_enum_scan_ms"":121.571697,""sample_ms"":204.124029}",,"{""dataset"":{""source"":""synthetic"",""name"":""exp6_stripe__nr100000__ns100000__a1_000ep01__g1"",""dim"":2,""path_r"":"""",""path_s"":"""",""synthetic"":{""generator"":""stripe"",""n_r"":100000,""n_s"":100000,""alpha"":10,""seed"":1}},""run"":{""method"":""ours"",""variant"":""adaptive"",""t"":1000000,""seed"":1,""repeats"":3,""j_star"":1000000,""enum_cap"":0,""write_samples"":false,""verify"":false},""output"":{""out_dir"":""/home/dhy/PhD/SIGMOD-EXP/EXP-2/run/temp/exp6"",""run_tag"":""""},""sys"":{""threads"":1},""logging"":{""level"":""INFO"",""with_timestamp"":true,""with_thread_id"":false}}","{""generator"":""stripe_ctrl_alpha"",""dataset"":""exp6_stripe__nr100000__ns100000__a1_000ep01__g1"",""n_r"":100000,""n_s"":100000,""has_exact_k"":true,""k_target"":2000000,""k_achieved"":2000000,""alpha_target"":10,""alpha_achieved"":10,""notes"":""control_axis=1, core=[0.45,0.55], g=9.9999e-07, h=9e-06, delta=2.49998e-07, shuffle_strips=1, shuffle_r=0, k_overridden=0""}"
exp6_stripe__nr100000__ns100000__a1_000ep01__g1,stripe,10,100000,100000,ours,adaptive,1000000,2,3,1,661.986,2e+06,1,0,1,0,fallback_sampling,1000001,"{""build_active_indices_ms"":5.381400,""build_events_ms"":43.722401,""build_ranks_ms"":39.941268,""build_y_domain_ms"":13.878538,""phase1_count_adaptive_ms"":191.941417,""phase2_plan_ms"":32.623657,""phase3_sample_ms"":167.098252,""run_build_ms"":103.428987,""run_fallback_count_ms"":191.944327,""run_fallback_sample_ms"":201.202918,""run_pilot_enum_prepare_ms"":1.539789,""run_pilot_enum_scan_ms"":120.262194,""sample_ms"":201.201289}",,"{""dataset"":{""source"":""synthetic"",""name"":""exp6_stripe__nr100000__ns100000__a1_000ep01__g1"",""dim"":2,""path_r"":"""",""path_s"":"""",""synthetic"":{""generator"":""stripe"",""n_r"":100000,""n_s"":100000,""alpha"":10,""seed"":1}},""run"":{""method"":""ours"",""variant"":""adaptive"",""t"":1000000,""seed"":1,""repeats"":3,""j_star"":1000000,""enum_cap"":0,""write_samples"":false,""verify"":false},""output"":{""out_dir"":""/home/dhy/PhD/SIGMOD-EXP/EXP-2/run/temp/exp6"",""run_tag"":""""},""sys"":{""threads"":1},""logging"":{""level"":""INFO"",""with_timestamp"":true,""with_thread_id"":false}}","{""generator"":""stripe_ctrl_alpha"",""dataset"":""exp6_stripe__nr100000__ns100000__a1_000ep01__g1"",""n_r"":100000,""n_s"":100000,""has_exact_k"":true,""k_target"":2000000,""k_achieved"":2000000,""alpha_target"":10,""alpha_achieved"":10,""notes"":""control_axis=1, core=[0.45,0.55], g=9.9999e-07, h=9e-06, delta=2.49998e-07, shuffle_strips=1, shuffle_r=0, k_overridden=0""}"
exp6_stripe__nr100000__ns100000__a3_000ep01__g1,stripe,30,100000,100000,ours,sampling,1000,0,1,1,462.99,6e+06,1,0,0,0,,0,"{""build_active_indices_ms"":9.622764,""build_events_ms"":34.915159,""build_ranks_ms"":40.075795,""build_y_domain_ms"":14.153882,""phase1_count_ms"":223.138922,""phase2_plan_ms"":6.101416,""phase3_sample_ms"":134.456766,""run_build_ms"":99.278272,""run_count_ms"":223.142322,""run_sample_ms"":140.566002}",,"{""dataset"":{""source"":""synthetic"",""name"":""exp6_stripe__nr100000__ns100000__a3_000ep01__g1"",""dim"":2,""path_r"":"""",""path_s"":"""",""synthetic"":{""generator"":""stripe"",""n_r"":100000,""n_s"":100000,""alpha"":30,""seed"":1}},""run"":{""method"":""ours"",""variant"":""sampling"",""t"":1000,""seed"":1,""repeats"":3,""j_star"":1000000,""enum_cap"":0,""write_samples"":false,""verify"":false},""output"":{""out_dir"":""/home/dhy/PhD/SIGMOD-EXP/EXP-2/run/temp/exp6"",""run_tag"":""""},""sys"":{""threads"":1},""logging"":{""level"":""INFO"",""with_timestamp"":true,""with_thread_id"":false}}","{""generator"":""stripe_ctrl_alpha"",""dataset"":""exp6_stripe__nr100000__ns100000__a3_000ep01__g1"",""n_r"":100000,""n_s"":100000,""has_exact_k"":true,""k_target"":6000000,""k_achieved"":6000000,""alpha_target"":30,""alpha_achieved"":30,""notes"":""control_axis=1, core=[0.45,0.55], g=9.9999e-07, h=9e-06, delta=2.49998e-07, shuffle_strips=1, shuffle_r=0, k_overridden=0""}"
exp6_stripe__nr100000__ns100000__a3_000ep01__g1,stripe,30,100000,100000,ours,sampling,1000,1,2,1,509.811,6e+06,1,0,0,0,,0,"{""build_active_indices_ms"":5.482349,""build_events_ms"":42.543725,""build_ranks_ms"":40.030026,""build_y_domain_ms"":14.183421,""phase1_count_ms"":221.505806,""phase2_plan_ms"":4.817712,""phase3_sample_ms"":134.492625,""run_build_ms"":102.734571,""run_count_ms"":221.509326,""run_sample_ms"":139.316407}",,"{""dataset"":{""source"":""synthetic"",""name"":""exp6_stripe__nr100000__ns100000__a3_000ep01__g1"",""dim"":2,""path_r"":"""",""path_s"":"""",""synthetic"":{""generator"":""stripe"",""n_r"":100000,""n_s"":100000,""alpha"":30,""seed"":1}},""run"":{""method"":""ours"",""variant"":""sampling"",""t"":1000,""seed"":1,""repeats"":3,""j_star"":1000000,""enum_cap"":0,""write_samples"":false,""verify"":false},""output"":{""out_dir"":""/home/dhy/PhD/SIGMOD-EXP/EXP-2/run/temp/exp6"",""run_tag"":""""},""sys"":{""threads"":1},""logging"":{""level"":""INFO"",""with_timestamp"":true,""with_thread_id"":false}}","{""generator"":""stripe_ctrl_alpha"",""dataset"":""exp6_stripe__nr100000__ns100000__a3_000ep01__g1"",""n_r"":100000,""n_s"":100000,""has_exact_k"":true,""k_target"":6000000,""k_achieved"":6000000,""alpha_target"":30,""alpha_achieved"":30,""notes"":""control_axis=1, core=[0.45,0.55], g=9.9999e-07, h=9e-06, delta=2.49998e-07, shuffle_strips=1, shuffle_r=0, k_overridden=0""}"
exp6_stripe__nr100000__ns100000__a3_000ep01__g1,stripe,30,100000,100000,ours,sampling,1000,2,3,1,506.169,6e+06,1,0,0,0,,0,"{""build_active_indices_ms"":6.811401,""build_events_ms"":42.141913,""build_ranks_ms"":40.019406,""build_y_domain_ms"":14.170202,""phase1_count_ms"":220.734952,""phase2_plan_ms"":4.481988,""phase3_sample_ms"":134.417668,""run_build_ms"":103.639522,""run_count_ms"":220.738942,""run_sample_ms"":138.907105}",,"{""dataset"":{""source"":""synthetic"",""name"":""exp6_stripe__nr100000__ns100000__a3_000ep01__g1"",""dim"":2,""path_r"":"""",""path_s"":"""",""synthetic"":{""generator"":""stripe"",""n_r"":100000,""n_s"":100000,""alpha"":30,""seed"":1}},""run"":{""method"":""ours"",""variant"":""sampling"",""t"":1000,""seed"":1,""repeats"":3,""j_star"":1000000,""enum_cap"":0,""write_samples"":false,""verify"":false},""output"":{""out_dir"":""/home/dhy/PhD/SIGMOD-EXP/EXP-2/run/temp/exp6"",""run_tag"":""""},""sys"":{""threads"":1},""logging"":{""level"":""INFO"",""with_timestamp"":true,""with_thread_id"":false}}","{""generator"":""stripe_ctrl_alpha"",""dataset"":""exp6_stripe__nr100000__ns100000__a3_000ep01__g1"",""n_r"":100000,""n_s"":100000,""has_exact_k"":true,""k_target"":6000000,""k_achieved"":6000000,""alpha_target"":30,""alpha_achieved"":30,""notes"":""control_axis=1, core=[0.45,0.55], g=9.9999e-07, h=9e-06, delta=2.49998e-07, shuffle_strips=1, shuffle_r=0, k_overridden=0""}"
exp6_stripe__nr100000__ns100000__a3_000ep01__g1,stripe,30,100000,100000,ours,enum_sampling,1000,0,1,1,489.938,6e+06,1,1,0,0,,0,"{""build_active_indices_ms"":9.521866,""build_events_ms"":34.957159,""build_ranks_ms"":40.010217,""build_y_domain_ms"":14.153432,""run_build_ms"":99.036406,""run_draw_ranks_ms"":0.048039,""run_enum_pass1_count_ms"":260.459384,""run_enum_pass2_select_ms"":128.827091,""run_enum_prepare_ms"":1.551238}",,"{""dataset"":{""source"":""synthetic"",""name"":""exp6_stripe__nr100000__ns100000__a3_000ep01__g1"",""dim"":2,""path_r"":"""",""path_s"":"""",""synthetic"":{""generator"":""stripe"",""n_r"":100000,""n_s"":100000,""alpha"":30,""seed"":1}},""run"":{""method"":""ours"",""variant"":""enum_sampling"",""t"":1000,""seed"":1,""repeats"":3,""j_star"":1000000,""enum_cap"":0,""write_samples"":false,""verify"":false},""output"":{""out_dir"":""/home/dhy/PhD/SIGMOD-EXP/EXP-2/run/temp/exp6"",""run_tag"":""""},""sys"":{""threads"":1},""logging"":{""level"":""INFO"",""with_timestamp"":true,""with_thread_id"":false}}","{""generator"":""stripe_ctrl_alpha"",""dataset"":""exp6_stripe__nr100000__ns100000__a3_000ep01__g1"",""n_r"":100000,""n_s"":100000,""has_exact_k"":true,""k_target"":6000000,""k_achieved"":6000000,""alpha_target"":30,""alpha_achieved"":30,""notes"":""control_axis=1, core=[0.45,0.55], g=9.9999e-07, h=9e-06, delta=2.49998e-07, shuffle_strips=1, shuffle_r=0, k_overridden=0""}"
exp6_stripe__nr100000__ns100000__a3_000ep01__g1,stripe,30,100000,100000,ours,enum_sampling,1000,1,2,1,541.339,6e+06,1,1,0,0,,0,"{""build_active_indices_ms"":5.501068,""build_events_ms"":44.092533,""build_ranks_ms"":41.372339,""build_y_domain_ms"":14.148272,""run_build_ms"":105.509694,""run_draw_ranks_ms"":0.046849,""run_enum_pass1_count_ms"":263.163688,""run_enum_pass2_select_ms"":127.297572,""run_enum_prepare_ms"":1.518820}",,"{""dataset"":{""source"":""synthetic"",""name"":""exp6_stripe__nr100000__ns100000__a3_000ep01__g1"",""dim"":2,""path_r"":"""",""path_s"":"""",""synthetic"":{""generator"":""stripe"",""n_r"":100000,""n_s"":100000,""alpha"":30,""seed"":1}},""run"":{""method"":""ours"",""variant"":""enum_sampling"",""t"":1000,""seed"":1,""repeats"":3,""j_star"":1000000,""enum_cap"":0,""write_samples"":false,""verify"":false},""output"":{""out_dir"":""/home/dhy/PhD/SIGMOD-EXP/EXP-2/run/temp/exp6"",""run_tag"":""""},""sys"":{""threads"":1},""logging"":{""level"":""INFO"",""with_timestamp"":true,""with_thread_id"":false}}","{""generator"":""stripe_ctrl_alpha"",""dataset"":""exp6_stripe__nr100000__ns100000__a3_000ep01__g1"",""n_r"":100000,""n_s"":100000,""has_exact_k"":true,""k_target"":6000000,""k_achieved"":6000000,""alpha_target"":30,""alpha_achieved"":30,""notes"":""control_axis=1, core=[0.45,0.55], g=9.9999e-07, h=9e-06, delta=2.49998e-07, shuffle_strips=1, shuffle_r=0, k_overridden=0""}"
exp6_stripe__nr100000__ns100000__a3_000ep01__g1,stripe,30,100000,100000,ours,enum_sampling,1000,2,3,1,540.325,6e+06,1,1,0,0,,0,"{""build_active_indices_ms"":5.494738,""build_events_ms"":42.081724,""build_ranks_ms"":39.997767,""build_y_domain_ms"":14.181062,""run_build_ms"":102.141033,""run_draw_ranks_ms"":0.047139,""run_enum_pass1_count_ms"":263.896274,""run_enum_pass2_select_ms"":128.996977,""run_enum_prepare_ms"":1.526659}",,"{""dataset"":{""source"":""synthetic"",""name"":""exp6_stripe__nr100000__ns100000__a3_000ep01__g1"",""dim"":2,""path_r"":"""",""path_s"":"""",""synthetic"":{""generator"":""stripe"",""n_r"":100000,""n_s"":100000,""alpha"":30,""seed"":1}},""run"":{""method"":""ours"",""variant"":""enum_sampling"",""t"":1000,""seed"":1,""repeats"":3,""j_star"":1000000,""enum_cap"":0,""write_samples"":false,""verify"":false},""output"":{""out_dir"":""/home/dhy/PhD/SIGMOD-EXP/EXP-2/run/temp/exp6"",""run_tag"":""""},""sys"":{""threads"":1},""logging"":{""level"":""INFO"",""with_timestamp"":true,""with_thread_id"":false}}","{""generator"":""stripe_ctrl_alpha"",""dataset"":""exp6_stripe__nr100000__ns100000__a3_000ep01__g1"",""n_r"":100000,""n_s"":100000,""has_exact_k"":true,""k_target"":6000000,""k_achieved"":6000000,""alpha_target"":30,""alpha_achieved"":30,""notes"":""control_axis=1, core=[0.45,0.55], g=9.9999e-07, h=9e-06, delta=2.49998e-07, shuffle_strips=1, shuffle_r=0, k_overridden=0""}"
exp6_stripe__nr100000__ns100000__a3_000ep01__g1,stripe,30,100000,100000,ours,adaptive,1000,0,1,1,519.796,6e+06,1,0,1,0,fallback_sampling,1000001,"{""build_active_indices_ms"":5.583907,""build_events_ms"":34.937730,""build_ranks_ms"":40.062635,""build_y_domain_ms"":14.158552,""phase1_count_adaptive_ms"":206.898673,""phase2_plan_ms"":5.336822,""phase3_sample_ms"":135.660051,""run_build_ms"":95.256543,""run_fallback_count_ms"":206.902543,""run_fallback_sample_ms"":141.006493,""run_pilot_enum_prepare_ms"":1.506559,""run_pilot_enum_scan_ms"":75.111982,""sample_ms"":141.004773}",,"{""dataset"":{""source"":""synthetic"",""name"":""exp6_stripe__nr100000__ns100000__a3_000ep01__g1"",""dim"":2,""path_r"":"""",""path_s"":"""",""synthetic"":{""generator"":""stripe"",""n_r"":100000,""n_s"":100000,""alpha"":30,""seed"":1}},""run"":{""method"":""ours"",""variant"":""adaptive"",""t"":1000,""seed"":1,""repeats"":3,""j_star"":1000000,""enum_cap"":0,""write_samples"":false,""verify"":false},""output"":{""out_dir"":""/home/dhy/PhD/SIGMOD-EXP/EXP-2/run/temp/exp6"",""run_tag"":""""},""sys"":{""threads"":1},""logging"":{""level"":""INFO"",""with_timestamp"":true,""with_thread_id"":false}}","{""generator"":""stripe_ctrl_alpha"",""dataset"":""exp6_stripe__nr100000__ns100000__a3_000ep01__g1"",""n_r"":100000,""n_s"":100000,""has_exact_k"":true,""k_target"":6000000,""k_achieved"":6000000,""alpha_target"":30,""alpha_achieved"":30,""notes"":""control_axis=1, core=[0.45,0.55], g=9.9999e-07, h=9e-06, delta=2.49998e-07, shuffle_strips=1, shuffle_r=0, k_overridden=0""}"
exp6_stripe__nr100000__ns100000__a3_000ep01__g1,stripe,30,100000,100000,ours,adaptive,1000,1,2,1,569.592,6e+06,1,0,1,0,fallback_sampling,1000001,"{""build_active_indices_ms"":5.509368,""build_events_ms"":42.127393,""build_ranks_ms"":39.980227,""build_y_domain_ms"":14.214301,""phase1_count_adaptive_ms"":206.199217,""phase2_plan_ms"":4.685034,""phase3_sample_ms"":136.479545,""run_build_ms"":102.326249,""run_fallback_count_ms"":206.204058,""run_fallback_sample_ms"":141.172389,""run_pilot_enum_prepare_ms"":1.573568,""run_pilot_enum_scan_ms"":75.362667,""sample_ms"":141.169709}",,"{""dataset"":{""source"":""synthetic"",""name"":""exp6_stripe__nr100000__ns100000__a3_000ep01__g1"",""dim"":2,""path_r"":"""",""path_s"":"""",""synthetic"":{""generator"":""stripe"",""n_r"":100000,""n_s"":100000,""alpha"":30,""seed"":1}},""run"":{""method"":""ours"",""variant"":""adaptive"",""t"":1000,""seed"":1,""repeats"":3,""j_star"":1000000,""enum_cap"":0,""write_samples"":false,""verify"":false},""output"":{""out_dir"":""/home/dhy/PhD/SIGMOD-EXP/EXP-2/run/temp/exp6"",""run_tag"":""""},""sys"":{""threads"":1},""logging"":{""level"":""INFO"",""with_timestamp"":true,""with_thread_id"":false}}","{""generator"":""stripe_ctrl_alpha"",""dataset"":""exp6_stripe__nr100000__ns100000__a3_000ep01__g1"",""n_r"":100000,""n_s"":100000,""has_exact_k"":true,""k_target"":6000000,""k_achieved"":6000000,""alpha_target"":30,""alpha_achieved"":30,""notes"":""control_axis=1, core=[0.45,0.55], g=9.9999e-07, h=9e-06, delta=2.49998e-07, shuffle_strips=1, shuffle_r=0, k_overridden=0""}"
exp6_stripe__nr100000__ns100000__a3_000ep01__g1,stripe,30,100000,100000,ours,adaptive,1000,2,3,1,567.962,6e+06,1,0,1,0,fallback_sampling,1000001,"{""build_active_indices_ms"":5.509368,""build_events_ms"":42.140653,""build_ranks_ms"":40.033806,""build_y_domain_ms"":14.183142,""phase1_count_adaptive_ms"":206.526621,""phase2_plan_ms"":4.494859,""phase3_sample_ms"":134.869347,""run_build_ms"":102.361529,""run_fallback_count_ms"":206.530921,""run_fallback_sample_ms"":139.373296,""run_pilot_enum_prepare_ms"":1.528639,""run_pilot_enum_scan_ms"":75.042504,""sample_ms"":139.371366}",,"{""dataset"":{""source"":""synthetic"",""name"":""exp6_stripe__nr100000__ns100000__a3_000ep01__g1"",""dim"":2,""path_r"":"""",""path_s"":"""",""synthetic"":{""generator"":""stripe"",""n_r"":100000,""n_s"":100000,""alpha"":30,""seed"":1}},""run"":{""method"":""ours"",""variant"":""adaptive"",""t"":1000,""seed"":1,""repeats"":3,""j_star"":1000000,""enum_cap"":0,""write_samples"":false,""verify"":false},""output"":{""out_dir"":""/home/dhy/PhD/SIGMOD-EXP/EXP-2/run/temp/exp6"",""run_tag"":""""},""sys"":{""threads"":1},""logging"":{""level"":""INFO"",""with_timestamp"":true,""with_thread_id"":false}}","{""generator"":""stripe_ctrl_alpha"",""dataset"":""exp6_stripe__nr100000__ns100000__a3_000ep01__g1"",""n_r"":100000,""n_s"":100000,""has_exact_k"":true,""k_target"":6000000,""k_achieved"":6000000,""alpha_target"":30,""alpha_achieved"":30,""notes"":""control_axis=1, core=[0.45,0.55], g=9.9999e-07, h=9e-06, delta=2.49998e-07, shuffle_strips=1, shuffle_r=0, k_overridden=0""}"
exp6_stripe__nr100000__ns100000__a3_000ep01__g1,stripe,30,100000,100000,ours,sampling,3000,0,1,1,463.707,6e+06,1,0,0,0,,0,"{""build_active_indices_ms"":9.486997,""build_events_ms"":34.856871,""build_ranks_ms"":40.080446,""build_y_domain_ms"":14.153402,""phase1_count_ms"":223.504456,""phase2_plan_ms"":6.209364,""phase3_sample_ms"":134.882687,""run_build_ms"":99.093845,""run_count_ms"":223.508666,""run_sample_ms"":141.099342}",,"{""dataset"":{""source"":""synthetic"",""name"":""exp6_stripe__nr100000__ns100000__a3_000ep01__g1"",""dim"":2,""path_r"":"""",""path_s"":"""",""synthetic"":{""generator"":""stripe"",""n_r"":100000,""n_s"":100000,""alpha"":30,""seed"":1}},""run"":{""method"":""ours"",""variant"":""sampling"",""t"":3000,""seed"":1,""repeats"":3,""j_star"":1000000,""enum_cap"":0,""write_samples"":false,""verify"":false},""output"":{""out_dir"":""/home/dhy/PhD/SIGMOD-EXP/EXP-2/run/temp/exp6"",""run_tag"":""""},""sys"":{""threads"":1},""logging"":{""level"":""INFO"",""with_timestamp"":true,""with_thread_id"":false}}","{""generator"":""stripe_ctrl_alpha"",""dataset"":""exp6_stripe__nr100000__ns100000__a3_000ep01__g1"",""n_r"":100000,""n_s"":100000,""has_exact_k"":true,""k_target"":6000000,""k_achieved"":6000000,""alpha_target"":30,""alpha_achieved"":30,""notes"":""control_axis=1, core=[0.45,0.55], g=9.9999e-07, h=9e-06, delta=2.49998e-07, shuffle_strips=1, shuffle_r=0, k_overridden=0""}"
exp6_stripe__nr100000__ns100000__a3_000ep01__g1,stripe,30,100000,100000,ours,sampling,3000,1,2,1,508.705,6e+06,1,0,0,0,,0,"{""build_active_indices_ms"":5.381131,""build_events_ms"":42.505036,""build_ranks_ms"":40.051605,""build_y_domain_ms"":14.194712,""phase1_count_ms"":222.919057,""phase2_plan_ms"":4.955240,""phase3_sample_ms"":134.877787,""run_build_ms"":102.641793,""run_count_ms"":222.923427,""run_sample_ms"":139.840167}",,"{""dataset"":{""source"":""synthetic"",""name"":""exp6_stripe__nr100000__ns100000__a3_000ep01__g1"",""dim"":2,""path_r"":"""",""path_s"":"""",""synthetic"":{""generator"":""stripe"",""n_r"":100000,""n_s"":100000,""alpha"":30,""seed"":1}},""run"":{""method"":""ours"",""variant"":""sampling"",""t"":3000,""seed"":1,""repeats"":3,""j_star"":1000000,""enum_cap"":0,""write_samples"":false,""verify"":false},""output"":{""out_dir"":""/home/dhy/PhD/SIGMOD-EXP/EXP-2/run/temp/exp6"",""run_tag"":""""},""sys"":{""threads"":1},""logging"":{""level"":""INFO"",""with_timestamp"":true,""with_thread_id"":false}}","{""generator"":""stripe_ctrl_alpha"",""dataset"":""exp6_stripe__nr100000__ns100000__a3_000ep01__g1"",""n_r"":100000,""n_s"":100000,""has_exact_k"":true,""k_target"":6000000,""k_achieved"":6000000,""alpha_target"":30,""alpha_achieved"":30,""notes"":""control_axis=1, core=[0.45,0.55], g=9.9999e-07, h=9e-06, delta=2.49998e-07, shuffle_strips=1, shuffle_r=0, k_overridden=0""}"
exp6_stripe__nr100000__ns100000__a3_000ep01__g1,stripe,30,100000,100000,ours,sampling,3000,2,3,1,509.662,6e+06,1,0,0,0,,0,"{""build_active_indices_ms"":5.371320,""build_events_ms"":42.192113,""build_ranks_ms"":40.083815,""build_y_domain_ms"":14.168032,""phase1_count_ms"":224.318189,""phase2_plan_ms"":4.581787,""phase3_sample_ms"":135.143232,""run_build_ms"":102.322440,""run_count_ms"":224.321779,""run_sample_ms"":139.731919}",,"{""dataset"":{""source"":""synthetic"",""name"":""exp6_stripe__nr100000__ns100000__a3_000ep01__g1"",""dim"":2,""path_r"":"""",""path_s"":"""",""synthetic"":{""generator"":""stripe"",""n_r"":100000,""n_s"":100000,""alpha"":30,""seed"":1}},""run"":{""method"":""ours"",""variant"":""sampling"",""t"":3000,""seed"":1,""repeats"":3,""j_star"":1000000,""enum_cap"":0,""write_samples"":false,""verify"":false},""output"":{""out_dir"":""/home/dhy/PhD/SIGMOD-EXP/EXP-2/run/temp/exp6"",""run_tag"":""""},""sys"":{""threads"":1},""logging"":{""level"":""INFO"",""with_timestamp"":true,""with_thread_id"":false}}","{""generator"":""stripe_ctrl_alpha"",""dataset"":""exp6_stripe__nr100000__ns100000__a3_000ep01__g1"",""n_r"":100000,""n_s"":100000,""has_exact_k"":true,""k_target"":6000000,""k_achieved"":6000000,""alpha_target"":30,""alpha_achieved"":30,""notes"":""control_axis=1, core=[0.45,0.55], g=9.9999e-07, h=9e-06, delta=2.49998e-07, shuffle_strips=1, shuffle_r=0, k_overridden=0""}"
exp6_stripe__nr100000__ns100000__a3_000ep01__g1,stripe,30,100000,100000,ours,enum_sampling,3000,0,1,1,490.682,6e+06,1,1,0,0,,0,"{""build_active_indices_ms"":9.602464,""build_events_ms"":34.893590,""build_ranks_ms"":40.031537,""build_y_domain_ms"":14.165352,""run_build_ms"":99.085125,""run_draw_ranks_ms"":0.160877,""run_enum_pass1_count_ms"":261.947714,""run_enum_pass2_select_ms"":127.953969,""run_enum_prepare_ms"":1.517439}",,"{""dataset"":{""source"":""synthetic"",""name"":""exp6_stripe__nr100000__ns100000__a3_000ep01__g1"",""dim"":2,""path_r"":"""",""path_s"":"""",""synthetic"":{""generator"":""stripe"",""n_r"":100000,""n_s"":100000,""alpha"":30,""seed"":1}},""run"":{""method"":""ours"",""variant"":""enum_sampling"",""t"":3000,""seed"":1,""repeats"":3,""j_star"":1000000,""enum_cap"":0,""write_samples"":false,""verify"":false},""output"":{""out_dir"":""/home/dhy/PhD/SIGMOD-EXP/EXP-2/run/temp/exp6"",""run_tag"":""""},""sys"":{""threads"":1},""logging"":{""level"":""INFO"",""with_timestamp"":true,""with_thread_id"":false}}","{""generator"":""stripe_ctrl_alpha"",""dataset"":""exp6_stripe__nr100000__ns100000__a3_000ep01__g1"",""n_r"":100000,""n_s"":100000,""has_exact_k"":true,""k_target"":6000000,""k_achieved"":6000000,""alpha_target"":30,""alpha_achieved"":30,""notes"":""control_axis=1, core=[0.45,0.55], g=9.9999e-07, h=9e-06, delta=2.49998e-07, shuffle_strips=1, shuffle_r=0, k_overridden=0""}"
exp6_stripe__nr100000__ns100000__a3_000ep01__g1,stripe,30,100000,100000,ours,enum_sampling,3000,1,2,1,543.021,6e+06,1,1,0,0,,0,"{""build_active_indices_ms"":5.365481,""build_events_ms"":44.098594,""build_ranks_ms"":40.050465,""build_y_domain_ms"":14.185072,""run_build_ms"":104.085333,""run_draw_ranks_ms"":0.156847,""run_enum_pass1_count_ms"":264.863964,""run_enum_pass2_select_ms"":128.282222,""run_enum_prepare_ms"":1.544099}",,"{""dataset"":{""source"":""synthetic"",""name"":""exp6_stripe__nr100000__ns100000__a3_000ep01__g1"",""dim"":2,""path_r"":"""",""path_s"":"""",""synthetic"":{""generator"":""stripe"",""n_r"":100000,""n_s"":100000,""alpha"":30,""seed"":1}},""run"":{""method"":""ours"",""variant"":""enum_sampling"",""t"":3000,""seed"":1,""repeats"":3,""j_star"":1000000,""enum_cap"":0,""write_samples"":false,""verify"":false},""output"":{""out_dir"":""/home/dhy/PhD/SIGMOD-EXP/EXP-2/run/temp/exp6"",""run_tag"":""""},""sys"":{""threads"":1},""logging"":{""level"":""INFO"",""with_timestamp"":true,""with_thread_id"":false}}","{""generator"":""stripe_ctrl_alpha"",""dataset"":""exp6_stripe__nr100000__ns100000__a3_000ep01__g1"",""n_r"":100000,""n_s"":100000,""has_exact_k"":true,""k_target"":6000000,""k_achieved"":6000000,""alpha_target"":30,""alpha_achieved"":30,""notes"":""control_axis=1, core=[0.45,0.55], g=9.9999e-07, h=9e-06, delta=2.49998e-07, shuffle_strips=1, shuffle_r=0, k_overridden=0""}"
exp6_stripe__nr100000__ns100000__a3_000ep01__g1,stripe,30,100000,100000,ours,enum_sampling,3000,2,3,1,541.007,6e+06,1,1,0,0,,0,"{""build_active_indices_ms"":5.378681,""build_events_ms"":41.981666,""build_ranks_ms"":40.092644,""build_y_domain_ms"":14.163532,""run_build_ms"":102.001686,""run_draw_ranks_ms"":0.157197,""run_enum_pass1_count_ms"":262.494963,""run_enum_pass2_select_ms"":128.622665,""run_enum_prepare_ms"":1.537239}",,"{""dataset"":{""source"":""synthetic"",""name"":""exp6_stripe__nr100000__ns100000__a3_000ep01__g1"",""dim"":2,""path_r"":"""",""path_s"":"""",""synthetic"":{""generator"":""stripe"",""n_r"":100000,""n_s"":100000,""alpha"":30,""seed"":1}},""run"":{""method"":""ours"",""variant"":""enum_sampling"",""t"":3000,""seed"":1,""repeats"":3,""j_star"":1000000,""enum_cap"":0,""write_samples"":false,""verify"":false},""output"":{""out_dir"":""/home/dhy/PhD/SIGMOD-EXP/EXP-2/run/temp/exp6"",""run_tag"":""""},""sys"":{""threads"":1},""logging"":{""level"":""INFO"",""with_timestamp"":true,""with_thread_id"":false}}","{""generator"":""stripe_ctrl_alpha"",""dataset"":""exp6_stripe__nr100000__ns100000__a3_000ep01__g1"",""n_r"":100000,""n_s"":100000,""has_exact_k"":true,""k_target"":6000000,""k_achieved"":6000000,""alpha_target"":30,""alpha_achieved"":30,""notes"":""control_axis=1, core=[0.45,0.55], g=9.9999e-07, h=9e-06, delta=2.49998e-07, shuffle_strips=1, shuffle_r=0, k_overridden=0""}"
exp6_stripe__nr100000__ns100000__a3_000ep01__g1,stripe,30,100000,100000,ours,adaptive,3000,0,1,1,521.854,6e+06,1,0,1,0,fallback_sampling,1000001,"{""build_active_indices_ms"":5.668675,""build_events_ms"":34.917350,""build_ranks_ms"":40.045556,""build_y_domain_ms"":14.167892,""phase1_count_adaptive_ms"":205.891474,""phase2_plan_ms"":5.355782,""phase3_sample_ms"":135.555254,""run_build_ms"":95.308243,""run_fallback_count_ms"":205.896334,""run_fallback_sample_ms"":140.920495,""run_pilot_enum_prepare_ms"":1.539659,""run_pilot_enum_scan_ms"":78.176971,""sample_ms"":140.918526}",,"{""dataset"":{""source"":""synthetic"",""name"":""exp6_stripe__nr100000__ns100000__a3_000ep01__g1"",""dim"":2,""path_r"":"""",""path_s"":"""",""synthetic"":{""generator"":""stripe"",""n_r"":100000,""n_s"":100000,""alpha"":30,""seed"":1}},""run"":{""method"":""ours"",""variant"":""adaptive"",""t"":3000,""seed"":1,""repeats"":3,""j_star"":1000000,""enum_cap"":0,""write_samples"":false,""verify"":false},""output"":{""out_dir"":""/home/dhy/PhD/SIGMOD-EXP/EXP-2/run/temp/exp6"",""run_tag"":""""},""sys"":{""threads"":1},""logging"":{""level"":""INFO"",""with_timestamp"":true,""with_thread_id"":false}}","{""generator"":""stripe_ctrl_alpha"",""dataset"":""exp6_stripe__nr100000__ns100000__a3_000ep01__g1"",""n_r"":100000,""n_s"":100000,""has_exact_k"":true,""k_target"":6000000,""k_achieved"":6000000,""alpha_target"":30,""alpha_achieved"":30,""notes"":""control_axis=1, core=[0.45,0.55], g=9.9999e-07, h=9e-06, delta=2.49998e-07, shuffle_strips=1, shuffle_r=0, k_overridden=0""}"
exp6_stripe__nr100000__ns100000__a3_000ep01__g1,stripe,30,100000,100000,ours,adaptive,3000,1,2,1,573.23,6e+06,1,0,1,0,fallback_sampling,1000001,"{""build_active_indices_ms"":5.544848,""build_events_ms"":42.188132,""build_ranks_ms"":40.002947,""build_y_domain_ms"":14.133203,""phase1_count_adaptive_ms"":206.542011,""phase2_plan_ms"":4.780873,""phase3_sample_ms"":135.479166,""run_build_ms"":102.366869,""run_fallback_count_ms"":206.546641,""run_fallback_sample_ms"":140.269578,""run_pilot_enum_prepare_ms"":1.542309,""run_pilot_enum_scan_ms"":76.463395,""sample_ms"":140.267278}",,"{""dataset"":{""source"":""synthetic"",""name"":""exp6_stripe__nr100000__ns100000__a3_000ep01__g1"",""dim"":2,""path_r"":"""",""path_s"":"""",""synthetic"":{""generator"":""stripe"",""n_r"":100000,""n_s"":100000,""alpha"":30,""seed"":1}},""run"":{""method"":""ours"",""variant"":""adaptive"",""t"":3000,""seed"":1,""repeats"":3,""j_star"":1000000,""enum_cap"":0,""write_samples"":false,""verify"":false},""output"":{""out_dir"":""/home/dhy/PhD/SIGMOD-EXP/EXP-2/run/temp/exp6"",""run_tag"":""""},""sys"":{""threads"":1},""logging"":{""level"":""INFO"",""with_timestamp"":true,""with_thread_id"":false}}","{""generator"":""stripe_ctrl_alpha"",""dataset"":""exp6_stripe__nr100000__ns100000__a3_000ep01__g1"",""n_r"":100000,""n_s"":100000,""has_exact_k"":true,""k_target"":6000000,""k_achieved"":6000000,""alpha_target"":30,""alpha_achieved"":30,""notes"":""control_axis=1, core=[0.45,0.55], g=9.9999e-07, h=9e-06, delta=2.49998e-07, shuffle_strips=1, shuffle_r=0, k_overridden=0""}"
exp6_stripe__nr100000__ns100000__a3_000ep01__g1,stripe,30,100000,100000,ours,adaptive,3000,2,3,1,572.639,6e+06,1,0,1,0,fallback_sampling,1000001,"{""build_active_indices_ms"":5.526428,""build_events_ms"":43.503505,""build_ranks_ms"":40.057935,""build_y_domain_ms"":14.173712,""phase1_count_adaptive_ms"":207.129209,""phase2_plan_ms"":4.584946,""phase3_sample_ms"":135.352428,""run_build_ms"":103.759810,""run_fallback_count_ms"":207.133929,""run_fallback_sample_ms"":139.946614,""run_pilot_enum_prepare_ms"":1.569768,""run_pilot_enum_scan_ms"":76.706301,""sample_ms"":139.944874}",,"{""dataset"":{""source"":""synthetic"",""name"":""exp6_stripe__nr100000__ns100000__a3_000ep01__g1"",""dim"":2,""path_r"":"""",""path_s"":"""",""synthetic"":{""generator"":""stripe"",""n_r"":100000,""n_s"":100000,""alpha"":30,""seed"":1}},""run"":{""method"":""ours"",""variant"":""adaptive"",""t"":3000,""seed"":1,""repeats"":3,""j_star"":1000000,""enum_cap"":0,""write_samples"":false,""verify"":false},""output"":{""out_dir"":""/home/dhy/PhD/SIGMOD-EXP/EXP-2/run/temp/exp6"",""run_tag"":""""},""sys"":{""threads"":1},""logging"":{""level"":""INFO"",""with_timestamp"":true,""with_thread_id"":false}}","{""generator"":""stripe_ctrl_alpha"",""dataset"":""exp6_stripe__nr100000__ns100000__a3_000ep01__g1"",""n_r"":100000,""n_s"":100000,""has_exact_k"":true,""k_target"":6000000,""k_achieved"":6000000,""alpha_target"":30,""alpha_achieved"":30,""notes"":""control_axis=1, core=[0.45,0.55], g=9.9999e-07, h=9e-06, delta=2.49998e-07, shuffle_strips=1, shuffle_r=0, k_overridden=0""}"
exp6_stripe__nr100000__ns100000__a3_000ep01__g1,stripe,30,100000,100000,ours,sampling,10000,0,1,1,463.994,6e+06,1,0,0,0,,0,"{""build_active_indices_ms"":9.526946,""build_events_ms"":34.877391,""build_ranks_ms"":40.016646,""build_y_domain_ms"":14.186352,""phase1_count_ms"":221.614024,""phase2_plan_ms"":6.561207,""phase3_sample_ms"":136.682612,""run_build_ms"":99.117775,""run_count_ms"":221.617734,""run_sample_ms"":143.255138}",,"{""dataset"":{""source"":""synthetic"",""name"":""exp6_stripe__nr100000__ns100000__a3_000ep01__g1"",""dim"":2,""path_r"":"""",""path_s"":"""",""synthetic"":{""generator"":""stripe"",""n_r"":100000,""n_s"":100000,""alpha"":30,""seed"":1}},""run"":{""method"":""ours"",""variant"":""sampling"",""t"":10000,""seed"":1,""repeats"":3,""j_star"":1000000,""enum_cap"":0,""write_samples"":false,""verify"":false},""output"":{""out_dir"":""/home/dhy/PhD/SIGMOD-EXP/EXP-2/run/temp/exp6"",""run_tag"":""""},""sys"":{""threads"":1},""logging"":{""level"":""INFO"",""with_timestamp"":true,""with_thread_id"":false}}","{""generator"":""stripe_ctrl_alpha"",""dataset"":""exp6_stripe__nr100000__ns100000__a3_000ep01__g1"",""n_r"":100000,""n_s"":100000,""has_exact_k"":true,""k_target"":6000000,""k_achieved"":6000000,""alpha_target"":30,""alpha_achieved"":30,""notes"":""control_axis=1, core=[0.45,0.55], g=9.9999e-07, h=9e-06, delta=2.49998e-07, shuffle_strips=1, shuffle_r=0, k_overridden=0""}"
exp6_stripe__nr100000__ns100000__a3_000ep01__g1,stripe,30,100000,100000,ours,sampling,10000,1,2,1,508.557,6e+06,1,0,0,0,,0,"{""build_active_indices_ms"":5.496179,""build_events_ms"":42.503816,""build_ranks_ms"":40.077475,""build_y_domain_ms"":14.187162,""phase1_count_ms"":222.694942,""phase2_plan_ms"":5.245723,""phase3_sample_ms"":135.232431,""run_build_ms"":102.771380,""run_count_ms"":222.698463,""run_sample_ms"":140.489604}",,"{""dataset"":{""source"":""synthetic"",""name"":""exp6_stripe__nr100000__ns100000__a3_000ep01__g1"",""dim"":2,""path_r"":"""",""path_s"":"""",""synthetic"":{""generator"":""stripe"",""n_r"":100000,""n_s"":100000,""alpha"":30,""seed"":1}},""run"":{""method"":""ours"",""variant"":""sampling"",""t"":10000,""seed"":1,""repeats"":3,""j_star"":1000000,""enum_cap"":0,""write_samples"":false,""verify"":false},""output"":{""out_dir"":""/home/dhy/PhD/SIGMOD-EXP/EXP-2/run/temp/exp6"",""run_tag"":""""},""sys"":{""threads"":1},""logging"":{""level"":""INFO"",""with_timestamp"":true,""with_thread_id"":false}}","{""generator"":""stripe_ctrl_alpha"",""dataset"":""exp6_stripe__nr100000__ns100000__a3_000ep01__g1"",""n_r"":100000,""n_s"":100000,""has_exact_k"":true,""k_target"":6000000,""k_achieved"":6000000,""alpha_target"":30,""alpha_achieved"":30,""notes"":""control_axis=1, core=[0.45,0.55], g=9.9999e-07, h=9e-06, delta=2.49998e-07, shuffle_strips=1, shuffle_r=0, k_overridden=0""}"
exp6_stripe__nr100000__ns100000__a3_000ep01__g1,stripe,30,100000,100000,ours,sampling,10000,2,3,1,509.11,6e+06,1,0,0,0,,0,"{""build_active_indices_ms"":5.496599,""build_events_ms"":42.093484,""build_ranks_ms"":40.004197,""build_y_domain_ms"":14.190001,""phase1_count_ms"":222.212262,""phase2_plan_ms"":4.916260,""phase3_sample_ms"":136.839778,""run_build_ms"":102.291271,""run_count_ms"":222.216633,""run_sample_ms"":141.765138}",,"{""dataset"":{""source"":""synthetic"",""name"":""exp6_stripe__nr100000__ns100000__a3_000ep01__g1"",""dim"":2,""path_r"":"""",""path_s"":"""",""synthetic"":{""generator"":""stripe"",""n_r"":100000,""n_s"":100000,""alpha"":30,""seed"":1}},""run"":{""method"":""ours"",""variant"":""sampling"",""t"":10000,""seed"":1,""repeats"":3,""j_star"":1000000,""enum_cap"":0,""write_samples"":false,""verify"":false},""output"":{""out_dir"":""/home/dhy/PhD/SIGMOD-EXP/EXP-2/run/temp/exp6"",""run_tag"":""""},""sys"":{""threads"":1},""logging"":{""level"":""INFO"",""with_timestamp"":true,""with_thread_id"":false}}","{""generator"":""stripe_ctrl_alpha"",""dataset"":""exp6_stripe__nr100000__ns100000__a3_000ep01__g1"",""n_r"":100000,""n_s"":100000,""has_exact_k"":true,""k_target"":6000000,""k_achieved"":6000000,""alpha_target"":30,""alpha_achieved"":30,""notes"":""control_axis=1, core=[0.45,0.55], g=9.9999e-07, h=9e-06, delta=2.49998e-07, shuffle_strips=1, shuffle_r=0, k_overridden=0""}"
exp6_stripe__nr100000__ns100000__a3_000ep01__g1,stripe,30,100000,100000,ours,enum_sampling,10000,0,1,1,493.795,6e+06,1,1,0,0,,0,"{""build_active_indices_ms"":9.528426,""build_events_ms"":34.887101,""build_ranks_ms"":40.038896,""build_y_domain_ms"":14.148132,""run_build_ms"":98.995708,""run_draw_ranks_ms"":0.594648,""run_enum_pass1_count_ms"":262.840466,""run_enum_pass2_select_ms"":129.789831,""run_enum_prepare_ms"":1.550819}",,"{""dataset"":{""source"":""synthetic"",""name"":""exp6_stripe__nr100000__ns100000__a3_000ep01__g1"",""dim"":2,""path_r"":"""",""path_s"":"""",""synthetic"":{""generator"":""stripe"",""n_r"":100000,""n_s"":100000,""alpha"":30,""seed"":1}},""run"":{""method"":""ours"",""variant"":""enum_sampling"",""t"":10000,""seed"":1,""repeats"":3,""j_star"":1000000,""enum_cap"":0,""write_samples"":false,""verify"":false},""output"":{""out_dir"":""/home/dhy/PhD/SIGMOD-EXP/EXP-2/run/temp/exp6"",""run_tag"":""""},""sys"":{""threads"":1},""logging"":{""level"":""INFO"",""with_timestamp"":true,""with_thread_id"":false}}","{""generator"":""stripe_ctrl_alpha"",""dataset"":""exp6_stripe__nr100000__ns100000__a3_000ep01__g1"",""n_r"":100000,""n_s"":100000,""has_exact_k"":true,""k_target"":6000000,""k_achieved"":6000000,""alpha_target"":30,""alpha_achieved"":30,""notes"":""control_axis=1, core=[0.45,0.55], g=9.9999e-07, h=9e-06, delta=2.49998e-07, shuffle_strips=1, shuffle_r=0, k_overridden=0""}"
exp6_stripe__nr100000__ns100000__a3_000ep01__g1,stripe,30,100000,100000,ours,enum_sampling,10000,1,2,1,542.086,6e+06,1,1,0,0,,0,"{""build_active_indices_ms"":5.488358,""build_events_ms"":44.041094,""build_ranks_ms"":40.048416,""build_y_domain_ms"":14.193491,""run_build_ms"":104.156742,""run_draw_ranks_ms"":0.614587,""run_enum_pass1_count_ms"":262.600631,""run_enum_pass2_select_ms"":129.355171,""run_enum_prepare_ms"":1.534289}",,"{""dataset"":{""source"":""synthetic"",""name"":""exp6_stripe__nr100000__ns100000__a3_000ep01__g1"",""dim"":2,""path_r"":"""",""path_s"":"""",""synthetic"":{""generator"":""stripe"",""n_r"":100000,""n_s"":100000,""alpha"":30,""seed"":1}},""run"":{""method"":""ours"",""variant"":""enum_sampling"",""t"":10000,""seed"":1,""repeats"":3,""j_star"":1000000,""enum_cap"":0,""write_samples"":false,""verify"":false},""output"":{""out_dir"":""/home/dhy/PhD/SIGMOD-EXP/EXP-2/run/temp/exp6"",""run_tag"":""""},""sys"":{""threads"":1},""logging"":{""level"":""INFO"",""with_timestamp"":true,""with_thread_id"":false}}","{""generator"":""stripe_ctrl_alpha"",""dataset"":""exp6_stripe__nr100000__ns100000__a3_000ep01__g1"",""n_r"":100000,""n_s"":100000,""has_exact_k"":true,""k_target"":6000000,""k_achieved"":6000000,""alpha_target"":30,""alpha_achieved"":30,""notes"":""control_axis=1, core=[0.45,0.55], g=9.9999e-07, h=9e-06, delta=2.49998e-07, shuffle_strips=1, shuffle_r=0, k_overridden=0""}"
exp6_stripe__nr100000__ns100000__a3_000ep01__g1,stripe,30,100000,100000,ours,enum_sampling,10000,2,3,1,539.133,6e+06,1,1,0,0,,0,"{""build_active_indices_ms"":5.481489,""build_events_ms"":42.092764,""build_ranks_ms"":40.046865,""build_y_domain_ms"":14.185532,""run_build_ms"":102.192503,""run_draw_ranks_ms"":0.594098,""run_enum_pass1_count_ms"":262.184960,""run_enum_pass2_select_ms"":128.898739,""run_enum_prepare_ms"":1.519259}",,"{""dataset"":{""source"":""synthetic"",""name"":""exp6_stripe__nr100000__ns100000__a3_000ep01__g1"",""dim"":2,""path_r"":"""",""path_s"":"""",""synthetic"":{""generator"":""stripe"",""n_r"":100000,""n_s"":100000,""alpha"":30,""seed"":1}},""run"":{""method"":""ours"",""variant"":""enum_sampling"",""t"":10000,""seed"":1,""repeats"":3,""j_star"":1000000,""enum_cap"":0,""write_samples"":false,""verify"":false},""output"":{""out_dir"":""/home/dhy/PhD/SIGMOD-EXP/EXP-2/run/temp/exp6"",""run_tag"":""""},""sys"":{""threads"":1},""logging"":{""level"":""INFO"",""with_timestamp"":true,""with_thread_id"":false}}","{""generator"":""stripe_ctrl_alpha"",""dataset"":""exp6_stripe__nr100000__ns100000__a3_000ep01__g1"",""n_r"":100000,""n_s"":100000,""has_exact_k"":true,""k_target"":6000000,""k_achieved"":6000000,""alpha_target"":30,""alpha_achieved"":30,""notes"":""control_axis=1, core=[0.45,0.55], g=9.9999e-07, h=9e-06, delta=2.49998e-07, shuffle_strips=1, shuffle_r=0, k_overridden=0""}"
exp6_stripe__nr100000__ns100000__a3_000ep01__g1,stripe,30,100000,100000,ours,adaptive,10000,0,1,1,523.018,6e+06,1,0,1,0,fallback_sampling,1000001,"{""build_active_indices_ms"":5.598727,""build_events_ms"":34.901610,""build_ranks_ms"":40.081185,""build_y_domain_ms"":14.167232,""phase1_count_adaptive_ms"":207.561350,""phase2_plan_ms"":5.712405,""phase3_sample_ms"":136.688830,""run_build_ms"":95.257543,""run_fallback_count_ms"":207.565921,""run_fallback_sample_ms"":142.412454,""run_pilot_enum_prepare_ms"":1.532199,""run_pilot_enum_scan_ms"":76.239650,""sample_ms"":142.410834}",,"{""dataset"":{""source"":""synthetic"",""name"":""exp6_stripe__nr100000__ns100000__a3_000ep01__g1"",""dim"":2,""path_r"":"""",""path_s"":"""",""synthetic"":{""generator"":""stripe"",""n_r"":100000,""n_s"":100000,""alpha"":30,""seed"":1}},""run"":{""method"":""ours"",""variant"":""adaptive"",""t"":10000,""seed"":1,""repeats"":3,""j_star"":1000000,""enum_cap"":0,""write_samples"":false,""verify"":false},""output"":{""out_dir"":""/home/dhy/PhD/SIGMOD-EXP/EXP-2/run/temp/exp6"",""run_tag"":""""},""sys"":{""threads"":1},""logging"":{""level"":""INFO"",""with_timestamp"":true,""with_thread_id"":false}}","{""generator"":""stripe_ctrl_alpha"",""dataset"":""exp6_stripe__nr100000__ns100000__a3_000ep01__g1"",""n_r"":100000,""n_s"":100000,""has_exact_k"":true,""k_target"":6000000,""k_achieved"":6000000,""alpha_target"":30,""alpha_achieved"":30,""notes"":""control_axis=1, core=[0.45,0.55], g=9.9999e-07, h=9e-06, delta=2.49998e-07, shuffle_strips=1, shuffle_r=0, k_overridden=0""}"
exp6_stripe__nr100000__ns100000__a3_000ep01__g1,stripe,30,100000,100000,ours,adaptive,10000,1,2,1,570.651,6e+06,1,0,1,0,fallback_sampling,1000001,"{""build_active_indices_ms"":5.510579,""build_events_ms"":42.143293,""build_ranks_ms"":40.033956,""build_y_domain_ms"":14.175352,""phase1_count_adaptive_ms"":207.139549,""phase2_plan_ms"":5.161425,""phase3_sample_ms"":136.372957,""run_build_ms"":102.369339,""run_fallback_count_ms"":207.143398,""run_fallback_sample_ms"":141.545003,""run_pilot_enum_prepare_ms"":1.531129,""run_pilot_enum_scan_ms"":74.489876,""sample_ms"":141.543483}",,"{""dataset"":{""source"":""synthetic"",""name"":""exp6_stripe__nr100000__ns100000__a3_000ep01__g1"",""dim"":2,""path_r"":"""",""path_s"":"""",""synthetic"":{""generator"":""stripe"",""n_r"":100000,""n_s"":100000,""alpha"":30,""seed"":1}},""run"":{""method"":""ours"",""variant"":""adaptive"",""t"":10000,""seed"":1,""repeats"":3,""j_star"":1000000,""enum_cap"":0,""write_samples"":false,""verify"":false},""output"":{""out_dir"":""/home/dhy/PhD/SIGMOD-EXP/EXP-2/run/temp/exp6"",""run_tag"":""""},""sys"":{""threads"":1},""logging"":{""level"":""INFO"",""with_timestamp"":true,""with_thread_id"":false}}","{""generator"":""stripe_ctrl_alpha"",""dataset"":""exp6_stripe__nr100000__ns100000__a3_000ep01__g1"",""n_r"":100000,""n_s"":100000,""has_exact_k"":true,""k_target"":6000000,""k_achieved"":6000000,""alpha_target"":30,""alpha_achieved"":30,""notes"":""control_axis=1, core=[0.45,0.55], g=9.9999e-07, h=9e-06, delta=2.49998e-07, shuffle_strips=1, shuffle_r=0, k_overridden=0""}"
exp6_stripe__nr100000__ns100000__a3_000ep01__g1,stripe,30,100000,100000,ours,adaptive,10000,2,3,1,573.295,6e+06,1,0,1,0,fallback_sampling,1000001,"{""build_active_indices_ms"":5.548797,""build_events_ms"":42.175943,""build_ranks_ms"":40.043067,""build_y_domain_ms"":14.191261,""phase1_count_adaptive_ms"":208.188788,""phase2_plan_ms"":4.926560,""phase3_sample_ms"":136.554794,""run_build_ms"":102.461198,""run_fallback_count_ms"":208.192577,""run_fallback_sample_ms"":141.492064,""run_pilot_enum_prepare_ms"":1.527548,""run_pilot_enum_scan_ms"":75.248011,""sample_ms"":141.489894}",,"{""dataset"":{""source"":""synthetic"",""name"":""exp6_stripe__nr100000__ns100000__a3_000ep01__g1"",""dim"":2,""path_r"":"""",""path_s"":"""",""synthetic"":{""generator"":""stripe"",""n_r"":100000,""n_s"":100000,""alpha"":30,""seed"":1}},""run"":{""method"":""ours"",""variant"":""adaptive"",""t"":10000,""seed"":1,""repeats"":3,""j_star"":1000000,""enum_cap"":0,""write_samples"":false,""verify"":false},""output"":{""out_dir"":""/home/dhy/PhD/SIGMOD-EXP/EXP-2/run/temp/exp6"",""run_tag"":""""},""sys"":{""threads"":1},""logging"":{""level"":""INFO"",""with_timestamp"":true,""with_thread_id"":false}}","{""generator"":""stripe_ctrl_alpha"",""dataset"":""exp6_stripe__nr100000__ns100000__a3_000ep01__g1"",""n_r"":100000,""n_s"":100000,""has_exact_k"":true,""k_target"":6000000,""k_achieved"":6000000,""alpha_target"":30,""alpha_achieved"":30,""notes"":""control_axis=1, core=[0.45,0.55], g=9.9999e-07, h=9e-06, delta=2.49998e-07, shuffle_strips=1, shuffle_r=0, k_overridden=0""}"
exp6_stripe__nr100000__ns100000__a3_000ep01__g1,stripe,30,100000,100000,ours,sampling,30000,0,1,1,469.151,6e+06,1,0,0,0,,0,"{""build_active_indices_ms"":9.707792,""build_events_ms"":34.849702,""build_ranks_ms"":39.969527,""build_y_domain_ms"":14.168542,""phase1_count_ms"":224.574015,""phase2_plan_ms"":7.363310,""phase3_sample_ms"":137.985705,""run_build_ms"":99.204723,""run_count_ms"":224.577925,""run_sample_ms"":145.364725}",,"{""dataset"":{""source"":""synthetic"",""name"":""exp6_stripe__nr100000__ns100000__a3_000ep01__g1"",""dim"":2,""path_r"":"""",""path_s"":"""",""synthetic"":{""generator"":""stripe"",""n_r"":100000,""n_s"":100000,""alpha"":30,""seed"":1}},""run"":{""method"":""ours"",""variant"":""sampling"",""t"":30000,""seed"":1,""repeats"":3,""j_star"":1000000,""enum_cap"":0,""write_samples"":false,""verify"":false},""output"":{""out_dir"":""/home/dhy/PhD/SIGMOD-EXP/EXP-2/run/temp/exp6"",""run_tag"":""""},""sys"":{""threads"":1},""logging"":{""level"":""INFO"",""with_timestamp"":true,""with_thread_id"":false}}","{""generator"":""stripe_ctrl_alpha"",""dataset"":""exp6_stripe__nr100000__ns100000__a3_000ep01__g1"",""n_r"":100000,""n_s"":100000,""has_exact_k"":true,""k_target"":6000000,""k_achieved"":6000000,""alpha_target"":30,""alpha_achieved"":30,""notes"":""control_axis=1, core=[0.45,0.55], g=9.9999e-07, h=9e-06, delta=2.49998e-07, shuffle_strips=1, shuffle_r=0, k_overridden=0""}"
exp6_stripe__nr100000__ns100000__a3_000ep01__g1,stripe,30,100000,100000,ours,sampling,30000,1,2,1,512.592,6e+06,1,0,0,0,,0,"{""build_active_indices_ms"":5.491988,""build_events_ms"":42.747991,""build_ranks_ms"":39.924429,""build_y_domain_ms"":14.161372,""phase1_count_ms"":223.476777,""phase2_plan_ms"":5.768493,""phase3_sample_ms"":138.152782,""run_build_ms"":102.819490,""run_count_ms"":223.479897,""run_sample_ms"":143.934324}",,"{""dataset"":{""source"":""synthetic"",""name"":""exp6_stripe__nr100000__ns100000__a3_000ep01__g1"",""dim"":2,""path_r"":"""",""path_s"":"""",""synthetic"":{""generator"":""stripe"",""n_r"":100000,""n_s"":100000,""alpha"":30,""seed"":1}},""run"":{""method"":""ours"",""variant"":""sampling"",""t"":30000,""seed"":1,""repeats"":3,""j_star"":1000000,""enum_cap"":0,""write_samples"":false,""verify"":false},""output"":{""out_dir"":""/home/dhy/PhD/SIGMOD-EXP/EXP-2/run/temp/exp6"",""run_tag"":""""},""sys"":{""threads"":1},""logging"":{""level"":""INFO"",""with_timestamp"":true,""with_thread_id"":false}}","{""generator"":""stripe_ctrl_alpha"",""dataset"":""exp6_stripe__nr100000__ns100000__a3_000ep01__g1"",""n_r"":100000,""n_s"":100000,""has_exact_k"":true,""k_target"":6000000,""k_achieved"":6000000,""alpha_target"":30,""alpha_achieved"":30,""notes"":""control_axis=1, core=[0.45,0.55], g=9.9999e-07, h=9e-06, delta=2.49998e-07, shuffle_strips=1, shuffle_r=0, k_overridden=0""}"
exp6_stripe__nr100000__ns100000__a3_000ep01__g1,stripe,30,100000,100000,ours,sampling,30000,2,3,1,510.524,6e+06,1,0,0,0,,0,"{""build_active_indices_ms"":5.495008,""build_events_ms"":42.140254,""build_ranks_ms"":39.948518,""build_y_domain_ms"":14.160392,""phase1_count_ms"":221.709333,""phase2_plan_ms"":5.698424,""phase3_sample_ms"":137.710181,""run_build_ms"":102.235832,""run_count_ms"":221.713213,""run_sample_ms"":143.421955}",,"{""dataset"":{""source"":""synthetic"",""name"":""exp6_stripe__nr100000__ns100000__a3_000ep01__g1"",""dim"":2,""path_r"":"""",""path_s"":"""",""synthetic"":{""generator"":""stripe"",""n_r"":100000,""n_s"":100000,""alpha"":30,""seed"":1}},""run"":{""method"":""ours"",""variant"":""sampling"",""t"":30000,""seed"":1,""repeats"":3,""j_star"":1000000,""enum_cap"":0,""write_samples"":false,""verify"":false},""output"":{""out_dir"":""/home/dhy/PhD/SIGMOD-EXP/EXP-2/run/temp/exp6"",""run_tag"":""""},""sys"":{""threads"":1},""logging"":{""level"":""INFO"",""with_timestamp"":true,""with_thread_id"":false}}","{""generator"":""stripe_ctrl_alpha"",""dataset"":""exp6_stripe__nr100000__ns100000__a3_000ep01__g1"",""n_r"":100000,""n_s"":100000,""has_exact_k"":true,""k_target"":6000000,""k_achieved"":6000000,""alpha_target"":30,""alpha_achieved"":30,""notes"":""control_axis=1, core=[0.45,0.55], g=9.9999e-07, h=9e-06, delta=2.49998e-07, shuffle_strips=1, shuffle_r=0, k_overridden=0""}"
exp6_stripe__nr100000__ns100000__a3_000ep01__g1,stripe,30,100000,100000,ours,enum_sampling,30000,0,1,1,495.222,6e+06,1,1,0,0,,0,"{""build_active_indices_ms"":5.586606,""build_events_ms"":34.932720,""build_ranks_ms"":41.465127,""build_y_domain_ms"":14.168862,""run_build_ms"":96.544428,""run_draw_ranks_ms"":1.992319,""run_enum_pass1_count_ms"":266.420694,""run_enum_pass2_select_ms"":128.681004,""run_enum_prepare_ms"":1.549468}",,"{""dataset"":{""source"":""synthetic"",""name"":""exp6_stripe__nr100000__ns100000__a3_000ep01__g1"",""dim"":2,""path_r"":"""",""path_s"":"""",""synthetic"":{""generator"":""stripe"",""n_r"":100000,""n_s"":100000,""alpha"":30,""seed"":1}},""run"":{""method"":""ours"",""variant"":""enum_sampling"",""t"":30000,""seed"":1,""repeats"":3,""j_star"":1000000,""enum_cap"":0,""write_samples"":false,""verify"":false},""output"":{""out_dir"":""/home/dhy/PhD/SIGMOD-EXP/EXP-2/run/temp/exp6"",""run_tag"":""""},""sys"":{""threads"":1},""logging"":{""level"":""INFO"",""with_timestamp"":true,""with_thread_id"":false}}","{""generator"":""stripe_ctrl_alpha"",""dataset"":""exp6_stripe__nr100000__ns100000__a3_000ep01__g1"",""n_r"":100000,""n_s"":100000,""has_exact_k"":true,""k_target"":6000000,""k_achieved"":6000000,""alpha_target"":30,""alpha_achieved"":30,""notes"":""control_axis=1, core=[0.45,0.55], g=9.9999e-07, h=9e-06, delta=2.49998e-07, shuffle_strips=1, shuffle_r=0, k_overridden=0""}"
exp6_stripe__nr100000__ns100000__a3_000ep01__g1,stripe,30,100000,100000,ours,enum_sampling,30000,1,2,1,542.153,6e+06,1,1,0,0,,0,"{""build_active_indices_ms"":5.401220,""build_events_ms"":42.110664,""build_ranks_ms"":40.134305,""build_y_domain_ms"":14.171742,""run_build_ms"":102.207073,""run_draw_ranks_ms"":1.968150,""run_enum_pass1_count_ms"":262.929856,""run_enum_pass2_select_ms"":129.579286,""run_enum_prepare_ms"":1.542698}",,"{""dataset"":{""source"":""synthetic"",""name"":""exp6_stripe__nr100000__ns100000__a3_000ep01__g1"",""dim"":2,""path_r"":"""",""path_s"":"""",""synthetic"":{""generator"":""stripe"",""n_r"":100000,""n_s"":100000,""alpha"":30,""seed"":1}},""run"":{""method"":""ours"",""variant"":""enum_sampling"",""t"":30000,""seed"":1,""repeats"":3,""j_star"":1000000,""enum_cap"":0,""write_samples"":false,""verify"":false},""output"":{""out_dir"":""/home/dhy/PhD/SIGMOD-EXP/EXP-2/run/temp/exp6"",""run_tag"":""""},""sys"":{""threads"":1},""logging"":{""level"":""INFO"",""with_timestamp"":true,""with_thread_id"":false}}","{""generator"":""stripe_ctrl_alpha"",""dataset"":""exp6_stripe__nr100000__ns100000__a3_000ep01__g1"",""n_r"":100000,""n_s"":100000,""has_exact_k"":true,""k_target"":6000000,""k_achieved"":6000000,""alpha_target"":30,""alpha_achieved"":30,""notes"":""control_axis=1, core=[0.45,0.55], g=9.9999e-07, h=9e-06, delta=2.49998e-07, shuffle_strips=1, shuffle_r=0, k_overridden=0""}"
exp6_stripe__nr100000__ns100000__a3_000ep01__g1,stripe,30,100000,100000,ours,enum_sampling,30000,2,3,1,545.671,6e+06,1,1,0,0,,0,"{""build_active_indices_ms"":5.397030,""build_events_ms"":43.454597,""build_ranks_ms"":40.119395,""build_y_domain_ms"":14.171782,""run_build_ms"":103.532894,""run_draw_ranks_ms"":2.009269,""run_enum_pass1_count_ms"":264.742249,""run_enum_pass2_select_ms"":129.916719,""run_enum_prepare_ms"":1.557829}",,"{""dataset"":{""source"":""synthetic"",""name"":""exp6_stripe__nr100000__ns100000__a3_000ep01__g1"",""dim"":2,""path_r"":"""",""path_s"":"""",""synthetic"":{""generator"":""stripe"",""n_r"":100000,""n_s"":100000,""alpha"":30,""seed"":1}},""run"":{""method"":""ours"",""variant"":""enum_sampling"",""t"":30000,""seed"":1,""repeats"":3,""j_star"":1000000,""enum_cap"":0,""write_samples"":false,""verify"":false},""output"":{""out_dir"":""/home/dhy/PhD/SIGMOD-EXP/EXP-2/run/temp/exp6"",""run_tag"":""""},""sys"":{""threads"":1},""logging"":{""level"":""INFO"",""with_timestamp"":true,""with_thread_id"":false}}","{""generator"":""stripe_ctrl_alpha"",""dataset"":""exp6_stripe__nr100000__ns100000__a3_000ep01__g1"",""n_r"":100000,""n_s"":100000,""has_exact_k"":true,""k_target"":6000000,""k_achieved"":6000000,""alpha_target"":30,""alpha_achieved"":30,""notes"":""control_axis=1, core=[0.45,0.55], g=9.9999e-07, h=9e-06, delta=2.49998e-07, shuffle_strips=1, shuffle_r=0, k_overridden=0""}"
exp6_stripe__nr100000__ns100000__a3_000ep01__g1,stripe,30,100000,100000,ours,adaptive,30000,0,1,1,525.727,6e+06,1,0,1,0,fallback_sampling,1000001,"{""build_active_indices_ms"":5.677275,""build_events_ms"":34.857282,""build_ranks_ms"":40.029236,""build_y_domain_ms"":14.175472,""phase1_count_adaptive_ms"":206.094251,""phase2_plan_ms"":6.596797,""phase3_sample_ms"":139.890977,""run_build_ms"":95.250463,""run_fallback_count_ms"":206.099901,""run_fallback_sample_ms"":146.503962,""run_pilot_enum_prepare_ms"":1.550069,""run_pilot_enum_scan_ms"":76.312049,""sample_ms"":146.502663}",,"{""dataset"":{""source"":""synthetic"",""name"":""exp6_stripe__nr100000__ns100000__a3_000ep01__g1"",""dim"":2,""path_r"":"""",""path_s"":"""",""synthetic"":{""generator"":""stripe"",""n_r"":100000,""n_s"":100000,""alpha"":30,""seed"":1}},""run"":{""method"":""ours"",""variant"":""adaptive"",""t"":30000,""seed"":1,""repeats"":3,""j_star"":1000000,""enum_cap"":0,""write_samples"":false,""verify"":false},""output"":{""out_dir"":""/home/dhy/PhD/SIGMOD-EXP/EXP-2/run/temp/exp6"",""run_tag"":""""},""sys"":{""threads"":1},""logging"":{""level"":""INFO"",""with_timestamp"":true,""with_thread_id"":false}}","{""generator"":""stripe_ctrl_alpha"",""dataset"":""exp6_stripe__nr100000__ns100000__a3_000ep01__g1"",""n_r"":100000,""n_s"":100000,""has_exact_k"":true,""k_target"":6000000,""k_achieved"":6000000,""alpha_target"":30,""alpha_achieved"":30,""notes"":""control_axis=1, core=[0.45,0.55], g=9.9999e-07, h=9e-06, delta=2.49998e-07, shuffle_strips=1, shuffle_r=0, k_overridden=0""}"
exp6_stripe__nr100000__ns100000__a3_000ep01__g1,stripe,30,100000,100000,ours,adaptive,30000,1,2,1,575.183,6e+06,1,0,1,0,fallback_sampling,1000001,"{""build_active_indices_ms"":5.519688,""build_events_ms"":42.034846,""build_ranks_ms"":40.041566,""build_y_domain_ms"":14.174842,""phase1_count_adaptive_ms"":206.805056,""phase2_plan_ms"":5.892450,""phase3_sample_ms"":138.214831,""run_build_ms"":102.264991,""run_fallback_count_ms"":206.809276,""run_fallback_sample_ms"":144.123641,""run_pilot_enum_prepare_ms"":1.574868,""run_pilot_enum_scan_ms"":76.699231,""sample_ms"":144.121821}",,"{""dataset"":{""source"":""synthetic"",""name"":""exp6_stripe__nr100000__ns100000__a3_000ep01__g1"",""dim"":2,""path_r"":"""",""path_s"":"""",""synthetic"":{""generator"":""stripe"",""n_r"":100000,""n_s"":100000,""alpha"":30,""seed"":1}},""run"":{""method"":""ours"",""variant"":""adaptive"",""t"":30000,""seed"":1,""repeats"":3,""j_star"":1000000,""enum_cap"":0,""write_samples"":false,""verify"":false},""output"":{""out_dir"":""/home/dhy/PhD/SIGMOD-EXP/EXP-2/run/temp/exp6"",""run_tag"":""""},""sys"":{""threads"":1},""logging"":{""level"":""INFO"",""with_timestamp"":true,""with_thread_id"":false}}","{""generator"":""stripe_ctrl_alpha"",""dataset"":""exp6_stripe__nr100000__ns100000__a3_000ep01__g1"",""n_r"":100000,""n_s"":100000,""has_exact_k"":true,""k_target"":6000000,""k_achieved"":6000000,""alpha_target"":30,""alpha_achieved"":30,""notes"":""control_axis=1, core=[0.45,0.55], g=9.9999e-07, h=9e-06, delta=2.49998e-07, shuffle_strips=1, shuffle_r=0, k_overridden=0""}"
exp6_stripe__nr100000__ns100000__a3_000ep01__g1,stripe,30,100000,100000,ours,adaptive,30000,2,3,1,575.574,6e+06,1,0,1,0,fallback_sampling,1000001,"{""build_active_indices_ms"":5.469129,""build_events_ms"":42.095314,""build_ranks_ms"":40.052325,""build_y_domain_ms"":14.175742,""phase1_count_adaptive_ms"":208.820486,""phase2_plan_ms"":5.671165,""phase3_sample_ms"":138.287339,""run_build_ms"":102.296971,""run_fallback_count_ms"":208.824086,""run_fallback_sample_ms"":143.974404,""run_pilot_enum_prepare_ms"":1.531589,""run_pilot_enum_scan_ms"":75.874527,""sample_ms"":143.972314}",,"{""dataset"":{""source"":""synthetic"",""name"":""exp6_stripe__nr100000__ns100000__a3_000ep01__g1"",""dim"":2,""path_r"":"""",""path_s"":"""",""synthetic"":{""generator"":""stripe"",""n_r"":100000,""n_s"":100000,""alpha"":30,""seed"":1}},""run"":{""method"":""ours"",""variant"":""adaptive"",""t"":30000,""seed"":1,""repeats"":3,""j_star"":1000000,""enum_cap"":0,""write_samples"":false,""verify"":false},""output"":{""out_dir"":""/home/dhy/PhD/SIGMOD-EXP/EXP-2/run/temp/exp6"",""run_tag"":""""},""sys"":{""threads"":1},""logging"":{""level"":""INFO"",""with_timestamp"":true,""with_thread_id"":false}}","{""generator"":""stripe_ctrl_alpha"",""dataset"":""exp6_stripe__nr100000__ns100000__a3_000ep01__g1"",""n_r"":100000,""n_s"":100000,""has_exact_k"":true,""k_target"":6000000,""k_achieved"":6000000,""alpha_target"":30,""alpha_achieved"":30,""notes"":""control_axis=1, core=[0.45,0.55], g=9.9999e-07, h=9e-06, delta=2.49998e-07, shuffle_strips=1, shuffle_r=0, k_overridden=0""}"
exp6_stripe__nr100000__ns100000__a3_000ep01__g1,stripe,30,100000,100000,ours,sampling,100000,0,1,1,477.225,6e+06,1,0,0,0,,0,"{""build_active_indices_ms"":9.627754,""build_events_ms"":34.833342,""build_ranks_ms"":40.057536,""build_y_domain_ms"":14.201571,""phase1_count_ms"":224.495756,""phase2_plan_ms"":9.746562,""phase3_sample_ms"":143.712149,""run_build_ms"":99.229754,""run_count_ms"":224.499396,""run_sample_ms"":153.491141}",,"{""dataset"":{""source"":""synthetic"",""name"":""exp6_stripe__nr100000__ns100000__a3_000ep01__g1"",""dim"":2,""path_r"":"""",""path_s"":"""",""synthetic"":{""generator"":""stripe"",""n_r"":100000,""n_s"":100000,""alpha"":30,""seed"":1}},""run"":{""method"":""ours"",""variant"":""sampling"",""t"":100000,""seed"":1,""repeats"":3,""j_star"":1000000,""enum_cap"":0,""write_samples"":false,""verify"":false},""output"":{""out_dir"":""/home/dhy/PhD/SIGMOD-EXP/EXP-2/run/temp/exp6"",""run_tag"":""""},""sys"":{""threads"":1},""logging"":{""level"":""INFO"",""with_timestamp"":true,""with_thread_id"":false}}","{""generator"":""stripe_ctrl_alpha"",""dataset"":""exp6_stripe__nr100000__ns100000__a3_000ep01__g1"",""n_r"":100000,""n_s"":100000,""has_exact_k"":true,""k_target"":6000000,""k_achieved"":6000000,""alpha_target"":30,""alpha_achieved"":30,""notes"":""control_axis=1, core=[0.45,0.55], g=9.9999e-07, h=9e-06, delta=2.49998e-07, shuffle_strips=1, shuffle_r=0, k_overridden=0""}"
exp6_stripe__nr100000__ns100000__a3_000ep01__g1,stripe,30,100000,100000,ours,sampling,100000,1,2,1,520.979,6e+06,1,0,0,0,,0,"{""build_active_indices_ms"":5.524178,""build_events_ms"":42.478867,""build_ranks_ms"":40.019126,""build_y_domain_ms"":14.187132,""phase1_count_ms"":223.878610,""phase2_plan_ms"":7.789412,""phase3_sample_ms"":142.893946,""run_build_ms"":102.703872,""run_count_ms"":223.882680,""run_sample_ms"":150.716347}",,"{""dataset"":{""source"":""synthetic"",""name"":""exp6_stripe__nr100000__ns100000__a3_000ep01__g1"",""dim"":2,""path_r"":"""",""path_s"":"""",""synthetic"":{""generator"":""stripe"",""n_r"":100000,""n_s"":100000,""alpha"":30,""seed"":1}},""run"":{""method"":""ours"",""variant"":""sampling"",""t"":100000,""seed"":1,""repeats"":3,""j_star"":1000000,""enum_cap"":0,""write_samples"":false,""verify"":false},""output"":{""out_dir"":""/home/dhy/PhD/SIGMOD-EXP/EXP-2/run/temp/exp6"",""run_tag"":""""},""sys"":{""threads"":1},""logging"":{""level"":""INFO"",""with_timestamp"":true,""with_thread_id"":false}}","{""generator"":""stripe_ctrl_alpha"",""dataset"":""exp6_stripe__nr100000__ns100000__a3_000ep01__g1"",""n_r"":100000,""n_s"":100000,""has_exact_k"":true,""k_target"":6000000,""k_achieved"":6000000,""alpha_target"":30,""alpha_achieved"":30,""notes"":""control_axis=1, core=[0.45,0.55], g=9.9999e-07, h=9e-06, delta=2.49998e-07, shuffle_strips=1, shuffle_r=0, k_overridden=0""}"
exp6_stripe__nr100000__ns100000__a3_000ep01__g1,stripe,30,100000,100000,ours,sampling,100000,2,3,1,518.203,6e+06,1,0,0,0,,0,"{""build_active_indices_ms"":5.524898,""build_events_ms"":41.953087,""build_ranks_ms"":40.060226,""build_y_domain_ms"":14.169323,""phase1_count_ms"":222.577686,""phase2_plan_ms"":7.912849,""phase3_sample_ms"":142.972114,""run_build_ms"":102.205193,""run_count_ms"":222.581676,""run_sample_ms"":150.918392}",,"{""dataset"":{""source"":""synthetic"",""name"":""exp6_stripe__nr100000__ns100000__a3_000ep01__g1"",""dim"":2,""path_r"":"""",""path_s"":"""",""synthetic"":{""generator"":""stripe"",""n_r"":100000,""n_s"":100000,""alpha"":30,""seed"":1}},""run"":{""method"":""ours"",""variant"":""sampling"",""t"":100000,""seed"":1,""repeats"":3,""j_star"":1000000,""enum_cap"":0,""write_samples"":false,""verify"":false},""output"":{""out_dir"":""/home/dhy/PhD/SIGMOD-EXP/EXP-2/run/temp/exp6"",""run_tag"":""""},""sys"":{""threads"":1},""logging"":{""level"":""INFO"",""with_timestamp"":true,""with_thread_id"":false}}","{""generator"":""stripe_ctrl_alpha"",""dataset"":""exp6_stripe__nr100000__ns100000__a3_000ep01__g1"",""n_r"":100000,""n_s"":100000,""has_exact_k"":true,""k_target"":6000000,""k_achieved"":6000000,""alpha_target"":30,""alpha_achieved"":30,""notes"":""control_axis=1, core=[0.45,0.55], g=9.9999e-07, h=9e-06, delta=2.49998e-07, shuffle_strips=1, shuffle_r=0, k_overridden=0""}"
exp6_stripe__nr100000__ns100000__a3_000ep01__g1,stripe,30,100000,100000,ours,enum_sampling,100000,0,1,1,503.657,6e+06,1,1,0,0,,0,"{""build_active_indices_ms"":9.606656,""build_events_ms"":34.869011,""build_ranks_ms"":40.064175,""build_y_domain_ms"":14.184122,""run_build_ms"":99.114866,""run_draw_ranks_ms"":7.317351,""run_enum_pass1_count_ms"":263.818888,""run_enum_pass2_select_ms"":131.244372,""run_enum_prepare_ms"":1.550899}",,"{""dataset"":{""source"":""synthetic"",""name"":""exp6_stripe__nr100000__ns100000__a3_000ep01__g1"",""dim"":2,""path_r"":"""",""path_s"":"""",""synthetic"":{""generator"":""stripe"",""n_r"":100000,""n_s"":100000,""alpha"":30,""seed"":1}},""run"":{""method"":""ours"",""variant"":""enum_sampling"",""t"":100000,""seed"":1,""repeats"":3,""j_star"":1000000,""enum_cap"":0,""write_samples"":false,""verify"":false},""output"":{""out_dir"":""/home/dhy/PhD/SIGMOD-EXP/EXP-2/run/temp/exp6"",""run_tag"":""""},""sys"":{""threads"":1},""logging"":{""level"":""INFO"",""with_timestamp"":true,""with_thread_id"":false}}","{""generator"":""stripe_ctrl_alpha"",""dataset"":""exp6_stripe__nr100000__ns100000__a3_000ep01__g1"",""n_r"":100000,""n_s"":100000,""has_exact_k"":true,""k_target"":6000000,""k_achieved"":6000000,""alpha_target"":30,""alpha_achieved"":30,""notes"":""control_axis=1, core=[0.45,0.55], g=9.9999e-07, h=9e-06, delta=2.49998e-07, shuffle_strips=1, shuffle_r=0, k_overridden=0""}"
exp6_stripe__nr100000__ns100000__a3_000ep01__g1,stripe,30,100000,100000,ours,enum_sampling,100000,1,2,1,550.106,6e+06,1,1,0,0,,0,"{""build_active_indices_ms"":5.476798,""build_events_ms"":43.544805,""build_ranks_ms"":40.005777,""build_y_domain_ms"":14.176183,""run_build_ms"":103.589555,""run_draw_ranks_ms"":7.322481,""run_enum_pass1_count_ms"":261.872398,""run_enum_pass2_select_ms"":131.765562,""run_enum_prepare_ms"":1.513769}",,"{""dataset"":{""source"":""synthetic"",""name"":""exp6_stripe__nr100000__ns100000__a3_000ep01__g1"",""dim"":2,""path_r"":"""",""path_s"":"""",""synthetic"":{""generator"":""stripe"",""n_r"":100000,""n_s"":100000,""alpha"":30,""seed"":1}},""run"":{""method"":""ours"",""variant"":""enum_sampling"",""t"":100000,""seed"":1,""repeats"":3,""j_star"":1000000,""enum_cap"":0,""write_samples"":false,""verify"":false},""output"":{""out_dir"":""/home/dhy/PhD/SIGMOD-EXP/EXP-2/run/temp/exp6"",""run_tag"":""""},""sys"":{""threads"":1},""logging"":{""level"":""INFO"",""with_timestamp"":true,""with_thread_id"":false}}","{""generator"":""stripe_ctrl_alpha"",""dataset"":""exp6_stripe__nr100000__ns100000__a3_000ep01__g1"",""n_r"":100000,""n_s"":100000,""has_exact_k"":true,""k_target"":6000000,""k_achieved"":6000000,""alpha_target"":30,""alpha_achieved"":30,""notes"":""control_axis=1, core=[0.45,0.55], g=9.9999e-07, h=9e-06, delta=2.49998e-07, shuffle_strips=1, shuffle_r=0, k_overridden=0""}"
exp6_stripe__nr100000__ns100000__a3_000ep01__g1,stripe,30,100000,100000,ours,enum_sampling,100000,2,3,1,551.168,6e+06,1,1,0,0,,0,"{""build_active_indices_ms"":5.483419,""build_events_ms"":42.061435,""build_ranks_ms"":40.029097,""build_y_domain_ms"":14.189442,""run_build_ms"":102.149483,""run_draw_ranks_ms"":7.366930,""run_enum_pass1_count_ms"":264.779499,""run_enum_pass2_select_ms"":131.374470,""run_enum_prepare_ms"":1.540869}",,"{""dataset"":{""source"":""synthetic"",""name"":""exp6_stripe__nr100000__ns100000__a3_000ep01__g1"",""dim"":2,""path_r"":"""",""path_s"":"""",""synthetic"":{""generator"":""stripe"",""n_r"":100000,""n_s"":100000,""alpha"":30,""seed"":1}},""run"":{""method"":""ours"",""variant"":""enum_sampling"",""t"":100000,""seed"":1,""repeats"":3,""j_star"":1000000,""enum_cap"":0,""write_samples"":false,""verify"":false},""output"":{""out_dir"":""/home/dhy/PhD/SIGMOD-EXP/EXP-2/run/temp/exp6"",""run_tag"":""""},""sys"":{""threads"":1},""logging"":{""level"":""INFO"",""with_timestamp"":true,""with_thread_id"":false}}","{""generator"":""stripe_ctrl_alpha"",""dataset"":""exp6_stripe__nr100000__ns100000__a3_000ep01__g1"",""n_r"":100000,""n_s"":100000,""has_exact_k"":true,""k_target"":6000000,""k_achieved"":6000000,""alpha_target"":30,""alpha_achieved"":30,""notes"":""control_axis=1, core=[0.45,0.55], g=9.9999e-07, h=9e-06, delta=2.49998e-07, shuffle_strips=1, shuffle_r=0, k_overridden=0""}"
exp6_stripe__nr100000__ns100000__a3_000ep01__g1,stripe,30,100000,100000,ours,adaptive,100000,0,1,1,529.828,6e+06,1,0,1,0,fallback_sampling,1000001,"{""build_active_indices_ms"":5.560157,""build_events_ms"":34.832382,""build_ranks_ms"":40.015827,""build_y_domain_ms"":14.163922,""phase1_count_adaptive_ms"":206.019383,""phase2_plan_ms"":8.650554,""phase3_sample_ms"":143.213279,""run_build_ms"":95.089468,""run_fallback_count_ms"":206.024712,""run_fallback_sample_ms"":151.899503,""run_pilot_enum_prepare_ms"":1.512059,""run_pilot_enum_scan_ms"":75.289680,""sample_ms"":151.897382}",,"{""dataset"":{""source"":""synthetic"",""name"":""exp6_stripe__nr100000__ns100000__a3_000ep01__g1"",""dim"":2,""path_r"":"""",""path_s"":"""",""synthetic"":{""generator"":""stripe"",""n_r"":100000,""n_s"":100000,""alpha"":30,""seed"":1}},""run"":{""method"":""ours"",""variant"":""adaptive"",""t"":100000,""seed"":1,""repeats"":3,""j_star"":1000000,""enum_cap"":0,""write_samples"":false,""verify"":false},""output"":{""out_dir"":""/home/dhy/PhD/SIGMOD-EXP/EXP-2/run/temp/exp6"",""run_tag"":""""},""sys"":{""threads"":1},""logging"":{""level"":""INFO"",""with_timestamp"":true,""with_thread_id"":false}}","{""generator"":""stripe_ctrl_alpha"",""dataset"":""exp6_stripe__nr100000__ns100000__a3_000ep01__g1"",""n_r"":100000,""n_s"":100000,""has_exact_k"":true,""k_target"":6000000,""k_achieved"":6000000,""alpha_target"":30,""alpha_achieved"":30,""notes"":""control_axis=1, core=[0.45,0.55], g=9.9999e-07, h=9e-06, delta=2.49998e-07, shuffle_strips=1, shuffle_r=0, k_overridden=0""}"
exp6_stripe__nr100000__ns100000__a3_000ep01__g1,stripe,30,100000,100000,ours,adaptive,100000,1,2,1,579.644,6e+06,1,0,1,0,fallback_sampling,1000001,"{""build_active_indices_ms"":5.500388,""build_events_ms"":42.029556,""build_ranks_ms"":39.999507,""build_y_domain_ms"":14.214901,""phase1_count_adaptive_ms"":205.626191,""phase2_plan_ms"":8.152075,""phase3_sample_ms"":143.587512,""run_build_ms"":102.254962,""run_fallback_count_ms"":205.629891,""run_fallback_sample_ms"":151.772976,""run_pilot_enum_prepare_ms"":1.547768,""run_pilot_enum_scan_ms"":73.893438,""sample_ms"":151.771756}",,"{""dataset"":{""source"":""synthetic"",""name"":""exp6_stripe__nr100000__ns100000__a3_000ep01__g1"",""dim"":2,""path_r"":"""",""path_s"":"""",""synthetic"":{""generator"":""stripe"",""n_r"":100000,""n_s"":100000,""alpha"":30,""seed"":1}},""run"":{""method"":""ours"",""variant"":""adaptive"",""t"":100000,""seed"":1,""repeats"":3,""j_star"":1000000,""enum_cap"":0,""write_samples"":false,""verify"":false},""output"":{""out_dir"":""/home/dhy/PhD/SIGMOD-EXP/EXP-2/run/temp/exp6"",""run_tag"":""""},""sys"":{""threads"":1},""logging"":{""level"":""INFO"",""with_timestamp"":true,""with_thread_id"":false}}","{""generator"":""stripe_ctrl_alpha"",""dataset"":""exp6_stripe__nr100000__ns100000__a3_000ep01__g1"",""n_r"":100000,""n_s"":100000,""has_exact_k"":true,""k_target"":6000000,""k_achieved"":6000000,""alpha_target"":30,""alpha_achieved"":30,""notes"":""control_axis=1, core=[0.45,0.55], g=9.9999e-07, h=9e-06, delta=2.49998e-07, shuffle_strips=1, shuffle_r=0, k_overridden=0""}"
exp6_stripe__nr100000__ns100000__a3_000ep01__g1,stripe,30,100000,100000,ours,adaptive,100000,2,3,1,582.007,6e+06,1,0,1,0,fallback_sampling,1000001,"{""build_active_indices_ms"":5.503878,""build_events_ms"":42.074405,""build_ranks_ms"":40.025647,""build_y_domain_ms"":14.186381,""phase1_count_adaptive_ms"":205.719389,""phase2_plan_ms"":7.993248,""phase3_sample_ms"":145.511492,""run_build_ms"":102.286131,""run_fallback_count_ms"":205.724599,""run_fallback_sample_ms"":153.547120,""run_pilot_enum_prepare_ms"":1.539679,""run_pilot_enum_scan_ms"":74.799970,""sample_ms"":153.545629}",,"{""dataset"":{""source"":""synthetic"",""name"":""exp6_stripe__nr100000__ns100000__a3_000ep01__g1"",""dim"":2,""path_r"":"""",""path_s"":"""",""synthetic"":{""generator"":""stripe"",""n_r"":100000,""n_s"":100000,""alpha"":30,""seed"":1}},""run"":{""method"":""ours"",""variant"":""adaptive"",""t"":100000,""seed"":1,""repeats"":3,""j_star"":1000000,""enum_cap"":0,""write_samples"":false,""verify"":false},""output"":{""out_dir"":""/home/dhy/PhD/SIGMOD-EXP/EXP-2/run/temp/exp6"",""run_tag"":""""},""sys"":{""threads"":1},""logging"":{""level"":""INFO"",""with_timestamp"":true,""with_thread_id"":false}}","{""generator"":""stripe_ctrl_alpha"",""dataset"":""exp6_stripe__nr100000__ns100000__a3_000ep01__g1"",""n_r"":100000,""n_s"":100000,""has_exact_k"":true,""k_target"":6000000,""k_achieved"":6000000,""alpha_target"":30,""alpha_achieved"":30,""notes"":""control_axis=1, core=[0.45,0.55], g=9.9999e-07, h=9e-06, delta=2.49998e-07, shuffle_strips=1, shuffle_r=0, k_overridden=0""}"
exp6_stripe__nr100000__ns100000__a3_000ep01__g1,stripe,30,100000,100000,ours,sampling,300000,0,1,1,494.286,6e+06,1,0,0,0,,0,"{""build_active_indices_ms"":9.516296,""build_events_ms"":34.902460,""build_ranks_ms"":40.043206,""build_y_domain_ms"":14.199881,""phase1_count_ms"":227.019837,""phase2_plan_ms"":15.669692,""phase3_sample_ms"":152.326624,""run_build_ms"":99.176164,""run_count_ms"":227.024006,""run_sample_ms"":168.082155}",,"{""dataset"":{""source"":""synthetic"",""name"":""exp6_stripe__nr100000__ns100000__a3_000ep01__g1"",""dim"":2,""path_r"":"""",""path_s"":"""",""synthetic"":{""generator"":""stripe"",""n_r"":100000,""n_s"":100000,""alpha"":30,""seed"":1}},""run"":{""method"":""ours"",""variant"":""sampling"",""t"":300000,""seed"":1,""repeats"":3,""j_star"":1000000,""enum_cap"":0,""write_samples"":false,""verify"":false},""output"":{""out_dir"":""/home/dhy/PhD/SIGMOD-EXP/EXP-2/run/temp/exp6"",""run_tag"":""""},""sys"":{""threads"":1},""logging"":{""level"":""INFO"",""with_timestamp"":true,""with_thread_id"":false}}","{""generator"":""stripe_ctrl_alpha"",""dataset"":""exp6_stripe__nr100000__ns100000__a3_000ep01__g1"",""n_r"":100000,""n_s"":100000,""has_exact_k"":true,""k_target"":6000000,""k_achieved"":6000000,""alpha_target"":30,""alpha_achieved"":30,""notes"":""control_axis=1, core=[0.45,0.55], g=9.9999e-07, h=9e-06, delta=2.49998e-07, shuffle_strips=1, shuffle_r=0, k_overridden=0""}"
exp6_stripe__nr100000__ns100000__a3_000ep01__g1,stripe,30,100000,100000,ours,sampling,300000,1,2,1,537.389,6e+06,1,0,0,0,,0,"{""build_active_indices_ms"":5.383500,""build_events_ms"":42.467657,""build_ranks_ms"":39.924409,""build_y_domain_ms"":14.185061,""phase1_count_ms"":227.075866,""phase2_plan_ms"":13.136853,""phase3_sample_ms"":151.342365,""run_build_ms"":102.463257,""run_count_ms"":227.079665,""run_sample_ms"":164.566035}",,"{""dataset"":{""source"":""synthetic"",""name"":""exp6_stripe__nr100000__ns100000__a3_000ep01__g1"",""dim"":2,""path_r"":"""",""path_s"":"""",""synthetic"":{""generator"":""stripe"",""n_r"":100000,""n_s"":100000,""alpha"":30,""seed"":1}},""run"":{""method"":""ours"",""variant"":""sampling"",""t"":300000,""seed"":1,""repeats"":3,""j_star"":1000000,""enum_cap"":0,""write_samples"":false,""verify"":false},""output"":{""out_dir"":""/home/dhy/PhD/SIGMOD-EXP/EXP-2/run/temp/exp6"",""run_tag"":""""},""sys"":{""threads"":1},""logging"":{""level"":""INFO"",""with_timestamp"":true,""with_thread_id"":false}}","{""generator"":""stripe_ctrl_alpha"",""dataset"":""exp6_stripe__nr100000__ns100000__a3_000ep01__g1"",""n_r"":100000,""n_s"":100000,""has_exact_k"":true,""k_target"":6000000,""k_achieved"":6000000,""alpha_target"":30,""alpha_achieved"":30,""notes"":""control_axis=1, core=[0.45,0.55], g=9.9999e-07, h=9e-06, delta=2.49998e-07, shuffle_strips=1, shuffle_r=0, k_overridden=0""}"
exp6_stripe__nr100000__ns100000__a3_000ep01__g1,stripe,30,100000,100000,ours,sampling,300000,2,3,1,534.706,6e+06,1,0,0,0,,0,"{""build_active_indices_ms"":5.409401,""build_events_ms"":42.258211,""build_ranks_ms"":39.968648,""build_y_domain_ms"":14.154693,""phase1_count_ms"":224.648774,""phase2_plan_ms"":13.108514,""phase3_sample_ms"":151.326335,""run_build_ms"":102.310651,""run_count_ms"":224.653324,""run_sample_ms"":164.520637}",,"{""dataset"":{""source"":""synthetic"",""name"":""exp6_stripe__nr100000__ns100000__a3_000ep01__g1"",""dim"":2,""path_r"":"""",""path_s"":"""",""synthetic"":{""generator"":""stripe"",""n_r"":100000,""n_s"":100000,""alpha"":30,""seed"":1}},""run"":{""method"":""ours"",""variant"":""sampling"",""t"":300000,""seed"":1,""repeats"":3,""j_star"":1000000,""enum_cap"":0,""write_samples"":false,""verify"":false},""output"":{""out_dir"":""/home/dhy/PhD/SIGMOD-EXP/EXP-2/run/temp/exp6"",""run_tag"":""""},""sys"":{""threads"":1},""logging"":{""level"":""INFO"",""with_timestamp"":true,""with_thread_id"":false}}","{""generator"":""stripe_ctrl_alpha"",""dataset"":""exp6_stripe__nr100000__ns100000__a3_000ep01__g1"",""n_r"":100000,""n_s"":100000,""has_exact_k"":true,""k_target"":6000000,""k_achieved"":6000000,""alpha_target"":30,""alpha_achieved"":30,""notes"":""control_axis=1, core=[0.45,0.55], g=9.9999e-07, h=9e-06, delta=2.49998e-07, shuffle_strips=1, shuffle_r=0, k_overridden=0""}"
exp6_stripe__nr100000__ns100000__a3_000ep01__g1,stripe,30,100000,100000,ours,enum_sampling,300000,0,1,1,532.799,6e+06,1,1,0,0,,0,"{""build_active_indices_ms"":9.592415,""build_events_ms"":34.899411,""build_ranks_ms"":39.980947,""build_y_domain_ms"":14.156281,""run_build_ms"":99.019848,""run_draw_ranks_ms"":24.129889,""run_enum_pass1_count_ms"":267.399436,""run_enum_pass2_select_ms"":139.018095,""run_enum_prepare_ms"":1.556378}",,"{""dataset"":{""source"":""synthetic"",""name"":""exp6_stripe__nr100000__ns100000__a3_000ep01__g1"",""dim"":2,""path_r"":"""",""path_s"":"""",""synthetic"":{""generator"":""stripe"",""n_r"":100000,""n_s"":100000,""alpha"":30,""seed"":1}},""run"":{""method"":""ours"",""variant"":""enum_sampling"",""t"":300000,""seed"":1,""repeats"":3,""j_star"":1000000,""enum_cap"":0,""write_samples"":false,""verify"":false},""output"":{""out_dir"":""/home/dhy/PhD/SIGMOD-EXP/EXP-2/run/temp/exp6"",""run_tag"":""""},""sys"":{""threads"":1},""logging"":{""level"":""INFO"",""with_timestamp"":true,""with_thread_id"":false}}","{""generator"":""stripe_ctrl_alpha"",""dataset"":""exp6_stripe__nr100000__ns100000__a3_000ep01__g1"",""n_r"":100000,""n_s"":100000,""has_exact_k"":true,""k_target"":6000000,""k_achieved"":6000000,""alpha_target"":30,""alpha_achieved"":30,""notes"":""control_axis=1, core=[0.45,0.55], g=9.9999e-07, h=9e-06, delta=2.49998e-07, shuffle_strips=1, shuffle_r=0, k_overridden=0""}"
exp6_stripe__nr100000__ns100000__a3_000ep01__g1,stripe,30,100000,100000,ours,enum_sampling,300000,1,2,1,578.033,6e+06,1,1,0,0,,0,"{""build_active_indices_ms"":5.492228,""build_events_ms"":42.599464,""build_ranks_ms"":39.987407,""build_y_domain_ms"":14.155213,""run_build_ms"":102.619974,""run_draw_ranks_ms"":24.010162,""run_enum_pass1_count_ms"":263.844649,""run_enum_pass2_select_ms"":142.088353,""run_enum_prepare_ms"":1.550428}",,"{""dataset"":{""source"":""synthetic"",""name"":""exp6_stripe__nr100000__ns100000__a3_000ep01__g1"",""dim"":2,""path_r"":"""",""path_s"":"""",""synthetic"":{""generator"":""stripe"",""n_r"":100000,""n_s"":100000,""alpha"":30,""seed"":1}},""run"":{""method"":""ours"",""variant"":""enum_sampling"",""t"":300000,""seed"":1,""repeats"":3,""j_star"":1000000,""enum_cap"":0,""write_samples"":false,""verify"":false},""output"":{""out_dir"":""/home/dhy/PhD/SIGMOD-EXP/EXP-2/run/temp/exp6"",""run_tag"":""""},""sys"":{""threads"":1},""logging"":{""level"":""INFO"",""with_timestamp"":true,""with_thread_id"":false}}","{""generator"":""stripe_ctrl_alpha"",""dataset"":""exp6_stripe__nr100000__ns100000__a3_000ep01__g1"",""n_r"":100000,""n_s"":100000,""has_exact_k"":true,""k_target"":6000000,""k_achieved"":6000000,""alpha_target"":30,""alpha_achieved"":30,""notes"":""control_axis=1, core=[0.45,0.55], g=9.9999e-07, h=9e-06, delta=2.49998e-07, shuffle_strips=1, shuffle_r=0, k_overridden=0""}"
exp6_stripe__nr100000__ns100000__a3_000ep01__g1,stripe,30,100000,100000,ours,enum_sampling,300000,2,3,1,576.465,6e+06,1,1,0,0,,0,"{""build_active_indices_ms"":5.523878,""build_events_ms"":42.185973,""build_ranks_ms"":41.274861,""build_y_domain_ms"":14.182152,""run_build_ms"":103.553906,""run_draw_ranks_ms"":24.101060,""run_enum_pass1_count_ms"":263.666122,""run_enum_pass2_select_ms"":139.455806,""run_enum_prepare_ms"":1.540279}",,"{""dataset"":{""source"":""synthetic"",""name"":""exp6_stripe__nr100000__ns100000__a3_000ep01__g1"",""dim"":2,""path_r"":"""",""path_s"":"""",""synthetic"":{""generator"":""stripe"",""n_r"":100000,""n_s"":100000,""alpha"":30,""seed"":1}},""run"":{""method"":""ours"",""variant"":""enum_sampling"",""t"":300000,""seed"":1,""repeats"":3,""j_star"":1000000,""enum_cap"":0,""write_samples"":false,""verify"":false},""output"":{""out_dir"":""/home/dhy/PhD/SIGMOD-EXP/EXP-2/run/temp/exp6"",""run_tag"":""""},""sys"":{""threads"":1},""logging"":{""level"":""INFO"",""with_timestamp"":true,""with_thread_id"":false}}","{""generator"":""stripe_ctrl_alpha"",""dataset"":""exp6_stripe__nr100000__ns100000__a3_000ep01__g1"",""n_r"":100000,""n_s"":100000,""has_exact_k"":true,""k_target"":6000000,""k_achieved"":6000000,""alpha_target"":30,""alpha_achieved"":30,""notes"":""control_axis=1, core=[0.45,0.55], g=9.9999e-07, h=9e-06, delta=2.49998e-07, shuffle_strips=1, shuffle_r=0, k_overridden=0""}"
exp6_stripe__nr100000__ns100000__a3_000ep01__g1,stripe,30,100000,100000,ours,adaptive,300000,0,1,1,549.383,6e+06,1,0,1,0,fallback_sampling,1000001,"{""build_active_indices_ms"":5.672065,""build_events_ms"":34.855141,""build_ranks_ms"":39.935058,""build_y_domain_ms"":14.145003,""phase1_count_adaptive_ms"":206.897726,""phase2_plan_ms"":14.929157,""phase3_sample_ms"":154.213837,""run_build_ms"":95.115957,""run_fallback_count_ms"":206.902456,""run_fallback_sample_ms"":169.231360,""run_pilot_enum_prepare_ms"":1.539948,""run_pilot_enum_scan_ms"":76.580404,""sample_ms"":169.229830}",,"{""dataset"":{""source"":""synthetic"",""name"":""exp6_stripe__nr100000__ns100000__a3_000ep01__g1"",""dim"":2,""path_r"":"""",""path_s"":"""",""synthetic"":{""generator"":""stripe"",""n_r"":100000,""n_s"":100000,""alpha"":30,""seed"":1}},""run"":{""method"":""ours"",""variant"":""adaptive"",""t"":300000,""seed"":1,""repeats"":3,""j_star"":1000000,""enum_cap"":0,""write_samples"":false,""verify"":false},""output"":{""out_dir"":""/home/dhy/PhD/SIGMOD-EXP/EXP-2/run/temp/exp6"",""run_tag"":""""},""sys"":{""threads"":1},""logging"":{""level"":""INFO"",""with_timestamp"":true,""with_thread_id"":false}}","{""generator"":""stripe_ctrl_alpha"",""dataset"":""exp6_stripe__nr100000__ns100000__a3_000ep01__g1"",""n_r"":100000,""n_s"":100000,""has_exact_k"":true,""k_target"":6000000,""k_achieved"":6000000,""alpha_target"":30,""alpha_achieved"":30,""notes"":""control_axis=1, core=[0.45,0.55], g=9.9999e-07, h=9e-06, delta=2.49998e-07, shuffle_strips=1, shuffle_r=0, k_overridden=0""}"
exp6_stripe__nr100000__ns100000__a3_000ep01__g1,stripe,30,100000,100000,ours,adaptive,300000,1,2,1,595.677,6e+06,1,0,1,0,fallback_sampling,1000001,"{""build_active_indices_ms"":5.460709,""build_events_ms"":42.113014,""build_ranks_ms"":39.921459,""build_y_domain_ms"":14.175172,""phase1_count_adaptive_ms"":205.923766,""phase2_plan_ms"":13.382698,""phase3_sample_ms"":151.947613,""run_build_ms"":102.176663,""run_fallback_count_ms"":205.928875,""run_fallback_sample_ms"":165.417469,""run_pilot_enum_prepare_ms"":1.525748,""run_pilot_enum_scan_ms"":76.771700,""sample_ms"":165.416179}",,"{""dataset"":{""source"":""synthetic"",""name"":""exp6_stripe__nr100000__ns100000__a3_000ep01__g1"",""dim"":2,""path_r"":"""",""path_s"":"""",""synthetic"":{""generator"":""stripe"",""n_r"":100000,""n_s"":100000,""alpha"":30,""seed"":1}},""run"":{""method"":""ours"",""variant"":""adaptive"",""t"":300000,""seed"":1,""repeats"":3,""j_star"":1000000,""enum_cap"":0,""write_samples"":false,""verify"":false},""output"":{""out_dir"":""/home/dhy/PhD/SIGMOD-EXP/EXP-2/run/temp/exp6"",""run_tag"":""""},""sys"":{""threads"":1},""logging"":{""level"":""INFO"",""with_timestamp"":true,""with_thread_id"":false}}","{""generator"":""stripe_ctrl_alpha"",""dataset"":""exp6_stripe__nr100000__ns100000__a3_000ep01__g1"",""n_r"":100000,""n_s"":100000,""has_exact_k"":true,""k_target"":6000000,""k_achieved"":6000000,""alpha_target"":30,""alpha_achieved"":30,""notes"":""control_axis=1, core=[0.45,0.55], g=9.9999e-07, h=9e-06, delta=2.49998e-07, shuffle_strips=1, shuffle_r=0, k_overridden=0""}"
exp6_stripe__nr100000__ns100000__a3_000ep01__g1,stripe,30,100000,100000,ours,adaptive,300000,2,3,1,598.294,6e+06,1,0,1,0,fallback_sampling,1000001,"{""build_active_indices_ms"":5.514469,""build_events_ms"":42.135954,""build_ranks_ms"":39.957758,""build_y_domain_ms"":14.172161,""phase1_count_adaptive_ms"":209.148870,""phase2_plan_ms"":13.637252,""phase3_sample_ms"":152.412563,""run_build_ms"":102.285892,""run_fallback_count_ms"":209.153210,""run_fallback_sample_ms"":166.137334,""run_pilot_enum_prepare_ms"":1.553449,""run_pilot_enum_scan_ms"":76.132043,""sample_ms"":166.136334}",,"{""dataset"":{""source"":""synthetic"",""name"":""exp6_stripe__nr100000__ns100000__a3_000ep01__g1"",""dim"":2,""path_r"":"""",""path_s"":"""",""synthetic"":{""generator"":""stripe"",""n_r"":100000,""n_s"":100000,""alpha"":30,""seed"":1}},""run"":{""method"":""ours"",""variant"":""adaptive"",""t"":300000,""seed"":1,""repeats"":3,""j_star"":1000000,""enum_cap"":0,""write_samples"":false,""verify"":false},""output"":{""out_dir"":""/home/dhy/PhD/SIGMOD-EXP/EXP-2/run/temp/exp6"",""run_tag"":""""},""sys"":{""threads"":1},""logging"":{""level"":""INFO"",""with_timestamp"":true,""with_thread_id"":false}}","{""generator"":""stripe_ctrl_alpha"",""dataset"":""exp6_stripe__nr100000__ns100000__a3_000ep01__g1"",""n_r"":100000,""n_s"":100000,""has_exact_k"":true,""k_target"":6000000,""k_achieved"":6000000,""alpha_target"":30,""alpha_achieved"":30,""notes"":""control_axis=1, core=[0.45,0.55], g=9.9999e-07, h=9e-06, delta=2.49998e-07, shuffle_strips=1, shuffle_r=0, k_overridden=0""}"
exp6_stripe__nr100000__ns100000__a3_000ep01__g1,stripe,30,100000,100000,ours,sampling,1000000,0,1,1,528.314,6e+06,1,0,0,0,,0,"{""build_active_indices_ms"":9.636004,""build_events_ms"":34.864782,""build_ranks_ms"":40.062876,""build_y_domain_ms"":14.153062,""phase1_count_ms"":225.034917,""phase2_plan_ms"":35.196825,""phase3_sample_ms"":168.566655,""run_build_ms"":99.236003,""run_count_ms"":225.038987,""run_sample_ms"":204.034784}",,"{""dataset"":{""source"":""synthetic"",""name"":""exp6_stripe__nr100000__ns100000__a3_000ep01__g1"",""dim"":2,""path_r"":"""",""path_s"":"""",""synthetic"":{""generator"":""stripe"",""n_r"":100000,""n_s"":100000,""alpha"":30,""seed"":1}},""run"":{""method"":""ours"",""variant"":""sampling"",""t"":1000000,""seed"":1,""repeats"":3,""j_star"":1000000,""enum_cap"":0,""write_samples"":false,""verify"":false},""output"":{""out_dir"":""/home/dhy/PhD/SIGMOD-EXP/EXP-2/run/temp/exp6"",""run_tag"":""""},""sys"":{""threads"":1},""logging"":{""level"":""INFO"",""with_timestamp"":true,""with_thread_id"":false}}","{""generator"":""stripe_ctrl_alpha"",""dataset"":""exp6_stripe__nr100000__ns100000__a3_000ep01__g1"",""n_r"":100000,""n_s"":100000,""has_exact_k"":true,""k_target"":6000000,""k_achieved"":6000000,""alpha_target"":30,""alpha_achieved"":30,""notes"":""control_axis=1, core=[0.45,0.55], g=9.9999e-07, h=9e-06, delta=2.49998e-07, shuffle_strips=1, shuffle_r=0, k_overridden=0""}"
exp6_stripe__nr100000__ns100000__a3_000ep01__g1,stripe,30,100000,100000,ours,sampling,1000000,1,2,1,572.788,6e+06,1,0,0,0,,0,"{""build_active_indices_ms"":5.512898,""build_events_ms"":42.466137,""build_ranks_ms"":40.040547,""build_y_domain_ms"":14.173121,""phase1_count_ms"":225.120805,""phase2_plan_ms"":32.241165,""phase3_sample_ms"":168.492007,""run_build_ms"":102.688104,""run_count_ms"":225.123995,""run_sample_ms"":202.094193}",,"{""dataset"":{""source"":""synthetic"",""name"":""exp6_stripe__nr100000__ns100000__a3_000ep01__g1"",""dim"":2,""path_r"":"""",""path_s"":"""",""synthetic"":{""generator"":""stripe"",""n_r"":100000,""n_s"":100000,""alpha"":30,""seed"":1}},""run"":{""method"":""ours"",""variant"":""sampling"",""t"":1000000,""seed"":1,""repeats"":3,""j_star"":1000000,""enum_cap"":0,""write_samples"":false,""verify"":false},""output"":{""out_dir"":""/home/dhy/PhD/SIGMOD-EXP/EXP-2/run/temp/exp6"",""run_tag"":""""},""sys"":{""threads"":1},""logging"":{""level"":""INFO"",""with_timestamp"":true,""with_thread_id"":false}}","{""generator"":""stripe_ctrl_alpha"",""dataset"":""exp6_stripe__nr100000__ns100000__a3_000ep01__g1"",""n_r"":100000,""n_s"":100000,""has_exact_k"":true,""k_target"":6000000,""k_achieved"":6000000,""alpha_target"":30,""alpha_achieved"":30,""notes"":""control_axis=1, core=[0.45,0.55], g=9.9999e-07, h=9e-06, delta=2.49998e-07, shuffle_strips=1, shuffle_r=0, k_overridden=0""}"
exp6_stripe__nr100000__ns100000__a3_000ep01__g1,stripe,30,100000,100000,ours,sampling,1000000,2,3,1,568.899,6e+06,1,0,0,0,,0,"{""build_active_indices_ms"":5.519437,""build_events_ms"":42.101865,""build_ranks_ms"":40.031247,""build_y_domain_ms"":14.191072,""phase1_count_ms"":223.674095,""phase2_plan_ms"":31.701746,""phase3_sample_ms"":168.244811,""run_build_ms"":102.342391,""run_count_ms"":223.678045,""run_sample_ms"":200.216972}",,"{""dataset"":{""source"":""synthetic"",""name"":""exp6_stripe__nr100000__ns100000__a3_000ep01__g1"",""dim"":2,""path_r"":"""",""path_s"":"""",""synthetic"":{""generator"":""stripe"",""n_r"":100000,""n_s"":100000,""alpha"":30,""seed"":1}},""run"":{""method"":""ours"",""variant"":""sampling"",""t"":1000000,""seed"":1,""repeats"":3,""j_star"":1000000,""enum_cap"":0,""write_samples"":false,""verify"":false},""output"":{""out_dir"":""/home/dhy/PhD/SIGMOD-EXP/EXP-2/run/temp/exp6"",""run_tag"":""""},""sys"":{""threads"":1},""logging"":{""level"":""INFO"",""with_timestamp"":true,""with_thread_id"":false}}","{""generator"":""stripe_ctrl_alpha"",""dataset"":""exp6_stripe__nr100000__ns100000__a3_000ep01__g1"",""n_r"":100000,""n_s"":100000,""has_exact_k"":true,""k_target"":6000000,""k_achieved"":6000000,""alpha_target"":30,""alpha_achieved"":30,""notes"":""control_axis=1, core=[0.45,0.55], g=9.9999e-07, h=9e-06, delta=2.49998e-07, shuffle_strips=1, shuffle_r=0, k_overridden=0""}"
exp6_stripe__nr100000__ns100000__a3_000ep01__g1,stripe,30,100000,100000,ours,enum_sampling,1000000,0,1,1,623.802,6e+06,1,1,0,0,,0,"{""build_active_indices_ms"":9.629654,""build_events_ms"":35.974699,""build_ranks_ms"":39.979728,""build_y_domain_ms"":14.181871,""run_build_ms"":100.154725,""run_draw_ranks_ms"":88.290036,""run_enum_pass1_count_ms"":264.436116,""run_enum_pass2_select_ms"":164.236033,""run_enum_prepare_ms"":1.543889}",,"{""dataset"":{""source"":""synthetic"",""name"":""exp6_stripe__nr100000__ns100000__a3_000ep01__g1"",""dim"":2,""path_r"":"""",""path_s"":"""",""synthetic"":{""generator"":""stripe"",""n_r"":100000,""n_s"":100000,""alpha"":30,""seed"":1}},""run"":{""method"":""ours"",""variant"":""enum_sampling"",""t"":1000000,""seed"":1,""repeats"":3,""j_star"":1000000,""enum_cap"":0,""write_samples"":false,""verify"":false},""output"":{""out_dir"":""/home/dhy/PhD/SIGMOD-EXP/EXP-2/run/temp/exp6"",""run_tag"":""""},""sys"":{""threads"":1},""logging"":{""level"":""INFO"",""with_timestamp"":true,""with_thread_id"":false}}","{""generator"":""stripe_ctrl_alpha"",""dataset"":""exp6_stripe__nr100000__ns100000__a3_000ep01__g1"",""n_r"":100000,""n_s"":100000,""has_exact_k"":true,""k_target"":6000000,""k_achieved"":6000000,""alpha_target"":30,""alpha_achieved"":30,""notes"":""control_axis=1, core=[0.45,0.55], g=9.9999e-07, h=9e-06, delta=2.49998e-07, shuffle_strips=1, shuffle_r=0, k_overridden=0""}"
exp6_stripe__nr100000__ns100000__a3_000ep01__g1,stripe,30,100000,100000,ours,enum_sampling,1000000,1,2,1,667.587,6e+06,1,1,0,0,,0,"{""build_active_indices_ms"":5.394970,""build_events_ms"":41.976377,""build_ranks_ms"":40.004438,""build_y_domain_ms"":14.188831,""run_build_ms"":101.949228,""run_draw_ranks_ms"":87.431043,""run_enum_pass1_count_ms"":267.198570,""run_enum_pass2_select_ms"":164.859600,""run_enum_prepare_ms"":1.544949}",,"{""dataset"":{""source"":""synthetic"",""name"":""exp6_stripe__nr100000__ns100000__a3_000ep01__g1"",""dim"":2,""path_r"":"""",""path_s"":"""",""synthetic"":{""generator"":""stripe"",""n_r"":100000,""n_s"":100000,""alpha"":30,""seed"":1}},""run"":{""method"":""ours"",""variant"":""enum_sampling"",""t"":1000000,""seed"":1,""repeats"":3,""j_star"":1000000,""enum_cap"":0,""write_samples"":false,""verify"":false},""output"":{""out_dir"":""/home/dhy/PhD/SIGMOD-EXP/EXP-2/run/temp/exp6"",""run_tag"":""""},""sys"":{""threads"":1},""logging"":{""level"":""INFO"",""with_timestamp"":true,""with_thread_id"":false}}","{""generator"":""stripe_ctrl_alpha"",""dataset"":""exp6_stripe__nr100000__ns100000__a3_000ep01__g1"",""n_r"":100000,""n_s"":100000,""has_exact_k"":true,""k_target"":6000000,""k_achieved"":6000000,""alpha_target"":30,""alpha_achieved"":30,""notes"":""control_axis=1, core=[0.45,0.55], g=9.9999e-07, h=9e-06, delta=2.49998e-07, shuffle_strips=1, shuffle_r=0, k_overridden=0""}"
exp6_stripe__nr100000__ns100000__a3_000ep01__g1,stripe,30,100000,100000,ours,enum_sampling,1000000,2,3,1,665.088,6e+06,1,1,0,0,,0,"{""build_active_indices_ms"":5.451889,""build_events_ms"":42.029466,""build_ranks_ms"":40.009427,""build_y_domain_ms"":14.183302,""run_build_ms"":102.058506,""run_draw_ranks_ms"":87.574291,""run_enum_pass1_count_ms"":265.190972,""run_enum_pass2_select_ms"":164.281282,""run_enum_prepare_ms"":1.525829}",,"{""dataset"":{""source"":""synthetic"",""name"":""exp6_stripe__nr100000__ns100000__a3_000ep01__g1"",""dim"":2,""path_r"":"""",""path_s"":"""",""synthetic"":{""generator"":""stripe"",""n_r"":100000,""n_s"":100000,""alpha"":30,""seed"":1}},""run"":{""method"":""ours"",""variant"":""enum_sampling"",""t"":1000000,""seed"":1,""repeats"":3,""j_star"":1000000,""enum_cap"":0,""write_samples"":false,""verify"":false},""output"":{""out_dir"":""/home/dhy/PhD/SIGMOD-EXP/EXP-2/run/temp/exp6"",""run_tag"":""""},""sys"":{""threads"":1},""logging"":{""level"":""INFO"",""with_timestamp"":true,""with_thread_id"":false}}","{""generator"":""stripe_ctrl_alpha"",""dataset"":""exp6_stripe__nr100000__ns100000__a3_000ep01__g1"",""n_r"":100000,""n_s"":100000,""has_exact_k"":true,""k_target"":6000000,""k_achieved"":6000000,""alpha_target"":30,""alpha_achieved"":30,""notes"":""control_axis=1, core=[0.45,0.55], g=9.9999e-07, h=9e-06, delta=2.49998e-07, shuffle_strips=1, shuffle_r=0, k_overridden=0""}"
exp6_stripe__nr100000__ns100000__a3_000ep01__g1,stripe,30,100000,100000,ours,adaptive,1000000,0,1,1,589.922,6e+06,1,0,1,0,fallback_sampling,1000001,"{""build_active_indices_ms"":7.109945,""build_events_ms"":36.095967,""build_ranks_ms"":40.079986,""build_y_domain_ms"":14.178892,""phase1_count_adaptive_ms"":206.041734,""phase2_plan_ms"":34.590287,""phase3_sample_ms"":168.797451,""run_build_ms"":97.980520,""run_fallback_count_ms"":206.046034,""run_fallback_sample_ms"":204.725000,""run_pilot_enum_prepare_ms"":1.532239,""run_pilot_enum_scan_ms"":79.616662,""sample_ms"":204.723661}",,"{""dataset"":{""source"":""synthetic"",""name"":""exp6_stripe__nr100000__ns100000__a3_000ep01__g1"",""dim"":2,""path_r"":"""",""path_s"":"""",""synthetic"":{""generator"":""stripe"",""n_r"":100000,""n_s"":100000,""alpha"":30,""seed"":1}},""run"":{""method"":""ours"",""variant"":""adaptive"",""t"":1000000,""seed"":1,""repeats"":3,""j_star"":1000000,""enum_cap"":0,""write_samples"":false,""verify"":false},""output"":{""out_dir"":""/home/dhy/PhD/SIGMOD-EXP/EXP-2/run/temp/exp6"",""run_tag"":""""},""sys"":{""threads"":1},""logging"":{""level"":""INFO"",""with_timestamp"":true,""with_thread_id"":false}}","{""generator"":""stripe_ctrl_alpha"",""dataset"":""exp6_stripe__nr100000__ns100000__a3_000ep01__g1"",""n_r"":100000,""n_s"":100000,""has_exact_k"":true,""k_target"":6000000,""k_achieved"":6000000,""alpha_target"":30,""alpha_achieved"":30,""notes"":""control_axis=1, core=[0.45,0.55], g=9.9999e-07, h=9e-06, delta=2.49998e-07, shuffle_strips=1, shuffle_r=0, k_overridden=0""}"
exp6_stripe__nr100000__ns100000__a3_000ep01__g1,stripe,30,100000,100000,ours,adaptive,1000000,1,2,1,639.555,6e+06,1,0,1,0,fallback_sampling,1000001,"{""build_active_indices_ms"":5.541217,""build_events_ms"":43.136553,""build_ranks_ms"":40.029816,""build_y_domain_ms"":14.168892,""phase1_count_adaptive_ms"":208.202859,""phase2_plan_ms"":34.062838,""phase3_sample_ms"":169.387198,""run_build_ms"":103.373690,""run_fallback_count_ms"":208.206229,""run_fallback_sample_ms"":204.803929,""run_pilot_enum_prepare_ms"":1.563999,""run_pilot_enum_scan_ms"":77.844219,""sample_ms"":204.802689}",,"{""dataset"":{""source"":""synthetic"",""name"":""exp6_stripe__nr100000__ns100000__a3_000ep01__g1"",""dim"":2,""path_r"":"""",""path_s"":"""",""synthetic"":{""generator"":""stripe"",""n_r"":100000,""n_s"":100000,""alpha"":30,""seed"":1}},""run"":{""method"":""ours"",""variant"":""adaptive"",""t"":1000000,""seed"":1,""repeats"":3,""j_star"":1000000,""enum_cap"":0,""write_samples"":false,""verify"":false},""output"":{""out_dir"":""/home/dhy/PhD/SIGMOD-EXP/EXP-2/run/temp/exp6"",""run_tag"":""""},""sys"":{""threads"":1},""logging"":{""level"":""INFO"",""with_timestamp"":true,""with_thread_id"":false}}","{""generator"":""stripe_ctrl_alpha"",""dataset"":""exp6_stripe__nr100000__ns100000__a3_000ep01__g1"",""n_r"":100000,""n_s"":100000,""has_exact_k"":true,""k_target"":6000000,""k_achieved"":6000000,""alpha_target"":30,""alpha_achieved"":30,""notes"":""control_axis=1, core=[0.45,0.55], g=9.9999e-07, h=9e-06, delta=2.49998e-07, shuffle_strips=1, shuffle_r=0, k_overridden=0""}"
exp6_stripe__nr100000__ns100000__a3_000ep01__g1,stripe,30,100000,100000,ours,adaptive,1000000,2,3,1,636.401,6e+06,1,0,1,0,fallback_sampling,1000001,"{""build_active_indices_ms"":5.528298,""build_events_ms"":42.314020,""build_ranks_ms"":40.022086,""build_y_domain_ms"":14.164583,""phase1_count_adaptive_ms"":207.091672,""phase2_plan_ms"":34.920450,""phase3_sample_ms"":169.052096,""run_build_ms"":102.524367,""run_fallback_count_ms"":207.095602,""run_fallback_sample_ms"":205.331768,""run_pilot_enum_prepare_ms"":1.538729,""run_pilot_enum_scan_ms"":77.211511,""sample_ms"":205.329628}",,"{""dataset"":{""source"":""synthetic"",""name"":""exp6_stripe__nr100000__ns100000__a3_000ep01__g1"",""dim"":2,""path_r"":"""",""path_s"":"""",""synthetic"":{""generator"":""stripe"",""n_r"":100000,""n_s"":100000,""alpha"":30,""seed"":1}},""run"":{""method"":""ours"",""variant"":""adaptive"",""t"":1000000,""seed"":1,""repeats"":3,""j_star"":1000000,""enum_cap"":0,""write_samples"":false,""verify"":false},""output"":{""out_dir"":""/home/dhy/PhD/SIGMOD-EXP/EXP-2/run/temp/exp6"",""run_tag"":""""},""sys"":{""threads"":1},""logging"":{""level"":""INFO"",""with_timestamp"":true,""with_thread_id"":false}}","{""generator"":""stripe_ctrl_alpha"",""dataset"":""exp6_stripe__nr100000__ns100000__a3_000ep01__g1"",""n_r"":100000,""n_s"":100000,""has_exact_k"":true,""k_target"":6000000,""k_achieved"":6000000,""alpha_target"":30,""alpha_achieved"":30,""notes"":""control_axis=1, core=[0.45,0.55], g=9.9999e-07, h=9e-06, delta=2.49998e-07, shuffle_strips=1, shuffle_r=0, k_overridden=0""}"
