dataset,generator,alpha,n_r,n_s,method,variant,t,rep,seed,ok,wall_ms,count_value,count_exact,used_enumeration,enum_truncated,enum_cap,adaptive_branch,adaptive_pilot_pairs,phases_json,note,config_json,gen_report_json
clustered_t__nr100000__ns100000__a1_000ep00__g1,clustered,1,100000,100000,ours,sampling,1000,0,1,1,552.866,2.16826e+07,1,0,0,0,,0,"{""build_active_indices_ms"":25.511664,""build_events_ms"":36.343485,""build_ranks_ms"":43.698197,""build_y_domain_ms"":14.215103,""phase1_count_ms"":258.735021,""phase2_plan_ms"":7.868231,""phase3_sample_ms"":163.061045,""run_build_ms"":123.182881,""run_count_ms"":258.738561,""run_sample_ms"":170.935696}",,"{""dataset"":{""source"":""synthetic"",""name"":""clustered_t__nr100000__ns100000__a1_000ep00__g1"",""dim"":2,""path_r"":"""",""path_s"":"""",""synthetic"":{""generator"":""clustered"",""n_r"":100000,""n_s"":100000,""alpha"":1,""seed"":1}},""run"":{""method"":""ours"",""variant"":""sampling"",""t"":1000,""seed"":1,""repeats"":3,""j_star"":1000000,""enum_cap"":0,""write_samples"":false,""verify"":false},""output"":{""out_dir"":""run/temp/exp5/clustered_t"",""run_tag"":""exp5_clustered_t""},""sys"":{""threads"":1},""logging"":{""level"":""INFO"",""with_timestamp"":true,""with_thread_id"":false}}","{""generator"":""clustered"",""dataset"":""clustered_t__nr100000__ns100000__a1_000ep00__g1"",""n_r"":100000,""n_s"":100000,""has_exact_k"":false,""k_target"":0,""k_achieved"":0,""alpha_target"":1,""alpha_achieved"":nan,""notes"":""clusters=10, sigma=0.05, w_min_r=0.003, w_max_r=0.02, share_clusters=1""}"
clustered_t__nr100000__ns100000__a1_000ep00__g1,clustered,1,100000,100000,ours,sampling,1000,1,2,1,594.205,2.16826e+07,1,0,0,0,,0,"{""build_active_indices_ms"":5.419090,""build_events_ms"":68.232022,""build_ranks_ms"":43.427392,""build_y_domain_ms"":13.841890,""phase1_count_ms"":254.328471,""phase2_plan_ms"":6.107886,""phase3_sample_ms"":162.225662,""run_build_ms"":132.671650,""run_count_ms"":254.331750,""run_sample_ms"":168.340288}",,"{""dataset"":{""source"":""synthetic"",""name"":""clustered_t__nr100000__ns100000__a1_000ep00__g1"",""dim"":2,""path_r"":"""",""path_s"":"""",""synthetic"":{""generator"":""clustered"",""n_r"":100000,""n_s"":100000,""alpha"":1,""seed"":1}},""run"":{""method"":""ours"",""variant"":""sampling"",""t"":1000,""seed"":1,""repeats"":3,""j_star"":1000000,""enum_cap"":0,""write_samples"":false,""verify"":false},""output"":{""out_dir"":""run/temp/exp5/clustered_t"",""run_tag"":""exp5_clustered_t""},""sys"":{""threads"":1},""logging"":{""level"":""INFO"",""with_timestamp"":true,""with_thread_id"":false}}","{""generator"":""clustered"",""dataset"":""clustered_t__nr100000__ns100000__a1_000ep00__g1"",""n_r"":100000,""n_s"":100000,""has_exact_k"":false,""k_target"":0,""k_achieved"":0,""alpha_target"":1,""alpha_achieved"":nan,""notes"":""clusters=10, sigma=0.05, w_min_r=0.003, w_max_r=0.02, share_clusters=1""}"
clustered_t__nr100000__ns100000__a1_000ep00__g1,clustered,1,100000,100000,ours,sampling,1000,2,3,1,592.867,2.16826e+07,1,0,0,0,,0,"{""build_active_indices_ms"":5.397510,""build_events_ms"":66.891618,""build_ranks_ms"":43.368174,""build_y_domain_ms"":13.844110,""phase1_count_ms"":253.495738,""phase2_plan_ms"":7.169555,""phase3_sample_ms"":162.935757,""run_build_ms"":131.249577,""run_count_ms"":253.499008,""run_sample_ms"":170.111882}",,"{""dataset"":{""source"":""synthetic"",""name"":""clustered_t__nr100000__ns100000__a1_000ep00__g1"",""dim"":2,""path_r"":"""",""path_s"":"""",""synthetic"":{""generator"":""clustered"",""n_r"":100000,""n_s"":100000,""alpha"":1,""seed"":1}},""run"":{""method"":""ours"",""variant"":""sampling"",""t"":1000,""seed"":1,""repeats"":3,""j_star"":1000000,""enum_cap"":0,""write_samples"":false,""verify"":false},""output"":{""out_dir"":""run/temp/exp5/clustered_t"",""run_tag"":""exp5_clustered_t""},""sys"":{""threads"":1},""logging"":{""level"":""INFO"",""with_timestamp"":true,""with_thread_id"":false}}","{""generator"":""clustered"",""dataset"":""clustered_t__nr100000__ns100000__a1_000ep00__g1"",""n_r"":100000,""n_s"":100000,""has_exact_k"":false,""k_target"":0,""k_achieved"":0,""alpha_target"":1,""alpha_achieved"":nan,""notes"":""clusters=10, sigma=0.05, w_min_r=0.003, w_max_r=0.02, share_clusters=1""}"
clustered_t__nr100000__ns100000__a1_000ep00__g1,clustered,1,100000,100000,ours,adaptive,1000,0,1,1,588.105,2.16826e+07,1,0,1,0,fallback_sampling,1000001,"{""build_active_indices_ms"":23.163872,""build_events_ms"":34.308116,""build_ranks_ms"":43.286555,""build_y_domain_ms"":13.825291,""phase1_count_adaptive_ms"":270.045924,""phase2_plan_ms"":6.781552,""phase3_sample_ms"":162.522606,""run_build_ms"":116.321249,""run_fallback_count_ms"":270.049594,""run_fallback_sample_ms"":169.310928,""run_pilot_enum_prepare_ms"":1.549399,""run_pilot_enum_scan_ms"":30.847396,""sample_ms"":169.309438}",,"{""dataset"":{""source"":""synthetic"",""name"":""clustered_t__nr100000__ns100000__a1_000ep00__g1"",""dim"":2,""path_r"":"""",""path_s"":"""",""synthetic"":{""generator"":""clustered"",""n_r"":100000,""n_s"":100000,""alpha"":1,""seed"":1}},""run"":{""method"":""ours"",""variant"":""adaptive"",""t"":1000,""seed"":1,""repeats"":3,""j_star"":1000000,""enum_cap"":0,""write_samples"":false,""verify"":false},""output"":{""out_dir"":""run/temp/exp5/clustered_t"",""run_tag"":""exp5_clustered_t""},""sys"":{""threads"":1},""logging"":{""level"":""INFO"",""with_timestamp"":true,""with_thread_id"":false}}","{""generator"":""clustered"",""dataset"":""clustered_t__nr100000__ns100000__a1_000ep00__g1"",""n_r"":100000,""n_s"":100000,""has_exact_k"":false,""k_target"":0,""k_achieved"":0,""alpha_target"":1,""alpha_achieved"":nan,""notes"":""clusters=10, sigma=0.05, w_min_r=0.003, w_max_r=0.02, share_clusters=1""}"
clustered_t__nr100000__ns100000__a1_000ep00__g1,clustered,1,100000,100000,ours,adaptive,1000,1,2,1,634.177,2.16826e+07,1,0,1,0,fallback_sampling,1000001,"{""build_active_indices_ms"":5.480539,""build_events_ms"":66.293901,""build_ranks_ms"":43.297645,""build_y_domain_ms"":13.844840,""phase1_count_adaptive_ms"":267.302289,""phase2_plan_ms"":5.941340,""phase3_sample_ms"":163.605183,""run_build_ms"":130.666780,""run_fallback_count_ms"":267.306169,""run_fallback_sample_ms"":169.553413,""run_pilot_enum_prepare_ms"":1.515629,""run_pilot_enum_scan_ms"":27.059653,""sample_ms"":169.551623}",,"{""dataset"":{""source"":""synthetic"",""name"":""clustered_t__nr100000__ns100000__a1_000ep00__g1"",""dim"":2,""path_r"":"""",""path_s"":"""",""synthetic"":{""generator"":""clustered"",""n_r"":100000,""n_s"":100000,""alpha"":1,""seed"":1}},""run"":{""method"":""ours"",""variant"":""adaptive"",""t"":1000,""seed"":1,""repeats"":3,""j_star"":1000000,""enum_cap"":0,""write_samples"":false,""verify"":false},""output"":{""out_dir"":""run/temp/exp5/clustered_t"",""run_tag"":""exp5_clustered_t""},""sys"":{""threads"":1},""logging"":{""level"":""INFO"",""with_timestamp"":true,""with_thread_id"":false}}","{""generator"":""clustered"",""dataset"":""clustered_t__nr100000__ns100000__a1_000ep00__g1"",""n_r"":100000,""n_s"":100000,""has_exact_k"":false,""k_target"":0,""k_achieved"":0,""alpha_target"":1,""alpha_achieved"":nan,""notes"":""clusters=10, sigma=0.05, w_min_r=0.003, w_max_r=0.02, share_clusters=1""}"
clustered_t__nr100000__ns100000__a1_000ep00__g1,clustered,1,100000,100000,ours,adaptive,1000,2,3,1,633.713,2.16826e+07,1,0,1,0,fallback_sampling,1000001,"{""build_active_indices_ms"":5.407891,""build_events_ms"":42.030781,""build_ranks_ms"":43.291305,""build_y_domain_ms"":13.834860,""phase1_count_adaptive_ms"":268.468845,""phase2_plan_ms"":5.313923,""phase3_sample_ms"":162.352458,""run_build_ms"":106.382961,""run_fallback_count_ms"":268.471445,""run_fallback_sample_ms"":167.673861,""run_pilot_enum_prepare_ms"":1.542079,""run_pilot_enum_scan_ms"":27.577763,""sample_ms"":167.672431}",,"{""dataset"":{""source"":""synthetic"",""name"":""clustered_t__nr100000__ns100000__a1_000ep00__g1"",""dim"":2,""path_r"":"""",""path_s"":"""",""synthetic"":{""generator"":""clustered"",""n_r"":100000,""n_s"":100000,""alpha"":1,""seed"":1}},""run"":{""method"":""ours"",""variant"":""adaptive"",""t"":1000,""seed"":1,""repeats"":3,""j_star"":1000000,""enum_cap"":0,""write_samples"":false,""verify"":false},""output"":{""out_dir"":""run/temp/exp5/clustered_t"",""run_tag"":""exp5_clustered_t""},""sys"":{""threads"":1},""logging"":{""level"":""INFO"",""with_timestamp"":true,""with_thread_id"":false}}","{""generator"":""clustered"",""dataset"":""clustered_t__nr100000__ns100000__a1_000ep00__g1"",""n_r"":100000,""n_s"":100000,""has_exact_k"":false,""k_target"":0,""k_achieved"":0,""alpha_target"":1,""alpha_achieved"":nan,""notes"":""clusters=10, sigma=0.05, w_min_r=0.003, w_max_r=0.02, share_clusters=1""}"
clustered_t__nr100000__ns100000__a1_000ep00__g1,clustered,1,100000,100000,aabb,sampling,1000,0,1,1,691.914,2.16826e+07,1,0,0,0,,0,"{""build_ms"":35.994572,""phase1_count_ms"":558.969475,""phase2_assign_ms"":5.636946,""phase3_sample_ms"":91.289406,""run_build_ms"":36.008192,""run_count_ms"":558.971875,""run_sample_ms"":96.931432}",,"{""dataset"":{""source"":""synthetic"",""name"":""clustered_t__nr100000__ns100000__a1_000ep00__g1"",""dim"":2,""path_r"":"""",""path_s"":"""",""synthetic"":{""generator"":""clustered"",""n_r"":100000,""n_s"":100000,""alpha"":1,""seed"":1}},""run"":{""method"":""aabb"",""variant"":""sampling"",""t"":1000,""seed"":1,""repeats"":3,""j_star"":1000000,""enum_cap"":0,""write_samples"":false,""verify"":false},""output"":{""out_dir"":""run/temp/exp5/clustered_t"",""run_tag"":""exp5_clustered_t""},""sys"":{""threads"":1},""logging"":{""level"":""INFO"",""with_timestamp"":true,""with_thread_id"":false}}","{""generator"":""clustered"",""dataset"":""clustered_t__nr100000__ns100000__a1_000ep00__g1"",""n_r"":100000,""n_s"":100000,""has_exact_k"":false,""k_target"":0,""k_achieved"":0,""alpha_target"":1,""alpha_achieved"":nan,""notes"":""clusters=10, sigma=0.05, w_min_r=0.003, w_max_r=0.02, share_clusters=1""}"
clustered_t__nr100000__ns100000__a1_000ep00__g1,clustered,1,100000,100000,aabb,sampling,1000,1,2,1,691.78,2.16826e+07,1,0,0,0,,0,"{""build_ms"":35.962822,""phase1_count_ms"":559.043494,""phase2_assign_ms"":5.626356,""phase3_sample_ms"":91.137189,""run_build_ms"":35.964252,""run_count_ms"":559.045334,""run_sample_ms"":96.767954}",,"{""dataset"":{""source"":""synthetic"",""name"":""clustered_t__nr100000__ns100000__a1_000ep00__g1"",""dim"":2,""path_r"":"""",""path_s"":"""",""synthetic"":{""generator"":""clustered"",""n_r"":100000,""n_s"":100000,""alpha"":1,""seed"":1}},""run"":{""method"":""aabb"",""variant"":""sampling"",""t"":1000,""seed"":1,""repeats"":3,""j_star"":1000000,""enum_cap"":0,""write_samples"":false,""verify"":false},""output"":{""out_dir"":""run/temp/exp5/clustered_t"",""run_tag"":""exp5_clustered_t""},""sys"":{""threads"":1},""logging"":{""level"":""INFO"",""with_timestamp"":true,""with_thread_id"":false}}","{""generator"":""clustered"",""dataset"":""clustered_t__nr100000__ns100000__a1_000ep00__g1"",""n_r"":100000,""n_s"":100000,""has_exact_k"":false,""k_target"":0,""k_achieved"":0,""alpha_target"":1,""alpha_achieved"":nan,""notes"":""clusters=10, sigma=0.05, w_min_r=0.003, w_max_r=0.02, share_clusters=1""}"
clustered_t__nr100000__ns100000__a1_000ep00__g1,clustered,1,100000,100000,aabb,sampling,1000,2,3,1,690.418,2.16826e+07,1,0,0,0,,0,"{""build_ms"":35.966193,""phase1_count_ms"":557.844417,""phase2_assign_ms"":5.633526,""phase3_sample_ms"":90.962762,""run_build_ms"":35.967683,""run_count_ms"":557.846967,""run_sample_ms"":96.601358}",,"{""dataset"":{""source"":""synthetic"",""name"":""clustered_t__nr100000__ns100000__a1_000ep00__g1"",""dim"":2,""path_r"":"""",""path_s"":"""",""synthetic"":{""generator"":""clustered"",""n_r"":100000,""n_s"":100000,""alpha"":1,""seed"":1}},""run"":{""method"":""aabb"",""variant"":""sampling"",""t"":1000,""seed"":1,""repeats"":3,""j_star"":1000000,""enum_cap"":0,""write_samples"":false,""verify"":false},""output"":{""out_dir"":""run/temp/exp5/clustered_t"",""run_tag"":""exp5_clustered_t""},""sys"":{""threads"":1},""logging"":{""level"":""INFO"",""with_timestamp"":true,""with_thread_id"":false}}","{""generator"":""clustered"",""dataset"":""clustered_t__nr100000__ns100000__a1_000ep00__g1"",""n_r"":100000,""n_s"":100000,""has_exact_k"":false,""k_target"":0,""k_achieved"":0,""alpha_target"":1,""alpha_achieved"":nan,""notes"":""clusters=10, sigma=0.05, w_min_r=0.003, w_max_r=0.02, share_clusters=1""}"
clustered_t__nr100000__ns100000__a1_000ep00__g1,clustered,1,100000,100000,aabb,adaptive,1000,0,1,1,794.72,2.16826e+07,1,0,1,0,fallback_sampling,1000001,"{""build_ms"":35.987662,""enumerate_prepare_ms"":34.395985,""phase1_count_ms"":564.623121,""phase2_assign_ms"":5.613057,""phase3_sample_ms"":89.939612,""run_build_ms"":35.988432,""run_fallback_count_ms"":564.626001,""run_fallback_sample_ms"":95.558939,""run_pilot_enum_prepare_ms"":34.398495,""run_pilot_enum_scan_ms"":64.131864}",,"{""dataset"":{""source"":""synthetic"",""name"":""clustered_t__nr100000__ns100000__a1_000ep00__g1"",""dim"":2,""path_r"":"""",""path_s"":"""",""synthetic"":{""generator"":""clustered"",""n_r"":100000,""n_s"":100000,""alpha"":1,""seed"":1}},""run"":{""method"":""aabb"",""variant"":""adaptive"",""t"":1000,""seed"":1,""repeats"":3,""j_star"":1000000,""enum_cap"":0,""write_samples"":false,""verify"":false},""output"":{""out_dir"":""run/temp/exp5/clustered_t"",""run_tag"":""exp5_clustered_t""},""sys"":{""threads"":1},""logging"":{""level"":""INFO"",""with_timestamp"":true,""with_thread_id"":false}}","{""generator"":""clustered"",""dataset"":""clustered_t__nr100000__ns100000__a1_000ep00__g1"",""n_r"":100000,""n_s"":100000,""has_exact_k"":false,""k_target"":0,""k_achieved"":0,""alpha_target"":1,""alpha_achieved"":nan,""notes"":""clusters=10, sigma=0.05, w_min_r=0.003, w_max_r=0.02, share_clusters=1""}"
clustered_t__nr100000__ns100000__a1_000ep00__g1,clustered,1,100000,100000,aabb,adaptive,1000,1,2,1,794.423,2.16826e+07,1,0,1,0,fallback_sampling,1000001,"{""build_ms"":36.005403,""enumerate_prepare_ms"":34.428265,""phase1_count_ms"":564.663011,""phase2_assign_ms"":5.607426,""phase3_sample_ms"":89.648759,""run_build_ms"":36.007422,""run_fallback_count_ms"":564.665421,""run_fallback_sample_ms"":95.261505,""run_pilot_enum_prepare_ms"":34.430705,""run_pilot_enum_scan_ms"":64.042266}",,"{""dataset"":{""source"":""synthetic"",""name"":""clustered_t__nr100000__ns100000__a1_000ep00__g1"",""dim"":2,""path_r"":"""",""path_s"":"""",""synthetic"":{""generator"":""clustered"",""n_r"":100000,""n_s"":100000,""alpha"":1,""seed"":1}},""run"":{""method"":""aabb"",""variant"":""adaptive"",""t"":1000,""seed"":1,""repeats"":3,""j_star"":1000000,""enum_cap"":0,""write_samples"":false,""verify"":false},""output"":{""out_dir"":""run/temp/exp5/clustered_t"",""run_tag"":""exp5_clustered_t""},""sys"":{""threads"":1},""logging"":{""level"":""INFO"",""with_timestamp"":true,""with_thread_id"":false}}","{""generator"":""clustered"",""dataset"":""clustered_t__nr100000__ns100000__a1_000ep00__g1"",""n_r"":100000,""n_s"":100000,""has_exact_k"":false,""k_target"":0,""k_achieved"":0,""alpha_target"":1,""alpha_achieved"":nan,""notes"":""clusters=10, sigma=0.05, w_min_r=0.003, w_max_r=0.02, share_clusters=1""}"
clustered_t__nr100000__ns100000__a1_000ep00__g1,clustered,1,100000,100000,aabb,adaptive,1000,2,3,1,794.846,2.16826e+07,1,0,1,0,fallback_sampling,1000001,"{""build_ms"":35.993063,""enumerate_prepare_ms"":34.414725,""phase1_count_ms"":564.840108,""phase2_assign_ms"":5.612746,""phase3_sample_ms"":89.716888,""run_build_ms"":35.993962,""run_fallback_count_ms"":564.842548,""run_fallback_sample_ms"":95.335813,""run_pilot_enum_prepare_ms"":34.416965,""run_pilot_enum_scan_ms"":64.243712}",,"{""dataset"":{""source"":""synthetic"",""name"":""clustered_t__nr100000__ns100000__a1_000ep00__g1"",""dim"":2,""path_r"":"""",""path_s"":"""",""synthetic"":{""generator"":""clustered"",""n_r"":100000,""n_s"":100000,""alpha"":1,""seed"":1}},""run"":{""method"":""aabb"",""variant"":""adaptive"",""t"":1000,""seed"":1,""repeats"":3,""j_star"":1000000,""enum_cap"":0,""write_samples"":false,""verify"":false},""output"":{""out_dir"":""run/temp/exp5/clustered_t"",""run_tag"":""exp5_clustered_t""},""sys"":{""threads"":1},""logging"":{""level"":""INFO"",""with_timestamp"":true,""with_thread_id"":false}}","{""generator"":""clustered"",""dataset"":""clustered_t__nr100000__ns100000__a1_000ep00__g1"",""n_r"":100000,""n_s"":100000,""has_exact_k"":false,""k_target"":0,""k_achieved"":0,""alpha_target"":1,""alpha_achieved"":nan,""notes"":""clusters=10, sigma=0.05, w_min_r=0.003, w_max_r=0.02, share_clusters=1""}"
clustered_t__nr100000__ns100000__a1_000ep00__g1,clustered,1,100000,100000,interval_tree,sampling,1000,0,1,1,962.368,2.16826e+07,1,0,0,0,,0,"{""build_ms"":156.657264,""build_active_ms"":40.276957,""build_events_ms"":37.628970,""build_start_ids_ms"":1.578148,""build_y_endpoints_ms"":27.823628,""build_y_indices_ms"":49.342563,""phase1_count_ms"":495.411289,""phase2_slots_ms"":7.572497,""phase3_resweep_ms"":302.708613,""run_build_ms"":156.665405,""run_count_ms"":495.413900,""run_sample_ms"":310.286000}",,"{""dataset"":{""source"":""synthetic"",""name"":""clustered_t__nr100000__ns100000__a1_000ep00__g1"",""dim"":2,""path_r"":"""",""path_s"":"""",""synthetic"":{""generator"":""clustered"",""n_r"":100000,""n_s"":100000,""alpha"":1,""seed"":1}},""run"":{""method"":""interval_tree"",""variant"":""sampling"",""t"":1000,""seed"":1,""repeats"":3,""j_star"":1000000,""enum_cap"":0,""write_samples"":false,""verify"":false},""output"":{""out_dir"":""run/temp/exp5/clustered_t"",""run_tag"":""exp5_clustered_t""},""sys"":{""threads"":1},""logging"":{""level"":""INFO"",""with_timestamp"":true,""with_thread_id"":false}}","{""generator"":""clustered"",""dataset"":""clustered_t__nr100000__ns100000__a1_000ep00__g1"",""n_r"":100000,""n_s"":100000,""has_exact_k"":false,""k_target"":0,""k_achieved"":0,""alpha_target"":1,""alpha_achieved"":nan,""notes"":""clusters=10, sigma=0.05, w_min_r=0.003, w_max_r=0.02, share_clusters=1""}"
clustered_t__nr100000__ns100000__a1_000ep00__g1,clustered,1,100000,100000,interval_tree,sampling,1000,1,2,1,1023.12,2.16826e+07,1,0,0,0,,0,"{""build_ms"":175.595862,""build_active_ms"":23.555044,""build_events_ms"":73.438996,""build_start_ids_ms"":1.540189,""build_y_endpoints_ms"":27.787309,""build_y_indices_ms"":49.266205,""phase1_count_ms"":497.530367,""phase2_slots_ms"":5.664545,""phase3_resweep_ms"":304.247053,""run_build_ms"":175.596692,""run_count_ms"":497.532397,""run_sample_ms"":309.915588}",,"{""dataset"":{""source"":""synthetic"",""name"":""clustered_t__nr100000__ns100000__a1_000ep00__g1"",""dim"":2,""path_r"":"""",""path_s"":"""",""synthetic"":{""generator"":""clustered"",""n_r"":100000,""n_s"":100000,""alpha"":1,""seed"":1}},""run"":{""method"":""interval_tree"",""variant"":""sampling"",""t"":1000,""seed"":1,""repeats"":3,""j_star"":1000000,""enum_cap"":0,""write_samples"":false,""verify"":false},""output"":{""out_dir"":""run/temp/exp5/clustered_t"",""run_tag"":""exp5_clustered_t""},""sys"":{""threads"":1},""logging"":{""level"":""INFO"",""with_timestamp"":true,""with_thread_id"":false}}","{""generator"":""clustered"",""dataset"":""clustered_t__nr100000__ns100000__a1_000ep00__g1"",""n_r"":100000,""n_s"":100000,""has_exact_k"":false,""k_target"":0,""k_achieved"":0,""alpha_target"":1,""alpha_achieved"":nan,""notes"":""clusters=10, sigma=0.05, w_min_r=0.003, w_max_r=0.02, share_clusters=1""}"
clustered_t__nr100000__ns100000__a1_000ep00__g1,clustered,1,100000,100000,interval_tree,sampling,1000,2,3,1,1021.65,2.16826e+07,1,0,0,0,,0,"{""build_ms"":176.208309,""build_active_ms"":23.446696,""build_events_ms"":74.134922,""build_start_ids_ms"":1.583348,""build_y_endpoints_ms"":27.790858,""build_y_indices_ms"":49.242515,""phase1_count_ms"":495.510118,""phase2_slots_ms"":5.665255,""phase3_resweep_ms"":305.155245,""run_build_ms"":176.209099,""run_count_ms"":495.512478,""run_sample_ms"":310.825480}",,"{""dataset"":{""source"":""synthetic"",""name"":""clustered_t__nr100000__ns100000__a1_000ep00__g1"",""dim"":2,""path_r"":"""",""path_s"":"""",""synthetic"":{""generator"":""clustered"",""n_r"":100000,""n_s"":100000,""alpha"":1,""seed"":1}},""run"":{""method"":""interval_tree"",""variant"":""sampling"",""t"":1000,""seed"":1,""repeats"":3,""j_star"":1000000,""enum_cap"":0,""write_samples"":false,""verify"":false},""output"":{""out_dir"":""run/temp/exp5/clustered_t"",""run_tag"":""exp5_clustered_t""},""sys"":{""threads"":1},""logging"":{""level"":""INFO"",""with_timestamp"":true,""with_thread_id"":false}}","{""generator"":""clustered"",""dataset"":""clustered_t__nr100000__ns100000__a1_000ep00__g1"",""n_r"":100000,""n_s"":100000,""has_exact_k"":false,""k_target"":0,""k_achieved"":0,""alpha_target"":1,""alpha_achieved"":nan,""notes"":""clusters=10, sigma=0.05, w_min_r=0.003, w_max_r=0.02, share_clusters=1""}"
clustered_t__nr100000__ns100000__a1_000ep00__g1,clustered,1,100000,100000,interval_tree,adaptive,1000,0,1,1,1210.15,2.16826e+07,1,0,1,0,fallback_sampling,1000001,"{""build_ms"":155.390400,""build_active_ms"":38.208488,""build_events_ms"":37.607080,""build_start_ids_ms"":1.509660,""build_y_endpoints_ms"":27.941395,""build_y_indices_ms"":50.115688,""enumerate_prepare_ms"":173.766339,""phase1_count_adaptive_ms"":523.356675,""phase2_slots_ms"":7.546108,""phase3_resweep_ms"":301.732693,""run_build_ms"":155.391320,""run_fallback_count_ms"":523.359345,""run_fallback_sample_ms"":309.284781,""run_pilot_enum_prepare_ms"":173.769489,""run_pilot_enum_scan_ms"":38.012702}",,"{""dataset"":{""source"":""synthetic"",""name"":""clustered_t__nr100000__ns100000__a1_000ep00__g1"",""dim"":2,""path_r"":"""",""path_s"":"""",""synthetic"":{""generator"":""clustered"",""n_r"":100000,""n_s"":100000,""alpha"":1,""seed"":1}},""run"":{""method"":""interval_tree"",""variant"":""adaptive"",""t"":1000,""seed"":1,""repeats"":3,""j_star"":1000000,""enum_cap"":0,""write_samples"":false,""verify"":false},""output"":{""out_dir"":""run/temp/exp5/clustered_t"",""run_tag"":""exp5_clustered_t""},""sys"":{""threads"":1},""logging"":{""level"":""INFO"",""with_timestamp"":true,""with_thread_id"":false}}","{""generator"":""clustered"",""dataset"":""clustered_t__nr100000__ns100000__a1_000ep00__g1"",""n_r"":100000,""n_s"":100000,""has_exact_k"":false,""k_target"":0,""k_achieved"":0,""alpha_target"":1,""alpha_achieved"":nan,""notes"":""clusters=10, sigma=0.05, w_min_r=0.003, w_max_r=0.02, share_clusters=1""}"
clustered_t__nr100000__ns100000__a1_000ep00__g1,clustered,1,100000,100000,interval_tree,adaptive,1000,1,2,1,1235.61,2.16826e+07,1,0,1,0,fallback_sampling,1000001,"{""build_ms"":145.026230,""build_active_ms"":23.301189,""build_events_ms"":42.300975,""build_start_ids_ms"":1.514350,""build_y_endpoints_ms"":27.916796,""build_y_indices_ms"":49.984060,""enumerate_prepare_ms"":153.916659,""phase1_count_adaptive_ms"":515.108323,""phase2_slots_ms"":7.482558,""phase3_resweep_ms"":301.233494,""run_build_ms"":145.027161,""run_fallback_count_ms"":515.111223,""run_fallback_sample_ms"":308.722111,""run_pilot_enum_prepare_ms"":153.919649,""run_pilot_enum_scan_ms"":33.791467}",,"{""dataset"":{""source"":""synthetic"",""name"":""clustered_t__nr100000__ns100000__a1_000ep00__g1"",""dim"":2,""path_r"":"""",""path_s"":"""",""synthetic"":{""generator"":""clustered"",""n_r"":100000,""n_s"":100000,""alpha"":1,""seed"":1}},""run"":{""method"":""interval_tree"",""variant"":""adaptive"",""t"":1000,""seed"":1,""repeats"":3,""j_star"":1000000,""enum_cap"":0,""write_samples"":false,""verify"":false},""output"":{""out_dir"":""run/temp/exp5/clustered_t"",""run_tag"":""exp5_clustered_t""},""sys"":{""threads"":1},""logging"":{""level"":""INFO"",""with_timestamp"":true,""with_thread_id"":false}}","{""generator"":""clustered"",""dataset"":""clustered_t__nr100000__ns100000__a1_000ep00__g1"",""n_r"":100000,""n_s"":100000,""has_exact_k"":false,""k_target"":0,""k_achieved"":0,""alpha_target"":1,""alpha_achieved"":nan,""notes"":""clusters=10, sigma=0.05, w_min_r=0.003, w_max_r=0.02, share_clusters=1""}"
clustered_t__nr100000__ns100000__a1_000ep00__g1,clustered,1,100000,100000,interval_tree,adaptive,1000,2,3,1,1238.88,2.16826e+07,1,0,1,0,fallback_sampling,1000001,"{""build_ms"":145.181908,""build_active_ms"":23.329528,""build_events_ms"":42.360955,""build_start_ids_ms"":1.508400,""build_y_endpoints_ms"":27.901516,""build_y_indices_ms"":50.073778,""enumerate_prepare_ms"":154.772642,""phase1_count_adaptive_ms"":511.097413,""phase2_slots_ms"":7.460069,""phase3_resweep_ms"":301.857132,""run_build_ms"":145.182877,""run_fallback_count_ms"":511.099403,""run_fallback_sample_ms"":309.322951,""run_pilot_enum_prepare_ms"":154.776103,""run_pilot_enum_scan_ms"":37.424034}",,"{""dataset"":{""source"":""synthetic"",""name"":""clustered_t__nr100000__ns100000__a1_000ep00__g1"",""dim"":2,""path_r"":"""",""path_s"":"""",""synthetic"":{""generator"":""clustered"",""n_r"":100000,""n_s"":100000,""alpha"":1,""seed"":1}},""run"":{""method"":""interval_tree"",""variant"":""adaptive"",""t"":1000,""seed"":1,""repeats"":3,""j_star"":1000000,""enum_cap"":0,""write_samples"":false,""verify"":false},""output"":{""out_dir"":""run/temp/exp5/clustered_t"",""run_tag"":""exp5_clustered_t""},""sys"":{""threads"":1},""logging"":{""level"":""INFO"",""with_timestamp"":true,""with_thread_id"":false}}","{""generator"":""clustered"",""dataset"":""clustered_t__nr100000__ns100000__a1_000ep00__g1"",""n_r"":100000,""n_s"":100000,""has_exact_k"":false,""k_target"":0,""k_achieved"":0,""alpha_target"":1,""alpha_achieved"":nan,""notes"":""clusters=10, sigma=0.05, w_min_r=0.003, w_max_r=0.02, share_clusters=1""}"
clustered_t__nr100000__ns100000__a1_000ep00__g1,clustered,1,100000,100000,kd_tree,sampling,1000,0,1,1,524.891,2.16826e+07,1,0,0,0,,0,"{""build_ms"":105.946849,""build_events_ms"":34.334246,""build_kdtrees_ms"":35.357915,""build_rank_arrays_ms"":34.872345,""build_start_index_ms"":1.339853,""phase1_count_ms"":374.930345,""phase2_alias_ms"":44.004691,""phase3_sweep_ms"":38.419334,""run_build_ms"":105.947649,""run_count_ms"":374.933635,""run_sample_ms"":44.005671}",,"{""dataset"":{""source"":""synthetic"",""name"":""clustered_t__nr100000__ns100000__a1_000ep00__g1"",""dim"":2,""path_r"":"""",""path_s"":"""",""synthetic"":{""generator"":""clustered"",""n_r"":100000,""n_s"":100000,""alpha"":1,""seed"":1}},""run"":{""method"":""kd_tree"",""variant"":""sampling"",""t"":1000,""seed"":1,""repeats"":3,""j_star"":1000000,""enum_cap"":0,""write_samples"":false,""verify"":false},""output"":{""out_dir"":""run/temp/exp5/clustered_t"",""run_tag"":""exp5_clustered_t""},""sys"":{""threads"":1},""logging"":{""level"":""INFO"",""with_timestamp"":true,""with_thread_id"":false}}","{""generator"":""clustered"",""dataset"":""clustered_t__nr100000__ns100000__a1_000ep00__g1"",""n_r"":100000,""n_s"":100000,""has_exact_k"":false,""k_target"":0,""k_achieved"":0,""alpha_target"":1,""alpha_achieved"":nan,""notes"":""clusters=10, sigma=0.05, w_min_r=0.003, w_max_r=0.02, share_clusters=1""}"
clustered_t__nr100000__ns100000__a1_000ep00__g1,clustered,1,100000,100000,kd_tree,sampling,1000,1,2,1,522.661,2.16826e+07,1,0,0,0,,0,"{""build_ms"":103.440820,""build_events_ms"":34.307056,""build_kdtrees_ms"":35.401395,""build_rank_arrays_ms"":32.336717,""build_start_index_ms"":1.352392,""phase1_count_ms"":375.125121,""phase2_alias_ms"":44.083899,""phase3_sweep_ms"":38.492002,""run_build_ms"":103.441470,""run_count_ms"":375.127421,""run_sample_ms"":44.084479}",,"{""dataset"":{""source"":""synthetic"",""name"":""clustered_t__nr100000__ns100000__a1_000ep00__g1"",""dim"":2,""path_r"":"""",""path_s"":"""",""synthetic"":{""generator"":""clustered"",""n_r"":100000,""n_s"":100000,""alpha"":1,""seed"":1}},""run"":{""method"":""kd_tree"",""variant"":""sampling"",""t"":1000,""seed"":1,""repeats"":3,""j_star"":1000000,""enum_cap"":0,""write_samples"":false,""verify"":false},""output"":{""out_dir"":""run/temp/exp5/clustered_t"",""run_tag"":""exp5_clustered_t""},""sys"":{""threads"":1},""logging"":{""level"":""INFO"",""with_timestamp"":true,""with_thread_id"":false}}","{""generator"":""clustered"",""dataset"":""clustered_t__nr100000__ns100000__a1_000ep00__g1"",""n_r"":100000,""n_s"":100000,""has_exact_k"":false,""k_target"":0,""k_achieved"":0,""alpha_target"":1,""alpha_achieved"":nan,""notes"":""clusters=10, sigma=0.05, w_min_r=0.003, w_max_r=0.02, share_clusters=1""}"
clustered_t__nr100000__ns100000__a1_000ep00__g1,clustered,1,100000,100000,kd_tree,sampling,1000,2,3,1,525.13,2.16826e+07,1,0,0,0,,0,"{""build_ms"":106.190555,""build_events_ms"":36.966123,""build_kdtrees_ms"":35.443134,""build_rank_arrays_ms"":32.372286,""build_start_index_ms"":1.364193,""phase1_count_ms"":374.954995,""phase2_alias_ms"":43.977051,""phase3_sweep_ms"":38.365535,""run_build_ms"":106.191445,""run_count_ms"":374.958644,""run_sample_ms"":43.977851}",,"{""dataset"":{""source"":""synthetic"",""name"":""clustered_t__nr100000__ns100000__a1_000ep00__g1"",""dim"":2,""path_r"":"""",""path_s"":"""",""synthetic"":{""generator"":""clustered"",""n_r"":100000,""n_s"":100000,""alpha"":1,""seed"":1}},""run"":{""method"":""kd_tree"",""variant"":""sampling"",""t"":1000,""seed"":1,""repeats"":3,""j_star"":1000000,""enum_cap"":0,""write_samples"":false,""verify"":false},""output"":{""out_dir"":""run/temp/exp5/clustered_t"",""run_tag"":""exp5_clustered_t""},""sys"":{""threads"":1},""logging"":{""level"":""INFO"",""with_timestamp"":true,""with_thread_id"":false}}","{""generator"":""clustered"",""dataset"":""clustered_t__nr100000__ns100000__a1_000ep00__g1"",""n_r"":100000,""n_s"":100000,""has_exact_k"":false,""k_target"":0,""k_achieved"":0,""alpha_target"":1,""alpha_achieved"":nan,""notes"":""clusters=10, sigma=0.05, w_min_r=0.003, w_max_r=0.02, share_clusters=1""}"
clustered_t__nr100000__ns100000__a1_000ep00__g1,clustered,1,100000,100000,kd_tree,adaptive,1000,0,1,1,843.901,2.16826e+07,1,0,1,0,fallback_sampling,1000001,"{""adaptive_fallback_sampling_ms"":43.983861,""build_ms"":103.251383,""build_embedding_ms"":32.400766,""build_events_ms"":34.301156,""build_kdtrees_ms"":35.208538,""build_rank_arrays_ms"":32.361276,""build_start_index_ms"":1.335573,""enumerate_prepare_ms"":101.831873,""phase1_count_and_maybe_enumerate_ms"":435.677777,""phase2_alias_ms"":5.273054,""phase2_assign_ms"":0.052690,""phase3_sweep_ms"":38.270336,""run_build_ms"":103.252323,""run_fallback_count_ms"":435.680907,""run_fallback_sample_ms"":43.985831,""run_pilot_enum_prepare_ms"":101.835853,""run_pilot_enum_scan_ms"":159.125385}",,"{""dataset"":{""source"":""synthetic"",""name"":""clustered_t__nr100000__ns100000__a1_000ep00__g1"",""dim"":2,""path_r"":"""",""path_s"":"""",""synthetic"":{""generator"":""clustered"",""n_r"":100000,""n_s"":100000,""alpha"":1,""seed"":1}},""run"":{""method"":""kd_tree"",""variant"":""adaptive"",""t"":1000,""seed"":1,""repeats"":3,""j_star"":1000000,""enum_cap"":0,""write_samples"":false,""verify"":false},""output"":{""out_dir"":""run/temp/exp5/clustered_t"",""run_tag"":""exp5_clustered_t""},""sys"":{""threads"":1},""logging"":{""level"":""INFO"",""with_timestamp"":true,""with_thread_id"":false}}","{""generator"":""clustered"",""dataset"":""clustered_t__nr100000__ns100000__a1_000ep00__g1"",""n_r"":100000,""n_s"":100000,""has_exact_k"":false,""k_target"":0,""k_achieved"":0,""alpha_target"":1,""alpha_achieved"":nan,""notes"":""clusters=10, sigma=0.05, w_min_r=0.003, w_max_r=0.02, share_clusters=1""}"
clustered_t__nr100000__ns100000__a1_000ep00__g1,clustered,1,100000,100000,kd_tree,adaptive,1000,1,2,1,841.194,2.16826e+07,1,0,1,0,fallback_sampling,1000001,"{""adaptive_fallback_sampling_ms"":44.010241,""build_ms"":102.835093,""build_embedding_ms"":32.029713,""build_events_ms"":34.328977,""build_kdtrees_ms"":35.119080,""build_rank_arrays_ms"":31.987934,""build_start_index_ms"":1.352303,""enumerate_prepare_ms"":101.431040,""phase1_count_and_maybe_enumerate_ms"":436.216286,""phase2_alias_ms"":5.221365,""phase2_assign_ms"":0.051429,""phase3_sweep_ms"":38.349145,""run_build_ms"":102.835643,""run_fallback_count_ms"":436.218946,""run_fallback_sample_ms"":44.011491,""run_pilot_enum_prepare_ms"":101.434790,""run_pilot_enum_scan_ms"":156.676395}",,"{""dataset"":{""source"":""synthetic"",""name"":""clustered_t__nr100000__ns100000__a1_000ep00__g1"",""dim"":2,""path_r"":"""",""path_s"":"""",""synthetic"":{""generator"":""clustered"",""n_r"":100000,""n_s"":100000,""alpha"":1,""seed"":1}},""run"":{""method"":""kd_tree"",""variant"":""adaptive"",""t"":1000,""seed"":1,""repeats"":3,""j_star"":1000000,""enum_cap"":0,""write_samples"":false,""verify"":false},""output"":{""out_dir"":""run/temp/exp5/clustered_t"",""run_tag"":""exp5_clustered_t""},""sys"":{""threads"":1},""logging"":{""level"":""INFO"",""with_timestamp"":true,""with_thread_id"":false}}","{""generator"":""clustered"",""dataset"":""clustered_t__nr100000__ns100000__a1_000ep00__g1"",""n_r"":100000,""n_s"":100000,""has_exact_k"":false,""k_target"":0,""k_achieved"":0,""alpha_target"":1,""alpha_achieved"":nan,""notes"":""clusters=10, sigma=0.05, w_min_r=0.003, w_max_r=0.02, share_clusters=1""}"
clustered_t__nr100000__ns100000__a1_000ep00__g1,clustered,1,100000,100000,kd_tree,adaptive,1000,2,3,1,839.3,2.16826e+07,1,0,1,0,fallback_sampling,1000001,"{""adaptive_fallback_sampling_ms"":43.867304,""build_ms"":102.814252,""build_embedding_ms"":32.026283,""build_events_ms"":34.321546,""build_kdtrees_ms"":35.099260,""build_rank_arrays_ms"":31.984644,""build_start_index_ms"":1.362663,""enumerate_prepare_ms"":101.676566,""phase1_count_and_maybe_enumerate_ms"":433.822585,""phase2_alias_ms"":5.244635,""phase2_assign_ms"":0.051619,""phase3_sweep_ms"":38.183718,""run_build_ms"":102.815012,""run_fallback_count_ms"":433.825935,""run_fallback_sample_ms"":43.868634,""run_pilot_enum_prepare_ms"":101.680346,""run_pilot_enum_scan_ms"":157.093896}",,"{""dataset"":{""source"":""synthetic"",""name"":""clustered_t__nr100000__ns100000__a1_000ep00__g1"",""dim"":2,""path_r"":"""",""path_s"":"""",""synthetic"":{""generator"":""clustered"",""n_r"":100000,""n_s"":100000,""alpha"":1,""seed"":1}},""run"":{""method"":""kd_tree"",""variant"":""adaptive"",""t"":1000,""seed"":1,""repeats"":3,""j_star"":1000000,""enum_cap"":0,""write_samples"":false,""verify"":false},""output"":{""out_dir"":""run/temp/exp5/clustered_t"",""run_tag"":""exp5_clustered_t""},""sys"":{""threads"":1},""logging"":{""level"":""INFO"",""with_timestamp"":true,""with_thread_id"":false}}","{""generator"":""clustered"",""dataset"":""clustered_t__nr100000__ns100000__a1_000ep00__g1"",""n_r"":100000,""n_s"":100000,""has_exact_k"":false,""k_target"":0,""k_achieved"":0,""alpha_target"":1,""alpha_achieved"":nan,""notes"":""clusters=10, sigma=0.05, w_min_r=0.003, w_max_r=0.02, share_clusters=1""}"
clustered_t__nr100000__ns100000__a1_000ep00__g1,clustered,1,100000,100000,r_tree,sampling,1000,0,1,1,400.695,2.16826e+07,1,0,0,0,,0,"{""build_ms"":36.243748,""phase1_count_ms"":231.785617,""phase2_assign_ms"":5.381272,""phase3_sample_ms"":126.891406,""run_build_ms"":36.244838,""run_count_ms"":231.787977,""run_sample_ms"":132.659249}",,"{""dataset"":{""source"":""synthetic"",""name"":""clustered_t__nr100000__ns100000__a1_000ep00__g1"",""dim"":2,""path_r"":"""",""path_s"":"""",""synthetic"":{""generator"":""clustered"",""n_r"":100000,""n_s"":100000,""alpha"":1,""seed"":1}},""run"":{""method"":""r_tree"",""variant"":""sampling"",""t"":1000,""seed"":1,""repeats"":3,""j_star"":1000000,""enum_cap"":0,""write_samples"":false,""verify"":false},""output"":{""out_dir"":""run/temp/exp5/clustered_t"",""run_tag"":""exp5_clustered_t""},""sys"":{""threads"":1},""logging"":{""level"":""INFO"",""with_timestamp"":true,""with_thread_id"":false}}","{""generator"":""clustered"",""dataset"":""clustered_t__nr100000__ns100000__a1_000ep00__g1"",""n_r"":100000,""n_s"":100000,""has_exact_k"":false,""k_target"":0,""k_achieved"":0,""alpha_target"":1,""alpha_achieved"":nan,""notes"":""clusters=10, sigma=0.05, w_min_r=0.003, w_max_r=0.02, share_clusters=1""}"
clustered_t__nr100000__ns100000__a1_000ep00__g1,clustered,1,100000,100000,r_tree,sampling,1000,1,2,1,398.32,2.16826e+07,1,0,0,0,,0,"{""build_ms"":36.197109,""phase1_count_ms"":229.434874,""phase2_assign_ms"":5.397631,""phase3_sample_ms"":126.776269,""run_build_ms"":36.198669,""run_count_ms"":229.436904,""run_sample_ms"":132.559832}",,"{""dataset"":{""source"":""synthetic"",""name"":""clustered_t__nr100000__ns100000__a1_000ep00__g1"",""dim"":2,""path_r"":"""",""path_s"":"""",""synthetic"":{""generator"":""clustered"",""n_r"":100000,""n_s"":100000,""alpha"":1,""seed"":1}},""run"":{""method"":""r_tree"",""variant"":""sampling"",""t"":1000,""seed"":1,""repeats"":3,""j_star"":1000000,""enum_cap"":0,""write_samples"":false,""verify"":false},""output"":{""out_dir"":""run/temp/exp5/clustered_t"",""run_tag"":""exp5_clustered_t""},""sys"":{""threads"":1},""logging"":{""level"":""INFO"",""with_timestamp"":true,""with_thread_id"":false}}","{""generator"":""clustered"",""dataset"":""clustered_t__nr100000__ns100000__a1_000ep00__g1"",""n_r"":100000,""n_s"":100000,""has_exact_k"":false,""k_target"":0,""k_achieved"":0,""alpha_target"":1,""alpha_achieved"":nan,""notes"":""clusters=10, sigma=0.05, w_min_r=0.003, w_max_r=0.02, share_clusters=1""}"
clustered_t__nr100000__ns100000__a1_000ep00__g1,clustered,1,100000,100000,r_tree,sampling,1000,2,3,1,401.141,2.16826e+07,1,0,0,0,,0,"{""build_ms"":36.200708,""phase1_count_ms"":232.249708,""phase2_assign_ms"":5.397681,""phase3_sample_ms"":126.774869,""run_build_ms"":36.202358,""run_count_ms"":232.251618,""run_sample_ms"":132.560282}",,"{""dataset"":{""source"":""synthetic"",""name"":""clustered_t__nr100000__ns100000__a1_000ep00__g1"",""dim"":2,""path_r"":"""",""path_s"":"""",""synthetic"":{""generator"":""clustered"",""n_r"":100000,""n_s"":100000,""alpha"":1,""seed"":1}},""run"":{""method"":""r_tree"",""variant"":""sampling"",""t"":1000,""seed"":1,""repeats"":3,""j_star"":1000000,""enum_cap"":0,""write_samples"":false,""verify"":false},""output"":{""out_dir"":""run/temp/exp5/clustered_t"",""run_tag"":""exp5_clustered_t""},""sys"":{""threads"":1},""logging"":{""level"":""INFO"",""with_timestamp"":true,""with_thread_id"":false}}","{""generator"":""clustered"",""dataset"":""clustered_t__nr100000__ns100000__a1_000ep00__g1"",""n_r"":100000,""n_s"":100000,""has_exact_k"":false,""k_target"":0,""k_achieved"":0,""alpha_target"":1,""alpha_achieved"":nan,""notes"":""clusters=10, sigma=0.05, w_min_r=0.003, w_max_r=0.02, share_clusters=1""}"
clustered_t__nr100000__ns100000__a1_000ep00__g1,clustered,1,100000,100000,r_tree,adaptive,1000,0,1,1,503.959,2.16826e+07,1,0,1,0,fallback_sampling,1000001,"{""build_ms"":36.177129,""enumerate_prepare_ms"":34.508663,""phase1_adaptive_count_ms"":246.261935,""phase2+3_sampling_ms"":132.788058,""run_build_ms"":36.178469,""run_fallback_count_ms"":246.265344,""run_fallback_sample_ms"":132.790288,""run_pilot_enum_prepare_ms"":34.511453,""run_pilot_enum_scan_ms"":54.189454}",,"{""dataset"":{""source"":""synthetic"",""name"":""clustered_t__nr100000__ns100000__a1_000ep00__g1"",""dim"":2,""path_r"":"""",""path_s"":"""",""synthetic"":{""generator"":""clustered"",""n_r"":100000,""n_s"":100000,""alpha"":1,""seed"":1}},""run"":{""method"":""r_tree"",""variant"":""adaptive"",""t"":1000,""seed"":1,""repeats"":3,""j_star"":1000000,""enum_cap"":0,""write_samples"":false,""verify"":false},""output"":{""out_dir"":""run/temp/exp5/clustered_t"",""run_tag"":""exp5_clustered_t""},""sys"":{""threads"":1},""logging"":{""level"":""INFO"",""with_timestamp"":true,""with_thread_id"":false}}","{""generator"":""clustered"",""dataset"":""clustered_t__nr100000__ns100000__a1_000ep00__g1"",""n_r"":100000,""n_s"":100000,""has_exact_k"":false,""k_target"":0,""k_achieved"":0,""alpha_target"":1,""alpha_achieved"":nan,""notes"":""clusters=10, sigma=0.05, w_min_r=0.003, w_max_r=0.02, share_clusters=1""}"
clustered_t__nr100000__ns100000__a1_000ep00__g1,clustered,1,100000,100000,r_tree,adaptive,1000,1,2,1,504.721,2.16826e+07,1,0,1,0,fallback_sampling,1000001,"{""build_ms"":36.195149,""enumerate_prepare_ms"":34.533923,""phase1_adaptive_count_ms"":246.857762,""phase2+3_sampling_ms"":132.956435,""run_build_ms"":36.196578,""run_fallback_count_ms"":246.860332,""run_fallback_sample_ms"":132.958614,""run_pilot_enum_prepare_ms"":34.536293,""run_pilot_enum_scan_ms"":54.022209}",,"{""dataset"":{""source"":""synthetic"",""name"":""clustered_t__nr100000__ns100000__a1_000ep00__g1"",""dim"":2,""path_r"":"""",""path_s"":"""",""synthetic"":{""generator"":""clustered"",""n_r"":100000,""n_s"":100000,""alpha"":1,""seed"":1}},""run"":{""method"":""r_tree"",""variant"":""adaptive"",""t"":1000,""seed"":1,""repeats"":3,""j_star"":1000000,""enum_cap"":0,""write_samples"":false,""verify"":false},""output"":{""out_dir"":""run/temp/exp5/clustered_t"",""run_tag"":""exp5_clustered_t""},""sys"":{""threads"":1},""logging"":{""level"":""INFO"",""with_timestamp"":true,""with_thread_id"":false}}","{""generator"":""clustered"",""dataset"":""clustered_t__nr100000__ns100000__a1_000ep00__g1"",""n_r"":100000,""n_s"":100000,""has_exact_k"":false,""k_target"":0,""k_achieved"":0,""alpha_target"":1,""alpha_achieved"":nan,""notes"":""clusters=10, sigma=0.05, w_min_r=0.003, w_max_r=0.02, share_clusters=1""}"
clustered_t__nr100000__ns100000__a1_000ep00__g1,clustered,1,100000,100000,r_tree,adaptive,1000,2,3,1,503.067,2.16826e+07,1,0,1,0,fallback_sampling,1000001,"{""build_ms"":36.215818,""enumerate_prepare_ms"":34.552912,""phase1_adaptive_count_ms"":245.468171,""phase2+3_sampling_ms"":132.682710,""run_build_ms"":36.217468,""run_fallback_count_ms"":245.471071,""run_fallback_sample_ms"":132.685030,""run_pilot_enum_prepare_ms"":34.555961,""run_pilot_enum_scan_ms"":53.985230}",,"{""dataset"":{""source"":""synthetic"",""name"":""clustered_t__nr100000__ns100000__a1_000ep00__g1"",""dim"":2,""path_r"":"""",""path_s"":"""",""synthetic"":{""generator"":""clustered"",""n_r"":100000,""n_s"":100000,""alpha"":1,""seed"":1}},""run"":{""method"":""r_tree"",""variant"":""adaptive"",""t"":1000,""seed"":1,""repeats"":3,""j_star"":1000000,""enum_cap"":0,""write_samples"":false,""verify"":false},""output"":{""out_dir"":""run/temp/exp5/clustered_t"",""run_tag"":""exp5_clustered_t""},""sys"":{""threads"":1},""logging"":{""level"":""INFO"",""with_timestamp"":true,""with_thread_id"":false}}","{""generator"":""clustered"",""dataset"":""clustered_t__nr100000__ns100000__a1_000ep00__g1"",""n_r"":100000,""n_s"":100000,""has_exact_k"":false,""k_target"":0,""k_achieved"":0,""alpha_target"":1,""alpha_achieved"":nan,""notes"":""clusters=10, sigma=0.05, w_min_r=0.003, w_max_r=0.02, share_clusters=1""}"
clustered_t__nr100000__ns100000__a1_000ep00__g1,clustered,1,100000,100000,range_tree,sampling,1000,0,1,1,1898.82,2.16826e+07,1,0,0,0,,0,"{""build_ms"":102.195886,""build_events_ms"":34.313562,""build_range_trees_ms"":35.575259,""build_rank_arrays_ms"":30.925613,""build_start_index_ms"":1.337663,""phase1_count_ms"":1051.032130,""phase2_alias_ms"":745.584604,""phase3_sweep_ms"":739.831361,""run_build_ms"":102.196976,""run_count_ms"":1051.034940,""run_sample_ms"":745.585774}",,"{""dataset"":{""source"":""synthetic"",""name"":""clustered_t__nr100000__ns100000__a1_000ep00__g1"",""dim"":2,""path_r"":"""",""path_s"":"""",""synthetic"":{""generator"":""clustered"",""n_r"":100000,""n_s"":100000,""alpha"":1,""seed"":1}},""run"":{""method"":""range_tree"",""variant"":""sampling"",""t"":1000,""seed"":1,""repeats"":3,""j_star"":1000000,""enum_cap"":0,""write_samples"":false,""verify"":false},""output"":{""out_dir"":""run/temp/exp5/clustered_t"",""run_tag"":""exp5_clustered_t""},""sys"":{""threads"":1},""logging"":{""level"":""INFO"",""with_timestamp"":true,""with_thread_id"":false}}","{""generator"":""clustered"",""dataset"":""clustered_t__nr100000__ns100000__a1_000ep00__g1"",""n_r"":100000,""n_s"":100000,""has_exact_k"":false,""k_target"":0,""k_achieved"":0,""alpha_target"":1,""alpha_achieved"":nan,""notes"":""clusters=10, sigma=0.05, w_min_r=0.003, w_max_r=0.02, share_clusters=1""}"
clustered_t__nr100000__ns100000__a1_000ep00__g1,clustered,1,100000,100000,range_tree,sampling,1000,1,2,1,1896.41,2.16826e+07,1,0,0,0,,0,"{""build_ms"":100.911685,""build_events_ms"":34.322292,""build_range_trees_ms"":34.185555,""build_rank_arrays_ms"":31.005054,""build_start_index_ms"":1.352945,""phase1_count_ms"":1049.673273,""phase2_alias_ms"":745.819106,""phase3_sweep_ms"":740.079362,""run_build_ms"":100.912305,""run_count_ms"":1049.675213,""run_sample_ms"":745.823916}",,"{""dataset"":{""source"":""synthetic"",""name"":""clustered_t__nr100000__ns100000__a1_000ep00__g1"",""dim"":2,""path_r"":"""",""path_s"":"""",""synthetic"":{""generator"":""clustered"",""n_r"":100000,""n_s"":100000,""alpha"":1,""seed"":1}},""run"":{""method"":""range_tree"",""variant"":""sampling"",""t"":1000,""seed"":1,""repeats"":3,""j_star"":1000000,""enum_cap"":0,""write_samples"":false,""verify"":false},""output"":{""out_dir"":""run/temp/exp5/clustered_t"",""run_tag"":""exp5_clustered_t""},""sys"":{""threads"":1},""logging"":{""level"":""INFO"",""with_timestamp"":true,""with_thread_id"":false}}","{""generator"":""clustered"",""dataset"":""clustered_t__nr100000__ns100000__a1_000ep00__g1"",""n_r"":100000,""n_s"":100000,""has_exact_k"":false,""k_target"":0,""k_achieved"":0,""alpha_target"":1,""alpha_achieved"":nan,""notes"":""clusters=10, sigma=0.05, w_min_r=0.003, w_max_r=0.02, share_clusters=1""}"
clustered_t__nr100000__ns100000__a1_000ep00__g1,clustered,1,100000,100000,range_tree,sampling,1000,2,3,1,1897.81,2.16826e+07,1,0,0,0,,0,"{""build_ms"":100.526032,""build_events_ms"":34.331412,""build_range_trees_ms"":33.884061,""build_rank_arrays_ms"":30.913576,""build_start_index_ms"":1.353145,""phase1_count_ms"":1051.401047,""phase2_alias_ms"":745.875620,""phase3_sweep_ms"":740.121668,""run_build_ms"":100.526712,""run_count_ms"":1051.403527,""run_sample_ms"":745.880300}",,"{""dataset"":{""source"":""synthetic"",""name"":""clustered_t__nr100000__ns100000__a1_000ep00__g1"",""dim"":2,""path_r"":"""",""path_s"":"""",""synthetic"":{""generator"":""clustered"",""n_r"":100000,""n_s"":100000,""alpha"":1,""seed"":1}},""run"":{""method"":""range_tree"",""variant"":""sampling"",""t"":1000,""seed"":1,""repeats"":3,""j_star"":1000000,""enum_cap"":0,""write_samples"":false,""verify"":false},""output"":{""out_dir"":""run/temp/exp5/clustered_t"",""run_tag"":""exp5_clustered_t""},""sys"":{""threads"":1},""logging"":{""level"":""INFO"",""with_timestamp"":true,""with_thread_id"":false}}","{""generator"":""clustered"",""dataset"":""clustered_t__nr100000__ns100000__a1_000ep00__g1"",""n_r"":100000,""n_s"":100000,""has_exact_k"":false,""k_target"":0,""k_achieved"":0,""alpha_target"":1,""alpha_achieved"":nan,""notes"":""clusters=10, sigma=0.05, w_min_r=0.003, w_max_r=0.02, share_clusters=1""}"
clustered_t__nr100000__ns100000__a1_000ep00__g1,clustered,1,100000,100000,range_tree,adaptive,1000,0,1,1,2252.75,2.16826e+07,1,0,1,0,fallback_sampling,1000001,"{""adaptive_count_ms"":1116.632448,""build_ms"":101.963625,""build_events_ms"":34.327892,""build_range_trees_ms"":35.356453,""build_rank_arrays_ms"":30.883706,""build_start_index_ms"":1.352055,""enumerate_prepare_ms"":100.419674,""phase2_alias_ms"":739.483746,""phase3_sweep_ms"":733.989298,""run_build_ms"":101.964355,""run_fallback_count_ms"":1116.634728,""run_fallback_sample_ms"":739.488266,""run_pilot_enum_prepare_ms"":100.422944,""run_pilot_enum_scan_ms"":194.218461}",,"{""dataset"":{""source"":""synthetic"",""name"":""clustered_t__nr100000__ns100000__a1_000ep00__g1"",""dim"":2,""path_r"":"""",""path_s"":"""",""synthetic"":{""generator"":""clustered"",""n_r"":100000,""n_s"":100000,""alpha"":1,""seed"":1}},""run"":{""method"":""range_tree"",""variant"":""adaptive"",""t"":1000,""seed"":1,""repeats"":3,""j_star"":1000000,""enum_cap"":0,""write_samples"":false,""verify"":false},""output"":{""out_dir"":""run/temp/exp5/clustered_t"",""run_tag"":""exp5_clustered_t""},""sys"":{""threads"":1},""logging"":{""level"":""INFO"",""with_timestamp"":true,""with_thread_id"":false}}","{""generator"":""clustered"",""dataset"":""clustered_t__nr100000__ns100000__a1_000ep00__g1"",""n_r"":100000,""n_s"":100000,""has_exact_k"":false,""k_target"":0,""k_achieved"":0,""alpha_target"":1,""alpha_achieved"":nan,""notes"":""clusters=10, sigma=0.05, w_min_r=0.003, w_max_r=0.02, share_clusters=1""}"
clustered_t__nr100000__ns100000__a1_000ep00__g1,clustered,1,100000,100000,range_tree,adaptive,1000,1,2,1,2258.17,2.16826e+07,1,0,1,0,fallback_sampling,1000001,"{""adaptive_count_ms"":1121.859165,""build_ms"":100.414913,""build_events_ms"":34.302202,""build_range_trees_ms"":33.772502,""build_rank_arrays_ms"":30.938315,""build_start_index_ms"":1.356575,""enumerate_prepare_ms"":100.363844,""phase2_alias_ms"":742.476456,""phase3_sweep_ms"":737.036917,""run_build_ms"":100.415693,""run_fallback_count_ms"":1121.862005,""run_fallback_sample_ms"":742.477395,""run_pilot_enum_prepare_ms"":100.367284,""run_pilot_enum_scan_ms"":193.029992}",,"{""dataset"":{""source"":""synthetic"",""name"":""clustered_t__nr100000__ns100000__a1_000ep00__g1"",""dim"":2,""path_r"":"""",""path_s"":"""",""synthetic"":{""generator"":""clustered"",""n_r"":100000,""n_s"":100000,""alpha"":1,""seed"":1}},""run"":{""method"":""range_tree"",""variant"":""adaptive"",""t"":1000,""seed"":1,""repeats"":3,""j_star"":1000000,""enum_cap"":0,""write_samples"":false,""verify"":false},""output"":{""out_dir"":""run/temp/exp5/clustered_t"",""run_tag"":""exp5_clustered_t""},""sys"":{""threads"":1},""logging"":{""level"":""INFO"",""with_timestamp"":true,""with_thread_id"":false}}","{""generator"":""clustered"",""dataset"":""clustered_t__nr100000__ns100000__a1_000ep00__g1"",""n_r"":100000,""n_s"":100000,""has_exact_k"":false,""k_target"":0,""k_achieved"":0,""alpha_target"":1,""alpha_achieved"":nan,""notes"":""clusters=10, sigma=0.05, w_min_r=0.003, w_max_r=0.02, share_clusters=1""}"
clustered_t__nr100000__ns100000__a1_000ep00__g1,clustered,1,100000,100000,range_tree,adaptive,1000,2,3,1,2256.77,2.16826e+07,1,0,1,0,fallback_sampling,1000001,"{""adaptive_count_ms"":1118.773887,""build_ms"":100.757677,""build_events_ms"":34.319822,""build_range_trees_ms"":34.082586,""build_rank_arrays_ms"":30.959545,""build_start_index_ms"":1.351055,""enumerate_prepare_ms"":103.142162,""phase2_alias_ms"":740.324291,""phase3_sweep_ms"":734.886373,""run_build_ms"":100.758357,""run_fallback_count_ms"":1118.776136,""run_fallback_sample_ms"":740.328562,""run_pilot_enum_prepare_ms"":103.145772,""run_pilot_enum_scan_ms"":193.741297}",,"{""dataset"":{""source"":""synthetic"",""name"":""clustered_t__nr100000__ns100000__a1_000ep00__g1"",""dim"":2,""path_r"":"""",""path_s"":"""",""synthetic"":{""generator"":""clustered"",""n_r"":100000,""n_s"":100000,""alpha"":1,""seed"":1}},""run"":{""method"":""range_tree"",""variant"":""adaptive"",""t"":1000,""seed"":1,""repeats"":3,""j_star"":1000000,""enum_cap"":0,""write_samples"":false,""verify"":false},""output"":{""out_dir"":""run/temp/exp5/clustered_t"",""run_tag"":""exp5_clustered_t""},""sys"":{""threads"":1},""logging"":{""level"":""INFO"",""with_timestamp"":true,""with_thread_id"":false}}","{""generator"":""clustered"",""dataset"":""clustered_t__nr100000__ns100000__a1_000ep00__g1"",""n_r"":100000,""n_s"":100000,""has_exact_k"":false,""k_target"":0,""k_achieved"":0,""alpha_target"":1,""alpha_achieved"":nan,""notes"":""clusters=10, sigma=0.05, w_min_r=0.003, w_max_r=0.02, share_clusters=1""}"
clustered_t__nr100000__ns100000__a1_000ep00__g1,clustered,1,100000,100000,pbsm,sampling,1000,0,1,1,1594.86,2.16826e+07,1,0,0,0,,0,"{""build_ms"":21.952742,""pbsm_build_ms"":21.951742,""pbsm_count_pass1_ms"":777.073346,""pbsm_partitions_stripes_ms"":21.456942,""pbsm_sample_draw_ranks_ms"":0.040029,""pbsm_sample_pass2_select_ms"":795.780998,""run_build_ms"":21.953322,""run_count_ms"":777.077866,""run_sample_ms"":795.831097}",,"{""dataset"":{""source"":""synthetic"",""name"":""clustered_t__nr100000__ns100000__a1_000ep00__g1"",""dim"":2,""path_r"":"""",""path_s"":"""",""synthetic"":{""generator"":""clustered"",""n_r"":100000,""n_s"":100000,""alpha"":1,""seed"":1}},""run"":{""method"":""pbsm"",""variant"":""sampling"",""t"":1000,""seed"":1,""repeats"":3,""j_star"":1000000,""enum_cap"":0,""write_samples"":false,""verify"":false},""output"":{""out_dir"":""run/temp/exp5/clustered_t"",""run_tag"":""exp5_clustered_t""},""sys"":{""threads"":1},""logging"":{""level"":""INFO"",""with_timestamp"":true,""with_thread_id"":false}}","{""generator"":""clustered"",""dataset"":""clustered_t__nr100000__ns100000__a1_000ep00__g1"",""n_r"":100000,""n_s"":100000,""has_exact_k"":false,""k_target"":0,""k_achieved"":0,""alpha_target"":1,""alpha_achieved"":nan,""notes"":""clusters=10, sigma=0.05, w_min_r=0.003, w_max_r=0.02, share_clusters=1""}"
clustered_t__nr100000__ns100000__a1_000ep00__g1,clustered,1,100000,100000,pbsm,sampling,1000,1,2,1,1611.52,2.16826e+07,1,0,0,0,,0,"{""build_ms"":21.821114,""pbsm_build_ms"":21.820474,""pbsm_count_pass1_ms"":792.135693,""pbsm_partitions_stripes_ms"":21.477450,""pbsm_sample_draw_ranks_ms"":0.040749,""pbsm_sample_pass2_select_ms"":797.501483,""run_build_ms"":21.821584,""run_count_ms"":792.139484,""run_sample_ms"":797.552581}",,"{""dataset"":{""source"":""synthetic"",""name"":""clustered_t__nr100000__ns100000__a1_000ep00__g1"",""dim"":2,""path_r"":"""",""path_s"":"""",""synthetic"":{""generator"":""clustered"",""n_r"":100000,""n_s"":100000,""alpha"":1,""seed"":1}},""run"":{""method"":""pbsm"",""variant"":""sampling"",""t"":1000,""seed"":1,""repeats"":3,""j_star"":1000000,""enum_cap"":0,""write_samples"":false,""verify"":false},""output"":{""out_dir"":""run/temp/exp5/clustered_t"",""run_tag"":""exp5_clustered_t""},""sys"":{""threads"":1},""logging"":{""level"":""INFO"",""with_timestamp"":true,""with_thread_id"":false}}","{""generator"":""clustered"",""dataset"":""clustered_t__nr100000__ns100000__a1_000ep00__g1"",""n_r"":100000,""n_s"":100000,""has_exact_k"":false,""k_target"":0,""k_achieved"":0,""alpha_target"":1,""alpha_achieved"":nan,""notes"":""clusters=10, sigma=0.05, w_min_r=0.003, w_max_r=0.02, share_clusters=1""}"
clustered_t__nr100000__ns100000__a1_000ep00__g1,clustered,1,100000,100000,pbsm,sampling,1000,2,3,1,1614.19,2.16826e+07,1,0,0,0,,0,"{""build_ms"":21.766385,""pbsm_build_ms"":21.765865,""pbsm_count_pass1_ms"":793.143982,""pbsm_partitions_stripes_ms"":21.422651,""pbsm_sample_draw_ranks_ms"":0.040379,""pbsm_sample_pass2_select_ms"":799.218867,""run_build_ms"":21.766905,""run_count_ms"":793.148272,""run_sample_ms"":799.269246}",,"{""dataset"":{""source"":""synthetic"",""name"":""clustered_t__nr100000__ns100000__a1_000ep00__g1"",""dim"":2,""path_r"":"""",""path_s"":"""",""synthetic"":{""generator"":""clustered"",""n_r"":100000,""n_s"":100000,""alpha"":1,""seed"":1}},""run"":{""method"":""pbsm"",""variant"":""sampling"",""t"":1000,""seed"":1,""repeats"":3,""j_star"":1000000,""enum_cap"":0,""write_samples"":false,""verify"":false},""output"":{""out_dir"":""run/temp/exp5/clustered_t"",""run_tag"":""exp5_clustered_t""},""sys"":{""threads"":1},""logging"":{""level"":""INFO"",""with_timestamp"":true,""with_thread_id"":false}}","{""generator"":""clustered"",""dataset"":""clustered_t__nr100000__ns100000__a1_000ep00__g1"",""n_r"":100000,""n_s"":100000,""has_exact_k"":false,""k_target"":0,""k_achieved"":0,""alpha_target"":1,""alpha_achieved"":nan,""notes"":""clusters=10, sigma=0.05, w_min_r=0.003, w_max_r=0.02, share_clusters=1""}"
clustered_t__nr100000__ns100000__a1_000ep00__g1,clustered,1,100000,100000,pbsm,adaptive,1000,0,1,1,1683.29,2.16826e+07,1,0,1,0,fallback_sampling,1000001,"{""build_ms"":21.778705,""enumerate_prepare_ms"":0.000210,""pbsm_adaptive_pass1_ms"":815.403534,""pbsm_adaptive_sample_large_ms"":806.185864,""pbsm_build_ms"":21.778095,""pbsm_partitions_stripes_ms"":21.436852,""run_build_ms"":21.779245,""run_fallback_count_ms"":815.407704,""run_fallback_sample_ms"":806.190934,""run_pilot_enum_prepare_ms"":0.001100,""run_pilot_enum_scan_ms"":39.896007}",,"{""dataset"":{""source"":""synthetic"",""name"":""clustered_t__nr100000__ns100000__a1_000ep00__g1"",""dim"":2,""path_r"":"""",""path_s"":"""",""synthetic"":{""generator"":""clustered"",""n_r"":100000,""n_s"":100000,""alpha"":1,""seed"":1}},""run"":{""method"":""pbsm"",""variant"":""adaptive"",""t"":1000,""seed"":1,""repeats"":3,""j_star"":1000000,""enum_cap"":0,""write_samples"":false,""verify"":false},""output"":{""out_dir"":""run/temp/exp5/clustered_t"",""run_tag"":""exp5_clustered_t""},""sys"":{""threads"":1},""logging"":{""level"":""INFO"",""with_timestamp"":true,""with_thread_id"":false}}","{""generator"":""clustered"",""dataset"":""clustered_t__nr100000__ns100000__a1_000ep00__g1"",""n_r"":100000,""n_s"":100000,""has_exact_k"":false,""k_target"":0,""k_achieved"":0,""alpha_target"":1,""alpha_achieved"":nan,""notes"":""clusters=10, sigma=0.05, w_min_r=0.003, w_max_r=0.02, share_clusters=1""}"
clustered_t__nr100000__ns100000__a1_000ep00__g1,clustered,1,100000,100000,pbsm,adaptive,1000,1,2,1,1691.98,2.16826e+07,1,0,1,0,fallback_sampling,1000001,"{""build_ms"":21.796675,""enumerate_prepare_ms"":0.000190,""pbsm_adaptive_pass1_ms"":815.782984,""pbsm_adaptive_sample_large_ms"":814.693842,""pbsm_build_ms"":21.796135,""pbsm_partitions_stripes_ms"":21.452991,""run_build_ms"":21.797155,""run_fallback_count_ms"":815.786844,""run_fallback_sample_ms"":814.696952,""run_pilot_enum_prepare_ms"":0.000560,""run_pilot_enum_scan_ms"":39.680221}",,"{""dataset"":{""source"":""synthetic"",""name"":""clustered_t__nr100000__ns100000__a1_000ep00__g1"",""dim"":2,""path_r"":"""",""path_s"":"""",""synthetic"":{""generator"":""clustered"",""n_r"":100000,""n_s"":100000,""alpha"":1,""seed"":1}},""run"":{""method"":""pbsm"",""variant"":""adaptive"",""t"":1000,""seed"":1,""repeats"":3,""j_star"":1000000,""enum_cap"":0,""write_samples"":false,""verify"":false},""output"":{""out_dir"":""run/temp/exp5/clustered_t"",""run_tag"":""exp5_clustered_t""},""sys"":{""threads"":1},""logging"":{""level"":""INFO"",""with_timestamp"":true,""with_thread_id"":false}}","{""generator"":""clustered"",""dataset"":""clustered_t__nr100000__ns100000__a1_000ep00__g1"",""n_r"":100000,""n_s"":100000,""has_exact_k"":false,""k_target"":0,""k_achieved"":0,""alpha_target"":1,""alpha_achieved"":nan,""notes"":""clusters=10, sigma=0.05, w_min_r=0.003, w_max_r=0.02, share_clusters=1""}"
clustered_t__nr100000__ns100000__a1_000ep00__g1,clustered,1,100000,100000,pbsm,adaptive,1000,2,3,1,1702.94,2.16826e+07,1,0,1,0,fallback_sampling,1000001,"{""build_ms"":21.778954,""enumerate_prepare_ms"":0.000180,""pbsm_adaptive_pass1_ms"":824.367381,""pbsm_adaptive_sample_large_ms"":816.539375,""pbsm_build_ms"":21.778554,""pbsm_partitions_stripes_ms"":21.434550,""run_build_ms"":21.779484,""run_fallback_count_ms"":824.371351,""run_fallback_sample_ms"":816.544015,""run_pilot_enum_prepare_ms"":0.000660,""run_pilot_enum_scan_ms"":40.230371}",,"{""dataset"":{""source"":""synthetic"",""name"":""clustered_t__nr100000__ns100000__a1_000ep00__g1"",""dim"":2,""path_r"":"""",""path_s"":"""",""synthetic"":{""generator"":""clustered"",""n_r"":100000,""n_s"":100000,""alpha"":1,""seed"":1}},""run"":{""method"":""pbsm"",""variant"":""adaptive"",""t"":1000,""seed"":1,""repeats"":3,""j_star"":1000000,""enum_cap"":0,""write_samples"":false,""verify"":false},""output"":{""out_dir"":""run/temp/exp5/clustered_t"",""run_tag"":""exp5_clustered_t""},""sys"":{""threads"":1},""logging"":{""level"":""INFO"",""with_timestamp"":true,""with_thread_id"":false}}","{""generator"":""clustered"",""dataset"":""clustered_t__nr100000__ns100000__a1_000ep00__g1"",""n_r"":100000,""n_s"":100000,""has_exact_k"":false,""k_target"":0,""k_achieved"":0,""alpha_target"":1,""alpha_achieved"":nan,""notes"":""clusters=10, sigma=0.05, w_min_r=0.003, w_max_r=0.02, share_clusters=1""}"
clustered_t__nr100000__ns100000__a1_000ep00__g1,clustered,1,100000,100000,tlsop,sampling,1000,0,1,1,614.528,2.16826e+07,1,0,0,0,,0,"{""build_ms"":33.631294,""run_build_ms"":33.632124,""run_count_ms"":286.683651,""run_sample_ms"":294.209302,""tlsop_alloc_tiles_ms"":0.058338,""tlsop_build_ms"":33.630323,""tlsop_build_edges_ms"":0.000340,""tlsop_count_pass1_ms"":286.680341,""tlsop_pass1_count_caps_ms"":5.927440,""tlsop_pass1_reserve_ms"":0.494320,""tlsop_pass2_fill_ms"":7.372213,""tlsop_sample_draw_ranks_ms"":0.040369,""tlsop_sample_pass2_select_ms"":294.159113,""tlsop_sort_lists_ms"":19.763972}",,"{""dataset"":{""source"":""synthetic"",""name"":""clustered_t__nr100000__ns100000__a1_000ep00__g1"",""dim"":2,""path_r"":"""",""path_s"":"""",""synthetic"":{""generator"":""clustered"",""n_r"":100000,""n_s"":100000,""alpha"":1,""seed"":1}},""run"":{""method"":""tlsop"",""variant"":""sampling"",""t"":1000,""seed"":1,""repeats"":3,""j_star"":1000000,""enum_cap"":0,""write_samples"":false,""verify"":false},""output"":{""out_dir"":""run/temp/exp5/clustered_t"",""run_tag"":""exp5_clustered_t""},""sys"":{""threads"":1},""logging"":{""level"":""INFO"",""with_timestamp"":true,""with_thread_id"":false}}","{""generator"":""clustered"",""dataset"":""clustered_t__nr100000__ns100000__a1_000ep00__g1"",""n_r"":100000,""n_s"":100000,""has_exact_k"":false,""k_target"":0,""k_achieved"":0,""alpha_target"":1,""alpha_achieved"":nan,""notes"":""clusters=10, sigma=0.05, w_min_r=0.003, w_max_r=0.02, share_clusters=1""}"
clustered_t__nr100000__ns100000__a1_000ep00__g1,clustered,1,100000,100000,tlsop,sampling,1000,1,2,1,617.729,2.16826e+07,1,0,0,0,,0,"{""build_ms"":32.994025,""run_build_ms"":32.994735,""run_count_ms"":286.042293,""run_sample_ms"":298.073398,""tlsop_alloc_tiles_ms"":0.061339,""tlsop_build_ms"":32.993165,""tlsop_build_edges_ms"":0.000700,""tlsop_count_pass1_ms"":286.037483,""tlsop_pass1_count_caps_ms"":5.918139,""tlsop_pass1_reserve_ms"":0.455782,""tlsop_pass2_fill_ms"":7.066948,""tlsop_sample_draw_ranks_ms"":0.039279,""tlsop_sample_pass2_select_ms"":298.026109,""tlsop_sort_lists_ms"":19.429818}",,"{""dataset"":{""source"":""synthetic"",""name"":""clustered_t__nr100000__ns100000__a1_000ep00__g1"",""dim"":2,""path_r"":"""",""path_s"":"""",""synthetic"":{""generator"":""clustered"",""n_r"":100000,""n_s"":100000,""alpha"":1,""seed"":1}},""run"":{""method"":""tlsop"",""variant"":""sampling"",""t"":1000,""seed"":1,""repeats"":3,""j_star"":1000000,""enum_cap"":0,""write_samples"":false,""verify"":false},""output"":{""out_dir"":""run/temp/exp5/clustered_t"",""run_tag"":""exp5_clustered_t""},""sys"":{""threads"":1},""logging"":{""level"":""INFO"",""with_timestamp"":true,""with_thread_id"":false}}","{""generator"":""clustered"",""dataset"":""clustered_t__nr100000__ns100000__a1_000ep00__g1"",""n_r"":100000,""n_s"":100000,""has_exact_k"":false,""k_target"":0,""k_achieved"":0,""alpha_target"":1,""alpha_achieved"":nan,""notes"":""clusters=10, sigma=0.05, w_min_r=0.003, w_max_r=0.02, share_clusters=1""}"
clustered_t__nr100000__ns100000__a1_000ep00__g1,clustered,1,100000,100000,tlsop,sampling,1000,2,3,1,616.345,2.16826e+07,1,0,0,0,,0,"{""build_ms"":33.108083,""run_build_ms"":33.108843,""run_count_ms"":287.004365,""run_sample_ms"":295.693242,""tlsop_alloc_tiles_ms"":0.061409,""tlsop_build_ms"":33.107283,""tlsop_build_edges_ms"":0.000610,""tlsop_count_pass1_ms"":287.001255,""tlsop_pass1_count_caps_ms"":5.922709,""tlsop_pass1_reserve_ms"":0.454312,""tlsop_pass2_fill_ms"":7.054239,""tlsop_sample_draw_ranks_ms"":0.039589,""tlsop_sample_pass2_select_ms"":295.645143,""tlsop_sort_lists_ms"":19.444987}",,"{""dataset"":{""source"":""synthetic"",""name"":""clustered_t__nr100000__ns100000__a1_000ep00__g1"",""dim"":2,""path_r"":"""",""path_s"":"""",""synthetic"":{""generator"":""clustered"",""n_r"":100000,""n_s"":100000,""alpha"":1,""seed"":1}},""run"":{""method"":""tlsop"",""variant"":""sampling"",""t"":1000,""seed"":1,""repeats"":3,""j_star"":1000000,""enum_cap"":0,""write_samples"":false,""verify"":false},""output"":{""out_dir"":""run/temp/exp5/clustered_t"",""run_tag"":""exp5_clustered_t""},""sys"":{""threads"":1},""logging"":{""level"":""INFO"",""with_timestamp"":true,""with_thread_id"":false}}","{""generator"":""clustered"",""dataset"":""clustered_t__nr100000__ns100000__a1_000ep00__g1"",""n_r"":100000,""n_s"":100000,""has_exact_k"":false,""k_target"":0,""k_achieved"":0,""alpha_target"":1,""alpha_achieved"":nan,""notes"":""clusters=10, sigma=0.05, w_min_r=0.003, w_max_r=0.02, share_clusters=1""}"
clustered_t__nr100000__ns100000__a1_000ep00__g1,clustered,1,100000,100000,tlsop,adaptive,1000,0,1,1,636.243,2.16826e+07,1,0,1,0,fallback_sampling,1000001,"{""build_ms"":32.984536,""enumerate_prepare_ms"":0.012020,""run_build_ms"":32.985226,""run_fallback_count_ms"":294.895467,""run_fallback_sample_ms"":293.282107,""run_pilot_enum_prepare_ms"":0.012830,""run_pilot_enum_scan_ms"":15.058209,""tlsop_adaptive_pass1_ms"":294.889157,""tlsop_adaptive_sample_large_ms"":293.277447,""tlsop_alloc_tiles_ms"":0.060569,""tlsop_build_ms"":32.983766,""tlsop_build_edges_ms"":0.000410,""tlsop_pass1_count_caps_ms"":5.906830,""tlsop_pass1_reserve_ms"":0.453352,""tlsop_pass2_fill_ms"":7.034979,""tlsop_sort_lists_ms"":19.516687}",,"{""dataset"":{""source"":""synthetic"",""name"":""clustered_t__nr100000__ns100000__a1_000ep00__g1"",""dim"":2,""path_r"":"""",""path_s"":"""",""synthetic"":{""generator"":""clustered"",""n_r"":100000,""n_s"":100000,""alpha"":1,""seed"":1}},""run"":{""method"":""tlsop"",""variant"":""adaptive"",""t"":1000,""seed"":1,""repeats"":3,""j_star"":1000000,""enum_cap"":0,""write_samples"":false,""verify"":false},""output"":{""out_dir"":""run/temp/exp5/clustered_t"",""run_tag"":""exp5_clustered_t""},""sys"":{""threads"":1},""logging"":{""level"":""INFO"",""with_timestamp"":true,""with_thread_id"":false}}","{""generator"":""clustered"",""dataset"":""clustered_t__nr100000__ns100000__a1_000ep00__g1"",""n_r"":100000,""n_s"":100000,""has_exact_k"":false,""k_target"":0,""k_achieved"":0,""alpha_target"":1,""alpha_achieved"":nan,""notes"":""clusters=10, sigma=0.05, w_min_r=0.003, w_max_r=0.02, share_clusters=1""}"
clustered_t__nr100000__ns100000__a1_000ep00__g1,clustered,1,100000,100000,tlsop,adaptive,1000,1,2,1,633.649,2.16826e+07,1,0,1,0,fallback_sampling,1000001,"{""build_ms"":33.030025,""enumerate_prepare_ms"":0.012440,""run_build_ms"":33.030885,""run_fallback_count_ms"":291.973881,""run_fallback_sample_ms"":293.005812,""run_pilot_enum_prepare_ms"":0.013420,""run_pilot_enum_scan_ms"":15.035949,""tlsop_adaptive_pass1_ms"":291.967382,""tlsop_adaptive_sample_large_ms"":293.000272,""tlsop_alloc_tiles_ms"":0.061689,""tlsop_build_ms"":33.029165,""tlsop_build_edges_ms"":0.000680,""tlsop_pass1_count_caps_ms"":5.927490,""tlsop_pass1_reserve_ms"":0.459512,""tlsop_pass2_fill_ms"":7.006019,""tlsop_sort_lists_ms"":19.443818}",,"{""dataset"":{""source"":""synthetic"",""name"":""clustered_t__nr100000__ns100000__a1_000ep00__g1"",""dim"":2,""path_r"":"""",""path_s"":"""",""synthetic"":{""generator"":""clustered"",""n_r"":100000,""n_s"":100000,""alpha"":1,""seed"":1}},""run"":{""method"":""tlsop"",""variant"":""adaptive"",""t"":1000,""seed"":1,""repeats"":3,""j_star"":1000000,""enum_cap"":0,""write_samples"":false,""verify"":false},""output"":{""out_dir"":""run/temp/exp5/clustered_t"",""run_tag"":""exp5_clustered_t""},""sys"":{""threads"":1},""logging"":{""level"":""INFO"",""with_timestamp"":true,""with_thread_id"":false}}","{""generator"":""clustered"",""dataset"":""clustered_t__nr100000__ns100000__a1_000ep00__g1"",""n_r"":100000,""n_s"":100000,""has_exact_k"":false,""k_target"":0,""k_achieved"":0,""alpha_target"":1,""alpha_achieved"":nan,""notes"":""clusters=10, sigma=0.05, w_min_r=0.003, w_max_r=0.02, share_clusters=1""}"
clustered_t__nr100000__ns100000__a1_000ep00__g1,clustered,1,100000,100000,tlsop,adaptive,1000,2,3,1,637.341,2.16826e+07,1,0,1,0,fallback_sampling,1000001,"{""build_ms"":33.111123,""enumerate_prepare_ms"":0.013000,""run_build_ms"":33.111653,""run_fallback_count_ms"":292.610219,""run_fallback_sample_ms"":293.323115,""run_pilot_enum_prepare_ms"":0.013790,""run_pilot_enum_scan_ms"":17.693880,""tlsop_adaptive_pass1_ms"":292.604699,""tlsop_adaptive_sample_large_ms"":293.318175,""tlsop_alloc_tiles_ms"":0.061579,""tlsop_build_ms"":33.110363,""tlsop_build_edges_ms"":0.000630,""tlsop_pass1_count_caps_ms"":5.926790,""tlsop_pass1_reserve_ms"":0.463331,""tlsop_pass2_fill_ms"":7.034689,""tlsop_sort_lists_ms"":19.490647}",,"{""dataset"":{""source"":""synthetic"",""name"":""clustered_t__nr100000__ns100000__a1_000ep00__g1"",""dim"":2,""path_r"":"""",""path_s"":"""",""synthetic"":{""generator"":""clustered"",""n_r"":100000,""n_s"":100000,""alpha"":1,""seed"":1}},""run"":{""method"":""tlsop"",""variant"":""adaptive"",""t"":1000,""seed"":1,""repeats"":3,""j_star"":1000000,""enum_cap"":0,""write_samples"":false,""verify"":false},""output"":{""out_dir"":""run/temp/exp5/clustered_t"",""run_tag"":""exp5_clustered_t""},""sys"":{""threads"":1},""logging"":{""level"":""INFO"",""with_timestamp"":true,""with_thread_id"":false}}","{""generator"":""clustered"",""dataset"":""clustered_t__nr100000__ns100000__a1_000ep00__g1"",""n_r"":100000,""n_s"":100000,""has_exact_k"":false,""k_target"":0,""k_achieved"":0,""alpha_target"":1,""alpha_achieved"":nan,""notes"":""clusters=10, sigma=0.05, w_min_r=0.003, w_max_r=0.02, share_clusters=1""}"
clustered_t__nr100000__ns100000__a1_000ep00__g1,clustered,1,100000,100000,sirs,sampling,1000,0,1,1,695.855,2.16826e+07,1,0,0,0,,0,"{""build_ms"":121.821290,""count_ms"":557.116340,""run_build_ms"":121.822230,""run_count_ms"":557.118700,""run_sample_ms"":16.911104,""sample_ms"":16.909955,""sirs_build_index_ms"":121.820710,""sirs_build_kd_ms"":11.054824,""sirs_embed_inner_ms"":55.253270,""sirs_phase1_degrees_ms"":557.114060,""sirs_rank_axes_ms"":55.505455}",,"{""dataset"":{""source"":""synthetic"",""name"":""clustered_t__nr100000__ns100000__a1_000ep00__g1"",""dim"":2,""path_r"":"""",""path_s"":"""",""synthetic"":{""generator"":""clustered"",""n_r"":100000,""n_s"":100000,""alpha"":1,""seed"":1}},""run"":{""method"":""sirs"",""variant"":""sampling"",""t"":1000,""seed"":1,""repeats"":3,""j_star"":1000000,""enum_cap"":0,""write_samples"":false,""verify"":false},""output"":{""out_dir"":""run/temp/exp5/clustered_t"",""run_tag"":""exp5_clustered_t""},""sys"":{""threads"":1},""logging"":{""level"":""INFO"",""with_timestamp"":true,""with_thread_id"":false}}","{""generator"":""clustered"",""dataset"":""clustered_t__nr100000__ns100000__a1_000ep00__g1"",""n_r"":100000,""n_s"":100000,""has_exact_k"":false,""k_target"":0,""k_achieved"":0,""alpha_target"":1,""alpha_achieved"":nan,""notes"":""clusters=10, sigma=0.05, w_min_r=0.003, w_max_r=0.02, share_clusters=1""}"
clustered_t__nr100000__ns100000__a1_000ep00__g1,clustered,1,100000,100000,sirs,sampling,1000,1,2,1,692.994,2.16826e+07,1,0,0,0,,0,"{""build_ms"":121.410567,""count_ms"":554.579816,""run_build_ms"":121.411247,""run_count_ms"":554.581445,""run_sample_ms"":16.999324,""sample_ms"":16.998254,""sirs_build_index_ms"":121.409997,""sirs_build_kd_ms"":11.059924,""sirs_embed_inner_ms"":55.319060,""sirs_phase1_degrees_ms"":554.577225,""sirs_rank_axes_ms"":55.024004}",,"{""dataset"":{""source"":""synthetic"",""name"":""clustered_t__nr100000__ns100000__a1_000ep00__g1"",""dim"":2,""path_r"":"""",""path_s"":"""",""synthetic"":{""generator"":""clustered"",""n_r"":100000,""n_s"":100000,""alpha"":1,""seed"":1}},""run"":{""method"":""sirs"",""variant"":""sampling"",""t"":1000,""seed"":1,""repeats"":3,""j_star"":1000000,""enum_cap"":0,""write_samples"":false,""verify"":false},""output"":{""out_dir"":""run/temp/exp5/clustered_t"",""run_tag"":""exp5_clustered_t""},""sys"":{""threads"":1},""logging"":{""level"":""INFO"",""with_timestamp"":true,""with_thread_id"":false}}","{""generator"":""clustered"",""dataset"":""clustered_t__nr100000__ns100000__a1_000ep00__g1"",""n_r"":100000,""n_s"":100000,""has_exact_k"":false,""k_target"":0,""k_achieved"":0,""alpha_target"":1,""alpha_achieved"":nan,""notes"":""clusters=10, sigma=0.05, w_min_r=0.003, w_max_r=0.02, share_clusters=1""}"
clustered_t__nr100000__ns100000__a1_000ep00__g1,clustered,1,100000,100000,sirs,sampling,1000,2,3,1,695.162,2.16826e+07,1,0,0,0,,0,"{""build_ms"":124.175576,""count_ms"":554.115294,""run_build_ms"":124.176186,""run_count_ms"":554.117034,""run_sample_ms"":16.866915,""sample_ms"":16.866105,""sirs_build_index_ms"":124.174996,""sirs_build_kd_ms"":11.069814,""sirs_embed_inner_ms"":55.386488,""sirs_phase1_degrees_ms"":554.112884,""sirs_rank_axes_ms"":57.712324}",,"{""dataset"":{""source"":""synthetic"",""name"":""clustered_t__nr100000__ns100000__a1_000ep00__g1"",""dim"":2,""path_r"":"""",""path_s"":"""",""synthetic"":{""generator"":""clustered"",""n_r"":100000,""n_s"":100000,""alpha"":1,""seed"":1}},""run"":{""method"":""sirs"",""variant"":""sampling"",""t"":1000,""seed"":1,""repeats"":3,""j_star"":1000000,""enum_cap"":0,""write_samples"":false,""verify"":false},""output"":{""out_dir"":""run/temp/exp5/clustered_t"",""run_tag"":""exp5_clustered_t""},""sys"":{""threads"":1},""logging"":{""level"":""INFO"",""with_timestamp"":true,""with_thread_id"":false}}","{""generator"":""clustered"",""dataset"":""clustered_t__nr100000__ns100000__a1_000ep00__g1"",""n_r"":100000,""n_s"":100000,""has_exact_k"":false,""k_target"":0,""k_achieved"":0,""alpha_target"":1,""alpha_achieved"":nan,""notes"":""clusters=10, sigma=0.05, w_min_r=0.003, w_max_r=0.02, share_clusters=1""}"
clustered_t__nr100000__ns100000__a1_000ep00__g1,clustered,1,100000,100000,sirs,adaptive,1000,0,1,1,757.935,2.16826e+07,1,0,1,0,fallback_sampling,1000001,"{""build_ms"":121.829970,""count_ms"":572.433831,""run_build_ms"":121.831039,""run_fallback_count_ms"":572.436341,""run_fallback_sample_ms"":16.396235,""run_pilot_enum_prepare_ms"":0.000611,""run_pilot_enum_scan_ms"":47.259959,""sample_ms"":16.394774,""sirs_build_index_ms"":121.829330,""sirs_build_kd_ms"":11.108192,""sirs_embed_inner_ms"":55.333419,""sirs_rank_axes_ms"":55.381728}",,"{""dataset"":{""source"":""synthetic"",""name"":""clustered_t__nr100000__ns100000__a1_000ep00__g1"",""dim"":2,""path_r"":"""",""path_s"":"""",""synthetic"":{""generator"":""clustered"",""n_r"":100000,""n_s"":100000,""alpha"":1,""seed"":1}},""run"":{""method"":""sirs"",""variant"":""adaptive"",""t"":1000,""seed"":1,""repeats"":3,""j_star"":1000000,""enum_cap"":0,""write_samples"":false,""verify"":false},""output"":{""out_dir"":""run/temp/exp5/clustered_t"",""run_tag"":""exp5_clustered_t""},""sys"":{""threads"":1},""logging"":{""level"":""INFO"",""with_timestamp"":true,""with_thread_id"":false}}","{""generator"":""clustered"",""dataset"":""clustered_t__nr100000__ns100000__a1_000ep00__g1"",""n_r"":100000,""n_s"":100000,""has_exact_k"":false,""k_target"":0,""k_achieved"":0,""alpha_target"":1,""alpha_achieved"":nan,""notes"":""clusters=10, sigma=0.05, w_min_r=0.003, w_max_r=0.02, share_clusters=1""}"
clustered_t__nr100000__ns100000__a1_000ep00__g1,clustered,1,100000,100000,sirs,adaptive,1000,1,2,1,757.138,2.16826e+07,1,0,1,0,fallback_sampling,1000001,"{""build_ms"":121.398148,""count_ms"":571.838692,""run_build_ms"":121.398968,""run_fallback_count_ms"":571.841371,""run_fallback_sample_ms"":16.577081,""run_pilot_enum_prepare_ms"":0.000270,""run_pilot_enum_scan_ms"":47.304918,""sample_ms"":16.575851,""sirs_build_index_ms"":121.397318,""sirs_build_kd_ms"":11.069183,""sirs_embed_inner_ms"":55.345958,""sirs_rank_axes_ms"":54.976416}",,"{""dataset"":{""source"":""synthetic"",""name"":""clustered_t__nr100000__ns100000__a1_000ep00__g1"",""dim"":2,""path_r"":"""",""path_s"":"""",""synthetic"":{""generator"":""clustered"",""n_r"":100000,""n_s"":100000,""alpha"":1,""seed"":1}},""run"":{""method"":""sirs"",""variant"":""adaptive"",""t"":1000,""seed"":1,""repeats"":3,""j_star"":1000000,""enum_cap"":0,""write_samples"":false,""verify"":false},""output"":{""out_dir"":""run/temp/exp5/clustered_t"",""run_tag"":""exp5_clustered_t""},""sys"":{""threads"":1},""logging"":{""level"":""INFO"",""with_timestamp"":true,""with_thread_id"":false}}","{""generator"":""clustered"",""dataset"":""clustered_t__nr100000__ns100000__a1_000ep00__g1"",""n_r"":100000,""n_s"":100000,""has_exact_k"":false,""k_target"":0,""k_achieved"":0,""alpha_target"":1,""alpha_achieved"":nan,""notes"":""clusters=10, sigma=0.05, w_min_r=0.003, w_max_r=0.02, share_clusters=1""}"
clustered_t__nr100000__ns100000__a1_000ep00__g1,clustered,1,100000,100000,sirs,adaptive,1000,2,3,1,754.45,2.16826e+07,1,0,1,0,fallback_sampling,1000001,"{""build_ms"":121.466126,""count_ms"":569.146401,""run_build_ms"":121.466776,""run_fallback_count_ms"":569.148671,""run_fallback_sample_ms"":16.556352,""run_pilot_enum_prepare_ms"":0.000700,""run_pilot_enum_scan_ms"":47.261969,""sample_ms"":16.555272,""sirs_build_index_ms"":121.465576,""sirs_build_kd_ms"":11.083593,""sirs_embed_inner_ms"":55.370168,""sirs_rank_axes_ms"":55.004575}",,"{""dataset"":{""source"":""synthetic"",""name"":""clustered_t__nr100000__ns100000__a1_000ep00__g1"",""dim"":2,""path_r"":"""",""path_s"":"""",""synthetic"":{""generator"":""clustered"",""n_r"":100000,""n_s"":100000,""alpha"":1,""seed"":1}},""run"":{""method"":""sirs"",""variant"":""adaptive"",""t"":1000,""seed"":1,""repeats"":3,""j_star"":1000000,""enum_cap"":0,""write_samples"":false,""verify"":false},""output"":{""out_dir"":""run/temp/exp5/clustered_t"",""run_tag"":""exp5_clustered_t""},""sys"":{""threads"":1},""logging"":{""level"":""INFO"",""with_timestamp"":true,""with_thread_id"":false}}","{""generator"":""clustered"",""dataset"":""clustered_t__nr100000__ns100000__a1_000ep00__g1"",""n_r"":100000,""n_s"":100000,""has_exact_k"":false,""k_target"":0,""k_achieved"":0,""alpha_target"":1,""alpha_achieved"":nan,""notes"":""clusters=10, sigma=0.05, w_min_r=0.003, w_max_r=0.02, share_clusters=1""}"
clustered_t__nr100000__ns100000__a1_000ep00__g1,clustered,1,100000,100000,rejection,sampling,1000,0,1,0,-1,-1,0,0,0,0,,0,{},SKIPPED: rejection+sampling is disabled in sjs_sweep; use variant=adaptive.,"{""dataset"":{""source"":""synthetic"",""name"":""clustered_t__nr100000__ns100000__a1_000ep00__g1"",""dim"":2,""path_r"":"""",""path_s"":"""",""synthetic"":{""generator"":""clustered"",""n_r"":100000,""n_s"":100000,""alpha"":1,""seed"":1}},""run"":{""method"":""rejection"",""variant"":""sampling"",""t"":1000,""seed"":1,""repeats"":3,""j_star"":1000000,""enum_cap"":0,""write_samples"":false,""verify"":false},""output"":{""out_dir"":""run/temp/exp5/clustered_t"",""run_tag"":""exp5_clustered_t""},""sys"":{""threads"":1},""logging"":{""level"":""INFO"",""with_timestamp"":true,""with_thread_id"":false}}","{""generator"":""clustered"",""dataset"":""clustered_t__nr100000__ns100000__a1_000ep00__g1"",""n_r"":100000,""n_s"":100000,""has_exact_k"":false,""k_target"":0,""k_achieved"":0,""alpha_target"":1,""alpha_achieved"":nan,""notes"":""clusters=10, sigma=0.05, w_min_r=0.003, w_max_r=0.02, share_clusters=1""}"
clustered_t__nr100000__ns100000__a1_000ep00__g1,clustered,1,100000,100000,rejection,sampling,1000,1,2,0,-1,-1,0,0,0,0,,0,{},SKIPPED: rejection+sampling is disabled in sjs_sweep; use variant=adaptive.,"{""dataset"":{""source"":""synthetic"",""name"":""clustered_t__nr100000__ns100000__a1_000ep00__g1"",""dim"":2,""path_r"":"""",""path_s"":"""",""synthetic"":{""generator"":""clustered"",""n_r"":100000,""n_s"":100000,""alpha"":1,""seed"":1}},""run"":{""method"":""rejection"",""variant"":""sampling"",""t"":1000,""seed"":1,""repeats"":3,""j_star"":1000000,""enum_cap"":0,""write_samples"":false,""verify"":false},""output"":{""out_dir"":""run/temp/exp5/clustered_t"",""run_tag"":""exp5_clustered_t""},""sys"":{""threads"":1},""logging"":{""level"":""INFO"",""with_timestamp"":true,""with_thread_id"":false}}","{""generator"":""clustered"",""dataset"":""clustered_t__nr100000__ns100000__a1_000ep00__g1"",""n_r"":100000,""n_s"":100000,""has_exact_k"":false,""k_target"":0,""k_achieved"":0,""alpha_target"":1,""alpha_achieved"":nan,""notes"":""clusters=10, sigma=0.05, w_min_r=0.003, w_max_r=0.02, share_clusters=1""}"
clustered_t__nr100000__ns100000__a1_000ep00__g1,clustered,1,100000,100000,rejection,sampling,1000,2,3,0,-1,-1,0,0,0,0,,0,{},SKIPPED: rejection+sampling is disabled in sjs_sweep; use variant=adaptive.,"{""dataset"":{""source"":""synthetic"",""name"":""clustered_t__nr100000__ns100000__a1_000ep00__g1"",""dim"":2,""path_r"":"""",""path_s"":"""",""synthetic"":{""generator"":""clustered"",""n_r"":100000,""n_s"":100000,""alpha"":1,""seed"":1}},""run"":{""method"":""rejection"",""variant"":""sampling"",""t"":1000,""seed"":1,""repeats"":3,""j_star"":1000000,""enum_cap"":0,""write_samples"":false,""verify"":false},""output"":{""out_dir"":""run/temp/exp5/clustered_t"",""run_tag"":""exp5_clustered_t""},""sys"":{""threads"":1},""logging"":{""level"":""INFO"",""with_timestamp"":true,""with_thread_id"":false}}","{""generator"":""clustered"",""dataset"":""clustered_t__nr100000__ns100000__a1_000ep00__g1"",""n_r"":100000,""n_s"":100000,""has_exact_k"":false,""k_target"":0,""k_achieved"":0,""alpha_target"":1,""alpha_achieved"":nan,""notes"":""clusters=10, sigma=0.05, w_min_r=0.003, w_max_r=0.02, share_clusters=1""}"
clustered_t__nr100000__ns100000__a1_000ep00__g1,clustered,1,100000,100000,rejection,adaptive,1000,0,1,1,210.637,2.12469e+07,0,0,1,0,fallback_sampling,1000001,"{""adaptive_phase1_ms"":46.687410,""adaptive_sample_ms"":0.557690,""build_ms"":124.494039,""build_M_ms"":0.121898,""build_cellmap_ms"":14.145576,""build_mu_alias_ms"":110.113287,""build_slab_index_ms"":0.105058,""count_pilot_ms"":9.365775,""run_build_ms"":124.495989,""run_fallback_count_ms"":46.689200,""run_fallback_sample_ms"":0.558689,""run_pilot_enum_prepare_ms"":0.001690,""run_pilot_enum_scan_ms"":38.882205}",,"{""dataset"":{""source"":""synthetic"",""name"":""clustered_t__nr100000__ns100000__a1_000ep00__g1"",""dim"":2,""path_r"":"""",""path_s"":"""",""synthetic"":{""generator"":""clustered"",""n_r"":100000,""n_s"":100000,""alpha"":1,""seed"":1}},""run"":{""method"":""rejection"",""variant"":""adaptive"",""t"":1000,""seed"":1,""repeats"":3,""j_star"":1000000,""enum_cap"":0,""write_samples"":false,""verify"":false},""output"":{""out_dir"":""run/temp/exp5/clustered_t"",""run_tag"":""exp5_clustered_t""},""sys"":{""threads"":1},""logging"":{""level"":""INFO"",""with_timestamp"":true,""with_thread_id"":false}}","{""generator"":""clustered"",""dataset"":""clustered_t__nr100000__ns100000__a1_000ep00__g1"",""n_r"":100000,""n_s"":100000,""has_exact_k"":false,""k_target"":0,""k_achieved"":0,""alpha_target"":1,""alpha_achieved"":nan,""notes"":""clusters=10, sigma=0.05, w_min_r=0.003, w_max_r=0.02, share_clusters=1""}"
clustered_t__nr100000__ns100000__a1_000ep00__g1,clustered,1,100000,100000,rejection,adaptive,1000,1,2,1,215.37,2.16503e+07,0,0,1,0,fallback_sampling,1000001,"{""adaptive_phase1_ms"":46.930795,""adaptive_sample_ms"":0.572920,""build_ms"":121.063923,""build_M_ms"":0.108388,""build_cellmap_ms"":14.217065,""build_mu_alias_ms"":106.622253,""build_slab_index_ms"":0.104988,""count_pilot_ms"":9.372935,""run_build_ms"":121.120412,""run_fallback_count_ms"":46.932795,""run_fallback_sample_ms"":0.573929,""run_pilot_enum_prepare_ms"":0.001790,""run_pilot_enum_scan_ms"":38.550011}",,"{""dataset"":{""source"":""synthetic"",""name"":""clustered_t__nr100000__ns100000__a1_000ep00__g1"",""dim"":2,""path_r"":"""",""path_s"":"""",""synthetic"":{""generator"":""clustered"",""n_r"":100000,""n_s"":100000,""alpha"":1,""seed"":1}},""run"":{""method"":""rejection"",""variant"":""adaptive"",""t"":1000,""seed"":1,""repeats"":3,""j_star"":1000000,""enum_cap"":0,""write_samples"":false,""verify"":false},""output"":{""out_dir"":""run/temp/exp5/clustered_t"",""run_tag"":""exp5_clustered_t""},""sys"":{""threads"":1},""logging"":{""level"":""INFO"",""with_timestamp"":true,""with_thread_id"":false}}","{""generator"":""clustered"",""dataset"":""clustered_t__nr100000__ns100000__a1_000ep00__g1"",""n_r"":100000,""n_s"":100000,""has_exact_k"":false,""k_target"":0,""k_achieved"":0,""alpha_target"":1,""alpha_achieved"":nan,""notes"":""clusters=10, sigma=0.05, w_min_r=0.003, w_max_r=0.02, share_clusters=1""}"
clustered_t__nr100000__ns100000__a1_000ep00__g1,clustered,1,100000,100000,rejection,adaptive,1000,2,3,1,216.167,2.16949e+07,0,0,1,0,fallback_sampling,1000001,"{""adaptive_phase1_ms"":46.527702,""adaptive_sample_ms"":0.519001,""build_ms"":121.637333,""build_M_ms"":0.108618,""build_cellmap_ms"":14.291935,""build_mu_alias_ms"":107.120723,""build_slab_index_ms"":0.105958,""count_pilot_ms"":9.024881,""run_build_ms"":121.693792,""run_fallback_count_ms"":46.529282,""run_fallback_sample_ms"":0.519861,""run_pilot_enum_prepare_ms"":0.002000,""run_pilot_enum_scan_ms"":38.680359}",,"{""dataset"":{""source"":""synthetic"",""name"":""clustered_t__nr100000__ns100000__a1_000ep00__g1"",""dim"":2,""path_r"":"""",""path_s"":"""",""synthetic"":{""generator"":""clustered"",""n_r"":100000,""n_s"":100000,""alpha"":1,""seed"":1}},""run"":{""method"":""rejection"",""variant"":""adaptive"",""t"":1000,""seed"":1,""repeats"":3,""j_star"":1000000,""enum_cap"":0,""write_samples"":false,""verify"":false},""output"":{""out_dir"":""run/temp/exp5/clustered_t"",""run_tag"":""exp5_clustered_t""},""sys"":{""threads"":1},""logging"":{""level"":""INFO"",""with_timestamp"":true,""with_thread_id"":false}}","{""generator"":""clustered"",""dataset"":""clustered_t__nr100000__ns100000__a1_000ep00__g1"",""n_r"":100000,""n_s"":100000,""has_exact_k"":false,""k_target"":0,""k_achieved"":0,""alpha_target"":1,""alpha_achieved"":nan,""notes"":""clusters=10, sigma=0.05, w_min_r=0.003, w_max_r=0.02, share_clusters=1""}"
clustered_t__nr100000__ns100000__a1_000ep00__g1,clustered,1,100000,100000,ours,sampling,3000,0,1,1,519.496,2.16826e+07,1,0,0,0,,0,"{""build_active_indices_ms"":5.594455,""build_events_ms"":34.341280,""build_ranks_ms"":43.208385,""build_y_domain_ms"":13.818922,""phase1_count_ms"":250.269454,""phase2_plan_ms"":5.704674,""phase3_sample_ms"":164.801487,""run_build_ms"":98.707070,""run_count_ms"":250.272584,""run_sample_ms"":170.511931}",,"{""dataset"":{""source"":""synthetic"",""name"":""clustered_t__nr100000__ns100000__a1_000ep00__g1"",""dim"":2,""path_r"":"""",""path_s"":"""",""synthetic"":{""generator"":""clustered"",""n_r"":100000,""n_s"":100000,""alpha"":1,""seed"":1}},""run"":{""method"":""ours"",""variant"":""sampling"",""t"":3000,""seed"":1,""repeats"":3,""j_star"":1000000,""enum_cap"":0,""write_samples"":false,""verify"":false},""output"":{""out_dir"":""run/temp/exp5/clustered_t"",""run_tag"":""exp5_clustered_t""},""sys"":{""threads"":1},""logging"":{""level"":""INFO"",""with_timestamp"":true,""with_thread_id"":false}}","{""generator"":""clustered"",""dataset"":""clustered_t__nr100000__ns100000__a1_000ep00__g1"",""n_r"":100000,""n_s"":100000,""has_exact_k"":false,""k_target"":0,""k_achieved"":0,""alpha_target"":1,""alpha_achieved"":nan,""notes"":""clusters=10, sigma=0.05, w_min_r=0.003, w_max_r=0.02, share_clusters=1""}"
clustered_t__nr100000__ns100000__a1_000ep00__g1,clustered,1,100000,100000,ours,sampling,3000,1,2,1,590.472,2.16826e+07,1,0,0,0,,0,"{""build_active_indices_ms"":5.412479,""build_events_ms"":65.781513,""build_ranks_ms"":43.262034,""build_y_domain_ms"":13.832062,""phase1_count_ms"":253.788429,""phase2_plan_ms"":5.764313,""phase3_sample_ms"":162.786604,""run_build_ms"":130.041375,""run_count_ms"":253.791658,""run_sample_ms"":168.557477}",,"{""dataset"":{""source"":""synthetic"",""name"":""clustered_t__nr100000__ns100000__a1_000ep00__g1"",""dim"":2,""path_r"":"""",""path_s"":"""",""synthetic"":{""generator"":""clustered"",""n_r"":100000,""n_s"":100000,""alpha"":1,""seed"":1}},""run"":{""method"":""ours"",""variant"":""sampling"",""t"":3000,""seed"":1,""repeats"":3,""j_star"":1000000,""enum_cap"":0,""write_samples"":false,""verify"":false},""output"":{""out_dir"":""run/temp/exp5/clustered_t"",""run_tag"":""exp5_clustered_t""},""sys"":{""threads"":1},""logging"":{""level"":""INFO"",""with_timestamp"":true,""with_thread_id"":false}}","{""generator"":""clustered"",""dataset"":""clustered_t__nr100000__ns100000__a1_000ep00__g1"",""n_r"":100000,""n_s"":100000,""has_exact_k"":false,""k_target"":0,""k_achieved"":0,""alpha_target"":1,""alpha_achieved"":nan,""notes"":""clusters=10, sigma=0.05, w_min_r=0.003, w_max_r=0.02, share_clusters=1""}"
clustered_t__nr100000__ns100000__a1_000ep00__g1,clustered,1,100000,100000,ours,sampling,3000,2,3,1,591.585,2.16826e+07,1,0,0,0,,0,"{""build_active_indices_ms"":5.473598,""build_events_ms"":67.705258,""build_ranks_ms"":43.245154,""build_y_domain_ms"":13.836752,""phase1_count_ms"":253.503273,""phase2_plan_ms"":5.703443,""phase3_sample_ms"":161.678886,""run_build_ms"":132.006529,""run_count_ms"":253.506753,""run_sample_ms"":167.389739}",,"{""dataset"":{""source"":""synthetic"",""name"":""clustered_t__nr100000__ns100000__a1_000ep00__g1"",""dim"":2,""path_r"":"""",""path_s"":"""",""synthetic"":{""generator"":""clustered"",""n_r"":100000,""n_s"":100000,""alpha"":1,""seed"":1}},""run"":{""method"":""ours"",""variant"":""sampling"",""t"":3000,""seed"":1,""repeats"":3,""j_star"":1000000,""enum_cap"":0,""write_samples"":false,""verify"":false},""output"":{""out_dir"":""run/temp/exp5/clustered_t"",""run_tag"":""exp5_clustered_t""},""sys"":{""threads"":1},""logging"":{""level"":""INFO"",""with_timestamp"":true,""with_thread_id"":false}}","{""generator"":""clustered"",""dataset"":""clustered_t__nr100000__ns100000__a1_000ep00__g1"",""n_r"":100000,""n_s"":100000,""has_exact_k"":false,""k_target"":0,""k_achieved"":0,""alpha_target"":1,""alpha_achieved"":nan,""notes"":""clusters=10, sigma=0.05, w_min_r=0.003, w_max_r=0.02, share_clusters=1""}"
clustered_t__nr100000__ns100000__a1_000ep00__g1,clustered,1,100000,100000,ours,adaptive,3000,0,1,1,564.64,2.16826e+07,1,0,1,0,fallback_sampling,1000001,"{""build_active_indices_ms"":5.586875,""build_events_ms"":34.305191,""build_ranks_ms"":43.253213,""build_y_domain_ms"":13.819152,""phase1_count_adaptive_ms"":268.099300,""phase2_plan_ms"":5.462428,""phase3_sample_ms"":163.528200,""run_build_ms"":98.717989,""run_fallback_count_ms"":268.102890,""run_fallback_sample_ms"":168.999708,""run_pilot_enum_prepare_ms"":1.570841,""run_pilot_enum_scan_ms"":27.237053,""sample_ms"":168.998058}",,"{""dataset"":{""source"":""synthetic"",""name"":""clustered_t__nr100000__ns100000__a1_000ep00__g1"",""dim"":2,""path_r"":"""",""path_s"":"""",""synthetic"":{""generator"":""clustered"",""n_r"":100000,""n_s"":100000,""alpha"":1,""seed"":1}},""run"":{""method"":""ours"",""variant"":""adaptive"",""t"":3000,""seed"":1,""repeats"":3,""j_star"":1000000,""enum_cap"":0,""write_samples"":false,""verify"":false},""output"":{""out_dir"":""run/temp/exp5/clustered_t"",""run_tag"":""exp5_clustered_t""},""sys"":{""threads"":1},""logging"":{""level"":""INFO"",""with_timestamp"":true,""with_thread_id"":false}}","{""generator"":""clustered"",""dataset"":""clustered_t__nr100000__ns100000__a1_000ep00__g1"",""n_r"":100000,""n_s"":100000,""has_exact_k"":false,""k_target"":0,""k_achieved"":0,""alpha_target"":1,""alpha_achieved"":nan,""notes"":""clusters=10, sigma=0.05, w_min_r=0.003, w_max_r=0.02, share_clusters=1""}"
clustered_t__nr100000__ns100000__a1_000ep00__g1,clustered,1,100000,100000,ours,adaptive,3000,1,2,1,627.365,2.16826e+07,1,0,1,0,fallback_sampling,1000001,"{""build_active_indices_ms"":5.475768,""build_events_ms"":41.109653,""build_ranks_ms"":45.868784,""build_y_domain_ms"":13.834543,""phase1_count_adaptive_ms"":265.131736,""phase2_plan_ms"":5.475527,""phase3_sample_ms"":162.043109,""run_build_ms"":108.037066,""run_fallback_count_ms"":265.134335,""run_fallback_sample_ms"":167.527667,""run_pilot_enum_prepare_ms"":1.512952,""run_pilot_enum_scan_ms"":26.654193,""sample_ms"":167.526037}",,"{""dataset"":{""source"":""synthetic"",""name"":""clustered_t__nr100000__ns100000__a1_000ep00__g1"",""dim"":2,""path_r"":"""",""path_s"":"""",""synthetic"":{""generator"":""clustered"",""n_r"":100000,""n_s"":100000,""alpha"":1,""seed"":1}},""run"":{""method"":""ours"",""variant"":""adaptive"",""t"":3000,""seed"":1,""repeats"":3,""j_star"":1000000,""enum_cap"":0,""write_samples"":false,""verify"":false},""output"":{""out_dir"":""run/temp/exp5/clustered_t"",""run_tag"":""exp5_clustered_t""},""sys"":{""threads"":1},""logging"":{""level"":""INFO"",""with_timestamp"":true,""with_thread_id"":false}}","{""generator"":""clustered"",""dataset"":""clustered_t__nr100000__ns100000__a1_000ep00__g1"",""n_r"":100000,""n_s"":100000,""has_exact_k"":false,""k_target"":0,""k_achieved"":0,""alpha_target"":1,""alpha_achieved"":nan,""notes"":""clusters=10, sigma=0.05, w_min_r=0.003, w_max_r=0.02, share_clusters=1""}"
clustered_t__nr100000__ns100000__a1_000ep00__g1,clustered,1,100000,100000,ours,adaptive,3000,2,3,1,631.607,2.16826e+07,1,0,1,0,fallback_sampling,1000001,"{""build_active_indices_ms"":5.448988,""build_events_ms"":41.127372,""build_ranks_ms"":43.286433,""build_y_domain_ms"":13.841612,""phase1_count_adaptive_ms"":261.785678,""phase2_plan_ms"":5.554037,""phase3_sample_ms"":168.158303,""run_build_ms"":105.455493,""run_fallback_count_ms"":261.788518,""run_fallback_sample_ms"":173.720120,""run_pilot_enum_prepare_ms"":1.517302,""run_pilot_enum_scan_ms"":26.887938,""sample_ms"":173.718890}",,"{""dataset"":{""source"":""synthetic"",""name"":""clustered_t__nr100000__ns100000__a1_000ep00__g1"",""dim"":2,""path_r"":"""",""path_s"":"""",""synthetic"":{""generator"":""clustered"",""n_r"":100000,""n_s"":100000,""alpha"":1,""seed"":1}},""run"":{""method"":""ours"",""variant"":""adaptive"",""t"":3000,""seed"":1,""repeats"":3,""j_star"":1000000,""enum_cap"":0,""write_samples"":false,""verify"":false},""output"":{""out_dir"":""run/temp/exp5/clustered_t"",""run_tag"":""exp5_clustered_t""},""sys"":{""threads"":1},""logging"":{""level"":""INFO"",""with_timestamp"":true,""with_thread_id"":false}}","{""generator"":""clustered"",""dataset"":""clustered_t__nr100000__ns100000__a1_000ep00__g1"",""n_r"":100000,""n_s"":100000,""has_exact_k"":false,""k_target"":0,""k_achieved"":0,""alpha_target"":1,""alpha_achieved"":nan,""notes"":""clusters=10, sigma=0.05, w_min_r=0.003, w_max_r=0.02, share_clusters=1""}"
clustered_t__nr100000__ns100000__a1_000ep00__g1,clustered,1,100000,100000,aabb,sampling,3000,0,1,1,700.681,2.16826e+07,1,0,0,0,,0,"{""build_ms"":35.969929,""phase1_count_ms"":557.033020,""phase2_assign_ms"":5.724163,""phase3_sample_ms"":101.940348,""run_build_ms"":35.971279,""run_count_ms"":557.036110,""run_sample_ms"":107.670981}",,"{""dataset"":{""source"":""synthetic"",""name"":""clustered_t__nr100000__ns100000__a1_000ep00__g1"",""dim"":2,""path_r"":"""",""path_s"":"""",""synthetic"":{""generator"":""clustered"",""n_r"":100000,""n_s"":100000,""alpha"":1,""seed"":1}},""run"":{""method"":""aabb"",""variant"":""sampling"",""t"":3000,""seed"":1,""repeats"":3,""j_star"":1000000,""enum_cap"":0,""write_samples"":false,""verify"":false},""output"":{""out_dir"":""run/temp/exp5/clustered_t"",""run_tag"":""exp5_clustered_t""},""sys"":{""threads"":1},""logging"":{""level"":""INFO"",""with_timestamp"":true,""with_thread_id"":false}}","{""generator"":""clustered"",""dataset"":""clustered_t__nr100000__ns100000__a1_000ep00__g1"",""n_r"":100000,""n_s"":100000,""has_exact_k"":false,""k_target"":0,""k_achieved"":0,""alpha_target"":1,""alpha_achieved"":nan,""notes"":""clusters=10, sigma=0.05, w_min_r=0.003, w_max_r=0.02, share_clusters=1""}"
clustered_t__nr100000__ns100000__a1_000ep00__g1,clustered,1,100000,100000,aabb,sampling,3000,1,2,1,703.367,2.16826e+07,1,0,0,0,,0,"{""build_ms"":35.969279,""phase1_count_ms"":559.879707,""phase2_assign_ms"":5.748993,""phase3_sample_ms"":101.757661,""run_build_ms"":35.970579,""run_count_ms"":559.881937,""run_sample_ms"":107.512624}",,"{""dataset"":{""source"":""synthetic"",""name"":""clustered_t__nr100000__ns100000__a1_000ep00__g1"",""dim"":2,""path_r"":"""",""path_s"":"""",""synthetic"":{""generator"":""clustered"",""n_r"":100000,""n_s"":100000,""alpha"":1,""seed"":1}},""run"":{""method"":""aabb"",""variant"":""sampling"",""t"":3000,""seed"":1,""repeats"":3,""j_star"":1000000,""enum_cap"":0,""write_samples"":false,""verify"":false},""output"":{""out_dir"":""run/temp/exp5/clustered_t"",""run_tag"":""exp5_clustered_t""},""sys"":{""threads"":1},""logging"":{""level"":""INFO"",""with_timestamp"":true,""with_thread_id"":false}}","{""generator"":""clustered"",""dataset"":""clustered_t__nr100000__ns100000__a1_000ep00__g1"",""n_r"":100000,""n_s"":100000,""has_exact_k"":false,""k_target"":0,""k_achieved"":0,""alpha_target"":1,""alpha_achieved"":nan,""notes"":""clusters=10, sigma=0.05, w_min_r=0.003, w_max_r=0.02, share_clusters=1""}"
clustered_t__nr100000__ns100000__a1_000ep00__g1,clustered,1,100000,100000,aabb,sampling,3000,2,3,1,703.835,2.16826e+07,1,0,0,0,,0,"{""build_ms"":35.974709,""phase1_count_ms"":560.145120,""phase2_assign_ms"":5.755513,""phase3_sample_ms"":101.948398,""run_build_ms"":35.975839,""run_count_ms"":560.147160,""run_sample_ms"":107.709831}",,"{""dataset"":{""source"":""synthetic"",""name"":""clustered_t__nr100000__ns100000__a1_000ep00__g1"",""dim"":2,""path_r"":"""",""path_s"":"""",""synthetic"":{""generator"":""clustered"",""n_r"":100000,""n_s"":100000,""alpha"":1,""seed"":1}},""run"":{""method"":""aabb"",""variant"":""sampling"",""t"":3000,""seed"":1,""repeats"":3,""j_star"":1000000,""enum_cap"":0,""write_samples"":false,""verify"":false},""output"":{""out_dir"":""run/temp/exp5/clustered_t"",""run_tag"":""exp5_clustered_t""},""sys"":{""threads"":1},""logging"":{""level"":""INFO"",""with_timestamp"":true,""with_thread_id"":false}}","{""generator"":""clustered"",""dataset"":""clustered_t__nr100000__ns100000__a1_000ep00__g1"",""n_r"":100000,""n_s"":100000,""has_exact_k"":false,""k_target"":0,""k_achieved"":0,""alpha_target"":1,""alpha_achieved"":nan,""notes"":""clusters=10, sigma=0.05, w_min_r=0.003, w_max_r=0.02, share_clusters=1""}"
clustered_t__nr100000__ns100000__a1_000ep00__g1,clustered,1,100000,100000,aabb,adaptive,3000,0,1,1,805.294,2.16826e+07,1,0,1,0,fallback_sampling,1000001,"{""build_ms"":36.011888,""enumerate_prepare_ms"":34.404578,""phase1_count_ms"":562.339198,""phase2_assign_ms"":5.716493,""phase3_sample_ms"":102.711734,""run_build_ms"":36.012568,""run_fallback_count_ms"":562.341648,""run_fallback_sample_ms"":108.435457,""run_pilot_enum_prepare_ms"":34.407758,""run_pilot_enum_scan_ms"":64.077813}",,"{""dataset"":{""source"":""synthetic"",""name"":""clustered_t__nr100000__ns100000__a1_000ep00__g1"",""dim"":2,""path_r"":"""",""path_s"":"""",""synthetic"":{""generator"":""clustered"",""n_r"":100000,""n_s"":100000,""alpha"":1,""seed"":1}},""run"":{""method"":""aabb"",""variant"":""adaptive"",""t"":3000,""seed"":1,""repeats"":3,""j_star"":1000000,""enum_cap"":0,""write_samples"":false,""verify"":false},""output"":{""out_dir"":""run/temp/exp5/clustered_t"",""run_tag"":""exp5_clustered_t""},""sys"":{""threads"":1},""logging"":{""level"":""INFO"",""with_timestamp"":true,""with_thread_id"":false}}","{""generator"":""clustered"",""dataset"":""clustered_t__nr100000__ns100000__a1_000ep00__g1"",""n_r"":100000,""n_s"":100000,""has_exact_k"":false,""k_target"":0,""k_achieved"":0,""alpha_target"":1,""alpha_achieved"":nan,""notes"":""clusters=10, sigma=0.05, w_min_r=0.003, w_max_r=0.02, share_clusters=1""}"
clustered_t__nr100000__ns100000__a1_000ep00__g1,clustered,1,100000,100000,aabb,adaptive,3000,1,2,1,802.455,2.16826e+07,1,0,1,0,fallback_sampling,1000001,"{""build_ms"":35.975579,""enumerate_prepare_ms"":34.439477,""phase1_count_ms"":562.272948,""phase2_assign_ms"":5.747623,""phase3_sample_ms"":99.817208,""run_build_ms"":35.977379,""run_fallback_count_ms"":562.275739,""run_fallback_sample_ms"":105.572091,""run_pilot_enum_prepare_ms"":34.442257,""run_pilot_enum_scan_ms"":64.169502}",,"{""dataset"":{""source"":""synthetic"",""name"":""clustered_t__nr100000__ns100000__a1_000ep00__g1"",""dim"":2,""path_r"":"""",""path_s"":"""",""synthetic"":{""generator"":""clustered"",""n_r"":100000,""n_s"":100000,""alpha"":1,""seed"":1}},""run"":{""method"":""aabb"",""variant"":""adaptive"",""t"":3000,""seed"":1,""repeats"":3,""j_star"":1000000,""enum_cap"":0,""write_samples"":false,""verify"":false},""output"":{""out_dir"":""run/temp/exp5/clustered_t"",""run_tag"":""exp5_clustered_t""},""sys"":{""threads"":1},""logging"":{""level"":""INFO"",""with_timestamp"":true,""with_thread_id"":false}}","{""generator"":""clustered"",""dataset"":""clustered_t__nr100000__ns100000__a1_000ep00__g1"",""n_r"":100000,""n_s"":100000,""has_exact_k"":false,""k_target"":0,""k_achieved"":0,""alpha_target"":1,""alpha_achieved"":nan,""notes"":""clusters=10, sigma=0.05, w_min_r=0.003, w_max_r=0.02, share_clusters=1""}"
clustered_t__nr100000__ns100000__a1_000ep00__g1,clustered,1,100000,100000,aabb,adaptive,3000,2,3,1,805.188,2.16826e+07,1,0,1,0,fallback_sampling,1000001,"{""build_ms"":36.009098,""enumerate_prepare_ms"":34.414428,""phase1_count_ms"":565.087665,""phase2_assign_ms"":5.747993,""phase3_sample_ms"":99.749268,""run_build_ms"":36.010608,""run_fallback_count_ms"":565.090425,""run_fallback_sample_ms"":105.504701,""run_pilot_enum_prepare_ms"":34.416698,""run_pilot_enum_scan_ms"":64.148912}",,"{""dataset"":{""source"":""synthetic"",""name"":""clustered_t__nr100000__ns100000__a1_000ep00__g1"",""dim"":2,""path_r"":"""",""path_s"":"""",""synthetic"":{""generator"":""clustered"",""n_r"":100000,""n_s"":100000,""alpha"":1,""seed"":1}},""run"":{""method"":""aabb"",""variant"":""adaptive"",""t"":3000,""seed"":1,""repeats"":3,""j_star"":1000000,""enum_cap"":0,""write_samples"":false,""verify"":false},""output"":{""out_dir"":""run/temp/exp5/clustered_t"",""run_tag"":""exp5_clustered_t""},""sys"":{""threads"":1},""logging"":{""level"":""INFO"",""with_timestamp"":true,""with_thread_id"":false}}","{""generator"":""clustered"",""dataset"":""clustered_t__nr100000__ns100000__a1_000ep00__g1"",""n_r"":100000,""n_s"":100000,""has_exact_k"":false,""k_target"":0,""k_achieved"":0,""alpha_target"":1,""alpha_achieved"":nan,""notes"":""clusters=10, sigma=0.05, w_min_r=0.003, w_max_r=0.02, share_clusters=1""}"
clustered_t__nr100000__ns100000__a1_000ep00__g1,clustered,1,100000,100000,interval_tree,sampling,3000,0,1,1,948.062,2.16826e+07,1,0,0,0,,0,"{""build_ms"":139.719512,""build_active_ms"":23.332385,""build_events_ms"":37.637217,""build_start_ids_ms"":1.541492,""build_y_endpoints_ms"":27.809502,""build_y_indices_ms"":49.391047,""phase1_count_ms"":498.712432,""phase2_slots_ms"":5.884821,""phase3_resweep_ms"":303.733651,""run_build_ms"":139.720452,""run_count_ms"":498.714972,""run_sample_ms"":309.623802}",,"{""dataset"":{""source"":""synthetic"",""name"":""clustered_t__nr100000__ns100000__a1_000ep00__g1"",""dim"":2,""path_r"":"""",""path_s"":"""",""synthetic"":{""generator"":""clustered"",""n_r"":100000,""n_s"":100000,""alpha"":1,""seed"":1}},""run"":{""method"":""interval_tree"",""variant"":""sampling"",""t"":3000,""seed"":1,""repeats"":3,""j_star"":1000000,""enum_cap"":0,""write_samples"":false,""verify"":false},""output"":{""out_dir"":""run/temp/exp5/clustered_t"",""run_tag"":""exp5_clustered_t""},""sys"":{""threads"":1},""logging"":{""level"":""INFO"",""with_timestamp"":true,""with_thread_id"":false}}","{""generator"":""clustered"",""dataset"":""clustered_t__nr100000__ns100000__a1_000ep00__g1"",""n_r"":100000,""n_s"":100000,""has_exact_k"":false,""k_target"":0,""k_achieved"":0,""alpha_target"":1,""alpha_achieved"":nan,""notes"":""clusters=10, sigma=0.05, w_min_r=0.003, w_max_r=0.02, share_clusters=1""}"
clustered_t__nr100000__ns100000__a1_000ep00__g1,clustered,1,100000,100000,interval_tree,sampling,3000,1,2,1,1023.41,2.16826e+07,1,0,0,0,,0,"{""build_ms"":175.217590,""build_active_ms"":23.325525,""build_events_ms"":73.120065,""build_start_ids_ms"":1.587141,""build_y_endpoints_ms"":27.829481,""build_y_indices_ms"":49.348008,""phase1_count_ms"":497.663441,""phase2_slots_ms"":5.837981,""phase3_resweep_ms"":305.001857,""run_build_ms"":175.218510,""run_count_ms"":497.665591,""run_sample_ms"":310.844538}",,"{""dataset"":{""source"":""synthetic"",""name"":""clustered_t__nr100000__ns100000__a1_000ep00__g1"",""dim"":2,""path_r"":"""",""path_s"":"""",""synthetic"":{""generator"":""clustered"",""n_r"":100000,""n_s"":100000,""alpha"":1,""seed"":1}},""run"":{""method"":""interval_tree"",""variant"":""sampling"",""t"":3000,""seed"":1,""repeats"":3,""j_star"":1000000,""enum_cap"":0,""write_samples"":false,""verify"":false},""output"":{""out_dir"":""run/temp/exp5/clustered_t"",""run_tag"":""exp5_clustered_t""},""sys"":{""threads"":1},""logging"":{""level"":""INFO"",""with_timestamp"":true,""with_thread_id"":false}}","{""generator"":""clustered"",""dataset"":""clustered_t__nr100000__ns100000__a1_000ep00__g1"",""n_r"":100000,""n_s"":100000,""has_exact_k"":false,""k_target"":0,""k_achieved"":0,""alpha_target"":1,""alpha_achieved"":nan,""notes"":""clusters=10, sigma=0.05, w_min_r=0.003, w_max_r=0.02, share_clusters=1""}"
clustered_t__nr100000__ns100000__a1_000ep00__g1,clustered,1,100000,100000,interval_tree,sampling,3000,2,3,1,1024.01,2.16826e+07,1,0,0,0,,0,"{""build_ms"":175.207180,""build_active_ms"":23.316405,""build_events_ms"":73.196784,""build_start_ids_ms"":1.589951,""build_y_endpoints_ms"":27.778582,""build_y_indices_ms"":49.316829,""phase1_count_ms"":498.870197,""phase2_slots_ms"":5.835511,""phase3_resweep_ms"":305.069365,""run_build_ms"":175.208330,""run_count_ms"":498.872397,""run_sample_ms"":310.909945}",,"{""dataset"":{""source"":""synthetic"",""name"":""clustered_t__nr100000__ns100000__a1_000ep00__g1"",""dim"":2,""path_r"":"""",""path_s"":"""",""synthetic"":{""generator"":""clustered"",""n_r"":100000,""n_s"":100000,""alpha"":1,""seed"":1}},""run"":{""method"":""interval_tree"",""variant"":""sampling"",""t"":3000,""seed"":1,""repeats"":3,""j_star"":1000000,""enum_cap"":0,""write_samples"":false,""verify"":false},""output"":{""out_dir"":""run/temp/exp5/clustered_t"",""run_tag"":""exp5_clustered_t""},""sys"":{""threads"":1},""logging"":{""level"":""INFO"",""with_timestamp"":true,""with_thread_id"":false}}","{""generator"":""clustered"",""dataset"":""clustered_t__nr100000__ns100000__a1_000ep00__g1"",""n_r"":100000,""n_s"":100000,""has_exact_k"":false,""k_target"":0,""k_achieved"":0,""alpha_target"":1,""alpha_achieved"":nan,""notes"":""clusters=10, sigma=0.05, w_min_r=0.003, w_max_r=0.02, share_clusters=1""}"
clustered_t__nr100000__ns100000__a1_000ep00__g1,clustered,1,100000,100000,interval_tree,adaptive,3000,0,1,1,1173.62,2.16826e+07,1,0,1,0,fallback_sampling,1000001,"{""build_ms"":140.362319,""build_active_ms"":23.308194,""build_events_ms"":37.598288,""build_start_ids_ms"":1.518992,""build_y_endpoints_ms"":27.909139,""build_y_indices_ms"":50.020586,""enumerate_prepare_ms"":154.722472,""phase1_count_adaptive_ms"":517.769333,""phase2_slots_ms"":7.719426,""phase3_resweep_ms"":303.541472,""run_build_ms"":140.362969,""run_fallback_count_ms"":517.771743,""run_fallback_sample_ms"":311.271079,""run_pilot_enum_prepare_ms"":154.726232,""run_pilot_enum_scan_ms"":41.150801}",,"{""dataset"":{""source"":""synthetic"",""name"":""clustered_t__nr100000__ns100000__a1_000ep00__g1"",""dim"":2,""path_r"":"""",""path_s"":"""",""synthetic"":{""generator"":""clustered"",""n_r"":100000,""n_s"":100000,""alpha"":1,""seed"":1}},""run"":{""method"":""interval_tree"",""variant"":""adaptive"",""t"":3000,""seed"":1,""repeats"":3,""j_star"":1000000,""enum_cap"":0,""write_samples"":false,""verify"":false},""output"":{""out_dir"":""run/temp/exp5/clustered_t"",""run_tag"":""exp5_clustered_t""},""sys"":{""threads"":1},""logging"":{""level"":""INFO"",""with_timestamp"":true,""with_thread_id"":false}}","{""generator"":""clustered"",""dataset"":""clustered_t__nr100000__ns100000__a1_000ep00__g1"",""n_r"":100000,""n_s"":100000,""has_exact_k"":false,""k_target"":0,""k_achieved"":0,""alpha_target"":1,""alpha_achieved"":nan,""notes"":""clusters=10, sigma=0.05, w_min_r=0.003, w_max_r=0.02, share_clusters=1""}"
clustered_t__nr100000__ns100000__a1_000ep00__g1,clustered,1,100000,100000,interval_tree,adaptive,3000,1,2,1,1233.89,2.16826e+07,1,0,1,0,fallback_sampling,1000001,"{""build_ms"":179.303042,""build_active_ms"":23.279205,""build_events_ms"":73.313821,""build_start_ids_ms"":1.511591,""build_y_endpoints_ms"":27.931319,""build_y_indices_ms"":53.259316,""enumerate_prepare_ms"":146.775930,""phase1_count_adaptive_ms"":511.031257,""phase2_slots_ms"":5.863200,""phase3_resweep_ms"":309.564299,""run_build_ms"":179.304352,""run_fallback_count_ms"":511.033997,""run_fallback_sample_ms"":315.432829,""run_pilot_enum_prepare_ms"":146.779089,""run_pilot_enum_scan_ms"":33.719491}",,"{""dataset"":{""source"":""synthetic"",""name"":""clustered_t__nr100000__ns100000__a1_000ep00__g1"",""dim"":2,""path_r"":"""",""path_s"":"""",""synthetic"":{""generator"":""clustered"",""n_r"":100000,""n_s"":100000,""alpha"":1,""seed"":1}},""run"":{""method"":""interval_tree"",""variant"":""adaptive"",""t"":3000,""seed"":1,""repeats"":3,""j_star"":1000000,""enum_cap"":0,""write_samples"":false,""verify"":false},""output"":{""out_dir"":""run/temp/exp5/clustered_t"",""run_tag"":""exp5_clustered_t""},""sys"":{""threads"":1},""logging"":{""level"":""INFO"",""with_timestamp"":true,""with_thread_id"":false}}","{""generator"":""clustered"",""dataset"":""clustered_t__nr100000__ns100000__a1_000ep00__g1"",""n_r"":100000,""n_s"":100000,""has_exact_k"":false,""k_target"":0,""k_achieved"":0,""alpha_target"":1,""alpha_achieved"":nan,""notes"":""clusters=10, sigma=0.05, w_min_r=0.003, w_max_r=0.02, share_clusters=1""}"
clustered_t__nr100000__ns100000__a1_000ep00__g1,clustered,1,100000,100000,interval_tree,adaptive,3000,2,3,1,1219.19,2.16826e+07,1,0,1,0,fallback_sampling,1000001,"{""build_ms"":144.921994,""build_active_ms"":23.321335,""build_events_ms"":42.140023,""build_start_ids_ms"":1.511322,""build_y_endpoints_ms"":27.923158,""build_y_indices_ms"":50.017216,""enumerate_prepare_ms"":147.069333,""phase1_count_adaptive_ms"":509.797079,""phase2_slots_ms"":5.879560,""phase3_resweep_ms"":309.325363,""run_build_ms"":144.923154,""run_fallback_count_ms"":509.799989,""run_fallback_sample_ms"":315.211533,""run_pilot_enum_prepare_ms"":147.073243,""run_pilot_enum_scan_ms"":33.719830}",,"{""dataset"":{""source"":""synthetic"",""name"":""clustered_t__nr100000__ns100000__a1_000ep00__g1"",""dim"":2,""path_r"":"""",""path_s"":"""",""synthetic"":{""generator"":""clustered"",""n_r"":100000,""n_s"":100000,""alpha"":1,""seed"":1}},""run"":{""method"":""interval_tree"",""variant"":""adaptive"",""t"":3000,""seed"":1,""repeats"":3,""j_star"":1000000,""enum_cap"":0,""write_samples"":false,""verify"":false},""output"":{""out_dir"":""run/temp/exp5/clustered_t"",""run_tag"":""exp5_clustered_t""},""sys"":{""threads"":1},""logging"":{""level"":""INFO"",""with_timestamp"":true,""with_thread_id"":false}}","{""generator"":""clustered"",""dataset"":""clustered_t__nr100000__ns100000__a1_000ep00__g1"",""n_r"":100000,""n_s"":100000,""has_exact_k"":false,""k_target"":0,""k_achieved"":0,""alpha_target"":1,""alpha_achieved"":nan,""notes"":""clusters=10, sigma=0.05, w_min_r=0.003, w_max_r=0.02, share_clusters=1""}"
clustered_t__nr100000__ns100000__a1_000ep00__g1,clustered,1,100000,100000,kd_tree,sampling,3000,0,1,1,529.095,2.16826e+07,1,0,0,0,,0,"{""build_ms"":103.482767,""build_events_ms"":34.325109,""build_kdtrees_ms"":35.426448,""build_rank_arrays_ms"":32.348526,""build_start_index_ms"":1.338785,""phase1_count_ms"":375.672783,""phase2_alias_ms"":49.929468,""phase3_sweep_ms"":44.196384,""run_build_ms"":103.483787,""run_count_ms"":375.676313,""run_sample_ms"":49.930618}",,"{""dataset"":{""source"":""synthetic"",""name"":""clustered_t__nr100000__ns100000__a1_000ep00__g1"",""dim"":2,""path_r"":"""",""path_s"":"""",""synthetic"":{""generator"":""clustered"",""n_r"":100000,""n_s"":100000,""alpha"":1,""seed"":1}},""run"":{""method"":""kd_tree"",""variant"":""sampling"",""t"":3000,""seed"":1,""repeats"":3,""j_star"":1000000,""enum_cap"":0,""write_samples"":false,""verify"":false},""output"":{""out_dir"":""run/temp/exp5/clustered_t"",""run_tag"":""exp5_clustered_t""},""sys"":{""threads"":1},""logging"":{""level"":""INFO"",""with_timestamp"":true,""with_thread_id"":false}}","{""generator"":""clustered"",""dataset"":""clustered_t__nr100000__ns100000__a1_000ep00__g1"",""n_r"":100000,""n_s"":100000,""has_exact_k"":false,""k_target"":0,""k_achieved"":0,""alpha_target"":1,""alpha_achieved"":nan,""notes"":""clusters=10, sigma=0.05, w_min_r=0.003, w_max_r=0.02, share_clusters=1""}"
clustered_t__nr100000__ns100000__a1_000ep00__g1,clustered,1,100000,100000,kd_tree,sampling,3000,1,2,1,531.044,2.16826e+07,1,0,0,0,,0,"{""build_ms"":103.408709,""build_events_ms"":34.290310,""build_kdtrees_ms"":35.365730,""build_rank_arrays_ms"":32.354235,""build_start_index_ms"":1.354224,""phase1_count_ms"":377.653695,""phase2_alias_ms"":49.968567,""phase3_sweep_ms"":44.186044,""run_build_ms"":103.409529,""run_count_ms"":377.656546,""run_sample_ms"":49.969747}",,"{""dataset"":{""source"":""synthetic"",""name"":""clustered_t__nr100000__ns100000__a1_000ep00__g1"",""dim"":2,""path_r"":"""",""path_s"":"""",""synthetic"":{""generator"":""clustered"",""n_r"":100000,""n_s"":100000,""alpha"":1,""seed"":1}},""run"":{""method"":""kd_tree"",""variant"":""sampling"",""t"":3000,""seed"":1,""repeats"":3,""j_star"":1000000,""enum_cap"":0,""write_samples"":false,""verify"":false},""output"":{""out_dir"":""run/temp/exp5/clustered_t"",""run_tag"":""exp5_clustered_t""},""sys"":{""threads"":1},""logging"":{""level"":""INFO"",""with_timestamp"":true,""with_thread_id"":false}}","{""generator"":""clustered"",""dataset"":""clustered_t__nr100000__ns100000__a1_000ep00__g1"",""n_r"":100000,""n_s"":100000,""has_exact_k"":false,""k_target"":0,""k_achieved"":0,""alpha_target"":1,""alpha_achieved"":nan,""notes"":""clusters=10, sigma=0.05, w_min_r=0.003, w_max_r=0.02, share_clusters=1""}"
clustered_t__nr100000__ns100000__a1_000ep00__g1,clustered,1,100000,100000,kd_tree,sampling,3000,2,3,1,527.596,2.16826e+07,1,0,0,0,,0,"{""build_ms"":103.183352,""build_events_ms"":34.323199,""build_kdtrees_ms"":35.126153,""build_rank_arrays_ms"":32.335696,""build_start_index_ms"":1.353164,""phase1_count_ms"":374.527204,""phase2_alias_ms"":49.877938,""phase3_sweep_ms"":44.108576,""run_build_ms"":103.184232,""run_count_ms"":374.529624,""run_sample_ms"":49.878788}",,"{""dataset"":{""source"":""synthetic"",""name"":""clustered_t__nr100000__ns100000__a1_000ep00__g1"",""dim"":2,""path_r"":"""",""path_s"":"""",""synthetic"":{""generator"":""clustered"",""n_r"":100000,""n_s"":100000,""alpha"":1,""seed"":1}},""run"":{""method"":""kd_tree"",""variant"":""sampling"",""t"":3000,""seed"":1,""repeats"":3,""j_star"":1000000,""enum_cap"":0,""write_samples"":false,""verify"":false},""output"":{""out_dir"":""run/temp/exp5/clustered_t"",""run_tag"":""exp5_clustered_t""},""sys"":{""threads"":1},""logging"":{""level"":""INFO"",""with_timestamp"":true,""with_thread_id"":false}}","{""generator"":""clustered"",""dataset"":""clustered_t__nr100000__ns100000__a1_000ep00__g1"",""n_r"":100000,""n_s"":100000,""has_exact_k"":false,""k_target"":0,""k_achieved"":0,""alpha_target"":1,""alpha_achieved"":nan,""notes"":""clusters=10, sigma=0.05, w_min_r=0.003, w_max_r=0.02, share_clusters=1""}"
clustered_t__nr100000__ns100000__a1_000ep00__g1,clustered,1,100000,100000,kd_tree,adaptive,3000,0,1,1,846.107,2.16826e+07,1,0,1,0,fallback_sampling,1000001,"{""adaptive_fallback_sampling_ms"":49.741580,""build_ms"":105.440290,""build_embedding_ms"":34.667892,""build_events_ms"":34.315499,""build_kdtrees_ms"":35.114714,""build_rank_arrays_ms"":34.626703,""build_start_index_ms"":1.337595,""enumerate_prepare_ms"":101.754409,""phase1_count_and_maybe_enumerate_ms"":432.007299,""phase2_alias_ms"":5.261752,""phase2_assign_ms"":0.165226,""phase3_sweep_ms"":43.924990,""run_build_ms"":105.440931,""run_fallback_count_ms"":432.010259,""run_fallback_sample_ms"":49.743080,""run_pilot_enum_prepare_ms"":101.758269,""run_pilot_enum_scan_ms"":157.138435}",,"{""dataset"":{""source"":""synthetic"",""name"":""clustered_t__nr100000__ns100000__a1_000ep00__g1"",""dim"":2,""path_r"":"""",""path_s"":"""",""synthetic"":{""generator"":""clustered"",""n_r"":100000,""n_s"":100000,""alpha"":1,""seed"":1}},""run"":{""method"":""kd_tree"",""variant"":""adaptive"",""t"":3000,""seed"":1,""repeats"":3,""j_star"":1000000,""enum_cap"":0,""write_samples"":false,""verify"":false},""output"":{""out_dir"":""run/temp/exp5/clustered_t"",""run_tag"":""exp5_clustered_t""},""sys"":{""threads"":1},""logging"":{""level"":""INFO"",""with_timestamp"":true,""with_thread_id"":false}}","{""generator"":""clustered"",""dataset"":""clustered_t__nr100000__ns100000__a1_000ep00__g1"",""n_r"":100000,""n_s"":100000,""has_exact_k"":false,""k_target"":0,""k_achieved"":0,""alpha_target"":1,""alpha_achieved"":nan,""notes"":""clusters=10, sigma=0.05, w_min_r=0.003, w_max_r=0.02, share_clusters=1""}"
clustered_t__nr100000__ns100000__a1_000ep00__g1,clustered,1,100000,100000,kd_tree,adaptive,3000,1,2,1,847.29,2.16826e+07,1,0,1,0,fallback_sampling,1000001,"{""adaptive_fallback_sampling_ms"":49.670572,""build_ms"":103.174223,""build_embedding_ms"":32.371026,""build_events_ms"":34.336049,""build_kdtrees_ms"":35.110634,""build_rank_arrays_ms"":32.327916,""build_start_index_ms"":1.352304,""enumerate_prepare_ms"":101.894466,""phase1_count_and_maybe_enumerate_ms"":432.303232,""phase2_alias_ms"":5.244912,""phase2_assign_ms"":0.164197,""phase3_sweep_ms"":43.870459,""run_build_ms"":103.174873,""run_fallback_count_ms"":432.306593,""run_fallback_sample_ms"":49.672271,""run_pilot_enum_prepare_ms"":101.898956,""run_pilot_enum_scan_ms"":160.222037}",,"{""dataset"":{""source"":""synthetic"",""name"":""clustered_t__nr100000__ns100000__a1_000ep00__g1"",""dim"":2,""path_r"":"""",""path_s"":"""",""synthetic"":{""generator"":""clustered"",""n_r"":100000,""n_s"":100000,""alpha"":1,""seed"":1}},""run"":{""method"":""kd_tree"",""variant"":""adaptive"",""t"":3000,""seed"":1,""repeats"":3,""j_star"":1000000,""enum_cap"":0,""write_samples"":false,""verify"":false},""output"":{""out_dir"":""run/temp/exp5/clustered_t"",""run_tag"":""exp5_clustered_t""},""sys"":{""threads"":1},""logging"":{""level"":""INFO"",""with_timestamp"":true,""with_thread_id"":false}}","{""generator"":""clustered"",""dataset"":""clustered_t__nr100000__ns100000__a1_000ep00__g1"",""n_r"":100000,""n_s"":100000,""has_exact_k"":false,""k_target"":0,""k_achieved"":0,""alpha_target"":1,""alpha_achieved"":nan,""notes"":""clusters=10, sigma=0.05, w_min_r=0.003, w_max_r=0.02, share_clusters=1""}"
clustered_t__nr100000__ns100000__a1_000ep00__g1,clustered,1,100000,100000,kd_tree,adaptive,3000,2,3,1,847.661,2.16826e+07,1,0,1,0,fallback_sampling,1000001,"{""adaptive_fallback_sampling_ms"":49.664782,""build_ms"":103.135213,""build_embedding_ms"":32.323266,""build_events_ms"":34.329708,""build_kdtrees_ms"":35.123853,""build_rank_arrays_ms"":32.282207,""build_start_index_ms"":1.354335,""enumerate_prepare_ms"":101.790369,""phase1_count_and_maybe_enumerate_ms"":435.937784,""phase2_alias_ms"":5.304851,""phase2_assign_ms"":0.162787,""phase3_sweep_ms"":43.807301,""run_build_ms"":103.136022,""run_fallback_count_ms"":435.940613,""run_fallback_sample_ms"":49.666482,""run_pilot_enum_prepare_ms"":101.794789,""run_pilot_enum_scan_ms"":157.109634}",,"{""dataset"":{""source"":""synthetic"",""name"":""clustered_t__nr100000__ns100000__a1_000ep00__g1"",""dim"":2,""path_r"":"""",""path_s"":"""",""synthetic"":{""generator"":""clustered"",""n_r"":100000,""n_s"":100000,""alpha"":1,""seed"":1}},""run"":{""method"":""kd_tree"",""variant"":""adaptive"",""t"":3000,""seed"":1,""repeats"":3,""j_star"":1000000,""enum_cap"":0,""write_samples"":false,""verify"":false},""output"":{""out_dir"":""run/temp/exp5/clustered_t"",""run_tag"":""exp5_clustered_t""},""sys"":{""threads"":1},""logging"":{""level"":""INFO"",""with_timestamp"":true,""with_thread_id"":false}}","{""generator"":""clustered"",""dataset"":""clustered_t__nr100000__ns100000__a1_000ep00__g1"",""n_r"":100000,""n_s"":100000,""has_exact_k"":false,""k_target"":0,""k_achieved"":0,""alpha_target"":1,""alpha_achieved"":nan,""notes"":""clusters=10, sigma=0.05, w_min_r=0.003, w_max_r=0.02, share_clusters=1""}"
clustered_t__nr100000__ns100000__a1_000ep00__g1,clustered,1,100000,100000,r_tree,sampling,3000,0,1,1,404.994,2.16826e+07,1,0,0,0,,0,"{""build_ms"":36.172134,""phase1_count_ms"":229.831455,""phase2_assign_ms"":5.446428,""phase3_sample_ms"":133.151192,""run_build_ms"":36.173644,""run_count_ms"":229.833405,""run_sample_ms"":138.984593}",,"{""dataset"":{""source"":""synthetic"",""name"":""clustered_t__nr100000__ns100000__a1_000ep00__g1"",""dim"":2,""path_r"":"""",""path_s"":"""",""synthetic"":{""generator"":""clustered"",""n_r"":100000,""n_s"":100000,""alpha"":1,""seed"":1}},""run"":{""method"":""r_tree"",""variant"":""sampling"",""t"":3000,""seed"":1,""repeats"":3,""j_star"":1000000,""enum_cap"":0,""write_samples"":false,""verify"":false},""output"":{""out_dir"":""run/temp/exp5/clustered_t"",""run_tag"":""exp5_clustered_t""},""sys"":{""threads"":1},""logging"":{""level"":""INFO"",""with_timestamp"":true,""with_thread_id"":false}}","{""generator"":""clustered"",""dataset"":""clustered_t__nr100000__ns100000__a1_000ep00__g1"",""n_r"":100000,""n_s"":100000,""has_exact_k"":false,""k_target"":0,""k_achieved"":0,""alpha_target"":1,""alpha_achieved"":nan,""notes"":""clusters=10, sigma=0.05, w_min_r=0.003, w_max_r=0.02, share_clusters=1""}"
clustered_t__nr100000__ns100000__a1_000ep00__g1,clustered,1,100000,100000,r_tree,sampling,3000,1,2,1,407.616,2.16826e+07,1,0,0,0,,0,"{""build_ms"":36.237703,""phase1_count_ms"":232.529285,""phase2_assign_ms"":5.413779,""phase3_sample_ms"":132.910837,""run_build_ms"":36.238983,""run_count_ms"":232.530974,""run_sample_ms"":138.711378}",,"{""dataset"":{""source"":""synthetic"",""name"":""clustered_t__nr100000__ns100000__a1_000ep00__g1"",""dim"":2,""path_r"":"""",""path_s"":"""",""synthetic"":{""generator"":""clustered"",""n_r"":100000,""n_s"":100000,""alpha"":1,""seed"":1}},""run"":{""method"":""r_tree"",""variant"":""sampling"",""t"":3000,""seed"":1,""repeats"":3,""j_star"":1000000,""enum_cap"":0,""write_samples"":false,""verify"":false},""output"":{""out_dir"":""run/temp/exp5/clustered_t"",""run_tag"":""exp5_clustered_t""},""sys"":{""threads"":1},""logging"":{""level"":""INFO"",""with_timestamp"":true,""with_thread_id"":false}}","{""generator"":""clustered"",""dataset"":""clustered_t__nr100000__ns100000__a1_000ep00__g1"",""n_r"":100000,""n_s"":100000,""has_exact_k"":false,""k_target"":0,""k_achieved"":0,""alpha_target"":1,""alpha_achieved"":nan,""notes"":""clusters=10, sigma=0.05, w_min_r=0.003, w_max_r=0.02, share_clusters=1""}"
clustered_t__nr100000__ns100000__a1_000ep00__g1,clustered,1,100000,100000,r_tree,sampling,3000,2,3,1,407.563,2.16826e+07,1,0,0,0,,0,"{""build_ms"":36.172904,""phase1_count_ms"":231.900536,""phase2_assign_ms"":5.489277,""phase3_sample_ms"":133.476835,""run_build_ms"":36.173984,""run_count_ms"":231.902496,""run_sample_ms"":139.352905}",,"{""dataset"":{""source"":""synthetic"",""name"":""clustered_t__nr100000__ns100000__a1_000ep00__g1"",""dim"":2,""path_r"":"""",""path_s"":"""",""synthetic"":{""generator"":""clustered"",""n_r"":100000,""n_s"":100000,""alpha"":1,""seed"":1}},""run"":{""method"":""r_tree"",""variant"":""sampling"",""t"":3000,""seed"":1,""repeats"":3,""j_star"":1000000,""enum_cap"":0,""write_samples"":false,""verify"":false},""output"":{""out_dir"":""run/temp/exp5/clustered_t"",""run_tag"":""exp5_clustered_t""},""sys"":{""threads"":1},""logging"":{""level"":""INFO"",""with_timestamp"":true,""with_thread_id"":false}}","{""generator"":""clustered"",""dataset"":""clustered_t__nr100000__ns100000__a1_000ep00__g1"",""n_r"":100000,""n_s"":100000,""has_exact_k"":false,""k_target"":0,""k_achieved"":0,""alpha_target"":1,""alpha_achieved"":nan,""notes"":""clusters=10, sigma=0.05, w_min_r=0.003, w_max_r=0.02, share_clusters=1""}"
clustered_t__nr100000__ns100000__a1_000ep00__g1,clustered,1,100000,100000,r_tree,adaptive,3000,0,1,1,511.892,2.16826e+07,1,0,1,0,fallback_sampling,1000001,"{""build_ms"":36.182244,""enumerate_prepare_ms"":34.539754,""phase1_adaptive_count_ms"":248.663692,""phase2+3_sampling_ms"":138.335555,""run_build_ms"":36.183144,""run_fallback_count_ms"":248.666342,""run_fallback_sample_ms"":138.337785,""run_pilot_enum_prepare_ms"":34.542124,""run_pilot_enum_scan_ms"":54.133978}",,"{""dataset"":{""source"":""synthetic"",""name"":""clustered_t__nr100000__ns100000__a1_000ep00__g1"",""dim"":2,""path_r"":"""",""path_s"":"""",""synthetic"":{""generator"":""clustered"",""n_r"":100000,""n_s"":100000,""alpha"":1,""seed"":1}},""run"":{""method"":""r_tree"",""variant"":""adaptive"",""t"":3000,""seed"":1,""repeats"":3,""j_star"":1000000,""enum_cap"":0,""write_samples"":false,""verify"":false},""output"":{""out_dir"":""run/temp/exp5/clustered_t"",""run_tag"":""exp5_clustered_t""},""sys"":{""threads"":1},""logging"":{""level"":""INFO"",""with_timestamp"":true,""with_thread_id"":false}}","{""generator"":""clustered"",""dataset"":""clustered_t__nr100000__ns100000__a1_000ep00__g1"",""n_r"":100000,""n_s"":100000,""has_exact_k"":false,""k_target"":0,""k_achieved"":0,""alpha_target"":1,""alpha_achieved"":nan,""notes"":""clusters=10, sigma=0.05, w_min_r=0.003, w_max_r=0.02, share_clusters=1""}"
clustered_t__nr100000__ns100000__a1_000ep00__g1,clustered,1,100000,100000,r_tree,adaptive,3000,1,2,1,508.989,2.16826e+07,1,0,1,0,fallback_sampling,1000001,"{""build_ms"":36.193924,""enumerate_prepare_ms"":34.513015,""phase1_adaptive_count_ms"":246.045940,""phase2+3_sampling_ms"":138.056960,""run_build_ms"":36.195324,""run_fallback_count_ms"":246.048400,""run_fallback_sample_ms"":138.059060,""run_pilot_enum_prepare_ms"":34.515645,""run_pilot_enum_scan_ms"":54.017440}",,"{""dataset"":{""source"":""synthetic"",""name"":""clustered_t__nr100000__ns100000__a1_000ep00__g1"",""dim"":2,""path_r"":"""",""path_s"":"""",""synthetic"":{""generator"":""clustered"",""n_r"":100000,""n_s"":100000,""alpha"":1,""seed"":1}},""run"":{""method"":""r_tree"",""variant"":""adaptive"",""t"":3000,""seed"":1,""repeats"":3,""j_star"":1000000,""enum_cap"":0,""write_samples"":false,""verify"":false},""output"":{""out_dir"":""run/temp/exp5/clustered_t"",""run_tag"":""exp5_clustered_t""},""sys"":{""threads"":1},""logging"":{""level"":""INFO"",""with_timestamp"":true,""with_thread_id"":false}}","{""generator"":""clustered"",""dataset"":""clustered_t__nr100000__ns100000__a1_000ep00__g1"",""n_r"":100000,""n_s"":100000,""has_exact_k"":false,""k_target"":0,""k_achieved"":0,""alpha_target"":1,""alpha_achieved"":nan,""notes"":""clusters=10, sigma=0.05, w_min_r=0.003, w_max_r=0.02, share_clusters=1""}"
clustered_t__nr100000__ns100000__a1_000ep00__g1,clustered,1,100000,100000,r_tree,adaptive,3000,2,3,1,509.824,2.16826e+07,1,0,1,0,fallback_sampling,1000001,"{""build_ms"":36.182724,""enumerate_prepare_ms"":34.522285,""phase1_adaptive_count_ms"":246.570872,""phase2+3_sampling_ms"":138.249285,""run_build_ms"":36.183994,""run_fallback_count_ms"":246.573062,""run_fallback_sample_ms"":138.251595,""run_pilot_enum_prepare_ms"":34.524755,""run_pilot_enum_scan_ms"":54.136278}",,"{""dataset"":{""source"":""synthetic"",""name"":""clustered_t__nr100000__ns100000__a1_000ep00__g1"",""dim"":2,""path_r"":"""",""path_s"":"""",""synthetic"":{""generator"":""clustered"",""n_r"":100000,""n_s"":100000,""alpha"":1,""seed"":1}},""run"":{""method"":""r_tree"",""variant"":""adaptive"",""t"":3000,""seed"":1,""repeats"":3,""j_star"":1000000,""enum_cap"":0,""write_samples"":false,""verify"":false},""output"":{""out_dir"":""run/temp/exp5/clustered_t"",""run_tag"":""exp5_clustered_t""},""sys"":{""threads"":1},""logging"":{""level"":""INFO"",""with_timestamp"":true,""with_thread_id"":false}}","{""generator"":""clustered"",""dataset"":""clustered_t__nr100000__ns100000__a1_000ep00__g1"",""n_r"":100000,""n_s"":100000,""has_exact_k"":false,""k_target"":0,""k_achieved"":0,""alpha_target"":1,""alpha_achieved"":nan,""notes"":""clusters=10, sigma=0.05, w_min_r=0.003, w_max_r=0.02, share_clusters=1""}"
clustered_t__nr100000__ns100000__a1_000ep00__g1,clustered,1,100000,100000,range_tree,sampling,3000,0,1,1,1898.55,2.16826e+07,1,0,0,0,,0,"{""build_ms"":102.111101,""build_events_ms"":34.289300,""build_range_trees_ms"":35.515476,""build_rank_arrays_ms"":30.924522,""build_start_index_ms"":1.337435,""phase1_count_ms"":1049.379202,""phase2_alias_ms"":747.046813,""phase3_sweep_ms"":741.214712,""run_build_ms"":102.111901,""run_count_ms"":1049.381632,""run_sample_ms"":747.047873}",,"{""dataset"":{""source"":""synthetic"",""name"":""clustered_t__nr100000__ns100000__a1_000ep00__g1"",""dim"":2,""path_r"":"""",""path_s"":"""",""synthetic"":{""generator"":""clustered"",""n_r"":100000,""n_s"":100000,""alpha"":1,""seed"":1}},""run"":{""method"":""range_tree"",""variant"":""sampling"",""t"":3000,""seed"":1,""repeats"":3,""j_star"":1000000,""enum_cap"":0,""write_samples"":false,""verify"":false},""output"":{""out_dir"":""run/temp/exp5/clustered_t"",""run_tag"":""exp5_clustered_t""},""sys"":{""threads"":1},""logging"":{""level"":""INFO"",""with_timestamp"":true,""with_thread_id"":false}}","{""generator"":""clustered"",""dataset"":""clustered_t__nr100000__ns100000__a1_000ep00__g1"",""n_r"":100000,""n_s"":100000,""has_exact_k"":false,""k_target"":0,""k_achieved"":0,""alpha_target"":1,""alpha_achieved"":nan,""notes"":""clusters=10, sigma=0.05, w_min_r=0.003, w_max_r=0.02, share_clusters=1""}"
clustered_t__nr100000__ns100000__a1_000ep00__g1,clustered,1,100000,100000,range_tree,sampling,3000,1,2,1,1893.41,2.16826e+07,1,0,0,0,,0,"{""build_ms"":100.794445,""build_events_ms"":34.307688,""build_range_trees_ms"":34.204911,""build_rank_arrays_ms"":30.874363,""build_start_index_ms"":1.362395,""phase1_count_ms"":1049.380998,""phase2_alias_ms"":743.218671,""phase3_sweep_ms"":737.358611,""run_build_ms"":100.795265,""run_count_ms"":1049.384078,""run_sample_ms"":743.219791}",,"{""dataset"":{""source"":""synthetic"",""name"":""clustered_t__nr100000__ns100000__a1_000ep00__g1"",""dim"":2,""path_r"":"""",""path_s"":"""",""synthetic"":{""generator"":""clustered"",""n_r"":100000,""n_s"":100000,""alpha"":1,""seed"":1}},""run"":{""method"":""range_tree"",""variant"":""sampling"",""t"":3000,""seed"":1,""repeats"":3,""j_star"":1000000,""enum_cap"":0,""write_samples"":false,""verify"":false},""output"":{""out_dir"":""run/temp/exp5/clustered_t"",""run_tag"":""exp5_clustered_t""},""sys"":{""threads"":1},""logging"":{""level"":""INFO"",""with_timestamp"":true,""with_thread_id"":false}}","{""generator"":""clustered"",""dataset"":""clustered_t__nr100000__ns100000__a1_000ep00__g1"",""n_r"":100000,""n_s"":100000,""has_exact_k"":false,""k_target"":0,""k_achieved"":0,""alpha_target"":1,""alpha_achieved"":nan,""notes"":""clusters=10, sigma=0.05, w_min_r=0.003, w_max_r=0.02, share_clusters=1""}"
clustered_t__nr100000__ns100000__a1_000ep00__g1,clustered,1,100000,100000,range_tree,sampling,3000,2,3,1,1896.16,2.16826e+07,1,0,0,0,,0,"{""build_ms"":103.400436,""build_events_ms"":34.299429,""build_range_trees_ms"":34.131441,""build_rank_arrays_ms"":33.572822,""build_start_index_ms"":1.353574,""phase1_count_ms"":1049.061370,""phase2_alias_ms"":743.682149,""phase3_sweep_ms"":737.881188,""run_build_ms"":103.401236,""run_count_ms"":1049.064090,""run_sample_ms"":743.686830}",,"{""dataset"":{""source"":""synthetic"",""name"":""clustered_t__nr100000__ns100000__a1_000ep00__g1"",""dim"":2,""path_r"":"""",""path_s"":"""",""synthetic"":{""generator"":""clustered"",""n_r"":100000,""n_s"":100000,""alpha"":1,""seed"":1}},""run"":{""method"":""range_tree"",""variant"":""sampling"",""t"":3000,""seed"":1,""repeats"":3,""j_star"":1000000,""enum_cap"":0,""write_samples"":false,""verify"":false},""output"":{""out_dir"":""run/temp/exp5/clustered_t"",""run_tag"":""exp5_clustered_t""},""sys"":{""threads"":1},""logging"":{""level"":""INFO"",""with_timestamp"":true,""with_thread_id"":false}}","{""generator"":""clustered"",""dataset"":""clustered_t__nr100000__ns100000__a1_000ep00__g1"",""n_r"":100000,""n_s"":100000,""has_exact_k"":false,""k_target"":0,""k_achieved"":0,""alpha_target"":1,""alpha_achieved"":nan,""notes"":""clusters=10, sigma=0.05, w_min_r=0.003, w_max_r=0.02, share_clusters=1""}"
clustered_t__nr100000__ns100000__a1_000ep00__g1,clustered,1,100000,100000,range_tree,adaptive,3000,0,1,1,2258.49,2.16826e+07,1,0,1,0,fallback_sampling,1000001,"{""adaptive_count_ms"":1111.588204,""build_ms"":102.088511,""build_events_ms"":34.302249,""build_range_trees_ms"":35.533776,""build_rank_arrays_ms"":30.864383,""build_start_index_ms"":1.342644,""enumerate_prepare_ms"":103.270068,""phase2_alias_ms"":747.186610,""phase3_sweep_ms"":741.600004,""run_build_ms"":102.089171,""run_fallback_count_ms"":1111.590604,""run_fallback_sample_ms"":747.188100,""run_pilot_enum_prepare_ms"":103.273258,""run_pilot_enum_scan_ms"":194.327015}",,"{""dataset"":{""source"":""synthetic"",""name"":""clustered_t__nr100000__ns100000__a1_000ep00__g1"",""dim"":2,""path_r"":"""",""path_s"":"""",""synthetic"":{""generator"":""clustered"",""n_r"":100000,""n_s"":100000,""alpha"":1,""seed"":1}},""run"":{""method"":""range_tree"",""variant"":""adaptive"",""t"":3000,""seed"":1,""repeats"":3,""j_star"":1000000,""enum_cap"":0,""write_samples"":false,""verify"":false},""output"":{""out_dir"":""run/temp/exp5/clustered_t"",""run_tag"":""exp5_clustered_t""},""sys"":{""threads"":1},""logging"":{""level"":""INFO"",""with_timestamp"":true,""with_thread_id"":false}}","{""generator"":""clustered"",""dataset"":""clustered_t__nr100000__ns100000__a1_000ep00__g1"",""n_r"":100000,""n_s"":100000,""has_exact_k"":false,""k_target"":0,""k_achieved"":0,""alpha_target"":1,""alpha_achieved"":nan,""notes"":""clusters=10, sigma=0.05, w_min_r=0.003, w_max_r=0.02, share_clusters=1""}"
clustered_t__nr100000__ns100000__a1_000ep00__g1,clustered,1,100000,100000,range_tree,adaptive,3000,1,2,1,2252.26,2.16826e+07,1,0,1,0,fallback_sampling,1000001,"{""adaptive_count_ms"":1110.906022,""build_ms"":100.516139,""build_events_ms"":34.307168,""build_range_trees_ms"":33.924275,""build_rank_arrays_ms"":30.883502,""build_start_index_ms"":1.357214,""enumerate_prepare_ms"":100.354852,""phase2_alias_ms"":745.903931,""phase3_sweep_ms"":740.339865,""run_build_ms"":100.517199,""run_fallback_count_ms"":1110.908931,""run_fallback_sample_ms"":745.905241,""run_pilot_enum_prepare_ms"":100.359302,""run_pilot_enum_scan_ms"":194.541870}",,"{""dataset"":{""source"":""synthetic"",""name"":""clustered_t__nr100000__ns100000__a1_000ep00__g1"",""dim"":2,""path_r"":"""",""path_s"":"""",""synthetic"":{""generator"":""clustered"",""n_r"":100000,""n_s"":100000,""alpha"":1,""seed"":1}},""run"":{""method"":""range_tree"",""variant"":""adaptive"",""t"":3000,""seed"":1,""repeats"":3,""j_star"":1000000,""enum_cap"":0,""write_samples"":false,""verify"":false},""output"":{""out_dir"":""run/temp/exp5/clustered_t"",""run_tag"":""exp5_clustered_t""},""sys"":{""threads"":1},""logging"":{""level"":""INFO"",""with_timestamp"":true,""with_thread_id"":false}}","{""generator"":""clustered"",""dataset"":""clustered_t__nr100000__ns100000__a1_000ep00__g1"",""n_r"":100000,""n_s"":100000,""has_exact_k"":false,""k_target"":0,""k_achieved"":0,""alpha_target"":1,""alpha_achieved"":nan,""notes"":""clusters=10, sigma=0.05, w_min_r=0.003, w_max_r=0.02, share_clusters=1""}"
clustered_t__nr100000__ns100000__a1_000ep00__g1,clustered,1,100000,100000,range_tree,adaptive,3000,2,3,1,2250.77,2.16826e+07,1,0,1,0,fallback_sampling,1000001,"{""adaptive_count_ms"":1110.478644,""build_ms"":100.642026,""build_events_ms"":34.296168,""build_range_trees_ms"":34.055692,""build_rank_arrays_ms"":30.877903,""build_start_index_ms"":1.366954,""enumerate_prepare_ms"":100.537328,""phase2_alias_ms"":745.403956,""phase3_sweep_ms"":739.823950,""run_build_ms"":100.642816,""run_fallback_count_ms"":1110.480704,""run_fallback_sample_ms"":745.409896,""run_pilot_enum_prepare_ms"":100.541358,""run_pilot_enum_scan_ms"":193.682235}",,"{""dataset"":{""source"":""synthetic"",""name"":""clustered_t__nr100000__ns100000__a1_000ep00__g1"",""dim"":2,""path_r"":"""",""path_s"":"""",""synthetic"":{""generator"":""clustered"",""n_r"":100000,""n_s"":100000,""alpha"":1,""seed"":1}},""run"":{""method"":""range_tree"",""variant"":""adaptive"",""t"":3000,""seed"":1,""repeats"":3,""j_star"":1000000,""enum_cap"":0,""write_samples"":false,""verify"":false},""output"":{""out_dir"":""run/temp/exp5/clustered_t"",""run_tag"":""exp5_clustered_t""},""sys"":{""threads"":1},""logging"":{""level"":""INFO"",""with_timestamp"":true,""with_thread_id"":false}}","{""generator"":""clustered"",""dataset"":""clustered_t__nr100000__ns100000__a1_000ep00__g1"",""n_r"":100000,""n_s"":100000,""has_exact_k"":false,""k_target"":0,""k_achieved"":0,""alpha_target"":1,""alpha_achieved"":nan,""notes"":""clusters=10, sigma=0.05, w_min_r=0.003, w_max_r=0.02, share_clusters=1""}"
clustered_t__nr100000__ns100000__a1_000ep00__g1,clustered,1,100000,100000,pbsm,sampling,3000,0,1,1,1608.61,2.16826e+07,1,0,0,0,,0,"{""build_ms"":21.763333,""pbsm_build_ms"":21.762783,""pbsm_count_pass1_ms"":783.392594,""pbsm_partitions_stripes_ms"":21.419679,""pbsm_sample_draw_ranks_ms"":0.135288,""pbsm_sample_pass2_select_ms"":803.301960,""run_build_ms"":21.763763,""run_count_ms"":783.396294,""run_sample_ms"":803.449807}",,"{""dataset"":{""source"":""synthetic"",""name"":""clustered_t__nr100000__ns100000__a1_000ep00__g1"",""dim"":2,""path_r"":"""",""path_s"":"""",""synthetic"":{""generator"":""clustered"",""n_r"":100000,""n_s"":100000,""alpha"":1,""seed"":1}},""run"":{""method"":""pbsm"",""variant"":""sampling"",""t"":3000,""seed"":1,""repeats"":3,""j_star"":1000000,""enum_cap"":0,""write_samples"":false,""verify"":false},""output"":{""out_dir"":""run/temp/exp5/clustered_t"",""run_tag"":""exp5_clustered_t""},""sys"":{""threads"":1},""logging"":{""level"":""INFO"",""with_timestamp"":true,""with_thread_id"":false}}","{""generator"":""clustered"",""dataset"":""clustered_t__nr100000__ns100000__a1_000ep00__g1"",""n_r"":100000,""n_s"":100000,""has_exact_k"":false,""k_target"":0,""k_achieved"":0,""alpha_target"":1,""alpha_achieved"":nan,""notes"":""clusters=10, sigma=0.05, w_min_r=0.003, w_max_r=0.02, share_clusters=1""}"
clustered_t__nr100000__ns100000__a1_000ep00__g1,clustered,1,100000,100000,pbsm,sampling,3000,1,2,1,1617.69,2.16826e+07,1,0,0,0,,0,"{""build_ms"":21.756663,""pbsm_build_ms"":21.756043,""pbsm_count_pass1_ms"":792.530569,""pbsm_partitions_stripes_ms"":21.413329,""pbsm_sample_draw_ranks_ms"":0.131887,""pbsm_sample_pass2_select_ms"":803.250708,""run_build_ms"":21.757183,""run_count_ms"":792.533669,""run_sample_ms"":803.394445}",,"{""dataset"":{""source"":""synthetic"",""name"":""clustered_t__nr100000__ns100000__a1_000ep00__g1"",""dim"":2,""path_r"":"""",""path_s"":"""",""synthetic"":{""generator"":""clustered"",""n_r"":100000,""n_s"":100000,""alpha"":1,""seed"":1}},""run"":{""method"":""pbsm"",""variant"":""sampling"",""t"":3000,""seed"":1,""repeats"":3,""j_star"":1000000,""enum_cap"":0,""write_samples"":false,""verify"":false},""output"":{""out_dir"":""run/temp/exp5/clustered_t"",""run_tag"":""exp5_clustered_t""},""sys"":{""threads"":1},""logging"":{""level"":""INFO"",""with_timestamp"":true,""with_thread_id"":false}}","{""generator"":""clustered"",""dataset"":""clustered_t__nr100000__ns100000__a1_000ep00__g1"",""n_r"":100000,""n_s"":100000,""has_exact_k"":false,""k_target"":0,""k_achieved"":0,""alpha_target"":1,""alpha_achieved"":nan,""notes"":""clusters=10, sigma=0.05, w_min_r=0.003, w_max_r=0.02, share_clusters=1""}"
clustered_t__nr100000__ns100000__a1_000ep00__g1,clustered,1,100000,100000,pbsm,sampling,3000,2,3,1,1620,2.16826e+07,1,0,0,0,,0,"{""build_ms"":21.729793,""pbsm_build_ms"":21.729433,""pbsm_count_pass1_ms"":795.442252,""pbsm_partitions_stripes_ms"":21.386069,""pbsm_sample_draw_ranks_ms"":0.131898,""pbsm_sample_pass2_select_ms"":802.670926,""run_build_ms"":21.730063,""run_count_ms"":795.446392,""run_sample_ms"":802.816043}",,"{""dataset"":{""source"":""synthetic"",""name"":""clustered_t__nr100000__ns100000__a1_000ep00__g1"",""dim"":2,""path_r"":"""",""path_s"":"""",""synthetic"":{""generator"":""clustered"",""n_r"":100000,""n_s"":100000,""alpha"":1,""seed"":1}},""run"":{""method"":""pbsm"",""variant"":""sampling"",""t"":3000,""seed"":1,""repeats"":3,""j_star"":1000000,""enum_cap"":0,""write_samples"":false,""verify"":false},""output"":{""out_dir"":""run/temp/exp5/clustered_t"",""run_tag"":""exp5_clustered_t""},""sys"":{""threads"":1},""logging"":{""level"":""INFO"",""with_timestamp"":true,""with_thread_id"":false}}","{""generator"":""clustered"",""dataset"":""clustered_t__nr100000__ns100000__a1_000ep00__g1"",""n_r"":100000,""n_s"":100000,""has_exact_k"":false,""k_target"":0,""k_achieved"":0,""alpha_target"":1,""alpha_achieved"":nan,""notes"":""clusters=10, sigma=0.05, w_min_r=0.003, w_max_r=0.02, share_clusters=1""}"
clustered_t__nr100000__ns100000__a1_000ep00__g1,clustered,1,100000,100000,pbsm,adaptive,3000,0,1,1,1700.71,2.16826e+07,1,0,1,0,fallback_sampling,1000001,"{""build_ms"":21.728903,""enumerate_prepare_ms"":0.000190,""pbsm_adaptive_pass1_ms"":821.167737,""pbsm_adaptive_sample_large_ms"":818.652894,""pbsm_build_ms"":21.728163,""pbsm_partitions_stripes_ms"":21.386310,""run_build_ms"":21.729563,""run_fallback_count_ms"":821.171807,""run_fallback_sample_ms"":818.656653,""run_pilot_enum_prepare_ms"":0.000620,""run_pilot_enum_scan_ms"":39.133597}",,"{""dataset"":{""source"":""synthetic"",""name"":""clustered_t__nr100000__ns100000__a1_000ep00__g1"",""dim"":2,""path_r"":"""",""path_s"":"""",""synthetic"":{""generator"":""clustered"",""n_r"":100000,""n_s"":100000,""alpha"":1,""seed"":1}},""run"":{""method"":""pbsm"",""variant"":""adaptive"",""t"":3000,""seed"":1,""repeats"":3,""j_star"":1000000,""enum_cap"":0,""write_samples"":false,""verify"":false},""output"":{""out_dir"":""run/temp/exp5/clustered_t"",""run_tag"":""exp5_clustered_t""},""sys"":{""threads"":1},""logging"":{""level"":""INFO"",""with_timestamp"":true,""with_thread_id"":false}}","{""generator"":""clustered"",""dataset"":""clustered_t__nr100000__ns100000__a1_000ep00__g1"",""n_r"":100000,""n_s"":100000,""has_exact_k"":false,""k_target"":0,""k_achieved"":0,""alpha_target"":1,""alpha_achieved"":nan,""notes"":""clusters=10, sigma=0.05, w_min_r=0.003, w_max_r=0.02, share_clusters=1""}"
clustered_t__nr100000__ns100000__a1_000ep00__g1,clustered,1,100000,100000,pbsm,adaptive,3000,1,2,1,1696.42,2.16826e+07,1,0,1,0,fallback_sampling,1000001,"{""build_ms"":21.770862,""enumerate_prepare_ms"":0.000290,""pbsm_adaptive_pass1_ms"":818.369967,""pbsm_adaptive_sample_large_ms"":816.356163,""pbsm_build_ms"":21.770332,""pbsm_partitions_stripes_ms"":21.419068,""run_build_ms"":21.771232,""run_fallback_count_ms"":818.374747,""run_fallback_sample_ms"":816.361043,""run_pilot_enum_prepare_ms"":0.000760,""run_pilot_enum_scan_ms"":39.901073}",,"{""dataset"":{""source"":""synthetic"",""name"":""clustered_t__nr100000__ns100000__a1_000ep00__g1"",""dim"":2,""path_r"":"""",""path_s"":"""",""synthetic"":{""generator"":""clustered"",""n_r"":100000,""n_s"":100000,""alpha"":1,""seed"":1}},""run"":{""method"":""pbsm"",""variant"":""adaptive"",""t"":3000,""seed"":1,""repeats"":3,""j_star"":1000000,""enum_cap"":0,""write_samples"":false,""verify"":false},""output"":{""out_dir"":""run/temp/exp5/clustered_t"",""run_tag"":""exp5_clustered_t""},""sys"":{""threads"":1},""logging"":{""level"":""INFO"",""with_timestamp"":true,""with_thread_id"":false}}","{""generator"":""clustered"",""dataset"":""clustered_t__nr100000__ns100000__a1_000ep00__g1"",""n_r"":100000,""n_s"":100000,""has_exact_k"":false,""k_target"":0,""k_achieved"":0,""alpha_target"":1,""alpha_achieved"":nan,""notes"":""clusters=10, sigma=0.05, w_min_r=0.003, w_max_r=0.02, share_clusters=1""}"
clustered_t__nr100000__ns100000__a1_000ep00__g1,clustered,1,100000,100000,pbsm,adaptive,3000,2,3,1,1698.93,2.16826e+07,1,0,1,0,fallback_sampling,1000001,"{""build_ms"":21.800961,""enumerate_prepare_ms"":0.000260,""pbsm_adaptive_pass1_ms"":820.939486,""pbsm_adaptive_sample_large_ms"":816.300982,""pbsm_build_ms"":21.800541,""pbsm_partitions_stripes_ms"":21.455958,""run_build_ms"":21.801361,""run_fallback_count_ms"":820.944646,""run_fallback_sample_ms"":816.304171,""run_pilot_enum_prepare_ms"":0.000700,""run_pilot_enum_scan_ms"":39.862623}",,"{""dataset"":{""source"":""synthetic"",""name"":""clustered_t__nr100000__ns100000__a1_000ep00__g1"",""dim"":2,""path_r"":"""",""path_s"":"""",""synthetic"":{""generator"":""clustered"",""n_r"":100000,""n_s"":100000,""alpha"":1,""seed"":1}},""run"":{""method"":""pbsm"",""variant"":""adaptive"",""t"":3000,""seed"":1,""repeats"":3,""j_star"":1000000,""enum_cap"":0,""write_samples"":false,""verify"":false},""output"":{""out_dir"":""run/temp/exp5/clustered_t"",""run_tag"":""exp5_clustered_t""},""sys"":{""threads"":1},""logging"":{""level"":""INFO"",""with_timestamp"":true,""with_thread_id"":false}}","{""generator"":""clustered"",""dataset"":""clustered_t__nr100000__ns100000__a1_000ep00__g1"",""n_r"":100000,""n_s"":100000,""has_exact_k"":false,""k_target"":0,""k_achieved"":0,""alpha_target"":1,""alpha_achieved"":nan,""notes"":""clusters=10, sigma=0.05, w_min_r=0.003, w_max_r=0.02, share_clusters=1""}"
clustered_t__nr100000__ns100000__a1_000ep00__g1,clustered,1,100000,100000,tlsop,sampling,3000,0,1,1,612.478,2.16826e+07,1,0,0,0,,0,"{""build_ms"":33.676449,""run_build_ms"":33.677199,""run_count_ms"":284.252533,""run_sample_ms"":294.544629,""tlsop_alloc_tiles_ms"":0.059319,""tlsop_build_ms"":33.675689,""tlsop_build_edges_ms"":0.000320,""tlsop_count_pass1_ms"":284.248563,""tlsop_pass1_count_caps_ms"":5.928669,""tlsop_pass1_reserve_ms"":0.541580,""tlsop_pass2_fill_ms"":7.384721,""tlsop_sample_draw_ranks_ms"":0.134768,""tlsop_sample_pass2_select_ms"":294.400162,""tlsop_sort_lists_ms"":19.747980}",,"{""dataset"":{""source"":""synthetic"",""name"":""clustered_t__nr100000__ns100000__a1_000ep00__g1"",""dim"":2,""path_r"":"""",""path_s"":"""",""synthetic"":{""generator"":""clustered"",""n_r"":100000,""n_s"":100000,""alpha"":1,""seed"":1}},""run"":{""method"":""tlsop"",""variant"":""sampling"",""t"":3000,""seed"":1,""repeats"":3,""j_star"":1000000,""enum_cap"":0,""write_samples"":false,""verify"":false},""output"":{""out_dir"":""run/temp/exp5/clustered_t"",""run_tag"":""exp5_clustered_t""},""sys"":{""threads"":1},""logging"":{""level"":""INFO"",""with_timestamp"":true,""with_thread_id"":false}}","{""generator"":""clustered"",""dataset"":""clustered_t__nr100000__ns100000__a1_000ep00__g1"",""n_r"":100000,""n_s"":100000,""has_exact_k"":false,""k_target"":0,""k_achieved"":0,""alpha_target"":1,""alpha_achieved"":nan,""notes"":""clusters=10, sigma=0.05, w_min_r=0.003, w_max_r=0.02, share_clusters=1""}"
clustered_t__nr100000__ns100000__a1_000ep00__g1,clustered,1,100000,100000,tlsop,sampling,3000,1,2,1,619.069,2.16826e+07,1,0,0,0,,0,"{""build_ms"":35.665621,""run_build_ms"":35.666411,""run_count_ms"":286.763525,""run_sample_ms"":295.987612,""tlsop_alloc_tiles_ms"":0.061509,""tlsop_build_ms"":35.664591,""tlsop_build_edges_ms"":0.000560,""tlsop_count_pass1_ms"":286.759935,""tlsop_pass1_count_caps_ms"":8.557979,""tlsop_pass1_reserve_ms"":0.467881,""tlsop_pass2_fill_ms"":7.075278,""tlsop_sample_draw_ranks_ms"":0.128167,""tlsop_sample_pass2_select_ms"":295.850075,""tlsop_sort_lists_ms"":19.447415}",,"{""dataset"":{""source"":""synthetic"",""name"":""clustered_t__nr100000__ns100000__a1_000ep00__g1"",""dim"":2,""path_r"":"""",""path_s"":"""",""synthetic"":{""generator"":""clustered"",""n_r"":100000,""n_s"":100000,""alpha"":1,""seed"":1}},""run"":{""method"":""tlsop"",""variant"":""sampling"",""t"":3000,""seed"":1,""repeats"":3,""j_star"":1000000,""enum_cap"":0,""write_samples"":false,""verify"":false},""output"":{""out_dir"":""run/temp/exp5/clustered_t"",""run_tag"":""exp5_clustered_t""},""sys"":{""threads"":1},""logging"":{""level"":""INFO"",""with_timestamp"":true,""with_thread_id"":false}}","{""generator"":""clustered"",""dataset"":""clustered_t__nr100000__ns100000__a1_000ep00__g1"",""n_r"":100000,""n_s"":100000,""has_exact_k"":false,""k_target"":0,""k_achieved"":0,""alpha_target"":1,""alpha_achieved"":nan,""notes"":""clusters=10, sigma=0.05, w_min_r=0.003, w_max_r=0.02, share_clusters=1""}"
clustered_t__nr100000__ns100000__a1_000ep00__g1,clustered,1,100000,100000,tlsop,sampling,3000,2,3,1,619.253,2.16826e+07,1,0,0,0,,0,"{""build_ms"":33.176308,""run_build_ms"":33.176918,""run_count_ms"":287.047309,""run_sample_ms"":298.445576,""tlsop_alloc_tiles_ms"":0.061709,""tlsop_build_ms"":33.175358,""tlsop_build_edges_ms"":0.000720,""tlsop_count_pass1_ms"":287.043219,""tlsop_pass1_count_caps_ms"":5.943319,""tlsop_pass1_reserve_ms"":0.467671,""tlsop_pass2_fill_ms"":7.073108,""tlsop_sample_draw_ranks_ms"":0.130078,""tlsop_sample_pass2_select_ms"":298.304478,""tlsop_sort_lists_ms"":19.498214}",,"{""dataset"":{""source"":""synthetic"",""name"":""clustered_t__nr100000__ns100000__a1_000ep00__g1"",""dim"":2,""path_r"":"""",""path_s"":"""",""synthetic"":{""generator"":""clustered"",""n_r"":100000,""n_s"":100000,""alpha"":1,""seed"":1}},""run"":{""method"":""tlsop"",""variant"":""sampling"",""t"":3000,""seed"":1,""repeats"":3,""j_star"":1000000,""enum_cap"":0,""write_samples"":false,""verify"":false},""output"":{""out_dir"":""run/temp/exp5/clustered_t"",""run_tag"":""exp5_clustered_t""},""sys"":{""threads"":1},""logging"":{""level"":""INFO"",""with_timestamp"":true,""with_thread_id"":false}}","{""generator"":""clustered"",""dataset"":""clustered_t__nr100000__ns100000__a1_000ep00__g1"",""n_r"":100000,""n_s"":100000,""has_exact_k"":false,""k_target"":0,""k_achieved"":0,""alpha_target"":1,""alpha_achieved"":nan,""notes"":""clusters=10, sigma=0.05, w_min_r=0.003, w_max_r=0.02, share_clusters=1""}"
clustered_t__nr100000__ns100000__a1_000ep00__g1,clustered,1,100000,100000,tlsop,adaptive,3000,0,1,1,633.099,2.16826e+07,1,0,1,0,fallback_sampling,1000001,"{""build_ms"":32.946762,""enumerate_prepare_ms"":0.011739,""run_build_ms"":32.947682,""run_fallback_count_ms"":292.170973,""run_fallback_sample_ms"":292.817161,""run_pilot_enum_prepare_ms"":0.012889,""run_pilot_enum_scan_ms"":15.142187,""tlsop_adaptive_pass1_ms"":292.164983,""tlsop_adaptive_sample_large_ms"":292.812361,""tlsop_alloc_tiles_ms"":0.061298,""tlsop_build_ms"":32.945652,""tlsop_build_edges_ms"":0.000700,""tlsop_pass1_count_caps_ms"":5.953859,""tlsop_pass1_reserve_ms"":0.462861,""tlsop_pass2_fill_ms"":7.002609,""tlsop_sort_lists_ms"":19.451895}",,"{""dataset"":{""source"":""synthetic"",""name"":""clustered_t__nr100000__ns100000__a1_000ep00__g1"",""dim"":2,""path_r"":"""",""path_s"":"""",""synthetic"":{""generator"":""clustered"",""n_r"":100000,""n_s"":100000,""alpha"":1,""seed"":1}},""run"":{""method"":""tlsop"",""variant"":""adaptive"",""t"":3000,""seed"":1,""repeats"":3,""j_star"":1000000,""enum_cap"":0,""write_samples"":false,""verify"":false},""output"":{""out_dir"":""run/temp/exp5/clustered_t"",""run_tag"":""exp5_clustered_t""},""sys"":{""threads"":1},""logging"":{""level"":""INFO"",""with_timestamp"":true,""with_thread_id"":false}}","{""generator"":""clustered"",""dataset"":""clustered_t__nr100000__ns100000__a1_000ep00__g1"",""n_r"":100000,""n_s"":100000,""has_exact_k"":false,""k_target"":0,""k_achieved"":0,""alpha_target"":1,""alpha_achieved"":nan,""notes"":""clusters=10, sigma=0.05, w_min_r=0.003, w_max_r=0.02, share_clusters=1""}"
clustered_t__nr100000__ns100000__a1_000ep00__g1,clustered,1,100000,100000,tlsop,adaptive,3000,1,2,1,636.398,2.16826e+07,1,0,1,0,fallback_sampling,1000001,"{""build_ms"":33.151718,""enumerate_prepare_ms"":0.012920,""run_build_ms"":33.152288,""run_fallback_count_ms"":294.605607,""run_fallback_sample_ms"":293.050645,""run_pilot_enum_prepare_ms"":0.013620,""run_pilot_enum_scan_ms"":15.027908,""tlsop_adaptive_pass1_ms"":294.599427,""tlsop_adaptive_sample_large_ms"":293.045176,""tlsop_alloc_tiles_ms"":0.061578,""tlsop_build_ms"":33.150858,""tlsop_build_edges_ms"":0.000640,""tlsop_pass1_count_caps_ms"":5.935769,""tlsop_pass1_reserve_ms"":0.450982,""tlsop_pass2_fill_ms"":7.017019,""tlsop_sort_lists_ms"":19.516675}",,"{""dataset"":{""source"":""synthetic"",""name"":""clustered_t__nr100000__ns100000__a1_000ep00__g1"",""dim"":2,""path_r"":"""",""path_s"":"""",""synthetic"":{""generator"":""clustered"",""n_r"":100000,""n_s"":100000,""alpha"":1,""seed"":1}},""run"":{""method"":""tlsop"",""variant"":""adaptive"",""t"":3000,""seed"":1,""repeats"":3,""j_star"":1000000,""enum_cap"":0,""write_samples"":false,""verify"":false},""output"":{""out_dir"":""run/temp/exp5/clustered_t"",""run_tag"":""exp5_clustered_t""},""sys"":{""threads"":1},""logging"":{""level"":""INFO"",""with_timestamp"":true,""with_thread_id"":false}}","{""generator"":""clustered"",""dataset"":""clustered_t__nr100000__ns100000__a1_000ep00__g1"",""n_r"":100000,""n_s"":100000,""has_exact_k"":false,""k_target"":0,""k_achieved"":0,""alpha_target"":1,""alpha_achieved"":nan,""notes"":""clusters=10, sigma=0.05, w_min_r=0.003, w_max_r=0.02, share_clusters=1""}"
clustered_t__nr100000__ns100000__a1_000ep00__g1,clustered,1,100000,100000,tlsop,adaptive,3000,2,3,1,637.104,2.16826e+07,1,0,1,0,fallback_sampling,1000001,"{""build_ms"":33.041670,""enumerate_prepare_ms"":0.012780,""run_build_ms"":33.042501,""run_fallback_count_ms"":292.079883,""run_fallback_sample_ms"":296.379003,""run_pilot_enum_prepare_ms"":0.014070,""run_pilot_enum_scan_ms"":15.039108,""tlsop_adaptive_pass1_ms"":292.074843,""tlsop_adaptive_sample_large_ms"":296.374893,""tlsop_alloc_tiles_ms"":0.061369,""tlsop_build_ms"":33.040550,""tlsop_build_edges_ms"":0.000550,""tlsop_pass1_count_caps_ms"":5.925699,""tlsop_pass1_reserve_ms"":0.454332,""tlsop_pass2_fill_ms"":6.999788,""tlsop_sort_lists_ms"":19.431966}",,"{""dataset"":{""source"":""synthetic"",""name"":""clustered_t__nr100000__ns100000__a1_000ep00__g1"",""dim"":2,""path_r"":"""",""path_s"":"""",""synthetic"":{""generator"":""clustered"",""n_r"":100000,""n_s"":100000,""alpha"":1,""seed"":1}},""run"":{""method"":""tlsop"",""variant"":""adaptive"",""t"":3000,""seed"":1,""repeats"":3,""j_star"":1000000,""enum_cap"":0,""write_samples"":false,""verify"":false},""output"":{""out_dir"":""run/temp/exp5/clustered_t"",""run_tag"":""exp5_clustered_t""},""sys"":{""threads"":1},""logging"":{""level"":""INFO"",""with_timestamp"":true,""with_thread_id"":false}}","{""generator"":""clustered"",""dataset"":""clustered_t__nr100000__ns100000__a1_000ep00__g1"",""n_r"":100000,""n_s"":100000,""has_exact_k"":false,""k_target"":0,""k_achieved"":0,""alpha_target"":1,""alpha_achieved"":nan,""notes"":""clusters=10, sigma=0.05, w_min_r=0.003, w_max_r=0.02, share_clusters=1""}"
clustered_t__nr100000__ns100000__a1_000ep00__g1,clustered,1,100000,100000,sirs,sampling,3000,0,1,1,724.225,2.16826e+07,1,0,0,0,,0,"{""build_ms"":121.905014,""count_ms"":552.727016,""run_build_ms"":121.905754,""run_count_ms"":552.729036,""run_sample_ms"":49.586840,""sample_ms"":49.584970,""sirs_build_index_ms"":121.904284,""sirs_build_kd_ms"":11.133741,""sirs_embed_inner_ms"":55.260354,""sirs_phase1_degrees_ms"":552.724516,""sirs_rank_axes_ms"":55.503109}",,"{""dataset"":{""source"":""synthetic"",""name"":""clustered_t__nr100000__ns100000__a1_000ep00__g1"",""dim"":2,""path_r"":"""",""path_s"":"""",""synthetic"":{""generator"":""clustered"",""n_r"":100000,""n_s"":100000,""alpha"":1,""seed"":1}},""run"":{""method"":""sirs"",""variant"":""sampling"",""t"":3000,""seed"":1,""repeats"":3,""j_star"":1000000,""enum_cap"":0,""write_samples"":false,""verify"":false},""output"":{""out_dir"":""run/temp/exp5/clustered_t"",""run_tag"":""exp5_clustered_t""},""sys"":{""threads"":1},""logging"":{""level"":""INFO"",""with_timestamp"":true,""with_thread_id"":false}}","{""generator"":""clustered"",""dataset"":""clustered_t__nr100000__ns100000__a1_000ep00__g1"",""n_r"":100000,""n_s"":100000,""has_exact_k"":false,""k_target"":0,""k_achieved"":0,""alpha_target"":1,""alpha_achieved"":nan,""notes"":""clusters=10, sigma=0.05, w_min_r=0.003, w_max_r=0.02, share_clusters=1""}"
clustered_t__nr100000__ns100000__a1_000ep00__g1,clustered,1,100000,100000,sirs,sampling,3000,1,2,1,726.122,2.16826e+07,1,0,0,0,,0,"{""build_ms"":121.417643,""count_ms"":555.218508,""run_build_ms"":121.418253,""run_count_ms"":555.220278,""run_sample_ms"":49.481412,""sample_ms"":49.479652,""sirs_build_index_ms"":121.416493,""sirs_build_kd_ms"":11.137441,""sirs_embed_inner_ms"":55.216515,""sirs_phase1_degrees_ms"":555.216308,""sirs_rank_axes_ms"":55.056567}",,"{""dataset"":{""source"":""synthetic"",""name"":""clustered_t__nr100000__ns100000__a1_000ep00__g1"",""dim"":2,""path_r"":"""",""path_s"":"""",""synthetic"":{""generator"":""clustered"",""n_r"":100000,""n_s"":100000,""alpha"":1,""seed"":1}},""run"":{""method"":""sirs"",""variant"":""sampling"",""t"":3000,""seed"":1,""repeats"":3,""j_star"":1000000,""enum_cap"":0,""write_samples"":false,""verify"":false},""output"":{""out_dir"":""run/temp/exp5/clustered_t"",""run_tag"":""exp5_clustered_t""},""sys"":{""threads"":1},""logging"":{""level"":""INFO"",""with_timestamp"":true,""with_thread_id"":false}}","{""generator"":""clustered"",""dataset"":""clustered_t__nr100000__ns100000__a1_000ep00__g1"",""n_r"":100000,""n_s"":100000,""has_exact_k"":false,""k_target"":0,""k_achieved"":0,""alpha_target"":1,""alpha_achieved"":nan,""notes"":""clusters=10, sigma=0.05, w_min_r=0.003, w_max_r=0.02, share_clusters=1""}"
clustered_t__nr100000__ns100000__a1_000ep00__g1,clustered,1,100000,100000,sirs,sampling,3000,2,3,1,726.386,2.16826e+07,1,0,0,0,,0,"{""build_ms"":121.541221,""count_ms"":555.434153,""run_build_ms"":121.541811,""run_count_ms"":555.435833,""run_sample_ms"":49.405993,""sample_ms"":49.404283,""sirs_build_index_ms"":121.540661,""sirs_build_kd_ms"":11.174030,""sirs_embed_inner_ms"":55.328393,""sirs_phase1_degrees_ms"":555.432093,""sirs_rank_axes_ms"":55.031238}",,"{""dataset"":{""source"":""synthetic"",""name"":""clustered_t__nr100000__ns100000__a1_000ep00__g1"",""dim"":2,""path_r"":"""",""path_s"":"""",""synthetic"":{""generator"":""clustered"",""n_r"":100000,""n_s"":100000,""alpha"":1,""seed"":1}},""run"":{""method"":""sirs"",""variant"":""sampling"",""t"":3000,""seed"":1,""repeats"":3,""j_star"":1000000,""enum_cap"":0,""write_samples"":false,""verify"":false},""output"":{""out_dir"":""run/temp/exp5/clustered_t"",""run_tag"":""exp5_clustered_t""},""sys"":{""threads"":1},""logging"":{""level"":""INFO"",""with_timestamp"":true,""with_thread_id"":false}}","{""generator"":""clustered"",""dataset"":""clustered_t__nr100000__ns100000__a1_000ep00__g1"",""n_r"":100000,""n_s"":100000,""has_exact_k"":false,""k_target"":0,""k_achieved"":0,""alpha_target"":1,""alpha_achieved"":nan,""notes"":""clusters=10, sigma=0.05, w_min_r=0.003, w_max_r=0.02, share_clusters=1""}"
clustered_t__nr100000__ns100000__a1_000ep00__g1,clustered,1,100000,100000,sirs,adaptive,3000,0,1,1,789.452,2.16826e+07,1,0,1,0,fallback_sampling,1000001,"{""build_ms"":121.852975,""count_ms"":570.206025,""run_build_ms"":121.853565,""run_fallback_count_ms"":570.208005,""run_fallback_sample_ms"":48.673727,""run_pilot_enum_prepare_ms"":0.000700,""run_pilot_enum_scan_ms"":48.703996,""sample_ms"":48.672547,""sirs_build_index_ms"":121.851985,""sirs_build_kd_ms"":11.127292,""sirs_embed_inner_ms"":55.278504,""sirs_rank_axes_ms"":55.438120}",,"{""dataset"":{""source"":""synthetic"",""name"":""clustered_t__nr100000__ns100000__a1_000ep00__g1"",""dim"":2,""path_r"":"""",""path_s"":"""",""synthetic"":{""generator"":""clustered"",""n_r"":100000,""n_s"":100000,""alpha"":1,""seed"":1}},""run"":{""method"":""sirs"",""variant"":""adaptive"",""t"":3000,""seed"":1,""repeats"":3,""j_star"":1000000,""enum_cap"":0,""write_samples"":false,""verify"":false},""output"":{""out_dir"":""run/temp/exp5/clustered_t"",""run_tag"":""exp5_clustered_t""},""sys"":{""threads"":1},""logging"":{""level"":""INFO"",""with_timestamp"":true,""with_thread_id"":false}}","{""generator"":""clustered"",""dataset"":""clustered_t__nr100000__ns100000__a1_000ep00__g1"",""n_r"":100000,""n_s"":100000,""has_exact_k"":false,""k_target"":0,""k_achieved"":0,""alpha_target"":1,""alpha_achieved"":nan,""notes"":""clusters=10, sigma=0.05, w_min_r=0.003, w_max_r=0.02, share_clusters=1""}"
clustered_t__nr100000__ns100000__a1_000ep00__g1,clustered,1,100000,100000,sirs,adaptive,3000,1,2,1,785.7,2.16826e+07,1,0,1,0,fallback_sampling,1000001,"{""build_ms"":121.437542,""count_ms"":567.159141,""run_build_ms"":121.438162,""run_fallback_count_ms"":567.161541,""run_fallback_sample_ms"":48.376883,""run_pilot_enum_prepare_ms"":0.000349,""run_pilot_enum_scan_ms"":48.705937,""sample_ms"":48.375223,""sirs_build_index_ms"":121.436813,""sirs_build_kd_ms"":11.148191,""sirs_embed_inner_ms"":55.261743,""sirs_rank_axes_ms"":55.019939}",,"{""dataset"":{""source"":""synthetic"",""name"":""clustered_t__nr100000__ns100000__a1_000ep00__g1"",""dim"":2,""path_r"":"""",""path_s"":"""",""synthetic"":{""generator"":""clustered"",""n_r"":100000,""n_s"":100000,""alpha"":1,""seed"":1}},""run"":{""method"":""sirs"",""variant"":""adaptive"",""t"":3000,""seed"":1,""repeats"":3,""j_star"":1000000,""enum_cap"":0,""write_samples"":false,""verify"":false},""output"":{""out_dir"":""run/temp/exp5/clustered_t"",""run_tag"":""exp5_clustered_t""},""sys"":{""threads"":1},""logging"":{""level"":""INFO"",""with_timestamp"":true,""with_thread_id"":false}}","{""generator"":""clustered"",""dataset"":""clustered_t__nr100000__ns100000__a1_000ep00__g1"",""n_r"":100000,""n_s"":100000,""has_exact_k"":false,""k_target"":0,""k_achieved"":0,""alpha_target"":1,""alpha_achieved"":nan,""notes"":""clusters=10, sigma=0.05, w_min_r=0.003, w_max_r=0.02, share_clusters=1""}"
clustered_t__nr100000__ns100000__a1_000ep00__g1,clustered,1,100000,100000,sirs,adaptive,3000,2,3,1,788.848,2.16826e+07,1,0,1,0,fallback_sampling,1000001,"{""build_ms"":121.422632,""count_ms"":567.509204,""run_build_ms"":121.423352,""run_fallback_count_ms"":567.511283,""run_fallback_sample_ms"":48.498501,""run_pilot_enum_prepare_ms"":0.000369,""run_pilot_enum_scan_ms"":51.397226,""sample_ms"":48.496821,""sirs_build_index_ms"":121.421962,""sirs_build_kd_ms"":11.186041,""sirs_embed_inner_ms"":55.224974,""sirs_rank_axes_ms"":55.004118}",,"{""dataset"":{""source"":""synthetic"",""name"":""clustered_t__nr100000__ns100000__a1_000ep00__g1"",""dim"":2,""path_r"":"""",""path_s"":"""",""synthetic"":{""generator"":""clustered"",""n_r"":100000,""n_s"":100000,""alpha"":1,""seed"":1}},""run"":{""method"":""sirs"",""variant"":""adaptive"",""t"":3000,""seed"":1,""repeats"":3,""j_star"":1000000,""enum_cap"":0,""write_samples"":false,""verify"":false},""output"":{""out_dir"":""run/temp/exp5/clustered_t"",""run_tag"":""exp5_clustered_t""},""sys"":{""threads"":1},""logging"":{""level"":""INFO"",""with_timestamp"":true,""with_thread_id"":false}}","{""generator"":""clustered"",""dataset"":""clustered_t__nr100000__ns100000__a1_000ep00__g1"",""n_r"":100000,""n_s"":100000,""has_exact_k"":false,""k_target"":0,""k_achieved"":0,""alpha_target"":1,""alpha_achieved"":nan,""notes"":""clusters=10, sigma=0.05, w_min_r=0.003, w_max_r=0.02, share_clusters=1""}"
clustered_t__nr100000__ns100000__a1_000ep00__g1,clustered,1,100000,100000,rejection,sampling,3000,0,1,0,-1,-1,0,0,0,0,,0,{},SKIPPED: rejection+sampling is disabled in sjs_sweep; use variant=adaptive.,"{""dataset"":{""source"":""synthetic"",""name"":""clustered_t__nr100000__ns100000__a1_000ep00__g1"",""dim"":2,""path_r"":"""",""path_s"":"""",""synthetic"":{""generator"":""clustered"",""n_r"":100000,""n_s"":100000,""alpha"":1,""seed"":1}},""run"":{""method"":""rejection"",""variant"":""sampling"",""t"":3000,""seed"":1,""repeats"":3,""j_star"":1000000,""enum_cap"":0,""write_samples"":false,""verify"":false},""output"":{""out_dir"":""run/temp/exp5/clustered_t"",""run_tag"":""exp5_clustered_t""},""sys"":{""threads"":1},""logging"":{""level"":""INFO"",""with_timestamp"":true,""with_thread_id"":false}}","{""generator"":""clustered"",""dataset"":""clustered_t__nr100000__ns100000__a1_000ep00__g1"",""n_r"":100000,""n_s"":100000,""has_exact_k"":false,""k_target"":0,""k_achieved"":0,""alpha_target"":1,""alpha_achieved"":nan,""notes"":""clusters=10, sigma=0.05, w_min_r=0.003, w_max_r=0.02, share_clusters=1""}"
clustered_t__nr100000__ns100000__a1_000ep00__g1,clustered,1,100000,100000,rejection,sampling,3000,1,2,0,-1,-1,0,0,0,0,,0,{},SKIPPED: rejection+sampling is disabled in sjs_sweep; use variant=adaptive.,"{""dataset"":{""source"":""synthetic"",""name"":""clustered_t__nr100000__ns100000__a1_000ep00__g1"",""dim"":2,""path_r"":"""",""path_s"":"""",""synthetic"":{""generator"":""clustered"",""n_r"":100000,""n_s"":100000,""alpha"":1,""seed"":1}},""run"":{""method"":""rejection"",""variant"":""sampling"",""t"":3000,""seed"":1,""repeats"":3,""j_star"":1000000,""enum_cap"":0,""write_samples"":false,""verify"":false},""output"":{""out_dir"":""run/temp/exp5/clustered_t"",""run_tag"":""exp5_clustered_t""},""sys"":{""threads"":1},""logging"":{""level"":""INFO"",""with_timestamp"":true,""with_thread_id"":false}}","{""generator"":""clustered"",""dataset"":""clustered_t__nr100000__ns100000__a1_000ep00__g1"",""n_r"":100000,""n_s"":100000,""has_exact_k"":false,""k_target"":0,""k_achieved"":0,""alpha_target"":1,""alpha_achieved"":nan,""notes"":""clusters=10, sigma=0.05, w_min_r=0.003, w_max_r=0.02, share_clusters=1""}"
clustered_t__nr100000__ns100000__a1_000ep00__g1,clustered,1,100000,100000,rejection,sampling,3000,2,3,0,-1,-1,0,0,0,0,,0,{},SKIPPED: rejection+sampling is disabled in sjs_sweep; use variant=adaptive.,"{""dataset"":{""source"":""synthetic"",""name"":""clustered_t__nr100000__ns100000__a1_000ep00__g1"",""dim"":2,""path_r"":"""",""path_s"":"""",""synthetic"":{""generator"":""clustered"",""n_r"":100000,""n_s"":100000,""alpha"":1,""seed"":1}},""run"":{""method"":""rejection"",""variant"":""sampling"",""t"":3000,""seed"":1,""repeats"":3,""j_star"":1000000,""enum_cap"":0,""write_samples"":false,""verify"":false},""output"":{""out_dir"":""run/temp/exp5/clustered_t"",""run_tag"":""exp5_clustered_t""},""sys"":{""threads"":1},""logging"":{""level"":""INFO"",""with_timestamp"":true,""with_thread_id"":false}}","{""generator"":""clustered"",""dataset"":""clustered_t__nr100000__ns100000__a1_000ep00__g1"",""n_r"":100000,""n_s"":100000,""has_exact_k"":false,""k_target"":0,""k_achieved"":0,""alpha_target"":1,""alpha_achieved"":nan,""notes"":""clusters=10, sigma=0.05, w_min_r=0.003, w_max_r=0.02, share_clusters=1""}"
clustered_t__nr100000__ns100000__a1_000ep00__g1,clustered,1,100000,100000,rejection,adaptive,3000,0,1,1,209.043,2.12469e+07,0,0,1,0,fallback_sampling,1000001,"{""adaptive_phase1_ms"":46.753633,""adaptive_sample_ms"":1.695058,""build_ms"":121.882233,""build_M_ms"":0.122188,""build_cellmap_ms"":14.126765,""build_mu_alias_ms"":107.519473,""build_slab_index_ms"":0.106308,""count_pilot_ms"":9.294225,""run_build_ms"":121.883844,""run_fallback_count_ms"":46.755313,""run_fallback_sample_ms"":1.696449,""run_pilot_enum_prepare_ms"":0.002029,""run_pilot_enum_scan_ms"":38.696713}",,"{""dataset"":{""source"":""synthetic"",""name"":""clustered_t__nr100000__ns100000__a1_000ep00__g1"",""dim"":2,""path_r"":"""",""path_s"":"""",""synthetic"":{""generator"":""clustered"",""n_r"":100000,""n_s"":100000,""alpha"":1,""seed"":1}},""run"":{""method"":""rejection"",""variant"":""adaptive"",""t"":3000,""seed"":1,""repeats"":3,""j_star"":1000000,""enum_cap"":0,""write_samples"":false,""verify"":false},""output"":{""out_dir"":""run/temp/exp5/clustered_t"",""run_tag"":""exp5_clustered_t""},""sys"":{""threads"":1},""logging"":{""level"":""INFO"",""with_timestamp"":true,""with_thread_id"":false}}","{""generator"":""clustered"",""dataset"":""clustered_t__nr100000__ns100000__a1_000ep00__g1"",""n_r"":100000,""n_s"":100000,""has_exact_k"":false,""k_target"":0,""k_achieved"":0,""alpha_target"":1,""alpha_achieved"":nan,""notes"":""clusters=10, sigma=0.05, w_min_r=0.003, w_max_r=0.02, share_clusters=1""}"
clustered_t__nr100000__ns100000__a1_000ep00__g1,clustered,1,100000,100000,rejection,adaptive,3000,1,2,1,221.575,2.16503e+07,0,0,1,0,fallback_sampling,1000001,"{""adaptive_phase1_ms"":49.272996,""adaptive_sample_ms"":1.478142,""build_ms"":121.577449,""build_M_ms"":0.108108,""build_cellmap_ms"":14.265163,""build_mu_alias_ms"":107.087741,""build_slab_index_ms"":0.106248,""count_pilot_ms"":9.075050,""run_build_ms"":121.634868,""run_fallback_count_ms"":49.274846,""run_fallback_sample_ms"":1.480022,""run_pilot_enum_prepare_ms"":0.001790,""run_pilot_enum_scan_ms"":38.905850}",,"{""dataset"":{""source"":""synthetic"",""name"":""clustered_t__nr100000__ns100000__a1_000ep00__g1"",""dim"":2,""path_r"":"""",""path_s"":"""",""synthetic"":{""generator"":""clustered"",""n_r"":100000,""n_s"":100000,""alpha"":1,""seed"":1}},""run"":{""method"":""rejection"",""variant"":""adaptive"",""t"":3000,""seed"":1,""repeats"":3,""j_star"":1000000,""enum_cap"":0,""write_samples"":false,""verify"":false},""output"":{""out_dir"":""run/temp/exp5/clustered_t"",""run_tag"":""exp5_clustered_t""},""sys"":{""threads"":1},""logging"":{""level"":""INFO"",""with_timestamp"":true,""with_thread_id"":false}}","{""generator"":""clustered"",""dataset"":""clustered_t__nr100000__ns100000__a1_000ep00__g1"",""n_r"":100000,""n_s"":100000,""has_exact_k"":false,""k_target"":0,""k_achieved"":0,""alpha_target"":1,""alpha_achieved"":nan,""notes"":""clusters=10, sigma=0.05, w_min_r=0.003, w_max_r=0.02, share_clusters=1""}"
clustered_t__nr100000__ns100000__a1_000ep00__g1,clustered,1,100000,100000,rejection,adaptive,3000,2,3,1,217.911,2.16949e+07,0,0,1,0,fallback_sampling,1000001,"{""adaptive_phase1_ms"":46.592886,""adaptive_sample_ms"":1.566001,""build_ms"":121.754166,""build_M_ms"":0.108278,""build_cellmap_ms"":14.238583,""build_mu_alias_ms"":107.293257,""build_slab_index_ms"":0.102948,""count_pilot_ms"":9.217977,""run_build_ms"":121.811595,""run_fallback_count_ms"":46.594936,""run_fallback_sample_ms"":1.567021,""run_pilot_enum_prepare_ms"":0.001800,""run_pilot_enum_scan_ms"":38.575016}",,"{""dataset"":{""source"":""synthetic"",""name"":""clustered_t__nr100000__ns100000__a1_000ep00__g1"",""dim"":2,""path_r"":"""",""path_s"":"""",""synthetic"":{""generator"":""clustered"",""n_r"":100000,""n_s"":100000,""alpha"":1,""seed"":1}},""run"":{""method"":""rejection"",""variant"":""adaptive"",""t"":3000,""seed"":1,""repeats"":3,""j_star"":1000000,""enum_cap"":0,""write_samples"":false,""verify"":false},""output"":{""out_dir"":""run/temp/exp5/clustered_t"",""run_tag"":""exp5_clustered_t""},""sys"":{""threads"":1},""logging"":{""level"":""INFO"",""with_timestamp"":true,""with_thread_id"":false}}","{""generator"":""clustered"",""dataset"":""clustered_t__nr100000__ns100000__a1_000ep00__g1"",""n_r"":100000,""n_s"":100000,""has_exact_k"":false,""k_target"":0,""k_achieved"":0,""alpha_target"":1,""alpha_achieved"":nan,""notes"":""clusters=10, sigma=0.05, w_min_r=0.003, w_max_r=0.02, share_clusters=1""}"
clustered_t__nr100000__ns100000__a1_000ep00__g1,clustered,1,100000,100000,ours,sampling,10000,0,1,1,524.467,2.16826e+07,1,0,0,0,,0,"{""build_active_indices_ms"":5.648874,""build_events_ms"":34.348735,""build_ranks_ms"":43.238079,""build_y_domain_ms"":13.839240,""phase1_count_ms"":255.102164,""phase2_plan_ms"":6.093006,""phase3_sample_ms"":164.429605,""run_build_ms"":98.827875,""run_count_ms"":255.105204,""run_sample_ms"":170.530470}",,"{""dataset"":{""source"":""synthetic"",""name"":""clustered_t__nr100000__ns100000__a1_000ep00__g1"",""dim"":2,""path_r"":"""",""path_s"":"""",""synthetic"":{""generator"":""clustered"",""n_r"":100000,""n_s"":100000,""alpha"":1,""seed"":1}},""run"":{""method"":""ours"",""variant"":""sampling"",""t"":10000,""seed"":1,""repeats"":3,""j_star"":1000000,""enum_cap"":0,""write_samples"":false,""verify"":false},""output"":{""out_dir"":""run/temp/exp5/clustered_t"",""run_tag"":""exp5_clustered_t""},""sys"":{""threads"":1},""logging"":{""level"":""INFO"",""with_timestamp"":true,""with_thread_id"":false}}","{""generator"":""clustered"",""dataset"":""clustered_t__nr100000__ns100000__a1_000ep00__g1"",""n_r"":100000,""n_s"":100000,""has_exact_k"":false,""k_target"":0,""k_achieved"":0,""alpha_target"":1,""alpha_achieved"":nan,""notes"":""clusters=10, sigma=0.05, w_min_r=0.003, w_max_r=0.02, share_clusters=1""}"
clustered_t__nr100000__ns100000__a1_000ep00__g1,clustered,1,100000,100000,ours,sampling,10000,1,2,1,594.752,2.16826e+07,1,0,0,0,,0,"{""build_active_indices_ms"":5.527226,""build_events_ms"":65.728808,""build_ranks_ms"":43.217349,""build_y_domain_ms"":13.870430,""phase1_count_ms"":257.275432,""phase2_plan_ms"":6.142174,""phase3_sample_ms"":163.205579,""run_build_ms"":130.099300,""run_count_ms"":257.278322,""run_sample_ms"":169.355853}",,"{""dataset"":{""source"":""synthetic"",""name"":""clustered_t__nr100000__ns100000__a1_000ep00__g1"",""dim"":2,""path_r"":"""",""path_s"":"""",""synthetic"":{""generator"":""clustered"",""n_r"":100000,""n_s"":100000,""alpha"":1,""seed"":1}},""run"":{""method"":""ours"",""variant"":""sampling"",""t"":10000,""seed"":1,""repeats"":3,""j_star"":1000000,""enum_cap"":0,""write_samples"":false,""verify"":false},""output"":{""out_dir"":""run/temp/exp5/clustered_t"",""run_tag"":""exp5_clustered_t""},""sys"":{""threads"":1},""logging"":{""level"":""INFO"",""with_timestamp"":true,""with_thread_id"":false}}","{""generator"":""clustered"",""dataset"":""clustered_t__nr100000__ns100000__a1_000ep00__g1"",""n_r"":100000,""n_s"":100000,""has_exact_k"":false,""k_target"":0,""k_achieved"":0,""alpha_target"":1,""alpha_achieved"":nan,""notes"":""clusters=10, sigma=0.05, w_min_r=0.003, w_max_r=0.02, share_clusters=1""}"
clustered_t__nr100000__ns100000__a1_000ep00__g1,clustered,1,100000,100000,ours,sampling,10000,2,3,1,592.415,2.16826e+07,1,0,0,0,,0,"{""build_active_indices_ms"":5.438228,""build_events_ms"":65.541290,""build_ranks_ms"":43.207859,""build_y_domain_ms"":13.828870,""phase1_count_ms"":254.685391,""phase2_plan_ms"":6.135915,""phase3_sample_ms"":163.739668,""run_build_ms"":129.777285,""run_count_ms"":254.688921,""run_sample_ms"":169.883333}",,"{""dataset"":{""source"":""synthetic"",""name"":""clustered_t__nr100000__ns100000__a1_000ep00__g1"",""dim"":2,""path_r"":"""",""path_s"":"""",""synthetic"":{""generator"":""clustered"",""n_r"":100000,""n_s"":100000,""alpha"":1,""seed"":1}},""run"":{""method"":""ours"",""variant"":""sampling"",""t"":10000,""seed"":1,""repeats"":3,""j_star"":1000000,""enum_cap"":0,""write_samples"":false,""verify"":false},""output"":{""out_dir"":""run/temp/exp5/clustered_t"",""run_tag"":""exp5_clustered_t""},""sys"":{""threads"":1},""logging"":{""level"":""INFO"",""with_timestamp"":true,""with_thread_id"":false}}","{""generator"":""clustered"",""dataset"":""clustered_t__nr100000__ns100000__a1_000ep00__g1"",""n_r"":100000,""n_s"":100000,""has_exact_k"":false,""k_target"":0,""k_achieved"":0,""alpha_target"":1,""alpha_achieved"":nan,""notes"":""clusters=10, sigma=0.05, w_min_r=0.003, w_max_r=0.02, share_clusters=1""}"
clustered_t__nr100000__ns100000__a1_000ep00__g1,clustered,1,100000,100000,ours,adaptive,10000,0,1,1,559.815,2.16826e+07,1,0,1,0,fallback_sampling,1000001,"{""build_active_indices_ms"":5.612245,""build_events_ms"":34.307675,""build_ranks_ms"":43.161681,""build_y_domain_ms"":13.829750,""phase1_count_adaptive_ms"":262.547324,""phase2_plan_ms"":5.868830,""phase3_sample_ms"":164.373455,""run_build_ms"":98.661597,""run_fallback_count_ms"":262.550534,""run_fallback_sample_ms"":170.251945,""run_pilot_enum_prepare_ms"":1.546552,""run_pilot_enum_scan_ms"":26.788267,""sample_ms"":170.250625}",,"{""dataset"":{""source"":""synthetic"",""name"":""clustered_t__nr100000__ns100000__a1_000ep00__g1"",""dim"":2,""path_r"":"""",""path_s"":"""",""synthetic"":{""generator"":""clustered"",""n_r"":100000,""n_s"":100000,""alpha"":1,""seed"":1}},""run"":{""method"":""ours"",""variant"":""adaptive"",""t"":10000,""seed"":1,""repeats"":3,""j_star"":1000000,""enum_cap"":0,""write_samples"":false,""verify"":false},""output"":{""out_dir"":""run/temp/exp5/clustered_t"",""run_tag"":""exp5_clustered_t""},""sys"":{""threads"":1},""logging"":{""level"":""INFO"",""with_timestamp"":true,""with_thread_id"":false}}","{""generator"":""clustered"",""dataset"":""clustered_t__nr100000__ns100000__a1_000ep00__g1"",""n_r"":100000,""n_s"":100000,""has_exact_k"":false,""k_target"":0,""k_achieved"":0,""alpha_target"":1,""alpha_achieved"":nan,""notes"":""clusters=10, sigma=0.05, w_min_r=0.003, w_max_r=0.02, share_clusters=1""}"
clustered_t__nr100000__ns100000__a1_000ep00__g1,clustered,1,100000,100000,ours,adaptive,10000,1,2,1,634.046,2.16826e+07,1,0,1,0,fallback_sampling,1000001,"{""build_active_indices_ms"":5.527607,""build_events_ms"":65.853685,""build_ranks_ms"":43.153070,""build_y_domain_ms"":13.841270,""phase1_count_adaptive_ms"":267.305613,""phase2_plan_ms"":5.888879,""phase3_sample_ms"":164.139000,""run_build_ms"":130.119849,""run_fallback_count_ms"":267.309583,""run_fallback_sample_ms"":170.037479,""run_pilot_enum_prepare_ms"":1.537451,""run_pilot_enum_scan_ms"":27.057372,""sample_ms"":170.036259}",,"{""dataset"":{""source"":""synthetic"",""name"":""clustered_t__nr100000__ns100000__a1_000ep00__g1"",""dim"":2,""path_r"":"""",""path_s"":"""",""synthetic"":{""generator"":""clustered"",""n_r"":100000,""n_s"":100000,""alpha"":1,""seed"":1}},""run"":{""method"":""ours"",""variant"":""adaptive"",""t"":10000,""seed"":1,""repeats"":3,""j_star"":1000000,""enum_cap"":0,""write_samples"":false,""verify"":false},""output"":{""out_dir"":""run/temp/exp5/clustered_t"",""run_tag"":""exp5_clustered_t""},""sys"":{""threads"":1},""logging"":{""level"":""INFO"",""with_timestamp"":true,""with_thread_id"":false}}","{""generator"":""clustered"",""dataset"":""clustered_t__nr100000__ns100000__a1_000ep00__g1"",""n_r"":100000,""n_s"":100000,""has_exact_k"":false,""k_target"":0,""k_achieved"":0,""alpha_target"":1,""alpha_achieved"":nan,""notes"":""clusters=10, sigma=0.05, w_min_r=0.003, w_max_r=0.02, share_clusters=1""}"
clustered_t__nr100000__ns100000__a1_000ep00__g1,clustered,1,100000,100000,ours,adaptive,10000,2,3,1,624.377,2.16826e+07,1,0,1,0,fallback_sampling,1000001,"{""build_active_indices_ms"":5.522147,""build_events_ms"":41.214996,""build_ranks_ms"":43.178099,""build_y_domain_ms"":13.868500,""phase1_count_adaptive_ms"":262.544743,""phase2_plan_ms"":5.877349,""phase3_sample_ms"":164.270858,""run_build_ms"":105.523880,""run_fallback_count_ms"":262.547612,""run_fallback_sample_ms"":170.158586,""run_pilot_enum_prepare_ms"":1.536131,""run_pilot_enum_scan_ms"":27.013514,""sample_ms"":170.157366}",,"{""dataset"":{""source"":""synthetic"",""name"":""clustered_t__nr100000__ns100000__a1_000ep00__g1"",""dim"":2,""path_r"":"""",""path_s"":"""",""synthetic"":{""generator"":""clustered"",""n_r"":100000,""n_s"":100000,""alpha"":1,""seed"":1}},""run"":{""method"":""ours"",""variant"":""adaptive"",""t"":10000,""seed"":1,""repeats"":3,""j_star"":1000000,""enum_cap"":0,""write_samples"":false,""verify"":false},""output"":{""out_dir"":""run/temp/exp5/clustered_t"",""run_tag"":""exp5_clustered_t""},""sys"":{""threads"":1},""logging"":{""level"":""INFO"",""with_timestamp"":true,""with_thread_id"":false}}","{""generator"":""clustered"",""dataset"":""clustered_t__nr100000__ns100000__a1_000ep00__g1"",""n_r"":100000,""n_s"":100000,""has_exact_k"":false,""k_target"":0,""k_achieved"":0,""alpha_target"":1,""alpha_achieved"":nan,""notes"":""clusters=10, sigma=0.05, w_min_r=0.003, w_max_r=0.02, share_clusters=1""}"
clustered_t__nr100000__ns100000__a1_000ep00__g1,clustered,1,100000,100000,aabb,sampling,10000,0,1,1,741.411,2.16826e+07,1,0,0,0,,0,"{""build_ms"":35.986015,""phase1_count_ms"":560.486629,""phase2_assign_ms"":6.129775,""phase3_sample_ms"":138.793365,""run_build_ms"":35.987365,""run_count_ms"":560.489769,""run_sample_ms"":144.930830}",,"{""dataset"":{""source"":""synthetic"",""name"":""clustered_t__nr100000__ns100000__a1_000ep00__g1"",""dim"":2,""path_r"":"""",""path_s"":"""",""synthetic"":{""generator"":""clustered"",""n_r"":100000,""n_s"":100000,""alpha"":1,""seed"":1}},""run"":{""method"":""aabb"",""variant"":""sampling"",""t"":10000,""seed"":1,""repeats"":3,""j_star"":1000000,""enum_cap"":0,""write_samples"":false,""verify"":false},""output"":{""out_dir"":""run/temp/exp5/clustered_t"",""run_tag"":""exp5_clustered_t""},""sys"":{""threads"":1},""logging"":{""level"":""INFO"",""with_timestamp"":true,""with_thread_id"":false}}","{""generator"":""clustered"",""dataset"":""clustered_t__nr100000__ns100000__a1_000ep00__g1"",""n_r"":100000,""n_s"":100000,""has_exact_k"":false,""k_target"":0,""k_achieved"":0,""alpha_target"":1,""alpha_achieved"":nan,""notes"":""clusters=10, sigma=0.05, w_min_r=0.003, w_max_r=0.02, share_clusters=1""}"
clustered_t__nr100000__ns100000__a1_000ep00__g1,clustered,1,100000,100000,aabb,sampling,10000,1,2,1,741.359,2.16826e+07,1,0,0,0,,0,"{""build_ms"":35.945975,""phase1_count_ms"":560.452749,""phase2_assign_ms"":6.149725,""phase3_sample_ms"":138.795344,""run_build_ms"":35.947535,""run_count_ms"":560.455539,""run_sample_ms"":144.953169}",,"{""dataset"":{""source"":""synthetic"",""name"":""clustered_t__nr100000__ns100000__a1_000ep00__g1"",""dim"":2,""path_r"":"""",""path_s"":"""",""synthetic"":{""generator"":""clustered"",""n_r"":100000,""n_s"":100000,""alpha"":1,""seed"":1}},""run"":{""method"":""aabb"",""variant"":""sampling"",""t"":10000,""seed"":1,""repeats"":3,""j_star"":1000000,""enum_cap"":0,""write_samples"":false,""verify"":false},""output"":{""out_dir"":""run/temp/exp5/clustered_t"",""run_tag"":""exp5_clustered_t""},""sys"":{""threads"":1},""logging"":{""level"":""INFO"",""with_timestamp"":true,""with_thread_id"":false}}","{""generator"":""clustered"",""dataset"":""clustered_t__nr100000__ns100000__a1_000ep00__g1"",""n_r"":100000,""n_s"":100000,""has_exact_k"":false,""k_target"":0,""k_achieved"":0,""alpha_target"":1,""alpha_achieved"":nan,""notes"":""clusters=10, sigma=0.05, w_min_r=0.003, w_max_r=0.02, share_clusters=1""}"
clustered_t__nr100000__ns100000__a1_000ep00__g1,clustered,1,100000,100000,aabb,sampling,10000,2,3,1,740.174,2.16826e+07,1,0,0,0,,0,"{""build_ms"":35.941636,""phase1_count_ms"":557.717880,""phase2_assign_ms"":6.185534,""phase3_sample_ms"":140.315035,""run_build_ms"":35.943306,""run_count_ms"":557.719890,""run_sample_ms"":146.508179}",,"{""dataset"":{""source"":""synthetic"",""name"":""clustered_t__nr100000__ns100000__a1_000ep00__g1"",""dim"":2,""path_r"":"""",""path_s"":"""",""synthetic"":{""generator"":""clustered"",""n_r"":100000,""n_s"":100000,""alpha"":1,""seed"":1}},""run"":{""method"":""aabb"",""variant"":""sampling"",""t"":10000,""seed"":1,""repeats"":3,""j_star"":1000000,""enum_cap"":0,""write_samples"":false,""verify"":false},""output"":{""out_dir"":""run/temp/exp5/clustered_t"",""run_tag"":""exp5_clustered_t""},""sys"":{""threads"":1},""logging"":{""level"":""INFO"",""with_timestamp"":true,""with_thread_id"":false}}","{""generator"":""clustered"",""dataset"":""clustered_t__nr100000__ns100000__a1_000ep00__g1"",""n_r"":100000,""n_s"":100000,""has_exact_k"":false,""k_target"":0,""k_achieved"":0,""alpha_target"":1,""alpha_achieved"":nan,""notes"":""clusters=10, sigma=0.05, w_min_r=0.003, w_max_r=0.02, share_clusters=1""}"
clustered_t__nr100000__ns100000__a1_000ep00__g1,clustered,1,100000,100000,aabb,adaptive,10000,0,1,1,839.883,2.16826e+07,1,0,1,0,fallback_sampling,1000001,"{""build_ms"":36.002354,""enumerate_prepare_ms"":34.412174,""phase1_count_ms"":562.674576,""phase2_assign_ms"":6.143845,""phase3_sample_ms"":136.594555,""run_build_ms"":36.002984,""run_fallback_count_ms"":562.677535,""run_fallback_sample_ms"":142.747350,""run_pilot_enum_prepare_ms"":34.414924,""run_pilot_enum_scan_ms"":64.023378}",,"{""dataset"":{""source"":""synthetic"",""name"":""clustered_t__nr100000__ns100000__a1_000ep00__g1"",""dim"":2,""path_r"":"""",""path_s"":"""",""synthetic"":{""generator"":""clustered"",""n_r"":100000,""n_s"":100000,""alpha"":1,""seed"":1}},""run"":{""method"":""aabb"",""variant"":""adaptive"",""t"":10000,""seed"":1,""repeats"":3,""j_star"":1000000,""enum_cap"":0,""write_samples"":false,""verify"":false},""output"":{""out_dir"":""run/temp/exp5/clustered_t"",""run_tag"":""exp5_clustered_t""},""sys"":{""threads"":1},""logging"":{""level"":""INFO"",""with_timestamp"":true,""with_thread_id"":false}}","{""generator"":""clustered"",""dataset"":""clustered_t__nr100000__ns100000__a1_000ep00__g1"",""n_r"":100000,""n_s"":100000,""has_exact_k"":false,""k_target"":0,""k_achieved"":0,""alpha_target"":1,""alpha_achieved"":nan,""notes"":""clusters=10, sigma=0.05, w_min_r=0.003, w_max_r=0.02, share_clusters=1""}"
clustered_t__nr100000__ns100000__a1_000ep00__g1,clustered,1,100000,100000,aabb,adaptive,10000,1,2,1,842.923,2.16826e+07,1,0,1,0,fallback_sampling,1000001,"{""build_ms"":36.020284,""enumerate_prepare_ms"":37.046684,""phase1_count_ms"":562.394320,""phase2_assign_ms"":6.155234,""phase3_sample_ms"":137.173755,""run_build_ms"":36.021414,""run_fallback_count_ms"":562.396841,""run_fallback_sample_ms"":143.337788,""run_pilot_enum_prepare_ms"":37.049634,""run_pilot_enum_scan_ms"":64.102206}",,"{""dataset"":{""source"":""synthetic"",""name"":""clustered_t__nr100000__ns100000__a1_000ep00__g1"",""dim"":2,""path_r"":"""",""path_s"":"""",""synthetic"":{""generator"":""clustered"",""n_r"":100000,""n_s"":100000,""alpha"":1,""seed"":1}},""run"":{""method"":""aabb"",""variant"":""adaptive"",""t"":10000,""seed"":1,""repeats"":3,""j_star"":1000000,""enum_cap"":0,""write_samples"":false,""verify"":false},""output"":{""out_dir"":""run/temp/exp5/clustered_t"",""run_tag"":""exp5_clustered_t""},""sys"":{""threads"":1},""logging"":{""level"":""INFO"",""with_timestamp"":true,""with_thread_id"":false}}","{""generator"":""clustered"",""dataset"":""clustered_t__nr100000__ns100000__a1_000ep00__g1"",""n_r"":100000,""n_s"":100000,""has_exact_k"":false,""k_target"":0,""k_achieved"":0,""alpha_target"":1,""alpha_achieved"":nan,""notes"":""clusters=10, sigma=0.05, w_min_r=0.003, w_max_r=0.02, share_clusters=1""}"
clustered_t__nr100000__ns100000__a1_000ep00__g1,clustered,1,100000,100000,aabb,adaptive,10000,2,3,1,842.89,2.16826e+07,1,0,1,0,fallback_sampling,1000001,"{""build_ms"":36.028203,""enumerate_prepare_ms"":34.404334,""phase1_count_ms"":565.883104,""phase2_assign_ms"":6.217693,""phase3_sample_ms"":136.129144,""run_build_ms"":36.029593,""run_fallback_count_ms"":565.886354,""run_fallback_sample_ms"":142.356386,""run_pilot_enum_prepare_ms"":34.407144,""run_pilot_enum_scan_ms"":64.196704}",,"{""dataset"":{""source"":""synthetic"",""name"":""clustered_t__nr100000__ns100000__a1_000ep00__g1"",""dim"":2,""path_r"":"""",""path_s"":"""",""synthetic"":{""generator"":""clustered"",""n_r"":100000,""n_s"":100000,""alpha"":1,""seed"":1}},""run"":{""method"":""aabb"",""variant"":""adaptive"",""t"":10000,""seed"":1,""repeats"":3,""j_star"":1000000,""enum_cap"":0,""write_samples"":false,""verify"":false},""output"":{""out_dir"":""run/temp/exp5/clustered_t"",""run_tag"":""exp5_clustered_t""},""sys"":{""threads"":1},""logging"":{""level"":""INFO"",""with_timestamp"":true,""with_thread_id"":false}}","{""generator"":""clustered"",""dataset"":""clustered_t__nr100000__ns100000__a1_000ep00__g1"",""n_r"":100000,""n_s"":100000,""has_exact_k"":false,""k_target"":0,""k_achieved"":0,""alpha_target"":1,""alpha_achieved"":nan,""notes"":""clusters=10, sigma=0.05, w_min_r=0.003, w_max_r=0.02, share_clusters=1""}"
clustered_t__nr100000__ns100000__a1_000ep00__g1,clustered,1,100000,100000,interval_tree,sampling,10000,0,1,1,957.477,2.16826e+07,1,0,0,0,,0,"{""build_ms"":139.647328,""build_active_ms"":23.373282,""build_events_ms"":37.626883,""build_start_ids_ms"":1.579360,""build_y_endpoints_ms"":27.777189,""build_y_indices_ms"":49.283794,""phase1_count_ms"":498.387970,""phase2_slots_ms"":6.364930,""phase3_resweep_ms"":313.064191,""run_build_ms"":139.648358,""run_count_ms"":498.390750,""run_sample_ms"":319.435591}",,"{""dataset"":{""source"":""synthetic"",""name"":""clustered_t__nr100000__ns100000__a1_000ep00__g1"",""dim"":2,""path_r"":"""",""path_s"":"""",""synthetic"":{""generator"":""clustered"",""n_r"":100000,""n_s"":100000,""alpha"":1,""seed"":1}},""run"":{""method"":""interval_tree"",""variant"":""sampling"",""t"":10000,""seed"":1,""repeats"":3,""j_star"":1000000,""enum_cap"":0,""write_samples"":false,""verify"":false},""output"":{""out_dir"":""run/temp/exp5/clustered_t"",""run_tag"":""exp5_clustered_t""},""sys"":{""threads"":1},""logging"":{""level"":""INFO"",""with_timestamp"":true,""with_thread_id"":false}}","{""generator"":""clustered"",""dataset"":""clustered_t__nr100000__ns100000__a1_000ep00__g1"",""n_r"":100000,""n_s"":100000,""has_exact_k"":false,""k_target"":0,""k_achieved"":0,""alpha_target"":1,""alpha_achieved"":nan,""notes"":""clusters=10, sigma=0.05, w_min_r=0.003, w_max_r=0.02, share_clusters=1""}"
clustered_t__nr100000__ns100000__a1_000ep00__g1,clustered,1,100000,100000,interval_tree,sampling,10000,1,2,1,1035.18,2.16826e+07,1,0,0,0,,0,"{""build_ms"":175.192470,""build_active_ms"":23.414101,""build_events_ms"":73.144696,""build_start_ids_ms"":1.561661,""build_y_endpoints_ms"":27.831037,""build_y_indices_ms"":49.232685,""phase1_count_ms"":501.136617,""phase2_slots_ms"":6.373380,""phase3_resweep_ms"":313.446733,""run_build_ms"":175.193440,""run_count_ms"":501.139087,""run_sample_ms"":319.826983}",,"{""dataset"":{""source"":""synthetic"",""name"":""clustered_t__nr100000__ns100000__a1_000ep00__g1"",""dim"":2,""path_r"":"""",""path_s"":"""",""synthetic"":{""generator"":""clustered"",""n_r"":100000,""n_s"":100000,""alpha"":1,""seed"":1}},""run"":{""method"":""interval_tree"",""variant"":""sampling"",""t"":10000,""seed"":1,""repeats"":3,""j_star"":1000000,""enum_cap"":0,""write_samples"":false,""verify"":false},""output"":{""out_dir"":""run/temp/exp5/clustered_t"",""run_tag"":""exp5_clustered_t""},""sys"":{""threads"":1},""logging"":{""level"":""INFO"",""with_timestamp"":true,""with_thread_id"":false}}","{""generator"":""clustered"",""dataset"":""clustered_t__nr100000__ns100000__a1_000ep00__g1"",""n_r"":100000,""n_s"":100000,""has_exact_k"":false,""k_target"":0,""k_achieved"":0,""alpha_target"":1,""alpha_achieved"":nan,""notes"":""clusters=10, sigma=0.05, w_min_r=0.003, w_max_r=0.02, share_clusters=1""}"
clustered_t__nr100000__ns100000__a1_000ep00__g1,clustered,1,100000,100000,interval_tree,sampling,10000,2,3,1,1032.72,2.16826e+07,1,0,0,0,,0,"{""build_ms"":175.081722,""build_active_ms"":23.296222,""build_events_ms"":73.086767,""build_start_ids_ms"":1.553450,""build_y_endpoints_ms"":27.797079,""build_y_indices_ms"":49.340722,""phase1_count_ms"":500.561677,""phase2_slots_ms"":6.383880,""phase3_resweep_ms"":311.439370,""run_build_ms"":175.082532,""run_count_ms"":500.563527,""run_sample_ms"":317.830080}",,"{""dataset"":{""source"":""synthetic"",""name"":""clustered_t__nr100000__ns100000__a1_000ep00__g1"",""dim"":2,""path_r"":"""",""path_s"":"""",""synthetic"":{""generator"":""clustered"",""n_r"":100000,""n_s"":100000,""alpha"":1,""seed"":1}},""run"":{""method"":""interval_tree"",""variant"":""sampling"",""t"":10000,""seed"":1,""repeats"":3,""j_star"":1000000,""enum_cap"":0,""write_samples"":false,""verify"":false},""output"":{""out_dir"":""run/temp/exp5/clustered_t"",""run_tag"":""exp5_clustered_t""},""sys"":{""threads"":1},""logging"":{""level"":""INFO"",""with_timestamp"":true,""with_thread_id"":false}}","{""generator"":""clustered"",""dataset"":""clustered_t__nr100000__ns100000__a1_000ep00__g1"",""n_r"":100000,""n_s"":100000,""has_exact_k"":false,""k_target"":0,""k_achieved"":0,""alpha_target"":1,""alpha_achieved"":nan,""notes"":""clusters=10, sigma=0.05, w_min_r=0.003, w_max_r=0.02, share_clusters=1""}"
clustered_t__nr100000__ns100000__a1_000ep00__g1,clustered,1,100000,100000,interval_tree,adaptive,10000,0,1,1,1184.97,2.16826e+07,1,0,1,0,fallback_sampling,1000001,"{""build_ms"":140.368963,""build_active_ms"":23.485388,""build_events_ms"":37.598814,""build_start_ids_ms"":1.520751,""build_y_endpoints_ms"":27.908406,""build_y_indices_ms"":49.848014,""enumerate_prepare_ms"":155.700825,""phase1_count_adaptive_ms"":518.621077,""phase2_slots_ms"":8.273704,""phase3_resweep_ms"":312.617906,""run_build_ms"":140.369743,""run_fallback_count_ms"":518.624878,""run_fallback_sample_ms"":320.912200,""run_pilot_enum_prepare_ms"":155.703845,""run_pilot_enum_scan_ms"":41.065469}",,"{""dataset"":{""source"":""synthetic"",""name"":""clustered_t__nr100000__ns100000__a1_000ep00__g1"",""dim"":2,""path_r"":"""",""path_s"":"""",""synthetic"":{""generator"":""clustered"",""n_r"":100000,""n_s"":100000,""alpha"":1,""seed"":1}},""run"":{""method"":""interval_tree"",""variant"":""adaptive"",""t"":10000,""seed"":1,""repeats"":3,""j_star"":1000000,""enum_cap"":0,""write_samples"":false,""verify"":false},""output"":{""out_dir"":""run/temp/exp5/clustered_t"",""run_tag"":""exp5_clustered_t""},""sys"":{""threads"":1},""logging"":{""level"":""INFO"",""with_timestamp"":true,""with_thread_id"":false}}","{""generator"":""clustered"",""dataset"":""clustered_t__nr100000__ns100000__a1_000ep00__g1"",""n_r"":100000,""n_s"":100000,""has_exact_k"":false,""k_target"":0,""k_achieved"":0,""alpha_target"":1,""alpha_achieved"":nan,""notes"":""clusters=10, sigma=0.05, w_min_r=0.003, w_max_r=0.02, share_clusters=1""}"
clustered_t__nr100000__ns100000__a1_000ep00__g1,clustered,1,100000,100000,interval_tree,adaptive,10000,1,2,1,1236.4,2.16826e+07,1,0,1,0,fallback_sampling,1000001,"{""build_ms"":167.024522,""build_active_ms"":23.379071,""build_events_ms"":60.989944,""build_start_ids_ms"":1.512922,""build_y_endpoints_ms"":27.924285,""build_y_indices_ms"":53.210491,""enumerate_prepare_ms"":146.340740,""phase1_count_adaptive_ms"":510.579346,""phase2_slots_ms"":6.735344,""phase3_resweep_ms"":315.709297,""run_build_ms"":167.025612,""run_fallback_count_ms"":510.581616,""run_fallback_sample_ms"":322.452201,""run_pilot_enum_prepare_ms"":146.343550,""run_pilot_enum_scan_ms"":33.810965}",,"{""dataset"":{""source"":""synthetic"",""name"":""clustered_t__nr100000__ns100000__a1_000ep00__g1"",""dim"":2,""path_r"":"""",""path_s"":"""",""synthetic"":{""generator"":""clustered"",""n_r"":100000,""n_s"":100000,""alpha"":1,""seed"":1}},""run"":{""method"":""interval_tree"",""variant"":""adaptive"",""t"":10000,""seed"":1,""repeats"":3,""j_star"":1000000,""enum_cap"":0,""write_samples"":false,""verify"":false},""output"":{""out_dir"":""run/temp/exp5/clustered_t"",""run_tag"":""exp5_clustered_t""},""sys"":{""threads"":1},""logging"":{""level"":""INFO"",""with_timestamp"":true,""with_thread_id"":false}}","{""generator"":""clustered"",""dataset"":""clustered_t__nr100000__ns100000__a1_000ep00__g1"",""n_r"":100000,""n_s"":100000,""has_exact_k"":false,""k_target"":0,""k_achieved"":0,""alpha_target"":1,""alpha_achieved"":nan,""notes"":""clusters=10, sigma=0.05, w_min_r=0.003, w_max_r=0.02, share_clusters=1""}"
clustered_t__nr100000__ns100000__a1_000ep00__g1,clustered,1,100000,100000,interval_tree,adaptive,10000,2,3,1,1229.54,2.16826e+07,1,0,1,0,fallback_sampling,1000001,"{""build_ms"":144.872068,""build_active_ms"":23.453740,""build_events_ms"":42.142358,""build_start_ids_ms"":1.512372,""build_y_endpoints_ms"":27.892735,""build_y_indices_ms"":49.862804,""enumerate_prepare_ms"":146.704523,""phase1_count_adaptive_ms"":510.110045,""phase2_slots_ms"":7.652277,""phase3_resweep_ms"":317.411945,""run_build_ms"":144.873408,""run_fallback_count_ms"":510.112464,""run_fallback_sample_ms"":325.071931,""run_pilot_enum_prepare_ms"":146.707863,""run_pilot_enum_scan_ms"":33.697676}",,"{""dataset"":{""source"":""synthetic"",""name"":""clustered_t__nr100000__ns100000__a1_000ep00__g1"",""dim"":2,""path_r"":"""",""path_s"":"""",""synthetic"":{""generator"":""clustered"",""n_r"":100000,""n_s"":100000,""alpha"":1,""seed"":1}},""run"":{""method"":""interval_tree"",""variant"":""adaptive"",""t"":10000,""seed"":1,""repeats"":3,""j_star"":1000000,""enum_cap"":0,""write_samples"":false,""verify"":false},""output"":{""out_dir"":""run/temp/exp5/clustered_t"",""run_tag"":""exp5_clustered_t""},""sys"":{""threads"":1},""logging"":{""level"":""INFO"",""with_timestamp"":true,""with_thread_id"":false}}","{""generator"":""clustered"",""dataset"":""clustered_t__nr100000__ns100000__a1_000ep00__g1"",""n_r"":100000,""n_s"":100000,""has_exact_k"":false,""k_target"":0,""k_achieved"":0,""alpha_target"":1,""alpha_achieved"":nan,""notes"":""clusters=10, sigma=0.05, w_min_r=0.003, w_max_r=0.02, share_clusters=1""}"
clustered_t__nr100000__ns100000__a1_000ep00__g1,clustered,1,100000,100000,kd_tree,sampling,10000,0,1,1,558.034,2.16826e+07,1,0,0,0,,0,"{""build_ms"":103.289608,""build_events_ms"":34.310185,""build_kdtrees_ms"":35.374855,""build_rank_arrays_ms"":32.218184,""build_start_index_ms"":1.342735,""phase1_count_ms"":383.006152,""phase2_alias_ms"":71.729122,""phase3_sweep_ms"":65.557927,""run_build_ms"":103.290398,""run_count_ms"":383.008962,""run_sample_ms"":71.730212}",,"{""dataset"":{""source"":""synthetic"",""name"":""clustered_t__nr100000__ns100000__a1_000ep00__g1"",""dim"":2,""path_r"":"""",""path_s"":"""",""synthetic"":{""generator"":""clustered"",""n_r"":100000,""n_s"":100000,""alpha"":1,""seed"":1}},""run"":{""method"":""kd_tree"",""variant"":""sampling"",""t"":10000,""seed"":1,""repeats"":3,""j_star"":1000000,""enum_cap"":0,""write_samples"":false,""verify"":false},""output"":{""out_dir"":""run/temp/exp5/clustered_t"",""run_tag"":""exp5_clustered_t""},""sys"":{""threads"":1},""logging"":{""level"":""INFO"",""with_timestamp"":true,""with_thread_id"":false}}","{""generator"":""clustered"",""dataset"":""clustered_t__nr100000__ns100000__a1_000ep00__g1"",""n_r"":100000,""n_s"":100000,""has_exact_k"":false,""k_target"":0,""k_achieved"":0,""alpha_target"":1,""alpha_achieved"":nan,""notes"":""clusters=10, sigma=0.05, w_min_r=0.003, w_max_r=0.02, share_clusters=1""}"
clustered_t__nr100000__ns100000__a1_000ep00__g1,clustered,1,100000,100000,kd_tree,sampling,10000,1,2,1,562.113,2.16826e+07,1,0,0,0,,0,"{""build_ms"":106.885571,""build_events_ms"":34.331325,""build_kdtrees_ms"":38.791161,""build_rank_arrays_ms"":32.346901,""build_start_index_ms"":1.366954,""phase1_count_ms"":383.489822,""phase2_alias_ms"":71.730002,""phase3_sweep_ms"":65.576167,""run_build_ms"":106.886351,""run_count_ms"":383.492452,""run_sample_ms"":71.730962}",,"{""dataset"":{""source"":""synthetic"",""name"":""clustered_t__nr100000__ns100000__a1_000ep00__g1"",""dim"":2,""path_r"":"""",""path_s"":"""",""synthetic"":{""generator"":""clustered"",""n_r"":100000,""n_s"":100000,""alpha"":1,""seed"":1}},""run"":{""method"":""kd_tree"",""variant"":""sampling"",""t"":10000,""seed"":1,""repeats"":3,""j_star"":1000000,""enum_cap"":0,""write_samples"":false,""verify"":false},""output"":{""out_dir"":""run/temp/exp5/clustered_t"",""run_tag"":""exp5_clustered_t""},""sys"":{""threads"":1},""logging"":{""level"":""INFO"",""with_timestamp"":true,""with_thread_id"":false}}","{""generator"":""clustered"",""dataset"":""clustered_t__nr100000__ns100000__a1_000ep00__g1"",""n_r"":100000,""n_s"":100000,""has_exact_k"":false,""k_target"":0,""k_achieved"":0,""alpha_target"":1,""alpha_achieved"":nan,""notes"":""clusters=10, sigma=0.05, w_min_r=0.003, w_max_r=0.02, share_clusters=1""}"
clustered_t__nr100000__ns100000__a1_000ep00__g1,clustered,1,100000,100000,kd_tree,sampling,10000,2,3,1,561.887,2.16826e+07,1,0,0,0,,0,"{""build_ms"":103.542553,""build_events_ms"":34.349355,""build_kdtrees_ms"":35.428744,""build_rank_arrays_ms"":32.371912,""build_start_index_ms"":1.348114,""phase1_count_ms"":383.075320,""phase2_alias_ms"":75.261835,""phase3_sweep_ms"":69.098261,""run_build_ms"":103.543434,""run_count_ms"":383.077960,""run_sample_ms"":75.262615}",,"{""dataset"":{""source"":""synthetic"",""name"":""clustered_t__nr100000__ns100000__a1_000ep00__g1"",""dim"":2,""path_r"":"""",""path_s"":"""",""synthetic"":{""generator"":""clustered"",""n_r"":100000,""n_s"":100000,""alpha"":1,""seed"":1}},""run"":{""method"":""kd_tree"",""variant"":""sampling"",""t"":10000,""seed"":1,""repeats"":3,""j_star"":1000000,""enum_cap"":0,""write_samples"":false,""verify"":false},""output"":{""out_dir"":""run/temp/exp5/clustered_t"",""run_tag"":""exp5_clustered_t""},""sys"":{""threads"":1},""logging"":{""level"":""INFO"",""with_timestamp"":true,""with_thread_id"":false}}","{""generator"":""clustered"",""dataset"":""clustered_t__nr100000__ns100000__a1_000ep00__g1"",""n_r"":100000,""n_s"":100000,""has_exact_k"":false,""k_target"":0,""k_achieved"":0,""alpha_target"":1,""alpha_achieved"":nan,""notes"":""clusters=10, sigma=0.05, w_min_r=0.003, w_max_r=0.02, share_clusters=1""}"
clustered_t__nr100000__ns100000__a1_000ep00__g1,clustered,1,100000,100000,kd_tree,adaptive,10000,0,1,1,866.632,2.16826e+07,1,0,1,0,fallback_sampling,1000001,"{""adaptive_fallback_sampling_ms"":69.339046,""build_ms"":103.495354,""build_embedding_ms"":32.395252,""build_events_ms"":34.311245,""build_kdtrees_ms"":35.434393,""build_rank_arrays_ms"":32.353252,""build_start_index_ms"":1.349254,""enumerate_prepare_ms"":102.061512,""phase1_count_and_maybe_enumerate_ms"":433.861764,""phase2_alias_ms"":5.306270,""phase2_assign_ms"":0.592859,""phase3_sweep_ms"":63.046805,""run_build_ms"":103.496344,""run_fallback_count_ms"":433.865024,""run_fallback_sample_ms"":69.340606,""run_pilot_enum_prepare_ms"":102.064642,""run_pilot_enum_scan_ms"":157.848793}",,"{""dataset"":{""source"":""synthetic"",""name"":""clustered_t__nr100000__ns100000__a1_000ep00__g1"",""dim"":2,""path_r"":"""",""path_s"":"""",""synthetic"":{""generator"":""clustered"",""n_r"":100000,""n_s"":100000,""alpha"":1,""seed"":1}},""run"":{""method"":""kd_tree"",""variant"":""adaptive"",""t"":10000,""seed"":1,""repeats"":3,""j_star"":1000000,""enum_cap"":0,""write_samples"":false,""verify"":false},""output"":{""out_dir"":""run/temp/exp5/clustered_t"",""run_tag"":""exp5_clustered_t""},""sys"":{""threads"":1},""logging"":{""level"":""INFO"",""with_timestamp"":true,""with_thread_id"":false}}","{""generator"":""clustered"",""dataset"":""clustered_t__nr100000__ns100000__a1_000ep00__g1"",""n_r"":100000,""n_s"":100000,""has_exact_k"":false,""k_target"":0,""k_achieved"":0,""alpha_target"":1,""alpha_achieved"":nan,""notes"":""clusters=10, sigma=0.05, w_min_r=0.003, w_max_r=0.02, share_clusters=1""}"
clustered_t__nr100000__ns100000__a1_000ep00__g1,clustered,1,100000,100000,kd_tree,adaptive,10000,1,2,1,868.65,2.16826e+07,1,0,1,0,fallback_sampling,1000001,"{""adaptive_fallback_sampling_ms"":69.329656,""build_ms"":103.401947,""build_embedding_ms"":32.333422,""build_events_ms"":34.316926,""build_kdtrees_ms"":35.392545,""build_rank_arrays_ms"":32.290323,""build_start_index_ms"":1.353825,""enumerate_prepare_ms"":105.322240,""phase1_count_and_maybe_enumerate_ms"":433.152387,""phase2_alias_ms"":5.217832,""phase2_assign_ms"":0.593179,""phase3_sweep_ms"":63.125094,""run_build_ms"":103.402777,""run_fallback_count_ms"":433.155417,""run_fallback_sample_ms"":69.330956,""run_pilot_enum_prepare_ms"":105.327610,""run_pilot_enum_scan_ms"":157.418920}",,"{""dataset"":{""source"":""synthetic"",""name"":""clustered_t__nr100000__ns100000__a1_000ep00__g1"",""dim"":2,""path_r"":"""",""path_s"":"""",""synthetic"":{""generator"":""clustered"",""n_r"":100000,""n_s"":100000,""alpha"":1,""seed"":1}},""run"":{""method"":""kd_tree"",""variant"":""adaptive"",""t"":10000,""seed"":1,""repeats"":3,""j_star"":1000000,""enum_cap"":0,""write_samples"":false,""verify"":false},""output"":{""out_dir"":""run/temp/exp5/clustered_t"",""run_tag"":""exp5_clustered_t""},""sys"":{""threads"":1},""logging"":{""level"":""INFO"",""with_timestamp"":true,""with_thread_id"":false}}","{""generator"":""clustered"",""dataset"":""clustered_t__nr100000__ns100000__a1_000ep00__g1"",""n_r"":100000,""n_s"":100000,""has_exact_k"":false,""k_target"":0,""k_achieved"":0,""alpha_target"":1,""alpha_achieved"":nan,""notes"":""clusters=10, sigma=0.05, w_min_r=0.003, w_max_r=0.02, share_clusters=1""}"
clustered_t__nr100000__ns100000__a1_000ep00__g1,clustered,1,100000,100000,kd_tree,adaptive,10000,2,3,1,869.162,2.16826e+07,1,0,1,0,fallback_sampling,1000001,"{""adaptive_fallback_sampling_ms"":69.058332,""build_ms"":103.463585,""build_embedding_ms"":32.351672,""build_events_ms"":34.345205,""build_kdtrees_ms"":35.407354,""build_rank_arrays_ms"":32.307982,""build_start_index_ms"":1.354394,""enumerate_prepare_ms"":102.092071,""phase1_count_and_maybe_enumerate_ms"":433.471790,""phase2_alias_ms"":5.210093,""phase2_assign_ms"":0.597929,""phase3_sweep_ms"":62.855268,""run_build_ms"":103.464255,""run_fallback_count_ms"":433.474400,""run_fallback_sample_ms"":69.059612,""run_pilot_enum_prepare_ms"":102.096491,""run_pilot_enum_scan_ms"":161.051833}",,"{""dataset"":{""source"":""synthetic"",""name"":""clustered_t__nr100000__ns100000__a1_000ep00__g1"",""dim"":2,""path_r"":"""",""path_s"":"""",""synthetic"":{""generator"":""clustered"",""n_r"":100000,""n_s"":100000,""alpha"":1,""seed"":1}},""run"":{""method"":""kd_tree"",""variant"":""adaptive"",""t"":10000,""seed"":1,""repeats"":3,""j_star"":1000000,""enum_cap"":0,""write_samples"":false,""verify"":false},""output"":{""out_dir"":""run/temp/exp5/clustered_t"",""run_tag"":""exp5_clustered_t""},""sys"":{""threads"":1},""logging"":{""level"":""INFO"",""with_timestamp"":true,""with_thread_id"":false}}","{""generator"":""clustered"",""dataset"":""clustered_t__nr100000__ns100000__a1_000ep00__g1"",""n_r"":100000,""n_s"":100000,""has_exact_k"":false,""k_target"":0,""k_achieved"":0,""alpha_target"":1,""alpha_achieved"":nan,""notes"":""clusters=10, sigma=0.05, w_min_r=0.003, w_max_r=0.02, share_clusters=1""}"
clustered_t__nr100000__ns100000__a1_000ep00__g1,clustered,1,100000,100000,r_tree,sampling,10000,0,1,1,427.883,2.16826e+07,1,0,0,0,,0,"{""build_ms"":36.207209,""phase1_count_ms"":231.098685,""phase2_assign_ms"":5.554496,""phase3_sample_ms"":154.628373,""run_build_ms"":36.208329,""run_count_ms"":231.100555,""run_sample_ms"":160.571511}",,"{""dataset"":{""source"":""synthetic"",""name"":""clustered_t__nr100000__ns100000__a1_000ep00__g1"",""dim"":2,""path_r"":"""",""path_s"":"""",""synthetic"":{""generator"":""clustered"",""n_r"":100000,""n_s"":100000,""alpha"":1,""seed"":1}},""run"":{""method"":""r_tree"",""variant"":""sampling"",""t"":10000,""seed"":1,""repeats"":3,""j_star"":1000000,""enum_cap"":0,""write_samples"":false,""verify"":false},""output"":{""out_dir"":""run/temp/exp5/clustered_t"",""run_tag"":""exp5_clustered_t""},""sys"":{""threads"":1},""logging"":{""level"":""INFO"",""with_timestamp"":true,""with_thread_id"":false}}","{""generator"":""clustered"",""dataset"":""clustered_t__nr100000__ns100000__a1_000ep00__g1"",""n_r"":100000,""n_s"":100000,""has_exact_k"":false,""k_target"":0,""k_achieved"":0,""alpha_target"":1,""alpha_achieved"":nan,""notes"":""clusters=10, sigma=0.05, w_min_r=0.003, w_max_r=0.02, share_clusters=1""}"
clustered_t__nr100000__ns100000__a1_000ep00__g1,clustered,1,100000,100000,r_tree,sampling,10000,1,2,1,425.622,2.16826e+07,1,0,0,0,,0,"{""build_ms"":36.191049,""phase1_count_ms"":232.059576,""phase2_assign_ms"":5.560366,""phase3_sample_ms"":151.282505,""run_build_ms"":36.192909,""run_count_ms"":232.061486,""run_sample_ms"":157.230874}",,"{""dataset"":{""source"":""synthetic"",""name"":""clustered_t__nr100000__ns100000__a1_000ep00__g1"",""dim"":2,""path_r"":"""",""path_s"":"""",""synthetic"":{""generator"":""clustered"",""n_r"":100000,""n_s"":100000,""alpha"":1,""seed"":1}},""run"":{""method"":""r_tree"",""variant"":""sampling"",""t"":10000,""seed"":1,""repeats"":3,""j_star"":1000000,""enum_cap"":0,""write_samples"":false,""verify"":false},""output"":{""out_dir"":""run/temp/exp5/clustered_t"",""run_tag"":""exp5_clustered_t""},""sys"":{""threads"":1},""logging"":{""level"":""INFO"",""with_timestamp"":true,""with_thread_id"":false}}","{""generator"":""clustered"",""dataset"":""clustered_t__nr100000__ns100000__a1_000ep00__g1"",""n_r"":100000,""n_s"":100000,""has_exact_k"":false,""k_target"":0,""k_achieved"":0,""alpha_target"":1,""alpha_achieved"":nan,""notes"":""clusters=10, sigma=0.05, w_min_r=0.003, w_max_r=0.02, share_clusters=1""}"
clustered_t__nr100000__ns100000__a1_000ep00__g1,clustered,1,100000,100000,r_tree,sampling,10000,2,3,1,423.702,2.16826e+07,1,0,0,0,,0,"{""build_ms"":36.198249,""phase1_count_ms"":230.180892,""phase2_assign_ms"":5.550565,""phase3_sample_ms"":151.245116,""run_build_ms"":36.199769,""run_count_ms"":230.182652,""run_sample_ms"":157.183554}",,"{""dataset"":{""source"":""synthetic"",""name"":""clustered_t__nr100000__ns100000__a1_000ep00__g1"",""dim"":2,""path_r"":"""",""path_s"":"""",""synthetic"":{""generator"":""clustered"",""n_r"":100000,""n_s"":100000,""alpha"":1,""seed"":1}},""run"":{""method"":""r_tree"",""variant"":""sampling"",""t"":10000,""seed"":1,""repeats"":3,""j_star"":1000000,""enum_cap"":0,""write_samples"":false,""verify"":false},""output"":{""out_dir"":""run/temp/exp5/clustered_t"",""run_tag"":""exp5_clustered_t""},""sys"":{""threads"":1},""logging"":{""level"":""INFO"",""with_timestamp"":true,""with_thread_id"":false}}","{""generator"":""clustered"",""dataset"":""clustered_t__nr100000__ns100000__a1_000ep00__g1"",""n_r"":100000,""n_s"":100000,""has_exact_k"":false,""k_target"":0,""k_achieved"":0,""alpha_target"":1,""alpha_achieved"":nan,""notes"":""clusters=10, sigma=0.05, w_min_r=0.003, w_max_r=0.02, share_clusters=1""}"
clustered_t__nr100000__ns100000__a1_000ep00__g1,clustered,1,100000,100000,r_tree,adaptive,10000,0,1,1,527.723,2.16826e+07,1,0,1,0,fallback_sampling,1000001,"{""build_ms"":36.185690,""enumerate_prepare_ms"":34.547000,""phase1_adaptive_count_ms"":244.058140,""phase2+3_sampling_ms"":155.683742,""run_build_ms"":36.186620,""run_fallback_count_ms"":244.060811,""run_fallback_sample_ms"":155.686782,""run_pilot_enum_prepare_ms"":34.549580,""run_pilot_enum_scan_ms"":57.208215}",,"{""dataset"":{""source"":""synthetic"",""name"":""clustered_t__nr100000__ns100000__a1_000ep00__g1"",""dim"":2,""path_r"":"""",""path_s"":"""",""synthetic"":{""generator"":""clustered"",""n_r"":100000,""n_s"":100000,""alpha"":1,""seed"":1}},""run"":{""method"":""r_tree"",""variant"":""adaptive"",""t"":10000,""seed"":1,""repeats"":3,""j_star"":1000000,""enum_cap"":0,""write_samples"":false,""verify"":false},""output"":{""out_dir"":""run/temp/exp5/clustered_t"",""run_tag"":""exp5_clustered_t""},""sys"":{""threads"":1},""logging"":{""level"":""INFO"",""with_timestamp"":true,""with_thread_id"":false}}","{""generator"":""clustered"",""dataset"":""clustered_t__nr100000__ns100000__a1_000ep00__g1"",""n_r"":100000,""n_s"":100000,""has_exact_k"":false,""k_target"":0,""k_achieved"":0,""alpha_target"":1,""alpha_achieved"":nan,""notes"":""clusters=10, sigma=0.05, w_min_r=0.003, w_max_r=0.02, share_clusters=1""}"
clustered_t__nr100000__ns100000__a1_000ep00__g1,clustered,1,100000,100000,r_tree,adaptive,10000,1,2,1,524.295,2.16826e+07,1,0,1,0,fallback_sampling,1000001,"{""build_ms"":36.199569,""enumerate_prepare_ms"":34.518171,""phase1_adaptive_count_ms"":243.164877,""phase2+3_sampling_ms"":156.156533,""run_build_ms"":36.200489,""run_fallback_count_ms"":243.167217,""run_fallback_sample_ms"":156.159903,""run_pilot_enum_prepare_ms"":34.520141,""run_pilot_enum_scan_ms"":54.080653}",,"{""dataset"":{""source"":""synthetic"",""name"":""clustered_t__nr100000__ns100000__a1_000ep00__g1"",""dim"":2,""path_r"":"""",""path_s"":"""",""synthetic"":{""generator"":""clustered"",""n_r"":100000,""n_s"":100000,""alpha"":1,""seed"":1}},""run"":{""method"":""r_tree"",""variant"":""adaptive"",""t"":10000,""seed"":1,""repeats"":3,""j_star"":1000000,""enum_cap"":0,""write_samples"":false,""verify"":false},""output"":{""out_dir"":""run/temp/exp5/clustered_t"",""run_tag"":""exp5_clustered_t""},""sys"":{""threads"":1},""logging"":{""level"":""INFO"",""with_timestamp"":true,""with_thread_id"":false}}","{""generator"":""clustered"",""dataset"":""clustered_t__nr100000__ns100000__a1_000ep00__g1"",""n_r"":100000,""n_s"":100000,""has_exact_k"":false,""k_target"":0,""k_achieved"":0,""alpha_target"":1,""alpha_achieved"":nan,""notes"":""clusters=10, sigma=0.05, w_min_r=0.003, w_max_r=0.02, share_clusters=1""}"
clustered_t__nr100000__ns100000__a1_000ep00__g1,clustered,1,100000,100000,r_tree,adaptive,10000,2,3,1,529.995,2.16826e+07,1,0,1,0,fallback_sampling,1000001,"{""build_ms"":36.181830,""enumerate_prepare_ms"":34.574270,""phase1_adaptive_count_ms"":245.866716,""phase2+3_sampling_ms"":155.864968,""run_build_ms"":36.183370,""run_fallback_count_ms"":245.869046,""run_fallback_sample_ms"":155.867628,""run_pilot_enum_prepare_ms"":34.576660,""run_pilot_enum_scan_ms"":57.341691}",,"{""dataset"":{""source"":""synthetic"",""name"":""clustered_t__nr100000__ns100000__a1_000ep00__g1"",""dim"":2,""path_r"":"""",""path_s"":"""",""synthetic"":{""generator"":""clustered"",""n_r"":100000,""n_s"":100000,""alpha"":1,""seed"":1}},""run"":{""method"":""r_tree"",""variant"":""adaptive"",""t"":10000,""seed"":1,""repeats"":3,""j_star"":1000000,""enum_cap"":0,""write_samples"":false,""verify"":false},""output"":{""out_dir"":""run/temp/exp5/clustered_t"",""run_tag"":""exp5_clustered_t""},""sys"":{""threads"":1},""logging"":{""level"":""INFO"",""with_timestamp"":true,""with_thread_id"":false}}","{""generator"":""clustered"",""dataset"":""clustered_t__nr100000__ns100000__a1_000ep00__g1"",""n_r"":100000,""n_s"":100000,""has_exact_k"":false,""k_target"":0,""k_achieved"":0,""alpha_target"":1,""alpha_achieved"":nan,""notes"":""clusters=10, sigma=0.05, w_min_r=0.003, w_max_r=0.02, share_clusters=1""}"
clustered_t__nr100000__ns100000__a1_000ep00__g1,clustered,1,100000,100000,range_tree,sampling,10000,0,1,1,1923.86,2.16826e+07,1,0,0,0,,0,"{""build_ms"":102.044752,""build_events_ms"":34.340634,""build_range_trees_ms"":35.411383,""build_rank_arrays_ms"":30.913409,""build_start_index_ms"":1.334065,""phase1_count_ms"":1055.540396,""phase2_alias_ms"":766.261806,""phase3_sweep_ms"":759.944195,""run_build_ms"":102.045772,""run_count_ms"":1055.542966,""run_sample_ms"":766.263155}",,"{""dataset"":{""source"":""synthetic"",""name"":""clustered_t__nr100000__ns100000__a1_000ep00__g1"",""dim"":2,""path_r"":"""",""path_s"":"""",""synthetic"":{""generator"":""clustered"",""n_r"":100000,""n_s"":100000,""alpha"":1,""seed"":1}},""run"":{""method"":""range_tree"",""variant"":""sampling"",""t"":10000,""seed"":1,""repeats"":3,""j_star"":1000000,""enum_cap"":0,""write_samples"":false,""verify"":false},""output"":{""out_dir"":""run/temp/exp5/clustered_t"",""run_tag"":""exp5_clustered_t""},""sys"":{""threads"":1},""logging"":{""level"":""INFO"",""with_timestamp"":true,""with_thread_id"":false}}","{""generator"":""clustered"",""dataset"":""clustered_t__nr100000__ns100000__a1_000ep00__g1"",""n_r"":100000,""n_s"":100000,""has_exact_k"":false,""k_target"":0,""k_achieved"":0,""alpha_target"":1,""alpha_achieved"":nan,""notes"":""clusters=10, sigma=0.05, w_min_r=0.003, w_max_r=0.02, share_clusters=1""}"
clustered_t__nr100000__ns100000__a1_000ep00__g1,clustered,1,100000,100000,range_tree,sampling,10000,1,2,1,1921.35,2.16826e+07,1,0,0,0,,0,"{""build_ms"":100.893122,""build_events_ms"":34.313965,""build_range_trees_ms"":34.316074,""build_rank_arrays_ms"":30.861309,""build_start_index_ms"":1.355654,""phase1_count_ms"":1053.803585,""phase2_alias_ms"":766.643096,""phase3_sweep_ms"":760.338215,""run_build_ms"":100.893842,""run_count_ms"":1053.806655,""run_sample_ms"":766.648716}",,"{""dataset"":{""source"":""synthetic"",""name"":""clustered_t__nr100000__ns100000__a1_000ep00__g1"",""dim"":2,""path_r"":"""",""path_s"":"""",""synthetic"":{""generator"":""clustered"",""n_r"":100000,""n_s"":100000,""alpha"":1,""seed"":1}},""run"":{""method"":""range_tree"",""variant"":""sampling"",""t"":10000,""seed"":1,""repeats"":3,""j_star"":1000000,""enum_cap"":0,""write_samples"":false,""verify"":false},""output"":{""out_dir"":""run/temp/exp5/clustered_t"",""run_tag"":""exp5_clustered_t""},""sys"":{""threads"":1},""logging"":{""level"":""INFO"",""with_timestamp"":true,""with_thread_id"":false}}","{""generator"":""clustered"",""dataset"":""clustered_t__nr100000__ns100000__a1_000ep00__g1"",""n_r"":100000,""n_s"":100000,""has_exact_k"":false,""k_target"":0,""k_achieved"":0,""alpha_target"":1,""alpha_achieved"":nan,""notes"":""clusters=10, sigma=0.05, w_min_r=0.003, w_max_r=0.02, share_clusters=1""}"
clustered_t__nr100000__ns100000__a1_000ep00__g1,clustered,1,100000,100000,range_tree,sampling,10000,2,3,1,1921.72,2.16826e+07,1,0,0,0,,0,"{""build_ms"":101.055279,""build_events_ms"":34.317374,""build_range_trees_ms"":34.419363,""build_rank_arrays_ms"":30.914608,""build_start_index_ms"":1.358115,""phase1_count_ms"":1053.678123,""phase2_alias_ms"":766.973806,""phase3_sweep_ms"":760.676094,""run_build_ms"":101.056049,""run_count_ms"":1053.680863,""run_sample_ms"":766.979296}",,"{""dataset"":{""source"":""synthetic"",""name"":""clustered_t__nr100000__ns100000__a1_000ep00__g1"",""dim"":2,""path_r"":"""",""path_s"":"""",""synthetic"":{""generator"":""clustered"",""n_r"":100000,""n_s"":100000,""alpha"":1,""seed"":1}},""run"":{""method"":""range_tree"",""variant"":""sampling"",""t"":10000,""seed"":1,""repeats"":3,""j_star"":1000000,""enum_cap"":0,""write_samples"":false,""verify"":false},""output"":{""out_dir"":""run/temp/exp5/clustered_t"",""run_tag"":""exp5_clustered_t""},""sys"":{""threads"":1},""logging"":{""level"":""INFO"",""with_timestamp"":true,""with_thread_id"":false}}","{""generator"":""clustered"",""dataset"":""clustered_t__nr100000__ns100000__a1_000ep00__g1"",""n_r"":100000,""n_s"":100000,""has_exact_k"":false,""k_target"":0,""k_achieved"":0,""alpha_target"":1,""alpha_achieved"":nan,""notes"":""clusters=10, sigma=0.05, w_min_r=0.003, w_max_r=0.02, share_clusters=1""}"
clustered_t__nr100000__ns100000__a1_000ep00__g1,clustered,1,100000,100000,range_tree,adaptive,10000,0,1,1,2279.86,2.16826e+07,1,0,1,0,fallback_sampling,1000001,"{""adaptive_count_ms"":1117.475068,""build_ms"":102.275415,""build_events_ms"":34.316644,""build_range_trees_ms"":35.668378,""build_rank_arrays_ms"":30.900959,""build_start_index_ms"":1.344844,""enumerate_prepare_ms"":100.420670,""phase2_alias_ms"":766.481961,""phase3_sweep_ms"":760.430865,""run_build_ms"":102.276245,""run_fallback_count_ms"":1117.477708,""run_fallback_sample_ms"":766.489051,""run_pilot_enum_prepare_ms"":100.424590,""run_pilot_enum_scan_ms"":193.172085}",,"{""dataset"":{""source"":""synthetic"",""name"":""clustered_t__nr100000__ns100000__a1_000ep00__g1"",""dim"":2,""path_r"":"""",""path_s"":"""",""synthetic"":{""generator"":""clustered"",""n_r"":100000,""n_s"":100000,""alpha"":1,""seed"":1}},""run"":{""method"":""range_tree"",""variant"":""adaptive"",""t"":10000,""seed"":1,""repeats"":3,""j_star"":1000000,""enum_cap"":0,""write_samples"":false,""verify"":false},""output"":{""out_dir"":""run/temp/exp5/clustered_t"",""run_tag"":""exp5_clustered_t""},""sys"":{""threads"":1},""logging"":{""level"":""INFO"",""with_timestamp"":true,""with_thread_id"":false}}","{""generator"":""clustered"",""dataset"":""clustered_t__nr100000__ns100000__a1_000ep00__g1"",""n_r"":100000,""n_s"":100000,""has_exact_k"":false,""k_target"":0,""k_achieved"":0,""alpha_target"":1,""alpha_achieved"":nan,""notes"":""clusters=10, sigma=0.05, w_min_r=0.003, w_max_r=0.02, share_clusters=1""}"
clustered_t__nr100000__ns100000__a1_000ep00__g1,clustered,1,100000,100000,range_tree,adaptive,10000,1,2,1,2276.72,2.16826e+07,1,0,1,0,fallback_sampling,1000001,"{""adaptive_count_ms"":1116.476061,""build_ms"":100.757854,""build_events_ms"":34.315625,""build_range_trees_ms"":34.126088,""build_rank_arrays_ms"":30.915089,""build_start_index_ms"":1.354884,""enumerate_prepare_ms"":100.539327,""phase2_alias_ms"":765.991428,""phase3_sweep_ms"":759.947492,""run_build_ms"":100.758854,""run_fallback_count_ms"":1116.478622,""run_fallback_sample_ms"":765.998338,""run_pilot_enum_prepare_ms"":100.541947,""run_pilot_enum_scan_ms"":192.928639}",,"{""dataset"":{""source"":""synthetic"",""name"":""clustered_t__nr100000__ns100000__a1_000ep00__g1"",""dim"":2,""path_r"":"""",""path_s"":"""",""synthetic"":{""generator"":""clustered"",""n_r"":100000,""n_s"":100000,""alpha"":1,""seed"":1}},""run"":{""method"":""range_tree"",""variant"":""adaptive"",""t"":10000,""seed"":1,""repeats"":3,""j_star"":1000000,""enum_cap"":0,""write_samples"":false,""verify"":false},""output"":{""out_dir"":""run/temp/exp5/clustered_t"",""run_tag"":""exp5_clustered_t""},""sys"":{""threads"":1},""logging"":{""level"":""INFO"",""with_timestamp"":true,""with_thread_id"":false}}","{""generator"":""clustered"",""dataset"":""clustered_t__nr100000__ns100000__a1_000ep00__g1"",""n_r"":100000,""n_s"":100000,""has_exact_k"":false,""k_target"":0,""k_achieved"":0,""alpha_target"":1,""alpha_achieved"":nan,""notes"":""clusters=10, sigma=0.05, w_min_r=0.003, w_max_r=0.02, share_clusters=1""}"
clustered_t__nr100000__ns100000__a1_000ep00__g1,clustered,1,100000,100000,range_tree,adaptive,10000,2,3,1,2277.33,2.16826e+07,1,0,1,0,fallback_sampling,1000001,"{""adaptive_count_ms"":1116.587764,""build_ms"":100.968108,""build_events_ms"":34.336913,""build_range_trees_ms"":34.334993,""build_rank_arrays_ms"":30.896138,""build_start_index_ms"":1.355244,""enumerate_prepare_ms"":100.598376,""phase2_alias_ms"":762.634328,""phase3_sweep_ms"":756.554523,""run_build_ms"":100.969138,""run_fallback_count_ms"":1116.590404,""run_fallback_sample_ms"":762.635768,""run_pilot_enum_prepare_ms"":100.600946,""run_pilot_enum_scan_ms"":196.513710}",,"{""dataset"":{""source"":""synthetic"",""name"":""clustered_t__nr100000__ns100000__a1_000ep00__g1"",""dim"":2,""path_r"":"""",""path_s"":"""",""synthetic"":{""generator"":""clustered"",""n_r"":100000,""n_s"":100000,""alpha"":1,""seed"":1}},""run"":{""method"":""range_tree"",""variant"":""adaptive"",""t"":10000,""seed"":1,""repeats"":3,""j_star"":1000000,""enum_cap"":0,""write_samples"":false,""verify"":false},""output"":{""out_dir"":""run/temp/exp5/clustered_t"",""run_tag"":""exp5_clustered_t""},""sys"":{""threads"":1},""logging"":{""level"":""INFO"",""with_timestamp"":true,""with_thread_id"":false}}","{""generator"":""clustered"",""dataset"":""clustered_t__nr100000__ns100000__a1_000ep00__g1"",""n_r"":100000,""n_s"":100000,""has_exact_k"":false,""k_target"":0,""k_achieved"":0,""alpha_target"":1,""alpha_achieved"":nan,""notes"":""clusters=10, sigma=0.05, w_min_r=0.003, w_max_r=0.02, share_clusters=1""}"
clustered_t__nr100000__ns100000__a1_000ep00__g1,clustered,1,100000,100000,pbsm,sampling,10000,0,1,1,1615.52,2.16826e+07,1,0,0,0,,0,"{""build_ms"":21.825979,""pbsm_build_ms"":21.825449,""pbsm_count_pass1_ms"":783.581762,""pbsm_partitions_stripes_ms"":21.482565,""pbsm_sample_draw_ranks_ms"":0.489771,""pbsm_sample_pass2_select_ms"":809.602151,""run_build_ms"":21.826519,""run_count_ms"":783.585102,""run_sample_ms"":810.108342}",,"{""dataset"":{""source"":""synthetic"",""name"":""clustered_t__nr100000__ns100000__a1_000ep00__g1"",""dim"":2,""path_r"":"""",""path_s"":"""",""synthetic"":{""generator"":""clustered"",""n_r"":100000,""n_s"":100000,""alpha"":1,""seed"":1}},""run"":{""method"":""pbsm"",""variant"":""sampling"",""t"":10000,""seed"":1,""repeats"":3,""j_star"":1000000,""enum_cap"":0,""write_samples"":false,""verify"":false},""output"":{""out_dir"":""run/temp/exp5/clustered_t"",""run_tag"":""exp5_clustered_t""},""sys"":{""threads"":1},""logging"":{""level"":""INFO"",""with_timestamp"":true,""with_thread_id"":false}}","{""generator"":""clustered"",""dataset"":""clustered_t__nr100000__ns100000__a1_000ep00__g1"",""n_r"":100000,""n_s"":100000,""has_exact_k"":false,""k_target"":0,""k_achieved"":0,""alpha_target"":1,""alpha_achieved"":nan,""notes"":""clusters=10, sigma=0.05, w_min_r=0.003, w_max_r=0.02, share_clusters=1""}"
clustered_t__nr100000__ns100000__a1_000ep00__g1,clustered,1,100000,100000,pbsm,sampling,10000,1,2,1,1630.64,2.16826e+07,1,0,0,0,,0,"{""build_ms"":21.825899,""pbsm_build_ms"":21.825549,""pbsm_count_pass1_ms"":799.975291,""pbsm_partitions_stripes_ms"":21.480826,""pbsm_sample_draw_ranks_ms"":0.491991,""pbsm_sample_pass2_select_ms"":808.325652,""run_build_ms"":21.826238,""run_count_ms"":799.978750,""run_sample_ms"":808.834193}",,"{""dataset"":{""source"":""synthetic"",""name"":""clustered_t__nr100000__ns100000__a1_000ep00__g1"",""dim"":2,""path_r"":"""",""path_s"":"""",""synthetic"":{""generator"":""clustered"",""n_r"":100000,""n_s"":100000,""alpha"":1,""seed"":1}},""run"":{""method"":""pbsm"",""variant"":""sampling"",""t"":10000,""seed"":1,""repeats"":3,""j_star"":1000000,""enum_cap"":0,""write_samples"":false,""verify"":false},""output"":{""out_dir"":""run/temp/exp5/clustered_t"",""run_tag"":""exp5_clustered_t""},""sys"":{""threads"":1},""logging"":{""level"":""INFO"",""with_timestamp"":true,""with_thread_id"":false}}","{""generator"":""clustered"",""dataset"":""clustered_t__nr100000__ns100000__a1_000ep00__g1"",""n_r"":100000,""n_s"":100000,""has_exact_k"":false,""k_target"":0,""k_achieved"":0,""alpha_target"":1,""alpha_achieved"":nan,""notes"":""clusters=10, sigma=0.05, w_min_r=0.003, w_max_r=0.02, share_clusters=1""}"
clustered_t__nr100000__ns100000__a1_000ep00__g1,clustered,1,100000,100000,pbsm,sampling,10000,2,3,1,1628.83,2.16826e+07,1,0,0,0,,0,"{""build_ms"":21.753371,""pbsm_build_ms"":21.753040,""pbsm_count_pass1_ms"":796.194220,""pbsm_partitions_stripes_ms"":21.407387,""pbsm_sample_draw_ranks_ms"":0.494460,""pbsm_sample_pass2_select_ms"":810.360672,""run_build_ms"":21.753950,""run_count_ms"":796.197480,""run_sample_ms"":810.872491}",,"{""dataset"":{""source"":""synthetic"",""name"":""clustered_t__nr100000__ns100000__a1_000ep00__g1"",""dim"":2,""path_r"":"""",""path_s"":"""",""synthetic"":{""generator"":""clustered"",""n_r"":100000,""n_s"":100000,""alpha"":1,""seed"":1}},""run"":{""method"":""pbsm"",""variant"":""sampling"",""t"":10000,""seed"":1,""repeats"":3,""j_star"":1000000,""enum_cap"":0,""write_samples"":false,""verify"":false},""output"":{""out_dir"":""run/temp/exp5/clustered_t"",""run_tag"":""exp5_clustered_t""},""sys"":{""threads"":1},""logging"":{""level"":""INFO"",""with_timestamp"":true,""with_thread_id"":false}}","{""generator"":""clustered"",""dataset"":""clustered_t__nr100000__ns100000__a1_000ep00__g1"",""n_r"":100000,""n_s"":100000,""has_exact_k"":false,""k_target"":0,""k_achieved"":0,""alpha_target"":1,""alpha_achieved"":nan,""notes"":""clusters=10, sigma=0.05, w_min_r=0.003, w_max_r=0.02, share_clusters=1""}"
clustered_t__nr100000__ns100000__a1_000ep00__g1,clustered,1,100000,100000,pbsm,adaptive,10000,0,1,1,1696.81,2.16826e+07,1,0,1,0,fallback_sampling,1000001,"{""build_ms"":21.798050,""enumerate_prepare_ms"":0.000260,""pbsm_adaptive_pass1_ms"":819.782622,""pbsm_adaptive_sample_large_ms"":815.542872,""pbsm_build_ms"":21.797430,""pbsm_partitions_stripes_ms"":21.452646,""run_build_ms"":21.798460,""run_fallback_count_ms"":819.787142,""run_fallback_sample_ms"":815.547472,""run_pilot_enum_prepare_ms"":0.000920,""run_pilot_enum_scan_ms"":39.663182}",,"{""dataset"":{""source"":""synthetic"",""name"":""clustered_t__nr100000__ns100000__a1_000ep00__g1"",""dim"":2,""path_r"":"""",""path_s"":"""",""synthetic"":{""generator"":""clustered"",""n_r"":100000,""n_s"":100000,""alpha"":1,""seed"":1}},""run"":{""method"":""pbsm"",""variant"":""adaptive"",""t"":10000,""seed"":1,""repeats"":3,""j_star"":1000000,""enum_cap"":0,""write_samples"":false,""verify"":false},""output"":{""out_dir"":""run/temp/exp5/clustered_t"",""run_tag"":""exp5_clustered_t""},""sys"":{""threads"":1},""logging"":{""level"":""INFO"",""with_timestamp"":true,""with_thread_id"":false}}","{""generator"":""clustered"",""dataset"":""clustered_t__nr100000__ns100000__a1_000ep00__g1"",""n_r"":100000,""n_s"":100000,""has_exact_k"":false,""k_target"":0,""k_achieved"":0,""alpha_target"":1,""alpha_achieved"":nan,""notes"":""clusters=10, sigma=0.05, w_min_r=0.003, w_max_r=0.02, share_clusters=1""}"
clustered_t__nr100000__ns100000__a1_000ep00__g1,clustered,1,100000,100000,pbsm,adaptive,10000,1,2,1,1686.02,2.16826e+07,1,0,1,0,fallback_sampling,1000001,"{""build_ms"":21.785870,""enumerate_prepare_ms"":0.000380,""pbsm_adaptive_pass1_ms"":813.120716,""pbsm_adaptive_sample_large_ms"":812.026414,""pbsm_build_ms"":21.785339,""pbsm_partitions_stripes_ms"":21.430556,""run_build_ms"":21.786249,""run_fallback_count_ms"":813.125756,""run_fallback_sample_ms"":812.029914,""run_pilot_enum_prepare_ms"":0.000990,""run_pilot_enum_scan_ms"":39.056934}",,"{""dataset"":{""source"":""synthetic"",""name"":""clustered_t__nr100000__ns100000__a1_000ep00__g1"",""dim"":2,""path_r"":"""",""path_s"":"""",""synthetic"":{""generator"":""clustered"",""n_r"":100000,""n_s"":100000,""alpha"":1,""seed"":1}},""run"":{""method"":""pbsm"",""variant"":""adaptive"",""t"":10000,""seed"":1,""repeats"":3,""j_star"":1000000,""enum_cap"":0,""write_samples"":false,""verify"":false},""output"":{""out_dir"":""run/temp/exp5/clustered_t"",""run_tag"":""exp5_clustered_t""},""sys"":{""threads"":1},""logging"":{""level"":""INFO"",""with_timestamp"":true,""with_thread_id"":false}}","{""generator"":""clustered"",""dataset"":""clustered_t__nr100000__ns100000__a1_000ep00__g1"",""n_r"":100000,""n_s"":100000,""has_exact_k"":false,""k_target"":0,""k_achieved"":0,""alpha_target"":1,""alpha_achieved"":nan,""notes"":""clusters=10, sigma=0.05, w_min_r=0.003, w_max_r=0.02, share_clusters=1""}"
clustered_t__nr100000__ns100000__a1_000ep00__g1,clustered,1,100000,100000,pbsm,adaptive,10000,2,3,1,1690.11,2.16826e+07,1,0,1,0,fallback_sampling,1000001,"{""build_ms"":21.762060,""enumerate_prepare_ms"":0.000220,""pbsm_adaptive_pass1_ms"":819.946893,""pbsm_adaptive_sample_large_ms"":808.948361,""pbsm_build_ms"":21.761540,""pbsm_partitions_stripes_ms"":21.418886,""run_build_ms"":21.762570,""run_fallback_count_ms"":819.951093,""run_fallback_sample_ms"":808.951521,""run_pilot_enum_prepare_ms"":0.000600,""run_pilot_enum_scan_ms"":39.424547}",,"{""dataset"":{""source"":""synthetic"",""name"":""clustered_t__nr100000__ns100000__a1_000ep00__g1"",""dim"":2,""path_r"":"""",""path_s"":"""",""synthetic"":{""generator"":""clustered"",""n_r"":100000,""n_s"":100000,""alpha"":1,""seed"":1}},""run"":{""method"":""pbsm"",""variant"":""adaptive"",""t"":10000,""seed"":1,""repeats"":3,""j_star"":1000000,""enum_cap"":0,""write_samples"":false,""verify"":false},""output"":{""out_dir"":""run/temp/exp5/clustered_t"",""run_tag"":""exp5_clustered_t""},""sys"":{""threads"":1},""logging"":{""level"":""INFO"",""with_timestamp"":true,""with_thread_id"":false}}","{""generator"":""clustered"",""dataset"":""clustered_t__nr100000__ns100000__a1_000ep00__g1"",""n_r"":100000,""n_s"":100000,""has_exact_k"":false,""k_target"":0,""k_achieved"":0,""alpha_target"":1,""alpha_achieved"":nan,""notes"":""clusters=10, sigma=0.05, w_min_r=0.003, w_max_r=0.02, share_clusters=1""}"
clustered_t__nr100000__ns100000__a1_000ep00__g1,clustered,1,100000,100000,tlsop,sampling,10000,0,1,1,617.446,2.16826e+07,1,0,0,0,,0,"{""build_ms"":33.074787,""run_build_ms"":33.076027,""run_count_ms"":288.782975,""run_sample_ms"":295.583187,""tlsop_alloc_tiles_ms"":0.065909,""tlsop_build_ms"":33.073957,""tlsop_build_edges_ms"":0.000470,""tlsop_count_pass1_ms"":288.778956,""tlsop_pass1_count_caps_ms"":5.972657,""tlsop_pass1_reserve_ms"":0.540190,""tlsop_pass2_fill_ms"":7.059537,""tlsop_sample_draw_ranks_ms"":0.484601,""tlsop_sample_pass2_select_ms"":295.083847,""tlsop_sort_lists_ms"":19.421814}",,"{""dataset"":{""source"":""synthetic"",""name"":""clustered_t__nr100000__ns100000__a1_000ep00__g1"",""dim"":2,""path_r"":"""",""path_s"":"""",""synthetic"":{""generator"":""clustered"",""n_r"":100000,""n_s"":100000,""alpha"":1,""seed"":1}},""run"":{""method"":""tlsop"",""variant"":""sampling"",""t"":10000,""seed"":1,""repeats"":3,""j_star"":1000000,""enum_cap"":0,""write_samples"":false,""verify"":false},""output"":{""out_dir"":""run/temp/exp5/clustered_t"",""run_tag"":""exp5_clustered_t""},""sys"":{""threads"":1},""logging"":{""level"":""INFO"",""with_timestamp"":true,""with_thread_id"":false}}","{""generator"":""clustered"",""dataset"":""clustered_t__nr100000__ns100000__a1_000ep00__g1"",""n_r"":100000,""n_s"":100000,""has_exact_k"":false,""k_target"":0,""k_achieved"":0,""alpha_target"":1,""alpha_achieved"":nan,""notes"":""clusters=10, sigma=0.05, w_min_r=0.003, w_max_r=0.02, share_clusters=1""}"
clustered_t__nr100000__ns100000__a1_000ep00__g1,clustered,1,100000,100000,tlsop,sampling,10000,1,2,1,622.133,2.16826e+07,1,0,0,0,,0,"{""build_ms"":33.135945,""run_build_ms"":33.136565,""run_count_ms"":287.893522,""run_sample_ms"":300.517504,""tlsop_alloc_tiles_ms"":0.061559,""tlsop_build_ms"":33.134825,""tlsop_build_edges_ms"":0.000650,""tlsop_count_pass1_ms"":287.889392,""tlsop_pass1_count_caps_ms"":5.914239,""tlsop_pass1_reserve_ms"":0.460331,""tlsop_pass2_fill_ms"":7.063287,""tlsop_sample_draw_ranks_ms"":0.482181,""tlsop_sample_pass2_select_ms"":300.021174,""tlsop_sort_lists_ms"":19.511272}",,"{""dataset"":{""source"":""synthetic"",""name"":""clustered_t__nr100000__ns100000__a1_000ep00__g1"",""dim"":2,""path_r"":"""",""path_s"":"""",""synthetic"":{""generator"":""clustered"",""n_r"":100000,""n_s"":100000,""alpha"":1,""seed"":1}},""run"":{""method"":""tlsop"",""variant"":""sampling"",""t"":10000,""seed"":1,""repeats"":3,""j_star"":1000000,""enum_cap"":0,""write_samples"":false,""verify"":false},""output"":{""out_dir"":""run/temp/exp5/clustered_t"",""run_tag"":""exp5_clustered_t""},""sys"":{""threads"":1},""logging"":{""level"":""INFO"",""with_timestamp"":true,""with_thread_id"":false}}","{""generator"":""clustered"",""dataset"":""clustered_t__nr100000__ns100000__a1_000ep00__g1"",""n_r"":100000,""n_s"":100000,""has_exact_k"":false,""k_target"":0,""k_achieved"":0,""alpha_target"":1,""alpha_achieved"":nan,""notes"":""clusters=10, sigma=0.05, w_min_r=0.003, w_max_r=0.02, share_clusters=1""}"
clustered_t__nr100000__ns100000__a1_000ep00__g1,clustered,1,100000,100000,tlsop,sampling,10000,2,3,1,618.085,2.16826e+07,1,0,0,0,,0,"{""build_ms"":33.221223,""run_build_ms"":33.221943,""run_count_ms"":288.049899,""run_sample_ms"":296.261934,""tlsop_alloc_tiles_ms"":0.061509,""tlsop_build_ms"":33.220403,""tlsop_build_edges_ms"":0.000460,""tlsop_count_pass1_ms"":288.045589,""tlsop_pass1_count_caps_ms"":5.965447,""tlsop_pass1_reserve_ms"":0.464911,""tlsop_pass2_fill_ms"":7.069607,""tlsop_sample_draw_ranks_ms"":0.465541,""tlsop_sample_pass2_select_ms"":295.782883,""tlsop_sort_lists_ms"":19.486883}",,"{""dataset"":{""source"":""synthetic"",""name"":""clustered_t__nr100000__ns100000__a1_000ep00__g1"",""dim"":2,""path_r"":"""",""path_s"":"""",""synthetic"":{""generator"":""clustered"",""n_r"":100000,""n_s"":100000,""alpha"":1,""seed"":1}},""run"":{""method"":""tlsop"",""variant"":""sampling"",""t"":10000,""seed"":1,""repeats"":3,""j_star"":1000000,""enum_cap"":0,""write_samples"":false,""verify"":false},""output"":{""out_dir"":""run/temp/exp5/clustered_t"",""run_tag"":""exp5_clustered_t""},""sys"":{""threads"":1},""logging"":{""level"":""INFO"",""with_timestamp"":true,""with_thread_id"":false}}","{""generator"":""clustered"",""dataset"":""clustered_t__nr100000__ns100000__a1_000ep00__g1"",""n_r"":100000,""n_s"":100000,""has_exact_k"":false,""k_target"":0,""k_achieved"":0,""alpha_target"":1,""alpha_achieved"":nan,""notes"":""clusters=10, sigma=0.05, w_min_r=0.003, w_max_r=0.02, share_clusters=1""}"
clustered_t__nr100000__ns100000__a1_000ep00__g1,clustered,1,100000,100000,tlsop,adaptive,10000,0,1,1,636.228,2.16826e+07,1,0,1,0,fallback_sampling,1000001,"{""build_ms"":32.895060,""enumerate_prepare_ms"":0.012080,""run_build_ms"":32.896010,""run_fallback_count_ms"":291.775459,""run_fallback_sample_ms"":296.482109,""run_pilot_enum_prepare_ms"":0.013100,""run_pilot_enum_scan_ms"":15.052205,""tlsop_adaptive_pass1_ms"":291.768629,""tlsop_adaptive_sample_large_ms"":296.476899,""tlsop_alloc_tiles_ms"":0.061029,""tlsop_build_ms"":32.894290,""tlsop_build_edges_ms"":0.000580,""tlsop_pass1_count_caps_ms"":5.931418,""tlsop_pass1_reserve_ms"":0.455371,""tlsop_pass2_fill_ms"":6.982409,""tlsop_sort_lists_ms"":19.449883}",,"{""dataset"":{""source"":""synthetic"",""name"":""clustered_t__nr100000__ns100000__a1_000ep00__g1"",""dim"":2,""path_r"":"""",""path_s"":"""",""synthetic"":{""generator"":""clustered"",""n_r"":100000,""n_s"":100000,""alpha"":1,""seed"":1}},""run"":{""method"":""tlsop"",""variant"":""adaptive"",""t"":10000,""seed"":1,""repeats"":3,""j_star"":1000000,""enum_cap"":0,""write_samples"":false,""verify"":false},""output"":{""out_dir"":""run/temp/exp5/clustered_t"",""run_tag"":""exp5_clustered_t""},""sys"":{""threads"":1},""logging"":{""level"":""INFO"",""with_timestamp"":true,""with_thread_id"":false}}","{""generator"":""clustered"",""dataset"":""clustered_t__nr100000__ns100000__a1_000ep00__g1"",""n_r"":100000,""n_s"":100000,""has_exact_k"":false,""k_target"":0,""k_achieved"":0,""alpha_target"":1,""alpha_achieved"":nan,""notes"":""clusters=10, sigma=0.05, w_min_r=0.003, w_max_r=0.02, share_clusters=1""}"
clustered_t__nr100000__ns100000__a1_000ep00__g1,clustered,1,100000,100000,tlsop,adaptive,10000,1,2,1,633.737,2.16826e+07,1,0,1,0,fallback_sampling,1000001,"{""build_ms"":32.958298,""enumerate_prepare_ms"":0.012200,""run_build_ms"":32.959028,""run_fallback_count_ms"":291.602112,""run_fallback_sample_ms"":293.429916,""run_pilot_enum_prepare_ms"":0.013100,""run_pilot_enum_scan_ms"":15.034716,""tlsop_adaptive_pass1_ms"":291.596621,""tlsop_adaptive_sample_large_ms"":293.425596,""tlsop_alloc_tiles_ms"":0.061309,""tlsop_build_ms"":32.957488,""tlsop_build_edges_ms"":0.000780,""tlsop_pass1_count_caps_ms"":5.934288,""tlsop_pass1_reserve_ms"":0.451031,""tlsop_pass2_fill_ms"":7.009647,""tlsop_sort_lists_ms"":19.481882}",,"{""dataset"":{""source"":""synthetic"",""name"":""clustered_t__nr100000__ns100000__a1_000ep00__g1"",""dim"":2,""path_r"":"""",""path_s"":"""",""synthetic"":{""generator"":""clustered"",""n_r"":100000,""n_s"":100000,""alpha"":1,""seed"":1}},""run"":{""method"":""tlsop"",""variant"":""adaptive"",""t"":10000,""seed"":1,""repeats"":3,""j_star"":1000000,""enum_cap"":0,""write_samples"":false,""verify"":false},""output"":{""out_dir"":""run/temp/exp5/clustered_t"",""run_tag"":""exp5_clustered_t""},""sys"":{""threads"":1},""logging"":{""level"":""INFO"",""with_timestamp"":true,""with_thread_id"":false}}","{""generator"":""clustered"",""dataset"":""clustered_t__nr100000__ns100000__a1_000ep00__g1"",""n_r"":100000,""n_s"":100000,""has_exact_k"":false,""k_target"":0,""k_achieved"":0,""alpha_target"":1,""alpha_achieved"":nan,""notes"":""clusters=10, sigma=0.05, w_min_r=0.003, w_max_r=0.02, share_clusters=1""}"
clustered_t__nr100000__ns100000__a1_000ep00__g1,clustered,1,100000,100000,tlsop,adaptive,10000,2,3,1,637.162,2.16826e+07,1,0,1,0,fallback_sampling,1000001,"{""build_ms"":33.182254,""enumerate_prepare_ms"":0.013650,""run_build_ms"":33.182764,""run_fallback_count_ms"":294.764792,""run_fallback_sample_ms"":293.254149,""run_pilot_enum_prepare_ms"":0.014350,""run_pilot_enum_scan_ms"":15.398950,""tlsop_adaptive_pass1_ms"":294.759322,""tlsop_adaptive_sample_large_ms"":293.249669,""tlsop_alloc_tiles_ms"":0.061169,""tlsop_build_ms"":33.181214,""tlsop_build_edges_ms"":0.000590,""tlsop_pass1_count_caps_ms"":5.920999,""tlsop_pass1_reserve_ms"":0.450661,""tlsop_pass2_fill_ms"":7.012488,""tlsop_sort_lists_ms"":19.564501}",,"{""dataset"":{""source"":""synthetic"",""name"":""clustered_t__nr100000__ns100000__a1_000ep00__g1"",""dim"":2,""path_r"":"""",""path_s"":"""",""synthetic"":{""generator"":""clustered"",""n_r"":100000,""n_s"":100000,""alpha"":1,""seed"":1}},""run"":{""method"":""tlsop"",""variant"":""adaptive"",""t"":10000,""seed"":1,""repeats"":3,""j_star"":1000000,""enum_cap"":0,""write_samples"":false,""verify"":false},""output"":{""out_dir"":""run/temp/exp5/clustered_t"",""run_tag"":""exp5_clustered_t""},""sys"":{""threads"":1},""logging"":{""level"":""INFO"",""with_timestamp"":true,""with_thread_id"":false}}","{""generator"":""clustered"",""dataset"":""clustered_t__nr100000__ns100000__a1_000ep00__g1"",""n_r"":100000,""n_s"":100000,""has_exact_k"":false,""k_target"":0,""k_achieved"":0,""alpha_target"":1,""alpha_achieved"":nan,""notes"":""clusters=10, sigma=0.05, w_min_r=0.003, w_max_r=0.02, share_clusters=1""}"
clustered_t__nr100000__ns100000__a1_000ep00__g1,clustered,1,100000,100000,sirs,sampling,10000,0,1,1,828.429,2.16826e+07,1,0,0,0,,0,"{""build_ms"":121.733764,""count_ms"":553.992992,""run_build_ms"":121.734614,""run_count_ms"":553.995092,""run_sample_ms"":152.696010,""sample_ms"":152.693830,""sirs_build_index_ms"":121.733334,""sirs_build_kd_ms"":11.126840,""sirs_embed_inner_ms"":55.133690,""sirs_phase1_degrees_ms"":553.990962,""sirs_rank_axes_ms"":55.466084}",,"{""dataset"":{""source"":""synthetic"",""name"":""clustered_t__nr100000__ns100000__a1_000ep00__g1"",""dim"":2,""path_r"":"""",""path_s"":"""",""synthetic"":{""generator"":""clustered"",""n_r"":100000,""n_s"":100000,""alpha"":1,""seed"":1}},""run"":{""method"":""sirs"",""variant"":""sampling"",""t"":10000,""seed"":1,""repeats"":3,""j_star"":1000000,""enum_cap"":0,""write_samples"":false,""verify"":false},""output"":{""out_dir"":""run/temp/exp5/clustered_t"",""run_tag"":""exp5_clustered_t""},""sys"":{""threads"":1},""logging"":{""level"":""INFO"",""with_timestamp"":true,""with_thread_id"":false}}","{""generator"":""clustered"",""dataset"":""clustered_t__nr100000__ns100000__a1_000ep00__g1"",""n_r"":100000,""n_s"":100000,""has_exact_k"":false,""k_target"":0,""k_achieved"":0,""alpha_target"":1,""alpha_achieved"":nan,""notes"":""clusters=10, sigma=0.05, w_min_r=0.003, w_max_r=0.02, share_clusters=1""}"
clustered_t__nr100000__ns100000__a1_000ep00__g1,clustered,1,100000,100000,sirs,sampling,10000,1,2,1,827.632,2.16826e+07,1,0,0,0,,0,"{""build_ms"":121.266563,""count_ms"":553.580958,""run_build_ms"":121.267283,""run_count_ms"":553.582458,""run_sample_ms"":152.779408,""sample_ms"":152.777388,""sirs_build_index_ms"":121.265943,""sirs_build_kd_ms"":11.152850,""sirs_embed_inner_ms"":55.083301,""sirs_phase1_degrees_ms"":553.579008,""sirs_rank_axes_ms"":55.022963}",,"{""dataset"":{""source"":""synthetic"",""name"":""clustered_t__nr100000__ns100000__a1_000ep00__g1"",""dim"":2,""path_r"":"""",""path_s"":"""",""synthetic"":{""generator"":""clustered"",""n_r"":100000,""n_s"":100000,""alpha"":1,""seed"":1}},""run"":{""method"":""sirs"",""variant"":""sampling"",""t"":10000,""seed"":1,""repeats"":3,""j_star"":1000000,""enum_cap"":0,""write_samples"":false,""verify"":false},""output"":{""out_dir"":""run/temp/exp5/clustered_t"",""run_tag"":""exp5_clustered_t""},""sys"":{""threads"":1},""logging"":{""level"":""INFO"",""with_timestamp"":true,""with_thread_id"":false}}","{""generator"":""clustered"",""dataset"":""clustered_t__nr100000__ns100000__a1_000ep00__g1"",""n_r"":100000,""n_s"":100000,""has_exact_k"":false,""k_target"":0,""k_achieved"":0,""alpha_target"":1,""alpha_achieved"":nan,""notes"":""clusters=10, sigma=0.05, w_min_r=0.003, w_max_r=0.02, share_clusters=1""}"
clustered_t__nr100000__ns100000__a1_000ep00__g1,clustered,1,100000,100000,sirs,sampling,10000,2,3,1,828.371,2.16826e+07,1,0,0,0,,0,"{""build_ms"":121.314232,""count_ms"":550.397407,""run_build_ms"":121.314772,""run_count_ms"":550.399237,""run_sample_ms"":156.654725,""sample_ms"":156.653096,""sirs_build_index_ms"":121.313502,""sirs_build_kd_ms"":11.144440,""sirs_embed_inner_ms"":55.082321,""sirs_phase1_degrees_ms"":550.395497,""sirs_rank_axes_ms"":55.078681}",,"{""dataset"":{""source"":""synthetic"",""name"":""clustered_t__nr100000__ns100000__a1_000ep00__g1"",""dim"":2,""path_r"":"""",""path_s"":"""",""synthetic"":{""generator"":""clustered"",""n_r"":100000,""n_s"":100000,""alpha"":1,""seed"":1}},""run"":{""method"":""sirs"",""variant"":""sampling"",""t"":10000,""seed"":1,""repeats"":3,""j_star"":1000000,""enum_cap"":0,""write_samples"":false,""verify"":false},""output"":{""out_dir"":""run/temp/exp5/clustered_t"",""run_tag"":""exp5_clustered_t""},""sys"":{""threads"":1},""logging"":{""level"":""INFO"",""with_timestamp"":true,""with_thread_id"":false}}","{""generator"":""clustered"",""dataset"":""clustered_t__nr100000__ns100000__a1_000ep00__g1"",""n_r"":100000,""n_s"":100000,""has_exact_k"":false,""k_target"":0,""k_achieved"":0,""alpha_target"":1,""alpha_achieved"":nan,""notes"":""clusters=10, sigma=0.05, w_min_r=0.003, w_max_r=0.02, share_clusters=1""}"
clustered_t__nr100000__ns100000__a1_000ep00__g1,clustered,1,100000,100000,sirs,adaptive,10000,0,1,1,883.278,2.16826e+07,1,0,1,0,fallback_sampling,1000001,"{""build_ms"":121.705904,""count_ms"":565.315755,""run_build_ms"":121.706664,""run_fallback_count_ms"":565.317835,""run_fallback_sample_ms"":149.572258,""run_pilot_enum_prepare_ms"":0.000710,""run_pilot_enum_scan_ms"":46.668050,""sample_ms"":149.570058,""sirs_build_index_ms"":121.705184,""sirs_build_kd_ms"":11.150519,""sirs_embed_inner_ms"":55.084281,""sirs_rank_axes_ms"":55.462364}",,"{""dataset"":{""source"":""synthetic"",""name"":""clustered_t__nr100000__ns100000__a1_000ep00__g1"",""dim"":2,""path_r"":"""",""path_s"":"""",""synthetic"":{""generator"":""clustered"",""n_r"":100000,""n_s"":100000,""alpha"":1,""seed"":1}},""run"":{""method"":""sirs"",""variant"":""adaptive"",""t"":10000,""seed"":1,""repeats"":3,""j_star"":1000000,""enum_cap"":0,""write_samples"":false,""verify"":false},""output"":{""out_dir"":""run/temp/exp5/clustered_t"",""run_tag"":""exp5_clustered_t""},""sys"":{""threads"":1},""logging"":{""level"":""INFO"",""with_timestamp"":true,""with_thread_id"":false}}","{""generator"":""clustered"",""dataset"":""clustered_t__nr100000__ns100000__a1_000ep00__g1"",""n_r"":100000,""n_s"":100000,""has_exact_k"":false,""k_target"":0,""k_achieved"":0,""alpha_target"":1,""alpha_achieved"":nan,""notes"":""clusters=10, sigma=0.05, w_min_r=0.003, w_max_r=0.02, share_clusters=1""}"
clustered_t__nr100000__ns100000__a1_000ep00__g1,clustered,1,100000,100000,sirs,adaptive,10000,1,2,1,885.336,2.16826e+07,1,0,1,0,fallback_sampling,1000001,"{""build_ms"":124.321334,""count_ms"":564.800384,""run_build_ms"":124.322145,""run_fallback_count_ms"":564.802444,""run_fallback_sample_ms"":149.466680,""run_pilot_enum_prepare_ms"":0.000620,""run_pilot_enum_scan_ms"":46.727399,""sample_ms"":149.464310,""sirs_build_index_ms"":124.320745,""sirs_build_kd_ms"":14.232581,""sirs_embed_inner_ms"":55.072561,""sirs_rank_axes_ms"":55.008472}",,"{""dataset"":{""source"":""synthetic"",""name"":""clustered_t__nr100000__ns100000__a1_000ep00__g1"",""dim"":2,""path_r"":"""",""path_s"":"""",""synthetic"":{""generator"":""clustered"",""n_r"":100000,""n_s"":100000,""alpha"":1,""seed"":1}},""run"":{""method"":""sirs"",""variant"":""adaptive"",""t"":10000,""seed"":1,""repeats"":3,""j_star"":1000000,""enum_cap"":0,""write_samples"":false,""verify"":false},""output"":{""out_dir"":""run/temp/exp5/clustered_t"",""run_tag"":""exp5_clustered_t""},""sys"":{""threads"":1},""logging"":{""level"":""INFO"",""with_timestamp"":true,""with_thread_id"":false}}","{""generator"":""clustered"",""dataset"":""clustered_t__nr100000__ns100000__a1_000ep00__g1"",""n_r"":100000,""n_s"":100000,""has_exact_k"":false,""k_target"":0,""k_achieved"":0,""alpha_target"":1,""alpha_achieved"":nan,""notes"":""clusters=10, sigma=0.05, w_min_r=0.003, w_max_r=0.02, share_clusters=1""}"
clustered_t__nr100000__ns100000__a1_000ep00__g1,clustered,1,100000,100000,sirs,adaptive,10000,2,3,1,886.274,2.16826e+07,1,0,1,0,fallback_sampling,1000001,"{""build_ms"":121.276801,""count_ms"":567.995093,""run_build_ms"":121.277451,""run_fallback_count_ms"":567.996813,""run_fallback_sample_ms"":150.271654,""run_pilot_enum_prepare_ms"":0.000350,""run_pilot_enum_scan_ms"":46.709599,""sample_ms"":150.270004,""sirs_build_index_ms"":121.276271,""sirs_build_kd_ms"":11.156039,""sirs_embed_inner_ms"":55.046862,""sirs_rank_axes_ms"":55.066960}",,"{""dataset"":{""source"":""synthetic"",""name"":""clustered_t__nr100000__ns100000__a1_000ep00__g1"",""dim"":2,""path_r"":"""",""path_s"":"""",""synthetic"":{""generator"":""clustered"",""n_r"":100000,""n_s"":100000,""alpha"":1,""seed"":1}},""run"":{""method"":""sirs"",""variant"":""adaptive"",""t"":10000,""seed"":1,""repeats"":3,""j_star"":1000000,""enum_cap"":0,""write_samples"":false,""verify"":false},""output"":{""out_dir"":""run/temp/exp5/clustered_t"",""run_tag"":""exp5_clustered_t""},""sys"":{""threads"":1},""logging"":{""level"":""INFO"",""with_timestamp"":true,""with_thread_id"":false}}","{""generator"":""clustered"",""dataset"":""clustered_t__nr100000__ns100000__a1_000ep00__g1"",""n_r"":100000,""n_s"":100000,""has_exact_k"":false,""k_target"":0,""k_achieved"":0,""alpha_target"":1,""alpha_achieved"":nan,""notes"":""clusters=10, sigma=0.05, w_min_r=0.003, w_max_r=0.02, share_clusters=1""}"
clustered_t__nr100000__ns100000__a1_000ep00__g1,clustered,1,100000,100000,rejection,sampling,10000,0,1,0,-1,-1,0,0,0,0,,0,{},SKIPPED: rejection+sampling is disabled in sjs_sweep; use variant=adaptive.,"{""dataset"":{""source"":""synthetic"",""name"":""clustered_t__nr100000__ns100000__a1_000ep00__g1"",""dim"":2,""path_r"":"""",""path_s"":"""",""synthetic"":{""generator"":""clustered"",""n_r"":100000,""n_s"":100000,""alpha"":1,""seed"":1}},""run"":{""method"":""rejection"",""variant"":""sampling"",""t"":10000,""seed"":1,""repeats"":3,""j_star"":1000000,""enum_cap"":0,""write_samples"":false,""verify"":false},""output"":{""out_dir"":""run/temp/exp5/clustered_t"",""run_tag"":""exp5_clustered_t""},""sys"":{""threads"":1},""logging"":{""level"":""INFO"",""with_timestamp"":true,""with_thread_id"":false}}","{""generator"":""clustered"",""dataset"":""clustered_t__nr100000__ns100000__a1_000ep00__g1"",""n_r"":100000,""n_s"":100000,""has_exact_k"":false,""k_target"":0,""k_achieved"":0,""alpha_target"":1,""alpha_achieved"":nan,""notes"":""clusters=10, sigma=0.05, w_min_r=0.003, w_max_r=0.02, share_clusters=1""}"
clustered_t__nr100000__ns100000__a1_000ep00__g1,clustered,1,100000,100000,rejection,sampling,10000,1,2,0,-1,-1,0,0,0,0,,0,{},SKIPPED: rejection+sampling is disabled in sjs_sweep; use variant=adaptive.,"{""dataset"":{""source"":""synthetic"",""name"":""clustered_t__nr100000__ns100000__a1_000ep00__g1"",""dim"":2,""path_r"":"""",""path_s"":"""",""synthetic"":{""generator"":""clustered"",""n_r"":100000,""n_s"":100000,""alpha"":1,""seed"":1}},""run"":{""method"":""rejection"",""variant"":""sampling"",""t"":10000,""seed"":1,""repeats"":3,""j_star"":1000000,""enum_cap"":0,""write_samples"":false,""verify"":false},""output"":{""out_dir"":""run/temp/exp5/clustered_t"",""run_tag"":""exp5_clustered_t""},""sys"":{""threads"":1},""logging"":{""level"":""INFO"",""with_timestamp"":true,""with_thread_id"":false}}","{""generator"":""clustered"",""dataset"":""clustered_t__nr100000__ns100000__a1_000ep00__g1"",""n_r"":100000,""n_s"":100000,""has_exact_k"":false,""k_target"":0,""k_achieved"":0,""alpha_target"":1,""alpha_achieved"":nan,""notes"":""clusters=10, sigma=0.05, w_min_r=0.003, w_max_r=0.02, share_clusters=1""}"
clustered_t__nr100000__ns100000__a1_000ep00__g1,clustered,1,100000,100000,rejection,sampling,10000,2,3,0,-1,-1,0,0,0,0,,0,{},SKIPPED: rejection+sampling is disabled in sjs_sweep; use variant=adaptive.,"{""dataset"":{""source"":""synthetic"",""name"":""clustered_t__nr100000__ns100000__a1_000ep00__g1"",""dim"":2,""path_r"":"""",""path_s"":"""",""synthetic"":{""generator"":""clustered"",""n_r"":100000,""n_s"":100000,""alpha"":1,""seed"":1}},""run"":{""method"":""rejection"",""variant"":""sampling"",""t"":10000,""seed"":1,""repeats"":3,""j_star"":1000000,""enum_cap"":0,""write_samples"":false,""verify"":false},""output"":{""out_dir"":""run/temp/exp5/clustered_t"",""run_tag"":""exp5_clustered_t""},""sys"":{""threads"":1},""logging"":{""level"":""INFO"",""with_timestamp"":true,""with_thread_id"":false}}","{""generator"":""clustered"",""dataset"":""clustered_t__nr100000__ns100000__a1_000ep00__g1"",""n_r"":100000,""n_s"":100000,""has_exact_k"":false,""k_target"":0,""k_achieved"":0,""alpha_target"":1,""alpha_achieved"":nan,""notes"":""clusters=10, sigma=0.05, w_min_r=0.003, w_max_r=0.02, share_clusters=1""}"
clustered_t__nr100000__ns100000__a1_000ep00__g1,clustered,1,100000,100000,rejection,adaptive,10000,0,1,1,215.006,2.12469e+07,0,0,1,0,fallback_sampling,1000001,"{""adaptive_phase1_ms"":46.699628,""adaptive_sample_ms"":5.473517,""build_ms"":124.243496,""build_M_ms"":0.123338,""build_cellmap_ms"":16.740054,""build_mu_alias_ms"":107.262526,""build_slab_index_ms"":0.109208,""count_pilot_ms"":9.348223,""run_build_ms"":124.245105,""run_fallback_count_ms"":46.701588,""run_fallback_sample_ms"":5.475357,""run_pilot_enum_prepare_ms"":0.001620,""run_pilot_enum_scan_ms"":38.573342}",,"{""dataset"":{""source"":""synthetic"",""name"":""clustered_t__nr100000__ns100000__a1_000ep00__g1"",""dim"":2,""path_r"":"""",""path_s"":"""",""synthetic"":{""generator"":""clustered"",""n_r"":100000,""n_s"":100000,""alpha"":1,""seed"":1}},""run"":{""method"":""rejection"",""variant"":""adaptive"",""t"":10000,""seed"":1,""repeats"":3,""j_star"":1000000,""enum_cap"":0,""write_samples"":false,""verify"":false},""output"":{""out_dir"":""run/temp/exp5/clustered_t"",""run_tag"":""exp5_clustered_t""},""sys"":{""threads"":1},""logging"":{""level"":""INFO"",""with_timestamp"":true,""with_thread_id"":false}}","{""generator"":""clustered"",""dataset"":""clustered_t__nr100000__ns100000__a1_000ep00__g1"",""n_r"":100000,""n_s"":100000,""has_exact_k"":false,""k_target"":0,""k_achieved"":0,""alpha_target"":1,""alpha_achieved"":nan,""notes"":""clusters=10, sigma=0.05, w_min_r=0.003, w_max_r=0.02, share_clusters=1""}"
clustered_t__nr100000__ns100000__a1_000ep00__g1,clustered,1,100000,100000,rejection,adaptive,10000,1,2,1,224.619,2.16503e+07,0,0,1,0,fallback_sampling,1000001,"{""adaptive_phase1_ms"":46.844796,""adaptive_sample_ms"":5.373999,""build_ms"":121.504448,""build_M_ms"":0.108148,""build_cellmap_ms"":14.242662,""build_mu_alias_ms"":107.039011,""build_slab_index_ms"":0.103369,""count_pilot_ms"":9.320765,""run_build_ms"":121.561256,""run_fallback_count_ms"":46.846646,""run_fallback_sample_ms"":5.375729,""run_pilot_enum_prepare_ms"":0.001710,""run_pilot_enum_scan_ms"":42.026597}",,"{""dataset"":{""source"":""synthetic"",""name"":""clustered_t__nr100000__ns100000__a1_000ep00__g1"",""dim"":2,""path_r"":"""",""path_s"":"""",""synthetic"":{""generator"":""clustered"",""n_r"":100000,""n_s"":100000,""alpha"":1,""seed"":1}},""run"":{""method"":""rejection"",""variant"":""adaptive"",""t"":10000,""seed"":1,""repeats"":3,""j_star"":1000000,""enum_cap"":0,""write_samples"":false,""verify"":false},""output"":{""out_dir"":""run/temp/exp5/clustered_t"",""run_tag"":""exp5_clustered_t""},""sys"":{""threads"":1},""logging"":{""level"":""INFO"",""with_timestamp"":true,""with_thread_id"":false}}","{""generator"":""clustered"",""dataset"":""clustered_t__nr100000__ns100000__a1_000ep00__g1"",""n_r"":100000,""n_s"":100000,""has_exact_k"":false,""k_target"":0,""k_achieved"":0,""alpha_target"":1,""alpha_achieved"":nan,""notes"":""clusters=10, sigma=0.05, w_min_r=0.003, w_max_r=0.02, share_clusters=1""}"
clustered_t__nr100000__ns100000__a1_000ep00__g1,clustered,1,100000,100000,rejection,adaptive,10000,2,3,1,222.967,2.16949e+07,0,0,1,0,fallback_sampling,1000001,"{""adaptive_phase1_ms"":46.570982,""adaptive_sample_ms"":4.571164,""build_ms"":121.473858,""build_M_ms"":0.108378,""build_cellmap_ms"":14.288711,""build_mu_alias_ms"":106.963101,""build_slab_index_ms"":0.102808,""count_pilot_ms"":8.994451,""run_build_ms"":121.530647,""run_fallback_count_ms"":46.573152,""run_fallback_sample_ms"":4.572344,""run_pilot_enum_prepare_ms"":0.001970,""run_pilot_enum_scan_ms"":38.556253}",,"{""dataset"":{""source"":""synthetic"",""name"":""clustered_t__nr100000__ns100000__a1_000ep00__g1"",""dim"":2,""path_r"":"""",""path_s"":"""",""synthetic"":{""generator"":""clustered"",""n_r"":100000,""n_s"":100000,""alpha"":1,""seed"":1}},""run"":{""method"":""rejection"",""variant"":""adaptive"",""t"":10000,""seed"":1,""repeats"":3,""j_star"":1000000,""enum_cap"":0,""write_samples"":false,""verify"":false},""output"":{""out_dir"":""run/temp/exp5/clustered_t"",""run_tag"":""exp5_clustered_t""},""sys"":{""threads"":1},""logging"":{""level"":""INFO"",""with_timestamp"":true,""with_thread_id"":false}}","{""generator"":""clustered"",""dataset"":""clustered_t__nr100000__ns100000__a1_000ep00__g1"",""n_r"":100000,""n_s"":100000,""has_exact_k"":false,""k_target"":0,""k_achieved"":0,""alpha_target"":1,""alpha_achieved"":nan,""notes"":""clusters=10, sigma=0.05, w_min_r=0.003, w_max_r=0.02, share_clusters=1""}"
clustered_t__nr100000__ns100000__a1_000ep00__g1,clustered,1,100000,100000,ours,sampling,30000,0,1,1,526.586,2.16826e+07,1,0,0,0,,0,"{""build_active_indices_ms"":5.491957,""build_events_ms"":34.330903,""build_ranks_ms"":43.398372,""build_y_domain_ms"":13.831478,""phase1_count_ms"":253.283060,""phase2_plan_ms"":7.062046,""phase3_sample_ms"":167.406141,""run_build_ms"":98.812884,""run_count_ms"":253.286731,""run_sample_ms"":174.482798}",,"{""dataset"":{""source"":""synthetic"",""name"":""clustered_t__nr100000__ns100000__a1_000ep00__g1"",""dim"":2,""path_r"":"""",""path_s"":"""",""synthetic"":{""generator"":""clustered"",""n_r"":100000,""n_s"":100000,""alpha"":1,""seed"":1}},""run"":{""method"":""ours"",""variant"":""sampling"",""t"":30000,""seed"":1,""repeats"":3,""j_star"":1000000,""enum_cap"":0,""write_samples"":false,""verify"":false},""output"":{""out_dir"":""run/temp/exp5/clustered_t"",""run_tag"":""exp5_clustered_t""},""sys"":{""threads"":1},""logging"":{""level"":""INFO"",""with_timestamp"":true,""with_thread_id"":false}}","{""generator"":""clustered"",""dataset"":""clustered_t__nr100000__ns100000__a1_000ep00__g1"",""n_r"":100000,""n_s"":100000,""has_exact_k"":false,""k_target"":0,""k_achieved"":0,""alpha_target"":1,""alpha_achieved"":nan,""notes"":""clusters=10, sigma=0.05, w_min_r=0.003, w_max_r=0.02, share_clusters=1""}"
clustered_t__nr100000__ns100000__a1_000ep00__g1,clustered,1,100000,100000,ours,sampling,30000,1,2,1,597.733,2.16826e+07,1,0,0,0,,0,"{""build_active_indices_ms"":5.361448,""build_events_ms"":65.786798,""build_ranks_ms"":43.330703,""build_y_domain_ms"":13.844879,""phase1_count_ms"":255.581926,""phase2_plan_ms"":7.119756,""phase3_sample_ms"":167.040128,""run_build_ms"":130.082545,""run_count_ms"":255.585136,""run_sample_ms"":174.174563}",,"{""dataset"":{""source"":""synthetic"",""name"":""clustered_t__nr100000__ns100000__a1_000ep00__g1"",""dim"":2,""path_r"":"""",""path_s"":"""",""synthetic"":{""generator"":""clustered"",""n_r"":100000,""n_s"":100000,""alpha"":1,""seed"":1}},""run"":{""method"":""ours"",""variant"":""sampling"",""t"":30000,""seed"":1,""repeats"":3,""j_star"":1000000,""enum_cap"":0,""write_samples"":false,""verify"":false},""output"":{""out_dir"":""run/temp/exp5/clustered_t"",""run_tag"":""exp5_clustered_t""},""sys"":{""threads"":1},""logging"":{""level"":""INFO"",""with_timestamp"":true,""with_thread_id"":false}}","{""generator"":""clustered"",""dataset"":""clustered_t__nr100000__ns100000__a1_000ep00__g1"",""n_r"":100000,""n_s"":100000,""has_exact_k"":false,""k_target"":0,""k_achieved"":0,""alpha_target"":1,""alpha_achieved"":nan,""notes"":""clusters=10, sigma=0.05, w_min_r=0.003, w_max_r=0.02, share_clusters=1""}"
clustered_t__nr100000__ns100000__a1_000ep00__g1,clustered,1,100000,100000,ours,sampling,30000,2,3,1,595.002,2.16826e+07,1,0,0,0,,0,"{""build_active_indices_ms"":5.365199,""build_events_ms"":58.168652,""build_ranks_ms"":43.274584,""build_y_domain_ms"":13.833739,""phase1_count_ms"":253.093953,""phase2_plan_ms"":7.098716,""phase3_sample_ms"":170.602600,""run_build_ms"":122.397450,""run_count_ms"":253.096553,""run_sample_ms"":177.714436}",,"{""dataset"":{""source"":""synthetic"",""name"":""clustered_t__nr100000__ns100000__a1_000ep00__g1"",""dim"":2,""path_r"":"""",""path_s"":"""",""synthetic"":{""generator"":""clustered"",""n_r"":100000,""n_s"":100000,""alpha"":1,""seed"":1}},""run"":{""method"":""ours"",""variant"":""sampling"",""t"":30000,""seed"":1,""repeats"":3,""j_star"":1000000,""enum_cap"":0,""write_samples"":false,""verify"":false},""output"":{""out_dir"":""run/temp/exp5/clustered_t"",""run_tag"":""exp5_clustered_t""},""sys"":{""threads"":1},""logging"":{""level"":""INFO"",""with_timestamp"":true,""with_thread_id"":false}}","{""generator"":""clustered"",""dataset"":""clustered_t__nr100000__ns100000__a1_000ep00__g1"",""n_r"":100000,""n_s"":100000,""has_exact_k"":false,""k_target"":0,""k_achieved"":0,""alpha_target"":1,""alpha_achieved"":nan,""notes"":""clusters=10, sigma=0.05, w_min_r=0.003, w_max_r=0.02, share_clusters=1""}"
clustered_t__nr100000__ns100000__a1_000ep00__g1,clustered,1,100000,100000,ours,adaptive,30000,0,1,1,572.468,2.16826e+07,1,0,1,0,fallback_sampling,1000001,"{""build_active_indices_ms"":5.693502,""build_events_ms"":34.330402,""build_ranks_ms"":43.230105,""build_y_domain_ms"":13.844609,""phase1_count_adaptive_ms"":269.148039,""phase2_plan_ms"":6.828402,""phase3_sample_ms"":168.616748,""run_build_ms"":98.851694,""run_fallback_count_ms"":269.151670,""run_fallback_sample_ms"":175.460198,""run_pilot_enum_prepare_ms"":1.536821,""run_pilot_enum_scan_ms"":27.455642,""sample_ms"":175.458699}",,"{""dataset"":{""source"":""synthetic"",""name"":""clustered_t__nr100000__ns100000__a1_000ep00__g1"",""dim"":2,""path_r"":"""",""path_s"":"""",""synthetic"":{""generator"":""clustered"",""n_r"":100000,""n_s"":100000,""alpha"":1,""seed"":1}},""run"":{""method"":""ours"",""variant"":""adaptive"",""t"":30000,""seed"":1,""repeats"":3,""j_star"":1000000,""enum_cap"":0,""write_samples"":false,""verify"":false},""output"":{""out_dir"":""run/temp/exp5/clustered_t"",""run_tag"":""exp5_clustered_t""},""sys"":{""threads"":1},""logging"":{""level"":""INFO"",""with_timestamp"":true,""with_thread_id"":false}}","{""generator"":""clustered"",""dataset"":""clustered_t__nr100000__ns100000__a1_000ep00__g1"",""n_r"":100000,""n_s"":100000,""has_exact_k"":false,""k_target"":0,""k_achieved"":0,""alpha_target"":1,""alpha_achieved"":nan,""notes"":""clusters=10, sigma=0.05, w_min_r=0.003, w_max_r=0.02, share_clusters=1""}"
clustered_t__nr100000__ns100000__a1_000ep00__g1,clustered,1,100000,100000,ours,adaptive,30000,1,2,1,634.668,2.16826e+07,1,0,1,0,fallback_sampling,1000001,"{""build_active_indices_ms"":5.487787,""build_events_ms"":65.987854,""build_ranks_ms"":43.180354,""build_y_domain_ms"":13.857099,""phase1_count_adaptive_ms"":262.684402,""phase2_plan_ms"":6.847150,""phase3_sample_ms"":168.339963,""run_build_ms"":130.257571,""run_fallback_count_ms"":262.687462,""run_fallback_sample_ms"":175.202223,""run_pilot_enum_prepare_ms"":1.547251,""run_pilot_enum_scan_ms"":27.021350,""sample_ms"":175.200843}",,"{""dataset"":{""source"":""synthetic"",""name"":""clustered_t__nr100000__ns100000__a1_000ep00__g1"",""dim"":2,""path_r"":"""",""path_s"":"""",""synthetic"":{""generator"":""clustered"",""n_r"":100000,""n_s"":100000,""alpha"":1,""seed"":1}},""run"":{""method"":""ours"",""variant"":""adaptive"",""t"":30000,""seed"":1,""repeats"":3,""j_star"":1000000,""enum_cap"":0,""write_samples"":false,""verify"":false},""output"":{""out_dir"":""run/temp/exp5/clustered_t"",""run_tag"":""exp5_clustered_t""},""sys"":{""threads"":1},""logging"":{""level"":""INFO"",""with_timestamp"":true,""with_thread_id"":false}}","{""generator"":""clustered"",""dataset"":""clustered_t__nr100000__ns100000__a1_000ep00__g1"",""n_r"":100000,""n_s"":100000,""has_exact_k"":false,""k_target"":0,""k_achieved"":0,""alpha_target"":1,""alpha_achieved"":nan,""notes"":""clusters=10, sigma=0.05, w_min_r=0.003, w_max_r=0.02, share_clusters=1""}"
clustered_t__nr100000__ns100000__a1_000ep00__g1,clustered,1,100000,100000,ours,adaptive,30000,2,3,1,630.396,2.16826e+07,1,0,1,0,fallback_sampling,1000001,"{""build_active_indices_ms"":5.520495,""build_events_ms"":58.525825,""build_ranks_ms"":43.240254,""build_y_domain_ms"":13.848988,""phase1_count_adaptive_ms"":260.907574,""phase2_plan_ms"":6.857681,""phase3_sample_ms"":168.659346,""run_build_ms"":122.876910,""run_fallback_count_ms"":260.911155,""run_fallback_sample_ms"":175.532507,""run_pilot_enum_prepare_ms"":1.539191,""run_pilot_enum_scan_ms"":27.636999,""sample_ms"":175.531157}",,"{""dataset"":{""source"":""synthetic"",""name"":""clustered_t__nr100000__ns100000__a1_000ep00__g1"",""dim"":2,""path_r"":"""",""path_s"":"""",""synthetic"":{""generator"":""clustered"",""n_r"":100000,""n_s"":100000,""alpha"":1,""seed"":1}},""run"":{""method"":""ours"",""variant"":""adaptive"",""t"":30000,""seed"":1,""repeats"":3,""j_star"":1000000,""enum_cap"":0,""write_samples"":false,""verify"":false},""output"":{""out_dir"":""run/temp/exp5/clustered_t"",""run_tag"":""exp5_clustered_t""},""sys"":{""threads"":1},""logging"":{""level"":""INFO"",""with_timestamp"":true,""with_thread_id"":false}}","{""generator"":""clustered"",""dataset"":""clustered_t__nr100000__ns100000__a1_000ep00__g1"",""n_r"":100000,""n_s"":100000,""has_exact_k"":false,""k_target"":0,""k_achieved"":0,""alpha_target"":1,""alpha_achieved"":nan,""notes"":""clusters=10, sigma=0.05, w_min_r=0.003, w_max_r=0.02, share_clusters=1""}"
clustered_t__nr100000__ns100000__a1_000ep00__g1,clustered,1,100000,100000,aabb,sampling,30000,0,1,1,833.008,2.16826e+07,1,0,0,0,,0,"{""build_ms"":35.992270,""phase1_count_ms"":561.835984,""phase2_assign_ms"":7.459719,""phase3_sample_ms"":227.702872,""run_build_ms"":35.993520,""run_count_ms"":561.838814,""run_sample_ms"":235.173250}",,"{""dataset"":{""source"":""synthetic"",""name"":""clustered_t__nr100000__ns100000__a1_000ep00__g1"",""dim"":2,""path_r"":"""",""path_s"":"""",""synthetic"":{""generator"":""clustered"",""n_r"":100000,""n_s"":100000,""alpha"":1,""seed"":1}},""run"":{""method"":""aabb"",""variant"":""sampling"",""t"":30000,""seed"":1,""repeats"":3,""j_star"":1000000,""enum_cap"":0,""write_samples"":false,""verify"":false},""output"":{""out_dir"":""run/temp/exp5/clustered_t"",""run_tag"":""exp5_clustered_t""},""sys"":{""threads"":1},""logging"":{""level"":""INFO"",""with_timestamp"":true,""with_thread_id"":false}}","{""generator"":""clustered"",""dataset"":""clustered_t__nr100000__ns100000__a1_000ep00__g1"",""n_r"":100000,""n_s"":100000,""has_exact_k"":false,""k_target"":0,""k_achieved"":0,""alpha_target"":1,""alpha_achieved"":nan,""notes"":""clusters=10, sigma=0.05, w_min_r=0.003, w_max_r=0.02, share_clusters=1""}"
clustered_t__nr100000__ns100000__a1_000ep00__g1,clustered,1,100000,100000,aabb,sampling,30000,1,2,1,830.824,2.16826e+07,1,0,0,0,,0,"{""build_ms"":35.920901,""phase1_count_ms"":562.615079,""phase2_assign_ms"":7.452230,""phase3_sample_ms"":224.819425,""run_build_ms"":35.922071,""run_count_ms"":562.617519,""run_sample_ms"":232.282304}",,"{""dataset"":{""source"":""synthetic"",""name"":""clustered_t__nr100000__ns100000__a1_000ep00__g1"",""dim"":2,""path_r"":"""",""path_s"":"""",""synthetic"":{""generator"":""clustered"",""n_r"":100000,""n_s"":100000,""alpha"":1,""seed"":1}},""run"":{""method"":""aabb"",""variant"":""sampling"",""t"":30000,""seed"":1,""repeats"":3,""j_star"":1000000,""enum_cap"":0,""write_samples"":false,""verify"":false},""output"":{""out_dir"":""run/temp/exp5/clustered_t"",""run_tag"":""exp5_clustered_t""},""sys"":{""threads"":1},""logging"":{""level"":""INFO"",""with_timestamp"":true,""with_thread_id"":false}}","{""generator"":""clustered"",""dataset"":""clustered_t__nr100000__ns100000__a1_000ep00__g1"",""n_r"":100000,""n_s"":100000,""has_exact_k"":false,""k_target"":0,""k_achieved"":0,""alpha_target"":1,""alpha_achieved"":nan,""notes"":""clusters=10, sigma=0.05, w_min_r=0.003, w_max_r=0.02, share_clusters=1""}"
clustered_t__nr100000__ns100000__a1_000ep00__g1,clustered,1,100000,100000,aabb,sampling,30000,2,3,1,827.426,2.16826e+07,1,0,0,0,,0,"{""build_ms"":35.945171,""phase1_count_ms"":560.960858,""phase2_assign_ms"":7.404471,""phase3_sample_ms"":223.099837,""run_build_ms"":35.946461,""run_count_ms"":560.963108,""run_sample_ms"":230.514467}",,"{""dataset"":{""source"":""synthetic"",""name"":""clustered_t__nr100000__ns100000__a1_000ep00__g1"",""dim"":2,""path_r"":"""",""path_s"":"""",""synthetic"":{""generator"":""clustered"",""n_r"":100000,""n_s"":100000,""alpha"":1,""seed"":1}},""run"":{""method"":""aabb"",""variant"":""sampling"",""t"":30000,""seed"":1,""repeats"":3,""j_star"":1000000,""enum_cap"":0,""write_samples"":false,""verify"":false},""output"":{""out_dir"":""run/temp/exp5/clustered_t"",""run_tag"":""exp5_clustered_t""},""sys"":{""threads"":1},""logging"":{""level"":""INFO"",""with_timestamp"":true,""with_thread_id"":false}}","{""generator"":""clustered"",""dataset"":""clustered_t__nr100000__ns100000__a1_000ep00__g1"",""n_r"":100000,""n_s"":100000,""has_exact_k"":false,""k_target"":0,""k_achieved"":0,""alpha_target"":1,""alpha_achieved"":nan,""notes"":""clusters=10, sigma=0.05, w_min_r=0.003, w_max_r=0.02, share_clusters=1""}"
clustered_t__nr100000__ns100000__a1_000ep00__g1,clustered,1,100000,100000,aabb,adaptive,30000,0,1,1,929.69,2.16826e+07,1,0,1,0,fallback_sampling,1000001,"{""build_ms"":36.000720,""enumerate_prepare_ms"":34.401400,""phase1_count_ms"":566.857766,""phase2_assign_ms"":7.474068,""phase3_sample_ms"":220.883089,""run_build_ms"":36.001620,""run_fallback_count_ms"":566.860596,""run_fallback_sample_ms"":228.368817,""run_pilot_enum_prepare_ms"":34.405140,""run_pilot_enum_scan_ms"":64.038451}",,"{""dataset"":{""source"":""synthetic"",""name"":""clustered_t__nr100000__ns100000__a1_000ep00__g1"",""dim"":2,""path_r"":"""",""path_s"":"""",""synthetic"":{""generator"":""clustered"",""n_r"":100000,""n_s"":100000,""alpha"":1,""seed"":1}},""run"":{""method"":""aabb"",""variant"":""adaptive"",""t"":30000,""seed"":1,""repeats"":3,""j_star"":1000000,""enum_cap"":0,""write_samples"":false,""verify"":false},""output"":{""out_dir"":""run/temp/exp5/clustered_t"",""run_tag"":""exp5_clustered_t""},""sys"":{""threads"":1},""logging"":{""level"":""INFO"",""with_timestamp"":true,""with_thread_id"":false}}","{""generator"":""clustered"",""dataset"":""clustered_t__nr100000__ns100000__a1_000ep00__g1"",""n_r"":100000,""n_s"":100000,""has_exact_k"":false,""k_target"":0,""k_achieved"":0,""alpha_target"":1,""alpha_achieved"":nan,""notes"":""clusters=10, sigma=0.05, w_min_r=0.003, w_max_r=0.02, share_clusters=1""}"
clustered_t__nr100000__ns100000__a1_000ep00__g1,clustered,1,100000,100000,aabb,adaptive,30000,1,2,1,929.886,2.16826e+07,1,0,1,0,fallback_sampling,1000001,"{""build_ms"":35.966370,""enumerate_prepare_ms"":34.415291,""phase1_count_ms"":566.830755,""phase2_assign_ms"":7.425960,""phase3_sample_ms"":221.106104,""run_build_ms"":35.967761,""run_fallback_count_ms"":566.833775,""run_fallback_sample_ms"":228.544504,""run_pilot_enum_prepare_ms"":34.418350,""run_pilot_enum_scan_ms"":64.107879}",,"{""dataset"":{""source"":""synthetic"",""name"":""clustered_t__nr100000__ns100000__a1_000ep00__g1"",""dim"":2,""path_r"":"""",""path_s"":"""",""synthetic"":{""generator"":""clustered"",""n_r"":100000,""n_s"":100000,""alpha"":1,""seed"":1}},""run"":{""method"":""aabb"",""variant"":""adaptive"",""t"":30000,""seed"":1,""repeats"":3,""j_star"":1000000,""enum_cap"":0,""write_samples"":false,""verify"":false},""output"":{""out_dir"":""run/temp/exp5/clustered_t"",""run_tag"":""exp5_clustered_t""},""sys"":{""threads"":1},""logging"":{""level"":""INFO"",""with_timestamp"":true,""with_thread_id"":false}}","{""generator"":""clustered"",""dataset"":""clustered_t__nr100000__ns100000__a1_000ep00__g1"",""n_r"":100000,""n_s"":100000,""has_exact_k"":false,""k_target"":0,""k_achieved"":0,""alpha_target"":1,""alpha_achieved"":nan,""notes"":""clusters=10, sigma=0.05, w_min_r=0.003, w_max_r=0.02, share_clusters=1""}"
clustered_t__nr100000__ns100000__a1_000ep00__g1,clustered,1,100000,100000,aabb,adaptive,30000,2,3,1,931.76,2.16826e+07,1,0,1,0,fallback_sampling,1000001,"{""build_ms"":36.008390,""enumerate_prepare_ms"":34.394400,""phase1_count_ms"":564.691415,""phase2_assign_ms"":7.450189,""phase3_sample_ms"":225.118938,""run_build_ms"":36.010380,""run_fallback_count_ms"":564.694565,""run_fallback_sample_ms"":232.581717,""run_pilot_enum_prepare_ms"":34.397450,""run_pilot_enum_scan_ms"":64.061220}",,"{""dataset"":{""source"":""synthetic"",""name"":""clustered_t__nr100000__ns100000__a1_000ep00__g1"",""dim"":2,""path_r"":"""",""path_s"":"""",""synthetic"":{""generator"":""clustered"",""n_r"":100000,""n_s"":100000,""alpha"":1,""seed"":1}},""run"":{""method"":""aabb"",""variant"":""adaptive"",""t"":30000,""seed"":1,""repeats"":3,""j_star"":1000000,""enum_cap"":0,""write_samples"":false,""verify"":false},""output"":{""out_dir"":""run/temp/exp5/clustered_t"",""run_tag"":""exp5_clustered_t""},""sys"":{""threads"":1},""logging"":{""level"":""INFO"",""with_timestamp"":true,""with_thread_id"":false}}","{""generator"":""clustered"",""dataset"":""clustered_t__nr100000__ns100000__a1_000ep00__g1"",""n_r"":100000,""n_s"":100000,""has_exact_k"":false,""k_target"":0,""k_achieved"":0,""alpha_target"":1,""alpha_achieved"":nan,""notes"":""clusters=10, sigma=0.05, w_min_r=0.003, w_max_r=0.02, share_clusters=1""}"
clustered_t__nr100000__ns100000__a1_000ep00__g1,clustered,1,100000,100000,interval_tree,sampling,30000,0,1,1,980.231,2.16826e+07,1,0,0,0,,0,"{""build_ms"":139.434667,""build_active_ms"":23.322470,""build_events_ms"":37.565121,""build_start_ids_ms"":1.545221,""build_y_endpoints_ms"":27.785735,""build_y_indices_ms"":49.208731,""phase1_count_ms"":495.742466,""phase2_slots_ms"":7.592007,""phase3_resweep_ms"":337.443556,""run_build_ms"":139.435607,""run_count_ms"":495.744736,""run_sample_ms"":345.047753}",,"{""dataset"":{""source"":""synthetic"",""name"":""clustered_t__nr100000__ns100000__a1_000ep00__g1"",""dim"":2,""path_r"":"""",""path_s"":"""",""synthetic"":{""generator"":""clustered"",""n_r"":100000,""n_s"":100000,""alpha"":1,""seed"":1}},""run"":{""method"":""interval_tree"",""variant"":""sampling"",""t"":30000,""seed"":1,""repeats"":3,""j_star"":1000000,""enum_cap"":0,""write_samples"":false,""verify"":false},""output"":{""out_dir"":""run/temp/exp5/clustered_t"",""run_tag"":""exp5_clustered_t""},""sys"":{""threads"":1},""logging"":{""level"":""INFO"",""with_timestamp"":true,""with_thread_id"":false}}","{""generator"":""clustered"",""dataset"":""clustered_t__nr100000__ns100000__a1_000ep00__g1"",""n_r"":100000,""n_s"":100000,""has_exact_k"":false,""k_target"":0,""k_achieved"":0,""alpha_target"":1,""alpha_achieved"":nan,""notes"":""clusters=10, sigma=0.05, w_min_r=0.003, w_max_r=0.02, share_clusters=1""}"
clustered_t__nr100000__ns100000__a1_000ep00__g1,clustered,1,100000,100000,interval_tree,sampling,30000,1,2,1,1054.74,2.16826e+07,1,0,0,0,,0,"{""build_ms"":175.515414,""build_active_ms"":23.304940,""build_events_ms"":73.456202,""build_start_ids_ms"":1.543191,""build_y_endpoints_ms"":27.830084,""build_y_indices_ms"":49.371368,""phase1_count_ms"":496.351873,""phase2_slots_ms"":7.547768,""phase3_resweep_ms"":336.347936,""run_build_ms"":175.516134,""run_count_ms"":496.354024,""run_sample_ms"":343.907314}",,"{""dataset"":{""source"":""synthetic"",""name"":""clustered_t__nr100000__ns100000__a1_000ep00__g1"",""dim"":2,""path_r"":"""",""path_s"":"""",""synthetic"":{""generator"":""clustered"",""n_r"":100000,""n_s"":100000,""alpha"":1,""seed"":1}},""run"":{""method"":""interval_tree"",""variant"":""sampling"",""t"":30000,""seed"":1,""repeats"":3,""j_star"":1000000,""enum_cap"":0,""write_samples"":false,""verify"":false},""output"":{""out_dir"":""run/temp/exp5/clustered_t"",""run_tag"":""exp5_clustered_t""},""sys"":{""threads"":1},""logging"":{""level"":""INFO"",""with_timestamp"":true,""with_thread_id"":false}}","{""generator"":""clustered"",""dataset"":""clustered_t__nr100000__ns100000__a1_000ep00__g1"",""n_r"":100000,""n_s"":100000,""has_exact_k"":false,""k_target"":0,""k_achieved"":0,""alpha_target"":1,""alpha_achieved"":nan,""notes"":""clusters=10, sigma=0.05, w_min_r=0.003, w_max_r=0.02, share_clusters=1""}"
clustered_t__nr100000__ns100000__a1_000ep00__g1,clustered,1,100000,100000,interval_tree,sampling,30000,2,3,1,1055.07,2.16826e+07,1,0,0,0,,0,"{""build_ms"":175.273749,""build_active_ms"":23.323269,""build_events_ms"":73.405903,""build_start_ids_ms"":1.549121,""build_y_endpoints_ms"":27.803095,""build_y_indices_ms"":49.183591,""phase1_count_ms"":495.568948,""phase2_slots_ms"":7.463170,""phase3_resweep_ms"":337.641460,""run_build_ms"":175.274719,""run_count_ms"":495.571168,""run_sample_ms"":345.116390}",,"{""dataset"":{""source"":""synthetic"",""name"":""clustered_t__nr100000__ns100000__a1_000ep00__g1"",""dim"":2,""path_r"":"""",""path_s"":"""",""synthetic"":{""generator"":""clustered"",""n_r"":100000,""n_s"":100000,""alpha"":1,""seed"":1}},""run"":{""method"":""interval_tree"",""variant"":""sampling"",""t"":30000,""seed"":1,""repeats"":3,""j_star"":1000000,""enum_cap"":0,""write_samples"":false,""verify"":false},""output"":{""out_dir"":""run/temp/exp5/clustered_t"",""run_tag"":""exp5_clustered_t""},""sys"":{""threads"":1},""logging"":{""level"":""INFO"",""with_timestamp"":true,""with_thread_id"":false}}","{""generator"":""clustered"",""dataset"":""clustered_t__nr100000__ns100000__a1_000ep00__g1"",""n_r"":100000,""n_s"":100000,""has_exact_k"":false,""k_target"":0,""k_achieved"":0,""alpha_target"":1,""alpha_achieved"":nan,""notes"":""clusters=10, sigma=0.05, w_min_r=0.003, w_max_r=0.02, share_clusters=1""}"
clustered_t__nr100000__ns100000__a1_000ep00__g1,clustered,1,100000,100000,interval_tree,adaptive,30000,0,1,1,1205.59,2.16826e+07,1,0,1,0,fallback_sampling,1000001,"{""build_ms"":140.342349,""build_active_ms"":23.438327,""build_events_ms"":37.610529,""build_start_ids_ms"":1.514151,""build_y_endpoints_ms"":27.915093,""build_y_indices_ms"":49.857248,""enumerate_prepare_ms"":155.704109,""phase1_count_adaptive_ms"":522.841702,""phase2_slots_ms"":9.443012,""phase3_resweep_ms"":331.499866,""run_build_ms"":140.343029,""run_fallback_count_ms"":522.843562,""run_fallback_sample_ms"":341.000066,""run_pilot_enum_prepare_ms"":155.708378,""run_pilot_enum_scan_ms"":37.351024}",,"{""dataset"":{""source"":""synthetic"",""name"":""clustered_t__nr100000__ns100000__a1_000ep00__g1"",""dim"":2,""path_r"":"""",""path_s"":"""",""synthetic"":{""generator"":""clustered"",""n_r"":100000,""n_s"":100000,""alpha"":1,""seed"":1}},""run"":{""method"":""interval_tree"",""variant"":""adaptive"",""t"":30000,""seed"":1,""repeats"":3,""j_star"":1000000,""enum_cap"":0,""write_samples"":false,""verify"":false},""output"":{""out_dir"":""run/temp/exp5/clustered_t"",""run_tag"":""exp5_clustered_t""},""sys"":{""threads"":1},""logging"":{""level"":""INFO"",""with_timestamp"":true,""with_thread_id"":false}}","{""generator"":""clustered"",""dataset"":""clustered_t__nr100000__ns100000__a1_000ep00__g1"",""n_r"":100000,""n_s"":100000,""has_exact_k"":false,""k_target"":0,""k_achieved"":0,""alpha_target"":1,""alpha_achieved"":nan,""notes"":""clusters=10, sigma=0.05, w_min_r=0.003, w_max_r=0.02, share_clusters=1""}"
clustered_t__nr100000__ns100000__a1_000ep00__g1,clustered,1,100000,100000,interval_tree,adaptive,30000,1,2,1,1252.39,2.16826e+07,1,0,1,0,fallback_sampling,1000001,"{""build_ms"":145.559179,""build_active_ms"":23.495496,""build_events_ms"":42.797451,""build_start_ids_ms"":1.511741,""build_y_endpoints_ms"":27.950782,""build_y_indices_ms"":49.794859,""enumerate_prepare_ms"":146.518191,""phase1_count_adaptive_ms"":514.233743,""phase2_slots_ms"":7.531938,""phase3_resweep_ms"":330.877457,""run_build_ms"":145.560409,""run_fallback_count_ms"":514.235803,""run_fallback_sample_ms"":338.422954,""run_pilot_enum_prepare_ms"":146.521331,""run_pilot_enum_scan_ms"":34.181754}",,"{""dataset"":{""source"":""synthetic"",""name"":""clustered_t__nr100000__ns100000__a1_000ep00__g1"",""dim"":2,""path_r"":"""",""path_s"":"""",""synthetic"":{""generator"":""clustered"",""n_r"":100000,""n_s"":100000,""alpha"":1,""seed"":1}},""run"":{""method"":""interval_tree"",""variant"":""adaptive"",""t"":30000,""seed"":1,""repeats"":3,""j_star"":1000000,""enum_cap"":0,""write_samples"":false,""verify"":false},""output"":{""out_dir"":""run/temp/exp5/clustered_t"",""run_tag"":""exp5_clustered_t""},""sys"":{""threads"":1},""logging"":{""level"":""INFO"",""with_timestamp"":true,""with_thread_id"":false}}","{""generator"":""clustered"",""dataset"":""clustered_t__nr100000__ns100000__a1_000ep00__g1"",""n_r"":100000,""n_s"":100000,""has_exact_k"":false,""k_target"":0,""k_achieved"":0,""alpha_target"":1,""alpha_achieved"":nan,""notes"":""clusters=10, sigma=0.05, w_min_r=0.003, w_max_r=0.02, share_clusters=1""}"
clustered_t__nr100000__ns100000__a1_000ep00__g1,clustered,1,100000,100000,interval_tree,adaptive,30000,2,3,1,1252.16,2.16826e+07,1,0,1,0,fallback_sampling,1000001,"{""build_ms"":144.992880,""build_active_ms"":23.428438,""build_events_ms"":42.156123,""build_start_ids_ms"":1.520481,""build_y_endpoints_ms"":27.906003,""build_y_indices_ms"":49.973666,""enumerate_prepare_ms"":149.914797,""phase1_count_adaptive_ms"":510.890654,""phase2_slots_ms"":7.587337,""phase3_resweep_ms"":330.560012,""run_build_ms"":144.993790,""run_fallback_count_ms"":510.892944,""run_fallback_sample_ms"":338.160519,""run_pilot_enum_prepare_ms"":149.917547,""run_pilot_enum_scan_ms"":33.799351}",,"{""dataset"":{""source"":""synthetic"",""name"":""clustered_t__nr100000__ns100000__a1_000ep00__g1"",""dim"":2,""path_r"":"""",""path_s"":"""",""synthetic"":{""generator"":""clustered"",""n_r"":100000,""n_s"":100000,""alpha"":1,""seed"":1}},""run"":{""method"":""interval_tree"",""variant"":""adaptive"",""t"":30000,""seed"":1,""repeats"":3,""j_star"":1000000,""enum_cap"":0,""write_samples"":false,""verify"":false},""output"":{""out_dir"":""run/temp/exp5/clustered_t"",""run_tag"":""exp5_clustered_t""},""sys"":{""threads"":1},""logging"":{""level"":""INFO"",""with_timestamp"":true,""with_thread_id"":false}}","{""generator"":""clustered"",""dataset"":""clustered_t__nr100000__ns100000__a1_000ep00__g1"",""n_r"":100000,""n_s"":100000,""has_exact_k"":false,""k_target"":0,""k_achieved"":0,""alpha_target"":1,""alpha_achieved"":nan,""notes"":""clusters=10, sigma=0.05, w_min_r=0.003, w_max_r=0.02, share_clusters=1""}"
clustered_t__nr100000__ns100000__a1_000ep00__g1,clustered,1,100000,100000,kd_tree,sampling,30000,0,1,1,596.635,2.16826e+07,1,0,0,0,,0,"{""build_ms"":103.109691,""build_events_ms"":34.348501,""build_kdtrees_ms"":35.121846,""build_rank_arrays_ms"":32.243301,""build_start_index_ms"":1.349184,""phase1_count_ms"":375.423134,""phase2_alias_ms"":118.092458,""phase3_sweep_ms"":110.647928,""run_build_ms"":103.110681,""run_count_ms"":375.425704,""run_sample_ms"":118.093828}",,"{""dataset"":{""source"":""synthetic"",""name"":""clustered_t__nr100000__ns100000__a1_000ep00__g1"",""dim"":2,""path_r"":"""",""path_s"":"""",""synthetic"":{""generator"":""clustered"",""n_r"":100000,""n_s"":100000,""alpha"":1,""seed"":1}},""run"":{""method"":""kd_tree"",""variant"":""sampling"",""t"":30000,""seed"":1,""repeats"":3,""j_star"":1000000,""enum_cap"":0,""write_samples"":false,""verify"":false},""output"":{""out_dir"":""run/temp/exp5/clustered_t"",""run_tag"":""exp5_clustered_t""},""sys"":{""threads"":1},""logging"":{""level"":""INFO"",""with_timestamp"":true,""with_thread_id"":false}}","{""generator"":""clustered"",""dataset"":""clustered_t__nr100000__ns100000__a1_000ep00__g1"",""n_r"":100000,""n_s"":100000,""has_exact_k"":false,""k_target"":0,""k_achieved"":0,""alpha_target"":1,""alpha_achieved"":nan,""notes"":""clusters=10, sigma=0.05, w_min_r=0.003, w_max_r=0.02, share_clusters=1""}"
clustered_t__nr100000__ns100000__a1_000ep00__g1,clustered,1,100000,100000,kd_tree,sampling,30000,1,2,1,602.188,2.16826e+07,1,0,0,0,,0,"{""build_ms"":104.223050,""build_events_ms"":35.339662,""build_kdtrees_ms"":35.146445,""build_rank_arrays_ms"":32.337898,""build_start_index_ms"":1.352964,""phase1_count_ms"":379.651174,""phase2_alias_ms"":118.300653,""phase3_sweep_ms"":110.875704,""run_build_ms"":104.223790,""run_count_ms"":379.654254,""run_sample_ms"":118.301504}",,"{""dataset"":{""source"":""synthetic"",""name"":""clustered_t__nr100000__ns100000__a1_000ep00__g1"",""dim"":2,""path_r"":"""",""path_s"":"""",""synthetic"":{""generator"":""clustered"",""n_r"":100000,""n_s"":100000,""alpha"":1,""seed"":1}},""run"":{""method"":""kd_tree"",""variant"":""sampling"",""t"":30000,""seed"":1,""repeats"":3,""j_star"":1000000,""enum_cap"":0,""write_samples"":false,""verify"":false},""output"":{""out_dir"":""run/temp/exp5/clustered_t"",""run_tag"":""exp5_clustered_t""},""sys"":{""threads"":1},""logging"":{""level"":""INFO"",""with_timestamp"":true,""with_thread_id"":false}}","{""generator"":""clustered"",""dataset"":""clustered_t__nr100000__ns100000__a1_000ep00__g1"",""n_r"":100000,""n_s"":100000,""has_exact_k"":false,""k_target"":0,""k_achieved"":0,""alpha_target"":1,""alpha_achieved"":nan,""notes"":""clusters=10, sigma=0.05, w_min_r=0.003, w_max_r=0.02, share_clusters=1""}"
clustered_t__nr100000__ns100000__a1_000ep00__g1,clustered,1,100000,100000,kd_tree,sampling,30000,2,3,1,596.939,2.16826e+07,1,0,0,0,,0,"{""build_ms"":103.126701,""build_events_ms"":34.308122,""build_kdtrees_ms"":35.093596,""build_rank_arrays_ms"":32.330149,""build_start_index_ms"":1.349684,""phase1_count_ms"":375.148519,""phase2_alias_ms"":118.657167,""phase3_sweep_ms"":111.159179,""run_build_ms"":103.127291,""run_count_ms"":375.151309,""run_sample_ms"":118.657977}",,"{""dataset"":{""source"":""synthetic"",""name"":""clustered_t__nr100000__ns100000__a1_000ep00__g1"",""dim"":2,""path_r"":"""",""path_s"":"""",""synthetic"":{""generator"":""clustered"",""n_r"":100000,""n_s"":100000,""alpha"":1,""seed"":1}},""run"":{""method"":""kd_tree"",""variant"":""sampling"",""t"":30000,""seed"":1,""repeats"":3,""j_star"":1000000,""enum_cap"":0,""write_samples"":false,""verify"":false},""output"":{""out_dir"":""run/temp/exp5/clustered_t"",""run_tag"":""exp5_clustered_t""},""sys"":{""threads"":1},""logging"":{""level"":""INFO"",""with_timestamp"":true,""with_thread_id"":false}}","{""generator"":""clustered"",""dataset"":""clustered_t__nr100000__ns100000__a1_000ep00__g1"",""n_r"":100000,""n_s"":100000,""has_exact_k"":false,""k_target"":0,""k_achieved"":0,""alpha_target"":1,""alpha_achieved"":nan,""notes"":""clusters=10, sigma=0.05, w_min_r=0.003, w_max_r=0.02, share_clusters=1""}"
clustered_t__nr100000__ns100000__a1_000ep00__g1,clustered,1,100000,100000,kd_tree,adaptive,30000,0,1,1,916.53,2.16826e+07,1,0,1,0,fallback_sampling,1000001,"{""adaptive_fallback_sampling_ms"":118.045928,""build_ms"":103.101661,""build_embedding_ms"":32.394277,""build_events_ms"":34.279872,""build_kdtrees_ms"":35.080717,""build_rank_arrays_ms"":32.354068,""build_start_index_ms"":1.342274,""enumerate_prepare_ms"":105.237410,""phase1_count_and_maybe_enumerate_ms"":432.625522,""phase2_alias_ms"":5.259250,""phase2_assign_ms"":1.868245,""phase3_sweep_ms"":110.521450,""run_build_ms"":103.102331,""run_fallback_count_ms"":432.628821,""run_fallback_sample_ms"":118.047438,""run_pilot_enum_prepare_ms"":105.241310,""run_pilot_enum_scan_ms"":157.493943}",,"{""dataset"":{""source"":""synthetic"",""name"":""clustered_t__nr100000__ns100000__a1_000ep00__g1"",""dim"":2,""path_r"":"""",""path_s"":"""",""synthetic"":{""generator"":""clustered"",""n_r"":100000,""n_s"":100000,""alpha"":1,""seed"":1}},""run"":{""method"":""kd_tree"",""variant"":""adaptive"",""t"":30000,""seed"":1,""repeats"":3,""j_star"":1000000,""enum_cap"":0,""write_samples"":false,""verify"":false},""output"":{""out_dir"":""run/temp/exp5/clustered_t"",""run_tag"":""exp5_clustered_t""},""sys"":{""threads"":1},""logging"":{""level"":""INFO"",""with_timestamp"":true,""with_thread_id"":false}}","{""generator"":""clustered"",""dataset"":""clustered_t__nr100000__ns100000__a1_000ep00__g1"",""n_r"":100000,""n_s"":100000,""has_exact_k"":false,""k_target"":0,""k_achieved"":0,""alpha_target"":1,""alpha_achieved"":nan,""notes"":""clusters=10, sigma=0.05, w_min_r=0.003, w_max_r=0.02, share_clusters=1""}"
clustered_t__nr100000__ns100000__a1_000ep00__g1,clustered,1,100000,100000,kd_tree,adaptive,30000,1,2,1,919.242,2.16826e+07,1,0,1,0,fallback_sampling,1000001,"{""adaptive_fallback_sampling_ms"":117.921060,""build_ms"":103.191060,""build_embedding_ms"":32.386308,""build_events_ms"":34.358431,""build_kdtrees_ms"":35.078247,""build_rank_arrays_ms"":32.345898,""build_start_index_ms"":1.362544,""enumerate_prepare_ms"":101.741096,""phase1_count_and_maybe_enumerate_ms"":435.434758,""phase2_alias_ms"":5.259691,""phase2_assign_ms"":1.862055,""phase3_sweep_ms"":110.399542,""run_build_ms"":103.191960,""run_fallback_count_ms"":435.438027,""run_fallback_sample_ms"":117.922580,""run_pilot_enum_prepare_ms"":101.744596,""run_pilot_enum_scan_ms"":160.930097}",,"{""dataset"":{""source"":""synthetic"",""name"":""clustered_t__nr100000__ns100000__a1_000ep00__g1"",""dim"":2,""path_r"":"""",""path_s"":"""",""synthetic"":{""generator"":""clustered"",""n_r"":100000,""n_s"":100000,""alpha"":1,""seed"":1}},""run"":{""method"":""kd_tree"",""variant"":""adaptive"",""t"":30000,""seed"":1,""repeats"":3,""j_star"":1000000,""enum_cap"":0,""write_samples"":false,""verify"":false},""output"":{""out_dir"":""run/temp/exp5/clustered_t"",""run_tag"":""exp5_clustered_t""},""sys"":{""threads"":1},""logging"":{""level"":""INFO"",""with_timestamp"":true,""with_thread_id"":false}}","{""generator"":""clustered"",""dataset"":""clustered_t__nr100000__ns100000__a1_000ep00__g1"",""n_r"":100000,""n_s"":100000,""has_exact_k"":false,""k_target"":0,""k_achieved"":0,""alpha_target"":1,""alpha_achieved"":nan,""notes"":""clusters=10, sigma=0.05, w_min_r=0.003, w_max_r=0.02, share_clusters=1""}"
clustered_t__nr100000__ns100000__a1_000ep00__g1,clustered,1,100000,100000,kd_tree,adaptive,30000,2,3,1,917.842,2.16826e+07,1,0,1,0,fallback_sampling,1000001,"{""adaptive_fallback_sampling_ms"":117.633005,""build_ms"":103.129770,""build_embedding_ms"":32.341939,""build_events_ms"":34.300271,""build_kdtrees_ms"":35.119766,""build_rank_arrays_ms"":32.300829,""build_start_index_ms"":1.362794,""enumerate_prepare_ms"":101.757276,""phase1_count_and_maybe_enumerate_ms"":434.364457,""phase2_alias_ms"":5.246270,""phase2_assign_ms"":1.909144,""phase3_sweep_ms"":110.080998,""run_build_ms"":103.130950,""run_fallback_count_ms"":434.367807,""run_fallback_sample_ms"":117.634865,""run_pilot_enum_prepare_ms"":101.761146,""run_pilot_enum_scan_ms"":160.931987}",,"{""dataset"":{""source"":""synthetic"",""name"":""clustered_t__nr100000__ns100000__a1_000ep00__g1"",""dim"":2,""path_r"":"""",""path_s"":"""",""synthetic"":{""generator"":""clustered"",""n_r"":100000,""n_s"":100000,""alpha"":1,""seed"":1}},""run"":{""method"":""kd_tree"",""variant"":""adaptive"",""t"":30000,""seed"":1,""repeats"":3,""j_star"":1000000,""enum_cap"":0,""write_samples"":false,""verify"":false},""output"":{""out_dir"":""run/temp/exp5/clustered_t"",""run_tag"":""exp5_clustered_t""},""sys"":{""threads"":1},""logging"":{""level"":""INFO"",""with_timestamp"":true,""with_thread_id"":false}}","{""generator"":""clustered"",""dataset"":""clustered_t__nr100000__ns100000__a1_000ep00__g1"",""n_r"":100000,""n_s"":100000,""has_exact_k"":false,""k_target"":0,""k_achieved"":0,""alpha_target"":1,""alpha_achieved"":nan,""notes"":""clusters=10, sigma=0.05, w_min_r=0.003, w_max_r=0.02, share_clusters=1""}"
clustered_t__nr100000__ns100000__a1_000ep00__g1,clustered,1,100000,100000,r_tree,sampling,30000,0,1,1,471.071,2.16826e+07,1,0,0,0,,0,"{""build_ms"":36.174376,""phase1_count_ms"":230.227356,""phase2_assign_ms"":5.827950,""phase3_sample_ms"":198.444857,""run_build_ms"":36.175626,""run_count_ms"":230.229446,""run_sample_ms"":204.662800}",,"{""dataset"":{""source"":""synthetic"",""name"":""clustered_t__nr100000__ns100000__a1_000ep00__g1"",""dim"":2,""path_r"":"""",""path_s"":"""",""synthetic"":{""generator"":""clustered"",""n_r"":100000,""n_s"":100000,""alpha"":1,""seed"":1}},""run"":{""method"":""r_tree"",""variant"":""sampling"",""t"":30000,""seed"":1,""repeats"":3,""j_star"":1000000,""enum_cap"":0,""write_samples"":false,""verify"":false},""output"":{""out_dir"":""run/temp/exp5/clustered_t"",""run_tag"":""exp5_clustered_t""},""sys"":{""threads"":1},""logging"":{""level"":""INFO"",""with_timestamp"":true,""with_thread_id"":false}}","{""generator"":""clustered"",""dataset"":""clustered_t__nr100000__ns100000__a1_000ep00__g1"",""n_r"":100000,""n_s"":100000,""has_exact_k"":false,""k_target"":0,""k_achieved"":0,""alpha_target"":1,""alpha_achieved"":nan,""notes"":""clusters=10, sigma=0.05, w_min_r=0.003, w_max_r=0.02, share_clusters=1""}"
clustered_t__nr100000__ns100000__a1_000ep00__g1,clustered,1,100000,100000,r_tree,sampling,30000,1,2,1,466.99,2.16826e+07,1,0,0,0,,0,"{""build_ms"":36.220845,""phase1_count_ms"":229.384832,""phase2_assign_ms"":5.854339,""phase3_sample_ms"":194.999543,""run_build_ms"":36.222195,""run_count_ms"":229.386922,""run_sample_ms"":201.245115}",,"{""dataset"":{""source"":""synthetic"",""name"":""clustered_t__nr100000__ns100000__a1_000ep00__g1"",""dim"":2,""path_r"":"""",""path_s"":"""",""synthetic"":{""generator"":""clustered"",""n_r"":100000,""n_s"":100000,""alpha"":1,""seed"":1}},""run"":{""method"":""r_tree"",""variant"":""sampling"",""t"":30000,""seed"":1,""repeats"":3,""j_star"":1000000,""enum_cap"":0,""write_samples"":false,""verify"":false},""output"":{""out_dir"":""run/temp/exp5/clustered_t"",""run_tag"":""exp5_clustered_t""},""sys"":{""threads"":1},""logging"":{""level"":""INFO"",""with_timestamp"":true,""with_thread_id"":false}}","{""generator"":""clustered"",""dataset"":""clustered_t__nr100000__ns100000__a1_000ep00__g1"",""n_r"":100000,""n_s"":100000,""has_exact_k"":false,""k_target"":0,""k_achieved"":0,""alpha_target"":1,""alpha_achieved"":nan,""notes"":""clusters=10, sigma=0.05, w_min_r=0.003, w_max_r=0.02, share_clusters=1""}"
clustered_t__nr100000__ns100000__a1_000ep00__g1,clustered,1,100000,100000,r_tree,sampling,30000,2,3,1,467.392,2.16826e+07,1,0,0,0,,0,"{""build_ms"":36.174996,""phase1_count_ms"":229.673797,""phase2_assign_ms"":5.895598,""phase3_sample_ms"":195.114741,""run_build_ms"":36.176506,""run_count_ms"":229.675667,""run_sample_ms"":201.401991}",,"{""dataset"":{""source"":""synthetic"",""name"":""clustered_t__nr100000__ns100000__a1_000ep00__g1"",""dim"":2,""path_r"":"""",""path_s"":"""",""synthetic"":{""generator"":""clustered"",""n_r"":100000,""n_s"":100000,""alpha"":1,""seed"":1}},""run"":{""method"":""r_tree"",""variant"":""sampling"",""t"":30000,""seed"":1,""repeats"":3,""j_star"":1000000,""enum_cap"":0,""write_samples"":false,""verify"":false},""output"":{""out_dir"":""run/temp/exp5/clustered_t"",""run_tag"":""exp5_clustered_t""},""sys"":{""threads"":1},""logging"":{""level"":""INFO"",""with_timestamp"":true,""with_thread_id"":false}}","{""generator"":""clustered"",""dataset"":""clustered_t__nr100000__ns100000__a1_000ep00__g1"",""n_r"":100000,""n_s"":100000,""has_exact_k"":false,""k_target"":0,""k_achieved"":0,""alpha_target"":1,""alpha_achieved"":nan,""notes"":""clusters=10, sigma=0.05, w_min_r=0.003, w_max_r=0.02, share_clusters=1""}"
clustered_t__nr100000__ns100000__a1_000ep00__g1,clustered,1,100000,100000,r_tree,adaptive,30000,0,1,1,573.678,2.16826e+07,1,0,1,0,fallback_sampling,1000001,"{""build_ms"":39.546993,""enumerate_prepare_ms"":34.598476,""phase1_adaptive_count_ms"":246.724763,""phase2+3_sampling_ms"":198.712162,""run_build_ms"":39.547522,""run_fallback_count_ms"":246.727684,""run_fallback_sample_ms"":198.715042,""run_pilot_enum_prepare_ms"":34.600956,""run_pilot_enum_scan_ms"":54.058988}",,"{""dataset"":{""source"":""synthetic"",""name"":""clustered_t__nr100000__ns100000__a1_000ep00__g1"",""dim"":2,""path_r"":"""",""path_s"":"""",""synthetic"":{""generator"":""clustered"",""n_r"":100000,""n_s"":100000,""alpha"":1,""seed"":1}},""run"":{""method"":""r_tree"",""variant"":""adaptive"",""t"":30000,""seed"":1,""repeats"":3,""j_star"":1000000,""enum_cap"":0,""write_samples"":false,""verify"":false},""output"":{""out_dir"":""run/temp/exp5/clustered_t"",""run_tag"":""exp5_clustered_t""},""sys"":{""threads"":1},""logging"":{""level"":""INFO"",""with_timestamp"":true,""with_thread_id"":false}}","{""generator"":""clustered"",""dataset"":""clustered_t__nr100000__ns100000__a1_000ep00__g1"",""n_r"":100000,""n_s"":100000,""has_exact_k"":false,""k_target"":0,""k_achieved"":0,""alpha_target"":1,""alpha_achieved"":nan,""notes"":""clusters=10, sigma=0.05, w_min_r=0.003, w_max_r=0.02, share_clusters=1""}"
clustered_t__nr100000__ns100000__a1_000ep00__g1,clustered,1,100000,100000,r_tree,adaptive,30000,1,2,1,573.987,2.16826e+07,1,0,1,0,fallback_sampling,1000001,"{""build_ms"":36.179595,""enumerate_prepare_ms"":34.512068,""phase1_adaptive_count_ms"":247.181155,""phase2+3_sampling_ms"":201.913901,""run_build_ms"":36.180585,""run_fallback_count_ms"":247.183735,""run_fallback_sample_ms"":201.916331,""run_pilot_enum_prepare_ms"":34.514398,""run_pilot_enum_scan_ms"":54.031608}",,"{""dataset"":{""source"":""synthetic"",""name"":""clustered_t__nr100000__ns100000__a1_000ep00__g1"",""dim"":2,""path_r"":"""",""path_s"":"""",""synthetic"":{""generator"":""clustered"",""n_r"":100000,""n_s"":100000,""alpha"":1,""seed"":1}},""run"":{""method"":""r_tree"",""variant"":""adaptive"",""t"":30000,""seed"":1,""repeats"":3,""j_star"":1000000,""enum_cap"":0,""write_samples"":false,""verify"":false},""output"":{""out_dir"":""run/temp/exp5/clustered_t"",""run_tag"":""exp5_clustered_t""},""sys"":{""threads"":1},""logging"":{""level"":""INFO"",""with_timestamp"":true,""with_thread_id"":false}}","{""generator"":""clustered"",""dataset"":""clustered_t__nr100000__ns100000__a1_000ep00__g1"",""n_r"":100000,""n_s"":100000,""has_exact_k"":false,""k_target"":0,""k_achieved"":0,""alpha_target"":1,""alpha_achieved"":nan,""notes"":""clusters=10, sigma=0.05, w_min_r=0.003, w_max_r=0.02, share_clusters=1""}"
clustered_t__nr100000__ns100000__a1_000ep00__g1,clustered,1,100000,100000,r_tree,adaptive,30000,2,3,1,567.194,2.16826e+07,1,0,1,0,fallback_sampling,1000001,"{""build_ms"":36.205295,""enumerate_prepare_ms"":34.519277,""phase1_adaptive_count_ms"":244.889708,""phase2+3_sampling_ms"":197.434865,""run_build_ms"":36.206665,""run_fallback_count_ms"":244.892909,""run_fallback_sample_ms"":197.437576,""run_pilot_enum_prepare_ms"":34.521797,""run_pilot_enum_scan_ms"":53.976339}",,"{""dataset"":{""source"":""synthetic"",""name"":""clustered_t__nr100000__ns100000__a1_000ep00__g1"",""dim"":2,""path_r"":"""",""path_s"":"""",""synthetic"":{""generator"":""clustered"",""n_r"":100000,""n_s"":100000,""alpha"":1,""seed"":1}},""run"":{""method"":""r_tree"",""variant"":""adaptive"",""t"":30000,""seed"":1,""repeats"":3,""j_star"":1000000,""enum_cap"":0,""write_samples"":false,""verify"":false},""output"":{""out_dir"":""run/temp/exp5/clustered_t"",""run_tag"":""exp5_clustered_t""},""sys"":{""threads"":1},""logging"":{""level"":""INFO"",""with_timestamp"":true,""with_thread_id"":false}}","{""generator"":""clustered"",""dataset"":""clustered_t__nr100000__ns100000__a1_000ep00__g1"",""n_r"":100000,""n_s"":100000,""has_exact_k"":false,""k_target"":0,""k_achieved"":0,""alpha_target"":1,""alpha_achieved"":nan,""notes"":""clusters=10, sigma=0.05, w_min_r=0.003, w_max_r=0.02, share_clusters=1""}"
clustered_t__nr100000__ns100000__a1_000ep00__g1,clustered,1,100000,100000,range_tree,sampling,30000,0,1,1,1956.43,2.16826e+07,1,0,0,0,,0,"{""build_ms"":102.110969,""build_events_ms"":34.301161,""build_range_trees_ms"":35.555058,""build_rank_arrays_ms"":30.873206,""build_start_index_ms"":1.336635,""phase1_count_ms"":1050.966610,""phase2_alias_ms"":803.342743,""phase3_sweep_ms"":795.626829,""run_build_ms"":102.111759,""run_count_ms"":1050.970280,""run_sample_ms"":803.344143}",,"{""dataset"":{""source"":""synthetic"",""name"":""clustered_t__nr100000__ns100000__a1_000ep00__g1"",""dim"":2,""path_r"":"""",""path_s"":"""",""synthetic"":{""generator"":""clustered"",""n_r"":100000,""n_s"":100000,""alpha"":1,""seed"":1}},""run"":{""method"":""range_tree"",""variant"":""sampling"",""t"":30000,""seed"":1,""repeats"":3,""j_star"":1000000,""enum_cap"":0,""write_samples"":false,""verify"":false},""output"":{""out_dir"":""run/temp/exp5/clustered_t"",""run_tag"":""exp5_clustered_t""},""sys"":{""threads"":1},""logging"":{""level"":""INFO"",""with_timestamp"":true,""with_thread_id"":false}}","{""generator"":""clustered"",""dataset"":""clustered_t__nr100000__ns100000__a1_000ep00__g1"",""n_r"":100000,""n_s"":100000,""has_exact_k"":false,""k_target"":0,""k_achieved"":0,""alpha_target"":1,""alpha_achieved"":nan,""notes"":""clusters=10, sigma=0.05, w_min_r=0.003, w_max_r=0.02, share_clusters=1""}"
clustered_t__nr100000__ns100000__a1_000ep00__g1,clustered,1,100000,100000,range_tree,sampling,30000,1,2,1,1953.55,2.16826e+07,1,0,0,0,,0,"{""build_ms"":100.844442,""build_events_ms"":34.326000,""build_range_trees_ms"":34.198713,""build_rank_arrays_ms"":30.923185,""build_start_index_ms"":1.350255,""phase1_count_ms"":1050.330338,""phase2_alias_ms"":802.364149,""phase3_sweep_ms"":794.668264,""run_build_ms"":100.845702,""run_count_ms"":1050.333048,""run_sample_ms"":802.365099}",,"{""dataset"":{""source"":""synthetic"",""name"":""clustered_t__nr100000__ns100000__a1_000ep00__g1"",""dim"":2,""path_r"":"""",""path_s"":"""",""synthetic"":{""generator"":""clustered"",""n_r"":100000,""n_s"":100000,""alpha"":1,""seed"":1}},""run"":{""method"":""range_tree"",""variant"":""sampling"",""t"":30000,""seed"":1,""repeats"":3,""j_star"":1000000,""enum_cap"":0,""write_samples"":false,""verify"":false},""output"":{""out_dir"":""run/temp/exp5/clustered_t"",""run_tag"":""exp5_clustered_t""},""sys"":{""threads"":1},""logging"":{""level"":""INFO"",""with_timestamp"":true,""with_thread_id"":false}}","{""generator"":""clustered"",""dataset"":""clustered_t__nr100000__ns100000__a1_000ep00__g1"",""n_r"":100000,""n_s"":100000,""has_exact_k"":false,""k_target"":0,""k_achieved"":0,""alpha_target"":1,""alpha_achieved"":nan,""notes"":""clusters=10, sigma=0.05, w_min_r=0.003, w_max_r=0.02, share_clusters=1""}"
clustered_t__nr100000__ns100000__a1_000ep00__g1,clustered,1,100000,100000,range_tree,sampling,30000,2,3,1,1953.67,2.16826e+07,1,0,0,0,,0,"{""build_ms"":100.940500,""build_events_ms"":34.304141,""build_range_trees_ms"":34.317451,""build_rank_arrays_ms"":30.915685,""build_start_index_ms"":1.357465,""phase1_count_ms"":1048.679166,""phase2_alias_ms"":804.038944,""phase3_sweep_ms"":796.321320,""run_build_ms"":100.941240,""run_count_ms"":1048.681976,""run_sample_ms"":804.042824}",,"{""dataset"":{""source"":""synthetic"",""name"":""clustered_t__nr100000__ns100000__a1_000ep00__g1"",""dim"":2,""path_r"":"""",""path_s"":"""",""synthetic"":{""generator"":""clustered"",""n_r"":100000,""n_s"":100000,""alpha"":1,""seed"":1}},""run"":{""method"":""range_tree"",""variant"":""sampling"",""t"":30000,""seed"":1,""repeats"":3,""j_star"":1000000,""enum_cap"":0,""write_samples"":false,""verify"":false},""output"":{""out_dir"":""run/temp/exp5/clustered_t"",""run_tag"":""exp5_clustered_t""},""sys"":{""threads"":1},""logging"":{""level"":""INFO"",""with_timestamp"":true,""with_thread_id"":false}}","{""generator"":""clustered"",""dataset"":""clustered_t__nr100000__ns100000__a1_000ep00__g1"",""n_r"":100000,""n_s"":100000,""has_exact_k"":false,""k_target"":0,""k_achieved"":0,""alpha_target"":1,""alpha_achieved"":nan,""notes"":""clusters=10, sigma=0.05, w_min_r=0.003, w_max_r=0.02, share_clusters=1""}"
clustered_t__nr100000__ns100000__a1_000ep00__g1,clustered,1,100000,100000,range_tree,adaptive,30000,0,1,1,2311.53,2.16826e+07,1,0,1,0,fallback_sampling,1000001,"{""adaptive_count_ms"":1113.090432,""build_ms"":102.240536,""build_events_ms"":34.345760,""build_range_trees_ms"":35.607237,""build_rank_arrays_ms"":30.905866,""build_start_index_ms"":1.336305,""enumerate_prepare_ms"":100.661145,""phase2_alias_ms"":801.871692,""phase3_sweep_ms"":794.362564,""run_build_ms"":102.241396,""run_fallback_count_ms"":1113.093012,""run_fallback_sample_ms"":801.876152,""run_pilot_enum_prepare_ms"":100.664785,""run_pilot_enum_scan_ms"":193.640335}",,"{""dataset"":{""source"":""synthetic"",""name"":""clustered_t__nr100000__ns100000__a1_000ep00__g1"",""dim"":2,""path_r"":"""",""path_s"":"""",""synthetic"":{""generator"":""clustered"",""n_r"":100000,""n_s"":100000,""alpha"":1,""seed"":1}},""run"":{""method"":""range_tree"",""variant"":""adaptive"",""t"":30000,""seed"":1,""repeats"":3,""j_star"":1000000,""enum_cap"":0,""write_samples"":false,""verify"":false},""output"":{""out_dir"":""run/temp/exp5/clustered_t"",""run_tag"":""exp5_clustered_t""},""sys"":{""threads"":1},""logging"":{""level"":""INFO"",""with_timestamp"":true,""with_thread_id"":false}}","{""generator"":""clustered"",""dataset"":""clustered_t__nr100000__ns100000__a1_000ep00__g1"",""n_r"":100000,""n_s"":100000,""has_exact_k"":false,""k_target"":0,""k_achieved"":0,""alpha_target"":1,""alpha_achieved"":nan,""notes"":""clusters=10, sigma=0.05, w_min_r=0.003, w_max_r=0.02, share_clusters=1""}"
clustered_t__nr100000__ns100000__a1_000ep00__g1,clustered,1,100000,100000,range_tree,adaptive,30000,1,2,1,2314.78,2.16826e+07,1,0,1,0,fallback_sampling,1000001,"{""adaptive_count_ms"":1113.966931,""build_ms"":100.697854,""build_events_ms"":34.333580,""build_range_trees_ms"":34.050536,""build_rank_arrays_ms"":30.912915,""build_start_index_ms"":1.352424,""enumerate_prepare_ms"":100.369790,""phase2_alias_ms"":802.351359,""phase3_sweep_ms"":794.873141,""run_build_ms"":100.698674,""run_fallback_count_ms"":1113.969591,""run_fallback_sample_ms"":802.355569,""run_pilot_enum_prepare_ms"":100.373270,""run_pilot_enum_scan_ms"":197.366794}",,"{""dataset"":{""source"":""synthetic"",""name"":""clustered_t__nr100000__ns100000__a1_000ep00__g1"",""dim"":2,""path_r"":"""",""path_s"":"""",""synthetic"":{""generator"":""clustered"",""n_r"":100000,""n_s"":100000,""alpha"":1,""seed"":1}},""run"":{""method"":""range_tree"",""variant"":""adaptive"",""t"":30000,""seed"":1,""repeats"":3,""j_star"":1000000,""enum_cap"":0,""write_samples"":false,""verify"":false},""output"":{""out_dir"":""run/temp/exp5/clustered_t"",""run_tag"":""exp5_clustered_t""},""sys"":{""threads"":1},""logging"":{""level"":""INFO"",""with_timestamp"":true,""with_thread_id"":false}}","{""generator"":""clustered"",""dataset"":""clustered_t__nr100000__ns100000__a1_000ep00__g1"",""n_r"":100000,""n_s"":100000,""has_exact_k"":false,""k_target"":0,""k_achieved"":0,""alpha_target"":1,""alpha_achieved"":nan,""notes"":""clusters=10, sigma=0.05, w_min_r=0.003, w_max_r=0.02, share_clusters=1""}"
clustered_t__nr100000__ns100000__a1_000ep00__g1,clustered,1,100000,100000,range_tree,adaptive,30000,2,3,1,2308.62,2.16826e+07,1,0,1,0,fallback_sampling,1000001,"{""adaptive_count_ms"":1112.695061,""build_ms"":100.479638,""build_events_ms"":34.300661,""build_range_trees_ms"":33.809720,""build_rank_arrays_ms"":30.963554,""build_start_index_ms"":1.358514,""enumerate_prepare_ms"":100.585266,""phase2_alias_ms"":801.861096,""phase3_sweep_ms"":794.365808,""run_build_ms"":100.480487,""run_fallback_count_ms"":1112.697291,""run_fallback_sample_ms"":801.865136,""run_pilot_enum_prepare_ms"":100.588305,""run_pilot_enum_scan_ms"":192.970666}",,"{""dataset"":{""source"":""synthetic"",""name"":""clustered_t__nr100000__ns100000__a1_000ep00__g1"",""dim"":2,""path_r"":"""",""path_s"":"""",""synthetic"":{""generator"":""clustered"",""n_r"":100000,""n_s"":100000,""alpha"":1,""seed"":1}},""run"":{""method"":""range_tree"",""variant"":""adaptive"",""t"":30000,""seed"":1,""repeats"":3,""j_star"":1000000,""enum_cap"":0,""write_samples"":false,""verify"":false},""output"":{""out_dir"":""run/temp/exp5/clustered_t"",""run_tag"":""exp5_clustered_t""},""sys"":{""threads"":1},""logging"":{""level"":""INFO"",""with_timestamp"":true,""with_thread_id"":false}}","{""generator"":""clustered"",""dataset"":""clustered_t__nr100000__ns100000__a1_000ep00__g1"",""n_r"":100000,""n_s"":100000,""has_exact_k"":false,""k_target"":0,""k_achieved"":0,""alpha_target"":1,""alpha_achieved"":nan,""notes"":""clusters=10, sigma=0.05, w_min_r=0.003, w_max_r=0.02, share_clusters=1""}"
clustered_t__nr100000__ns100000__a1_000ep00__g1,clustered,1,100000,100000,pbsm,sampling,30000,0,1,1,1621.2,2.16826e+07,1,0,0,0,,0,"{""build_ms"":21.919884,""pbsm_build_ms"":21.919314,""pbsm_count_pass1_ms"":785.996195,""pbsm_partitions_stripes_ms"":21.574510,""pbsm_sample_draw_ranks_ms"":1.605400,""pbsm_sample_pass2_select_ms"":811.640057,""run_build_ms"":21.920434,""run_count_ms"":786.000995,""run_sample_ms"":813.272717}",,"{""dataset"":{""source"":""synthetic"",""name"":""clustered_t__nr100000__ns100000__a1_000ep00__g1"",""dim"":2,""path_r"":"""",""path_s"":"""",""synthetic"":{""generator"":""clustered"",""n_r"":100000,""n_s"":100000,""alpha"":1,""seed"":1}},""run"":{""method"":""pbsm"",""variant"":""sampling"",""t"":30000,""seed"":1,""repeats"":3,""j_star"":1000000,""enum_cap"":0,""write_samples"":false,""verify"":false},""output"":{""out_dir"":""run/temp/exp5/clustered_t"",""run_tag"":""exp5_clustered_t""},""sys"":{""threads"":1},""logging"":{""level"":""INFO"",""with_timestamp"":true,""with_thread_id"":false}}","{""generator"":""clustered"",""dataset"":""clustered_t__nr100000__ns100000__a1_000ep00__g1"",""n_r"":100000,""n_s"":100000,""has_exact_k"":false,""k_target"":0,""k_achieved"":0,""alpha_target"":1,""alpha_achieved"":nan,""notes"":""clusters=10, sigma=0.05, w_min_r=0.003, w_max_r=0.02, share_clusters=1""}"
clustered_t__nr100000__ns100000__a1_000ep00__g1,clustered,1,100000,100000,pbsm,sampling,30000,1,2,1,1646.35,2.16826e+07,1,0,0,0,,0,"{""build_ms"":21.756728,""pbsm_build_ms"":21.756238,""pbsm_count_pass1_ms"":806.772009,""pbsm_partitions_stripes_ms"":21.410915,""pbsm_sample_draw_ranks_ms"":1.589150,""pbsm_sample_pass2_select_ms"":816.200749,""run_build_ms"":21.757148,""run_count_ms"":806.775859,""run_sample_ms"":817.815898}",,"{""dataset"":{""source"":""synthetic"",""name"":""clustered_t__nr100000__ns100000__a1_000ep00__g1"",""dim"":2,""path_r"":"""",""path_s"":"""",""synthetic"":{""generator"":""clustered"",""n_r"":100000,""n_s"":100000,""alpha"":1,""seed"":1}},""run"":{""method"":""pbsm"",""variant"":""sampling"",""t"":30000,""seed"":1,""repeats"":3,""j_star"":1000000,""enum_cap"":0,""write_samples"":false,""verify"":false},""output"":{""out_dir"":""run/temp/exp5/clustered_t"",""run_tag"":""exp5_clustered_t""},""sys"":{""threads"":1},""logging"":{""level"":""INFO"",""with_timestamp"":true,""with_thread_id"":false}}","{""generator"":""clustered"",""dataset"":""clustered_t__nr100000__ns100000__a1_000ep00__g1"",""n_r"":100000,""n_s"":100000,""has_exact_k"":false,""k_target"":0,""k_achieved"":0,""alpha_target"":1,""alpha_achieved"":nan,""notes"":""clusters=10, sigma=0.05, w_min_r=0.003, w_max_r=0.02, share_clusters=1""}"
clustered_t__nr100000__ns100000__a1_000ep00__g1,clustered,1,100000,100000,pbsm,sampling,30000,2,3,1,1646.11,2.16826e+07,1,0,0,0,,0,"{""build_ms"":21.777037,""pbsm_build_ms"":21.776727,""pbsm_count_pass1_ms"":806.428593,""pbsm_partitions_stripes_ms"":21.433434,""pbsm_sample_draw_ranks_ms"":1.607420,""pbsm_sample_pass2_select_ms"":816.258086,""run_build_ms"":21.777488,""run_count_ms"":806.432743,""run_sample_ms"":817.892295}",,"{""dataset"":{""source"":""synthetic"",""name"":""clustered_t__nr100000__ns100000__a1_000ep00__g1"",""dim"":2,""path_r"":"""",""path_s"":"""",""synthetic"":{""generator"":""clustered"",""n_r"":100000,""n_s"":100000,""alpha"":1,""seed"":1}},""run"":{""method"":""pbsm"",""variant"":""sampling"",""t"":30000,""seed"":1,""repeats"":3,""j_star"":1000000,""enum_cap"":0,""write_samples"":false,""verify"":false},""output"":{""out_dir"":""run/temp/exp5/clustered_t"",""run_tag"":""exp5_clustered_t""},""sys"":{""threads"":1},""logging"":{""level"":""INFO"",""with_timestamp"":true,""with_thread_id"":false}}","{""generator"":""clustered"",""dataset"":""clustered_t__nr100000__ns100000__a1_000ep00__g1"",""n_r"":100000,""n_s"":100000,""has_exact_k"":false,""k_target"":0,""k_achieved"":0,""alpha_target"":1,""alpha_achieved"":nan,""notes"":""clusters=10, sigma=0.05, w_min_r=0.003, w_max_r=0.02, share_clusters=1""}"
clustered_t__nr100000__ns100000__a1_000ep00__g1,clustered,1,100000,100000,pbsm,adaptive,30000,0,1,1,1700.78,2.16826e+07,1,0,1,0,fallback_sampling,1000001,"{""build_ms"":21.748858,""enumerate_prepare_ms"":0.000280,""pbsm_adaptive_pass1_ms"":824.221194,""pbsm_adaptive_sample_large_ms"":814.919428,""pbsm_build_ms"":21.748178,""pbsm_partitions_stripes_ms"":21.404464,""run_build_ms"":21.749398,""run_fallback_count_ms"":824.226114,""run_fallback_sample_ms"":814.922828,""run_pilot_enum_prepare_ms"":0.000710,""run_pilot_enum_scan_ms"":39.870654}",,"{""dataset"":{""source"":""synthetic"",""name"":""clustered_t__nr100000__ns100000__a1_000ep00__g1"",""dim"":2,""path_r"":"""",""path_s"":"""",""synthetic"":{""generator"":""clustered"",""n_r"":100000,""n_s"":100000,""alpha"":1,""seed"":1}},""run"":{""method"":""pbsm"",""variant"":""adaptive"",""t"":30000,""seed"":1,""repeats"":3,""j_star"":1000000,""enum_cap"":0,""write_samples"":false,""verify"":false},""output"":{""out_dir"":""run/temp/exp5/clustered_t"",""run_tag"":""exp5_clustered_t""},""sys"":{""threads"":1},""logging"":{""level"":""INFO"",""with_timestamp"":true,""with_thread_id"":false}}","{""generator"":""clustered"",""dataset"":""clustered_t__nr100000__ns100000__a1_000ep00__g1"",""n_r"":100000,""n_s"":100000,""has_exact_k"":false,""k_target"":0,""k_achieved"":0,""alpha_target"":1,""alpha_achieved"":nan,""notes"":""clusters=10, sigma=0.05, w_min_r=0.003, w_max_r=0.02, share_clusters=1""}"
clustered_t__nr100000__ns100000__a1_000ep00__g1,clustered,1,100000,100000,pbsm,adaptive,30000,1,2,1,1703.54,2.16826e+07,1,0,1,0,fallback_sampling,1000001,"{""build_ms"":21.766448,""enumerate_prepare_ms"":0.000230,""pbsm_adaptive_pass1_ms"":824.225201,""pbsm_adaptive_sample_large_ms"":817.549127,""pbsm_build_ms"":21.766078,""pbsm_partitions_stripes_ms"":21.422214,""run_build_ms"":21.766878,""run_fallback_count_ms"":824.229751,""run_fallback_sample_ms"":817.552837,""run_pilot_enum_prepare_ms"":0.000650,""run_pilot_enum_scan_ms"":39.975952}",,"{""dataset"":{""source"":""synthetic"",""name"":""clustered_t__nr100000__ns100000__a1_000ep00__g1"",""dim"":2,""path_r"":"""",""path_s"":"""",""synthetic"":{""generator"":""clustered"",""n_r"":100000,""n_s"":100000,""alpha"":1,""seed"":1}},""run"":{""method"":""pbsm"",""variant"":""adaptive"",""t"":30000,""seed"":1,""repeats"":3,""j_star"":1000000,""enum_cap"":0,""write_samples"":false,""verify"":false},""output"":{""out_dir"":""run/temp/exp5/clustered_t"",""run_tag"":""exp5_clustered_t""},""sys"":{""threads"":1},""logging"":{""level"":""INFO"",""with_timestamp"":true,""with_thread_id"":false}}","{""generator"":""clustered"",""dataset"":""clustered_t__nr100000__ns100000__a1_000ep00__g1"",""n_r"":100000,""n_s"":100000,""has_exact_k"":false,""k_target"":0,""k_achieved"":0,""alpha_target"":1,""alpha_achieved"":nan,""notes"":""clusters=10, sigma=0.05, w_min_r=0.003, w_max_r=0.02, share_clusters=1""}"
clustered_t__nr100000__ns100000__a1_000ep00__g1,clustered,1,100000,100000,pbsm,adaptive,30000,2,3,1,1704.97,2.16826e+07,1,0,1,0,fallback_sampling,1000001,"{""build_ms"":21.781756,""enumerate_prepare_ms"":0.000210,""pbsm_adaptive_pass1_ms"":824.384786,""pbsm_adaptive_sample_large_ms"":818.795830,""pbsm_build_ms"":21.781346,""pbsm_partitions_stripes_ms"":21.438393,""run_build_ms"":21.782117,""run_fallback_count_ms"":824.389146,""run_fallback_sample_ms"":818.800010,""run_pilot_enum_prepare_ms"":0.000730,""run_pilot_enum_scan_ms"":39.985223}",,"{""dataset"":{""source"":""synthetic"",""name"":""clustered_t__nr100000__ns100000__a1_000ep00__g1"",""dim"":2,""path_r"":"""",""path_s"":"""",""synthetic"":{""generator"":""clustered"",""n_r"":100000,""n_s"":100000,""alpha"":1,""seed"":1}},""run"":{""method"":""pbsm"",""variant"":""adaptive"",""t"":30000,""seed"":1,""repeats"":3,""j_star"":1000000,""enum_cap"":0,""write_samples"":false,""verify"":false},""output"":{""out_dir"":""run/temp/exp5/clustered_t"",""run_tag"":""exp5_clustered_t""},""sys"":{""threads"":1},""logging"":{""level"":""INFO"",""with_timestamp"":true,""with_thread_id"":false}}","{""generator"":""clustered"",""dataset"":""clustered_t__nr100000__ns100000__a1_000ep00__g1"",""n_r"":100000,""n_s"":100000,""has_exact_k"":false,""k_target"":0,""k_achieved"":0,""alpha_target"":1,""alpha_achieved"":nan,""notes"":""clusters=10, sigma=0.05, w_min_r=0.003, w_max_r=0.02, share_clusters=1""}"
clustered_t__nr100000__ns100000__a1_000ep00__g1,clustered,1,100000,100000,tlsop,sampling,30000,0,1,1,614.738,2.16826e+07,1,0,0,0,,0,"{""build_ms"":33.054293,""run_build_ms"":33.054903,""run_count_ms"":284.082535,""run_sample_ms"":297.597408,""tlsop_alloc_tiles_ms"":0.060439,""tlsop_build_ms"":33.053303,""tlsop_build_edges_ms"":0.000480,""tlsop_count_pass1_ms"":284.078655,""tlsop_pass1_count_caps_ms"":5.925858,""tlsop_pass1_reserve_ms"":0.544900,""tlsop_pass2_fill_ms"":7.057486,""tlsop_sample_draw_ranks_ms"":1.598669,""tlsop_sample_pass2_select_ms"":295.972859,""tlsop_sort_lists_ms"":19.451791}",,"{""dataset"":{""source"":""synthetic"",""name"":""clustered_t__nr100000__ns100000__a1_000ep00__g1"",""dim"":2,""path_r"":"""",""path_s"":"""",""synthetic"":{""generator"":""clustered"",""n_r"":100000,""n_s"":100000,""alpha"":1,""seed"":1}},""run"":{""method"":""tlsop"",""variant"":""sampling"",""t"":30000,""seed"":1,""repeats"":3,""j_star"":1000000,""enum_cap"":0,""write_samples"":false,""verify"":false},""output"":{""out_dir"":""run/temp/exp5/clustered_t"",""run_tag"":""exp5_clustered_t""},""sys"":{""threads"":1},""logging"":{""level"":""INFO"",""with_timestamp"":true,""with_thread_id"":false}}","{""generator"":""clustered"",""dataset"":""clustered_t__nr100000__ns100000__a1_000ep00__g1"",""n_r"":100000,""n_s"":100000,""has_exact_k"":false,""k_target"":0,""k_achieved"":0,""alpha_target"":1,""alpha_achieved"":nan,""notes"":""clusters=10, sigma=0.05, w_min_r=0.003, w_max_r=0.02, share_clusters=1""}"
clustered_t__nr100000__ns100000__a1_000ep00__g1,clustered,1,100000,100000,tlsop,sampling,30000,1,2,1,621.284,2.16826e+07,1,0,0,0,,0,"{""build_ms"":33.141342,""run_build_ms"":33.141892,""run_count_ms"":289.378974,""run_sample_ms"":298.220957,""tlsop_alloc_tiles_ms"":0.062009,""tlsop_build_ms"":33.140752,""tlsop_build_edges_ms"":0.000860,""tlsop_count_pass1_ms"":289.375145,""tlsop_pass1_count_caps_ms"":5.927147,""tlsop_pass1_reserve_ms"":0.457712,""tlsop_pass2_fill_ms"":7.034586,""tlsop_sample_draw_ranks_ms"":1.560451,""tlsop_sample_pass2_select_ms"":296.634557,""tlsop_sort_lists_ms"":19.486281}",,"{""dataset"":{""source"":""synthetic"",""name"":""clustered_t__nr100000__ns100000__a1_000ep00__g1"",""dim"":2,""path_r"":"""",""path_s"":"""",""synthetic"":{""generator"":""clustered"",""n_r"":100000,""n_s"":100000,""alpha"":1,""seed"":1}},""run"":{""method"":""tlsop"",""variant"":""sampling"",""t"":30000,""seed"":1,""repeats"":3,""j_star"":1000000,""enum_cap"":0,""write_samples"":false,""verify"":false},""output"":{""out_dir"":""run/temp/exp5/clustered_t"",""run_tag"":""exp5_clustered_t""},""sys"":{""threads"":1},""logging"":{""level"":""INFO"",""with_timestamp"":true,""with_thread_id"":false}}","{""generator"":""clustered"",""dataset"":""clustered_t__nr100000__ns100000__a1_000ep00__g1"",""n_r"":100000,""n_s"":100000,""has_exact_k"":false,""k_target"":0,""k_achieved"":0,""alpha_target"":1,""alpha_achieved"":nan,""notes"":""clusters=10, sigma=0.05, w_min_r=0.003, w_max_r=0.02, share_clusters=1""}"
clustered_t__nr100000__ns100000__a1_000ep00__g1,clustered,1,100000,100000,tlsop,sampling,30000,2,3,1,620.675,2.16826e+07,1,0,0,0,,0,"{""build_ms"":32.973774,""run_build_ms"":32.974624,""run_count_ms"":285.958090,""run_sample_ms"":301.094732,""tlsop_alloc_tiles_ms"":0.062299,""tlsop_build_ms"":32.972885,""tlsop_build_edges_ms"":0.000640,""tlsop_count_pass1_ms"":285.954290,""tlsop_pass1_count_caps_ms"":5.923297,""tlsop_pass1_reserve_ms"":0.453082,""tlsop_pass2_fill_ms"":7.030666,""tlsop_sample_draw_ranks_ms"":1.587281,""tlsop_sample_pass2_select_ms"":299.481233,""tlsop_sort_lists_ms"":19.441992}",,"{""dataset"":{""source"":""synthetic"",""name"":""clustered_t__nr100000__ns100000__a1_000ep00__g1"",""dim"":2,""path_r"":"""",""path_s"":"""",""synthetic"":{""generator"":""clustered"",""n_r"":100000,""n_s"":100000,""alpha"":1,""seed"":1}},""run"":{""method"":""tlsop"",""variant"":""sampling"",""t"":30000,""seed"":1,""repeats"":3,""j_star"":1000000,""enum_cap"":0,""write_samples"":false,""verify"":false},""output"":{""out_dir"":""run/temp/exp5/clustered_t"",""run_tag"":""exp5_clustered_t""},""sys"":{""threads"":1},""logging"":{""level"":""INFO"",""with_timestamp"":true,""with_thread_id"":false}}","{""generator"":""clustered"",""dataset"":""clustered_t__nr100000__ns100000__a1_000ep00__g1"",""n_r"":100000,""n_s"":100000,""has_exact_k"":false,""k_target"":0,""k_achieved"":0,""alpha_target"":1,""alpha_achieved"":nan,""notes"":""clusters=10, sigma=0.05, w_min_r=0.003, w_max_r=0.02, share_clusters=1""}"
clustered_t__nr100000__ns100000__a1_000ep00__g1,clustered,1,100000,100000,tlsop,adaptive,30000,0,1,1,636.743,2.16826e+07,1,0,1,0,fallback_sampling,1000001,"{""build_ms"":33.165581,""enumerate_prepare_ms"":0.012460,""run_build_ms"":33.166111,""run_fallback_count_ms"":292.064603,""run_fallback_sample_ms"":296.363232,""run_pilot_enum_prepare_ms"":0.013380,""run_pilot_enum_scan_ms"":15.126492,""tlsop_adaptive_pass1_ms"":292.058913,""tlsop_adaptive_sample_large_ms"":296.358402,""tlsop_alloc_tiles_ms"":0.060899,""tlsop_build_ms"":33.164571,""tlsop_build_edges_ms"":0.000520,""tlsop_pass1_count_caps_ms"":5.968627,""tlsop_pass1_reserve_ms"":0.458561,""tlsop_pass2_fill_ms"":7.115625,""tlsop_sort_lists_ms"":19.547150}",,"{""dataset"":{""source"":""synthetic"",""name"":""clustered_t__nr100000__ns100000__a1_000ep00__g1"",""dim"":2,""path_r"":"""",""path_s"":"""",""synthetic"":{""generator"":""clustered"",""n_r"":100000,""n_s"":100000,""alpha"":1,""seed"":1}},""run"":{""method"":""tlsop"",""variant"":""adaptive"",""t"":30000,""seed"":1,""repeats"":3,""j_star"":1000000,""enum_cap"":0,""write_samples"":false,""verify"":false},""output"":{""out_dir"":""run/temp/exp5/clustered_t"",""run_tag"":""exp5_clustered_t""},""sys"":{""threads"":1},""logging"":{""level"":""INFO"",""with_timestamp"":true,""with_thread_id"":false}}","{""generator"":""clustered"",""dataset"":""clustered_t__nr100000__ns100000__a1_000ep00__g1"",""n_r"":100000,""n_s"":100000,""has_exact_k"":false,""k_target"":0,""k_achieved"":0,""alpha_target"":1,""alpha_achieved"":nan,""notes"":""clusters=10, sigma=0.05, w_min_r=0.003, w_max_r=0.02, share_clusters=1""}"
clustered_t__nr100000__ns100000__a1_000ep00__g1,clustered,1,100000,100000,tlsop,adaptive,30000,1,2,1,639.728,2.16826e+07,1,0,1,0,fallback_sampling,1000001,"{""build_ms"":33.107653,""enumerate_prepare_ms"":0.013099,""run_build_ms"":33.108723,""run_fallback_count_ms"":295.120734,""run_fallback_sample_ms"":295.793262,""run_pilot_enum_prepare_ms"":0.014030,""run_pilot_enum_scan_ms"":15.095834,""tlsop_adaptive_pass1_ms"":295.115104,""tlsop_adaptive_sample_large_ms"":295.788082,""tlsop_alloc_tiles_ms"":0.061789,""tlsop_build_ms"":33.106812,""tlsop_build_edges_ms"":0.000660,""tlsop_pass1_count_caps_ms"":5.913638,""tlsop_pass1_reserve_ms"":0.456111,""tlsop_pass2_fill_ms"":7.095696,""tlsop_sort_lists_ms"":19.453171}",,"{""dataset"":{""source"":""synthetic"",""name"":""clustered_t__nr100000__ns100000__a1_000ep00__g1"",""dim"":2,""path_r"":"""",""path_s"":"""",""synthetic"":{""generator"":""clustered"",""n_r"":100000,""n_s"":100000,""alpha"":1,""seed"":1}},""run"":{""method"":""tlsop"",""variant"":""adaptive"",""t"":30000,""seed"":1,""repeats"":3,""j_star"":1000000,""enum_cap"":0,""write_samples"":false,""verify"":false},""output"":{""out_dir"":""run/temp/exp5/clustered_t"",""run_tag"":""exp5_clustered_t""},""sys"":{""threads"":1},""logging"":{""level"":""INFO"",""with_timestamp"":true,""with_thread_id"":false}}","{""generator"":""clustered"",""dataset"":""clustered_t__nr100000__ns100000__a1_000ep00__g1"",""n_r"":100000,""n_s"":100000,""has_exact_k"":false,""k_target"":0,""k_achieved"":0,""alpha_target"":1,""alpha_achieved"":nan,""notes"":""clusters=10, sigma=0.05, w_min_r=0.003, w_max_r=0.02, share_clusters=1""}"
clustered_t__nr100000__ns100000__a1_000ep00__g1,clustered,1,100000,100000,tlsop,adaptive,30000,2,3,1,639.721,2.16826e+07,1,0,1,0,fallback_sampling,1000001,"{""build_ms"":33.254790,""enumerate_prepare_ms"":0.011509,""run_build_ms"":33.255460,""run_fallback_count_ms"":291.587782,""run_fallback_sample_ms"":299.200797,""run_pilot_enum_prepare_ms"":0.012349,""run_pilot_enum_scan_ms"":15.111373,""tlsop_adaptive_pass1_ms"":291.583602,""tlsop_adaptive_sample_large_ms"":299.195737,""tlsop_alloc_tiles_ms"":0.062109,""tlsop_build_ms"":33.253889,""tlsop_build_edges_ms"":0.000690,""tlsop_pass1_count_caps_ms"":5.924737,""tlsop_pass1_reserve_ms"":0.469571,""tlsop_pass2_fill_ms"":7.129685,""tlsop_sort_lists_ms"":19.496070}",,"{""dataset"":{""source"":""synthetic"",""name"":""clustered_t__nr100000__ns100000__a1_000ep00__g1"",""dim"":2,""path_r"":"""",""path_s"":"""",""synthetic"":{""generator"":""clustered"",""n_r"":100000,""n_s"":100000,""alpha"":1,""seed"":1}},""run"":{""method"":""tlsop"",""variant"":""adaptive"",""t"":30000,""seed"":1,""repeats"":3,""j_star"":1000000,""enum_cap"":0,""write_samples"":false,""verify"":false},""output"":{""out_dir"":""run/temp/exp5/clustered_t"",""run_tag"":""exp5_clustered_t""},""sys"":{""threads"":1},""logging"":{""level"":""INFO"",""with_timestamp"":true,""with_thread_id"":false}}","{""generator"":""clustered"",""dataset"":""clustered_t__nr100000__ns100000__a1_000ep00__g1"",""n_r"":100000,""n_s"":100000,""has_exact_k"":false,""k_target"":0,""k_achieved"":0,""alpha_target"":1,""alpha_achieved"":nan,""notes"":""clusters=10, sigma=0.05, w_min_r=0.003, w_max_r=0.02, share_clusters=1""}"
clustered_t__nr100000__ns100000__a1_000ep00__g1,clustered,1,100000,100000,sirs,sampling,30000,0,1,1,1066.42,2.16826e+07,1,0,0,0,,0,"{""build_ms"":121.929868,""count_ms"":553.300098,""run_build_ms"":121.930688,""run_count_ms"":553.302388,""run_sample_ms"":391.179802,""sample_ms"":391.177612,""sirs_build_index_ms"":121.929048,""sirs_build_kd_ms"":11.231447,""sirs_embed_inner_ms"":55.239692,""sirs_phase1_degrees_ms"":553.297168,""sirs_rank_axes_ms"":55.450079}",,"{""dataset"":{""source"":""synthetic"",""name"":""clustered_t__nr100000__ns100000__a1_000ep00__g1"",""dim"":2,""path_r"":"""",""path_s"":"""",""synthetic"":{""generator"":""clustered"",""n_r"":100000,""n_s"":100000,""alpha"":1,""seed"":1}},""run"":{""method"":""sirs"",""variant"":""sampling"",""t"":30000,""seed"":1,""repeats"":3,""j_star"":1000000,""enum_cap"":0,""write_samples"":false,""verify"":false},""output"":{""out_dir"":""run/temp/exp5/clustered_t"",""run_tag"":""exp5_clustered_t""},""sys"":{""threads"":1},""logging"":{""level"":""INFO"",""with_timestamp"":true,""with_thread_id"":false}}","{""generator"":""clustered"",""dataset"":""clustered_t__nr100000__ns100000__a1_000ep00__g1"",""n_r"":100000,""n_s"":100000,""has_exact_k"":false,""k_target"":0,""k_achieved"":0,""alpha_target"":1,""alpha_achieved"":nan,""notes"":""clusters=10, sigma=0.05, w_min_r=0.003, w_max_r=0.02, share_clusters=1""}"
clustered_t__nr100000__ns100000__a1_000ep00__g1,clustered,1,100000,100000,sirs,sampling,30000,1,2,1,1065.02,2.16826e+07,1,0,0,0,,0,"{""build_ms"":121.700983,""count_ms"":553.813138,""run_build_ms"":121.701622,""run_count_ms"":553.814407,""run_sample_ms"":389.501773,""sample_ms"":389.499823,""sirs_build_index_ms"":121.700423,""sirs_build_kd_ms"":11.262727,""sirs_embed_inner_ms"":55.338080,""sirs_phase1_degrees_ms"":553.811027,""sirs_rank_axes_ms"":55.093686}",,"{""dataset"":{""source"":""synthetic"",""name"":""clustered_t__nr100000__ns100000__a1_000ep00__g1"",""dim"":2,""path_r"":"""",""path_s"":"""",""synthetic"":{""generator"":""clustered"",""n_r"":100000,""n_s"":100000,""alpha"":1,""seed"":1}},""run"":{""method"":""sirs"",""variant"":""sampling"",""t"":30000,""seed"":1,""repeats"":3,""j_star"":1000000,""enum_cap"":0,""write_samples"":false,""verify"":false},""output"":{""out_dir"":""run/temp/exp5/clustered_t"",""run_tag"":""exp5_clustered_t""},""sys"":{""threads"":1},""logging"":{""level"":""INFO"",""with_timestamp"":true,""with_thread_id"":false}}","{""generator"":""clustered"",""dataset"":""clustered_t__nr100000__ns100000__a1_000ep00__g1"",""n_r"":100000,""n_s"":100000,""has_exact_k"":false,""k_target"":0,""k_achieved"":0,""alpha_target"":1,""alpha_achieved"":nan,""notes"":""clusters=10, sigma=0.05, w_min_r=0.003, w_max_r=0.02, share_clusters=1""}"
clustered_t__nr100000__ns100000__a1_000ep00__g1,clustered,1,100000,100000,sirs,sampling,30000,2,3,1,1069.89,2.16826e+07,1,0,0,0,,0,"{""build_ms"":121.483426,""count_ms"":553.663069,""run_build_ms"":121.483976,""run_count_ms"":553.664209,""run_sample_ms"":394.735883,""sample_ms"":394.733553,""sirs_build_index_ms"":121.482426,""sirs_build_kd_ms"":11.163698,""sirs_embed_inner_ms"":55.317741,""sirs_phase1_degrees_ms"":553.660039,""sirs_rank_axes_ms"":54.994937}",,"{""dataset"":{""source"":""synthetic"",""name"":""clustered_t__nr100000__ns100000__a1_000ep00__g1"",""dim"":2,""path_r"":"""",""path_s"":"""",""synthetic"":{""generator"":""clustered"",""n_r"":100000,""n_s"":100000,""alpha"":1,""seed"":1}},""run"":{""method"":""sirs"",""variant"":""sampling"",""t"":30000,""seed"":1,""repeats"":3,""j_star"":1000000,""enum_cap"":0,""write_samples"":false,""verify"":false},""output"":{""out_dir"":""run/temp/exp5/clustered_t"",""run_tag"":""exp5_clustered_t""},""sys"":{""threads"":1},""logging"":{""level"":""INFO"",""with_timestamp"":true,""with_thread_id"":false}}","{""generator"":""clustered"",""dataset"":""clustered_t__nr100000__ns100000__a1_000ep00__g1"",""n_r"":100000,""n_s"":100000,""has_exact_k"":false,""k_target"":0,""k_achieved"":0,""alpha_target"":1,""alpha_achieved"":nan,""notes"":""clusters=10, sigma=0.05, w_min_r=0.003, w_max_r=0.02, share_clusters=1""}"
clustered_t__nr100000__ns100000__a1_000ep00__g1,clustered,1,100000,100000,sirs,adaptive,30000,0,1,1,1123.25,2.16826e+07,1,0,1,0,fallback_sampling,1000001,"{""build_ms"":121.954997,""count_ms"":569.008247,""run_build_ms"":121.955667,""run_fallback_count_ms"":569.011367,""run_fallback_sample_ms"":383.471006,""run_pilot_enum_prepare_ms"":0.000610,""run_pilot_enum_scan_ms"":48.793234,""sample_ms"":383.468496,""sirs_build_index_ms"":121.954387,""sirs_build_kd_ms"":11.161308,""sirs_embed_inner_ms"":55.351830,""sirs_rank_axes_ms"":55.434739}",,"{""dataset"":{""source"":""synthetic"",""name"":""clustered_t__nr100000__ns100000__a1_000ep00__g1"",""dim"":2,""path_r"":"""",""path_s"":"""",""synthetic"":{""generator"":""clustered"",""n_r"":100000,""n_s"":100000,""alpha"":1,""seed"":1}},""run"":{""method"":""sirs"",""variant"":""adaptive"",""t"":30000,""seed"":1,""repeats"":3,""j_star"":1000000,""enum_cap"":0,""write_samples"":false,""verify"":false},""output"":{""out_dir"":""run/temp/exp5/clustered_t"",""run_tag"":""exp5_clustered_t""},""sys"":{""threads"":1},""logging"":{""level"":""INFO"",""with_timestamp"":true,""with_thread_id"":false}}","{""generator"":""clustered"",""dataset"":""clustered_t__nr100000__ns100000__a1_000ep00__g1"",""n_r"":100000,""n_s"":100000,""has_exact_k"":false,""k_target"":0,""k_achieved"":0,""alpha_target"":1,""alpha_achieved"":nan,""notes"":""clusters=10, sigma=0.05, w_min_r=0.003, w_max_r=0.02, share_clusters=1""}"
clustered_t__nr100000__ns100000__a1_000ep00__g1,clustered,1,100000,100000,sirs,adaptive,30000,1,2,1,1121.28,2.16826e+07,1,0,1,0,fallback_sampling,1000001,"{""build_ms"":121.286490,""count_ms"":572.063268,""run_build_ms"":121.287080,""run_fallback_count_ms"":572.065798,""run_fallback_sample_ms"":379.046079,""run_pilot_enum_prepare_ms"":0.000320,""run_pilot_enum_scan_ms"":48.866263,""sample_ms"":379.043979,""sirs_build_index_ms"":121.285780,""sirs_build_kd_ms"":11.163538,""sirs_embed_inner_ms"":55.130114,""sirs_rank_axes_ms"":54.985018}",,"{""dataset"":{""source"":""synthetic"",""name"":""clustered_t__nr100000__ns100000__a1_000ep00__g1"",""dim"":2,""path_r"":"""",""path_s"":"""",""synthetic"":{""generator"":""clustered"",""n_r"":100000,""n_s"":100000,""alpha"":1,""seed"":1}},""run"":{""method"":""sirs"",""variant"":""adaptive"",""t"":30000,""seed"":1,""repeats"":3,""j_star"":1000000,""enum_cap"":0,""write_samples"":false,""verify"":false},""output"":{""out_dir"":""run/temp/exp5/clustered_t"",""run_tag"":""exp5_clustered_t""},""sys"":{""threads"":1},""logging"":{""level"":""INFO"",""with_timestamp"":true,""with_thread_id"":false}}","{""generator"":""clustered"",""dataset"":""clustered_t__nr100000__ns100000__a1_000ep00__g1"",""n_r"":100000,""n_s"":100000,""has_exact_k"":false,""k_target"":0,""k_achieved"":0,""alpha_target"":1,""alpha_achieved"":nan,""notes"":""clusters=10, sigma=0.05, w_min_r=0.003, w_max_r=0.02, share_clusters=1""}"
clustered_t__nr100000__ns100000__a1_000ep00__g1,clustered,1,100000,100000,sirs,adaptive,30000,2,3,1,1122.65,2.16826e+07,1,0,1,0,fallback_sampling,1000001,"{""build_ms"":121.105202,""count_ms"":571.816232,""run_build_ms"":121.106012,""run_fallback_count_ms"":571.819222,""run_fallback_sample_ms"":380.939033,""run_pilot_enum_prepare_ms"":0.000420,""run_pilot_enum_scan_ms"":48.772965,""sample_ms"":380.937103,""sirs_build_index_ms"":121.104382,""sirs_build_kd_ms"":11.057270,""sirs_embed_inner_ms"":55.008996,""sirs_rank_axes_ms"":55.031626}",,"{""dataset"":{""source"":""synthetic"",""name"":""clustered_t__nr100000__ns100000__a1_000ep00__g1"",""dim"":2,""path_r"":"""",""path_s"":"""",""synthetic"":{""generator"":""clustered"",""n_r"":100000,""n_s"":100000,""alpha"":1,""seed"":1}},""run"":{""method"":""sirs"",""variant"":""adaptive"",""t"":30000,""seed"":1,""repeats"":3,""j_star"":1000000,""enum_cap"":0,""write_samples"":false,""verify"":false},""output"":{""out_dir"":""run/temp/exp5/clustered_t"",""run_tag"":""exp5_clustered_t""},""sys"":{""threads"":1},""logging"":{""level"":""INFO"",""with_timestamp"":true,""with_thread_id"":false}}","{""generator"":""clustered"",""dataset"":""clustered_t__nr100000__ns100000__a1_000ep00__g1"",""n_r"":100000,""n_s"":100000,""has_exact_k"":false,""k_target"":0,""k_achieved"":0,""alpha_target"":1,""alpha_achieved"":nan,""notes"":""clusters=10, sigma=0.05, w_min_r=0.003, w_max_r=0.02, share_clusters=1""}"
clustered_t__nr100000__ns100000__a1_000ep00__g1,clustered,1,100000,100000,rejection,sampling,30000,0,1,0,-1,-1,0,0,0,0,,0,{},SKIPPED: rejection+sampling is disabled in sjs_sweep; use variant=adaptive.,"{""dataset"":{""source"":""synthetic"",""name"":""clustered_t__nr100000__ns100000__a1_000ep00__g1"",""dim"":2,""path_r"":"""",""path_s"":"""",""synthetic"":{""generator"":""clustered"",""n_r"":100000,""n_s"":100000,""alpha"":1,""seed"":1}},""run"":{""method"":""rejection"",""variant"":""sampling"",""t"":30000,""seed"":1,""repeats"":3,""j_star"":1000000,""enum_cap"":0,""write_samples"":false,""verify"":false},""output"":{""out_dir"":""run/temp/exp5/clustered_t"",""run_tag"":""exp5_clustered_t""},""sys"":{""threads"":1},""logging"":{""level"":""INFO"",""with_timestamp"":true,""with_thread_id"":false}}","{""generator"":""clustered"",""dataset"":""clustered_t__nr100000__ns100000__a1_000ep00__g1"",""n_r"":100000,""n_s"":100000,""has_exact_k"":false,""k_target"":0,""k_achieved"":0,""alpha_target"":1,""alpha_achieved"":nan,""notes"":""clusters=10, sigma=0.05, w_min_r=0.003, w_max_r=0.02, share_clusters=1""}"
clustered_t__nr100000__ns100000__a1_000ep00__g1,clustered,1,100000,100000,rejection,sampling,30000,1,2,0,-1,-1,0,0,0,0,,0,{},SKIPPED: rejection+sampling is disabled in sjs_sweep; use variant=adaptive.,"{""dataset"":{""source"":""synthetic"",""name"":""clustered_t__nr100000__ns100000__a1_000ep00__g1"",""dim"":2,""path_r"":"""",""path_s"":"""",""synthetic"":{""generator"":""clustered"",""n_r"":100000,""n_s"":100000,""alpha"":1,""seed"":1}},""run"":{""method"":""rejection"",""variant"":""sampling"",""t"":30000,""seed"":1,""repeats"":3,""j_star"":1000000,""enum_cap"":0,""write_samples"":false,""verify"":false},""output"":{""out_dir"":""run/temp/exp5/clustered_t"",""run_tag"":""exp5_clustered_t""},""sys"":{""threads"":1},""logging"":{""level"":""INFO"",""with_timestamp"":true,""with_thread_id"":false}}","{""generator"":""clustered"",""dataset"":""clustered_t__nr100000__ns100000__a1_000ep00__g1"",""n_r"":100000,""n_s"":100000,""has_exact_k"":false,""k_target"":0,""k_achieved"":0,""alpha_target"":1,""alpha_achieved"":nan,""notes"":""clusters=10, sigma=0.05, w_min_r=0.003, w_max_r=0.02, share_clusters=1""}"
clustered_t__nr100000__ns100000__a1_000ep00__g1,clustered,1,100000,100000,rejection,sampling,30000,2,3,0,-1,-1,0,0,0,0,,0,{},SKIPPED: rejection+sampling is disabled in sjs_sweep; use variant=adaptive.,"{""dataset"":{""source"":""synthetic"",""name"":""clustered_t__nr100000__ns100000__a1_000ep00__g1"",""dim"":2,""path_r"":"""",""path_s"":"""",""synthetic"":{""generator"":""clustered"",""n_r"":100000,""n_s"":100000,""alpha"":1,""seed"":1}},""run"":{""method"":""rejection"",""variant"":""sampling"",""t"":30000,""seed"":1,""repeats"":3,""j_star"":1000000,""enum_cap"":0,""write_samples"":false,""verify"":false},""output"":{""out_dir"":""run/temp/exp5/clustered_t"",""run_tag"":""exp5_clustered_t""},""sys"":{""threads"":1},""logging"":{""level"":""INFO"",""with_timestamp"":true,""with_thread_id"":false}}","{""generator"":""clustered"",""dataset"":""clustered_t__nr100000__ns100000__a1_000ep00__g1"",""n_r"":100000,""n_s"":100000,""has_exact_k"":false,""k_target"":0,""k_achieved"":0,""alpha_target"":1,""alpha_achieved"":nan,""notes"":""clusters=10, sigma=0.05, w_min_r=0.003, w_max_r=0.02, share_clusters=1""}"
clustered_t__nr100000__ns100000__a1_000ep00__g1,clustered,1,100000,100000,rejection,adaptive,30000,0,1,1,228.255,2.12469e+07,0,0,1,0,fallback_sampling,1000001,"{""adaptive_phase1_ms"":46.968389,""adaptive_sample_ms"":16.650724,""build_ms"":125.704875,""build_M_ms"":0.123978,""build_cellmap_ms"":18.252304,""build_mu_alias_ms"":107.211326,""build_slab_index_ms"":0.109018,""count_pilot_ms"":9.401271,""run_build_ms"":125.706925,""run_fallback_count_ms"":46.970889,""run_fallback_sample_ms"":16.653674,""run_pilot_enum_prepare_ms"":0.001890,""run_pilot_enum_scan_ms"":38.911772}",,"{""dataset"":{""source"":""synthetic"",""name"":""clustered_t__nr100000__ns100000__a1_000ep00__g1"",""dim"":2,""path_r"":"""",""path_s"":"""",""synthetic"":{""generator"":""clustered"",""n_r"":100000,""n_s"":100000,""alpha"":1,""seed"":1}},""run"":{""method"":""rejection"",""variant"":""adaptive"",""t"":30000,""seed"":1,""repeats"":3,""j_star"":1000000,""enum_cap"":0,""write_samples"":false,""verify"":false},""output"":{""out_dir"":""run/temp/exp5/clustered_t"",""run_tag"":""exp5_clustered_t""},""sys"":{""threads"":1},""logging"":{""level"":""INFO"",""with_timestamp"":true,""with_thread_id"":false}}","{""generator"":""clustered"",""dataset"":""clustered_t__nr100000__ns100000__a1_000ep00__g1"",""n_r"":100000,""n_s"":100000,""has_exact_k"":false,""k_target"":0,""k_achieved"":0,""alpha_target"":1,""alpha_achieved"":nan,""notes"":""clusters=10, sigma=0.05, w_min_r=0.003, w_max_r=0.02, share_clusters=1""}"
clustered_t__nr100000__ns100000__a1_000ep00__g1,clustered,1,100000,100000,rejection,adaptive,30000,1,2,1,235.234,2.16503e+07,0,0,1,0,fallback_sampling,1000001,"{""adaptive_phase1_ms"":49.828864,""adaptive_sample_ms"":17.778493,""build_ms"":121.293199,""build_M_ms"":0.108678,""build_cellmap_ms"":14.201690,""build_mu_alias_ms"":106.869373,""build_slab_index_ms"":0.102788,""count_pilot_ms"":12.368815,""run_build_ms"":121.349438,""run_fallback_count_ms"":49.830704,""run_fallback_sample_ms"":17.781233,""run_pilot_enum_prepare_ms"":0.001580,""run_pilot_enum_scan_ms"":38.653487}",,"{""dataset"":{""source"":""synthetic"",""name"":""clustered_t__nr100000__ns100000__a1_000ep00__g1"",""dim"":2,""path_r"":"""",""path_s"":"""",""synthetic"":{""generator"":""clustered"",""n_r"":100000,""n_s"":100000,""alpha"":1,""seed"":1}},""run"":{""method"":""rejection"",""variant"":""adaptive"",""t"":30000,""seed"":1,""repeats"":3,""j_star"":1000000,""enum_cap"":0,""write_samples"":false,""verify"":false},""output"":{""out_dir"":""run/temp/exp5/clustered_t"",""run_tag"":""exp5_clustered_t""},""sys"":{""threads"":1},""logging"":{""level"":""INFO"",""with_timestamp"":true,""with_thread_id"":false}}","{""generator"":""clustered"",""dataset"":""clustered_t__nr100000__ns100000__a1_000ep00__g1"",""n_r"":100000,""n_s"":100000,""has_exact_k"":false,""k_target"":0,""k_achieved"":0,""alpha_target"":1,""alpha_achieved"":nan,""notes"":""clusters=10, sigma=0.05, w_min_r=0.003, w_max_r=0.02, share_clusters=1""}"
clustered_t__nr100000__ns100000__a1_000ep00__g1,clustered,1,100000,100000,rejection,adaptive,30000,2,3,1,232.909,2.16949e+07,0,0,1,0,fallback_sampling,1000001,"{""adaptive_phase1_ms"":46.782373,""adaptive_sample_ms"":15.331179,""build_ms"":120.913356,""build_M_ms"":0.108238,""build_cellmap_ms"":14.111342,""build_mu_alias_ms"":106.578118,""build_slab_index_ms"":0.104838,""count_pilot_ms"":9.036548,""run_build_ms"":120.969514,""run_fallback_count_ms"":46.784763,""run_fallback_sample_ms"":15.334069,""run_pilot_enum_prepare_ms"":0.001429,""run_pilot_enum_scan_ms"":38.715094}",,"{""dataset"":{""source"":""synthetic"",""name"":""clustered_t__nr100000__ns100000__a1_000ep00__g1"",""dim"":2,""path_r"":"""",""path_s"":"""",""synthetic"":{""generator"":""clustered"",""n_r"":100000,""n_s"":100000,""alpha"":1,""seed"":1}},""run"":{""method"":""rejection"",""variant"":""adaptive"",""t"":30000,""seed"":1,""repeats"":3,""j_star"":1000000,""enum_cap"":0,""write_samples"":false,""verify"":false},""output"":{""out_dir"":""run/temp/exp5/clustered_t"",""run_tag"":""exp5_clustered_t""},""sys"":{""threads"":1},""logging"":{""level"":""INFO"",""with_timestamp"":true,""with_thread_id"":false}}","{""generator"":""clustered"",""dataset"":""clustered_t__nr100000__ns100000__a1_000ep00__g1"",""n_r"":100000,""n_s"":100000,""has_exact_k"":false,""k_target"":0,""k_achieved"":0,""alpha_target"":1,""alpha_achieved"":nan,""notes"":""clusters=10, sigma=0.05, w_min_r=0.003, w_max_r=0.02, share_clusters=1""}"
clustered_t__nr100000__ns100000__a1_000ep00__g1,clustered,1,100000,100000,ours,sampling,100000,0,1,1,541.948,2.16826e+07,1,0,0,0,,0,"{""build_active_indices_ms"":5.537404,""build_events_ms"":34.338389,""build_ranks_ms"":43.339868,""build_y_domain_ms"":13.825728,""phase1_count_ms"":254.641198,""phase2_plan_ms"":9.401052,""phase3_sample_ms"":179.073353,""run_build_ms"":98.792085,""run_count_ms"":254.644088,""run_sample_ms"":188.507314}",,"{""dataset"":{""source"":""synthetic"",""name"":""clustered_t__nr100000__ns100000__a1_000ep00__g1"",""dim"":2,""path_r"":"""",""path_s"":"""",""synthetic"":{""generator"":""clustered"",""n_r"":100000,""n_s"":100000,""alpha"":1,""seed"":1}},""run"":{""method"":""ours"",""variant"":""sampling"",""t"":100000,""seed"":1,""repeats"":3,""j_star"":1000000,""enum_cap"":0,""write_samples"":false,""verify"":false},""output"":{""out_dir"":""run/temp/exp5/clustered_t"",""run_tag"":""exp5_clustered_t""},""sys"":{""threads"":1},""logging"":{""level"":""INFO"",""with_timestamp"":true,""with_thread_id"":false}}","{""generator"":""clustered"",""dataset"":""clustered_t__nr100000__ns100000__a1_000ep00__g1"",""n_r"":100000,""n_s"":100000,""has_exact_k"":false,""k_target"":0,""k_achieved"":0,""alpha_target"":1,""alpha_achieved"":nan,""notes"":""clusters=10, sigma=0.05, w_min_r=0.003, w_max_r=0.02, share_clusters=1""}"
clustered_t__nr100000__ns100000__a1_000ep00__g1,clustered,1,100000,100000,ours,sampling,100000,1,2,1,612.81,2.16826e+07,1,0,0,0,,0,"{""build_active_indices_ms"":5.393768,""build_events_ms"":66.071816,""build_ranks_ms"":43.369058,""build_y_domain_ms"":13.851316,""phase1_count_ms"":255.933243,""phase2_plan_ms"":9.429271,""phase3_sample_ms"":178.510462,""run_build_ms"":130.438065,""run_count_ms"":255.935983,""run_sample_ms"":187.971563}",,"{""dataset"":{""source"":""synthetic"",""name"":""clustered_t__nr100000__ns100000__a1_000ep00__g1"",""dim"":2,""path_r"":"""",""path_s"":"""",""synthetic"":{""generator"":""clustered"",""n_r"":100000,""n_s"":100000,""alpha"":1,""seed"":1}},""run"":{""method"":""ours"",""variant"":""sampling"",""t"":100000,""seed"":1,""repeats"":3,""j_star"":1000000,""enum_cap"":0,""write_samples"":false,""verify"":false},""output"":{""out_dir"":""run/temp/exp5/clustered_t"",""run_tag"":""exp5_clustered_t""},""sys"":{""threads"":1},""logging"":{""level"":""INFO"",""with_timestamp"":true,""with_thread_id"":false}}","{""generator"":""clustered"",""dataset"":""clustered_t__nr100000__ns100000__a1_000ep00__g1"",""n_r"":100000,""n_s"":100000,""has_exact_k"":false,""k_target"":0,""k_achieved"":0,""alpha_target"":1,""alpha_achieved"":nan,""notes"":""clusters=10, sigma=0.05, w_min_r=0.003, w_max_r=0.02, share_clusters=1""}"
clustered_t__nr100000__ns100000__a1_000ep00__g1,clustered,1,100000,100000,ours,sampling,100000,2,3,1,610.534,2.16826e+07,1,0,0,0,,0,"{""build_active_indices_ms"":5.397478,""build_events_ms"":65.759562,""build_ranks_ms"":43.281139,""build_y_domain_ms"":13.853367,""phase1_count_ms"":252.249783,""phase2_plan_ms"":9.388252,""phase3_sample_ms"":180.862348,""run_build_ms"":130.043072,""run_count_ms"":252.252633,""run_sample_ms"":190.284520}",,"{""dataset"":{""source"":""synthetic"",""name"":""clustered_t__nr100000__ns100000__a1_000ep00__g1"",""dim"":2,""path_r"":"""",""path_s"":"""",""synthetic"":{""generator"":""clustered"",""n_r"":100000,""n_s"":100000,""alpha"":1,""seed"":1}},""run"":{""method"":""ours"",""variant"":""sampling"",""t"":100000,""seed"":1,""repeats"":3,""j_star"":1000000,""enum_cap"":0,""write_samples"":false,""verify"":false},""output"":{""out_dir"":""run/temp/exp5/clustered_t"",""run_tag"":""exp5_clustered_t""},""sys"":{""threads"":1},""logging"":{""level"":""INFO"",""with_timestamp"":true,""with_thread_id"":false}}","{""generator"":""clustered"",""dataset"":""clustered_t__nr100000__ns100000__a1_000ep00__g1"",""n_r"":100000,""n_s"":100000,""has_exact_k"":false,""k_target"":0,""k_achieved"":0,""alpha_target"":1,""alpha_achieved"":nan,""notes"":""clusters=10, sigma=0.05, w_min_r=0.003, w_max_r=0.02, share_clusters=1""}"
clustered_t__nr100000__ns100000__a1_000ep00__g1,clustered,1,100000,100000,ours,adaptive,100000,0,1,1,580.427,2.16826e+07,1,0,1,0,fallback_sampling,1000001,"{""build_active_indices_ms"":5.521145,""build_events_ms"":34.345998,""build_ranks_ms"":43.199209,""build_y_domain_ms"":13.824978,""phase1_count_adaptive_ms"":261.776772,""phase2_plan_ms"":9.134727,""phase3_sample_ms"":182.352440,""run_build_ms"":98.655559,""run_fallback_count_ms"":261.780502,""run_fallback_sample_ms"":191.520636,""run_pilot_enum_prepare_ms"":1.528811,""run_pilot_enum_scan_ms"":26.930229,""sample_ms"":191.518766}",,"{""dataset"":{""source"":""synthetic"",""name"":""clustered_t__nr100000__ns100000__a1_000ep00__g1"",""dim"":2,""path_r"":"""",""path_s"":"""",""synthetic"":{""generator"":""clustered"",""n_r"":100000,""n_s"":100000,""alpha"":1,""seed"":1}},""run"":{""method"":""ours"",""variant"":""adaptive"",""t"":100000,""seed"":1,""repeats"":3,""j_star"":1000000,""enum_cap"":0,""write_samples"":false,""verify"":false},""output"":{""out_dir"":""run/temp/exp5/clustered_t"",""run_tag"":""exp5_clustered_t""},""sys"":{""threads"":1},""logging"":{""level"":""INFO"",""with_timestamp"":true,""with_thread_id"":false}}","{""generator"":""clustered"",""dataset"":""clustered_t__nr100000__ns100000__a1_000ep00__g1"",""n_r"":100000,""n_s"":100000,""has_exact_k"":false,""k_target"":0,""k_achieved"":0,""alpha_target"":1,""alpha_achieved"":nan,""notes"":""clusters=10, sigma=0.05, w_min_r=0.003, w_max_r=0.02, share_clusters=1""}"
clustered_t__nr100000__ns100000__a1_000ep00__g1,clustered,1,100000,100000,ours,adaptive,100000,1,2,1,654.598,2.16826e+07,1,0,1,0,fallback_sampling,1000001,"{""build_active_indices_ms"":5.434816,""build_events_ms"":65.873980,""build_ranks_ms"":43.163901,""build_y_domain_ms"":13.835037,""phase1_count_adaptive_ms"":265.947183,""phase2_plan_ms"":9.263295,""phase3_sample_ms"":182.970057,""run_build_ms"":130.060412,""run_fallback_count_ms"":265.949182,""run_fallback_sample_ms"":192.267081,""run_pilot_enum_prepare_ms"":1.506801,""run_pilot_enum_scan_ms"":26.747743,""sample_ms"":192.265461}",,"{""dataset"":{""source"":""synthetic"",""name"":""clustered_t__nr100000__ns100000__a1_000ep00__g1"",""dim"":2,""path_r"":"""",""path_s"":"""",""synthetic"":{""generator"":""clustered"",""n_r"":100000,""n_s"":100000,""alpha"":1,""seed"":1}},""run"":{""method"":""ours"",""variant"":""adaptive"",""t"":100000,""seed"":1,""repeats"":3,""j_star"":1000000,""enum_cap"":0,""write_samples"":false,""verify"":false},""output"":{""out_dir"":""run/temp/exp5/clustered_t"",""run_tag"":""exp5_clustered_t""},""sys"":{""threads"":1},""logging"":{""level"":""INFO"",""with_timestamp"":true,""with_thread_id"":false}}","{""generator"":""clustered"",""dataset"":""clustered_t__nr100000__ns100000__a1_000ep00__g1"",""n_r"":100000,""n_s"":100000,""has_exact_k"":false,""k_target"":0,""k_achieved"":0,""alpha_target"":1,""alpha_achieved"":nan,""notes"":""clusters=10, sigma=0.05, w_min_r=0.003, w_max_r=0.02, share_clusters=1""}"
clustered_t__nr100000__ns100000__a1_000ep00__g1,clustered,1,100000,100000,ours,adaptive,100000,2,3,1,656.923,2.16826e+07,1,0,1,0,fallback_sampling,1000001,"{""build_active_indices_ms"":5.501756,""build_events_ms"":58.420402,""build_ranks_ms"":43.086493,""build_y_domain_ms"":13.831417,""phase1_count_adaptive_ms"":266.394554,""phase2_plan_ms"":9.166846,""phase3_sample_ms"":182.506006,""run_build_ms"":122.585323,""run_fallback_count_ms"":266.397284,""run_fallback_sample_ms"":191.706331,""run_pilot_enum_prepare_ms"":1.563320,""run_pilot_enum_scan_ms"":26.874170,""sample_ms"":191.704631}",,"{""dataset"":{""source"":""synthetic"",""name"":""clustered_t__nr100000__ns100000__a1_000ep00__g1"",""dim"":2,""path_r"":"""",""path_s"":"""",""synthetic"":{""generator"":""clustered"",""n_r"":100000,""n_s"":100000,""alpha"":1,""seed"":1}},""run"":{""method"":""ours"",""variant"":""adaptive"",""t"":100000,""seed"":1,""repeats"":3,""j_star"":1000000,""enum_cap"":0,""write_samples"":false,""verify"":false},""output"":{""out_dir"":""run/temp/exp5/clustered_t"",""run_tag"":""exp5_clustered_t""},""sys"":{""threads"":1},""logging"":{""level"":""INFO"",""with_timestamp"":true,""with_thread_id"":false}}","{""generator"":""clustered"",""dataset"":""clustered_t__nr100000__ns100000__a1_000ep00__g1"",""n_r"":100000,""n_s"":100000,""has_exact_k"":false,""k_target"":0,""k_achieved"":0,""alpha_target"":1,""alpha_achieved"":nan,""notes"":""clusters=10, sigma=0.05, w_min_r=0.003, w_max_r=0.02, share_clusters=1""}"
clustered_t__nr100000__ns100000__a1_000ep00__g1,clustered,1,100000,100000,aabb,sampling,100000,0,1,1,1036.06,2.16826e+07,1,0,0,0,,0,"{""build_ms"":35.954227,""phase1_count_ms"":557.608106,""phase2_assign_ms"":12.241328,""phase3_sample_ms"":430.231554,""run_build_ms"":35.955767,""run_count_ms"":557.610626,""run_sample_ms"":442.493401}",,"{""dataset"":{""source"":""synthetic"",""name"":""clustered_t__nr100000__ns100000__a1_000ep00__g1"",""dim"":2,""path_r"":"""",""path_s"":"""",""synthetic"":{""generator"":""clustered"",""n_r"":100000,""n_s"":100000,""alpha"":1,""seed"":1}},""run"":{""method"":""aabb"",""variant"":""sampling"",""t"":100000,""seed"":1,""repeats"":3,""j_star"":1000000,""enum_cap"":0,""write_samples"":false,""verify"":false},""output"":{""out_dir"":""run/temp/exp5/clustered_t"",""run_tag"":""exp5_clustered_t""},""sys"":{""threads"":1},""logging"":{""level"":""INFO"",""with_timestamp"":true,""with_thread_id"":false}}","{""generator"":""clustered"",""dataset"":""clustered_t__nr100000__ns100000__a1_000ep00__g1"",""n_r"":100000,""n_s"":100000,""has_exact_k"":false,""k_target"":0,""k_achieved"":0,""alpha_target"":1,""alpha_achieved"":nan,""notes"":""clusters=10, sigma=0.05, w_min_r=0.003, w_max_r=0.02, share_clusters=1""}"
clustered_t__nr100000__ns100000__a1_000ep00__g1,clustered,1,100000,100000,aabb,sampling,100000,1,2,1,1035.06,2.16826e+07,1,0,0,0,,0,"{""build_ms"":35.962997,""phase1_count_ms"":557.724843,""phase2_assign_ms"":12.333256,""phase3_sample_ms"":429.009605,""run_build_ms"":35.964407,""run_count_ms"":557.726963,""run_sample_ms"":441.362301}",,"{""dataset"":{""source"":""synthetic"",""name"":""clustered_t__nr100000__ns100000__a1_000ep00__g1"",""dim"":2,""path_r"":"""",""path_s"":"""",""synthetic"":{""generator"":""clustered"",""n_r"":100000,""n_s"":100000,""alpha"":1,""seed"":1}},""run"":{""method"":""aabb"",""variant"":""sampling"",""t"":100000,""seed"":1,""repeats"":3,""j_star"":1000000,""enum_cap"":0,""write_samples"":false,""verify"":false},""output"":{""out_dir"":""run/temp/exp5/clustered_t"",""run_tag"":""exp5_clustered_t""},""sys"":{""threads"":1},""logging"":{""level"":""INFO"",""with_timestamp"":true,""with_thread_id"":false}}","{""generator"":""clustered"",""dataset"":""clustered_t__nr100000__ns100000__a1_000ep00__g1"",""n_r"":100000,""n_s"":100000,""has_exact_k"":false,""k_target"":0,""k_achieved"":0,""alpha_target"":1,""alpha_achieved"":nan,""notes"":""clusters=10, sigma=0.05, w_min_r=0.003, w_max_r=0.02, share_clusters=1""}"
clustered_t__nr100000__ns100000__a1_000ep00__g1,clustered,1,100000,100000,aabb,sampling,100000,2,3,1,1035.66,2.16826e+07,1,0,0,0,,0,"{""build_ms"":36.003007,""phase1_count_ms"":557.521956,""phase2_assign_ms"":12.330556,""phase3_sample_ms"":429.781431,""run_build_ms"":36.004376,""run_count_ms"":557.524375,""run_sample_ms"":442.131887}",,"{""dataset"":{""source"":""synthetic"",""name"":""clustered_t__nr100000__ns100000__a1_000ep00__g1"",""dim"":2,""path_r"":"""",""path_s"":"""",""synthetic"":{""generator"":""clustered"",""n_r"":100000,""n_s"":100000,""alpha"":1,""seed"":1}},""run"":{""method"":""aabb"",""variant"":""sampling"",""t"":100000,""seed"":1,""repeats"":3,""j_star"":1000000,""enum_cap"":0,""write_samples"":false,""verify"":false},""output"":{""out_dir"":""run/temp/exp5/clustered_t"",""run_tag"":""exp5_clustered_t""},""sys"":{""threads"":1},""logging"":{""level"":""INFO"",""with_timestamp"":true,""with_thread_id"":false}}","{""generator"":""clustered"",""dataset"":""clustered_t__nr100000__ns100000__a1_000ep00__g1"",""n_r"":100000,""n_s"":100000,""has_exact_k"":false,""k_target"":0,""k_achieved"":0,""alpha_target"":1,""alpha_achieved"":nan,""notes"":""clusters=10, sigma=0.05, w_min_r=0.003, w_max_r=0.02, share_clusters=1""}"
clustered_t__nr100000__ns100000__a1_000ep00__g1,clustered,1,100000,100000,aabb,adaptive,100000,0,1,1,1139.12,2.16826e+07,1,0,1,0,fallback_sampling,1000001,"{""build_ms"":36.003916,""enumerate_prepare_ms"":34.418557,""phase1_count_ms"":564.308126,""phase2_assign_ms"":12.365085,""phase3_sample_ms"":427.963724,""run_build_ms"":36.005686,""run_fallback_count_ms"":564.310876,""run_fallback_sample_ms"":440.348899,""run_pilot_enum_prepare_ms"":34.421487,""run_pilot_enum_scan_ms"":64.014655}",,"{""dataset"":{""source"":""synthetic"",""name"":""clustered_t__nr100000__ns100000__a1_000ep00__g1"",""dim"":2,""path_r"":"""",""path_s"":"""",""synthetic"":{""generator"":""clustered"",""n_r"":100000,""n_s"":100000,""alpha"":1,""seed"":1}},""run"":{""method"":""aabb"",""variant"":""adaptive"",""t"":100000,""seed"":1,""repeats"":3,""j_star"":1000000,""enum_cap"":0,""write_samples"":false,""verify"":false},""output"":{""out_dir"":""run/temp/exp5/clustered_t"",""run_tag"":""exp5_clustered_t""},""sys"":{""threads"":1},""logging"":{""level"":""INFO"",""with_timestamp"":true,""with_thread_id"":false}}","{""generator"":""clustered"",""dataset"":""clustered_t__nr100000__ns100000__a1_000ep00__g1"",""n_r"":100000,""n_s"":100000,""has_exact_k"":false,""k_target"":0,""k_achieved"":0,""alpha_target"":1,""alpha_achieved"":nan,""notes"":""clusters=10, sigma=0.05, w_min_r=0.003, w_max_r=0.02, share_clusters=1""}"
clustered_t__nr100000__ns100000__a1_000ep00__g1,clustered,1,100000,100000,aabb,adaptive,100000,1,2,1,1139.26,2.16826e+07,1,0,1,0,fallback_sampling,1000001,"{""build_ms"":35.976547,""enumerate_prepare_ms"":34.381547,""phase1_count_ms"":563.815884,""phase2_assign_ms"":12.376995,""phase3_sample_ms"":428.596781,""run_build_ms"":35.977857,""run_fallback_count_ms"":563.818784,""run_fallback_sample_ms"":440.993486,""run_pilot_enum_prepare_ms"":34.384117,""run_pilot_enum_scan_ms"":64.070673}",,"{""dataset"":{""source"":""synthetic"",""name"":""clustered_t__nr100000__ns100000__a1_000ep00__g1"",""dim"":2,""path_r"":"""",""path_s"":"""",""synthetic"":{""generator"":""clustered"",""n_r"":100000,""n_s"":100000,""alpha"":1,""seed"":1}},""run"":{""method"":""aabb"",""variant"":""adaptive"",""t"":100000,""seed"":1,""repeats"":3,""j_star"":1000000,""enum_cap"":0,""write_samples"":false,""verify"":false},""output"":{""out_dir"":""run/temp/exp5/clustered_t"",""run_tag"":""exp5_clustered_t""},""sys"":{""threads"":1},""logging"":{""level"":""INFO"",""with_timestamp"":true,""with_thread_id"":false}}","{""generator"":""clustered"",""dataset"":""clustered_t__nr100000__ns100000__a1_000ep00__g1"",""n_r"":100000,""n_s"":100000,""has_exact_k"":false,""k_target"":0,""k_achieved"":0,""alpha_target"":1,""alpha_achieved"":nan,""notes"":""clusters=10, sigma=0.05, w_min_r=0.003, w_max_r=0.02, share_clusters=1""}"
clustered_t__nr100000__ns100000__a1_000ep00__g1,clustered,1,100000,100000,aabb,adaptive,100000,2,3,1,1142.26,2.16826e+07,1,0,1,0,fallback_sampling,1000001,"{""build_ms"":36.006806,""enumerate_prepare_ms"":34.399277,""phase1_count_ms"":567.738809,""phase2_assign_ms"":12.376305,""phase3_sample_ms"":427.553941,""run_build_ms"":36.008456,""run_fallback_count_ms"":567.741478,""run_fallback_sample_ms"":439.950155,""run_pilot_enum_prepare_ms"":34.401367,""run_pilot_enum_scan_ms"":64.138392}",,"{""dataset"":{""source"":""synthetic"",""name"":""clustered_t__nr100000__ns100000__a1_000ep00__g1"",""dim"":2,""path_r"":"""",""path_s"":"""",""synthetic"":{""generator"":""clustered"",""n_r"":100000,""n_s"":100000,""alpha"":1,""seed"":1}},""run"":{""method"":""aabb"",""variant"":""adaptive"",""t"":100000,""seed"":1,""repeats"":3,""j_star"":1000000,""enum_cap"":0,""write_samples"":false,""verify"":false},""output"":{""out_dir"":""run/temp/exp5/clustered_t"",""run_tag"":""exp5_clustered_t""},""sys"":{""threads"":1},""logging"":{""level"":""INFO"",""with_timestamp"":true,""with_thread_id"":false}}","{""generator"":""clustered"",""dataset"":""clustered_t__nr100000__ns100000__a1_000ep00__g1"",""n_r"":100000,""n_s"":100000,""has_exact_k"":false,""k_target"":0,""k_achieved"":0,""alpha_target"":1,""alpha_achieved"":nan,""notes"":""clusters=10, sigma=0.05, w_min_r=0.003, w_max_r=0.02, share_clusters=1""}"
clustered_t__nr100000__ns100000__a1_000ep00__g1,clustered,1,100000,100000,interval_tree,sampling,100000,0,1,1,1036.41,2.16826e+07,1,0,0,0,,0,"{""build_ms"":139.977441,""build_active_ms"":23.665800,""build_events_ms"":37.578986,""build_start_ids_ms"":1.593660,""build_y_endpoints_ms"":27.782643,""build_y_indices_ms"":49.349173,""phase1_count_ms"":496.927973,""phase2_slots_ms"":10.294134,""phase3_resweep_ms"":389.175389,""run_build_ms"":139.978191,""run_count_ms"":496.930373,""run_sample_ms"":399.500562}",,"{""dataset"":{""source"":""synthetic"",""name"":""clustered_t__nr100000__ns100000__a1_000ep00__g1"",""dim"":2,""path_r"":"""",""path_s"":"""",""synthetic"":{""generator"":""clustered"",""n_r"":100000,""n_s"":100000,""alpha"":1,""seed"":1}},""run"":{""method"":""interval_tree"",""variant"":""sampling"",""t"":100000,""seed"":1,""repeats"":3,""j_star"":1000000,""enum_cap"":0,""write_samples"":false,""verify"":false},""output"":{""out_dir"":""run/temp/exp5/clustered_t"",""run_tag"":""exp5_clustered_t""},""sys"":{""threads"":1},""logging"":{""level"":""INFO"",""with_timestamp"":true,""with_thread_id"":false}}","{""generator"":""clustered"",""dataset"":""clustered_t__nr100000__ns100000__a1_000ep00__g1"",""n_r"":100000,""n_s"":100000,""has_exact_k"":false,""k_target"":0,""k_achieved"":0,""alpha_target"":1,""alpha_achieved"":nan,""notes"":""clusters=10, sigma=0.05, w_min_r=0.003, w_max_r=0.02, share_clusters=1""}"
clustered_t__nr100000__ns100000__a1_000ep00__g1,clustered,1,100000,100000,interval_tree,sampling,100000,1,2,1,1111.7,2.16826e+07,1,0,0,0,,0,"{""build_ms"":175.282901,""build_active_ms"":23.368105,""build_events_ms"":73.050042,""build_start_ids_ms"":1.591290,""build_y_endpoints_ms"":27.813522,""build_y_indices_ms"":49.450521,""phase1_count_ms"":497.806736,""phase2_slots_ms"":10.388243,""phase3_resweep_ms"":389.212298,""run_build_ms"":175.283961,""run_count_ms"":497.809205,""run_sample_ms"":399.631389}",,"{""dataset"":{""source"":""synthetic"",""name"":""clustered_t__nr100000__ns100000__a1_000ep00__g1"",""dim"":2,""path_r"":"""",""path_s"":"""",""synthetic"":{""generator"":""clustered"",""n_r"":100000,""n_s"":100000,""alpha"":1,""seed"":1}},""run"":{""method"":""interval_tree"",""variant"":""sampling"",""t"":100000,""seed"":1,""repeats"":3,""j_star"":1000000,""enum_cap"":0,""write_samples"":false,""verify"":false},""output"":{""out_dir"":""run/temp/exp5/clustered_t"",""run_tag"":""exp5_clustered_t""},""sys"":{""threads"":1},""logging"":{""level"":""INFO"",""with_timestamp"":true,""with_thread_id"":false}}","{""generator"":""clustered"",""dataset"":""clustered_t__nr100000__ns100000__a1_000ep00__g1"",""n_r"":100000,""n_s"":100000,""has_exact_k"":false,""k_target"":0,""k_achieved"":0,""alpha_target"":1,""alpha_achieved"":nan,""notes"":""clusters=10, sigma=0.05, w_min_r=0.003, w_max_r=0.02, share_clusters=1""}"
clustered_t__nr100000__ns100000__a1_000ep00__g1,clustered,1,100000,100000,interval_tree,sampling,100000,2,3,1,1110.6,2.16826e+07,1,0,0,0,,0,"{""build_ms"":175.235782,""build_active_ms"":23.346327,""build_events_ms"":73.066752,""build_start_ids_ms"":1.584810,""build_y_endpoints_ms"":27.816972,""build_y_indices_ms"":49.412331,""phase1_count_ms"":496.510678,""phase2_slots_ms"":10.286994,""phase3_resweep_ms"":389.618749,""run_build_ms"":175.236852,""run_count_ms"":496.513148,""run_sample_ms"":399.935752}",,"{""dataset"":{""source"":""synthetic"",""name"":""clustered_t__nr100000__ns100000__a1_000ep00__g1"",""dim"":2,""path_r"":"""",""path_s"":"""",""synthetic"":{""generator"":""clustered"",""n_r"":100000,""n_s"":100000,""alpha"":1,""seed"":1}},""run"":{""method"":""interval_tree"",""variant"":""sampling"",""t"":100000,""seed"":1,""repeats"":3,""j_star"":1000000,""enum_cap"":0,""write_samples"":false,""verify"":false},""output"":{""out_dir"":""run/temp/exp5/clustered_t"",""run_tag"":""exp5_clustered_t""},""sys"":{""threads"":1},""logging"":{""level"":""INFO"",""with_timestamp"":true,""with_thread_id"":false}}","{""generator"":""clustered"",""dataset"":""clustered_t__nr100000__ns100000__a1_000ep00__g1"",""n_r"":100000,""n_s"":100000,""has_exact_k"":false,""k_target"":0,""k_achieved"":0,""alpha_target"":1,""alpha_achieved"":nan,""notes"":""clusters=10, sigma=0.05, w_min_r=0.003, w_max_r=0.02, share_clusters=1""}"
clustered_t__nr100000__ns100000__a1_000ep00__g1,clustered,1,100000,100000,interval_tree,adaptive,100000,0,1,1,1256.85,2.16826e+07,1,0,1,0,fallback_sampling,1000001,"{""build_ms"":140.385183,""build_active_ms"":23.408075,""build_events_ms"":37.616055,""build_start_ids_ms"":1.514482,""build_y_endpoints_ms"":27.949939,""build_y_indices_ms"":49.890092,""enumerate_prepare_ms"":158.425460,""phase1_count_adaptive_ms"":517.290312,""phase2_slots_ms"":12.613810,""phase3_resweep_ms"":381.420854,""run_build_ms"":140.386343,""run_fallback_count_ms"":517.292692,""run_fallback_sample_ms"":394.204321,""run_pilot_enum_prepare_ms"":158.429080,""run_pilot_enum_scan_ms"":38.231734}",,"{""dataset"":{""source"":""synthetic"",""name"":""clustered_t__nr100000__ns100000__a1_000ep00__g1"",""dim"":2,""path_r"":"""",""path_s"":"""",""synthetic"":{""generator"":""clustered"",""n_r"":100000,""n_s"":100000,""alpha"":1,""seed"":1}},""run"":{""method"":""interval_tree"",""variant"":""adaptive"",""t"":100000,""seed"":1,""repeats"":3,""j_star"":1000000,""enum_cap"":0,""write_samples"":false,""verify"":false},""output"":{""out_dir"":""run/temp/exp5/clustered_t"",""run_tag"":""exp5_clustered_t""},""sys"":{""threads"":1},""logging"":{""level"":""INFO"",""with_timestamp"":true,""with_thread_id"":false}}","{""generator"":""clustered"",""dataset"":""clustered_t__nr100000__ns100000__a1_000ep00__g1"",""n_r"":100000,""n_s"":100000,""has_exact_k"":false,""k_target"":0,""k_achieved"":0,""alpha_target"":1,""alpha_achieved"":nan,""notes"":""clusters=10, sigma=0.05, w_min_r=0.003, w_max_r=0.02, share_clusters=1""}"
clustered_t__nr100000__ns100000__a1_000ep00__g1,clustered,1,100000,100000,interval_tree,adaptive,100000,1,2,1,1307.01,2.16826e+07,1,0,1,0,fallback_sampling,1000001,"{""build_ms"":163.589652,""build_active_ms"":23.499604,""build_events_ms"":60.775005,""build_start_ids_ms"":1.509851,""build_y_endpoints_ms"":27.939959,""build_y_indices_ms"":49.856672,""enumerate_prepare_ms"":146.506936,""phase1_count_adaptive_ms"":510.723886,""phase2_slots_ms"":10.330103,""phase3_resweep_ms"":386.142383,""run_build_ms"":163.590942,""run_fallback_count_ms"":510.726306,""run_fallback_sample_ms"":396.503366,""run_pilot_enum_prepare_ms"":146.510386,""run_pilot_enum_scan_ms"":33.699960}",,"{""dataset"":{""source"":""synthetic"",""name"":""clustered_t__nr100000__ns100000__a1_000ep00__g1"",""dim"":2,""path_r"":"""",""path_s"":"""",""synthetic"":{""generator"":""clustered"",""n_r"":100000,""n_s"":100000,""alpha"":1,""seed"":1}},""run"":{""method"":""interval_tree"",""variant"":""adaptive"",""t"":100000,""seed"":1,""repeats"":3,""j_star"":1000000,""enum_cap"":0,""write_samples"":false,""verify"":false},""output"":{""out_dir"":""run/temp/exp5/clustered_t"",""run_tag"":""exp5_clustered_t""},""sys"":{""threads"":1},""logging"":{""level"":""INFO"",""with_timestamp"":true,""with_thread_id"":false}}","{""generator"":""clustered"",""dataset"":""clustered_t__nr100000__ns100000__a1_000ep00__g1"",""n_r"":100000,""n_s"":100000,""has_exact_k"":false,""k_target"":0,""k_achieved"":0,""alpha_target"":1,""alpha_achieved"":nan,""notes"":""clusters=10, sigma=0.05, w_min_r=0.003, w_max_r=0.02, share_clusters=1""}"
clustered_t__nr100000__ns100000__a1_000ep00__g1,clustered,1,100000,100000,interval_tree,adaptive,100000,2,3,1,1300.64,2.16826e+07,1,0,1,0,fallback_sampling,1000001,"{""build_ms"":163.891445,""build_active_ms"":23.526902,""build_events_ms"":61.046239,""build_start_ids_ms"":1.515561,""build_y_endpoints_ms"":27.924740,""build_y_indices_ms"":49.869972,""enumerate_prepare_ms"":146.856640,""phase1_count_adaptive_ms"":508.996488,""phase2_slots_ms"":10.825705,""phase3_resweep_ms"":380.941290,""run_build_ms"":163.892505,""run_fallback_count_ms"":508.998678,""run_fallback_sample_ms"":391.799274,""run_pilot_enum_prepare_ms"":146.860080,""run_pilot_enum_scan_ms"":33.773678}",,"{""dataset"":{""source"":""synthetic"",""name"":""clustered_t__nr100000__ns100000__a1_000ep00__g1"",""dim"":2,""path_r"":"""",""path_s"":"""",""synthetic"":{""generator"":""clustered"",""n_r"":100000,""n_s"":100000,""alpha"":1,""seed"":1}},""run"":{""method"":""interval_tree"",""variant"":""adaptive"",""t"":100000,""seed"":1,""repeats"":3,""j_star"":1000000,""enum_cap"":0,""write_samples"":false,""verify"":false},""output"":{""out_dir"":""run/temp/exp5/clustered_t"",""run_tag"":""exp5_clustered_t""},""sys"":{""threads"":1},""logging"":{""level"":""INFO"",""with_timestamp"":true,""with_thread_id"":false}}","{""generator"":""clustered"",""dataset"":""clustered_t__nr100000__ns100000__a1_000ep00__g1"",""n_r"":100000,""n_s"":100000,""has_exact_k"":false,""k_target"":0,""k_achieved"":0,""alpha_target"":1,""alpha_achieved"":nan,""notes"":""clusters=10, sigma=0.05, w_min_r=0.003, w_max_r=0.02, share_clusters=1""}"
clustered_t__nr100000__ns100000__a1_000ep00__g1,clustered,1,100000,100000,kd_tree,sampling,100000,0,1,1,729.278,2.16826e+07,1,0,0,0,,0,"{""build_ms"":103.110201,""build_events_ms"":34.325148,""build_kdtrees_ms"":35.159681,""build_rank_arrays_ms"":32.244677,""build_start_index_ms"":1.335035,""phase1_count_ms"":378.947328,""phase2_alias_ms"":247.210942,""phase3_sweep_ms"":234.836677,""run_build_ms"":103.111371,""run_count_ms"":378.950308,""run_sample_ms"":247.212183}",,"{""dataset"":{""source"":""synthetic"",""name"":""clustered_t__nr100000__ns100000__a1_000ep00__g1"",""dim"":2,""path_r"":"""",""path_s"":"""",""synthetic"":{""generator"":""clustered"",""n_r"":100000,""n_s"":100000,""alpha"":1,""seed"":1}},""run"":{""method"":""kd_tree"",""variant"":""sampling"",""t"":100000,""seed"":1,""repeats"":3,""j_star"":1000000,""enum_cap"":0,""write_samples"":false,""verify"":false},""output"":{""out_dir"":""run/temp/exp5/clustered_t"",""run_tag"":""exp5_clustered_t""},""sys"":{""threads"":1},""logging"":{""level"":""INFO"",""with_timestamp"":true,""with_thread_id"":false}}","{""generator"":""clustered"",""dataset"":""clustered_t__nr100000__ns100000__a1_000ep00__g1"",""n_r"":100000,""n_s"":100000,""has_exact_k"":false,""k_target"":0,""k_achieved"":0,""alpha_target"":1,""alpha_achieved"":nan,""notes"":""clusters=10, sigma=0.05, w_min_r=0.003, w_max_r=0.02, share_clusters=1""}"
clustered_t__nr100000__ns100000__a1_000ep00__g1,clustered,1,100000,100000,kd_tree,sampling,100000,1,2,1,726.008,2.16826e+07,1,0,0,0,,0,"{""build_ms"":102.909044,""build_events_ms"":34.349338,""build_kdtrees_ms"":35.101213,""build_rank_arrays_ms"":32.054510,""build_start_index_ms"":1.359954,""phase1_count_ms"":375.338907,""phase2_alias_ms"":247.746051,""phase3_sweep_ms"":235.363116,""run_build_ms"":102.909984,""run_count_ms"":375.341707,""run_sample_ms"":247.746871}",,"{""dataset"":{""source"":""synthetic"",""name"":""clustered_t__nr100000__ns100000__a1_000ep00__g1"",""dim"":2,""path_r"":"""",""path_s"":"""",""synthetic"":{""generator"":""clustered"",""n_r"":100000,""n_s"":100000,""alpha"":1,""seed"":1}},""run"":{""method"":""kd_tree"",""variant"":""sampling"",""t"":100000,""seed"":1,""repeats"":3,""j_star"":1000000,""enum_cap"":0,""write_samples"":false,""verify"":false},""output"":{""out_dir"":""run/temp/exp5/clustered_t"",""run_tag"":""exp5_clustered_t""},""sys"":{""threads"":1},""logging"":{""level"":""INFO"",""with_timestamp"":true,""with_thread_id"":false}}","{""generator"":""clustered"",""dataset"":""clustered_t__nr100000__ns100000__a1_000ep00__g1"",""n_r"":100000,""n_s"":100000,""has_exact_k"":false,""k_target"":0,""k_achieved"":0,""alpha_target"":1,""alpha_achieved"":nan,""notes"":""clusters=10, sigma=0.05, w_min_r=0.003, w_max_r=0.02, share_clusters=1""}"
clustered_t__nr100000__ns100000__a1_000ep00__g1,clustered,1,100000,100000,kd_tree,sampling,100000,2,3,1,725.79,2.16826e+07,1,0,0,0,,0,"{""build_ms"":102.778187,""build_events_ms"":34.294719,""build_kdtrees_ms"":35.127202,""build_rank_arrays_ms"":31.959103,""build_start_index_ms"":1.351525,""phase1_count_ms"":375.225949,""phase2_alias_ms"":247.778180,""phase3_sweep_ms"":235.356677,""run_build_ms"":102.778847,""run_count_ms"":375.228769,""run_sample_ms"":247.779191}",,"{""dataset"":{""source"":""synthetic"",""name"":""clustered_t__nr100000__ns100000__a1_000ep00__g1"",""dim"":2,""path_r"":"""",""path_s"":"""",""synthetic"":{""generator"":""clustered"",""n_r"":100000,""n_s"":100000,""alpha"":1,""seed"":1}},""run"":{""method"":""kd_tree"",""variant"":""sampling"",""t"":100000,""seed"":1,""repeats"":3,""j_star"":1000000,""enum_cap"":0,""write_samples"":false,""verify"":false},""output"":{""out_dir"":""run/temp/exp5/clustered_t"",""run_tag"":""exp5_clustered_t""},""sys"":{""threads"":1},""logging"":{""level"":""INFO"",""with_timestamp"":true,""with_thread_id"":false}}","{""generator"":""clustered"",""dataset"":""clustered_t__nr100000__ns100000__a1_000ep00__g1"",""n_r"":100000,""n_s"":100000,""has_exact_k"":false,""k_target"":0,""k_achieved"":0,""alpha_target"":1,""alpha_achieved"":nan,""notes"":""clusters=10, sigma=0.05, w_min_r=0.003, w_max_r=0.02, share_clusters=1""}"
clustered_t__nr100000__ns100000__a1_000ep00__g1,clustered,1,100000,100000,kd_tree,adaptive,100000,0,1,1,1044.47,2.16826e+07,1,0,1,0,fallback_sampling,1000001,"{""adaptive_fallback_sampling_ms"":245.766279,""build_ms"":105.984145,""build_embedding_ms"":32.105350,""build_events_ms"":34.308918,""build_kdtrees_ms"":38.222123,""build_rank_arrays_ms"":32.064310,""build_start_index_ms"":1.341354,""enumerate_prepare_ms"":101.582510,""phase1_count_and_maybe_enumerate_ms"":433.832373,""phase2_alias_ms"":5.223901,""phase2_assign_ms"":6.758382,""phase3_sweep_ms"":233.362714,""run_build_ms"":105.985145,""run_fallback_count_ms"":433.835453,""run_fallback_sample_ms"":245.767859,""run_pilot_enum_prepare_ms"":101.586380,""run_pilot_enum_scan_ms"":157.275561}",,"{""dataset"":{""source"":""synthetic"",""name"":""clustered_t__nr100000__ns100000__a1_000ep00__g1"",""dim"":2,""path_r"":"""",""path_s"":"""",""synthetic"":{""generator"":""clustered"",""n_r"":100000,""n_s"":100000,""alpha"":1,""seed"":1}},""run"":{""method"":""kd_tree"",""variant"":""adaptive"",""t"":100000,""seed"":1,""repeats"":3,""j_star"":1000000,""enum_cap"":0,""write_samples"":false,""verify"":false},""output"":{""out_dir"":""run/temp/exp5/clustered_t"",""run_tag"":""exp5_clustered_t""},""sys"":{""threads"":1},""logging"":{""level"":""INFO"",""with_timestamp"":true,""with_thread_id"":false}}","{""generator"":""clustered"",""dataset"":""clustered_t__nr100000__ns100000__a1_000ep00__g1"",""n_r"":100000,""n_s"":100000,""has_exact_k"":false,""k_target"":0,""k_achieved"":0,""alpha_target"":1,""alpha_achieved"":nan,""notes"":""clusters=10, sigma=0.05, w_min_r=0.003, w_max_r=0.02, share_clusters=1""}"
clustered_t__nr100000__ns100000__a1_000ep00__g1,clustered,1,100000,100000,kd_tree,adaptive,100000,1,2,1,1040.48,2.16826e+07,1,0,1,0,fallback_sampling,1000001,"{""adaptive_fallback_sampling_ms"":245.185490,""build_ms"":102.885713,""build_embedding_ms"":32.095620,""build_events_ms"":34.302107,""build_kdtrees_ms"":35.130131,""build_rank_arrays_ms"":32.054021,""build_start_index_ms"":1.352974,""enumerate_prepare_ms"":101.495991,""phase1_count_and_maybe_enumerate_ms"":433.707085,""phase2_alias_ms"":5.246901,""phase2_assign_ms"":6.869849,""phase3_sweep_ms"":232.649478,""run_build_ms"":102.886383,""run_fallback_count_ms"":433.709355,""run_fallback_sample_ms"":245.187279,""run_pilot_enum_prepare_ms"":101.499931,""run_pilot_enum_scan_ms"":157.185852}",,"{""dataset"":{""source"":""synthetic"",""name"":""clustered_t__nr100000__ns100000__a1_000ep00__g1"",""dim"":2,""path_r"":"""",""path_s"":"""",""synthetic"":{""generator"":""clustered"",""n_r"":100000,""n_s"":100000,""alpha"":1,""seed"":1}},""run"":{""method"":""kd_tree"",""variant"":""adaptive"",""t"":100000,""seed"":1,""repeats"":3,""j_star"":1000000,""enum_cap"":0,""write_samples"":false,""verify"":false},""output"":{""out_dir"":""run/temp/exp5/clustered_t"",""run_tag"":""exp5_clustered_t""},""sys"":{""threads"":1},""logging"":{""level"":""INFO"",""with_timestamp"":true,""with_thread_id"":false}}","{""generator"":""clustered"",""dataset"":""clustered_t__nr100000__ns100000__a1_000ep00__g1"",""n_r"":100000,""n_s"":100000,""has_exact_k"":false,""k_target"":0,""k_achieved"":0,""alpha_target"":1,""alpha_achieved"":nan,""notes"":""clusters=10, sigma=0.05, w_min_r=0.003, w_max_r=0.02, share_clusters=1""}"
clustered_t__nr100000__ns100000__a1_000ep00__g1,clustered,1,100000,100000,kd_tree,adaptive,100000,2,3,1,1044.98,2.16826e+07,1,0,1,0,fallback_sampling,1000001,"{""adaptive_fallback_sampling_ms"":245.264407,""build_ms"":106.178842,""build_embedding_ms"":32.345135,""build_events_ms"":37.336021,""build_kdtrees_ms"":35.136962,""build_rank_arrays_ms"":32.304186,""build_start_index_ms"":1.355354,""enumerate_prepare_ms"":101.918042,""phase1_count_and_maybe_enumerate_ms"":433.980429,""phase2_alias_ms"":5.233190,""phase2_assign_ms"":6.786672,""phase3_sweep_ms"":232.827013,""run_build_ms"":106.179472,""run_fallback_count_ms"":433.983129,""run_fallback_sample_ms"":245.265857,""run_pilot_enum_prepare_ms"":101.921712,""run_pilot_enum_scan_ms"":157.614944}",,"{""dataset"":{""source"":""synthetic"",""name"":""clustered_t__nr100000__ns100000__a1_000ep00__g1"",""dim"":2,""path_r"":"""",""path_s"":"""",""synthetic"":{""generator"":""clustered"",""n_r"":100000,""n_s"":100000,""alpha"":1,""seed"":1}},""run"":{""method"":""kd_tree"",""variant"":""adaptive"",""t"":100000,""seed"":1,""repeats"":3,""j_star"":1000000,""enum_cap"":0,""write_samples"":false,""verify"":false},""output"":{""out_dir"":""run/temp/exp5/clustered_t"",""run_tag"":""exp5_clustered_t""},""sys"":{""threads"":1},""logging"":{""level"":""INFO"",""with_timestamp"":true,""with_thread_id"":false}}","{""generator"":""clustered"",""dataset"":""clustered_t__nr100000__ns100000__a1_000ep00__g1"",""n_r"":100000,""n_s"":100000,""has_exact_k"":false,""k_target"":0,""k_achieved"":0,""alpha_target"":1,""alpha_achieved"":nan,""notes"":""clusters=10, sigma=0.05, w_min_r=0.003, w_max_r=0.02, share_clusters=1""}"
clustered_t__nr100000__ns100000__a1_000ep00__g1,clustered,1,100000,100000,r_tree,sampling,100000,0,1,1,571.712,2.16826e+07,1,0,0,0,,0,"{""build_ms"":36.208141,""phase1_count_ms"":230.446659,""phase2_assign_ms"":6.954628,""phase3_sample_ms"":297.696850,""run_build_ms"":36.208972,""run_count_ms"":230.448509,""run_sample_ms"":305.052040}",,"{""dataset"":{""source"":""synthetic"",""name"":""clustered_t__nr100000__ns100000__a1_000ep00__g1"",""dim"":2,""path_r"":"""",""path_s"":"""",""synthetic"":{""generator"":""clustered"",""n_r"":100000,""n_s"":100000,""alpha"":1,""seed"":1}},""run"":{""method"":""r_tree"",""variant"":""sampling"",""t"":100000,""seed"":1,""repeats"":3,""j_star"":1000000,""enum_cap"":0,""write_samples"":false,""verify"":false},""output"":{""out_dir"":""run/temp/exp5/clustered_t"",""run_tag"":""exp5_clustered_t""},""sys"":{""threads"":1},""logging"":{""level"":""INFO"",""with_timestamp"":true,""with_thread_id"":false}}","{""generator"":""clustered"",""dataset"":""clustered_t__nr100000__ns100000__a1_000ep00__g1"",""n_r"":100000,""n_s"":100000,""has_exact_k"":false,""k_target"":0,""k_achieved"":0,""alpha_target"":1,""alpha_achieved"":nan,""notes"":""clusters=10, sigma=0.05, w_min_r=0.003, w_max_r=0.02, share_clusters=1""}"
clustered_t__nr100000__ns100000__a1_000ep00__g1,clustered,1,100000,100000,r_tree,sampling,100000,1,2,1,574.83,2.16826e+07,1,0,0,0,,0,"{""build_ms"":36.198031,""phase1_count_ms"":229.385359,""phase2_assign_ms"":6.946279,""phase3_sample_ms"":301.751252,""run_build_ms"":36.199732,""run_count_ms"":229.389648,""run_sample_ms"":309.098423}",,"{""dataset"":{""source"":""synthetic"",""name"":""clustered_t__nr100000__ns100000__a1_000ep00__g1"",""dim"":2,""path_r"":"""",""path_s"":"""",""synthetic"":{""generator"":""clustered"",""n_r"":100000,""n_s"":100000,""alpha"":1,""seed"":1}},""run"":{""method"":""r_tree"",""variant"":""sampling"",""t"":100000,""seed"":1,""repeats"":3,""j_star"":1000000,""enum_cap"":0,""write_samples"":false,""verify"":false},""output"":{""out_dir"":""run/temp/exp5/clustered_t"",""run_tag"":""exp5_clustered_t""},""sys"":{""threads"":1},""logging"":{""level"":""INFO"",""with_timestamp"":true,""with_thread_id"":false}}","{""generator"":""clustered"",""dataset"":""clustered_t__nr100000__ns100000__a1_000ep00__g1"",""n_r"":100000,""n_s"":100000,""has_exact_k"":false,""k_target"":0,""k_achieved"":0,""alpha_target"":1,""alpha_achieved"":nan,""notes"":""clusters=10, sigma=0.05, w_min_r=0.003, w_max_r=0.02, share_clusters=1""}"
clustered_t__nr100000__ns100000__a1_000ep00__g1,clustered,1,100000,100000,r_tree,sampling,100000,2,3,1,576.893,2.16826e+07,1,0,0,0,,0,"{""build_ms"":36.190332,""phase1_count_ms"":232.348092,""phase2_assign_ms"":6.955457,""phase3_sample_ms"":300.855170,""run_build_ms"":36.192082,""run_count_ms"":232.349532,""run_sample_ms"":308.210110}",,"{""dataset"":{""source"":""synthetic"",""name"":""clustered_t__nr100000__ns100000__a1_000ep00__g1"",""dim"":2,""path_r"":"""",""path_s"":"""",""synthetic"":{""generator"":""clustered"",""n_r"":100000,""n_s"":100000,""alpha"":1,""seed"":1}},""run"":{""method"":""r_tree"",""variant"":""sampling"",""t"":100000,""seed"":1,""repeats"":3,""j_star"":1000000,""enum_cap"":0,""write_samples"":false,""verify"":false},""output"":{""out_dir"":""run/temp/exp5/clustered_t"",""run_tag"":""exp5_clustered_t""},""sys"":{""threads"":1},""logging"":{""level"":""INFO"",""with_timestamp"":true,""with_thread_id"":false}}","{""generator"":""clustered"",""dataset"":""clustered_t__nr100000__ns100000__a1_000ep00__g1"",""n_r"":100000,""n_s"":100000,""has_exact_k"":false,""k_target"":0,""k_achieved"":0,""alpha_target"":1,""alpha_achieved"":nan,""notes"":""clusters=10, sigma=0.05, w_min_r=0.003, w_max_r=0.02, share_clusters=1""}"
clustered_t__nr100000__ns100000__a1_000ep00__g1,clustered,1,100000,100000,r_tree,adaptive,100000,0,1,1,672.269,2.16826e+07,1,0,1,0,fallback_sampling,1000001,"{""build_ms"":36.198682,""enumerate_prepare_ms"":34.549462,""phase1_adaptive_count_ms"":246.404184,""phase2+3_sampling_ms"":300.994457,""run_build_ms"":36.199532,""run_fallback_count_ms"":246.407214,""run_fallback_sample_ms"":300.997427,""run_pilot_enum_prepare_ms"":34.552463,""run_pilot_enum_scan_ms"":54.080622}",,"{""dataset"":{""source"":""synthetic"",""name"":""clustered_t__nr100000__ns100000__a1_000ep00__g1"",""dim"":2,""path_r"":"""",""path_s"":"""",""synthetic"":{""generator"":""clustered"",""n_r"":100000,""n_s"":100000,""alpha"":1,""seed"":1}},""run"":{""method"":""r_tree"",""variant"":""adaptive"",""t"":100000,""seed"":1,""repeats"":3,""j_star"":1000000,""enum_cap"":0,""write_samples"":false,""verify"":false},""output"":{""out_dir"":""run/temp/exp5/clustered_t"",""run_tag"":""exp5_clustered_t""},""sys"":{""threads"":1},""logging"":{""level"":""INFO"",""with_timestamp"":true,""with_thread_id"":false}}","{""generator"":""clustered"",""dataset"":""clustered_t__nr100000__ns100000__a1_000ep00__g1"",""n_r"":100000,""n_s"":100000,""has_exact_k"":false,""k_target"":0,""k_achieved"":0,""alpha_target"":1,""alpha_achieved"":nan,""notes"":""clusters=10, sigma=0.05, w_min_r=0.003, w_max_r=0.02, share_clusters=1""}"
clustered_t__nr100000__ns100000__a1_000ep00__g1,clustered,1,100000,100000,r_tree,adaptive,100000,1,2,1,671.767,2.16826e+07,1,0,1,0,fallback_sampling,1000001,"{""build_ms"":36.187942,""enumerate_prepare_ms"":34.514643,""phase1_adaptive_count_ms"":243.984961,""phase2+3_sampling_ms"":302.899149,""run_build_ms"":36.189172,""run_fallback_count_ms"":243.987341,""run_fallback_sample_ms"":302.901849,""run_pilot_enum_prepare_ms"":34.517243,""run_pilot_enum_scan_ms"":54.010773}",,"{""dataset"":{""source"":""synthetic"",""name"":""clustered_t__nr100000__ns100000__a1_000ep00__g1"",""dim"":2,""path_r"":"""",""path_s"":"""",""synthetic"":{""generator"":""clustered"",""n_r"":100000,""n_s"":100000,""alpha"":1,""seed"":1}},""run"":{""method"":""r_tree"",""variant"":""adaptive"",""t"":100000,""seed"":1,""repeats"":3,""j_star"":1000000,""enum_cap"":0,""write_samples"":false,""verify"":false},""output"":{""out_dir"":""run/temp/exp5/clustered_t"",""run_tag"":""exp5_clustered_t""},""sys"":{""threads"":1},""logging"":{""level"":""INFO"",""with_timestamp"":true,""with_thread_id"":false}}","{""generator"":""clustered"",""dataset"":""clustered_t__nr100000__ns100000__a1_000ep00__g1"",""n_r"":100000,""n_s"":100000,""has_exact_k"":false,""k_target"":0,""k_achieved"":0,""alpha_target"":1,""alpha_achieved"":nan,""notes"":""clusters=10, sigma=0.05, w_min_r=0.003, w_max_r=0.02, share_clusters=1""}"
clustered_t__nr100000__ns100000__a1_000ep00__g1,clustered,1,100000,100000,r_tree,adaptive,100000,2,3,1,670.79,2.16826e+07,1,0,1,0,fallback_sampling,1000001,"{""build_ms"":36.185582,""enumerate_prepare_ms"":34.551233,""phase1_adaptive_count_ms"":245.230376,""phase2+3_sampling_ms"":300.628323,""run_build_ms"":36.187172,""run_fallback_count_ms"":245.232666,""run_fallback_sample_ms"":300.630642,""run_pilot_enum_prepare_ms"":34.554122,""run_pilot_enum_scan_ms"":54.024213}",,"{""dataset"":{""source"":""synthetic"",""name"":""clustered_t__nr100000__ns100000__a1_000ep00__g1"",""dim"":2,""path_r"":"""",""path_s"":"""",""synthetic"":{""generator"":""clustered"",""n_r"":100000,""n_s"":100000,""alpha"":1,""seed"":1}},""run"":{""method"":""r_tree"",""variant"":""adaptive"",""t"":100000,""seed"":1,""repeats"":3,""j_star"":1000000,""enum_cap"":0,""write_samples"":false,""verify"":false},""output"":{""out_dir"":""run/temp/exp5/clustered_t"",""run_tag"":""exp5_clustered_t""},""sys"":{""threads"":1},""logging"":{""level"":""INFO"",""with_timestamp"":true,""with_thread_id"":false}}","{""generator"":""clustered"",""dataset"":""clustered_t__nr100000__ns100000__a1_000ep00__g1"",""n_r"":100000,""n_s"":100000,""has_exact_k"":false,""k_target"":0,""k_achieved"":0,""alpha_target"":1,""alpha_achieved"":nan,""notes"":""clusters=10, sigma=0.05, w_min_r=0.003, w_max_r=0.02, share_clusters=1""}"
clustered_t__nr100000__ns100000__a1_000ep00__g1,clustered,1,100000,100000,range_tree,sampling,100000,0,1,1,2034.25,2.16826e+07,1,0,0,0,,0,"{""build_ms"":101.882322,""build_events_ms"":34.300577,""build_range_trees_ms"":35.261669,""build_rank_arrays_ms"":30.938732,""build_start_index_ms"":1.336135,""phase1_count_ms"":1044.383637,""phase2_alias_ms"":887.973520,""phase3_sweep_ms"":875.249152,""run_build_ms"":101.883123,""run_count_ms"":1044.386257,""run_sample_ms"":887.978600}",,"{""dataset"":{""source"":""synthetic"",""name"":""clustered_t__nr100000__ns100000__a1_000ep00__g1"",""dim"":2,""path_r"":"""",""path_s"":"""",""synthetic"":{""generator"":""clustered"",""n_r"":100000,""n_s"":100000,""alpha"":1,""seed"":1}},""run"":{""method"":""range_tree"",""variant"":""sampling"",""t"":100000,""seed"":1,""repeats"":3,""j_star"":1000000,""enum_cap"":0,""write_samples"":false,""verify"":false},""output"":{""out_dir"":""run/temp/exp5/clustered_t"",""run_tag"":""exp5_clustered_t""},""sys"":{""threads"":1},""logging"":{""level"":""INFO"",""with_timestamp"":true,""with_thread_id"":false}}","{""generator"":""clustered"",""dataset"":""clustered_t__nr100000__ns100000__a1_000ep00__g1"",""n_r"":100000,""n_s"":100000,""has_exact_k"":false,""k_target"":0,""k_achieved"":0,""alpha_target"":1,""alpha_achieved"":nan,""notes"":""clusters=10, sigma=0.05, w_min_r=0.003, w_max_r=0.02, share_clusters=1""}"
clustered_t__nr100000__ns100000__a1_000ep00__g1,clustered,1,100000,100000,range_tree,sampling,100000,1,2,1,2029.48,2.16826e+07,1,0,0,0,,0,"{""build_ms"":100.590986,""build_events_ms"":34.292417,""build_range_trees_ms"":33.969294,""build_rank_arrays_ms"":30.925922,""build_start_index_ms"":1.352235,""phase1_count_ms"":1041.992069,""phase2_alias_ms"":886.884468,""phase3_sweep_ms"":874.222818,""run_build_ms"":100.591696,""run_count_ms"":1041.995269,""run_sample_ms"":886.889998}",,"{""dataset"":{""source"":""synthetic"",""name"":""clustered_t__nr100000__ns100000__a1_000ep00__g1"",""dim"":2,""path_r"":"""",""path_s"":"""",""synthetic"":{""generator"":""clustered"",""n_r"":100000,""n_s"":100000,""alpha"":1,""seed"":1}},""run"":{""method"":""range_tree"",""variant"":""sampling"",""t"":100000,""seed"":1,""repeats"":3,""j_star"":1000000,""enum_cap"":0,""write_samples"":false,""verify"":false},""output"":{""out_dir"":""run/temp/exp5/clustered_t"",""run_tag"":""exp5_clustered_t""},""sys"":{""threads"":1},""logging"":{""level"":""INFO"",""with_timestamp"":true,""with_thread_id"":false}}","{""generator"":""clustered"",""dataset"":""clustered_t__nr100000__ns100000__a1_000ep00__g1"",""n_r"":100000,""n_s"":100000,""has_exact_k"":false,""k_target"":0,""k_achieved"":0,""alpha_target"":1,""alpha_achieved"":nan,""notes"":""clusters=10, sigma=0.05, w_min_r=0.003, w_max_r=0.02, share_clusters=1""}"
clustered_t__nr100000__ns100000__a1_000ep00__g1,clustered,1,100000,100000,range_tree,sampling,100000,2,3,1,2030.7,2.16826e+07,1,0,0,0,,0,"{""build_ms"":100.500108,""build_events_ms"":34.325767,""build_range_trees_ms"":33.875275,""build_rank_arrays_ms"":30.899772,""build_start_index_ms"":1.353614,""phase1_count_ms"":1042.969307,""phase2_alias_ms"":887.220689,""phase3_sweep_ms"":874.579159,""run_build_ms"":100.500868,""run_count_ms"":1042.971357,""run_sample_ms"":887.221519}",,"{""dataset"":{""source"":""synthetic"",""name"":""clustered_t__nr100000__ns100000__a1_000ep00__g1"",""dim"":2,""path_r"":"""",""path_s"":"""",""synthetic"":{""generator"":""clustered"",""n_r"":100000,""n_s"":100000,""alpha"":1,""seed"":1}},""run"":{""method"":""range_tree"",""variant"":""sampling"",""t"":100000,""seed"":1,""repeats"":3,""j_star"":1000000,""enum_cap"":0,""write_samples"":false,""verify"":false},""output"":{""out_dir"":""run/temp/exp5/clustered_t"",""run_tag"":""exp5_clustered_t""},""sys"":{""threads"":1},""logging"":{""level"":""INFO"",""with_timestamp"":true,""with_thread_id"":false}}","{""generator"":""clustered"",""dataset"":""clustered_t__nr100000__ns100000__a1_000ep00__g1"",""n_r"":100000,""n_s"":100000,""has_exact_k"":false,""k_target"":0,""k_achieved"":0,""alpha_target"":1,""alpha_achieved"":nan,""notes"":""clusters=10, sigma=0.05, w_min_r=0.003, w_max_r=0.02, share_clusters=1""}"
clustered_t__nr100000__ns100000__a1_000ep00__g1,clustered,1,100000,100000,range_tree,adaptive,100000,0,1,1,2386.16,2.16826e+07,1,0,1,0,fallback_sampling,1000001,"{""adaptive_count_ms"":1109.299030,""build_ms"":102.138927,""build_events_ms"":34.310767,""build_range_trees_ms"":35.540273,""build_rank_arrays_ms"":30.897172,""build_start_index_ms"":1.345265,""enumerate_prepare_ms"":100.496257,""phase2_alias_ms"":881.141371,""phase3_sweep_ms"":868.795576,""run_build_ms"":102.139857,""run_fallback_count_ms"":1109.301560,""run_fallback_sample_ms"":881.143041,""run_pilot_enum_prepare_ms"":100.499727,""run_pilot_enum_scan_ms"":193.059607}",,"{""dataset"":{""source"":""synthetic"",""name"":""clustered_t__nr100000__ns100000__a1_000ep00__g1"",""dim"":2,""path_r"":"""",""path_s"":"""",""synthetic"":{""generator"":""clustered"",""n_r"":100000,""n_s"":100000,""alpha"":1,""seed"":1}},""run"":{""method"":""range_tree"",""variant"":""adaptive"",""t"":100000,""seed"":1,""repeats"":3,""j_star"":1000000,""enum_cap"":0,""write_samples"":false,""verify"":false},""output"":{""out_dir"":""run/temp/exp5/clustered_t"",""run_tag"":""exp5_clustered_t""},""sys"":{""threads"":1},""logging"":{""level"":""INFO"",""with_timestamp"":true,""with_thread_id"":false}}","{""generator"":""clustered"",""dataset"":""clustered_t__nr100000__ns100000__a1_000ep00__g1"",""n_r"":100000,""n_s"":100000,""has_exact_k"":false,""k_target"":0,""k_achieved"":0,""alpha_target"":1,""alpha_achieved"":nan,""notes"":""clusters=10, sigma=0.05, w_min_r=0.003, w_max_r=0.02, share_clusters=1""}"
clustered_t__nr100000__ns100000__a1_000ep00__g1,clustered,1,100000,100000,range_tree,adaptive,100000,1,2,1,2385.72,2.16826e+07,1,0,1,0,fallback_sampling,1000001,"{""adaptive_count_ms"":1109.337266,""build_ms"":100.755383,""build_events_ms"":34.326017,""build_range_trees_ms"":34.110661,""build_rank_arrays_ms"":30.918182,""build_start_index_ms"":1.354764,""enumerate_prepare_ms"":100.763982,""phase2_alias_ms"":881.953363,""phase3_sweep_ms"":869.213085,""run_build_ms"":100.756323,""run_fallback_count_ms"":1109.340256,""run_fallback_sample_ms"":881.954352,""run_pilot_enum_prepare_ms"":100.766762,""run_pilot_enum_scan_ms"":192.888049}",,"{""dataset"":{""source"":""synthetic"",""name"":""clustered_t__nr100000__ns100000__a1_000ep00__g1"",""dim"":2,""path_r"":"""",""path_s"":"""",""synthetic"":{""generator"":""clustered"",""n_r"":100000,""n_s"":100000,""alpha"":1,""seed"":1}},""run"":{""method"":""range_tree"",""variant"":""adaptive"",""t"":100000,""seed"":1,""repeats"":3,""j_star"":1000000,""enum_cap"":0,""write_samples"":false,""verify"":false},""output"":{""out_dir"":""run/temp/exp5/clustered_t"",""run_tag"":""exp5_clustered_t""},""sys"":{""threads"":1},""logging"":{""level"":""INFO"",""with_timestamp"":true,""with_thread_id"":false}}","{""generator"":""clustered"",""dataset"":""clustered_t__nr100000__ns100000__a1_000ep00__g1"",""n_r"":100000,""n_s"":100000,""has_exact_k"":false,""k_target"":0,""k_achieved"":0,""alpha_target"":1,""alpha_achieved"":nan,""notes"":""clusters=10, sigma=0.05, w_min_r=0.003, w_max_r=0.02, share_clusters=1""}"
clustered_t__nr100000__ns100000__a1_000ep00__g1,clustered,1,100000,100000,range_tree,adaptive,100000,2,3,1,2384.87,2.16826e+07,1,0,1,0,fallback_sampling,1000001,"{""adaptive_count_ms"":1109.684745,""build_ms"":100.651664,""build_events_ms"":34.321386,""build_range_trees_ms"":34.003503,""build_rank_arrays_ms"":30.923692,""build_start_index_ms"":1.356124,""enumerate_prepare_ms"":100.606675,""phase2_alias_ms"":881.578626,""phase3_sweep_ms"":869.095554,""run_build_ms"":100.652234,""run_fallback_count_ms"":1109.687425,""run_fallback_sample_ms"":881.583906,""run_pilot_enum_prepare_ms"":100.610224,""run_pilot_enum_scan_ms"":192.316980}",,"{""dataset"":{""source"":""synthetic"",""name"":""clustered_t__nr100000__ns100000__a1_000ep00__g1"",""dim"":2,""path_r"":"""",""path_s"":"""",""synthetic"":{""generator"":""clustered"",""n_r"":100000,""n_s"":100000,""alpha"":1,""seed"":1}},""run"":{""method"":""range_tree"",""variant"":""adaptive"",""t"":100000,""seed"":1,""repeats"":3,""j_star"":1000000,""enum_cap"":0,""write_samples"":false,""verify"":false},""output"":{""out_dir"":""run/temp/exp5/clustered_t"",""run_tag"":""exp5_clustered_t""},""sys"":{""threads"":1},""logging"":{""level"":""INFO"",""with_timestamp"":true,""with_thread_id"":false}}","{""generator"":""clustered"",""dataset"":""clustered_t__nr100000__ns100000__a1_000ep00__g1"",""n_r"":100000,""n_s"":100000,""has_exact_k"":false,""k_target"":0,""k_achieved"":0,""alpha_target"":1,""alpha_achieved"":nan,""notes"":""clusters=10, sigma=0.05, w_min_r=0.003, w_max_r=0.02, share_clusters=1""}"
clustered_t__nr100000__ns100000__a1_000ep00__g1,clustered,1,100000,100000,pbsm,sampling,100000,0,1,1,1617,2.16826e+07,1,0,0,0,,0,"{""build_ms"":21.757327,""pbsm_build_ms"":21.756727,""pbsm_count_pass1_ms"":779.423509,""pbsm_partitions_stripes_ms"":21.411743,""pbsm_sample_draw_ranks_ms"":5.894328,""pbsm_sample_pass2_select_ms"":809.855869,""run_build_ms"":21.757707,""run_count_ms"":779.427479,""run_sample_ms"":815.817286}",,"{""dataset"":{""source"":""synthetic"",""name"":""clustered_t__nr100000__ns100000__a1_000ep00__g1"",""dim"":2,""path_r"":"""",""path_s"":"""",""synthetic"":{""generator"":""clustered"",""n_r"":100000,""n_s"":100000,""alpha"":1,""seed"":1}},""run"":{""method"":""pbsm"",""variant"":""sampling"",""t"":100000,""seed"":1,""repeats"":3,""j_star"":1000000,""enum_cap"":0,""write_samples"":false,""verify"":false},""output"":{""out_dir"":""run/temp/exp5/clustered_t"",""run_tag"":""exp5_clustered_t""},""sys"":{""threads"":1},""logging"":{""level"":""INFO"",""with_timestamp"":true,""with_thread_id"":false}}","{""generator"":""clustered"",""dataset"":""clustered_t__nr100000__ns100000__a1_000ep00__g1"",""n_r"":100000,""n_s"":100000,""has_exact_k"":false,""k_target"":0,""k_achieved"":0,""alpha_target"":1,""alpha_achieved"":nan,""notes"":""clusters=10, sigma=0.05, w_min_r=0.003, w_max_r=0.02, share_clusters=1""}"
clustered_t__nr100000__ns100000__a1_000ep00__g1,clustered,1,100000,100000,pbsm,sampling,100000,1,2,1,1646.31,2.16826e+07,1,0,0,0,,0,"{""build_ms"":21.799235,""pbsm_build_ms"":21.798615,""pbsm_count_pass1_ms"":800.470077,""pbsm_partitions_stripes_ms"":21.451821,""pbsm_sample_draw_ranks_ms"":5.904618,""pbsm_sample_pass2_select_ms"":818.060360,""run_build_ms"":21.799615,""run_count_ms"":800.473347,""run_sample_ms"":824.031556}",,"{""dataset"":{""source"":""synthetic"",""name"":""clustered_t__nr100000__ns100000__a1_000ep00__g1"",""dim"":2,""path_r"":"""",""path_s"":"""",""synthetic"":{""generator"":""clustered"",""n_r"":100000,""n_s"":100000,""alpha"":1,""seed"":1}},""run"":{""method"":""pbsm"",""variant"":""sampling"",""t"":100000,""seed"":1,""repeats"":3,""j_star"":1000000,""enum_cap"":0,""write_samples"":false,""verify"":false},""output"":{""out_dir"":""run/temp/exp5/clustered_t"",""run_tag"":""exp5_clustered_t""},""sys"":{""threads"":1},""logging"":{""level"":""INFO"",""with_timestamp"":true,""with_thread_id"":false}}","{""generator"":""clustered"",""dataset"":""clustered_t__nr100000__ns100000__a1_000ep00__g1"",""n_r"":100000,""n_s"":100000,""has_exact_k"":false,""k_target"":0,""k_achieved"":0,""alpha_target"":1,""alpha_achieved"":nan,""notes"":""clusters=10, sigma=0.05, w_min_r=0.003, w_max_r=0.02, share_clusters=1""}"
clustered_t__nr100000__ns100000__a1_000ep00__g1,clustered,1,100000,100000,pbsm,sampling,100000,2,3,1,1645.49,2.16826e+07,1,0,0,0,,0,"{""build_ms"":21.762035,""pbsm_build_ms"":21.761506,""pbsm_count_pass1_ms"":800.248179,""pbsm_partitions_stripes_ms"":21.416002,""pbsm_sample_draw_ranks_ms"":5.968397,""pbsm_sample_pass2_select_ms"":817.434552,""run_build_ms"":21.762545,""run_count_ms"":800.251689,""run_sample_ms"":823.466697}",,"{""dataset"":{""source"":""synthetic"",""name"":""clustered_t__nr100000__ns100000__a1_000ep00__g1"",""dim"":2,""path_r"":"""",""path_s"":"""",""synthetic"":{""generator"":""clustered"",""n_r"":100000,""n_s"":100000,""alpha"":1,""seed"":1}},""run"":{""method"":""pbsm"",""variant"":""sampling"",""t"":100000,""seed"":1,""repeats"":3,""j_star"":1000000,""enum_cap"":0,""write_samples"":false,""verify"":false},""output"":{""out_dir"":""run/temp/exp5/clustered_t"",""run_tag"":""exp5_clustered_t""},""sys"":{""threads"":1},""logging"":{""level"":""INFO"",""with_timestamp"":true,""with_thread_id"":false}}","{""generator"":""clustered"",""dataset"":""clustered_t__nr100000__ns100000__a1_000ep00__g1"",""n_r"":100000,""n_s"":100000,""has_exact_k"":false,""k_target"":0,""k_achieved"":0,""alpha_target"":1,""alpha_achieved"":nan,""notes"":""clusters=10, sigma=0.05, w_min_r=0.003, w_max_r=0.02, share_clusters=1""}"
clustered_t__nr100000__ns100000__a1_000ep00__g1,clustered,1,100000,100000,pbsm,adaptive,100000,0,1,1,1716.45,2.16826e+07,1,0,1,0,fallback_sampling,1000001,"{""build_ms"":21.766126,""enumerate_prepare_ms"":0.000220,""pbsm_adaptive_pass1_ms"":818.759205,""pbsm_adaptive_sample_large_ms"":835.138671,""pbsm_build_ms"":21.765666,""pbsm_partitions_stripes_ms"":21.420192,""run_build_ms"":21.766486,""run_fallback_count_ms"":818.763775,""run_fallback_sample_ms"":835.142701,""run_pilot_enum_prepare_ms"":0.000980,""run_pilot_enum_scan_ms"":40.756874}",,"{""dataset"":{""source"":""synthetic"",""name"":""clustered_t__nr100000__ns100000__a1_000ep00__g1"",""dim"":2,""path_r"":"""",""path_s"":"""",""synthetic"":{""generator"":""clustered"",""n_r"":100000,""n_s"":100000,""alpha"":1,""seed"":1}},""run"":{""method"":""pbsm"",""variant"":""adaptive"",""t"":100000,""seed"":1,""repeats"":3,""j_star"":1000000,""enum_cap"":0,""write_samples"":false,""verify"":false},""output"":{""out_dir"":""run/temp/exp5/clustered_t"",""run_tag"":""exp5_clustered_t""},""sys"":{""threads"":1},""logging"":{""level"":""INFO"",""with_timestamp"":true,""with_thread_id"":false}}","{""generator"":""clustered"",""dataset"":""clustered_t__nr100000__ns100000__a1_000ep00__g1"",""n_r"":100000,""n_s"":100000,""has_exact_k"":false,""k_target"":0,""k_achieved"":0,""alpha_target"":1,""alpha_achieved"":nan,""notes"":""clusters=10, sigma=0.05, w_min_r=0.003, w_max_r=0.02, share_clusters=1""}"
clustered_t__nr100000__ns100000__a1_000ep00__g1,clustered,1,100000,100000,pbsm,adaptive,100000,1,2,1,1717.39,2.16826e+07,1,0,1,0,fallback_sampling,1000001,"{""build_ms"":21.794485,""enumerate_prepare_ms"":0.000180,""pbsm_adaptive_pass1_ms"":818.965009,""pbsm_adaptive_sample_large_ms"":835.209879,""pbsm_build_ms"":21.794065,""pbsm_partitions_stripes_ms"":21.448902,""run_build_ms"":21.794935,""run_fallback_count_ms"":818.969649,""run_fallback_sample_ms"":835.216608,""run_pilot_enum_prepare_ms"":0.000700,""run_pilot_enum_scan_ms"":41.400021}",,"{""dataset"":{""source"":""synthetic"",""name"":""clustered_t__nr100000__ns100000__a1_000ep00__g1"",""dim"":2,""path_r"":"""",""path_s"":"""",""synthetic"":{""generator"":""clustered"",""n_r"":100000,""n_s"":100000,""alpha"":1,""seed"":1}},""run"":{""method"":""pbsm"",""variant"":""adaptive"",""t"":100000,""seed"":1,""repeats"":3,""j_star"":1000000,""enum_cap"":0,""write_samples"":false,""verify"":false},""output"":{""out_dir"":""run/temp/exp5/clustered_t"",""run_tag"":""exp5_clustered_t""},""sys"":{""threads"":1},""logging"":{""level"":""INFO"",""with_timestamp"":true,""with_thread_id"":false}}","{""generator"":""clustered"",""dataset"":""clustered_t__nr100000__ns100000__a1_000ep00__g1"",""n_r"":100000,""n_s"":100000,""has_exact_k"":false,""k_target"":0,""k_achieved"":0,""alpha_target"":1,""alpha_achieved"":nan,""notes"":""clusters=10, sigma=0.05, w_min_r=0.003, w_max_r=0.02, share_clusters=1""}"
clustered_t__nr100000__ns100000__a1_000ep00__g1,clustered,1,100000,100000,pbsm,adaptive,100000,2,3,1,1722.6,2.16826e+07,1,0,1,0,fallback_sampling,1000001,"{""build_ms"":21.779835,""enumerate_prepare_ms"":0.000200,""pbsm_adaptive_pass1_ms"":822.267663,""pbsm_adaptive_sample_large_ms"":837.167949,""pbsm_build_ms"":21.779395,""pbsm_partitions_stripes_ms"":21.435581,""run_build_ms"":21.780265,""run_fallback_count_ms"":822.271933,""run_fallback_sample_ms"":837.172069,""run_pilot_enum_prepare_ms"":0.000710,""run_pilot_enum_scan_ms"":41.365412}",,"{""dataset"":{""source"":""synthetic"",""name"":""clustered_t__nr100000__ns100000__a1_000ep00__g1"",""dim"":2,""path_r"":"""",""path_s"":"""",""synthetic"":{""generator"":""clustered"",""n_r"":100000,""n_s"":100000,""alpha"":1,""seed"":1}},""run"":{""method"":""pbsm"",""variant"":""adaptive"",""t"":100000,""seed"":1,""repeats"":3,""j_star"":1000000,""enum_cap"":0,""write_samples"":false,""verify"":false},""output"":{""out_dir"":""run/temp/exp5/clustered_t"",""run_tag"":""exp5_clustered_t""},""sys"":{""threads"":1},""logging"":{""level"":""INFO"",""with_timestamp"":true,""with_thread_id"":false}}","{""generator"":""clustered"",""dataset"":""clustered_t__nr100000__ns100000__a1_000ep00__g1"",""n_r"":100000,""n_s"":100000,""has_exact_k"":false,""k_target"":0,""k_achieved"":0,""alpha_target"":1,""alpha_achieved"":nan,""notes"":""clusters=10, sigma=0.05, w_min_r=0.003, w_max_r=0.02, share_clusters=1""}"
clustered_t__nr100000__ns100000__a1_000ep00__g1,clustered,1,100000,100000,tlsop,sampling,100000,0,1,1,624.743,2.16826e+07,1,0,0,0,,0,"{""build_ms"":33.618939,""run_build_ms"":33.619569,""run_count_ms"":286.580359,""run_sample_ms"":304.536768,""tlsop_alloc_tiles_ms"":0.059539,""tlsop_build_ms"":33.617829,""tlsop_build_edges_ms"":0.000530,""tlsop_count_pass1_ms"":286.576850,""tlsop_pass1_count_caps_ms"":5.947217,""tlsop_pass1_reserve_ms"":0.541609,""tlsop_pass2_fill_ms"":7.342261,""tlsop_sample_draw_ranks_ms"":5.869118,""tlsop_sample_pass2_select_ms"":298.601121,""tlsop_sort_lists_ms"":19.714003}",,"{""dataset"":{""source"":""synthetic"",""name"":""clustered_t__nr100000__ns100000__a1_000ep00__g1"",""dim"":2,""path_r"":"""",""path_s"":"""",""synthetic"":{""generator"":""clustered"",""n_r"":100000,""n_s"":100000,""alpha"":1,""seed"":1}},""run"":{""method"":""tlsop"",""variant"":""sampling"",""t"":100000,""seed"":1,""repeats"":3,""j_star"":1000000,""enum_cap"":0,""write_samples"":false,""verify"":false},""output"":{""out_dir"":""run/temp/exp5/clustered_t"",""run_tag"":""exp5_clustered_t""},""sys"":{""threads"":1},""logging"":{""level"":""INFO"",""with_timestamp"":true,""with_thread_id"":false}}","{""generator"":""clustered"",""dataset"":""clustered_t__nr100000__ns100000__a1_000ep00__g1"",""n_r"":100000,""n_s"":100000,""has_exact_k"":false,""k_target"":0,""k_achieved"":0,""alpha_target"":1,""alpha_achieved"":nan,""notes"":""clusters=10, sigma=0.05, w_min_r=0.003, w_max_r=0.02, share_clusters=1""}"
clustered_t__nr100000__ns100000__a1_000ep00__g1,clustered,1,100000,100000,tlsop,sampling,100000,1,2,1,624.861,2.16826e+07,1,0,0,0,,0,"{""build_ms"":33.073099,""run_build_ms"":33.073829,""run_count_ms"":285.529349,""run_sample_ms"":305.662915,""tlsop_alloc_tiles_ms"":0.061398,""tlsop_build_ms"":33.072289,""tlsop_build_edges_ms"":0.000609,""tlsop_count_pass1_ms"":285.526039,""tlsop_pass1_count_caps_ms"":5.933747,""tlsop_pass1_reserve_ms"":0.456962,""tlsop_pass2_fill_ms"":7.022936,""tlsop_sample_draw_ranks_ms"":5.860409,""tlsop_sample_pass2_select_ms"":299.737868,""tlsop_sort_lists_ms"":19.481619}",,"{""dataset"":{""source"":""synthetic"",""name"":""clustered_t__nr100000__ns100000__a1_000ep00__g1"",""dim"":2,""path_r"":"""",""path_s"":"""",""synthetic"":{""generator"":""clustered"",""n_r"":100000,""n_s"":100000,""alpha"":1,""seed"":1}},""run"":{""method"":""tlsop"",""variant"":""sampling"",""t"":100000,""seed"":1,""repeats"":3,""j_star"":1000000,""enum_cap"":0,""write_samples"":false,""verify"":false},""output"":{""out_dir"":""run/temp/exp5/clustered_t"",""run_tag"":""exp5_clustered_t""},""sys"":{""threads"":1},""logging"":{""level"":""INFO"",""with_timestamp"":true,""with_thread_id"":false}}","{""generator"":""clustered"",""dataset"":""clustered_t__nr100000__ns100000__a1_000ep00__g1"",""n_r"":100000,""n_s"":100000,""has_exact_k"":false,""k_target"":0,""k_achieved"":0,""alpha_target"":1,""alpha_achieved"":nan,""notes"":""clusters=10, sigma=0.05, w_min_r=0.003, w_max_r=0.02, share_clusters=1""}"
clustered_t__nr100000__ns100000__a1_000ep00__g1,clustered,1,100000,100000,tlsop,sampling,100000,2,3,1,626.184,2.16826e+07,1,0,0,0,,0,"{""build_ms"":33.077099,""run_build_ms"":33.077809,""run_count_ms"":286.744916,""run_sample_ms"":305.760083,""tlsop_alloc_tiles_ms"":0.061289,""tlsop_build_ms"":33.076229,""tlsop_build_edges_ms"":0.000600,""tlsop_count_pass1_ms"":286.740196,""tlsop_pass1_count_caps_ms"":5.939167,""tlsop_pass1_reserve_ms"":0.469411,""tlsop_pass2_fill_ms"":7.037246,""tlsop_sample_draw_ranks_ms"":5.887458,""tlsop_sample_pass2_select_ms"":299.807597,""tlsop_sort_lists_ms"":19.449759}",,"{""dataset"":{""source"":""synthetic"",""name"":""clustered_t__nr100000__ns100000__a1_000ep00__g1"",""dim"":2,""path_r"":"""",""path_s"":"""",""synthetic"":{""generator"":""clustered"",""n_r"":100000,""n_s"":100000,""alpha"":1,""seed"":1}},""run"":{""method"":""tlsop"",""variant"":""sampling"",""t"":100000,""seed"":1,""repeats"":3,""j_star"":1000000,""enum_cap"":0,""write_samples"":false,""verify"":false},""output"":{""out_dir"":""run/temp/exp5/clustered_t"",""run_tag"":""exp5_clustered_t""},""sys"":{""threads"":1},""logging"":{""level"":""INFO"",""with_timestamp"":true,""with_thread_id"":false}}","{""generator"":""clustered"",""dataset"":""clustered_t__nr100000__ns100000__a1_000ep00__g1"",""n_r"":100000,""n_s"":100000,""has_exact_k"":false,""k_target"":0,""k_achieved"":0,""alpha_target"":1,""alpha_achieved"":nan,""notes"":""clusters=10, sigma=0.05, w_min_r=0.003, w_max_r=0.02, share_clusters=1""}"
clustered_t__nr100000__ns100000__a1_000ep00__g1,clustered,1,100000,100000,tlsop,adaptive,100000,0,1,1,646.213,2.16826e+07,1,0,1,0,fallback_sampling,1000001,"{""build_ms"":32.957593,""enumerate_prepare_ms"":0.012849,""run_build_ms"":32.958443,""run_fallback_count_ms"":294.406189,""run_fallback_sample_ms"":302.777820,""run_pilot_enum_prepare_ms"":0.013690,""run_pilot_enum_scan_ms"":16.048614,""tlsop_adaptive_pass1_ms"":294.400279,""tlsop_adaptive_sample_large_ms"":302.770740,""tlsop_alloc_tiles_ms"":0.063579,""tlsop_build_ms"":32.956683,""tlsop_build_edges_ms"":0.000480,""tlsop_pass1_count_caps_ms"":5.929317,""tlsop_pass1_reserve_ms"":0.456851,""tlsop_pass2_fill_ms"":7.009957,""tlsop_sort_lists_ms"":19.484049}",,"{""dataset"":{""source"":""synthetic"",""name"":""clustered_t__nr100000__ns100000__a1_000ep00__g1"",""dim"":2,""path_r"":"""",""path_s"":"""",""synthetic"":{""generator"":""clustered"",""n_r"":100000,""n_s"":100000,""alpha"":1,""seed"":1}},""run"":{""method"":""tlsop"",""variant"":""adaptive"",""t"":100000,""seed"":1,""repeats"":3,""j_star"":1000000,""enum_cap"":0,""write_samples"":false,""verify"":false},""output"":{""out_dir"":""run/temp/exp5/clustered_t"",""run_tag"":""exp5_clustered_t""},""sys"":{""threads"":1},""logging"":{""level"":""INFO"",""with_timestamp"":true,""with_thread_id"":false}}","{""generator"":""clustered"",""dataset"":""clustered_t__nr100000__ns100000__a1_000ep00__g1"",""n_r"":100000,""n_s"":100000,""has_exact_k"":false,""k_target"":0,""k_achieved"":0,""alpha_target"":1,""alpha_achieved"":nan,""notes"":""clusters=10, sigma=0.05, w_min_r=0.003, w_max_r=0.02, share_clusters=1""}"
clustered_t__nr100000__ns100000__a1_000ep00__g1,clustered,1,100000,100000,tlsop,adaptive,100000,1,2,1,643.676,2.16826e+07,1,0,1,0,fallback_sampling,1000001,"{""build_ms"":33.115999,""enumerate_prepare_ms"":0.012680,""run_build_ms"":33.116559,""run_fallback_count_ms"":291.595333,""run_fallback_sample_ms"":303.249240,""run_pilot_enum_prepare_ms"":0.013500,""run_pilot_enum_scan_ms"":15.115651,""tlsop_adaptive_pass1_ms"":291.589183,""tlsop_adaptive_sample_large_ms"":303.242650,""tlsop_alloc_tiles_ms"":0.061429,""tlsop_build_ms"":33.114999,""tlsop_build_edges_ms"":0.000680,""tlsop_pass1_count_caps_ms"":5.939747,""tlsop_pass1_reserve_ms"":0.458061,""tlsop_pass2_fill_ms"":7.007267,""tlsop_sort_lists_ms"":19.519048}",,"{""dataset"":{""source"":""synthetic"",""name"":""clustered_t__nr100000__ns100000__a1_000ep00__g1"",""dim"":2,""path_r"":"""",""path_s"":"""",""synthetic"":{""generator"":""clustered"",""n_r"":100000,""n_s"":100000,""alpha"":1,""seed"":1}},""run"":{""method"":""tlsop"",""variant"":""adaptive"",""t"":100000,""seed"":1,""repeats"":3,""j_star"":1000000,""enum_cap"":0,""write_samples"":false,""verify"":false},""output"":{""out_dir"":""run/temp/exp5/clustered_t"",""run_tag"":""exp5_clustered_t""},""sys"":{""threads"":1},""logging"":{""level"":""INFO"",""with_timestamp"":true,""with_thread_id"":false}}","{""generator"":""clustered"",""dataset"":""clustered_t__nr100000__ns100000__a1_000ep00__g1"",""n_r"":100000,""n_s"":100000,""has_exact_k"":false,""k_target"":0,""k_achieved"":0,""alpha_target"":1,""alpha_achieved"":nan,""notes"":""clusters=10, sigma=0.05, w_min_r=0.003, w_max_r=0.02, share_clusters=1""}"
clustered_t__nr100000__ns100000__a1_000ep00__g1,clustered,1,100000,100000,tlsop,adaptive,100000,2,3,1,643.565,2.16826e+07,1,0,1,0,fallback_sampling,1000001,"{""build_ms"":33.099029,""enumerate_prepare_ms"":0.012879,""run_build_ms"":33.099919,""run_fallback_count_ms"":291.818838,""run_fallback_sample_ms"":302.989095,""run_pilot_enum_prepare_ms"":0.013910,""run_pilot_enum_scan_ms"":15.098263,""tlsop_adaptive_pass1_ms"":291.813768,""tlsop_adaptive_sample_large_ms"":302.982425,""tlsop_alloc_tiles_ms"":0.061509,""tlsop_build_ms"":33.098089,""tlsop_build_edges_ms"":0.000670,""tlsop_pass1_count_caps_ms"":5.913788,""tlsop_pass1_reserve_ms"":0.461401,""tlsop_pass2_fill_ms"":7.008246,""tlsop_sort_lists_ms"":19.478439}",,"{""dataset"":{""source"":""synthetic"",""name"":""clustered_t__nr100000__ns100000__a1_000ep00__g1"",""dim"":2,""path_r"":"""",""path_s"":"""",""synthetic"":{""generator"":""clustered"",""n_r"":100000,""n_s"":100000,""alpha"":1,""seed"":1}},""run"":{""method"":""tlsop"",""variant"":""adaptive"",""t"":100000,""seed"":1,""repeats"":3,""j_star"":1000000,""enum_cap"":0,""write_samples"":false,""verify"":false},""output"":{""out_dir"":""run/temp/exp5/clustered_t"",""run_tag"":""exp5_clustered_t""},""sys"":{""threads"":1},""logging"":{""level"":""INFO"",""with_timestamp"":true,""with_thread_id"":false}}","{""generator"":""clustered"",""dataset"":""clustered_t__nr100000__ns100000__a1_000ep00__g1"",""n_r"":100000,""n_s"":100000,""has_exact_k"":false,""k_target"":0,""k_achieved"":0,""alpha_target"":1,""alpha_achieved"":nan,""notes"":""clusters=10, sigma=0.05, w_min_r=0.003, w_max_r=0.02, share_clusters=1""}"
clustered_t__nr100000__ns100000__a1_000ep00__g1,clustered,1,100000,100000,sirs,sampling,100000,0,1,1,1501.68,2.16826e+07,1,0,0,0,,0,"{""build_ms"":121.929266,""count_ms"":556.632029,""run_build_ms"":121.930136,""run_count_ms"":556.633969,""run_sample_ms"":823.111770,""sample_ms"":823.109089,""sirs_build_index_ms"":121.928776,""sirs_build_kd_ms"":11.120358,""sirs_embed_inner_ms"":55.320206,""sirs_phase1_degrees_ms"":556.629809,""sirs_rank_axes_ms"":55.481992}",,"{""dataset"":{""source"":""synthetic"",""name"":""clustered_t__nr100000__ns100000__a1_000ep00__g1"",""dim"":2,""path_r"":"""",""path_s"":"""",""synthetic"":{""generator"":""clustered"",""n_r"":100000,""n_s"":100000,""alpha"":1,""seed"":1}},""run"":{""method"":""sirs"",""variant"":""sampling"",""t"":100000,""seed"":1,""repeats"":3,""j_star"":1000000,""enum_cap"":0,""write_samples"":false,""verify"":false},""output"":{""out_dir"":""run/temp/exp5/clustered_t"",""run_tag"":""exp5_clustered_t""},""sys"":{""threads"":1},""logging"":{""level"":""INFO"",""with_timestamp"":true,""with_thread_id"":false}}","{""generator"":""clustered"",""dataset"":""clustered_t__nr100000__ns100000__a1_000ep00__g1"",""n_r"":100000,""n_s"":100000,""has_exact_k"":false,""k_target"":0,""k_achieved"":0,""alpha_target"":1,""alpha_achieved"":nan,""notes"":""clusters=10, sigma=0.05, w_min_r=0.003, w_max_r=0.02, share_clusters=1""}"
clustered_t__nr100000__ns100000__a1_000ep00__g1,clustered,1,100000,100000,sirs,sampling,100000,1,2,1,1500.77,2.16826e+07,1,0,0,0,,0,"{""build_ms"":121.577262,""count_ms"":553.976949,""run_build_ms"":121.578023,""run_count_ms"":553.978359,""run_sample_ms"":825.207938,""sample_ms"":825.205868,""sirs_build_index_ms"":121.576803,""sirs_build_kd_ms"":11.159168,""sirs_embed_inner_ms"":55.420533,""sirs_phase1_degrees_ms"":553.974619,""sirs_rank_axes_ms"":54.991292}",,"{""dataset"":{""source"":""synthetic"",""name"":""clustered_t__nr100000__ns100000__a1_000ep00__g1"",""dim"":2,""path_r"":"""",""path_s"":"""",""synthetic"":{""generator"":""clustered"",""n_r"":100000,""n_s"":100000,""alpha"":1,""seed"":1}},""run"":{""method"":""sirs"",""variant"":""sampling"",""t"":100000,""seed"":1,""repeats"":3,""j_star"":1000000,""enum_cap"":0,""write_samples"":false,""verify"":false},""output"":{""out_dir"":""run/temp/exp5/clustered_t"",""run_tag"":""exp5_clustered_t""},""sys"":{""threads"":1},""logging"":{""level"":""INFO"",""with_timestamp"":true,""with_thread_id"":false}}","{""generator"":""clustered"",""dataset"":""clustered_t__nr100000__ns100000__a1_000ep00__g1"",""n_r"":100000,""n_s"":100000,""has_exact_k"":false,""k_target"":0,""k_achieved"":0,""alpha_target"":1,""alpha_achieved"":nan,""notes"":""clusters=10, sigma=0.05, w_min_r=0.003, w_max_r=0.02, share_clusters=1""}"
clustered_t__nr100000__ns100000__a1_000ep00__g1,clustered,1,100000,100000,sirs,sampling,100000,2,3,1,1500.84,2.16826e+07,1,0,0,0,,0,"{""build_ms"":121.553932,""count_ms"":553.858280,""run_build_ms"":121.554513,""run_count_ms"":553.859950,""run_sample_ms"":825.424852,""sample_ms"":825.422872,""sirs_build_index_ms"":121.553392,""sirs_build_kd_ms"":11.153677,""sirs_embed_inner_ms"":55.423533,""sirs_phase1_degrees_ms"":553.856389,""sirs_rank_axes_ms"":54.969392}",,"{""dataset"":{""source"":""synthetic"",""name"":""clustered_t__nr100000__ns100000__a1_000ep00__g1"",""dim"":2,""path_r"":"""",""path_s"":"""",""synthetic"":{""generator"":""clustered"",""n_r"":100000,""n_s"":100000,""alpha"":1,""seed"":1}},""run"":{""method"":""sirs"",""variant"":""sampling"",""t"":100000,""seed"":1,""repeats"":3,""j_star"":1000000,""enum_cap"":0,""write_samples"":false,""verify"":false},""output"":{""out_dir"":""run/temp/exp5/clustered_t"",""run_tag"":""exp5_clustered_t""},""sys"":{""threads"":1},""logging"":{""level"":""INFO"",""with_timestamp"":true,""with_thread_id"":false}}","{""generator"":""clustered"",""dataset"":""clustered_t__nr100000__ns100000__a1_000ep00__g1"",""n_r"":100000,""n_s"":100000,""has_exact_k"":false,""k_target"":0,""k_achieved"":0,""alpha_target"":1,""alpha_achieved"":nan,""notes"":""clusters=10, sigma=0.05, w_min_r=0.003, w_max_r=0.02, share_clusters=1""}"
clustered_t__nr100000__ns100000__a1_000ep00__g1,clustered,1,100000,100000,sirs,adaptive,100000,0,1,1,1542.94,2.16826e+07,1,0,1,0,fallback_sampling,1000001,"{""build_ms"":121.884126,""count_ms"":569.390303,""run_build_ms"":121.885136,""run_fallback_count_ms"":569.392352,""run_fallback_sample_ms"":804.402521,""run_pilot_enum_prepare_ms"":0.000610,""run_pilot_enum_scan_ms"":47.247119,""sample_ms"":804.400421,""sirs_build_index_ms"":121.883546,""sirs_build_kd_ms"":11.080519,""sirs_embed_inner_ms"":55.400663,""sirs_rank_axes_ms"":55.394824}",,"{""dataset"":{""source"":""synthetic"",""name"":""clustered_t__nr100000__ns100000__a1_000ep00__g1"",""dim"":2,""path_r"":"""",""path_s"":"""",""synthetic"":{""generator"":""clustered"",""n_r"":100000,""n_s"":100000,""alpha"":1,""seed"":1}},""run"":{""method"":""sirs"",""variant"":""adaptive"",""t"":100000,""seed"":1,""repeats"":3,""j_star"":1000000,""enum_cap"":0,""write_samples"":false,""verify"":false},""output"":{""out_dir"":""run/temp/exp5/clustered_t"",""run_tag"":""exp5_clustered_t""},""sys"":{""threads"":1},""logging"":{""level"":""INFO"",""with_timestamp"":true,""with_thread_id"":false}}","{""generator"":""clustered"",""dataset"":""clustered_t__nr100000__ns100000__a1_000ep00__g1"",""n_r"":100000,""n_s"":100000,""has_exact_k"":false,""k_target"":0,""k_achieved"":0,""alpha_target"":1,""alpha_achieved"":nan,""notes"":""clusters=10, sigma=0.05, w_min_r=0.003, w_max_r=0.02, share_clusters=1""}"
clustered_t__nr100000__ns100000__a1_000ep00__g1,clustered,1,100000,100000,sirs,adaptive,100000,1,2,1,1544.34,2.16826e+07,1,0,1,0,fallback_sampling,1000001,"{""build_ms"":121.487314,""count_ms"":571.391553,""run_build_ms"":121.488174,""run_fallback_count_ms"":571.393623,""run_fallback_sample_ms"":804.207603,""run_pilot_enum_prepare_ms"":0.000490,""run_pilot_enum_scan_ms"":47.237719,""sample_ms"":804.205203,""sirs_build_index_ms"":121.486744,""sirs_build_kd_ms"":11.072570,""sirs_embed_inner_ms"":55.375483,""sirs_rank_axes_ms"":55.032891}",,"{""dataset"":{""source"":""synthetic"",""name"":""clustered_t__nr100000__ns100000__a1_000ep00__g1"",""dim"":2,""path_r"":"""",""path_s"":"""",""synthetic"":{""generator"":""clustered"",""n_r"":100000,""n_s"":100000,""alpha"":1,""seed"":1}},""run"":{""method"":""sirs"",""variant"":""adaptive"",""t"":100000,""seed"":1,""repeats"":3,""j_star"":1000000,""enum_cap"":0,""write_samples"":false,""verify"":false},""output"":{""out_dir"":""run/temp/exp5/clustered_t"",""run_tag"":""exp5_clustered_t""},""sys"":{""threads"":1},""logging"":{""level"":""INFO"",""with_timestamp"":true,""with_thread_id"":false}}","{""generator"":""clustered"",""dataset"":""clustered_t__nr100000__ns100000__a1_000ep00__g1"",""n_r"":100000,""n_s"":100000,""has_exact_k"":false,""k_target"":0,""k_achieved"":0,""alpha_target"":1,""alpha_achieved"":nan,""notes"":""clusters=10, sigma=0.05, w_min_r=0.003, w_max_r=0.02, share_clusters=1""}"
clustered_t__nr100000__ns100000__a1_000ep00__g1,clustered,1,100000,100000,sirs,adaptive,100000,2,3,1,1544.58,2.16826e+07,1,0,1,0,fallback_sampling,1000001,"{""build_ms"":121.194758,""count_ms"":571.502210,""run_build_ms"":121.195218,""run_fallback_count_ms"":571.504450,""run_fallback_sample_ms"":804.631853,""run_pilot_enum_prepare_ms"":0.000280,""run_pilot_enum_scan_ms"":47.232310,""sample_ms"":804.629753,""sirs_build_index_ms"":121.193988,""sirs_build_kd_ms"":11.091948,""sirs_embed_inner_ms"":55.107279,""sirs_rank_axes_ms"":54.987411}",,"{""dataset"":{""source"":""synthetic"",""name"":""clustered_t__nr100000__ns100000__a1_000ep00__g1"",""dim"":2,""path_r"":"""",""path_s"":"""",""synthetic"":{""generator"":""clustered"",""n_r"":100000,""n_s"":100000,""alpha"":1,""seed"":1}},""run"":{""method"":""sirs"",""variant"":""adaptive"",""t"":100000,""seed"":1,""repeats"":3,""j_star"":1000000,""enum_cap"":0,""write_samples"":false,""verify"":false},""output"":{""out_dir"":""run/temp/exp5/clustered_t"",""run_tag"":""exp5_clustered_t""},""sys"":{""threads"":1},""logging"":{""level"":""INFO"",""with_timestamp"":true,""with_thread_id"":false}}","{""generator"":""clustered"",""dataset"":""clustered_t__nr100000__ns100000__a1_000ep00__g1"",""n_r"":100000,""n_s"":100000,""has_exact_k"":false,""k_target"":0,""k_achieved"":0,""alpha_target"":1,""alpha_achieved"":nan,""notes"":""clusters=10, sigma=0.05, w_min_r=0.003, w_max_r=0.02, share_clusters=1""}"
clustered_t__nr100000__ns100000__a1_000ep00__g1,clustered,1,100000,100000,rejection,sampling,100000,0,1,0,-1,-1,0,0,0,0,,0,{},SKIPPED: rejection+sampling is disabled in sjs_sweep; use variant=adaptive.,"{""dataset"":{""source"":""synthetic"",""name"":""clustered_t__nr100000__ns100000__a1_000ep00__g1"",""dim"":2,""path_r"":"""",""path_s"":"""",""synthetic"":{""generator"":""clustered"",""n_r"":100000,""n_s"":100000,""alpha"":1,""seed"":1}},""run"":{""method"":""rejection"",""variant"":""sampling"",""t"":100000,""seed"":1,""repeats"":3,""j_star"":1000000,""enum_cap"":0,""write_samples"":false,""verify"":false},""output"":{""out_dir"":""run/temp/exp5/clustered_t"",""run_tag"":""exp5_clustered_t""},""sys"":{""threads"":1},""logging"":{""level"":""INFO"",""with_timestamp"":true,""with_thread_id"":false}}","{""generator"":""clustered"",""dataset"":""clustered_t__nr100000__ns100000__a1_000ep00__g1"",""n_r"":100000,""n_s"":100000,""has_exact_k"":false,""k_target"":0,""k_achieved"":0,""alpha_target"":1,""alpha_achieved"":nan,""notes"":""clusters=10, sigma=0.05, w_min_r=0.003, w_max_r=0.02, share_clusters=1""}"
clustered_t__nr100000__ns100000__a1_000ep00__g1,clustered,1,100000,100000,rejection,sampling,100000,1,2,0,-1,-1,0,0,0,0,,0,{},SKIPPED: rejection+sampling is disabled in sjs_sweep; use variant=adaptive.,"{""dataset"":{""source"":""synthetic"",""name"":""clustered_t__nr100000__ns100000__a1_000ep00__g1"",""dim"":2,""path_r"":"""",""path_s"":"""",""synthetic"":{""generator"":""clustered"",""n_r"":100000,""n_s"":100000,""alpha"":1,""seed"":1}},""run"":{""method"":""rejection"",""variant"":""sampling"",""t"":100000,""seed"":1,""repeats"":3,""j_star"":1000000,""enum_cap"":0,""write_samples"":false,""verify"":false},""output"":{""out_dir"":""run/temp/exp5/clustered_t"",""run_tag"":""exp5_clustered_t""},""sys"":{""threads"":1},""logging"":{""level"":""INFO"",""with_timestamp"":true,""with_thread_id"":false}}","{""generator"":""clustered"",""dataset"":""clustered_t__nr100000__ns100000__a1_000ep00__g1"",""n_r"":100000,""n_s"":100000,""has_exact_k"":false,""k_target"":0,""k_achieved"":0,""alpha_target"":1,""alpha_achieved"":nan,""notes"":""clusters=10, sigma=0.05, w_min_r=0.003, w_max_r=0.02, share_clusters=1""}"
clustered_t__nr100000__ns100000__a1_000ep00__g1,clustered,1,100000,100000,rejection,sampling,100000,2,3,0,-1,-1,0,0,0,0,,0,{},SKIPPED: rejection+sampling is disabled in sjs_sweep; use variant=adaptive.,"{""dataset"":{""source"":""synthetic"",""name"":""clustered_t__nr100000__ns100000__a1_000ep00__g1"",""dim"":2,""path_r"":"""",""path_s"":"""",""synthetic"":{""generator"":""clustered"",""n_r"":100000,""n_s"":100000,""alpha"":1,""seed"":1}},""run"":{""method"":""rejection"",""variant"":""sampling"",""t"":100000,""seed"":1,""repeats"":3,""j_star"":1000000,""enum_cap"":0,""write_samples"":false,""verify"":false},""output"":{""out_dir"":""run/temp/exp5/clustered_t"",""run_tag"":""exp5_clustered_t""},""sys"":{""threads"":1},""logging"":{""level"":""INFO"",""with_timestamp"":true,""with_thread_id"":false}}","{""generator"":""clustered"",""dataset"":""clustered_t__nr100000__ns100000__a1_000ep00__g1"",""n_r"":100000,""n_s"":100000,""has_exact_k"":false,""k_target"":0,""k_achieved"":0,""alpha_target"":1,""alpha_achieved"":nan,""notes"":""clusters=10, sigma=0.05, w_min_r=0.003, w_max_r=0.02, share_clusters=1""}"
clustered_t__nr100000__ns100000__a1_000ep00__g1,clustered,1,100000,100000,rejection,adaptive,100000,0,1,1,259.407,2.12469e+07,0,0,1,0,fallback_sampling,1000001,"{""adaptive_phase1_ms"":46.679599,""adaptive_sample_ms"":51.388930,""build_ms"":122.538763,""build_M_ms"":0.124148,""build_cellmap_ms"":14.318206,""build_mu_alias_ms"":107.981741,""build_slab_index_ms"":0.106738,""count_pilot_ms"":9.332151,""run_build_ms"":122.540383,""run_fallback_count_ms"":46.681739,""run_fallback_sample_ms"":51.393640,""run_pilot_enum_prepare_ms"":0.002140,""run_pilot_enum_scan_ms"":38.779170}",,"{""dataset"":{""source"":""synthetic"",""name"":""clustered_t__nr100000__ns100000__a1_000ep00__g1"",""dim"":2,""path_r"":"""",""path_s"":"""",""synthetic"":{""generator"":""clustered"",""n_r"":100000,""n_s"":100000,""alpha"":1,""seed"":1}},""run"":{""method"":""rejection"",""variant"":""adaptive"",""t"":100000,""seed"":1,""repeats"":3,""j_star"":1000000,""enum_cap"":0,""write_samples"":false,""verify"":false},""output"":{""out_dir"":""run/temp/exp5/clustered_t"",""run_tag"":""exp5_clustered_t""},""sys"":{""threads"":1},""logging"":{""level"":""INFO"",""with_timestamp"":true,""with_thread_id"":false}}","{""generator"":""clustered"",""dataset"":""clustered_t__nr100000__ns100000__a1_000ep00__g1"",""n_r"":100000,""n_s"":100000,""has_exact_k"":false,""k_target"":0,""k_achieved"":0,""alpha_target"":1,""alpha_achieved"":nan,""notes"":""clusters=10, sigma=0.05, w_min_r=0.003, w_max_r=0.02, share_clusters=1""}"
clustered_t__nr100000__ns100000__a1_000ep00__g1,clustered,1,100000,100000,rejection,adaptive,100000,1,2,1,263.356,2.16503e+07,0,0,1,0,fallback_sampling,1000001,"{""adaptive_phase1_ms"":46.553202,""adaptive_sample_ms"":50.152444,""build_ms"":121.994013,""build_M_ms"":0.108828,""build_cellmap_ms"":14.307257,""build_mu_alias_ms"":107.461260,""build_slab_index_ms"":0.105209,""count_pilot_ms"":8.992518,""run_build_ms"":122.049172,""run_fallback_count_ms"":46.554962,""run_fallback_sample_ms"":50.156584,""run_pilot_enum_prepare_ms"":0.001760,""run_pilot_enum_scan_ms"":38.453776}",,"{""dataset"":{""source"":""synthetic"",""name"":""clustered_t__nr100000__ns100000__a1_000ep00__g1"",""dim"":2,""path_r"":"""",""path_s"":"""",""synthetic"":{""generator"":""clustered"",""n_r"":100000,""n_s"":100000,""alpha"":1,""seed"":1}},""run"":{""method"":""rejection"",""variant"":""adaptive"",""t"":100000,""seed"":1,""repeats"":3,""j_star"":1000000,""enum_cap"":0,""write_samples"":false,""verify"":false},""output"":{""out_dir"":""run/temp/exp5/clustered_t"",""run_tag"":""exp5_clustered_t""},""sys"":{""threads"":1},""logging"":{""level"":""INFO"",""with_timestamp"":true,""with_thread_id"":false}}","{""generator"":""clustered"",""dataset"":""clustered_t__nr100000__ns100000__a1_000ep00__g1"",""n_r"":100000,""n_s"":100000,""has_exact_k"":false,""k_target"":0,""k_achieved"":0,""alpha_target"":1,""alpha_achieved"":nan,""notes"":""clusters=10, sigma=0.05, w_min_r=0.003, w_max_r=0.02, share_clusters=1""}"
clustered_t__nr100000__ns100000__a1_000ep00__g1,clustered,1,100000,100000,rejection,adaptive,100000,2,3,1,268.121,2.16949e+07,0,0,1,0,fallback_sampling,1000001,"{""adaptive_phase1_ms"":46.741019,""adaptive_sample_ms"":52.125835,""build_ms"":121.719919,""build_M_ms"":0.114648,""build_cellmap_ms"":14.246139,""build_mu_alias_ms"":107.248314,""build_slab_index_ms"":0.100498,""count_pilot_ms"":9.226675,""run_build_ms"":121.774837,""run_fallback_count_ms"":46.742599,""run_fallback_sample_ms"":52.130596,""run_pilot_enum_prepare_ms"":0.001909,""run_pilot_enum_scan_ms"":38.774250}",,"{""dataset"":{""source"":""synthetic"",""name"":""clustered_t__nr100000__ns100000__a1_000ep00__g1"",""dim"":2,""path_r"":"""",""path_s"":"""",""synthetic"":{""generator"":""clustered"",""n_r"":100000,""n_s"":100000,""alpha"":1,""seed"":1}},""run"":{""method"":""rejection"",""variant"":""adaptive"",""t"":100000,""seed"":1,""repeats"":3,""j_star"":1000000,""enum_cap"":0,""write_samples"":false,""verify"":false},""output"":{""out_dir"":""run/temp/exp5/clustered_t"",""run_tag"":""exp5_clustered_t""},""sys"":{""threads"":1},""logging"":{""level"":""INFO"",""with_timestamp"":true,""with_thread_id"":false}}","{""generator"":""clustered"",""dataset"":""clustered_t__nr100000__ns100000__a1_000ep00__g1"",""n_r"":100000,""n_s"":100000,""has_exact_k"":false,""k_target"":0,""k_achieved"":0,""alpha_target"":1,""alpha_achieved"":nan,""notes"":""clusters=10, sigma=0.05, w_min_r=0.003, w_max_r=0.02, share_clusters=1""}"
clustered_t__nr100000__ns100000__a1_000ep00__g1,clustered,1,100000,100000,ours,sampling,300000,0,1,1,567.71,2.16826e+07,1,0,0,0,,0,"{""build_active_indices_ms"":5.578503,""build_events_ms"":34.306636,""build_ranks_ms"":43.192126,""build_y_domain_ms"":13.843336,""phase1_count_ms"":250.350625,""phase2_plan_ms"":18.229533,""phase3_sample_ms"":200.311669,""run_build_ms"":98.726317,""run_count_ms"":250.354044,""run_sample_ms"":218.625829}",,"{""dataset"":{""source"":""synthetic"",""name"":""clustered_t__nr100000__ns100000__a1_000ep00__g1"",""dim"":2,""path_r"":"""",""path_s"":"""",""synthetic"":{""generator"":""clustered"",""n_r"":100000,""n_s"":100000,""alpha"":1,""seed"":1}},""run"":{""method"":""ours"",""variant"":""sampling"",""t"":300000,""seed"":1,""repeats"":3,""j_star"":1000000,""enum_cap"":0,""write_samples"":false,""verify"":false},""output"":{""out_dir"":""run/temp/exp5/clustered_t"",""run_tag"":""exp5_clustered_t""},""sys"":{""threads"":1},""logging"":{""level"":""INFO"",""with_timestamp"":true,""with_thread_id"":false}}","{""generator"":""clustered"",""dataset"":""clustered_t__nr100000__ns100000__a1_000ep00__g1"",""n_r"":100000,""n_s"":100000,""has_exact_k"":false,""k_target"":0,""k_achieved"":0,""alpha_target"":1,""alpha_achieved"":nan,""notes"":""clusters=10, sigma=0.05, w_min_r=0.003, w_max_r=0.02, share_clusters=1""}"
clustered_t__nr100000__ns100000__a1_000ep00__g1,clustered,1,100000,100000,ours,sampling,300000,1,2,1,634.402,2.16826e+07,1,0,0,0,,0,"{""build_active_indices_ms"":5.477586,""build_events_ms"":65.739975,""build_ranks_ms"":43.193246,""build_y_domain_ms"":13.826967,""phase1_count_ms"":250.740127,""phase2_plan_ms"":15.506394,""phase3_sample_ms"":200.019615,""run_build_ms"":129.989250,""run_count_ms"":250.743347,""run_sample_ms"":215.611526}",,"{""dataset"":{""source"":""synthetic"",""name"":""clustered_t__nr100000__ns100000__a1_000ep00__g1"",""dim"":2,""path_r"":"""",""path_s"":"""",""synthetic"":{""generator"":""clustered"",""n_r"":100000,""n_s"":100000,""alpha"":1,""seed"":1}},""run"":{""method"":""ours"",""variant"":""sampling"",""t"":300000,""seed"":1,""repeats"":3,""j_star"":1000000,""enum_cap"":0,""write_samples"":false,""verify"":false},""output"":{""out_dir"":""run/temp/exp5/clustered_t"",""run_tag"":""exp5_clustered_t""},""sys"":{""threads"":1},""logging"":{""level"":""INFO"",""with_timestamp"":true,""with_thread_id"":false}}","{""generator"":""clustered"",""dataset"":""clustered_t__nr100000__ns100000__a1_000ep00__g1"",""n_r"":100000,""n_s"":100000,""has_exact_k"":false,""k_target"":0,""k_achieved"":0,""alpha_target"":1,""alpha_achieved"":nan,""notes"":""clusters=10, sigma=0.05, w_min_r=0.003, w_max_r=0.02, share_clusters=1""}"
clustered_t__nr100000__ns100000__a1_000ep00__g1,clustered,1,100000,100000,ours,sampling,300000,2,3,1,631.955,2.16826e+07,1,0,0,0,,0,"{""build_active_indices_ms"":5.429897,""build_events_ms"":58.291738,""build_ranks_ms"":43.211675,""build_y_domain_ms"":13.835977,""phase1_count_ms"":251.112849,""phase2_plan_ms"":15.582172,""phase3_sample_ms"":200.671301,""run_build_ms"":122.547893,""run_count_ms"":251.116070,""run_sample_ms"":216.338832}",,"{""dataset"":{""source"":""synthetic"",""name"":""clustered_t__nr100000__ns100000__a1_000ep00__g1"",""dim"":2,""path_r"":"""",""path_s"":"""",""synthetic"":{""generator"":""clustered"",""n_r"":100000,""n_s"":100000,""alpha"":1,""seed"":1}},""run"":{""method"":""ours"",""variant"":""sampling"",""t"":300000,""seed"":1,""repeats"":3,""j_star"":1000000,""enum_cap"":0,""write_samples"":false,""verify"":false},""output"":{""out_dir"":""run/temp/exp5/clustered_t"",""run_tag"":""exp5_clustered_t""},""sys"":{""threads"":1},""logging"":{""level"":""INFO"",""with_timestamp"":true,""with_thread_id"":false}}","{""generator"":""clustered"",""dataset"":""clustered_t__nr100000__ns100000__a1_000ep00__g1"",""n_r"":100000,""n_s"":100000,""has_exact_k"":false,""k_target"":0,""k_achieved"":0,""alpha_target"":1,""alpha_achieved"":nan,""notes"":""clusters=10, sigma=0.05, w_min_r=0.003, w_max_r=0.02, share_clusters=1""}"
clustered_t__nr100000__ns100000__a1_000ep00__g1,clustered,1,100000,100000,ours,adaptive,300000,0,1,1,617.707,2.16826e+07,1,0,1,0,fallback_sampling,1000001,"{""build_active_indices_ms"":5.583683,""build_events_ms"":34.331406,""build_ranks_ms"":43.207796,""build_y_domain_ms"":13.838496,""phase1_count_adaptive_ms"":264.500414,""phase2_plan_ms"":15.344917,""phase3_sample_ms"":210.389127,""run_build_ms"":98.710047,""run_fallback_count_ms"":264.504523,""run_fallback_sample_ms"":225.820431,""run_pilot_enum_prepare_ms"":1.526541,""run_pilot_enum_scan_ms"":27.132502,""sample_ms"":225.818611}",,"{""dataset"":{""source"":""synthetic"",""name"":""clustered_t__nr100000__ns100000__a1_000ep00__g1"",""dim"":2,""path_r"":"""",""path_s"":"""",""synthetic"":{""generator"":""clustered"",""n_r"":100000,""n_s"":100000,""alpha"":1,""seed"":1}},""run"":{""method"":""ours"",""variant"":""adaptive"",""t"":300000,""seed"":1,""repeats"":3,""j_star"":1000000,""enum_cap"":0,""write_samples"":false,""verify"":false},""output"":{""out_dir"":""run/temp/exp5/clustered_t"",""run_tag"":""exp5_clustered_t""},""sys"":{""threads"":1},""logging"":{""level"":""INFO"",""with_timestamp"":true,""with_thread_id"":false}}","{""generator"":""clustered"",""dataset"":""clustered_t__nr100000__ns100000__a1_000ep00__g1"",""n_r"":100000,""n_s"":100000,""has_exact_k"":false,""k_target"":0,""k_achieved"":0,""alpha_target"":1,""alpha_achieved"":nan,""notes"":""clusters=10, sigma=0.05, w_min_r=0.003, w_max_r=0.02, share_clusters=1""}"
clustered_t__nr100000__ns100000__a1_000ep00__g1,clustered,1,100000,100000,ours,adaptive,300000,1,2,1,682.216,2.16826e+07,1,0,1,0,fallback_sampling,1000001,"{""build_active_indices_ms"":5.504145,""build_events_ms"":65.924522,""build_ranks_ms"":43.217195,""build_y_domain_ms"":13.839796,""phase1_count_adaptive_ms"":261.433731,""phase2_plan_ms"":15.703971,""phase3_sample_ms"":207.731946,""run_build_ms"":130.228915,""run_fallback_count_ms"":261.437521,""run_fallback_sample_ms"":223.521766,""run_pilot_enum_prepare_ms"":1.522861,""run_pilot_enum_scan_ms"":27.355138,""sample_ms"":223.520046}",,"{""dataset"":{""source"":""synthetic"",""name"":""clustered_t__nr100000__ns100000__a1_000ep00__g1"",""dim"":2,""path_r"":"""",""path_s"":"""",""synthetic"":{""generator"":""clustered"",""n_r"":100000,""n_s"":100000,""alpha"":1,""seed"":1}},""run"":{""method"":""ours"",""variant"":""adaptive"",""t"":300000,""seed"":1,""repeats"":3,""j_star"":1000000,""enum_cap"":0,""write_samples"":false,""verify"":false},""output"":{""out_dir"":""run/temp/exp5/clustered_t"",""run_tag"":""exp5_clustered_t""},""sys"":{""threads"":1},""logging"":{""level"":""INFO"",""with_timestamp"":true,""with_thread_id"":false}}","{""generator"":""clustered"",""dataset"":""clustered_t__nr100000__ns100000__a1_000ep00__g1"",""n_r"":100000,""n_s"":100000,""has_exact_k"":false,""k_target"":0,""k_achieved"":0,""alpha_target"":1,""alpha_achieved"":nan,""notes"":""clusters=10, sigma=0.05, w_min_r=0.003, w_max_r=0.02, share_clusters=1""}"
clustered_t__nr100000__ns100000__a1_000ep00__g1,clustered,1,100000,100000,ours,adaptive,300000,2,3,1,687.805,2.16826e+07,1,0,1,0,fallback_sampling,1000001,"{""build_active_indices_ms"":5.479476,""build_events_ms"":67.668829,""build_ranks_ms"":43.268104,""build_y_domain_ms"":13.839636,""phase1_count_adaptive_ms"":264.863817,""phase2_plan_ms"":15.698570,""phase3_sample_ms"":207.459482,""run_build_ms"":131.996262,""run_fallback_count_ms"":264.866767,""run_fallback_sample_ms"":223.244591,""run_pilot_enum_prepare_ms"":1.524191,""run_pilot_enum_scan_ms"":27.360987,""sample_ms"":223.243429}",,"{""dataset"":{""source"":""synthetic"",""name"":""clustered_t__nr100000__ns100000__a1_000ep00__g1"",""dim"":2,""path_r"":"""",""path_s"":"""",""synthetic"":{""generator"":""clustered"",""n_r"":100000,""n_s"":100000,""alpha"":1,""seed"":1}},""run"":{""method"":""ours"",""variant"":""adaptive"",""t"":300000,""seed"":1,""repeats"":3,""j_star"":1000000,""enum_cap"":0,""write_samples"":false,""verify"":false},""output"":{""out_dir"":""run/temp/exp5/clustered_t"",""run_tag"":""exp5_clustered_t""},""sys"":{""threads"":1},""logging"":{""level"":""INFO"",""with_timestamp"":true,""with_thread_id"":false}}","{""generator"":""clustered"",""dataset"":""clustered_t__nr100000__ns100000__a1_000ep00__g1"",""n_r"":100000,""n_s"":100000,""has_exact_k"":false,""k_target"":0,""k_achieved"":0,""alpha_target"":1,""alpha_achieved"":nan,""notes"":""clusters=10, sigma=0.05, w_min_r=0.003, w_max_r=0.02, share_clusters=1""}"
clustered_t__nr100000__ns100000__a1_000ep00__g1,clustered,1,100000,100000,aabb,sampling,300000,0,1,1,1303.95,2.16826e+07,1,0,0,0,,0,"{""build_ms"":36.017872,""phase1_count_ms"":560.883878,""phase2_assign_ms"":27.881037,""phase3_sample_ms"":679.110181,""run_build_ms"":36.019622,""run_count_ms"":560.886418,""run_sample_ms"":707.043467}",,"{""dataset"":{""source"":""synthetic"",""name"":""clustered_t__nr100000__ns100000__a1_000ep00__g1"",""dim"":2,""path_r"":"""",""path_s"":"""",""synthetic"":{""generator"":""clustered"",""n_r"":100000,""n_s"":100000,""alpha"":1,""seed"":1}},""run"":{""method"":""aabb"",""variant"":""sampling"",""t"":300000,""seed"":1,""repeats"":3,""j_star"":1000000,""enum_cap"":0,""write_samples"":false,""verify"":false},""output"":{""out_dir"":""run/temp/exp5/clustered_t"",""run_tag"":""exp5_clustered_t""},""sys"":{""threads"":1},""logging"":{""level"":""INFO"",""with_timestamp"":true,""with_thread_id"":false}}","{""generator"":""clustered"",""dataset"":""clustered_t__nr100000__ns100000__a1_000ep00__g1"",""n_r"":100000,""n_s"":100000,""has_exact_k"":false,""k_target"":0,""k_achieved"":0,""alpha_target"":1,""alpha_achieved"":nan,""notes"":""clusters=10, sigma=0.05, w_min_r=0.003, w_max_r=0.02, share_clusters=1""}"
clustered_t__nr100000__ns100000__a1_000ep00__g1,clustered,1,100000,100000,aabb,sampling,300000,1,2,1,1305.66,2.16826e+07,1,0,0,0,,0,"{""build_ms"":35.940425,""phase1_count_ms"":559.917654,""phase2_assign_ms"":28.242951,""phase3_sample_ms"":681.499753,""run_build_ms"":35.941795,""run_count_ms"":559.920074,""run_sample_ms"":709.793333}",,"{""dataset"":{""source"":""synthetic"",""name"":""clustered_t__nr100000__ns100000__a1_000ep00__g1"",""dim"":2,""path_r"":"""",""path_s"":"""",""synthetic"":{""generator"":""clustered"",""n_r"":100000,""n_s"":100000,""alpha"":1,""seed"":1}},""run"":{""method"":""aabb"",""variant"":""sampling"",""t"":300000,""seed"":1,""repeats"":3,""j_star"":1000000,""enum_cap"":0,""write_samples"":false,""verify"":false},""output"":{""out_dir"":""run/temp/exp5/clustered_t"",""run_tag"":""exp5_clustered_t""},""sys"":{""threads"":1},""logging"":{""level"":""INFO"",""with_timestamp"":true,""with_thread_id"":false}}","{""generator"":""clustered"",""dataset"":""clustered_t__nr100000__ns100000__a1_000ep00__g1"",""n_r"":100000,""n_s"":100000,""has_exact_k"":false,""k_target"":0,""k_achieved"":0,""alpha_target"":1,""alpha_achieved"":nan,""notes"":""clusters=10, sigma=0.05, w_min_r=0.003, w_max_r=0.02, share_clusters=1""}"
clustered_t__nr100000__ns100000__a1_000ep00__g1,clustered,1,100000,100000,aabb,sampling,300000,2,3,1,1300.51,2.16826e+07,1,0,0,0,,0,"{""build_ms"":35.961993,""phase1_count_ms"":559.175038,""phase2_assign_ms"":28.030875,""phase3_sample_ms"":677.290283,""run_build_ms"":35.963953,""run_count_ms"":559.177308,""run_sample_ms"":705.371506}",,"{""dataset"":{""source"":""synthetic"",""name"":""clustered_t__nr100000__ns100000__a1_000ep00__g1"",""dim"":2,""path_r"":"""",""path_s"":"""",""synthetic"":{""generator"":""clustered"",""n_r"":100000,""n_s"":100000,""alpha"":1,""seed"":1}},""run"":{""method"":""aabb"",""variant"":""sampling"",""t"":300000,""seed"":1,""repeats"":3,""j_star"":1000000,""enum_cap"":0,""write_samples"":false,""verify"":false},""output"":{""out_dir"":""run/temp/exp5/clustered_t"",""run_tag"":""exp5_clustered_t""},""sys"":{""threads"":1},""logging"":{""level"":""INFO"",""with_timestamp"":true,""with_thread_id"":false}}","{""generator"":""clustered"",""dataset"":""clustered_t__nr100000__ns100000__a1_000ep00__g1"",""n_r"":100000,""n_s"":100000,""has_exact_k"":false,""k_target"":0,""k_achieved"":0,""alpha_target"":1,""alpha_achieved"":nan,""notes"":""clusters=10, sigma=0.05, w_min_r=0.003, w_max_r=0.02, share_clusters=1""}"
clustered_t__nr100000__ns100000__a1_000ep00__g1,clustered,1,100000,100000,aabb,adaptive,300000,0,1,1,1404.28,2.16826e+07,1,0,1,0,fallback_sampling,1000001,"{""build_ms"":35.972163,""enumerate_prepare_ms"":34.378344,""phase1_count_ms"":565.026634,""phase2_assign_ms"":27.951837,""phase3_sample_ms"":676.769500,""run_build_ms"":35.973293,""run_fallback_count_ms"":565.029114,""run_fallback_sample_ms"":704.775606,""run_pilot_enum_prepare_ms"":34.381224,""run_pilot_enum_scan_ms"":64.102337}",,"{""dataset"":{""source"":""synthetic"",""name"":""clustered_t__nr100000__ns100000__a1_000ep00__g1"",""dim"":2,""path_r"":"""",""path_s"":"""",""synthetic"":{""generator"":""clustered"",""n_r"":100000,""n_s"":100000,""alpha"":1,""seed"":1}},""run"":{""method"":""aabb"",""variant"":""adaptive"",""t"":300000,""seed"":1,""repeats"":3,""j_star"":1000000,""enum_cap"":0,""write_samples"":false,""verify"":false},""output"":{""out_dir"":""run/temp/exp5/clustered_t"",""run_tag"":""exp5_clustered_t""},""sys"":{""threads"":1},""logging"":{""level"":""INFO"",""with_timestamp"":true,""with_thread_id"":false}}","{""generator"":""clustered"",""dataset"":""clustered_t__nr100000__ns100000__a1_000ep00__g1"",""n_r"":100000,""n_s"":100000,""has_exact_k"":false,""k_target"":0,""k_achieved"":0,""alpha_target"":1,""alpha_achieved"":nan,""notes"":""clusters=10, sigma=0.05, w_min_r=0.003, w_max_r=0.02, share_clusters=1""}"
clustered_t__nr100000__ns100000__a1_000ep00__g1,clustered,1,100000,100000,aabb,adaptive,300000,1,2,1,1401.58,2.16826e+07,1,0,1,0,fallback_sampling,1000001,"{""build_ms"":36.019933,""enumerate_prepare_ms"":34.431612,""phase1_count_ms"":562.881145,""phase2_assign_ms"":28.299320,""phase3_sample_ms"":675.756388,""run_build_ms"":36.020953,""run_fallback_count_ms"":562.883405,""run_fallback_sample_ms"":704.110117,""run_pilot_enum_prepare_ms"":34.435192,""run_pilot_enum_scan_ms"":64.119336}",,"{""dataset"":{""source"":""synthetic"",""name"":""clustered_t__nr100000__ns100000__a1_000ep00__g1"",""dim"":2,""path_r"":"""",""path_s"":"""",""synthetic"":{""generator"":""clustered"",""n_r"":100000,""n_s"":100000,""alpha"":1,""seed"":1}},""run"":{""method"":""aabb"",""variant"":""adaptive"",""t"":300000,""seed"":1,""repeats"":3,""j_star"":1000000,""enum_cap"":0,""write_samples"":false,""verify"":false},""output"":{""out_dir"":""run/temp/exp5/clustered_t"",""run_tag"":""exp5_clustered_t""},""sys"":{""threads"":1},""logging"":{""level"":""INFO"",""with_timestamp"":true,""with_thread_id"":false}}","{""generator"":""clustered"",""dataset"":""clustered_t__nr100000__ns100000__a1_000ep00__g1"",""n_r"":100000,""n_s"":100000,""has_exact_k"":false,""k_target"":0,""k_achieved"":0,""alpha_target"":1,""alpha_achieved"":nan,""notes"":""clusters=10, sigma=0.05, w_min_r=0.003, w_max_r=0.02, share_clusters=1""}"
clustered_t__nr100000__ns100000__a1_000ep00__g1,clustered,1,100000,100000,aabb,adaptive,300000,2,3,1,1397.96,2.16826e+07,1,0,1,0,fallback_sampling,1000001,"{""build_ms"":35.970114,""enumerate_prepare_ms"":34.396223,""phase1_count_ms"":562.815255,""phase2_assign_ms"":28.010425,""phase3_sample_ms"":672.595158,""run_build_ms"":35.972124,""run_fallback_count_ms"":562.817585,""run_fallback_sample_ms"":700.659502,""run_pilot_enum_prepare_ms"":34.398323,""run_pilot_enum_scan_ms"":64.095766}",,"{""dataset"":{""source"":""synthetic"",""name"":""clustered_t__nr100000__ns100000__a1_000ep00__g1"",""dim"":2,""path_r"":"""",""path_s"":"""",""synthetic"":{""generator"":""clustered"",""n_r"":100000,""n_s"":100000,""alpha"":1,""seed"":1}},""run"":{""method"":""aabb"",""variant"":""adaptive"",""t"":300000,""seed"":1,""repeats"":3,""j_star"":1000000,""enum_cap"":0,""write_samples"":false,""verify"":false},""output"":{""out_dir"":""run/temp/exp5/clustered_t"",""run_tag"":""exp5_clustered_t""},""sys"":{""threads"":1},""logging"":{""level"":""INFO"",""with_timestamp"":true,""with_thread_id"":false}}","{""generator"":""clustered"",""dataset"":""clustered_t__nr100000__ns100000__a1_000ep00__g1"",""n_r"":100000,""n_s"":100000,""has_exact_k"":false,""k_target"":0,""k_achieved"":0,""alpha_target"":1,""alpha_achieved"":nan,""notes"":""clusters=10, sigma=0.05, w_min_r=0.003, w_max_r=0.02, share_clusters=1""}"
clustered_t__nr100000__ns100000__a1_000ep00__g1,clustered,1,100000,100000,interval_tree,sampling,300000,0,1,1,1142.31,2.16826e+07,1,0,0,0,,0,"{""build_ms"":139.460447,""build_active_ms"":23.314005,""build_events_ms"":37.600282,""build_start_ids_ms"":1.586189,""build_y_endpoints_ms"":27.799219,""build_y_indices_ms"":49.153821,""phase1_count_ms"":499.719078,""phase2_slots_ms"":18.405028,""phase3_resweep_ms"":484.630746,""run_build_ms"":139.461477,""run_count_ms"":499.721688,""run_sample_ms"":503.119593}",,"{""dataset"":{""source"":""synthetic"",""name"":""clustered_t__nr100000__ns100000__a1_000ep00__g1"",""dim"":2,""path_r"":"""",""path_s"":"""",""synthetic"":{""generator"":""clustered"",""n_r"":100000,""n_s"":100000,""alpha"":1,""seed"":1}},""run"":{""method"":""interval_tree"",""variant"":""sampling"",""t"":300000,""seed"":1,""repeats"":3,""j_star"":1000000,""enum_cap"":0,""write_samples"":false,""verify"":false},""output"":{""out_dir"":""run/temp/exp5/clustered_t"",""run_tag"":""exp5_clustered_t""},""sys"":{""threads"":1},""logging"":{""level"":""INFO"",""with_timestamp"":true,""with_thread_id"":false}}","{""generator"":""clustered"",""dataset"":""clustered_t__nr100000__ns100000__a1_000ep00__g1"",""n_r"":100000,""n_s"":100000,""has_exact_k"":false,""k_target"":0,""k_achieved"":0,""alpha_target"":1,""alpha_achieved"":nan,""notes"":""clusters=10, sigma=0.05, w_min_r=0.003, w_max_r=0.02, share_clusters=1""}"
clustered_t__nr100000__ns100000__a1_000ep00__g1,clustered,1,100000,100000,interval_tree,sampling,300000,1,2,1,1213.84,2.16826e+07,1,0,0,0,,0,"{""build_ms"":175.146885,""build_active_ms"":23.332814,""build_events_ms"":73.339659,""build_start_ids_ms"":1.555701,""build_y_endpoints_ms"":27.809129,""build_y_indices_ms"":49.100603,""phase1_count_ms"":495.357541,""phase2_slots_ms"":17.698942,""phase3_resweep_ms"":485.732204,""run_build_ms"":175.148165,""run_count_ms"":495.359591,""run_sample_ms"":503.515244}",,"{""dataset"":{""source"":""synthetic"",""name"":""clustered_t__nr100000__ns100000__a1_000ep00__g1"",""dim"":2,""path_r"":"""",""path_s"":"""",""synthetic"":{""generator"":""clustered"",""n_r"":100000,""n_s"":100000,""alpha"":1,""seed"":1}},""run"":{""method"":""interval_tree"",""variant"":""sampling"",""t"":300000,""seed"":1,""repeats"":3,""j_star"":1000000,""enum_cap"":0,""write_samples"":false,""verify"":false},""output"":{""out_dir"":""run/temp/exp5/clustered_t"",""run_tag"":""exp5_clustered_t""},""sys"":{""threads"":1},""logging"":{""level"":""INFO"",""with_timestamp"":true,""with_thread_id"":false}}","{""generator"":""clustered"",""dataset"":""clustered_t__nr100000__ns100000__a1_000ep00__g1"",""n_r"":100000,""n_s"":100000,""has_exact_k"":false,""k_target"":0,""k_achieved"":0,""alpha_target"":1,""alpha_achieved"":nan,""notes"":""clusters=10, sigma=0.05, w_min_r=0.003, w_max_r=0.02, share_clusters=1""}"
clustered_t__nr100000__ns100000__a1_000ep00__g1,clustered,1,100000,100000,interval_tree,sampling,300000,2,3,1,1216.5,2.16826e+07,1,0,0,0,,0,"{""build_ms"":175.060087,""build_active_ms"":23.308385,""build_events_ms"":73.158993,""build_start_ids_ms"":1.568130,""build_y_endpoints_ms"":27.801189,""build_y_indices_ms"":49.214640,""phase1_count_ms"":496.066066,""phase2_slots_ms"":18.310910,""phase3_resweep_ms"":485.421359,""run_build_ms"":175.060967,""run_count_ms"":496.068626,""run_sample_ms"":503.815868}",,"{""dataset"":{""source"":""synthetic"",""name"":""clustered_t__nr100000__ns100000__a1_000ep00__g1"",""dim"":2,""path_r"":"""",""path_s"":"""",""synthetic"":{""generator"":""clustered"",""n_r"":100000,""n_s"":100000,""alpha"":1,""seed"":1}},""run"":{""method"":""interval_tree"",""variant"":""sampling"",""t"":300000,""seed"":1,""repeats"":3,""j_star"":1000000,""enum_cap"":0,""write_samples"":false,""verify"":false},""output"":{""out_dir"":""run/temp/exp5/clustered_t"",""run_tag"":""exp5_clustered_t""},""sys"":{""threads"":1},""logging"":{""level"":""INFO"",""with_timestamp"":true,""with_thread_id"":false}}","{""generator"":""clustered"",""dataset"":""clustered_t__nr100000__ns100000__a1_000ep00__g1"",""n_r"":100000,""n_s"":100000,""has_exact_k"":false,""k_target"":0,""k_achieved"":0,""alpha_target"":1,""alpha_achieved"":nan,""notes"":""clusters=10, sigma=0.05, w_min_r=0.003, w_max_r=0.02, share_clusters=1""}"
clustered_t__nr100000__ns100000__a1_000ep00__g1,clustered,1,100000,100000,interval_tree,adaptive,300000,0,1,1,1354.75,2.16826e+07,1,0,1,0,fallback_sampling,1000001,"{""build_ms"":140.295501,""build_active_ms"":23.412813,""build_events_ms"":37.620412,""build_start_ids_ms"":1.513551,""build_y_endpoints_ms"":27.931716,""build_y_indices_ms"":49.809419,""enumerate_prepare_ms"":155.809754,""phase1_count_adaptive_ms"":520.674755,""phase2_slots_ms"":20.538348,""phase3_resweep_ms"":471.297419,""run_build_ms"":140.296391,""run_fallback_count_ms"":520.677885,""run_fallback_sample_ms"":492.340146,""run_pilot_enum_prepare_ms"":155.813644,""run_pilot_enum_scan_ms"":37.303787}",,"{""dataset"":{""source"":""synthetic"",""name"":""clustered_t__nr100000__ns100000__a1_000ep00__g1"",""dim"":2,""path_r"":"""",""path_s"":"""",""synthetic"":{""generator"":""clustered"",""n_r"":100000,""n_s"":100000,""alpha"":1,""seed"":1}},""run"":{""method"":""interval_tree"",""variant"":""adaptive"",""t"":300000,""seed"":1,""repeats"":3,""j_star"":1000000,""enum_cap"":0,""write_samples"":false,""verify"":false},""output"":{""out_dir"":""run/temp/exp5/clustered_t"",""run_tag"":""exp5_clustered_t""},""sys"":{""threads"":1},""logging"":{""level"":""INFO"",""with_timestamp"":true,""with_thread_id"":false}}","{""generator"":""clustered"",""dataset"":""clustered_t__nr100000__ns100000__a1_000ep00__g1"",""n_r"":100000,""n_s"":100000,""has_exact_k"":false,""k_target"":0,""k_achieved"":0,""alpha_target"":1,""alpha_achieved"":nan,""notes"":""clusters=10, sigma=0.05, w_min_r=0.003, w_max_r=0.02, share_clusters=1""}"
clustered_t__nr100000__ns100000__a1_000ep00__g1,clustered,1,100000,100000,interval_tree,adaptive,300000,1,2,1,1400.63,2.16826e+07,1,0,1,0,fallback_sampling,1000001,"{""build_ms"":163.768472,""build_active_ms"":23.444093,""build_events_ms"":61.055374,""build_start_ids_ms"":1.509381,""build_y_endpoints_ms"":27.916257,""build_y_indices_ms"":49.833388,""enumerate_prepare_ms"":146.311525,""phase1_count_adaptive_ms"":509.610826,""phase2_slots_ms"":17.875459,""phase3_resweep_ms"":474.259500,""run_build_ms"":163.769572,""run_fallback_count_ms"":509.612905,""run_fallback_sample_ms"":492.219318,""run_pilot_enum_prepare_ms"":146.315066,""run_pilot_enum_scan_ms"":33.779634}",,"{""dataset"":{""source"":""synthetic"",""name"":""clustered_t__nr100000__ns100000__a1_000ep00__g1"",""dim"":2,""path_r"":"""",""path_s"":"""",""synthetic"":{""generator"":""clustered"",""n_r"":100000,""n_s"":100000,""alpha"":1,""seed"":1}},""run"":{""method"":""interval_tree"",""variant"":""adaptive"",""t"":300000,""seed"":1,""repeats"":3,""j_star"":1000000,""enum_cap"":0,""write_samples"":false,""verify"":false},""output"":{""out_dir"":""run/temp/exp5/clustered_t"",""run_tag"":""exp5_clustered_t""},""sys"":{""threads"":1},""logging"":{""level"":""INFO"",""with_timestamp"":true,""with_thread_id"":false}}","{""generator"":""clustered"",""dataset"":""clustered_t__nr100000__ns100000__a1_000ep00__g1"",""n_r"":100000,""n_s"":100000,""has_exact_k"":false,""k_target"":0,""k_achieved"":0,""alpha_target"":1,""alpha_achieved"":nan,""notes"":""clusters=10, sigma=0.05, w_min_r=0.003, w_max_r=0.02, share_clusters=1""}"
clustered_t__nr100000__ns100000__a1_000ep00__g1,clustered,1,100000,100000,interval_tree,adaptive,300000,2,3,1,1394.73,2.16826e+07,1,0,1,0,fallback_sampling,1000001,"{""build_ms"":154.897481,""build_active_ms"":23.437722,""build_events_ms"":52.068165,""build_start_ids_ms"":1.513641,""build_y_endpoints_ms"":27.928817,""build_y_indices_ms"":49.938506,""enumerate_prepare_ms"":146.763756,""phase1_count_adaptive_ms"":510.116425,""phase2_slots_ms"":17.589654,""phase3_resweep_ms"":471.124829,""run_build_ms"":154.898511,""run_fallback_count_ms"":510.119335,""run_fallback_sample_ms"":488.800051,""run_pilot_enum_prepare_ms"":146.767016,""run_pilot_enum_scan_ms"":34.823055}",,"{""dataset"":{""source"":""synthetic"",""name"":""clustered_t__nr100000__ns100000__a1_000ep00__g1"",""dim"":2,""path_r"":"""",""path_s"":"""",""synthetic"":{""generator"":""clustered"",""n_r"":100000,""n_s"":100000,""alpha"":1,""seed"":1}},""run"":{""method"":""interval_tree"",""variant"":""adaptive"",""t"":300000,""seed"":1,""repeats"":3,""j_star"":1000000,""enum_cap"":0,""write_samples"":false,""verify"":false},""output"":{""out_dir"":""run/temp/exp5/clustered_t"",""run_tag"":""exp5_clustered_t""},""sys"":{""threads"":1},""logging"":{""level"":""INFO"",""with_timestamp"":true,""with_thread_id"":false}}","{""generator"":""clustered"",""dataset"":""clustered_t__nr100000__ns100000__a1_000ep00__g1"",""n_r"":100000,""n_s"":100000,""has_exact_k"":false,""k_target"":0,""k_achieved"":0,""alpha_target"":1,""alpha_achieved"":nan,""notes"":""clusters=10, sigma=0.05, w_min_r=0.003, w_max_r=0.02, share_clusters=1""}"
clustered_t__nr100000__ns100000__a1_000ep00__g1,clustered,1,100000,100000,kd_tree,sampling,300000,0,1,1,929.431,2.16826e+07,1,0,0,0,,0,"{""build_ms"":103.583912,""build_events_ms"":34.520201,""build_kdtrees_ms"":35.417294,""build_rank_arrays_ms"":32.264523,""build_start_index_ms"":1.338664,""phase1_count_ms"":374.911278,""phase2_alias_ms"":450.926654,""phase3_sweep_ms"":422.854741,""run_build_ms"":103.584901,""run_count_ms"":374.913737,""run_sample_ms"":450.927995}",,"{""dataset"":{""source"":""synthetic"",""name"":""clustered_t__nr100000__ns100000__a1_000ep00__g1"",""dim"":2,""path_r"":"""",""path_s"":"""",""synthetic"":{""generator"":""clustered"",""n_r"":100000,""n_s"":100000,""alpha"":1,""seed"":1}},""run"":{""method"":""kd_tree"",""variant"":""sampling"",""t"":300000,""seed"":1,""repeats"":3,""j_star"":1000000,""enum_cap"":0,""write_samples"":false,""verify"":false},""output"":{""out_dir"":""run/temp/exp5/clustered_t"",""run_tag"":""exp5_clustered_t""},""sys"":{""threads"":1},""logging"":{""level"":""INFO"",""with_timestamp"":true,""with_thread_id"":false}}","{""generator"":""clustered"",""dataset"":""clustered_t__nr100000__ns100000__a1_000ep00__g1"",""n_r"":100000,""n_s"":100000,""has_exact_k"":false,""k_target"":0,""k_achieved"":0,""alpha_target"":1,""alpha_achieved"":nan,""notes"":""clusters=10, sigma=0.05, w_min_r=0.003, w_max_r=0.02, share_clusters=1""}"
clustered_t__nr100000__ns100000__a1_000ep00__g1,clustered,1,100000,100000,kd_tree,sampling,300000,1,2,1,926.236,2.16826e+07,1,0,0,0,,0,"{""build_ms"":103.244267,""build_events_ms"":34.349434,""build_kdtrees_ms"":35.147199,""build_rank_arrays_ms"":32.347172,""build_start_index_ms"":1.354624,""phase1_count_ms"":374.638592,""phase2_alias_ms"":448.340373,""phase3_sweep_ms"":419.949295,""run_build_ms"":103.244967,""run_count_ms"":374.641872,""run_sample_ms"":448.341343}",,"{""dataset"":{""source"":""synthetic"",""name"":""clustered_t__nr100000__ns100000__a1_000ep00__g1"",""dim"":2,""path_r"":"""",""path_s"":"""",""synthetic"":{""generator"":""clustered"",""n_r"":100000,""n_s"":100000,""alpha"":1,""seed"":1}},""run"":{""method"":""kd_tree"",""variant"":""sampling"",""t"":300000,""seed"":1,""repeats"":3,""j_star"":1000000,""enum_cap"":0,""write_samples"":false,""verify"":false},""output"":{""out_dir"":""run/temp/exp5/clustered_t"",""run_tag"":""exp5_clustered_t""},""sys"":{""threads"":1},""logging"":{""level"":""INFO"",""with_timestamp"":true,""with_thread_id"":false}}","{""generator"":""clustered"",""dataset"":""clustered_t__nr100000__ns100000__a1_000ep00__g1"",""n_r"":100000,""n_s"":100000,""has_exact_k"":false,""k_target"":0,""k_achieved"":0,""alpha_target"":1,""alpha_achieved"":nan,""notes"":""clusters=10, sigma=0.05, w_min_r=0.003, w_max_r=0.02, share_clusters=1""}"
clustered_t__nr100000__ns100000__a1_000ep00__g1,clustered,1,100000,100000,kd_tree,sampling,300000,2,3,1,927.681,2.16826e+07,1,0,0,0,,0,"{""build_ms"":103.198089,""build_events_ms"":34.314545,""build_kdtrees_ms"":35.164298,""build_rank_arrays_ms"":32.320723,""build_start_index_ms"":1.352724,""phase1_count_ms"":374.667571,""phase2_alias_ms"":449.808495,""phase3_sweep_ms"":421.728241,""run_build_ms"":103.198779,""run_count_ms"":374.670241,""run_sample_ms"":449.809445}",,"{""dataset"":{""source"":""synthetic"",""name"":""clustered_t__nr100000__ns100000__a1_000ep00__g1"",""dim"":2,""path_r"":"""",""path_s"":"""",""synthetic"":{""generator"":""clustered"",""n_r"":100000,""n_s"":100000,""alpha"":1,""seed"":1}},""run"":{""method"":""kd_tree"",""variant"":""sampling"",""t"":300000,""seed"":1,""repeats"":3,""j_star"":1000000,""enum_cap"":0,""write_samples"":false,""verify"":false},""output"":{""out_dir"":""run/temp/exp5/clustered_t"",""run_tag"":""exp5_clustered_t""},""sys"":{""threads"":1},""logging"":{""level"":""INFO"",""with_timestamp"":true,""with_thread_id"":false}}","{""generator"":""clustered"",""dataset"":""clustered_t__nr100000__ns100000__a1_000ep00__g1"",""n_r"":100000,""n_s"":100000,""has_exact_k"":false,""k_target"":0,""k_achieved"":0,""alpha_target"":1,""alpha_achieved"":nan,""notes"":""clusters=10, sigma=0.05, w_min_r=0.003, w_max_r=0.02, share_clusters=1""}"
clustered_t__nr100000__ns100000__a1_000ep00__g1,clustered,1,100000,100000,kd_tree,adaptive,300000,0,1,1,1236.61,2.16826e+07,1,0,1,0,fallback_sampling,1000001,"{""adaptive_fallback_sampling_ms"":442.842317,""build_ms"":103.212608,""build_embedding_ms"":32.378062,""build_events_ms"":34.324374,""build_kdtrees_ms"":35.167828,""build_rank_arrays_ms"":32.339292,""build_start_index_ms"":1.337634,""enumerate_prepare_ms"":101.802514,""phase1_count_and_maybe_enumerate_ms"":431.712130,""phase2_alias_ms"":5.239600,""phase2_assign_ms"":22.451311,""phase3_sweep_ms"":414.675075,""run_build_ms"":103.213338,""run_fallback_count_ms"":431.715100,""run_fallback_sample_ms"":442.843737,""run_pilot_enum_prepare_ms"":101.806404,""run_pilot_enum_scan_ms"":157.014380}",,"{""dataset"":{""source"":""synthetic"",""name"":""clustered_t__nr100000__ns100000__a1_000ep00__g1"",""dim"":2,""path_r"":"""",""path_s"":"""",""synthetic"":{""generator"":""clustered"",""n_r"":100000,""n_s"":100000,""alpha"":1,""seed"":1}},""run"":{""method"":""kd_tree"",""variant"":""adaptive"",""t"":300000,""seed"":1,""repeats"":3,""j_star"":1000000,""enum_cap"":0,""write_samples"":false,""verify"":false},""output"":{""out_dir"":""run/temp/exp5/clustered_t"",""run_tag"":""exp5_clustered_t""},""sys"":{""threads"":1},""logging"":{""level"":""INFO"",""with_timestamp"":true,""with_thread_id"":false}}","{""generator"":""clustered"",""dataset"":""clustered_t__nr100000__ns100000__a1_000ep00__g1"",""n_r"":100000,""n_s"":100000,""has_exact_k"":false,""k_target"":0,""k_achieved"":0,""alpha_target"":1,""alpha_achieved"":nan,""notes"":""clusters=10, sigma=0.05, w_min_r=0.003, w_max_r=0.02, share_clusters=1""}"
clustered_t__nr100000__ns100000__a1_000ep00__g1,clustered,1,100000,100000,kd_tree,adaptive,300000,1,2,1,1242.37,2.16826e+07,1,0,1,0,fallback_sampling,1000001,"{""adaptive_fallback_sampling_ms"":443.918686,""build_ms"":103.122309,""build_embedding_ms"":32.336872,""build_events_ms"":34.350193,""build_kdtrees_ms"":35.078560,""build_rank_arrays_ms"":32.295803,""build_start_index_ms"":1.352714,""enumerate_prepare_ms"":101.775595,""phase1_count_and_maybe_enumerate_ms"":436.146814,""phase2_alias_ms"":5.265509,""phase2_assign_ms"":22.884483,""phase3_sweep_ms"":415.298223,""run_build_ms"":103.123020,""run_fallback_count_ms"":436.149364,""run_fallback_sample_ms"":443.920416,""run_pilot_enum_prepare_ms"":101.779475,""run_pilot_enum_scan_ms"":157.380772}",,"{""dataset"":{""source"":""synthetic"",""name"":""clustered_t__nr100000__ns100000__a1_000ep00__g1"",""dim"":2,""path_r"":"""",""path_s"":"""",""synthetic"":{""generator"":""clustered"",""n_r"":100000,""n_s"":100000,""alpha"":1,""seed"":1}},""run"":{""method"":""kd_tree"",""variant"":""adaptive"",""t"":300000,""seed"":1,""repeats"":3,""j_star"":1000000,""enum_cap"":0,""write_samples"":false,""verify"":false},""output"":{""out_dir"":""run/temp/exp5/clustered_t"",""run_tag"":""exp5_clustered_t""},""sys"":{""threads"":1},""logging"":{""level"":""INFO"",""with_timestamp"":true,""with_thread_id"":false}}","{""generator"":""clustered"",""dataset"":""clustered_t__nr100000__ns100000__a1_000ep00__g1"",""n_r"":100000,""n_s"":100000,""has_exact_k"":false,""k_target"":0,""k_achieved"":0,""alpha_target"":1,""alpha_achieved"":nan,""notes"":""clusters=10, sigma=0.05, w_min_r=0.003, w_max_r=0.02, share_clusters=1""}"
clustered_t__nr100000__ns100000__a1_000ep00__g1,clustered,1,100000,100000,kd_tree,adaptive,300000,2,3,1,1236.99,2.16826e+07,1,0,1,0,fallback_sampling,1000001,"{""adaptive_fallback_sampling_ms"":442.877445,""build_ms"":103.059670,""build_embedding_ms"":32.327732,""build_events_ms"":34.292615,""build_kdtrees_ms"":35.073510,""build_rank_arrays_ms"":32.286703,""build_start_index_ms"":1.360734,""enumerate_prepare_ms"":101.771415,""phase1_count_and_maybe_enumerate_ms"":432.174299,""phase2_alias_ms"":5.270199,""phase2_assign_ms"":22.561139,""phase3_sweep_ms"":414.575215,""run_build_ms"":103.060490,""run_fallback_count_ms"":432.177319,""run_fallback_sample_ms"":442.878595,""run_pilot_enum_prepare_ms"":101.775735,""run_pilot_enum_scan_ms"":157.079638}",,"{""dataset"":{""source"":""synthetic"",""name"":""clustered_t__nr100000__ns100000__a1_000ep00__g1"",""dim"":2,""path_r"":"""",""path_s"":"""",""synthetic"":{""generator"":""clustered"",""n_r"":100000,""n_s"":100000,""alpha"":1,""seed"":1}},""run"":{""method"":""kd_tree"",""variant"":""adaptive"",""t"":300000,""seed"":1,""repeats"":3,""j_star"":1000000,""enum_cap"":0,""write_samples"":false,""verify"":false},""output"":{""out_dir"":""run/temp/exp5/clustered_t"",""run_tag"":""exp5_clustered_t""},""sys"":{""threads"":1},""logging"":{""level"":""INFO"",""with_timestamp"":true,""with_thread_id"":false}}","{""generator"":""clustered"",""dataset"":""clustered_t__nr100000__ns100000__a1_000ep00__g1"",""n_r"":100000,""n_s"":100000,""has_exact_k"":false,""k_target"":0,""k_achieved"":0,""alpha_target"":1,""alpha_achieved"":nan,""notes"":""clusters=10, sigma=0.05, w_min_r=0.003, w_max_r=0.02, share_clusters=1""}"
clustered_t__nr100000__ns100000__a1_000ep00__g1,clustered,1,100000,100000,r_tree,sampling,300000,0,1,1,706.478,2.16826e+07,1,0,0,0,,0,"{""build_ms"":36.185069,""phase1_count_ms"":235.561967,""phase2_assign_ms"":10.086938,""phase3_sample_ms"":424.213501,""run_build_ms"":36.186329,""run_count_ms"":235.564177,""run_sample_ms"":434.725270}",,"{""dataset"":{""source"":""synthetic"",""name"":""clustered_t__nr100000__ns100000__a1_000ep00__g1"",""dim"":2,""path_r"":"""",""path_s"":"""",""synthetic"":{""generator"":""clustered"",""n_r"":100000,""n_s"":100000,""alpha"":1,""seed"":1}},""run"":{""method"":""r_tree"",""variant"":""sampling"",""t"":300000,""seed"":1,""repeats"":3,""j_star"":1000000,""enum_cap"":0,""write_samples"":false,""verify"":false},""output"":{""out_dir"":""run/temp/exp5/clustered_t"",""run_tag"":""exp5_clustered_t""},""sys"":{""threads"":1},""logging"":{""level"":""INFO"",""with_timestamp"":true,""with_thread_id"":false}}","{""generator"":""clustered"",""dataset"":""clustered_t__nr100000__ns100000__a1_000ep00__g1"",""n_r"":100000,""n_s"":100000,""has_exact_k"":false,""k_target"":0,""k_achieved"":0,""alpha_target"":1,""alpha_achieved"":nan,""notes"":""clusters=10, sigma=0.05, w_min_r=0.003, w_max_r=0.02, share_clusters=1""}"
clustered_t__nr100000__ns100000__a1_000ep00__g1,clustered,1,100000,100000,r_tree,sampling,300000,1,2,1,702.105,2.16826e+07,1,0,0,0,,0,"{""build_ms"":36.205587,""phase1_count_ms"":229.259808,""phase2_assign_ms"":10.051238,""phase3_sample_ms"":426.016436,""run_build_ms"":36.206537,""run_count_ms"":229.261528,""run_sample_ms"":436.493276}",,"{""dataset"":{""source"":""synthetic"",""name"":""clustered_t__nr100000__ns100000__a1_000ep00__g1"",""dim"":2,""path_r"":"""",""path_s"":"""",""synthetic"":{""generator"":""clustered"",""n_r"":100000,""n_s"":100000,""alpha"":1,""seed"":1}},""run"":{""method"":""r_tree"",""variant"":""sampling"",""t"":300000,""seed"":1,""repeats"":3,""j_star"":1000000,""enum_cap"":0,""write_samples"":false,""verify"":false},""output"":{""out_dir"":""run/temp/exp5/clustered_t"",""run_tag"":""exp5_clustered_t""},""sys"":{""threads"":1},""logging"":{""level"":""INFO"",""with_timestamp"":true,""with_thread_id"":false}}","{""generator"":""clustered"",""dataset"":""clustered_t__nr100000__ns100000__a1_000ep00__g1"",""n_r"":100000,""n_s"":100000,""has_exact_k"":false,""k_target"":0,""k_achieved"":0,""alpha_target"":1,""alpha_achieved"":nan,""notes"":""clusters=10, sigma=0.05, w_min_r=0.003, w_max_r=0.02, share_clusters=1""}"
clustered_t__nr100000__ns100000__a1_000ep00__g1,clustered,1,100000,100000,r_tree,sampling,300000,2,3,1,709.498,2.16826e+07,1,0,0,0,,0,"{""build_ms"":36.197778,""phase1_count_ms"":230.884916,""phase2_assign_ms"":10.068338,""phase3_sample_ms"":431.771886,""run_build_ms"":36.199098,""run_count_ms"":230.886226,""run_sample_ms"":442.266065}",,"{""dataset"":{""source"":""synthetic"",""name"":""clustered_t__nr100000__ns100000__a1_000ep00__g1"",""dim"":2,""path_r"":"""",""path_s"":"""",""synthetic"":{""generator"":""clustered"",""n_r"":100000,""n_s"":100000,""alpha"":1,""seed"":1}},""run"":{""method"":""r_tree"",""variant"":""sampling"",""t"":300000,""seed"":1,""repeats"":3,""j_star"":1000000,""enum_cap"":0,""write_samples"":false,""verify"":false},""output"":{""out_dir"":""run/temp/exp5/clustered_t"",""run_tag"":""exp5_clustered_t""},""sys"":{""threads"":1},""logging"":{""level"":""INFO"",""with_timestamp"":true,""with_thread_id"":false}}","{""generator"":""clustered"",""dataset"":""clustered_t__nr100000__ns100000__a1_000ep00__g1"",""n_r"":100000,""n_s"":100000,""has_exact_k"":false,""k_target"":0,""k_achieved"":0,""alpha_target"":1,""alpha_achieved"":nan,""notes"":""clusters=10, sigma=0.05, w_min_r=0.003, w_max_r=0.02, share_clusters=1""}"
clustered_t__nr100000__ns100000__a1_000ep00__g1,clustered,1,100000,100000,r_tree,adaptive,300000,0,1,1,795.489,2.16826e+07,1,0,1,0,fallback_sampling,1000001,"{""build_ms"":36.192208,""enumerate_prepare_ms"":34.575959,""phase1_adaptive_count_ms"":245.520397,""phase2+3_sampling_ms"":425.049413,""run_build_ms"":36.193538,""run_fallback_count_ms"":245.523127,""run_fallback_sample_ms"":425.052213,""run_pilot_enum_prepare_ms"":34.577929,""run_pilot_enum_scan_ms"":54.113195}",,"{""dataset"":{""source"":""synthetic"",""name"":""clustered_t__nr100000__ns100000__a1_000ep00__g1"",""dim"":2,""path_r"":"""",""path_s"":"""",""synthetic"":{""generator"":""clustered"",""n_r"":100000,""n_s"":100000,""alpha"":1,""seed"":1}},""run"":{""method"":""r_tree"",""variant"":""adaptive"",""t"":300000,""seed"":1,""repeats"":3,""j_star"":1000000,""enum_cap"":0,""write_samples"":false,""verify"":false},""output"":{""out_dir"":""run/temp/exp5/clustered_t"",""run_tag"":""exp5_clustered_t""},""sys"":{""threads"":1},""logging"":{""level"":""INFO"",""with_timestamp"":true,""with_thread_id"":false}}","{""generator"":""clustered"",""dataset"":""clustered_t__nr100000__ns100000__a1_000ep00__g1"",""n_r"":100000,""n_s"":100000,""has_exact_k"":false,""k_target"":0,""k_achieved"":0,""alpha_target"":1,""alpha_achieved"":nan,""notes"":""clusters=10, sigma=0.05, w_min_r=0.003, w_max_r=0.02, share_clusters=1""}"
clustered_t__nr100000__ns100000__a1_000ep00__g1,clustered,1,100000,100000,r_tree,adaptive,300000,1,2,1,793.529,2.16826e+07,1,0,1,0,fallback_sampling,1000001,"{""build_ms"":36.187158,""enumerate_prepare_ms"":34.533570,""phase1_adaptive_count_ms"":245.216892,""phase2+3_sampling_ms"":423.353146,""run_build_ms"":36.188338,""run_fallback_count_ms"":245.219342,""run_fallback_sample_ms"":423.355866,""run_pilot_enum_prepare_ms"":34.536600,""run_pilot_enum_scan_ms"":54.064266}",,"{""dataset"":{""source"":""synthetic"",""name"":""clustered_t__nr100000__ns100000__a1_000ep00__g1"",""dim"":2,""path_r"":"""",""path_s"":"""",""synthetic"":{""generator"":""clustered"",""n_r"":100000,""n_s"":100000,""alpha"":1,""seed"":1}},""run"":{""method"":""r_tree"",""variant"":""adaptive"",""t"":300000,""seed"":1,""repeats"":3,""j_star"":1000000,""enum_cap"":0,""write_samples"":false,""verify"":false},""output"":{""out_dir"":""run/temp/exp5/clustered_t"",""run_tag"":""exp5_clustered_t""},""sys"":{""threads"":1},""logging"":{""level"":""INFO"",""with_timestamp"":true,""with_thread_id"":false}}","{""generator"":""clustered"",""dataset"":""clustered_t__nr100000__ns100000__a1_000ep00__g1"",""n_r"":100000,""n_s"":100000,""has_exact_k"":false,""k_target"":0,""k_achieved"":0,""alpha_target"":1,""alpha_achieved"":nan,""notes"":""clusters=10, sigma=0.05, w_min_r=0.003, w_max_r=0.02, share_clusters=1""}"
clustered_t__nr100000__ns100000__a1_000ep00__g1,clustered,1,100000,100000,r_tree,adaptive,300000,2,3,1,795.606,2.16826e+07,1,0,1,0,fallback_sampling,1000001,"{""build_ms"":36.191458,""enumerate_prepare_ms"":34.528569,""phase1_adaptive_count_ms"":247.899070,""phase2+3_sampling_ms"":422.806076,""run_build_ms"":36.193208,""run_fallback_count_ms"":247.901800,""run_fallback_sample_ms"":422.808836,""run_pilot_enum_prepare_ms"":34.531609,""run_pilot_enum_scan_ms"":54.007488}",,"{""dataset"":{""source"":""synthetic"",""name"":""clustered_t__nr100000__ns100000__a1_000ep00__g1"",""dim"":2,""path_r"":"""",""path_s"":"""",""synthetic"":{""generator"":""clustered"",""n_r"":100000,""n_s"":100000,""alpha"":1,""seed"":1}},""run"":{""method"":""r_tree"",""variant"":""adaptive"",""t"":300000,""seed"":1,""repeats"":3,""j_star"":1000000,""enum_cap"":0,""write_samples"":false,""verify"":false},""output"":{""out_dir"":""run/temp/exp5/clustered_t"",""run_tag"":""exp5_clustered_t""},""sys"":{""threads"":1},""logging"":{""level"":""INFO"",""with_timestamp"":true,""with_thread_id"":false}}","{""generator"":""clustered"",""dataset"":""clustered_t__nr100000__ns100000__a1_000ep00__g1"",""n_r"":100000,""n_s"":100000,""has_exact_k"":false,""k_target"":0,""k_achieved"":0,""alpha_target"":1,""alpha_achieved"":nan,""notes"":""clusters=10, sigma=0.05, w_min_r=0.003, w_max_r=0.02, share_clusters=1""}"
clustered_t__nr100000__ns100000__a1_000ep00__g1,clustered,1,100000,100000,range_tree,sampling,300000,0,1,1,2174.41,2.16826e+07,1,0,0,0,,0,"{""build_ms"":101.801103,""build_events_ms"":34.344543,""build_range_trees_ms"":35.113789,""build_rank_arrays_ms"":30.952197,""build_start_index_ms"":1.348014,""phase1_count_ms"":1040.998895,""phase2_alias_ms"":1031.592363,""phase3_sweep_ms"":1003.474041,""run_build_ms"":101.802223,""run_count_ms"":1041.001765,""run_sample_ms"":1031.593583}",,"{""dataset"":{""source"":""synthetic"",""name"":""clustered_t__nr100000__ns100000__a1_000ep00__g1"",""dim"":2,""path_r"":"""",""path_s"":"""",""synthetic"":{""generator"":""clustered"",""n_r"":100000,""n_s"":100000,""alpha"":1,""seed"":1}},""run"":{""method"":""range_tree"",""variant"":""sampling"",""t"":300000,""seed"":1,""repeats"":3,""j_star"":1000000,""enum_cap"":0,""write_samples"":false,""verify"":false},""output"":{""out_dir"":""run/temp/exp5/clustered_t"",""run_tag"":""exp5_clustered_t""},""sys"":{""threads"":1},""logging"":{""level"":""INFO"",""with_timestamp"":true,""with_thread_id"":false}}","{""generator"":""clustered"",""dataset"":""clustered_t__nr100000__ns100000__a1_000ep00__g1"",""n_r"":100000,""n_s"":100000,""has_exact_k"":false,""k_target"":0,""k_achieved"":0,""alpha_target"":1,""alpha_achieved"":nan,""notes"":""clusters=10, sigma=0.05, w_min_r=0.003, w_max_r=0.02, share_clusters=1""}"
clustered_t__nr100000__ns100000__a1_000ep00__g1,clustered,1,100000,100000,range_tree,sampling,300000,1,2,1,2175.4,2.16826e+07,1,0,0,0,,0,"{""build_ms"":100.619945,""build_events_ms"":34.308523,""build_range_trees_ms"":34.028619,""build_rank_arrays_ms"":30.886030,""build_start_index_ms"":1.350334,""phase1_count_ms"":1042.298597,""phase2_alias_ms"":1032.471323,""phase3_sweep_ms"":1004.049926,""run_build_ms"":100.620986,""run_count_ms"":1042.301346,""run_sample_ms"":1032.472313}",,"{""dataset"":{""source"":""synthetic"",""name"":""clustered_t__nr100000__ns100000__a1_000ep00__g1"",""dim"":2,""path_r"":"""",""path_s"":"""",""synthetic"":{""generator"":""clustered"",""n_r"":100000,""n_s"":100000,""alpha"":1,""seed"":1}},""run"":{""method"":""range_tree"",""variant"":""sampling"",""t"":300000,""seed"":1,""repeats"":3,""j_star"":1000000,""enum_cap"":0,""write_samples"":false,""verify"":false},""output"":{""out_dir"":""run/temp/exp5/clustered_t"",""run_tag"":""exp5_clustered_t""},""sys"":{""threads"":1},""logging"":{""level"":""INFO"",""with_timestamp"":true,""with_thread_id"":false}}","{""generator"":""clustered"",""dataset"":""clustered_t__nr100000__ns100000__a1_000ep00__g1"",""n_r"":100000,""n_s"":100000,""has_exact_k"":false,""k_target"":0,""k_achieved"":0,""alpha_target"":1,""alpha_achieved"":nan,""notes"":""clusters=10, sigma=0.05, w_min_r=0.003, w_max_r=0.02, share_clusters=1""}"
clustered_t__nr100000__ns100000__a1_000ep00__g1,clustered,1,100000,100000,range_tree,sampling,300000,2,3,1,2173.8,2.16826e+07,1,0,0,0,,0,"{""build_ms"":100.638075,""build_events_ms"":34.330233,""build_range_trees_ms"":34.007659,""build_rank_arrays_ms"":30.902949,""build_start_index_ms"":1.351825,""phase1_count_ms"":1040.739693,""phase2_alias_ms"":1032.409981,""phase3_sweep_ms"":1004.225380,""run_build_ms"":100.638605,""run_count_ms"":1040.742183,""run_sample_ms"":1032.414971}",,"{""dataset"":{""source"":""synthetic"",""name"":""clustered_t__nr100000__ns100000__a1_000ep00__g1"",""dim"":2,""path_r"":"""",""path_s"":"""",""synthetic"":{""generator"":""clustered"",""n_r"":100000,""n_s"":100000,""alpha"":1,""seed"":1}},""run"":{""method"":""range_tree"",""variant"":""sampling"",""t"":300000,""seed"":1,""repeats"":3,""j_star"":1000000,""enum_cap"":0,""write_samples"":false,""verify"":false},""output"":{""out_dir"":""run/temp/exp5/clustered_t"",""run_tag"":""exp5_clustered_t""},""sys"":{""threads"":1},""logging"":{""level"":""INFO"",""with_timestamp"":true,""with_thread_id"":false}}","{""generator"":""clustered"",""dataset"":""clustered_t__nr100000__ns100000__a1_000ep00__g1"",""n_r"":100000,""n_s"":100000,""has_exact_k"":false,""k_target"":0,""k_achieved"":0,""alpha_target"":1,""alpha_achieved"":nan,""notes"":""clusters=10, sigma=0.05, w_min_r=0.003, w_max_r=0.02, share_clusters=1""}"
clustered_t__nr100000__ns100000__a1_000ep00__g1,clustered,1,100000,100000,range_tree,adaptive,300000,0,1,1,2533.85,2.16826e+07,1,0,1,0,fallback_sampling,1000001,"{""adaptive_count_ms"":1110.144001,""build_ms"":101.831152,""build_events_ms"":34.310944,""build_range_trees_ms"":35.232816,""build_rank_arrays_ms"":30.898419,""build_start_index_ms"":1.344094,""enumerate_prepare_ms"":100.851031,""phase2_alias_ms"":1026.155857,""phase3_sweep_ms"":997.743650,""run_build_ms"":101.832122,""run_fallback_count_ms"":1110.146901,""run_fallback_sample_ms"":1026.157057,""run_pilot_enum_prepare_ms"":100.854381,""run_pilot_enum_scan_ms"":194.835324}",,"{""dataset"":{""source"":""synthetic"",""name"":""clustered_t__nr100000__ns100000__a1_000ep00__g1"",""dim"":2,""path_r"":"""",""path_s"":"""",""synthetic"":{""generator"":""clustered"",""n_r"":100000,""n_s"":100000,""alpha"":1,""seed"":1}},""run"":{""method"":""range_tree"",""variant"":""adaptive"",""t"":300000,""seed"":1,""repeats"":3,""j_star"":1000000,""enum_cap"":0,""write_samples"":false,""verify"":false},""output"":{""out_dir"":""run/temp/exp5/clustered_t"",""run_tag"":""exp5_clustered_t""},""sys"":{""threads"":1},""logging"":{""level"":""INFO"",""with_timestamp"":true,""with_thread_id"":false}}","{""generator"":""clustered"",""dataset"":""clustered_t__nr100000__ns100000__a1_000ep00__g1"",""n_r"":100000,""n_s"":100000,""has_exact_k"":false,""k_target"":0,""k_achieved"":0,""alpha_target"":1,""alpha_achieved"":nan,""notes"":""clusters=10, sigma=0.05, w_min_r=0.003, w_max_r=0.02, share_clusters=1""}"
clustered_t__nr100000__ns100000__a1_000ep00__g1,clustered,1,100000,100000,range_tree,adaptive,300000,1,2,1,2530.04,2.16826e+07,1,0,1,0,fallback_sampling,1000001,"{""adaptive_count_ms"":1110.354653,""build_ms"":100.537866,""build_events_ms"":34.296794,""build_range_trees_ms"":33.947310,""build_rank_arrays_ms"":30.896059,""build_start_index_ms"":1.349743,""enumerate_prepare_ms"":100.379139,""phase2_alias_ms"":1025.910718,""phase3_sweep_ms"":997.300675,""run_build_ms"":100.538526,""run_fallback_count_ms"":1110.357963,""run_fallback_sample_ms"":1025.915148,""run_pilot_enum_prepare_ms"":100.382569,""run_pilot_enum_scan_ms"":192.826701}",,"{""dataset"":{""source"":""synthetic"",""name"":""clustered_t__nr100000__ns100000__a1_000ep00__g1"",""dim"":2,""path_r"":"""",""path_s"":"""",""synthetic"":{""generator"":""clustered"",""n_r"":100000,""n_s"":100000,""alpha"":1,""seed"":1}},""run"":{""method"":""range_tree"",""variant"":""adaptive"",""t"":300000,""seed"":1,""repeats"":3,""j_star"":1000000,""enum_cap"":0,""write_samples"":false,""verify"":false},""output"":{""out_dir"":""run/temp/exp5/clustered_t"",""run_tag"":""exp5_clustered_t""},""sys"":{""threads"":1},""logging"":{""level"":""INFO"",""with_timestamp"":true,""with_thread_id"":false}}","{""generator"":""clustered"",""dataset"":""clustered_t__nr100000__ns100000__a1_000ep00__g1"",""n_r"":100000,""n_s"":100000,""has_exact_k"":false,""k_target"":0,""k_achieved"":0,""alpha_target"":1,""alpha_achieved"":nan,""notes"":""clusters=10, sigma=0.05, w_min_r=0.003, w_max_r=0.02, share_clusters=1""}"
clustered_t__nr100000__ns100000__a1_000ep00__g1,clustered,1,100000,100000,range_tree,adaptive,300000,2,3,1,2533.29,2.16826e+07,1,0,1,0,fallback_sampling,1000001,"{""adaptive_count_ms"":1105.978394,""build_ms"":103.933381,""build_events_ms"":34.337063,""build_range_trees_ms"":33.913591,""build_rank_arrays_ms"":30.916338,""build_start_index_ms"":4.719919,""enumerate_prepare_ms"":100.672633,""phase2_alias_ms"":1028.926377,""phase3_sweep_ms"":1000.505311,""run_build_ms"":103.934061,""run_fallback_count_ms"":1105.980424,""run_fallback_sample_ms"":1028.930597,""run_pilot_enum_prepare_ms"":100.675963,""run_pilot_enum_scan_ms"":193.750142}",,"{""dataset"":{""source"":""synthetic"",""name"":""clustered_t__nr100000__ns100000__a1_000ep00__g1"",""dim"":2,""path_r"":"""",""path_s"":"""",""synthetic"":{""generator"":""clustered"",""n_r"":100000,""n_s"":100000,""alpha"":1,""seed"":1}},""run"":{""method"":""range_tree"",""variant"":""adaptive"",""t"":300000,""seed"":1,""repeats"":3,""j_star"":1000000,""enum_cap"":0,""write_samples"":false,""verify"":false},""output"":{""out_dir"":""run/temp/exp5/clustered_t"",""run_tag"":""exp5_clustered_t""},""sys"":{""threads"":1},""logging"":{""level"":""INFO"",""with_timestamp"":true,""with_thread_id"":false}}","{""generator"":""clustered"",""dataset"":""clustered_t__nr100000__ns100000__a1_000ep00__g1"",""n_r"":100000,""n_s"":100000,""has_exact_k"":false,""k_target"":0,""k_achieved"":0,""alpha_target"":1,""alpha_achieved"":nan,""notes"":""clusters=10, sigma=0.05, w_min_r=0.003, w_max_r=0.02, share_clusters=1""}"
clustered_t__nr100000__ns100000__a1_000ep00__g1,clustered,1,100000,100000,pbsm,sampling,300000,0,1,1,1662.47,2.16826e+07,1,0,0,0,,0,"{""build_ms"":21.742144,""pbsm_build_ms"":21.741614,""pbsm_count_pass1_ms"":788.151574,""pbsm_partitions_stripes_ms"":21.397540,""pbsm_sample_draw_ranks_ms"":19.119224,""pbsm_sample_pass2_select_ms"":833.265490,""run_build_ms"":21.742774,""run_count_ms"":788.155124,""run_sample_ms"":852.567750}",,"{""dataset"":{""source"":""synthetic"",""name"":""clustered_t__nr100000__ns100000__a1_000ep00__g1"",""dim"":2,""path_r"":"""",""path_s"":"""",""synthetic"":{""generator"":""clustered"",""n_r"":100000,""n_s"":100000,""alpha"":1,""seed"":1}},""run"":{""method"":""pbsm"",""variant"":""sampling"",""t"":300000,""seed"":1,""repeats"":3,""j_star"":1000000,""enum_cap"":0,""write_samples"":false,""verify"":false},""output"":{""out_dir"":""run/temp/exp5/clustered_t"",""run_tag"":""exp5_clustered_t""},""sys"":{""threads"":1},""logging"":{""level"":""INFO"",""with_timestamp"":true,""with_thread_id"":false}}","{""generator"":""clustered"",""dataset"":""clustered_t__nr100000__ns100000__a1_000ep00__g1"",""n_r"":100000,""n_s"":100000,""has_exact_k"":false,""k_target"":0,""k_achieved"":0,""alpha_target"":1,""alpha_achieved"":nan,""notes"":""clusters=10, sigma=0.05, w_min_r=0.003, w_max_r=0.02, share_clusters=1""}"
clustered_t__nr100000__ns100000__a1_000ep00__g1,clustered,1,100000,100000,pbsm,sampling,300000,1,2,1,1684.89,2.16826e+07,1,0,0,0,,0,"{""build_ms"":21.728014,""pbsm_build_ms"":21.727774,""pbsm_count_pass1_ms"":801.699173,""pbsm_partitions_stripes_ms"":21.383191,""pbsm_sample_draw_ranks_ms"":18.986977,""pbsm_sample_pass2_select_ms"":842.282185,""run_build_ms"":21.728384,""run_count_ms"":801.702052,""run_sample_ms"":861.454628}",,"{""dataset"":{""source"":""synthetic"",""name"":""clustered_t__nr100000__ns100000__a1_000ep00__g1"",""dim"":2,""path_r"":"""",""path_s"":"""",""synthetic"":{""generator"":""clustered"",""n_r"":100000,""n_s"":100000,""alpha"":1,""seed"":1}},""run"":{""method"":""pbsm"",""variant"":""sampling"",""t"":300000,""seed"":1,""repeats"":3,""j_star"":1000000,""enum_cap"":0,""write_samples"":false,""verify"":false},""output"":{""out_dir"":""run/temp/exp5/clustered_t"",""run_tag"":""exp5_clustered_t""},""sys"":{""threads"":1},""logging"":{""level"":""INFO"",""with_timestamp"":true,""with_thread_id"":false}}","{""generator"":""clustered"",""dataset"":""clustered_t__nr100000__ns100000__a1_000ep00__g1"",""n_r"":100000,""n_s"":100000,""has_exact_k"":false,""k_target"":0,""k_achieved"":0,""alpha_target"":1,""alpha_achieved"":nan,""notes"":""clusters=10, sigma=0.05, w_min_r=0.003, w_max_r=0.02, share_clusters=1""}"
clustered_t__nr100000__ns100000__a1_000ep00__g1,clustered,1,100000,100000,pbsm,sampling,300000,2,3,1,1702.18,2.16826e+07,1,0,0,0,,0,"{""build_ms"":21.747943,""pbsm_build_ms"":21.747584,""pbsm_count_pass1_ms"":815.402269,""pbsm_partitions_stripes_ms"":21.403471,""pbsm_sample_draw_ranks_ms"":19.167393,""pbsm_sample_pass2_select_ms"":845.669498,""run_build_ms"":21.748454,""run_count_ms"":815.405629,""run_sample_ms"":865.023008}",,"{""dataset"":{""source"":""synthetic"",""name"":""clustered_t__nr100000__ns100000__a1_000ep00__g1"",""dim"":2,""path_r"":"""",""path_s"":"""",""synthetic"":{""generator"":""clustered"",""n_r"":100000,""n_s"":100000,""alpha"":1,""seed"":1}},""run"":{""method"":""pbsm"",""variant"":""sampling"",""t"":300000,""seed"":1,""repeats"":3,""j_star"":1000000,""enum_cap"":0,""write_samples"":false,""verify"":false},""output"":{""out_dir"":""run/temp/exp5/clustered_t"",""run_tag"":""exp5_clustered_t""},""sys"":{""threads"":1},""logging"":{""level"":""INFO"",""with_timestamp"":true,""with_thread_id"":false}}","{""generator"":""clustered"",""dataset"":""clustered_t__nr100000__ns100000__a1_000ep00__g1"",""n_r"":100000,""n_s"":100000,""has_exact_k"":false,""k_target"":0,""k_achieved"":0,""alpha_target"":1,""alpha_achieved"":nan,""notes"":""clusters=10, sigma=0.05, w_min_r=0.003, w_max_r=0.02, share_clusters=1""}"
clustered_t__nr100000__ns100000__a1_000ep00__g1,clustered,1,100000,100000,pbsm,adaptive,300000,0,1,1,1748.03,2.16826e+07,1,0,1,0,fallback_sampling,1000001,"{""build_ms"":21.722334,""enumerate_prepare_ms"":0.000200,""pbsm_adaptive_pass1_ms"":822.046519,""pbsm_adaptive_sample_large_ms"":864.152432,""pbsm_build_ms"":21.721925,""pbsm_partitions_stripes_ms"":21.379591,""run_build_ms"":21.722815,""run_fallback_count_ms"":822.051239,""run_fallback_sample_ms"":864.156232,""run_pilot_enum_prepare_ms"":0.000700,""run_pilot_enum_scan_ms"":40.088312}",,"{""dataset"":{""source"":""synthetic"",""name"":""clustered_t__nr100000__ns100000__a1_000ep00__g1"",""dim"":2,""path_r"":"""",""path_s"":"""",""synthetic"":{""generator"":""clustered"",""n_r"":100000,""n_s"":100000,""alpha"":1,""seed"":1}},""run"":{""method"":""pbsm"",""variant"":""adaptive"",""t"":300000,""seed"":1,""repeats"":3,""j_star"":1000000,""enum_cap"":0,""write_samples"":false,""verify"":false},""output"":{""out_dir"":""run/temp/exp5/clustered_t"",""run_tag"":""exp5_clustered_t""},""sys"":{""threads"":1},""logging"":{""level"":""INFO"",""with_timestamp"":true,""with_thread_id"":false}}","{""generator"":""clustered"",""dataset"":""clustered_t__nr100000__ns100000__a1_000ep00__g1"",""n_r"":100000,""n_s"":100000,""has_exact_k"":false,""k_target"":0,""k_achieved"":0,""alpha_target"":1,""alpha_achieved"":nan,""notes"":""clusters=10, sigma=0.05, w_min_r=0.003, w_max_r=0.02, share_clusters=1""}"
clustered_t__nr100000__ns100000__a1_000ep00__g1,clustered,1,100000,100000,pbsm,adaptive,300000,1,2,1,1723.9,2.16826e+07,1,0,1,0,fallback_sampling,1000001,"{""build_ms"":21.772513,""enumerate_prepare_ms"":0.000200,""pbsm_adaptive_pass1_ms"":820.556106,""pbsm_adaptive_sample_large_ms"":841.892537,""pbsm_build_ms"":21.771743,""pbsm_partitions_stripes_ms"":21.428490,""run_build_ms"":21.773153,""run_fallback_count_ms"":820.567256,""run_fallback_sample_ms"":841.899957,""run_pilot_enum_prepare_ms"":0.000700,""run_pilot_enum_scan_ms"":39.637851}",,"{""dataset"":{""source"":""synthetic"",""name"":""clustered_t__nr100000__ns100000__a1_000ep00__g1"",""dim"":2,""path_r"":"""",""path_s"":"""",""synthetic"":{""generator"":""clustered"",""n_r"":100000,""n_s"":100000,""alpha"":1,""seed"":1}},""run"":{""method"":""pbsm"",""variant"":""adaptive"",""t"":300000,""seed"":1,""repeats"":3,""j_star"":1000000,""enum_cap"":0,""write_samples"":false,""verify"":false},""output"":{""out_dir"":""run/temp/exp5/clustered_t"",""run_tag"":""exp5_clustered_t""},""sys"":{""threads"":1},""logging"":{""level"":""INFO"",""with_timestamp"":true,""with_thread_id"":false}}","{""generator"":""clustered"",""dataset"":""clustered_t__nr100000__ns100000__a1_000ep00__g1"",""n_r"":100000,""n_s"":100000,""has_exact_k"":false,""k_target"":0,""k_achieved"":0,""alpha_target"":1,""alpha_achieved"":nan,""notes"":""clusters=10, sigma=0.05, w_min_r=0.003, w_max_r=0.02, share_clusters=1""}"
clustered_t__nr100000__ns100000__a1_000ep00__g1,clustered,1,100000,100000,pbsm,adaptive,300000,2,3,1,1722.31,2.16826e+07,1,0,1,0,fallback_sampling,1000001,"{""build_ms"":21.819282,""enumerate_prepare_ms"":0.000180,""pbsm_adaptive_pass1_ms"":803.799515,""pbsm_adaptive_sample_large_ms"":856.510804,""pbsm_build_ms"":21.818812,""pbsm_partitions_stripes_ms"":21.474748,""run_build_ms"":21.819802,""run_fallback_count_ms"":803.804965,""run_fallback_sample_ms"":856.514924,""run_pilot_enum_prepare_ms"":0.000680,""run_pilot_enum_scan_ms"":40.124882}",,"{""dataset"":{""source"":""synthetic"",""name"":""clustered_t__nr100000__ns100000__a1_000ep00__g1"",""dim"":2,""path_r"":"""",""path_s"":"""",""synthetic"":{""generator"":""clustered"",""n_r"":100000,""n_s"":100000,""alpha"":1,""seed"":1}},""run"":{""method"":""pbsm"",""variant"":""adaptive"",""t"":300000,""seed"":1,""repeats"":3,""j_star"":1000000,""enum_cap"":0,""write_samples"":false,""verify"":false},""output"":{""out_dir"":""run/temp/exp5/clustered_t"",""run_tag"":""exp5_clustered_t""},""sys"":{""threads"":1},""logging"":{""level"":""INFO"",""with_timestamp"":true,""with_thread_id"":false}}","{""generator"":""clustered"",""dataset"":""clustered_t__nr100000__ns100000__a1_000ep00__g1"",""n_r"":100000,""n_s"":100000,""has_exact_k"":false,""k_target"":0,""k_achieved"":0,""alpha_target"":1,""alpha_achieved"":nan,""notes"":""clusters=10, sigma=0.05, w_min_r=0.003, w_max_r=0.02, share_clusters=1""}"
clustered_t__nr100000__ns100000__a1_000ep00__g1,clustered,1,100000,100000,tlsop,sampling,300000,0,1,1,645.407,2.16826e+07,1,0,0,0,,0,"{""build_ms"":33.702914,""run_build_ms"":33.703664,""run_count_ms"":284.227146,""run_sample_ms"":327.471127,""tlsop_alloc_tiles_ms"":0.198156,""tlsop_build_ms"":33.701994,""tlsop_build_edges_ms"":0.000500,""tlsop_count_pass1_ms"":284.223816,""tlsop_pass1_count_caps_ms"":5.944856,""tlsop_pass1_reserve_ms"":0.719736,""tlsop_pass2_fill_ms"":7.209682,""tlsop_sample_draw_ranks_ms"":19.039065,""tlsop_sample_pass2_select_ms"":308.259105,""tlsop_sort_lists_ms"":19.579345}",,"{""dataset"":{""source"":""synthetic"",""name"":""clustered_t__nr100000__ns100000__a1_000ep00__g1"",""dim"":2,""path_r"":"""",""path_s"":"""",""synthetic"":{""generator"":""clustered"",""n_r"":100000,""n_s"":100000,""alpha"":1,""seed"":1}},""run"":{""method"":""tlsop"",""variant"":""sampling"",""t"":300000,""seed"":1,""repeats"":3,""j_star"":1000000,""enum_cap"":0,""write_samples"":false,""verify"":false},""output"":{""out_dir"":""run/temp/exp5/clustered_t"",""run_tag"":""exp5_clustered_t""},""sys"":{""threads"":1},""logging"":{""level"":""INFO"",""with_timestamp"":true,""with_thread_id"":false}}","{""generator"":""clustered"",""dataset"":""clustered_t__nr100000__ns100000__a1_000ep00__g1"",""n_r"":100000,""n_s"":100000,""has_exact_k"":false,""k_target"":0,""k_achieved"":0,""alpha_target"":1,""alpha_achieved"":nan,""notes"":""clusters=10, sigma=0.05, w_min_r=0.003, w_max_r=0.02, share_clusters=1""}"
clustered_t__nr100000__ns100000__a1_000ep00__g1,clustered,1,100000,100000,tlsop,sampling,300000,1,2,1,645.265,2.16826e+07,1,0,0,0,,0,"{""build_ms"":33.017958,""run_build_ms"":33.019107,""run_count_ms"":287.164969,""run_sample_ms"":324.474614,""tlsop_alloc_tiles_ms"":0.061799,""tlsop_build_ms"":33.017137,""tlsop_build_edges_ms"":0.000640,""tlsop_count_pass1_ms"":287.159829,""tlsop_pass1_count_caps_ms"":5.930257,""tlsop_pass1_reserve_ms"":0.452311,""tlsop_pass2_fill_ms"":7.014986,""tlsop_sample_draw_ranks_ms"":18.749301,""tlsop_sample_pass2_select_ms"":305.550236,""tlsop_sort_lists_ms"":19.449477}",,"{""dataset"":{""source"":""synthetic"",""name"":""clustered_t__nr100000__ns100000__a1_000ep00__g1"",""dim"":2,""path_r"":"""",""path_s"":"""",""synthetic"":{""generator"":""clustered"",""n_r"":100000,""n_s"":100000,""alpha"":1,""seed"":1}},""run"":{""method"":""tlsop"",""variant"":""sampling"",""t"":300000,""seed"":1,""repeats"":3,""j_star"":1000000,""enum_cap"":0,""write_samples"":false,""verify"":false},""output"":{""out_dir"":""run/temp/exp5/clustered_t"",""run_tag"":""exp5_clustered_t""},""sys"":{""threads"":1},""logging"":{""level"":""INFO"",""with_timestamp"":true,""with_thread_id"":false}}","{""generator"":""clustered"",""dataset"":""clustered_t__nr100000__ns100000__a1_000ep00__g1"",""n_r"":100000,""n_s"":100000,""has_exact_k"":false,""k_target"":0,""k_achieved"":0,""alpha_target"":1,""alpha_achieved"":nan,""notes"":""clusters=10, sigma=0.05, w_min_r=0.003, w_max_r=0.02, share_clusters=1""}"
clustered_t__nr100000__ns100000__a1_000ep00__g1,clustered,1,100000,100000,tlsop,sampling,300000,2,3,1,642.487,2.16826e+07,1,0,0,0,,0,"{""build_ms"":33.040357,""run_build_ms"":33.041137,""run_count_ms"":284.015189,""run_sample_ms"":324.817478,""tlsop_alloc_tiles_ms"":0.061888,""tlsop_build_ms"":33.039447,""tlsop_build_edges_ms"":0.000780,""tlsop_count_pass1_ms"":284.011499,""tlsop_pass1_count_caps_ms"":5.936836,""tlsop_pass1_reserve_ms"":0.455381,""tlsop_pass2_fill_ms"":7.016316,""tlsop_sample_draw_ranks_ms"":19.009366,""tlsop_sample_pass2_select_ms"":305.634505,""tlsop_sort_lists_ms"":19.463417}",,"{""dataset"":{""source"":""synthetic"",""name"":""clustered_t__nr100000__ns100000__a1_000ep00__g1"",""dim"":2,""path_r"":"""",""path_s"":"""",""synthetic"":{""generator"":""clustered"",""n_r"":100000,""n_s"":100000,""alpha"":1,""seed"":1}},""run"":{""method"":""tlsop"",""variant"":""sampling"",""t"":300000,""seed"":1,""repeats"":3,""j_star"":1000000,""enum_cap"":0,""write_samples"":false,""verify"":false},""output"":{""out_dir"":""run/temp/exp5/clustered_t"",""run_tag"":""exp5_clustered_t""},""sys"":{""threads"":1},""logging"":{""level"":""INFO"",""with_timestamp"":true,""with_thread_id"":false}}","{""generator"":""clustered"",""dataset"":""clustered_t__nr100000__ns100000__a1_000ep00__g1"",""n_r"":100000,""n_s"":100000,""has_exact_k"":false,""k_target"":0,""k_achieved"":0,""alpha_target"":1,""alpha_achieved"":nan,""notes"":""clusters=10, sigma=0.05, w_min_r=0.003, w_max_r=0.02, share_clusters=1""}"
clustered_t__nr100000__ns100000__a1_000ep00__g1,clustered,1,100000,100000,tlsop,adaptive,300000,0,1,1,666.471,2.16826e+07,1,0,1,0,fallback_sampling,1000001,"{""build_ms"":33.120876,""enumerate_prepare_ms"":0.012320,""run_build_ms"":33.121516,""run_fallback_count_ms"":293.401059,""run_fallback_sample_ms"":324.893356,""run_pilot_enum_prepare_ms"":0.013460,""run_pilot_enum_scan_ms"":15.034072,""tlsop_adaptive_pass1_ms"":293.394579,""tlsop_adaptive_sample_large_ms"":324.886017,""tlsop_alloc_tiles_ms"":0.221356,""tlsop_build_ms"":33.119866,""tlsop_build_edges_ms"":0.000440,""tlsop_pass1_count_caps_ms"":5.929167,""tlsop_pass1_reserve_ms"":0.453471,""tlsop_pass2_fill_ms"":7.038324,""tlsop_sort_lists_ms"":19.465837}",,"{""dataset"":{""source"":""synthetic"",""name"":""clustered_t__nr100000__ns100000__a1_000ep00__g1"",""dim"":2,""path_r"":"""",""path_s"":"""",""synthetic"":{""generator"":""clustered"",""n_r"":100000,""n_s"":100000,""alpha"":1,""seed"":1}},""run"":{""method"":""tlsop"",""variant"":""adaptive"",""t"":300000,""seed"":1,""repeats"":3,""j_star"":1000000,""enum_cap"":0,""write_samples"":false,""verify"":false},""output"":{""out_dir"":""run/temp/exp5/clustered_t"",""run_tag"":""exp5_clustered_t""},""sys"":{""threads"":1},""logging"":{""level"":""INFO"",""with_timestamp"":true,""with_thread_id"":false}}","{""generator"":""clustered"",""dataset"":""clustered_t__nr100000__ns100000__a1_000ep00__g1"",""n_r"":100000,""n_s"":100000,""has_exact_k"":false,""k_target"":0,""k_achieved"":0,""alpha_target"":1,""alpha_achieved"":nan,""notes"":""clusters=10, sigma=0.05, w_min_r=0.003, w_max_r=0.02, share_clusters=1""}"
clustered_t__nr100000__ns100000__a1_000ep00__g1,clustered,1,100000,100000,tlsop,adaptive,300000,1,2,1,664.21,2.16826e+07,1,0,1,0,fallback_sampling,1000001,"{""build_ms"":33.039367,""enumerate_prepare_ms"":0.012040,""run_build_ms"":33.040187,""run_fallback_count_ms"":291.624813,""run_fallback_sample_ms"":323.817826,""run_pilot_enum_prepare_ms"":0.013060,""run_pilot_enum_scan_ms"":15.042062,""tlsop_adaptive_pass1_ms"":291.619953,""tlsop_adaptive_sample_large_ms"":323.810477,""tlsop_alloc_tiles_ms"":0.061588,""tlsop_build_ms"":33.038807,""tlsop_build_edges_ms"":0.000630,""tlsop_pass1_count_caps_ms"":5.924666,""tlsop_pass1_reserve_ms"":0.469361,""tlsop_pass2_fill_ms"":7.070905,""tlsop_sort_lists_ms"":19.453487}",,"{""dataset"":{""source"":""synthetic"",""name"":""clustered_t__nr100000__ns100000__a1_000ep00__g1"",""dim"":2,""path_r"":"""",""path_s"":"""",""synthetic"":{""generator"":""clustered"",""n_r"":100000,""n_s"":100000,""alpha"":1,""seed"":1}},""run"":{""method"":""tlsop"",""variant"":""adaptive"",""t"":300000,""seed"":1,""repeats"":3,""j_star"":1000000,""enum_cap"":0,""write_samples"":false,""verify"":false},""output"":{""out_dir"":""run/temp/exp5/clustered_t"",""run_tag"":""exp5_clustered_t""},""sys"":{""threads"":1},""logging"":{""level"":""INFO"",""with_timestamp"":true,""with_thread_id"":false}}","{""generator"":""clustered"",""dataset"":""clustered_t__nr100000__ns100000__a1_000ep00__g1"",""n_r"":100000,""n_s"":100000,""has_exact_k"":false,""k_target"":0,""k_achieved"":0,""alpha_target"":1,""alpha_achieved"":nan,""notes"":""clusters=10, sigma=0.05, w_min_r=0.003, w_max_r=0.02, share_clusters=1""}"
clustered_t__nr100000__ns100000__a1_000ep00__g1,clustered,1,100000,100000,tlsop,adaptive,300000,2,3,1,665.11,2.16826e+07,1,0,1,0,fallback_sampling,1000001,"{""build_ms"":33.027907,""enumerate_prepare_ms"":0.013150,""run_build_ms"":33.028707,""run_fallback_count_ms"":291.615343,""run_fallback_sample_ms"":324.802867,""run_pilot_enum_prepare_ms"":0.014240,""run_pilot_enum_scan_ms"":15.038441,""tlsop_adaptive_pass1_ms"":291.609134,""tlsop_adaptive_sample_large_ms"":324.797197,""tlsop_alloc_tiles_ms"":0.061628,""tlsop_build_ms"":33.027087,""tlsop_build_edges_ms"":0.000670,""tlsop_pass1_count_caps_ms"":5.918087,""tlsop_pass1_reserve_ms"":0.449012,""tlsop_pass2_fill_ms"":7.058354,""tlsop_sort_lists_ms"":19.428168}",,"{""dataset"":{""source"":""synthetic"",""name"":""clustered_t__nr100000__ns100000__a1_000ep00__g1"",""dim"":2,""path_r"":"""",""path_s"":"""",""synthetic"":{""generator"":""clustered"",""n_r"":100000,""n_s"":100000,""alpha"":1,""seed"":1}},""run"":{""method"":""tlsop"",""variant"":""adaptive"",""t"":300000,""seed"":1,""repeats"":3,""j_star"":1000000,""enum_cap"":0,""write_samples"":false,""verify"":false},""output"":{""out_dir"":""run/temp/exp5/clustered_t"",""run_tag"":""exp5_clustered_t""},""sys"":{""threads"":1},""logging"":{""level"":""INFO"",""with_timestamp"":true,""with_thread_id"":false}}","{""generator"":""clustered"",""dataset"":""clustered_t__nr100000__ns100000__a1_000ep00__g1"",""n_r"":100000,""n_s"":100000,""has_exact_k"":false,""k_target"":0,""k_achieved"":0,""alpha_target"":1,""alpha_achieved"":nan,""notes"":""clusters=10, sigma=0.05, w_min_r=0.003, w_max_r=0.02, share_clusters=1""}"
clustered_t__nr100000__ns100000__a1_000ep00__g1,clustered,1,100000,100000,sirs,sampling,300000,0,1,1,1844.21,2.16826e+07,1,0,0,0,,0,"{""build_ms"":123.076372,""count_ms"":553.357278,""run_build_ms"":123.077092,""run_count_ms"":553.359138,""run_sample_ms"":1167.772954,""sample_ms"":1167.770844,""sirs_build_index_ms"":123.075842,""sirs_build_kd_ms"":11.172146,""sirs_embed_inner_ms"":55.099154,""sirs_phase1_degrees_ms"":553.354538,""sirs_rank_axes_ms"":56.797282}",,"{""dataset"":{""source"":""synthetic"",""name"":""clustered_t__nr100000__ns100000__a1_000ep00__g1"",""dim"":2,""path_r"":"""",""path_s"":"""",""synthetic"":{""generator"":""clustered"",""n_r"":100000,""n_s"":100000,""alpha"":1,""seed"":1}},""run"":{""method"":""sirs"",""variant"":""sampling"",""t"":300000,""seed"":1,""repeats"":3,""j_star"":1000000,""enum_cap"":0,""write_samples"":false,""verify"":false},""output"":{""out_dir"":""run/temp/exp5/clustered_t"",""run_tag"":""exp5_clustered_t""},""sys"":{""threads"":1},""logging"":{""level"":""INFO"",""with_timestamp"":true,""with_thread_id"":false}}","{""generator"":""clustered"",""dataset"":""clustered_t__nr100000__ns100000__a1_000ep00__g1"",""n_r"":100000,""n_s"":100000,""has_exact_k"":false,""k_target"":0,""k_achieved"":0,""alpha_target"":1,""alpha_achieved"":nan,""notes"":""clusters=10, sigma=0.05, w_min_r=0.003, w_max_r=0.02, share_clusters=1""}"
clustered_t__nr100000__ns100000__a1_000ep00__g1,clustered,1,100000,100000,sirs,sampling,300000,1,2,1,1843.43,2.16826e+07,1,0,0,0,,0,"{""build_ms"":121.591230,""count_ms"":554.950435,""run_build_ms"":121.591650,""run_count_ms"":554.951445,""run_sample_ms"":1166.883179,""sample_ms"":1166.881019,""sirs_build_index_ms"":121.590790,""sirs_build_kd_ms"":11.136647,""sirs_embed_inner_ms"":55.392508,""sirs_phase1_degrees_ms"":554.947386,""sirs_rank_axes_ms"":55.055235}",,"{""dataset"":{""source"":""synthetic"",""name"":""clustered_t__nr100000__ns100000__a1_000ep00__g1"",""dim"":2,""path_r"":"""",""path_s"":"""",""synthetic"":{""generator"":""clustered"",""n_r"":100000,""n_s"":100000,""alpha"":1,""seed"":1}},""run"":{""method"":""sirs"",""variant"":""sampling"",""t"":300000,""seed"":1,""repeats"":3,""j_star"":1000000,""enum_cap"":0,""write_samples"":false,""verify"":false},""output"":{""out_dir"":""run/temp/exp5/clustered_t"",""run_tag"":""exp5_clustered_t""},""sys"":{""threads"":1},""logging"":{""level"":""INFO"",""with_timestamp"":true,""with_thread_id"":false}}","{""generator"":""clustered"",""dataset"":""clustered_t__nr100000__ns100000__a1_000ep00__g1"",""n_r"":100000,""n_s"":100000,""has_exact_k"":false,""k_target"":0,""k_achieved"":0,""alpha_target"":1,""alpha_achieved"":nan,""notes"":""clusters=10, sigma=0.05, w_min_r=0.003, w_max_r=0.02, share_clusters=1""}"
clustered_t__nr100000__ns100000__a1_000ep00__g1,clustered,1,100000,100000,sirs,sampling,300000,2,3,1,1862.43,2.16826e+07,1,0,0,0,,0,"{""build_ms"":121.538421,""count_ms"":552.954003,""run_build_ms"":121.539181,""run_count_ms"":552.955043,""run_sample_ms"":1187.933781,""sample_ms"":1187.931882,""sirs_build_index_ms"":121.537891,""sirs_build_kd_ms"":11.148446,""sirs_embed_inner_ms"":55.369549,""sirs_phase1_degrees_ms"":552.951493,""sirs_rank_axes_ms"":55.012216}",,"{""dataset"":{""source"":""synthetic"",""name"":""clustered_t__nr100000__ns100000__a1_000ep00__g1"",""dim"":2,""path_r"":"""",""path_s"":"""",""synthetic"":{""generator"":""clustered"",""n_r"":100000,""n_s"":100000,""alpha"":1,""seed"":1}},""run"":{""method"":""sirs"",""variant"":""sampling"",""t"":300000,""seed"":1,""repeats"":3,""j_star"":1000000,""enum_cap"":0,""write_samples"":false,""verify"":false},""output"":{""out_dir"":""run/temp/exp5/clustered_t"",""run_tag"":""exp5_clustered_t""},""sys"":{""threads"":1},""logging"":{""level"":""INFO"",""with_timestamp"":true,""with_thread_id"":false}}","{""generator"":""clustered"",""dataset"":""clustered_t__nr100000__ns100000__a1_000ep00__g1"",""n_r"":100000,""n_s"":100000,""has_exact_k"":false,""k_target"":0,""k_achieved"":0,""alpha_target"":1,""alpha_achieved"":nan,""notes"":""clusters=10, sigma=0.05, w_min_r=0.003, w_max_r=0.02, share_clusters=1""}"
clustered_t__nr100000__ns100000__a1_000ep00__g1,clustered,1,100000,100000,sirs,adaptive,300000,0,1,1,1904.67,2.16826e+07,1,0,1,0,fallback_sampling,1000001,"{""build_ms"":121.861615,""count_ms"":568.889015,""run_build_ms"":121.862395,""run_fallback_count_ms"":568.892285,""run_fallback_sample_ms"":1166.314833,""run_pilot_enum_prepare_ms"":0.000600,""run_pilot_enum_scan_ms"":47.586438,""sample_ms"":1166.312503,""sirs_build_index_ms"":121.860575,""sirs_build_kd_ms"":11.094727,""sirs_embed_inner_ms"":55.321960,""sirs_rank_axes_ms"":55.436838}",,"{""dataset"":{""source"":""synthetic"",""name"":""clustered_t__nr100000__ns100000__a1_000ep00__g1"",""dim"":2,""path_r"":"""",""path_s"":"""",""synthetic"":{""generator"":""clustered"",""n_r"":100000,""n_s"":100000,""alpha"":1,""seed"":1}},""run"":{""method"":""sirs"",""variant"":""adaptive"",""t"":300000,""seed"":1,""repeats"":3,""j_star"":1000000,""enum_cap"":0,""write_samples"":false,""verify"":false},""output"":{""out_dir"":""run/temp/exp5/clustered_t"",""run_tag"":""exp5_clustered_t""},""sys"":{""threads"":1},""logging"":{""level"":""INFO"",""with_timestamp"":true,""with_thread_id"":false}}","{""generator"":""clustered"",""dataset"":""clustered_t__nr100000__ns100000__a1_000ep00__g1"",""n_r"":100000,""n_s"":100000,""has_exact_k"":false,""k_target"":0,""k_achieved"":0,""alpha_target"":1,""alpha_achieved"":nan,""notes"":""clusters=10, sigma=0.05, w_min_r=0.003, w_max_r=0.02, share_clusters=1""}"
clustered_t__nr100000__ns100000__a1_000ep00__g1,clustered,1,100000,100000,sirs,adaptive,300000,1,2,1,1903.68,2.16826e+07,1,0,1,0,fallback_sampling,1000001,"{""build_ms"":121.511781,""count_ms"":568.270137,""run_build_ms"":121.512381,""run_fallback_count_ms"":568.272997,""run_fallback_sample_ms"":1166.344829,""run_pilot_enum_prepare_ms"":0.000370,""run_pilot_enum_scan_ms"":47.535319,""sample_ms"":1166.342860,""sirs_build_index_ms"":121.510891,""sirs_build_kd_ms"":11.064428,""sirs_embed_inner_ms"":55.388418,""sirs_rank_axes_ms"":55.051095}",,"{""dataset"":{""source"":""synthetic"",""name"":""clustered_t__nr100000__ns100000__a1_000ep00__g1"",""dim"":2,""path_r"":"""",""path_s"":"""",""synthetic"":{""generator"":""clustered"",""n_r"":100000,""n_s"":100000,""alpha"":1,""seed"":1}},""run"":{""method"":""sirs"",""variant"":""adaptive"",""t"":300000,""seed"":1,""repeats"":3,""j_star"":1000000,""enum_cap"":0,""write_samples"":false,""verify"":false},""output"":{""out_dir"":""run/temp/exp5/clustered_t"",""run_tag"":""exp5_clustered_t""},""sys"":{""threads"":1},""logging"":{""level"":""INFO"",""with_timestamp"":true,""with_thread_id"":false}}","{""generator"":""clustered"",""dataset"":""clustered_t__nr100000__ns100000__a1_000ep00__g1"",""n_r"":100000,""n_s"":100000,""has_exact_k"":false,""k_target"":0,""k_achieved"":0,""alpha_target"":1,""alpha_achieved"":nan,""notes"":""clusters=10, sigma=0.05, w_min_r=0.003, w_max_r=0.02, share_clusters=1""}"
clustered_t__nr100000__ns100000__a1_000ep00__g1,clustered,1,100000,100000,sirs,adaptive,300000,2,3,1,1904.11,2.16826e+07,1,0,1,0,fallback_sampling,1000001,"{""build_ms"":121.455122,""count_ms"":567.879543,""run_build_ms"":121.455802,""run_fallback_count_ms"":567.881702,""run_fallback_sample_ms"":1167.174891,""run_pilot_enum_prepare_ms"":0.000490,""run_pilot_enum_scan_ms"":47.576948,""sample_ms"":1167.173212,""sirs_build_index_ms"":121.454402,""sirs_build_kd_ms"":11.058069,""sirs_embed_inner_ms"":55.338199,""sirs_rank_axes_ms"":55.051485}",,"{""dataset"":{""source"":""synthetic"",""name"":""clustered_t__nr100000__ns100000__a1_000ep00__g1"",""dim"":2,""path_r"":"""",""path_s"":"""",""synthetic"":{""generator"":""clustered"",""n_r"":100000,""n_s"":100000,""alpha"":1,""seed"":1}},""run"":{""method"":""sirs"",""variant"":""adaptive"",""t"":300000,""seed"":1,""repeats"":3,""j_star"":1000000,""enum_cap"":0,""write_samples"":false,""verify"":false},""output"":{""out_dir"":""run/temp/exp5/clustered_t"",""run_tag"":""exp5_clustered_t""},""sys"":{""threads"":1},""logging"":{""level"":""INFO"",""with_timestamp"":true,""with_thread_id"":false}}","{""generator"":""clustered"",""dataset"":""clustered_t__nr100000__ns100000__a1_000ep00__g1"",""n_r"":100000,""n_s"":100000,""has_exact_k"":false,""k_target"":0,""k_achieved"":0,""alpha_target"":1,""alpha_achieved"":nan,""notes"":""clusters=10, sigma=0.05, w_min_r=0.003, w_max_r=0.02, share_clusters=1""}"
clustered_t__nr100000__ns100000__a1_000ep00__g1,clustered,1,100000,100000,rejection,sampling,300000,0,1,0,-1,-1,0,0,0,0,,0,{},SKIPPED: rejection+sampling is disabled in sjs_sweep; use variant=adaptive.,"{""dataset"":{""source"":""synthetic"",""name"":""clustered_t__nr100000__ns100000__a1_000ep00__g1"",""dim"":2,""path_r"":"""",""path_s"":"""",""synthetic"":{""generator"":""clustered"",""n_r"":100000,""n_s"":100000,""alpha"":1,""seed"":1}},""run"":{""method"":""rejection"",""variant"":""sampling"",""t"":300000,""seed"":1,""repeats"":3,""j_star"":1000000,""enum_cap"":0,""write_samples"":false,""verify"":false},""output"":{""out_dir"":""run/temp/exp5/clustered_t"",""run_tag"":""exp5_clustered_t""},""sys"":{""threads"":1},""logging"":{""level"":""INFO"",""with_timestamp"":true,""with_thread_id"":false}}","{""generator"":""clustered"",""dataset"":""clustered_t__nr100000__ns100000__a1_000ep00__g1"",""n_r"":100000,""n_s"":100000,""has_exact_k"":false,""k_target"":0,""k_achieved"":0,""alpha_target"":1,""alpha_achieved"":nan,""notes"":""clusters=10, sigma=0.05, w_min_r=0.003, w_max_r=0.02, share_clusters=1""}"
clustered_t__nr100000__ns100000__a1_000ep00__g1,clustered,1,100000,100000,rejection,sampling,300000,1,2,0,-1,-1,0,0,0,0,,0,{},SKIPPED: rejection+sampling is disabled in sjs_sweep; use variant=adaptive.,"{""dataset"":{""source"":""synthetic"",""name"":""clustered_t__nr100000__ns100000__a1_000ep00__g1"",""dim"":2,""path_r"":"""",""path_s"":"""",""synthetic"":{""generator"":""clustered"",""n_r"":100000,""n_s"":100000,""alpha"":1,""seed"":1}},""run"":{""method"":""rejection"",""variant"":""sampling"",""t"":300000,""seed"":1,""repeats"":3,""j_star"":1000000,""enum_cap"":0,""write_samples"":false,""verify"":false},""output"":{""out_dir"":""run/temp/exp5/clustered_t"",""run_tag"":""exp5_clustered_t""},""sys"":{""threads"":1},""logging"":{""level"":""INFO"",""with_timestamp"":true,""with_thread_id"":false}}","{""generator"":""clustered"",""dataset"":""clustered_t__nr100000__ns100000__a1_000ep00__g1"",""n_r"":100000,""n_s"":100000,""has_exact_k"":false,""k_target"":0,""k_achieved"":0,""alpha_target"":1,""alpha_achieved"":nan,""notes"":""clusters=10, sigma=0.05, w_min_r=0.003, w_max_r=0.02, share_clusters=1""}"
clustered_t__nr100000__ns100000__a1_000ep00__g1,clustered,1,100000,100000,rejection,sampling,300000,2,3,0,-1,-1,0,0,0,0,,0,{},SKIPPED: rejection+sampling is disabled in sjs_sweep; use variant=adaptive.,"{""dataset"":{""source"":""synthetic"",""name"":""clustered_t__nr100000__ns100000__a1_000ep00__g1"",""dim"":2,""path_r"":"""",""path_s"":"""",""synthetic"":{""generator"":""clustered"",""n_r"":100000,""n_s"":100000,""alpha"":1,""seed"":1}},""run"":{""method"":""rejection"",""variant"":""sampling"",""t"":300000,""seed"":1,""repeats"":3,""j_star"":1000000,""enum_cap"":0,""write_samples"":false,""verify"":false},""output"":{""out_dir"":""run/temp/exp5/clustered_t"",""run_tag"":""exp5_clustered_t""},""sys"":{""threads"":1},""logging"":{""level"":""INFO"",""with_timestamp"":true,""with_thread_id"":false}}","{""generator"":""clustered"",""dataset"":""clustered_t__nr100000__ns100000__a1_000ep00__g1"",""n_r"":100000,""n_s"":100000,""has_exact_k"":false,""k_target"":0,""k_achieved"":0,""alpha_target"":1,""alpha_achieved"":nan,""notes"":""clusters=10, sigma=0.05, w_min_r=0.003, w_max_r=0.02, share_clusters=1""}"
clustered_t__nr100000__ns100000__a1_000ep00__g1,clustered,1,100000,100000,rejection,adaptive,300000,0,1,1,360.06,2.12469e+07,0,0,1,0,fallback_sampling,1000001,"{""adaptive_phase1_ms"":46.554877,""adaptive_sample_ms"":150.251619,""build_ms"":123.293556,""build_M_ms"":0.108708,""build_cellmap_ms"":14.389654,""build_mu_alias_ms"":108.676926,""build_slab_index_ms"":0.109888,""count_pilot_ms"":9.255362,""run_build_ms"":123.295086,""run_fallback_count_ms"":46.556917,""run_fallback_sample_ms"":150.256889,""run_pilot_enum_prepare_ms"":0.001910,""run_pilot_enum_scan_ms"":39.937064}",,"{""dataset"":{""source"":""synthetic"",""name"":""clustered_t__nr100000__ns100000__a1_000ep00__g1"",""dim"":2,""path_r"":"""",""path_s"":"""",""synthetic"":{""generator"":""clustered"",""n_r"":100000,""n_s"":100000,""alpha"":1,""seed"":1}},""run"":{""method"":""rejection"",""variant"":""adaptive"",""t"":300000,""seed"":1,""repeats"":3,""j_star"":1000000,""enum_cap"":0,""write_samples"":false,""verify"":false},""output"":{""out_dir"":""run/temp/exp5/clustered_t"",""run_tag"":""exp5_clustered_t""},""sys"":{""threads"":1},""logging"":{""level"":""INFO"",""with_timestamp"":true,""with_thread_id"":false}}","{""generator"":""clustered"",""dataset"":""clustered_t__nr100000__ns100000__a1_000ep00__g1"",""n_r"":100000,""n_s"":100000,""has_exact_k"":false,""k_target"":0,""k_achieved"":0,""alpha_target"":1,""alpha_achieved"":nan,""notes"":""clusters=10, sigma=0.05, w_min_r=0.003, w_max_r=0.02, share_clusters=1""}"
clustered_t__nr100000__ns100000__a1_000ep00__g1,clustered,1,100000,100000,rejection,adaptive,300000,1,2,1,370.201,2.16503e+07,0,0,1,0,fallback_sampling,1000001,"{""adaptive_phase1_ms"":46.716104,""adaptive_sample_ms"":149.650941,""build_ms"":121.367433,""build_M_ms"":0.108858,""build_cellmap_ms"":14.229367,""build_mu_alias_ms"":106.912080,""build_slab_index_ms"":0.104408,""count_pilot_ms"":9.257222,""run_build_ms"":121.423872,""run_fallback_count_ms"":46.717574,""run_fallback_sample_ms"":149.655880,""run_pilot_enum_prepare_ms"":0.002030,""run_pilot_enum_scan_ms"":39.514652}",,"{""dataset"":{""source"":""synthetic"",""name"":""clustered_t__nr100000__ns100000__a1_000ep00__g1"",""dim"":2,""path_r"":"""",""path_s"":"""",""synthetic"":{""generator"":""clustered"",""n_r"":100000,""n_s"":100000,""alpha"":1,""seed"":1}},""run"":{""method"":""rejection"",""variant"":""adaptive"",""t"":300000,""seed"":1,""repeats"":3,""j_star"":1000000,""enum_cap"":0,""write_samples"":false,""verify"":false},""output"":{""out_dir"":""run/temp/exp5/clustered_t"",""run_tag"":""exp5_clustered_t""},""sys"":{""threads"":1},""logging"":{""level"":""INFO"",""with_timestamp"":true,""with_thread_id"":false}}","{""generator"":""clustered"",""dataset"":""clustered_t__nr100000__ns100000__a1_000ep00__g1"",""n_r"":100000,""n_s"":100000,""has_exact_k"":false,""k_target"":0,""k_achieved"":0,""alpha_target"":1,""alpha_achieved"":nan,""notes"":""clusters=10, sigma=0.05, w_min_r=0.003, w_max_r=0.02, share_clusters=1""}"
clustered_t__nr100000__ns100000__a1_000ep00__g1,clustered,1,100000,100000,rejection,adaptive,300000,2,3,1,365.972,2.16949e+07,0,0,1,0,fallback_sampling,1000001,"{""adaptive_phase1_ms"":46.869610,""adaptive_sample_ms"":150.074082,""build_ms"":120.985669,""build_M_ms"":0.108828,""build_cellmap_ms"":14.154469,""build_mu_alias_ms"":106.610805,""build_slab_index_ms"":0.100538,""count_pilot_ms"":9.298371,""run_build_ms"":121.041148,""run_fallback_count_ms"":46.871460,""run_fallback_sample_ms"":150.079612,""run_pilot_enum_prepare_ms"":0.001980,""run_pilot_enum_scan_ms"":39.523163}",,"{""dataset"":{""source"":""synthetic"",""name"":""clustered_t__nr100000__ns100000__a1_000ep00__g1"",""dim"":2,""path_r"":"""",""path_s"":"""",""synthetic"":{""generator"":""clustered"",""n_r"":100000,""n_s"":100000,""alpha"":1,""seed"":1}},""run"":{""method"":""rejection"",""variant"":""adaptive"",""t"":300000,""seed"":1,""repeats"":3,""j_star"":1000000,""enum_cap"":0,""write_samples"":false,""verify"":false},""output"":{""out_dir"":""run/temp/exp5/clustered_t"",""run_tag"":""exp5_clustered_t""},""sys"":{""threads"":1},""logging"":{""level"":""INFO"",""with_timestamp"":true,""with_thread_id"":false}}","{""generator"":""clustered"",""dataset"":""clustered_t__nr100000__ns100000__a1_000ep00__g1"",""n_r"":100000,""n_s"":100000,""has_exact_k"":false,""k_target"":0,""k_achieved"":0,""alpha_target"":1,""alpha_achieved"":nan,""notes"":""clusters=10, sigma=0.05, w_min_r=0.003, w_max_r=0.02, share_clusters=1""}"
clustered_t__nr100000__ns100000__a1_000ep00__g1,clustered,1,100000,100000,ours,sampling,1000000,0,1,1,645.655,2.16826e+07,1,0,0,0,,0,"{""build_active_indices_ms"":19.042166,""build_events_ms"":34.565888,""build_ranks_ms"":43.288460,""build_y_domain_ms"":13.832395,""phase1_count_ms"":254.318193,""phase2_plan_ms"":39.898015,""phase3_sample_ms"":238.659523,""run_build_ms"":112.491623,""run_count_ms"":254.321683,""run_sample_ms"":278.838193}",,"{""dataset"":{""source"":""synthetic"",""name"":""clustered_t__nr100000__ns100000__a1_000ep00__g1"",""dim"":2,""path_r"":"""",""path_s"":"""",""synthetic"":{""generator"":""clustered"",""n_r"":100000,""n_s"":100000,""alpha"":1,""seed"":1}},""run"":{""method"":""ours"",""variant"":""sampling"",""t"":1000000,""seed"":1,""repeats"":3,""j_star"":1000000,""enum_cap"":0,""write_samples"":false,""verify"":false},""output"":{""out_dir"":""run/temp/exp5/clustered_t"",""run_tag"":""exp5_clustered_t""},""sys"":{""threads"":1},""logging"":{""level"":""INFO"",""with_timestamp"":true,""with_thread_id"":false}}","{""generator"":""clustered"",""dataset"":""clustered_t__nr100000__ns100000__a1_000ep00__g1"",""n_r"":100000,""n_s"":100000,""has_exact_k"":false,""k_target"":0,""k_achieved"":0,""alpha_target"":1,""alpha_achieved"":nan,""notes"":""clusters=10, sigma=0.05, w_min_r=0.003, w_max_r=0.02, share_clusters=1""}"
clustered_t__nr100000__ns100000__a1_000ep00__g1,clustered,1,100000,100000,ours,sampling,1000000,1,2,1,700.133,2.16826e+07,1,0,0,0,,0,"{""build_active_indices_ms"":5.556373,""build_events_ms"":65.887456,""build_ranks_ms"":43.298599,""build_y_domain_ms"":13.848335,""phase1_count_ms"":251.856320,""phase2_plan_ms"":37.748906,""phase3_sample_ms"":242.092888,""run_build_ms"":130.349700,""run_count_ms"":251.859740,""run_sample_ms"":280.114769}",,"{""dataset"":{""source"":""synthetic"",""name"":""clustered_t__nr100000__ns100000__a1_000ep00__g1"",""dim"":2,""path_r"":"""",""path_s"":"""",""synthetic"":{""generator"":""clustered"",""n_r"":100000,""n_s"":100000,""alpha"":1,""seed"":1}},""run"":{""method"":""ours"",""variant"":""sampling"",""t"":1000000,""seed"":1,""repeats"":3,""j_star"":1000000,""enum_cap"":0,""write_samples"":false,""verify"":false},""output"":{""out_dir"":""run/temp/exp5/clustered_t"",""run_tag"":""exp5_clustered_t""},""sys"":{""threads"":1},""logging"":{""level"":""INFO"",""with_timestamp"":true,""with_thread_id"":false}}","{""generator"":""clustered"",""dataset"":""clustered_t__nr100000__ns100000__a1_000ep00__g1"",""n_r"":100000,""n_s"":100000,""has_exact_k"":false,""k_target"":0,""k_achieved"":0,""alpha_target"":1,""alpha_achieved"":nan,""notes"":""clusters=10, sigma=0.05, w_min_r=0.003, w_max_r=0.02, share_clusters=1""}"
clustered_t__nr100000__ns100000__a1_000ep00__g1,clustered,1,100000,100000,ours,sampling,1000000,2,3,1,695.359,2.16826e+07,1,0,0,0,,0,"{""build_active_indices_ms"":5.363707,""build_events_ms"":65.591072,""build_ranks_ms"":43.231761,""build_y_domain_ms"":13.816535,""phase1_count_ms"":251.260781,""phase2_plan_ms"":37.283085,""phase3_sample_ms"":238.817239,""run_build_ms"":129.767811,""run_count_ms"":251.263911,""run_sample_ms"":276.373450}",,"{""dataset"":{""source"":""synthetic"",""name"":""clustered_t__nr100000__ns100000__a1_000ep00__g1"",""dim"":2,""path_r"":"""",""path_s"":"""",""synthetic"":{""generator"":""clustered"",""n_r"":100000,""n_s"":100000,""alpha"":1,""seed"":1}},""run"":{""method"":""ours"",""variant"":""sampling"",""t"":1000000,""seed"":1,""repeats"":3,""j_star"":1000000,""enum_cap"":0,""write_samples"":false,""verify"":false},""output"":{""out_dir"":""run/temp/exp5/clustered_t"",""run_tag"":""exp5_clustered_t""},""sys"":{""threads"":1},""logging"":{""level"":""INFO"",""with_timestamp"":true,""with_thread_id"":false}}","{""generator"":""clustered"",""dataset"":""clustered_t__nr100000__ns100000__a1_000ep00__g1"",""n_r"":100000,""n_s"":100000,""has_exact_k"":false,""k_target"":0,""k_achieved"":0,""alpha_target"":1,""alpha_achieved"":nan,""notes"":""clusters=10, sigma=0.05, w_min_r=0.003, w_max_r=0.02, share_clusters=1""}"
clustered_t__nr100000__ns100000__a1_000ep00__g1,clustered,1,100000,100000,ours,adaptive,1000000,0,1,1,674.612,2.16826e+07,1,0,1,0,fallback_sampling,1000001,"{""build_active_indices_ms"":5.506545,""build_events_ms"":34.344282,""build_ranks_ms"":43.388927,""build_y_domain_ms"":13.847075,""phase1_count_adaptive_ms"":261.556823,""phase2_plan_ms"":37.121568,""phase3_sample_ms"":248.589102,""run_build_ms"":98.840814,""run_fallback_count_ms"":261.560374,""run_fallback_sample_ms"":285.983615,""run_pilot_enum_prepare_ms"":1.517781,""run_pilot_enum_scan_ms"":26.697079,""sample_ms"":285.982495}",,"{""dataset"":{""source"":""synthetic"",""name"":""clustered_t__nr100000__ns100000__a1_000ep00__g1"",""dim"":2,""path_r"":"""",""path_s"":"""",""synthetic"":{""generator"":""clustered"",""n_r"":100000,""n_s"":100000,""alpha"":1,""seed"":1}},""run"":{""method"":""ours"",""variant"":""adaptive"",""t"":1000000,""seed"":1,""repeats"":3,""j_star"":1000000,""enum_cap"":0,""write_samples"":false,""verify"":false},""output"":{""out_dir"":""run/temp/exp5/clustered_t"",""run_tag"":""exp5_clustered_t""},""sys"":{""threads"":1},""logging"":{""level"":""INFO"",""with_timestamp"":true,""with_thread_id"":false}}","{""generator"":""clustered"",""dataset"":""clustered_t__nr100000__ns100000__a1_000ep00__g1"",""n_r"":100000,""n_s"":100000,""has_exact_k"":false,""k_target"":0,""k_achieved"":0,""alpha_target"":1,""alpha_achieved"":nan,""notes"":""clusters=10, sigma=0.05, w_min_r=0.003, w_max_r=0.02, share_clusters=1""}"
clustered_t__nr100000__ns100000__a1_000ep00__g1,clustered,1,100000,100000,ours,adaptive,1000000,1,2,1,751.405,2.16826e+07,1,0,1,0,fallback_sampling,1000001,"{""build_active_indices_ms"":5.429386,""build_events_ms"":65.638681,""build_ranks_ms"":43.348849,""build_y_domain_ms"":13.848365,""phase1_count_adaptive_ms"":269.482691,""phase2_plan_ms"":36.927372,""phase3_sample_ms"":248.607901,""run_build_ms"":130.017637,""run_fallback_count_ms"":269.486001,""run_fallback_sample_ms"":285.808318,""run_pilot_enum_prepare_ms"":1.511501,""run_pilot_enum_scan_ms"":26.745757,""sample_ms"":285.807248}",,"{""dataset"":{""source"":""synthetic"",""name"":""clustered_t__nr100000__ns100000__a1_000ep00__g1"",""dim"":2,""path_r"":"""",""path_s"":"""",""synthetic"":{""generator"":""clustered"",""n_r"":100000,""n_s"":100000,""alpha"":1,""seed"":1}},""run"":{""method"":""ours"",""variant"":""adaptive"",""t"":1000000,""seed"":1,""repeats"":3,""j_star"":1000000,""enum_cap"":0,""write_samples"":false,""verify"":false},""output"":{""out_dir"":""run/temp/exp5/clustered_t"",""run_tag"":""exp5_clustered_t""},""sys"":{""threads"":1},""logging"":{""level"":""INFO"",""with_timestamp"":true,""with_thread_id"":false}}","{""generator"":""clustered"",""dataset"":""clustered_t__nr100000__ns100000__a1_000ep00__g1"",""n_r"":100000,""n_s"":100000,""has_exact_k"":false,""k_target"":0,""k_achieved"":0,""alpha_target"":1,""alpha_achieved"":nan,""notes"":""clusters=10, sigma=0.05, w_min_r=0.003, w_max_r=0.02, share_clusters=1""}"
clustered_t__nr100000__ns100000__a1_000ep00__g1,clustered,1,100000,100000,ours,adaptive,1000000,2,3,1,748.184,2.16826e+07,1,0,1,0,fallback_sampling,1000001,"{""build_active_indices_ms"":5.388867,""build_events_ms"":65.643101,""build_ranks_ms"":43.396108,""build_y_domain_ms"":13.842384,""phase1_count_adaptive_ms"":264.411268,""phase2_plan_ms"":36.949501,""phase3_sample_ms"":249.352587,""run_build_ms"":130.023606,""run_fallback_count_ms"":264.414788,""run_fallback_sample_ms"":286.575093,""run_pilot_enum_prepare_ms"":1.521180,""run_pilot_enum_scan_ms"":26.714848,""sample_ms"":286.573733}",,"{""dataset"":{""source"":""synthetic"",""name"":""clustered_t__nr100000__ns100000__a1_000ep00__g1"",""dim"":2,""path_r"":"""",""path_s"":"""",""synthetic"":{""generator"":""clustered"",""n_r"":100000,""n_s"":100000,""alpha"":1,""seed"":1}},""run"":{""method"":""ours"",""variant"":""adaptive"",""t"":1000000,""seed"":1,""repeats"":3,""j_star"":1000000,""enum_cap"":0,""write_samples"":false,""verify"":false},""output"":{""out_dir"":""run/temp/exp5/clustered_t"",""run_tag"":""exp5_clustered_t""},""sys"":{""threads"":1},""logging"":{""level"":""INFO"",""with_timestamp"":true,""with_thread_id"":false}}","{""generator"":""clustered"",""dataset"":""clustered_t__nr100000__ns100000__a1_000ep00__g1"",""n_r"":100000,""n_s"":100000,""has_exact_k"":false,""k_target"":0,""k_achieved"":0,""alpha_target"":1,""alpha_achieved"":nan,""notes"":""clusters=10, sigma=0.05, w_min_r=0.003, w_max_r=0.02, share_clusters=1""}"
clustered_t__nr100000__ns100000__a1_000ep00__g1,clustered,1,100000,100000,aabb,sampling,1000000,0,1,1,1544.09,2.16826e+07,1,0,0,0,,0,"{""build_ms"":36.007759,""phase1_count_ms"":560.852101,""phase2_assign_ms"":88.586791,""phase3_sample_ms"":858.453482,""run_build_ms"":36.009169,""run_count_ms"":560.854861,""run_sample_ms"":947.227300}",,"{""dataset"":{""source"":""synthetic"",""name"":""clustered_t__nr100000__ns100000__a1_000ep00__g1"",""dim"":2,""path_r"":"""",""path_s"":"""",""synthetic"":{""generator"":""clustered"",""n_r"":100000,""n_s"":100000,""alpha"":1,""seed"":1}},""run"":{""method"":""aabb"",""variant"":""sampling"",""t"":1000000,""seed"":1,""repeats"":3,""j_star"":1000000,""enum_cap"":0,""write_samples"":false,""verify"":false},""output"":{""out_dir"":""run/temp/exp5/clustered_t"",""run_tag"":""exp5_clustered_t""},""sys"":{""threads"":1},""logging"":{""level"":""INFO"",""with_timestamp"":true,""with_thread_id"":false}}","{""generator"":""clustered"",""dataset"":""clustered_t__nr100000__ns100000__a1_000ep00__g1"",""n_r"":100000,""n_s"":100000,""has_exact_k"":false,""k_target"":0,""k_achieved"":0,""alpha_target"":1,""alpha_achieved"":nan,""notes"":""clusters=10, sigma=0.05, w_min_r=0.003, w_max_r=0.02, share_clusters=1""}"
clustered_t__nr100000__ns100000__a1_000ep00__g1,clustered,1,100000,100000,aabb,sampling,1000000,1,2,1,1544.91,2.16826e+07,1,0,0,0,,0,"{""build_ms"":35.990389,""phase1_count_ms"":561.313551,""phase2_assign_ms"":88.232707,""phase3_sample_ms"":859.161337,""run_build_ms"":35.991859,""run_count_ms"":561.316982,""run_sample_ms"":947.594011}",,"{""dataset"":{""source"":""synthetic"",""name"":""clustered_t__nr100000__ns100000__a1_000ep00__g1"",""dim"":2,""path_r"":"""",""path_s"":"""",""synthetic"":{""generator"":""clustered"",""n_r"":100000,""n_s"":100000,""alpha"":1,""seed"":1}},""run"":{""method"":""aabb"",""variant"":""sampling"",""t"":1000000,""seed"":1,""repeats"":3,""j_star"":1000000,""enum_cap"":0,""write_samples"":false,""verify"":false},""output"":{""out_dir"":""run/temp/exp5/clustered_t"",""run_tag"":""exp5_clustered_t""},""sys"":{""threads"":1},""logging"":{""level"":""INFO"",""with_timestamp"":true,""with_thread_id"":false}}","{""generator"":""clustered"",""dataset"":""clustered_t__nr100000__ns100000__a1_000ep00__g1"",""n_r"":100000,""n_s"":100000,""has_exact_k"":false,""k_target"":0,""k_achieved"":0,""alpha_target"":1,""alpha_achieved"":nan,""notes"":""clusters=10, sigma=0.05, w_min_r=0.003, w_max_r=0.02, share_clusters=1""}"
clustered_t__nr100000__ns100000__a1_000ep00__g1,clustered,1,100000,100000,aabb,sampling,1000000,2,3,1,1544.05,2.16826e+07,1,0,0,0,,0,"{""build_ms"":35.973209,""phase1_count_ms"":560.936979,""phase2_assign_ms"":87.638478,""phase3_sample_ms"":859.300723,""run_build_ms"":35.974689,""run_count_ms"":560.939759,""run_sample_ms"":947.137617}",,"{""dataset"":{""source"":""synthetic"",""name"":""clustered_t__nr100000__ns100000__a1_000ep00__g1"",""dim"":2,""path_r"":"""",""path_s"":"""",""synthetic"":{""generator"":""clustered"",""n_r"":100000,""n_s"":100000,""alpha"":1,""seed"":1}},""run"":{""method"":""aabb"",""variant"":""sampling"",""t"":1000000,""seed"":1,""repeats"":3,""j_star"":1000000,""enum_cap"":0,""write_samples"":false,""verify"":false},""output"":{""out_dir"":""run/temp/exp5/clustered_t"",""run_tag"":""exp5_clustered_t""},""sys"":{""threads"":1},""logging"":{""level"":""INFO"",""with_timestamp"":true,""with_thread_id"":false}}","{""generator"":""clustered"",""dataset"":""clustered_t__nr100000__ns100000__a1_000ep00__g1"",""n_r"":100000,""n_s"":100000,""has_exact_k"":false,""k_target"":0,""k_achieved"":0,""alpha_target"":1,""alpha_achieved"":nan,""notes"":""clusters=10, sigma=0.05, w_min_r=0.003, w_max_r=0.02, share_clusters=1""}"
clustered_t__nr100000__ns100000__a1_000ep00__g1,clustered,1,100000,100000,aabb,adaptive,1000000,0,1,1,1646.52,2.16826e+07,1,0,1,0,fallback_sampling,1000001,"{""build_ms"":36.010419,""enumerate_prepare_ms"":34.412560,""phase1_count_ms"":566.026029,""phase2_assign_ms"":89.481043,""phase3_sample_ms"":856.122831,""run_build_ms"":36.011269,""run_fallback_count_ms"":566.028929,""run_fallback_sample_ms"":945.806651,""run_pilot_enum_prepare_ms"":34.416060,""run_pilot_enum_scan_ms"":64.237657}",,"{""dataset"":{""source"":""synthetic"",""name"":""clustered_t__nr100000__ns100000__a1_000ep00__g1"",""dim"":2,""path_r"":"""",""path_s"":"""",""synthetic"":{""generator"":""clustered"",""n_r"":100000,""n_s"":100000,""alpha"":1,""seed"":1}},""run"":{""method"":""aabb"",""variant"":""adaptive"",""t"":1000000,""seed"":1,""repeats"":3,""j_star"":1000000,""enum_cap"":0,""write_samples"":false,""verify"":false},""output"":{""out_dir"":""run/temp/exp5/clustered_t"",""run_tag"":""exp5_clustered_t""},""sys"":{""threads"":1},""logging"":{""level"":""INFO"",""with_timestamp"":true,""with_thread_id"":false}}","{""generator"":""clustered"",""dataset"":""clustered_t__nr100000__ns100000__a1_000ep00__g1"",""n_r"":100000,""n_s"":100000,""has_exact_k"":false,""k_target"":0,""k_achieved"":0,""alpha_target"":1,""alpha_achieved"":nan,""notes"":""clusters=10, sigma=0.05, w_min_r=0.003, w_max_r=0.02, share_clusters=1""}"
clustered_t__nr100000__ns100000__a1_000ep00__g1,clustered,1,100000,100000,aabb,adaptive,1000000,1,2,1,1647.34,2.16826e+07,1,0,1,0,fallback_sampling,1000001,"{""build_ms"":35.986410,""enumerate_prepare_ms"":34.382960,""phase1_count_ms"":566.143825,""phase2_assign_ms"":89.461293,""phase3_sample_ms"":856.933375,""run_build_ms"":35.988160,""run_fallback_count_ms"":566.146356,""run_fallback_sample_ms"":946.595944,""run_pilot_enum_prepare_ms"":34.386030,""run_pilot_enum_scan_ms"":64.206577}",,"{""dataset"":{""source"":""synthetic"",""name"":""clustered_t__nr100000__ns100000__a1_000ep00__g1"",""dim"":2,""path_r"":"""",""path_s"":"""",""synthetic"":{""generator"":""clustered"",""n_r"":100000,""n_s"":100000,""alpha"":1,""seed"":1}},""run"":{""method"":""aabb"",""variant"":""adaptive"",""t"":1000000,""seed"":1,""repeats"":3,""j_star"":1000000,""enum_cap"":0,""write_samples"":false,""verify"":false},""output"":{""out_dir"":""run/temp/exp5/clustered_t"",""run_tag"":""exp5_clustered_t""},""sys"":{""threads"":1},""logging"":{""level"":""INFO"",""with_timestamp"":true,""with_thread_id"":false}}","{""generator"":""clustered"",""dataset"":""clustered_t__nr100000__ns100000__a1_000ep00__g1"",""n_r"":100000,""n_s"":100000,""has_exact_k"":false,""k_target"":0,""k_achieved"":0,""alpha_target"":1,""alpha_achieved"":nan,""notes"":""clusters=10, sigma=0.05, w_min_r=0.003, w_max_r=0.02, share_clusters=1""}"
clustered_t__nr100000__ns100000__a1_000ep00__g1,clustered,1,100000,100000,aabb,adaptive,1000000,2,3,1,1646.3,2.16826e+07,1,0,1,0,fallback_sampling,1000001,"{""build_ms"":35.976339,""enumerate_prepare_ms"":34.386300,""phase1_count_ms"":566.095975,""phase2_assign_ms"":88.910273,""phase3_sample_ms"":856.428733,""run_build_ms"":35.977699,""run_fallback_count_ms"":566.098295,""run_fallback_sample_ms"":945.539812,""run_pilot_enum_prepare_ms"":34.388760,""run_pilot_enum_scan_ms"":64.277227}",,"{""dataset"":{""source"":""synthetic"",""name"":""clustered_t__nr100000__ns100000__a1_000ep00__g1"",""dim"":2,""path_r"":"""",""path_s"":"""",""synthetic"":{""generator"":""clustered"",""n_r"":100000,""n_s"":100000,""alpha"":1,""seed"":1}},""run"":{""method"":""aabb"",""variant"":""adaptive"",""t"":1000000,""seed"":1,""repeats"":3,""j_star"":1000000,""enum_cap"":0,""write_samples"":false,""verify"":false},""output"":{""out_dir"":""run/temp/exp5/clustered_t"",""run_tag"":""exp5_clustered_t""},""sys"":{""threads"":1},""logging"":{""level"":""INFO"",""with_timestamp"":true,""with_thread_id"":false}}","{""generator"":""clustered"",""dataset"":""clustered_t__nr100000__ns100000__a1_000ep00__g1"",""n_r"":100000,""n_s"":100000,""has_exact_k"":false,""k_target"":0,""k_achieved"":0,""alpha_target"":1,""alpha_achieved"":nan,""notes"":""clusters=10, sigma=0.05, w_min_r=0.003, w_max_r=0.02, share_clusters=1""}"
clustered_t__nr100000__ns100000__a1_000ep00__g1,clustered,1,100000,100000,interval_tree,sampling,1000000,0,1,1,1305.63,2.16826e+07,1,0,0,0,,0,"{""build_ms"":150.177238,""build_active_ms"":34.019697,""build_events_ms"":37.599609,""build_start_ids_ms"":1.587890,""build_y_endpoints_ms"":27.784646,""build_y_indices_ms"":49.178576,""phase1_count_ms"":495.753435,""phase2_slots_ms"":43.481905,""phase3_resweep_ms"":615.938977,""run_build_ms"":150.177998,""run_count_ms"":495.756045,""run_sample_ms"":659.692357}",,"{""dataset"":{""source"":""synthetic"",""name"":""clustered_t__nr100000__ns100000__a1_000ep00__g1"",""dim"":2,""path_r"":"""",""path_s"":"""",""synthetic"":{""generator"":""clustered"",""n_r"":100000,""n_s"":100000,""alpha"":1,""seed"":1}},""run"":{""method"":""interval_tree"",""variant"":""sampling"",""t"":1000000,""seed"":1,""repeats"":3,""j_star"":1000000,""enum_cap"":0,""write_samples"":false,""verify"":false},""output"":{""out_dir"":""run/temp/exp5/clustered_t"",""run_tag"":""exp5_clustered_t""},""sys"":{""threads"":1},""logging"":{""level"":""INFO"",""with_timestamp"":true,""with_thread_id"":false}}","{""generator"":""clustered"",""dataset"":""clustered_t__nr100000__ns100000__a1_000ep00__g1"",""n_r"":100000,""n_s"":100000,""has_exact_k"":false,""k_target"":0,""k_achieved"":0,""alpha_target"":1,""alpha_achieved"":nan,""notes"":""clusters=10, sigma=0.05, w_min_r=0.003, w_max_r=0.02, share_clusters=1""}"
clustered_t__nr100000__ns100000__a1_000ep00__g1,clustered,1,100000,100000,interval_tree,sampling,1000000,1,2,1,1363.18,2.16826e+07,1,0,0,0,,0,"{""build_ms"":162.912343,""build_active_ms"":23.401282,""build_events_ms"":60.930960,""build_start_ids_ms"":1.582460,""build_y_endpoints_ms"":27.812036,""build_y_indices_ms"":49.178376,""phase1_count_ms"":493.680883,""phase2_slots_ms"":43.498855,""phase3_resweep_ms"":615.628291,""run_build_ms"":162.913413,""run_count_ms"":493.683133,""run_sample_ms"":659.399391}",,"{""dataset"":{""source"":""synthetic"",""name"":""clustered_t__nr100000__ns100000__a1_000ep00__g1"",""dim"":2,""path_r"":"""",""path_s"":"""",""synthetic"":{""generator"":""clustered"",""n_r"":100000,""n_s"":100000,""alpha"":1,""seed"":1}},""run"":{""method"":""interval_tree"",""variant"":""sampling"",""t"":1000000,""seed"":1,""repeats"":3,""j_star"":1000000,""enum_cap"":0,""write_samples"":false,""verify"":false},""output"":{""out_dir"":""run/temp/exp5/clustered_t"",""run_tag"":""exp5_clustered_t""},""sys"":{""threads"":1},""logging"":{""level"":""INFO"",""with_timestamp"":true,""with_thread_id"":false}}","{""generator"":""clustered"",""dataset"":""clustered_t__nr100000__ns100000__a1_000ep00__g1"",""n_r"":100000,""n_s"":100000,""has_exact_k"":false,""k_target"":0,""k_achieved"":0,""alpha_target"":1,""alpha_achieved"":nan,""notes"":""clusters=10, sigma=0.05, w_min_r=0.003, w_max_r=0.02, share_clusters=1""}"
clustered_t__nr100000__ns100000__a1_000ep00__g1,clustered,1,100000,100000,interval_tree,sampling,1000000,2,3,1,1368.58,2.16826e+07,1,0,0,0,,0,"{""build_ms"":175.193476,""build_active_ms"":23.479549,""build_events_ms"":73.145946,""build_start_ids_ms"":1.582979,""build_y_endpoints_ms"":27.803316,""build_y_indices_ms"":49.174226,""phase1_count_ms"":495.281052,""phase2_slots_ms"":43.487585,""phase3_resweep_ms"":615.450514,""run_build_ms"":175.194556,""run_count_ms"":495.283332,""run_sample_ms"":659.210664}",,"{""dataset"":{""source"":""synthetic"",""name"":""clustered_t__nr100000__ns100000__a1_000ep00__g1"",""dim"":2,""path_r"":"""",""path_s"":"""",""synthetic"":{""generator"":""clustered"",""n_r"":100000,""n_s"":100000,""alpha"":1,""seed"":1}},""run"":{""method"":""interval_tree"",""variant"":""sampling"",""t"":1000000,""seed"":1,""repeats"":3,""j_star"":1000000,""enum_cap"":0,""write_samples"":false,""verify"":false},""output"":{""out_dir"":""run/temp/exp5/clustered_t"",""run_tag"":""exp5_clustered_t""},""sys"":{""threads"":1},""logging"":{""level"":""INFO"",""with_timestamp"":true,""with_thread_id"":false}}","{""generator"":""clustered"",""dataset"":""clustered_t__nr100000__ns100000__a1_000ep00__g1"",""n_r"":100000,""n_s"":100000,""has_exact_k"":false,""k_target"":0,""k_achieved"":0,""alpha_target"":1,""alpha_achieved"":nan,""notes"":""clusters=10, sigma=0.05, w_min_r=0.003, w_max_r=0.02, share_clusters=1""}"
clustered_t__nr100000__ns100000__a1_000ep00__g1,clustered,1,100000,100000,interval_tree,adaptive,1000000,0,1,1,1497.91,2.16826e+07,1,0,1,0,fallback_sampling,1000001,"{""build_ms"":140.472104,""build_active_ms"":23.461370,""build_events_ms"":37.613087,""build_start_ids_ms"":1.510501,""build_y_endpoints_ms"":27.922545,""build_y_indices_ms"":49.956580,""enumerate_prepare_ms"":156.129582,""phase1_count_adaptive_ms"":518.137602,""phase2_slots_ms"":46.892009,""phase3_resweep_ms"":590.710348,""run_build_ms"":140.473234,""run_fallback_count_ms"":518.140092,""run_fallback_sample_ms"":639.252646,""run_pilot_enum_prepare_ms"":156.133262,""run_pilot_enum_scan_ms"":35.987819}",,"{""dataset"":{""source"":""synthetic"",""name"":""clustered_t__nr100000__ns100000__a1_000ep00__g1"",""dim"":2,""path_r"":"""",""path_s"":"""",""synthetic"":{""generator"":""clustered"",""n_r"":100000,""n_s"":100000,""alpha"":1,""seed"":1}},""run"":{""method"":""interval_tree"",""variant"":""adaptive"",""t"":1000000,""seed"":1,""repeats"":3,""j_star"":1000000,""enum_cap"":0,""write_samples"":false,""verify"":false},""output"":{""out_dir"":""run/temp/exp5/clustered_t"",""run_tag"":""exp5_clustered_t""},""sys"":{""threads"":1},""logging"":{""level"":""INFO"",""with_timestamp"":true,""with_thread_id"":false}}","{""generator"":""clustered"",""dataset"":""clustered_t__nr100000__ns100000__a1_000ep00__g1"",""n_r"":100000,""n_s"":100000,""has_exact_k"":false,""k_target"":0,""k_achieved"":0,""alpha_target"":1,""alpha_achieved"":nan,""notes"":""clusters=10, sigma=0.05, w_min_r=0.003, w_max_r=0.02, share_clusters=1""}"
clustered_t__nr100000__ns100000__a1_000ep00__g1,clustered,1,100000,100000,interval_tree,adaptive,1000000,1,2,1,1542.29,2.16826e+07,1,0,1,0,fallback_sampling,1000001,"{""build_ms"":163.926303,""build_active_ms"":23.460750,""build_events_ms"":61.089047,""build_start_ids_ms"":1.508101,""build_y_endpoints_ms"":27.904884,""build_y_indices_ms"":49.954991,""enumerate_prepare_ms"":147.324761,""phase1_count_adaptive_ms"":509.002476,""phase2_slots_ms"":43.680452,""phase3_resweep_ms"":589.157666,""run_build_ms"":163.927653,""run_fallback_count_ms"":509.004607,""run_fallback_sample_ms"":633.111282,""run_pilot_enum_prepare_ms"":147.327631,""run_pilot_enum_scan_ms"":34.125534}",,"{""dataset"":{""source"":""synthetic"",""name"":""clustered_t__nr100000__ns100000__a1_000ep00__g1"",""dim"":2,""path_r"":"""",""path_s"":"""",""synthetic"":{""generator"":""clustered"",""n_r"":100000,""n_s"":100000,""alpha"":1,""seed"":1}},""run"":{""method"":""interval_tree"",""variant"":""adaptive"",""t"":1000000,""seed"":1,""repeats"":3,""j_star"":1000000,""enum_cap"":0,""write_samples"":false,""verify"":false},""output"":{""out_dir"":""run/temp/exp5/clustered_t"",""run_tag"":""exp5_clustered_t""},""sys"":{""threads"":1},""logging"":{""level"":""INFO"",""with_timestamp"":true,""with_thread_id"":false}}","{""generator"":""clustered"",""dataset"":""clustered_t__nr100000__ns100000__a1_000ep00__g1"",""n_r"":100000,""n_s"":100000,""has_exact_k"":false,""k_target"":0,""k_achieved"":0,""alpha_target"":1,""alpha_achieved"":nan,""notes"":""clusters=10, sigma=0.05, w_min_r=0.003, w_max_r=0.02, share_clusters=1""}"
clustered_t__nr100000__ns100000__a1_000ep00__g1,clustered,1,100000,100000,interval_tree,adaptive,1000000,2,3,1,1542.27,2.16826e+07,1,0,1,0,fallback_sampling,1000001,"{""build_ms"":163.642209,""build_active_ms"":23.466030,""build_events_ms"":60.785722,""build_start_ids_ms"":1.514220,""build_y_endpoints_ms"":27.904934,""build_y_indices_ms"":49.962041,""enumerate_prepare_ms"":146.668383,""phase1_count_adaptive_ms"":508.370917,""phase2_slots_ms"":43.749930,""phase3_resweep_ms"":590.242515,""run_build_ms"":163.643239,""run_fallback_count_ms"":508.373697,""run_fallback_sample_ms"":634.266060,""run_pilot_enum_prepare_ms"":146.671773,""run_pilot_enum_scan_ms"":34.405019}",,"{""dataset"":{""source"":""synthetic"",""name"":""clustered_t__nr100000__ns100000__a1_000ep00__g1"",""dim"":2,""path_r"":"""",""path_s"":"""",""synthetic"":{""generator"":""clustered"",""n_r"":100000,""n_s"":100000,""alpha"":1,""seed"":1}},""run"":{""method"":""interval_tree"",""variant"":""adaptive"",""t"":1000000,""seed"":1,""repeats"":3,""j_star"":1000000,""enum_cap"":0,""write_samples"":false,""verify"":false},""output"":{""out_dir"":""run/temp/exp5/clustered_t"",""run_tag"":""exp5_clustered_t""},""sys"":{""threads"":1},""logging"":{""level"":""INFO"",""with_timestamp"":true,""with_thread_id"":false}}","{""generator"":""clustered"",""dataset"":""clustered_t__nr100000__ns100000__a1_000ep00__g1"",""n_r"":100000,""n_s"":100000,""has_exact_k"":false,""k_target"":0,""k_achieved"":0,""alpha_target"":1,""alpha_achieved"":nan,""notes"":""clusters=10, sigma=0.05, w_min_r=0.003, w_max_r=0.02, share_clusters=1""}"
clustered_t__nr100000__ns100000__a1_000ep00__g1,clustered,1,100000,100000,kd_tree,sampling,1000000,0,1,1,1193.3,2.16826e+07,1,0,0,0,,0,"{""build_ms"":103.451123,""build_events_ms"":34.366150,""build_kdtrees_ms"":35.417529,""build_rank_arrays_ms"":32.283281,""build_start_index_ms"":1.339094,""phase1_count_ms"":374.764743,""phase2_alias_ms"":715.074196,""phase3_sweep_ms"":625.708852,""run_build_ms"":103.452273,""run_count_ms"":374.768043,""run_sample_ms"":715.075556}",,"{""dataset"":{""source"":""synthetic"",""name"":""clustered_t__nr100000__ns100000__a1_000ep00__g1"",""dim"":2,""path_r"":"""",""path_s"":"""",""synthetic"":{""generator"":""clustered"",""n_r"":100000,""n_s"":100000,""alpha"":1,""seed"":1}},""run"":{""method"":""kd_tree"",""variant"":""sampling"",""t"":1000000,""seed"":1,""repeats"":3,""j_star"":1000000,""enum_cap"":0,""write_samples"":false,""verify"":false},""output"":{""out_dir"":""run/temp/exp5/clustered_t"",""run_tag"":""exp5_clustered_t""},""sys"":{""threads"":1},""logging"":{""level"":""INFO"",""with_timestamp"":true,""with_thread_id"":false}}","{""generator"":""clustered"",""dataset"":""clustered_t__nr100000__ns100000__a1_000ep00__g1"",""n_r"":100000,""n_s"":100000,""has_exact_k"":false,""k_target"":0,""k_achieved"":0,""alpha_target"":1,""alpha_achieved"":nan,""notes"":""clusters=10, sigma=0.05, w_min_r=0.003, w_max_r=0.02, share_clusters=1""}"
clustered_t__nr100000__ns100000__a1_000ep00__g1,clustered,1,100000,100000,kd_tree,sampling,1000000,1,2,1,1193.82,2.16826e+07,1,0,0,0,,0,"{""build_ms"":103.453023,""build_events_ms"":34.312331,""build_kdtrees_ms"":35.359461,""build_rank_arrays_ms"":32.372718,""build_start_index_ms"":1.363204,""phase1_count_ms"":374.210743,""phase2_alias_ms"":716.141745,""phase3_sweep_ms"":626.661683,""run_build_ms"":103.453653,""run_count_ms"":374.213773,""run_sample_ms"":716.142684}",,"{""dataset"":{""source"":""synthetic"",""name"":""clustered_t__nr100000__ns100000__a1_000ep00__g1"",""dim"":2,""path_r"":"""",""path_s"":"""",""synthetic"":{""generator"":""clustered"",""n_r"":100000,""n_s"":100000,""alpha"":1,""seed"":1}},""run"":{""method"":""kd_tree"",""variant"":""sampling"",""t"":1000000,""seed"":1,""repeats"":3,""j_star"":1000000,""enum_cap"":0,""write_samples"":false,""verify"":false},""output"":{""out_dir"":""run/temp/exp5/clustered_t"",""run_tag"":""exp5_clustered_t""},""sys"":{""threads"":1},""logging"":{""level"":""INFO"",""with_timestamp"":true,""with_thread_id"":false}}","{""generator"":""clustered"",""dataset"":""clustered_t__nr100000__ns100000__a1_000ep00__g1"",""n_r"":100000,""n_s"":100000,""has_exact_k"":false,""k_target"":0,""k_achieved"":0,""alpha_target"":1,""alpha_achieved"":nan,""notes"":""clusters=10, sigma=0.05, w_min_r=0.003, w_max_r=0.02, share_clusters=1""}"
clustered_t__nr100000__ns100000__a1_000ep00__g1,clustered,1,100000,100000,kd_tree,sampling,1000000,2,3,1,1193.07,2.16826e+07,1,0,0,0,,0,"{""build_ms"":103.148409,""build_events_ms"":34.327751,""build_kdtrees_ms"":35.091186,""build_rank_arrays_ms"":32.333359,""build_start_index_ms"":1.351594,""phase1_count_ms"":374.383199,""phase2_alias_ms"":715.529526,""phase3_sweep_ms"":626.791050,""run_build_ms"":103.149439,""run_count_ms"":374.386169,""run_sample_ms"":715.530385}",,"{""dataset"":{""source"":""synthetic"",""name"":""clustered_t__nr100000__ns100000__a1_000ep00__g1"",""dim"":2,""path_r"":"""",""path_s"":"""",""synthetic"":{""generator"":""clustered"",""n_r"":100000,""n_s"":100000,""alpha"":1,""seed"":1}},""run"":{""method"":""kd_tree"",""variant"":""sampling"",""t"":1000000,""seed"":1,""repeats"":3,""j_star"":1000000,""enum_cap"":0,""write_samples"":false,""verify"":false},""output"":{""out_dir"":""run/temp/exp5/clustered_t"",""run_tag"":""exp5_clustered_t""},""sys"":{""threads"":1},""logging"":{""level"":""INFO"",""with_timestamp"":true,""with_thread_id"":false}}","{""generator"":""clustered"",""dataset"":""clustered_t__nr100000__ns100000__a1_000ep00__g1"",""n_r"":100000,""n_s"":100000,""has_exact_k"":false,""k_target"":0,""k_achieved"":0,""alpha_target"":1,""alpha_achieved"":nan,""notes"":""clusters=10, sigma=0.05, w_min_r=0.003, w_max_r=0.02, share_clusters=1""}"
clustered_t__nr100000__ns100000__a1_000ep00__g1,clustered,1,100000,100000,kd_tree,adaptive,1000000,0,1,1,1508.55,2.16826e+07,1,0,1,0,fallback_sampling,1000001,"{""adaptive_fallback_sampling_ms"":714.335768,""build_ms"":103.123899,""build_embedding_ms"":32.370168,""build_events_ms"":34.298761,""build_kdtrees_ms"":35.114876,""build_rank_arrays_ms"":32.328669,""build_start_index_ms"":1.334364,""enumerate_prepare_ms"":101.845863,""phase1_count_and_maybe_enumerate_ms"":432.081889,""phase2_alias_ms"":5.242289,""phase2_assign_ms"":83.840660,""phase3_sweep_ms"":624.592661,""run_build_ms"":103.124839,""run_fallback_count_ms"":432.084989,""run_fallback_sample_ms"":714.337438,""run_pilot_enum_prepare_ms"":101.850603,""run_pilot_enum_scan_ms"":157.133872}",,"{""dataset"":{""source"":""synthetic"",""name"":""clustered_t__nr100000__ns100000__a1_000ep00__g1"",""dim"":2,""path_r"":"""",""path_s"":"""",""synthetic"":{""generator"":""clustered"",""n_r"":100000,""n_s"":100000,""alpha"":1,""seed"":1}},""run"":{""method"":""kd_tree"",""variant"":""adaptive"",""t"":1000000,""seed"":1,""repeats"":3,""j_star"":1000000,""enum_cap"":0,""write_samples"":false,""verify"":false},""output"":{""out_dir"":""run/temp/exp5/clustered_t"",""run_tag"":""exp5_clustered_t""},""sys"":{""threads"":1},""logging"":{""level"":""INFO"",""with_timestamp"":true,""with_thread_id"":false}}","{""generator"":""clustered"",""dataset"":""clustered_t__nr100000__ns100000__a1_000ep00__g1"",""n_r"":100000,""n_s"":100000,""has_exact_k"":false,""k_target"":0,""k_achieved"":0,""alpha_target"":1,""alpha_achieved"":nan,""notes"":""clusters=10, sigma=0.05, w_min_r=0.003, w_max_r=0.02, share_clusters=1""}"
clustered_t__nr100000__ns100000__a1_000ep00__g1,clustered,1,100000,100000,kd_tree,adaptive,1000000,1,2,1,1506.46,2.16826e+07,1,0,1,0,fallback_sampling,1000001,"{""adaptive_fallback_sampling_ms"":711.260815,""build_ms"":103.097798,""build_embedding_ms"":32.289730,""build_events_ms"":34.308221,""build_kdtrees_ms"":35.142225,""build_rank_arrays_ms"":32.249271,""build_start_index_ms"":1.353154,""enumerate_prepare_ms"":101.863903,""phase1_count_and_maybe_enumerate_ms"":433.122539,""phase2_alias_ms"":5.300708,""phase2_assign_ms"":83.616003,""phase3_sweep_ms"":621.679866,""run_build_ms"":103.098589,""run_fallback_count_ms"":433.125379,""run_fallback_sample_ms"":711.262125,""run_pilot_enum_prepare_ms"":101.867843,""run_pilot_enum_scan_ms"":157.095442}",,"{""dataset"":{""source"":""synthetic"",""name"":""clustered_t__nr100000__ns100000__a1_000ep00__g1"",""dim"":2,""path_r"":"""",""path_s"":"""",""synthetic"":{""generator"":""clustered"",""n_r"":100000,""n_s"":100000,""alpha"":1,""seed"":1}},""run"":{""method"":""kd_tree"",""variant"":""adaptive"",""t"":1000000,""seed"":1,""repeats"":3,""j_star"":1000000,""enum_cap"":0,""write_samples"":false,""verify"":false},""output"":{""out_dir"":""run/temp/exp5/clustered_t"",""run_tag"":""exp5_clustered_t""},""sys"":{""threads"":1},""logging"":{""level"":""INFO"",""with_timestamp"":true,""with_thread_id"":false}}","{""generator"":""clustered"",""dataset"":""clustered_t__nr100000__ns100000__a1_000ep00__g1"",""n_r"":100000,""n_s"":100000,""has_exact_k"":false,""k_target"":0,""k_achieved"":0,""alpha_target"":1,""alpha_achieved"":nan,""notes"":""clusters=10, sigma=0.05, w_min_r=0.003, w_max_r=0.02, share_clusters=1""}"
clustered_t__nr100000__ns100000__a1_000ep00__g1,clustered,1,100000,100000,kd_tree,adaptive,1000000,2,3,1,1504.66,2.16826e+07,1,0,1,0,fallback_sampling,1000001,"{""adaptive_fallback_sampling_ms"":709.648496,""build_ms"":103.164018,""build_embedding_ms"":32.315710,""build_events_ms"":34.321241,""build_kdtrees_ms"":35.167274,""build_rank_arrays_ms"":32.274390,""build_start_index_ms"":1.354884,""enumerate_prepare_ms"":101.838593,""phase1_count_and_maybe_enumerate_ms"":433.055539,""phase2_alias_ms"":5.221830,""phase2_assign_ms"":83.179722,""phase3_sweep_ms"":620.585967,""run_build_ms"":103.164818,""run_fallback_count_ms"":433.058539,""run_fallback_sample_ms"":709.649745,""run_pilot_enum_prepare_ms"":101.842383,""run_pilot_enum_scan_ms"":156.928475}",,"{""dataset"":{""source"":""synthetic"",""name"":""clustered_t__nr100000__ns100000__a1_000ep00__g1"",""dim"":2,""path_r"":"""",""path_s"":"""",""synthetic"":{""generator"":""clustered"",""n_r"":100000,""n_s"":100000,""alpha"":1,""seed"":1}},""run"":{""method"":""kd_tree"",""variant"":""adaptive"",""t"":1000000,""seed"":1,""repeats"":3,""j_star"":1000000,""enum_cap"":0,""write_samples"":false,""verify"":false},""output"":{""out_dir"":""run/temp/exp5/clustered_t"",""run_tag"":""exp5_clustered_t""},""sys"":{""threads"":1},""logging"":{""level"":""INFO"",""with_timestamp"":true,""with_thread_id"":false}}","{""generator"":""clustered"",""dataset"":""clustered_t__nr100000__ns100000__a1_000ep00__g1"",""n_r"":100000,""n_s"":100000,""has_exact_k"":false,""k_target"":0,""k_achieved"":0,""alpha_target"":1,""alpha_achieved"":nan,""notes"":""clusters=10, sigma=0.05, w_min_r=0.003, w_max_r=0.02, share_clusters=1""}"
clustered_t__nr100000__ns100000__a1_000ep00__g1,clustered,1,100000,100000,r_tree,sampling,1000000,0,1,1,799.29,2.16826e+07,1,0,0,0,,0,"{""build_ms"":36.196545,""phase1_count_ms"":230.190926,""phase2_assign_ms"":21.342880,""phase3_sample_ms"":510.986212,""run_build_ms"":36.197644,""run_count_ms"":230.193337,""run_sample_ms"":532.896159}",,"{""dataset"":{""source"":""synthetic"",""name"":""clustered_t__nr100000__ns100000__a1_000ep00__g1"",""dim"":2,""path_r"":"""",""path_s"":"""",""synthetic"":{""generator"":""clustered"",""n_r"":100000,""n_s"":100000,""alpha"":1,""seed"":1}},""run"":{""method"":""r_tree"",""variant"":""sampling"",""t"":1000000,""seed"":1,""repeats"":3,""j_star"":1000000,""enum_cap"":0,""write_samples"":false,""verify"":false},""output"":{""out_dir"":""run/temp/exp5/clustered_t"",""run_tag"":""exp5_clustered_t""},""sys"":{""threads"":1},""logging"":{""level"":""INFO"",""with_timestamp"":true,""with_thread_id"":false}}","{""generator"":""clustered"",""dataset"":""clustered_t__nr100000__ns100000__a1_000ep00__g1"",""n_r"":100000,""n_s"":100000,""has_exact_k"":false,""k_target"":0,""k_achieved"":0,""alpha_target"":1,""alpha_achieved"":nan,""notes"":""clusters=10, sigma=0.05, w_min_r=0.003, w_max_r=0.02, share_clusters=1""}"
clustered_t__nr100000__ns100000__a1_000ep00__g1,clustered,1,100000,100000,r_tree,sampling,1000000,1,2,1,802.175,2.16826e+07,1,0,0,0,,0,"{""build_ms"":36.239053,""phase1_count_ms"":231.316805,""phase2_assign_ms"":21.349849,""phase3_sample_ms"":512.553690,""run_build_ms"":36.240413,""run_count_ms"":231.318505,""run_sample_ms"":534.471189}",,"{""dataset"":{""source"":""synthetic"",""name"":""clustered_t__nr100000__ns100000__a1_000ep00__g1"",""dim"":2,""path_r"":"""",""path_s"":"""",""synthetic"":{""generator"":""clustered"",""n_r"":100000,""n_s"":100000,""alpha"":1,""seed"":1}},""run"":{""method"":""r_tree"",""variant"":""sampling"",""t"":1000000,""seed"":1,""repeats"":3,""j_star"":1000000,""enum_cap"":0,""write_samples"":false,""verify"":false},""output"":{""out_dir"":""run/temp/exp5/clustered_t"",""run_tag"":""exp5_clustered_t""},""sys"":{""threads"":1},""logging"":{""level"":""INFO"",""with_timestamp"":true,""with_thread_id"":false}}","{""generator"":""clustered"",""dataset"":""clustered_t__nr100000__ns100000__a1_000ep00__g1"",""n_r"":100000,""n_s"":100000,""has_exact_k"":false,""k_target"":0,""k_achieved"":0,""alpha_target"":1,""alpha_achieved"":nan,""notes"":""clusters=10, sigma=0.05, w_min_r=0.003, w_max_r=0.02, share_clusters=1""}"
clustered_t__nr100000__ns100000__a1_000ep00__g1,clustered,1,100000,100000,r_tree,sampling,1000000,2,3,1,802.98,2.16826e+07,1,0,0,0,,0,"{""build_ms"":36.201444,""phase1_count_ms"":228.950670,""phase2_assign_ms"":21.385259,""phase3_sample_ms"":515.710329,""run_build_ms"":36.203264,""run_count_ms"":228.952710,""run_sample_ms"":537.675777}",,"{""dataset"":{""source"":""synthetic"",""name"":""clustered_t__nr100000__ns100000__a1_000ep00__g1"",""dim"":2,""path_r"":"""",""path_s"":"""",""synthetic"":{""generator"":""clustered"",""n_r"":100000,""n_s"":100000,""alpha"":1,""seed"":1}},""run"":{""method"":""r_tree"",""variant"":""sampling"",""t"":1000000,""seed"":1,""repeats"":3,""j_star"":1000000,""enum_cap"":0,""write_samples"":false,""verify"":false},""output"":{""out_dir"":""run/temp/exp5/clustered_t"",""run_tag"":""exp5_clustered_t""},""sys"":{""threads"":1},""logging"":{""level"":""INFO"",""with_timestamp"":true,""with_thread_id"":false}}","{""generator"":""clustered"",""dataset"":""clustered_t__nr100000__ns100000__a1_000ep00__g1"",""n_r"":100000,""n_s"":100000,""has_exact_k"":false,""k_target"":0,""k_achieved"":0,""alpha_target"":1,""alpha_achieved"":nan,""notes"":""clusters=10, sigma=0.05, w_min_r=0.003, w_max_r=0.02, share_clusters=1""}"
clustered_t__nr100000__ns100000__a1_000ep00__g1,clustered,1,100000,100000,r_tree,adaptive,1000000,0,1,1,893.673,2.16826e+07,1,0,1,0,fallback_sampling,1000001,"{""build_ms"":36.172355,""enumerate_prepare_ms"":34.550476,""phase1_adaptive_count_ms"":245.983522,""phase2+3_sampling_ms"":522.883381,""run_build_ms"":36.173475,""run_fallback_count_ms"":245.986332,""run_fallback_sample_ms"":522.886471,""run_pilot_enum_prepare_ms"":34.553036,""run_pilot_enum_scan_ms"":54.043842}",,"{""dataset"":{""source"":""synthetic"",""name"":""clustered_t__nr100000__ns100000__a1_000ep00__g1"",""dim"":2,""path_r"":"""",""path_s"":"""",""synthetic"":{""generator"":""clustered"",""n_r"":100000,""n_s"":100000,""alpha"":1,""seed"":1}},""run"":{""method"":""r_tree"",""variant"":""adaptive"",""t"":1000000,""seed"":1,""repeats"":3,""j_star"":1000000,""enum_cap"":0,""write_samples"":false,""verify"":false},""output"":{""out_dir"":""run/temp/exp5/clustered_t"",""run_tag"":""exp5_clustered_t""},""sys"":{""threads"":1},""logging"":{""level"":""INFO"",""with_timestamp"":true,""with_thread_id"":false}}","{""generator"":""clustered"",""dataset"":""clustered_t__nr100000__ns100000__a1_000ep00__g1"",""n_r"":100000,""n_s"":100000,""has_exact_k"":false,""k_target"":0,""k_achieved"":0,""alpha_target"":1,""alpha_achieved"":nan,""notes"":""clusters=10, sigma=0.05, w_min_r=0.003, w_max_r=0.02, share_clusters=1""}"
clustered_t__nr100000__ns100000__a1_000ep00__g1,clustered,1,100000,100000,r_tree,adaptive,1000000,1,2,1,890.75,2.16826e+07,1,0,1,0,fallback_sampling,1000001,"{""build_ms"":36.163425,""enumerate_prepare_ms"":34.548166,""phase1_adaptive_count_ms"":243.916193,""phase2+3_sampling_ms"":521.898949,""run_build_ms"":36.164985,""run_fallback_count_ms"":243.918632,""run_fallback_sample_ms"":521.901739,""run_pilot_enum_prepare_ms"":34.550606,""run_pilot_enum_scan_ms"":54.048301}",,"{""dataset"":{""source"":""synthetic"",""name"":""clustered_t__nr100000__ns100000__a1_000ep00__g1"",""dim"":2,""path_r"":"""",""path_s"":"""",""synthetic"":{""generator"":""clustered"",""n_r"":100000,""n_s"":100000,""alpha"":1,""seed"":1}},""run"":{""method"":""r_tree"",""variant"":""adaptive"",""t"":1000000,""seed"":1,""repeats"":3,""j_star"":1000000,""enum_cap"":0,""write_samples"":false,""verify"":false},""output"":{""out_dir"":""run/temp/exp5/clustered_t"",""run_tag"":""exp5_clustered_t""},""sys"":{""threads"":1},""logging"":{""level"":""INFO"",""with_timestamp"":true,""with_thread_id"":false}}","{""generator"":""clustered"",""dataset"":""clustered_t__nr100000__ns100000__a1_000ep00__g1"",""n_r"":100000,""n_s"":100000,""has_exact_k"":false,""k_target"":0,""k_achieved"":0,""alpha_target"":1,""alpha_achieved"":nan,""notes"":""clusters=10, sigma=0.05, w_min_r=0.003, w_max_r=0.02, share_clusters=1""}"
clustered_t__nr100000__ns100000__a1_000ep00__g1,clustered,1,100000,100000,r_tree,adaptive,1000000,2,3,1,888.464,2.16826e+07,1,0,1,0,fallback_sampling,1000001,"{""build_ms"":36.183315,""enumerate_prepare_ms"":34.521817,""phase1_adaptive_count_ms"":243.297093,""phase2+3_sampling_ms"":520.314000,""run_build_ms"":36.184805,""run_fallback_count_ms"":243.299723,""run_fallback_sample_ms"":520.316610,""run_pilot_enum_prepare_ms"":34.524697,""run_pilot_enum_scan_ms"":53.971062}",,"{""dataset"":{""source"":""synthetic"",""name"":""clustered_t__nr100000__ns100000__a1_000ep00__g1"",""dim"":2,""path_r"":"""",""path_s"":"""",""synthetic"":{""generator"":""clustered"",""n_r"":100000,""n_s"":100000,""alpha"":1,""seed"":1}},""run"":{""method"":""r_tree"",""variant"":""adaptive"",""t"":1000000,""seed"":1,""repeats"":3,""j_star"":1000000,""enum_cap"":0,""write_samples"":false,""verify"":false},""output"":{""out_dir"":""run/temp/exp5/clustered_t"",""run_tag"":""exp5_clustered_t""},""sys"":{""threads"":1},""logging"":{""level"":""INFO"",""with_timestamp"":true,""with_thread_id"":false}}","{""generator"":""clustered"",""dataset"":""clustered_t__nr100000__ns100000__a1_000ep00__g1"",""n_r"":100000,""n_s"":100000,""has_exact_k"":false,""k_target"":0,""k_achieved"":0,""alpha_target"":1,""alpha_achieved"":nan,""notes"":""clusters=10, sigma=0.05, w_min_r=0.003, w_max_r=0.02, share_clusters=1""}"
clustered_t__nr100000__ns100000__a1_000ep00__g1,clustered,1,100000,100000,range_tree,sampling,1000000,0,1,1,2387.76,2.16826e+07,1,0,0,0,,0,"{""build_ms"":101.769804,""build_events_ms"":34.311750,""build_range_trees_ms"":35.107985,""build_rank_arrays_ms"":30.964454,""build_start_index_ms"":1.341794,""phase1_count_ms"":1044.116331,""phase2_alias_ms"":1241.863747,""phase3_sweep_ms"":1152.694952,""run_build_ms"":101.770723,""run_count_ms"":1044.119611,""run_sample_ms"":1241.864897}",,"{""dataset"":{""source"":""synthetic"",""name"":""clustered_t__nr100000__ns100000__a1_000ep00__g1"",""dim"":2,""path_r"":"""",""path_s"":"""",""synthetic"":{""generator"":""clustered"",""n_r"":100000,""n_s"":100000,""alpha"":1,""seed"":1}},""run"":{""method"":""range_tree"",""variant"":""sampling"",""t"":1000000,""seed"":1,""repeats"":3,""j_star"":1000000,""enum_cap"":0,""write_samples"":false,""verify"":false},""output"":{""out_dir"":""run/temp/exp5/clustered_t"",""run_tag"":""exp5_clustered_t""},""sys"":{""threads"":1},""logging"":{""level"":""INFO"",""with_timestamp"":true,""with_thread_id"":false}}","{""generator"":""clustered"",""dataset"":""clustered_t__nr100000__ns100000__a1_000ep00__g1"",""n_r"":100000,""n_s"":100000,""has_exact_k"":false,""k_target"":0,""k_achieved"":0,""alpha_target"":1,""alpha_achieved"":nan,""notes"":""clusters=10, sigma=0.05, w_min_r=0.003, w_max_r=0.02, share_clusters=1""}"
clustered_t__nr100000__ns100000__a1_000ep00__g1,clustered,1,100000,100000,range_tree,sampling,1000000,1,2,1,2381.3,2.16826e+07,1,0,0,0,,0,"{""build_ms"":100.619436,""build_events_ms"":34.284901,""build_range_trees_ms"":34.012677,""build_rank_arrays_ms"":30.920515,""build_start_index_ms"":1.355414,""phase1_count_ms"":1039.428487,""phase2_alias_ms"":1241.240356,""phase3_sweep_ms"":1152.157358,""run_build_ms"":100.620346,""run_count_ms"":1039.431607,""run_sample_ms"":1241.241156}",,"{""dataset"":{""source"":""synthetic"",""name"":""clustered_t__nr100000__ns100000__a1_000ep00__g1"",""dim"":2,""path_r"":"""",""path_s"":"""",""synthetic"":{""generator"":""clustered"",""n_r"":100000,""n_s"":100000,""alpha"":1,""seed"":1}},""run"":{""method"":""range_tree"",""variant"":""sampling"",""t"":1000000,""seed"":1,""repeats"":3,""j_star"":1000000,""enum_cap"":0,""write_samples"":false,""verify"":false},""output"":{""out_dir"":""run/temp/exp5/clustered_t"",""run_tag"":""exp5_clustered_t""},""sys"":{""threads"":1},""logging"":{""level"":""INFO"",""with_timestamp"":true,""with_thread_id"":false}}","{""generator"":""clustered"",""dataset"":""clustered_t__nr100000__ns100000__a1_000ep00__g1"",""n_r"":100000,""n_s"":100000,""has_exact_k"":false,""k_target"":0,""k_achieved"":0,""alpha_target"":1,""alpha_achieved"":nan,""notes"":""clusters=10, sigma=0.05, w_min_r=0.003, w_max_r=0.02, share_clusters=1""}"
clustered_t__nr100000__ns100000__a1_000ep00__g1,clustered,1,100000,100000,range_tree,sampling,1000000,2,3,1,2381.65,2.16826e+07,1,0,0,0,,0,"{""build_ms"":101.021908,""build_events_ms"":34.315061,""build_range_trees_ms"":34.382459,""build_rank_arrays_ms"":30.926315,""build_start_index_ms"":1.353164,""phase1_count_ms"":1040.204879,""phase2_alias_ms"":1240.417138,""phase3_sweep_ms"":1152.203494,""run_build_ms"":101.022428,""run_count_ms"":1040.207349,""run_sample_ms"":1240.417818}",,"{""dataset"":{""source"":""synthetic"",""name"":""clustered_t__nr100000__ns100000__a1_000ep00__g1"",""dim"":2,""path_r"":"""",""path_s"":"""",""synthetic"":{""generator"":""clustered"",""n_r"":100000,""n_s"":100000,""alpha"":1,""seed"":1}},""run"":{""method"":""range_tree"",""variant"":""sampling"",""t"":1000000,""seed"":1,""repeats"":3,""j_star"":1000000,""enum_cap"":0,""write_samples"":false,""verify"":false},""output"":{""out_dir"":""run/temp/exp5/clustered_t"",""run_tag"":""exp5_clustered_t""},""sys"":{""threads"":1},""logging"":{""level"":""INFO"",""with_timestamp"":true,""with_thread_id"":false}}","{""generator"":""clustered"",""dataset"":""clustered_t__nr100000__ns100000__a1_000ep00__g1"",""n_r"":100000,""n_s"":100000,""has_exact_k"":false,""k_target"":0,""k_achieved"":0,""alpha_target"":1,""alpha_achieved"":nan,""notes"":""clusters=10, sigma=0.05, w_min_r=0.003, w_max_r=0.02, share_clusters=1""}"
clustered_t__nr100000__ns100000__a1_000ep00__g1,clustered,1,100000,100000,range_tree,adaptive,1000000,0,1,1,2743.56,2.16826e+07,1,0,1,0,fallback_sampling,1000001,"{""adaptive_count_ms"":1102.984479,""build_ms"":101.987508,""build_events_ms"":34.286871,""build_range_trees_ms"":35.408789,""build_rank_arrays_ms"":30.911966,""build_start_index_ms"":1.334124,""enumerate_prepare_ms"":100.394530,""phase2_alias_ms"":1245.062125,""phase3_sweep_ms"":1154.127854,""run_build_ms"":101.988378,""run_fallback_count_ms"":1102.987429,""run_fallback_sample_ms"":1245.063485,""run_pilot_enum_prepare_ms"":100.398180,""run_pilot_enum_scan_ms"":193.097666}",,"{""dataset"":{""source"":""synthetic"",""name"":""clustered_t__nr100000__ns100000__a1_000ep00__g1"",""dim"":2,""path_r"":"""",""path_s"":"""",""synthetic"":{""generator"":""clustered"",""n_r"":100000,""n_s"":100000,""alpha"":1,""seed"":1}},""run"":{""method"":""range_tree"",""variant"":""adaptive"",""t"":1000000,""seed"":1,""repeats"":3,""j_star"":1000000,""enum_cap"":0,""write_samples"":false,""verify"":false},""output"":{""out_dir"":""run/temp/exp5/clustered_t"",""run_tag"":""exp5_clustered_t""},""sys"":{""threads"":1},""logging"":{""level"":""INFO"",""with_timestamp"":true,""with_thread_id"":false}}","{""generator"":""clustered"",""dataset"":""clustered_t__nr100000__ns100000__a1_000ep00__g1"",""n_r"":100000,""n_s"":100000,""has_exact_k"":false,""k_target"":0,""k_achieved"":0,""alpha_target"":1,""alpha_achieved"":nan,""notes"":""clusters=10, sigma=0.05, w_min_r=0.003, w_max_r=0.02, share_clusters=1""}"
clustered_t__nr100000__ns100000__a1_000ep00__g1,clustered,1,100000,100000,range_tree,adaptive,1000000,1,2,1,2741.46,2.16826e+07,1,0,1,0,fallback_sampling,1000001,"{""adaptive_count_ms"":1103.810179,""build_ms"":100.659634,""build_events_ms"":34.339499,""build_range_trees_ms"":34.035065,""build_rank_arrays_ms"":30.886087,""build_start_index_ms"":1.354194,""enumerate_prepare_ms"":100.451997,""phase2_alias_ms"":1241.899082,""phase3_sweep_ms"":1151.063859,""run_build_ms"":100.660295,""run_fallback_count_ms"":1103.812489,""run_fallback_sample_ms"":1241.900102,""run_pilot_enum_prepare_ms"":100.454917,""run_pilot_enum_scan_ms"":194.612748}",,"{""dataset"":{""source"":""synthetic"",""name"":""clustered_t__nr100000__ns100000__a1_000ep00__g1"",""dim"":2,""path_r"":"""",""path_s"":"""",""synthetic"":{""generator"":""clustered"",""n_r"":100000,""n_s"":100000,""alpha"":1,""seed"":1}},""run"":{""method"":""range_tree"",""variant"":""adaptive"",""t"":1000000,""seed"":1,""repeats"":3,""j_star"":1000000,""enum_cap"":0,""write_samples"":false,""verify"":false},""output"":{""out_dir"":""run/temp/exp5/clustered_t"",""run_tag"":""exp5_clustered_t""},""sys"":{""threads"":1},""logging"":{""level"":""INFO"",""with_timestamp"":true,""with_thread_id"":false}}","{""generator"":""clustered"",""dataset"":""clustered_t__nr100000__ns100000__a1_000ep00__g1"",""n_r"":100000,""n_s"":100000,""has_exact_k"":false,""k_target"":0,""k_achieved"":0,""alpha_target"":1,""alpha_achieved"":nan,""notes"":""clusters=10, sigma=0.05, w_min_r=0.003, w_max_r=0.02, share_clusters=1""}"
clustered_t__nr100000__ns100000__a1_000ep00__g1,clustered,1,100000,100000,range_tree,adaptive,1000000,2,3,1,2738.39,2.16826e+07,1,0,1,0,fallback_sampling,1000001,"{""adaptive_count_ms"":1103.100359,""build_ms"":100.506967,""build_events_ms"":34.294671,""build_range_trees_ms"":33.900798,""build_rank_arrays_ms"":30.911015,""build_start_index_ms"":1.355203,""enumerate_prepare_ms"":100.449907,""phase2_alias_ms"":1241.649012,""phase3_sweep_ms"":1151.209601,""run_build_ms"":100.507827,""run_fallback_count_ms"":1103.103279,""run_fallback_sample_ms"":1241.649921,""run_pilot_enum_prepare_ms"":100.453537,""run_pilot_enum_scan_ms"":192.651124}",,"{""dataset"":{""source"":""synthetic"",""name"":""clustered_t__nr100000__ns100000__a1_000ep00__g1"",""dim"":2,""path_r"":"""",""path_s"":"""",""synthetic"":{""generator"":""clustered"",""n_r"":100000,""n_s"":100000,""alpha"":1,""seed"":1}},""run"":{""method"":""range_tree"",""variant"":""adaptive"",""t"":1000000,""seed"":1,""repeats"":3,""j_star"":1000000,""enum_cap"":0,""write_samples"":false,""verify"":false},""output"":{""out_dir"":""run/temp/exp5/clustered_t"",""run_tag"":""exp5_clustered_t""},""sys"":{""threads"":1},""logging"":{""level"":""INFO"",""with_timestamp"":true,""with_thread_id"":false}}","{""generator"":""clustered"",""dataset"":""clustered_t__nr100000__ns100000__a1_000ep00__g1"",""n_r"":100000,""n_s"":100000,""has_exact_k"":false,""k_target"":0,""k_achieved"":0,""alpha_target"":1,""alpha_achieved"":nan,""notes"":""clusters=10, sigma=0.05, w_min_r=0.003, w_max_r=0.02, share_clusters=1""}"
clustered_t__nr100000__ns100000__a1_000ep00__g1,clustered,1,100000,100000,pbsm,sampling,1000000,0,1,1,1776.41,2.16826e+07,1,0,0,0,,0,"{""build_ms"":21.766341,""pbsm_build_ms"":21.765911,""pbsm_count_pass1_ms"":779.220648,""pbsm_partitions_stripes_ms"":21.416908,""pbsm_sample_draw_ranks_ms"":68.683549,""pbsm_sample_pass2_select_ms"":906.157734,""run_build_ms"":21.766951,""run_count_ms"":779.224008,""run_sample_ms"":975.420042}",,"{""dataset"":{""source"":""synthetic"",""name"":""clustered_t__nr100000__ns100000__a1_000ep00__g1"",""dim"":2,""path_r"":"""",""path_s"":"""",""synthetic"":{""generator"":""clustered"",""n_r"":100000,""n_s"":100000,""alpha"":1,""seed"":1}},""run"":{""method"":""pbsm"",""variant"":""sampling"",""t"":1000000,""seed"":1,""repeats"":3,""j_star"":1000000,""enum_cap"":0,""write_samples"":false,""verify"":false},""output"":{""out_dir"":""run/temp/exp5/clustered_t"",""run_tag"":""exp5_clustered_t""},""sys"":{""threads"":1},""logging"":{""level"":""INFO"",""with_timestamp"":true,""with_thread_id"":false}}","{""generator"":""clustered"",""dataset"":""clustered_t__nr100000__ns100000__a1_000ep00__g1"",""n_r"":100000,""n_s"":100000,""has_exact_k"":false,""k_target"":0,""k_achieved"":0,""alpha_target"":1,""alpha_achieved"":nan,""notes"":""clusters=10, sigma=0.05, w_min_r=0.003, w_max_r=0.02, share_clusters=1""}"
clustered_t__nr100000__ns100000__a1_000ep00__g1,clustered,1,100000,100000,pbsm,sampling,1000000,1,2,1,1827.09,2.16826e+07,1,0,0,0,,0,"{""build_ms"":21.746602,""pbsm_build_ms"":21.746392,""pbsm_count_pass1_ms"":813.092794,""pbsm_partitions_stripes_ms"":21.402839,""pbsm_sample_draw_ranks_ms"":67.432123,""pbsm_sample_pass2_select_ms"":924.230216,""run_build_ms"":21.746892,""run_count_ms"":813.096224,""run_sample_ms"":992.242336}",,"{""dataset"":{""source"":""synthetic"",""name"":""clustered_t__nr100000__ns100000__a1_000ep00__g1"",""dim"":2,""path_r"":"""",""path_s"":"""",""synthetic"":{""generator"":""clustered"",""n_r"":100000,""n_s"":100000,""alpha"":1,""seed"":1}},""run"":{""method"":""pbsm"",""variant"":""sampling"",""t"":1000000,""seed"":1,""repeats"":3,""j_star"":1000000,""enum_cap"":0,""write_samples"":false,""verify"":false},""output"":{""out_dir"":""run/temp/exp5/clustered_t"",""run_tag"":""exp5_clustered_t""},""sys"":{""threads"":1},""logging"":{""level"":""INFO"",""with_timestamp"":true,""with_thread_id"":false}}","{""generator"":""clustered"",""dataset"":""clustered_t__nr100000__ns100000__a1_000ep00__g1"",""n_r"":100000,""n_s"":100000,""has_exact_k"":false,""k_target"":0,""k_achieved"":0,""alpha_target"":1,""alpha_achieved"":nan,""notes"":""clusters=10, sigma=0.05, w_min_r=0.003, w_max_r=0.02, share_clusters=1""}"
clustered_t__nr100000__ns100000__a1_000ep00__g1,clustered,1,100000,100000,pbsm,sampling,1000000,2,3,1,1825.92,2.16826e+07,1,0,0,0,,0,"{""build_ms"":21.745251,""pbsm_build_ms"":21.744681,""pbsm_count_pass1_ms"":818.782774,""pbsm_partitions_stripes_ms"":21.400637,""pbsm_sample_draw_ranks_ms"":67.596478,""pbsm_sample_pass2_select_ms"":917.196318,""run_build_ms"":21.745641,""run_count_ms"":818.785684,""run_sample_ms"":985.380796}",,"{""dataset"":{""source"":""synthetic"",""name"":""clustered_t__nr100000__ns100000__a1_000ep00__g1"",""dim"":2,""path_r"":"""",""path_s"":"""",""synthetic"":{""generator"":""clustered"",""n_r"":100000,""n_s"":100000,""alpha"":1,""seed"":1}},""run"":{""method"":""pbsm"",""variant"":""sampling"",""t"":1000000,""seed"":1,""repeats"":3,""j_star"":1000000,""enum_cap"":0,""write_samples"":false,""verify"":false},""output"":{""out_dir"":""run/temp/exp5/clustered_t"",""run_tag"":""exp5_clustered_t""},""sys"":{""threads"":1},""logging"":{""level"":""INFO"",""with_timestamp"":true,""with_thread_id"":false}}","{""generator"":""clustered"",""dataset"":""clustered_t__nr100000__ns100000__a1_000ep00__g1"",""n_r"":100000,""n_s"":100000,""has_exact_k"":false,""k_target"":0,""k_achieved"":0,""alpha_target"":1,""alpha_achieved"":nan,""notes"":""clusters=10, sigma=0.05, w_min_r=0.003, w_max_r=0.02, share_clusters=1""}"
clustered_t__nr100000__ns100000__a1_000ep00__g1,clustered,1,100000,100000,pbsm,adaptive,1000000,0,1,1,1870.99,2.16826e+07,1,0,1,0,fallback_sampling,1000001,"{""build_ms"":21.757182,""enumerate_prepare_ms"":0.000180,""pbsm_adaptive_pass1_ms"":826.754248,""pbsm_adaptive_sample_large_ms"":981.664236,""pbsm_build_ms"":21.756842,""pbsm_partitions_stripes_ms"":21.414238,""run_build_ms"":21.757572,""run_fallback_count_ms"":826.759517,""run_fallback_sample_ms"":981.670005,""run_pilot_enum_prepare_ms"":0.000680,""run_pilot_enum_scan_ms"":40.788875}",,"{""dataset"":{""source"":""synthetic"",""name"":""clustered_t__nr100000__ns100000__a1_000ep00__g1"",""dim"":2,""path_r"":"""",""path_s"":"""",""synthetic"":{""generator"":""clustered"",""n_r"":100000,""n_s"":100000,""alpha"":1,""seed"":1}},""run"":{""method"":""pbsm"",""variant"":""adaptive"",""t"":1000000,""seed"":1,""repeats"":3,""j_star"":1000000,""enum_cap"":0,""write_samples"":false,""verify"":false},""output"":{""out_dir"":""run/temp/exp5/clustered_t"",""run_tag"":""exp5_clustered_t""},""sys"":{""threads"":1},""logging"":{""level"":""INFO"",""with_timestamp"":true,""with_thread_id"":false}}","{""generator"":""clustered"",""dataset"":""clustered_t__nr100000__ns100000__a1_000ep00__g1"",""n_r"":100000,""n_s"":100000,""has_exact_k"":false,""k_target"":0,""k_achieved"":0,""alpha_target"":1,""alpha_achieved"":nan,""notes"":""clusters=10, sigma=0.05, w_min_r=0.003, w_max_r=0.02, share_clusters=1""}"
clustered_t__nr100000__ns100000__a1_000ep00__g1,clustered,1,100000,100000,pbsm,adaptive,1000000,1,2,1,1871.57,2.16826e+07,1,0,1,0,fallback_sampling,1000001,"{""build_ms"":21.748362,""enumerate_prepare_ms"":0.000250,""pbsm_adaptive_pass1_ms"":826.827446,""pbsm_adaptive_sample_large_ms"":982.122264,""pbsm_build_ms"":21.747902,""pbsm_partitions_stripes_ms"":21.402408,""run_build_ms"":21.748782,""run_fallback_count_ms"":826.831795,""run_fallback_sample_ms"":982.126185,""run_pilot_enum_prepare_ms"":0.000730,""run_pilot_enum_scan_ms"":40.844613}",,"{""dataset"":{""source"":""synthetic"",""name"":""clustered_t__nr100000__ns100000__a1_000ep00__g1"",""dim"":2,""path_r"":"""",""path_s"":"""",""synthetic"":{""generator"":""clustered"",""n_r"":100000,""n_s"":100000,""alpha"":1,""seed"":1}},""run"":{""method"":""pbsm"",""variant"":""adaptive"",""t"":1000000,""seed"":1,""repeats"":3,""j_star"":1000000,""enum_cap"":0,""write_samples"":false,""verify"":false},""output"":{""out_dir"":""run/temp/exp5/clustered_t"",""run_tag"":""exp5_clustered_t""},""sys"":{""threads"":1},""logging"":{""level"":""INFO"",""with_timestamp"":true,""with_thread_id"":false}}","{""generator"":""clustered"",""dataset"":""clustered_t__nr100000__ns100000__a1_000ep00__g1"",""n_r"":100000,""n_s"":100000,""has_exact_k"":false,""k_target"":0,""k_achieved"":0,""alpha_target"":1,""alpha_achieved"":nan,""notes"":""clusters=10, sigma=0.05, w_min_r=0.003, w_max_r=0.02, share_clusters=1""}"
clustered_t__nr100000__ns100000__a1_000ep00__g1,clustered,1,100000,100000,pbsm,adaptive,1000000,2,3,1,1873.39,2.16826e+07,1,0,1,0,fallback_sampling,1000001,"{""build_ms"":21.742631,""enumerate_prepare_ms"":0.000370,""pbsm_adaptive_pass1_ms"":826.201335,""pbsm_adaptive_sample_large_ms"":984.539816,""pbsm_build_ms"":21.742291,""pbsm_partitions_stripes_ms"":21.390038,""run_build_ms"":21.742931,""run_fallback_count_ms"":826.206095,""run_fallback_sample_ms"":984.542936,""run_pilot_enum_prepare_ms"":0.000720,""run_pilot_enum_scan_ms"":40.881393}",,"{""dataset"":{""source"":""synthetic"",""name"":""clustered_t__nr100000__ns100000__a1_000ep00__g1"",""dim"":2,""path_r"":"""",""path_s"":"""",""synthetic"":{""generator"":""clustered"",""n_r"":100000,""n_s"":100000,""alpha"":1,""seed"":1}},""run"":{""method"":""pbsm"",""variant"":""adaptive"",""t"":1000000,""seed"":1,""repeats"":3,""j_star"":1000000,""enum_cap"":0,""write_samples"":false,""verify"":false},""output"":{""out_dir"":""run/temp/exp5/clustered_t"",""run_tag"":""exp5_clustered_t""},""sys"":{""threads"":1},""logging"":{""level"":""INFO"",""with_timestamp"":true,""with_thread_id"":false}}","{""generator"":""clustered"",""dataset"":""clustered_t__nr100000__ns100000__a1_000ep00__g1"",""n_r"":100000,""n_s"":100000,""has_exact_k"":false,""k_target"":0,""k_achieved"":0,""alpha_target"":1,""alpha_achieved"":nan,""notes"":""clusters=10, sigma=0.05, w_min_r=0.003, w_max_r=0.02, share_clusters=1""}"
clustered_t__nr100000__ns100000__a1_000ep00__g1,clustered,1,100000,100000,tlsop,sampling,1000000,0,1,1,718.181,2.16826e+07,1,0,0,0,,0,"{""build_ms"":33.031414,""run_build_ms"":33.032104,""run_count_ms"":283.346834,""run_sample_ms"":401.798544,""tlsop_alloc_tiles_ms"":0.058879,""tlsop_build_ms"":33.030664,""tlsop_build_edges_ms"":0.000520,""tlsop_count_pass1_ms"":283.343045,""tlsop_pass1_count_caps_ms"":5.947365,""tlsop_pass1_reserve_ms"":0.544130,""tlsop_pass2_fill_ms"":7.030144,""tlsop_sample_draw_ranks_ms"":69.027461,""tlsop_sample_pass2_select_ms"":332.222163,""tlsop_sort_lists_ms"":19.437546}",,"{""dataset"":{""source"":""synthetic"",""name"":""clustered_t__nr100000__ns100000__a1_000ep00__g1"",""dim"":2,""path_r"":"""",""path_s"":"""",""synthetic"":{""generator"":""clustered"",""n_r"":100000,""n_s"":100000,""alpha"":1,""seed"":1}},""run"":{""method"":""tlsop"",""variant"":""sampling"",""t"":1000000,""seed"":1,""repeats"":3,""j_star"":1000000,""enum_cap"":0,""write_samples"":false,""verify"":false},""output"":{""out_dir"":""run/temp/exp5/clustered_t"",""run_tag"":""exp5_clustered_t""},""sys"":{""threads"":1},""logging"":{""level"":""INFO"",""with_timestamp"":true,""with_thread_id"":false}}","{""generator"":""clustered"",""dataset"":""clustered_t__nr100000__ns100000__a1_000ep00__g1"",""n_r"":100000,""n_s"":100000,""has_exact_k"":false,""k_target"":0,""k_achieved"":0,""alpha_target"":1,""alpha_achieved"":nan,""notes"":""clusters=10, sigma=0.05, w_min_r=0.003, w_max_r=0.02, share_clusters=1""}"
clustered_t__nr100000__ns100000__a1_000ep00__g1,clustered,1,100000,100000,tlsop,sampling,1000000,1,2,1,720.354,2.16826e+07,1,0,0,0,,0,"{""build_ms"":33.089153,""run_build_ms"":33.089674,""run_count_ms"":285.733208,""run_sample_ms"":400.874262,""tlsop_alloc_tiles_ms"":0.061619,""tlsop_build_ms"":33.088213,""tlsop_build_edges_ms"":0.000710,""tlsop_count_pass1_ms"":285.728329,""tlsop_pass1_count_caps_ms"":5.917456,""tlsop_pass1_reserve_ms"":0.465151,""tlsop_pass2_fill_ms"":7.044825,""tlsop_sample_draw_ranks_ms"":67.855654,""tlsop_sample_pass2_select_ms"":332.471149,""tlsop_sort_lists_ms"":19.534964}",,"{""dataset"":{""source"":""synthetic"",""name"":""clustered_t__nr100000__ns100000__a1_000ep00__g1"",""dim"":2,""path_r"":"""",""path_s"":"""",""synthetic"":{""generator"":""clustered"",""n_r"":100000,""n_s"":100000,""alpha"":1,""seed"":1}},""run"":{""method"":""tlsop"",""variant"":""sampling"",""t"":1000000,""seed"":1,""repeats"":3,""j_star"":1000000,""enum_cap"":0,""write_samples"":false,""verify"":false},""output"":{""out_dir"":""run/temp/exp5/clustered_t"",""run_tag"":""exp5_clustered_t""},""sys"":{""threads"":1},""logging"":{""level"":""INFO"",""with_timestamp"":true,""with_thread_id"":false}}","{""generator"":""clustered"",""dataset"":""clustered_t__nr100000__ns100000__a1_000ep00__g1"",""n_r"":100000,""n_s"":100000,""has_exact_k"":false,""k_target"":0,""k_achieved"":0,""alpha_target"":1,""alpha_achieved"":nan,""notes"":""clusters=10, sigma=0.05, w_min_r=0.003, w_max_r=0.02, share_clusters=1""}"
clustered_t__nr100000__ns100000__a1_000ep00__g1,clustered,1,100000,100000,tlsop,sampling,1000000,2,3,1,720.79,2.16826e+07,1,0,0,0,,0,"{""build_ms"":33.041173,""run_build_ms"":33.041753,""run_count_ms"":284.948614,""run_sample_ms"":402.150036,""tlsop_alloc_tiles_ms"":0.061838,""tlsop_build_ms"":33.040243,""tlsop_build_edges_ms"":0.000850,""tlsop_count_pass1_ms"":284.944034,""tlsop_pass1_count_caps_ms"":5.915786,""tlsop_pass1_reserve_ms"":0.459571,""tlsop_pass2_fill_ms"":7.035835,""tlsop_sample_draw_ranks_ms"":67.777095,""tlsop_sample_pass2_select_ms"":333.827822,""tlsop_sort_lists_ms"":19.504064}",,"{""dataset"":{""source"":""synthetic"",""name"":""clustered_t__nr100000__ns100000__a1_000ep00__g1"",""dim"":2,""path_r"":"""",""path_s"":"""",""synthetic"":{""generator"":""clustered"",""n_r"":100000,""n_s"":100000,""alpha"":1,""seed"":1}},""run"":{""method"":""tlsop"",""variant"":""sampling"",""t"":1000000,""seed"":1,""repeats"":3,""j_star"":1000000,""enum_cap"":0,""write_samples"":false,""verify"":false},""output"":{""out_dir"":""run/temp/exp5/clustered_t"",""run_tag"":""exp5_clustered_t""},""sys"":{""threads"":1},""logging"":{""level"":""INFO"",""with_timestamp"":true,""with_thread_id"":false}}","{""generator"":""clustered"",""dataset"":""clustered_t__nr100000__ns100000__a1_000ep00__g1"",""n_r"":100000,""n_s"":100000,""has_exact_k"":false,""k_target"":0,""k_achieved"":0,""alpha_target"":1,""alpha_achieved"":nan,""notes"":""clusters=10, sigma=0.05, w_min_r=0.003, w_max_r=0.02, share_clusters=1""}"
clustered_t__nr100000__ns100000__a1_000ep00__g1,clustered,1,100000,100000,tlsop,adaptive,1000000,0,1,1,743.636,2.16826e+07,1,0,1,0,fallback_sampling,1000001,"{""build_ms"":33.021244,""enumerate_prepare_ms"":0.013069,""run_build_ms"":33.021804,""run_fallback_count_ms"":293.308482,""run_fallback_sample_ms"":402.151227,""run_pilot_enum_prepare_ms"":0.013919,""run_pilot_enum_scan_ms"":15.132159,""tlsop_adaptive_pass1_ms"":293.302122,""tlsop_adaptive_sample_large_ms"":402.146257,""tlsop_alloc_tiles_ms"":0.062699,""tlsop_build_ms"":33.020314,""tlsop_build_edges_ms"":0.000470,""tlsop_pass1_count_caps_ms"":5.947366,""tlsop_pass1_reserve_ms"":0.460081,""tlsop_pass2_fill_ms"":7.021795,""tlsop_sort_lists_ms"":19.516024}",,"{""dataset"":{""source"":""synthetic"",""name"":""clustered_t__nr100000__ns100000__a1_000ep00__g1"",""dim"":2,""path_r"":"""",""path_s"":"""",""synthetic"":{""generator"":""clustered"",""n_r"":100000,""n_s"":100000,""alpha"":1,""seed"":1}},""run"":{""method"":""tlsop"",""variant"":""adaptive"",""t"":1000000,""seed"":1,""repeats"":3,""j_star"":1000000,""enum_cap"":0,""write_samples"":false,""verify"":false},""output"":{""out_dir"":""run/temp/exp5/clustered_t"",""run_tag"":""exp5_clustered_t""},""sys"":{""threads"":1},""logging"":{""level"":""INFO"",""with_timestamp"":true,""with_thread_id"":false}}","{""generator"":""clustered"",""dataset"":""clustered_t__nr100000__ns100000__a1_000ep00__g1"",""n_r"":100000,""n_s"":100000,""has_exact_k"":false,""k_target"":0,""k_achieved"":0,""alpha_target"":1,""alpha_achieved"":nan,""notes"":""clusters=10, sigma=0.05, w_min_r=0.003, w_max_r=0.02, share_clusters=1""}"
clustered_t__nr100000__ns100000__a1_000ep00__g1,clustered,1,100000,100000,tlsop,adaptive,1000000,1,2,1,744.476,2.16826e+07,1,0,1,0,fallback_sampling,1000001,"{""build_ms"":33.135802,""enumerate_prepare_ms"":0.013080,""run_build_ms"":33.136362,""run_fallback_count_ms"":291.627354,""run_fallback_sample_ms"":403.312463,""run_pilot_enum_prepare_ms"":0.013900,""run_pilot_enum_scan_ms"":15.731897,""tlsop_adaptive_pass1_ms"":291.621225,""tlsop_adaptive_sample_large_ms"":403.306794,""tlsop_alloc_tiles_ms"":0.061579,""tlsop_build_ms"":33.135022,""tlsop_build_edges_ms"":0.000760,""tlsop_pass1_count_caps_ms"":5.985025,""tlsop_pass1_reserve_ms"":0.452161,""tlsop_pass2_fill_ms"":7.023625,""tlsop_sort_lists_ms"":19.549193}",,"{""dataset"":{""source"":""synthetic"",""name"":""clustered_t__nr100000__ns100000__a1_000ep00__g1"",""dim"":2,""path_r"":"""",""path_s"":"""",""synthetic"":{""generator"":""clustered"",""n_r"":100000,""n_s"":100000,""alpha"":1,""seed"":1}},""run"":{""method"":""tlsop"",""variant"":""adaptive"",""t"":1000000,""seed"":1,""repeats"":3,""j_star"":1000000,""enum_cap"":0,""write_samples"":false,""verify"":false},""output"":{""out_dir"":""run/temp/exp5/clustered_t"",""run_tag"":""exp5_clustered_t""},""sys"":{""threads"":1},""logging"":{""level"":""INFO"",""with_timestamp"":true,""with_thread_id"":false}}","{""generator"":""clustered"",""dataset"":""clustered_t__nr100000__ns100000__a1_000ep00__g1"",""n_r"":100000,""n_s"":100000,""has_exact_k"":false,""k_target"":0,""k_achieved"":0,""alpha_target"":1,""alpha_achieved"":nan,""notes"":""clusters=10, sigma=0.05, w_min_r=0.003, w_max_r=0.02, share_clusters=1""}"
clustered_t__nr100000__ns100000__a1_000ep00__g1,clustered,1,100000,100000,tlsop,adaptive,1000000,2,3,1,743.809,2.16826e+07,1,0,1,0,fallback_sampling,1000001,"{""build_ms"":33.072583,""enumerate_prepare_ms"":0.012409,""run_build_ms"":33.073153,""run_fallback_count_ms"":293.151715,""run_fallback_sample_ms"":401.909051,""run_pilot_enum_prepare_ms"":0.013130,""run_pilot_enum_scan_ms"":14.995851,""tlsop_adaptive_pass1_ms"":293.145214,""tlsop_adaptive_sample_large_ms"":401.903821,""tlsop_alloc_tiles_ms"":0.061629,""tlsop_build_ms"":33.071663,""tlsop_build_edges_ms"":0.000710,""tlsop_pass1_count_caps_ms"":5.964935,""tlsop_pass1_reserve_ms"":0.455591,""tlsop_pass2_fill_ms"":7.033415,""tlsop_sort_lists_ms"":19.492445}",,"{""dataset"":{""source"":""synthetic"",""name"":""clustered_t__nr100000__ns100000__a1_000ep00__g1"",""dim"":2,""path_r"":"""",""path_s"":"""",""synthetic"":{""generator"":""clustered"",""n_r"":100000,""n_s"":100000,""alpha"":1,""seed"":1}},""run"":{""method"":""tlsop"",""variant"":""adaptive"",""t"":1000000,""seed"":1,""repeats"":3,""j_star"":1000000,""enum_cap"":0,""write_samples"":false,""verify"":false},""output"":{""out_dir"":""run/temp/exp5/clustered_t"",""run_tag"":""exp5_clustered_t""},""sys"":{""threads"":1},""logging"":{""level"":""INFO"",""with_timestamp"":true,""with_thread_id"":false}}","{""generator"":""clustered"",""dataset"":""clustered_t__nr100000__ns100000__a1_000ep00__g1"",""n_r"":100000,""n_s"":100000,""has_exact_k"":false,""k_target"":0,""k_achieved"":0,""alpha_target"":1,""alpha_achieved"":nan,""notes"":""clusters=10, sigma=0.05, w_min_r=0.003, w_max_r=0.02, share_clusters=1""}"
clustered_t__nr100000__ns100000__a1_000ep00__g1,clustered,1,100000,100000,sirs,sampling,1000000,0,1,1,2023.33,2.16826e+07,1,0,0,0,,0,"{""build_ms"":121.806134,""count_ms"":550.470240,""run_build_ms"":121.806834,""run_count_ms"":550.471750,""run_sample_ms"":1351.045481,""sample_ms"":1351.042741,""sirs_build_index_ms"":121.805614,""sirs_build_kd_ms"":11.129476,""sirs_embed_inner_ms"":55.197376,""sirs_phase1_degrees_ms"":550.467140,""sirs_rank_axes_ms"":55.471872}",,"{""dataset"":{""source"":""synthetic"",""name"":""clustered_t__nr100000__ns100000__a1_000ep00__g1"",""dim"":2,""path_r"":"""",""path_s"":"""",""synthetic"":{""generator"":""clustered"",""n_r"":100000,""n_s"":100000,""alpha"":1,""seed"":1}},""run"":{""method"":""sirs"",""variant"":""sampling"",""t"":1000000,""seed"":1,""repeats"":3,""j_star"":1000000,""enum_cap"":0,""write_samples"":false,""verify"":false},""output"":{""out_dir"":""run/temp/exp5/clustered_t"",""run_tag"":""exp5_clustered_t""},""sys"":{""threads"":1},""logging"":{""level"":""INFO"",""with_timestamp"":true,""with_thread_id"":false}}","{""generator"":""clustered"",""dataset"":""clustered_t__nr100000__ns100000__a1_000ep00__g1"",""n_r"":100000,""n_s"":100000,""has_exact_k"":false,""k_target"":0,""k_achieved"":0,""alpha_target"":1,""alpha_achieved"":nan,""notes"":""clusters=10, sigma=0.05, w_min_r=0.003, w_max_r=0.02, share_clusters=1""}"
clustered_t__nr100000__ns100000__a1_000ep00__g1,clustered,1,100000,100000,sirs,sampling,1000000,1,2,1,2022.65,2.16826e+07,1,0,0,0,,0,"{""build_ms"":120.872242,""count_ms"":550.059496,""run_build_ms"":120.872702,""run_count_ms"":550.061276,""run_sample_ms"":1351.717544,""sample_ms"":1351.715794,""sirs_build_index_ms"":120.871352,""sirs_build_kd_ms"":11.089807,""sirs_embed_inner_ms"":54.770785,""sirs_phase1_degrees_ms"":550.057366,""sirs_rank_axes_ms"":55.002190}",,"{""dataset"":{""source"":""synthetic"",""name"":""clustered_t__nr100000__ns100000__a1_000ep00__g1"",""dim"":2,""path_r"":"""",""path_s"":"""",""synthetic"":{""generator"":""clustered"",""n_r"":100000,""n_s"":100000,""alpha"":1,""seed"":1}},""run"":{""method"":""sirs"",""variant"":""sampling"",""t"":1000000,""seed"":1,""repeats"":3,""j_star"":1000000,""enum_cap"":0,""write_samples"":false,""verify"":false},""output"":{""out_dir"":""run/temp/exp5/clustered_t"",""run_tag"":""exp5_clustered_t""},""sys"":{""threads"":1},""logging"":{""level"":""INFO"",""with_timestamp"":true,""with_thread_id"":false}}","{""generator"":""clustered"",""dataset"":""clustered_t__nr100000__ns100000__a1_000ep00__g1"",""n_r"":100000,""n_s"":100000,""has_exact_k"":false,""k_target"":0,""k_achieved"":0,""alpha_target"":1,""alpha_achieved"":nan,""notes"":""clusters=10, sigma=0.05, w_min_r=0.003, w_max_r=0.02, share_clusters=1""}"
clustered_t__nr100000__ns100000__a1_000ep00__g1,clustered,1,100000,100000,sirs,sampling,1000000,2,3,1,2023.17,2.16826e+07,1,0,0,0,,0,"{""build_ms"":120.850612,""count_ms"":549.956646,""run_build_ms"":120.851012,""run_count_ms"":549.957746,""run_sample_ms"":1352.361480,""sample_ms"":1352.359750,""sirs_build_index_ms"":120.850162,""sirs_build_kd_ms"":11.058917,""sirs_embed_inner_ms"":54.793225,""sirs_phase1_degrees_ms"":549.954396,""sirs_rank_axes_ms"":54.991890}",,"{""dataset"":{""source"":""synthetic"",""name"":""clustered_t__nr100000__ns100000__a1_000ep00__g1"",""dim"":2,""path_r"":"""",""path_s"":"""",""synthetic"":{""generator"":""clustered"",""n_r"":100000,""n_s"":100000,""alpha"":1,""seed"":1}},""run"":{""method"":""sirs"",""variant"":""sampling"",""t"":1000000,""seed"":1,""repeats"":3,""j_star"":1000000,""enum_cap"":0,""write_samples"":false,""verify"":false},""output"":{""out_dir"":""run/temp/exp5/clustered_t"",""run_tag"":""exp5_clustered_t""},""sys"":{""threads"":1},""logging"":{""level"":""INFO"",""with_timestamp"":true,""with_thread_id"":false}}","{""generator"":""clustered"",""dataset"":""clustered_t__nr100000__ns100000__a1_000ep00__g1"",""n_r"":100000,""n_s"":100000,""has_exact_k"":false,""k_target"":0,""k_achieved"":0,""alpha_target"":1,""alpha_achieved"":nan,""notes"":""clusters=10, sigma=0.05, w_min_r=0.003, w_max_r=0.02, share_clusters=1""}"
clustered_t__nr100000__ns100000__a1_000ep00__g1,clustered,1,100000,100000,sirs,adaptive,1000000,0,1,1,2058.68,2.16826e+07,1,0,1,0,fallback_sampling,1000001,"{""build_ms"":121.309443,""count_ms"":564.794459,""run_build_ms"":121.310053,""run_fallback_count_ms"":564.797139,""run_fallback_sample_ms"":1325.995413,""run_pilot_enum_prepare_ms"":0.000650,""run_pilot_enum_scan_ms"":46.565823,""sample_ms"":1325.993214,""sirs_build_index_ms"":121.308883,""sirs_build_kd_ms"":11.066797,""sirs_embed_inner_ms"":54.824633,""sirs_rank_axes_ms"":55.410553}",,"{""dataset"":{""source"":""synthetic"",""name"":""clustered_t__nr100000__ns100000__a1_000ep00__g1"",""dim"":2,""path_r"":"""",""path_s"":"""",""synthetic"":{""generator"":""clustered"",""n_r"":100000,""n_s"":100000,""alpha"":1,""seed"":1}},""run"":{""method"":""sirs"",""variant"":""adaptive"",""t"":1000000,""seed"":1,""repeats"":3,""j_star"":1000000,""enum_cap"":0,""write_samples"":false,""verify"":false},""output"":{""out_dir"":""run/temp/exp5/clustered_t"",""run_tag"":""exp5_clustered_t""},""sys"":{""threads"":1},""logging"":{""level"":""INFO"",""with_timestamp"":true,""with_thread_id"":false}}","{""generator"":""clustered"",""dataset"":""clustered_t__nr100000__ns100000__a1_000ep00__g1"",""n_r"":100000,""n_s"":100000,""has_exact_k"":false,""k_target"":0,""k_achieved"":0,""alpha_target"":1,""alpha_achieved"":nan,""notes"":""clusters=10, sigma=0.05, w_min_r=0.003, w_max_r=0.02, share_clusters=1""}"
clustered_t__nr100000__ns100000__a1_000ep00__g1,clustered,1,100000,100000,sirs,adaptive,1000000,1,2,1,2059.92,2.16826e+07,1,0,1,0,fallback_sampling,1000001,"{""build_ms"":120.889701,""count_ms"":565.124281,""run_build_ms"":120.890350,""run_fallback_count_ms"":565.126601,""run_fallback_sample_ms"":1327.250916,""run_pilot_enum_prepare_ms"":0.000510,""run_pilot_enum_scan_ms"":46.631032,""sample_ms"":1327.249336,""sirs_build_index_ms"":120.889070,""sirs_build_kd_ms"":11.066996,""sirs_embed_inner_ms"":54.788985,""sirs_rank_axes_ms"":55.026160}",,"{""dataset"":{""source"":""synthetic"",""name"":""clustered_t__nr100000__ns100000__a1_000ep00__g1"",""dim"":2,""path_r"":"""",""path_s"":"""",""synthetic"":{""generator"":""clustered"",""n_r"":100000,""n_s"":100000,""alpha"":1,""seed"":1}},""run"":{""method"":""sirs"",""variant"":""adaptive"",""t"":1000000,""seed"":1,""repeats"":3,""j_star"":1000000,""enum_cap"":0,""write_samples"":false,""verify"":false},""output"":{""out_dir"":""run/temp/exp5/clustered_t"",""run_tag"":""exp5_clustered_t""},""sys"":{""threads"":1},""logging"":{""level"":""INFO"",""with_timestamp"":true,""with_thread_id"":false}}","{""generator"":""clustered"",""dataset"":""clustered_t__nr100000__ns100000__a1_000ep00__g1"",""n_r"":100000,""n_s"":100000,""has_exact_k"":false,""k_target"":0,""k_achieved"":0,""alpha_target"":1,""alpha_achieved"":nan,""notes"":""clusters=10, sigma=0.05, w_min_r=0.003, w_max_r=0.02, share_clusters=1""}"
clustered_t__nr100000__ns100000__a1_000ep00__g1,clustered,1,100000,100000,sirs,adaptive,1000000,2,3,1,2060.79,2.16826e+07,1,0,1,0,fallback_sampling,1000001,"{""build_ms"":120.993419,""count_ms"":564.477564,""run_build_ms"":120.994129,""run_fallback_count_ms"":564.479773,""run_fallback_sample_ms"":1328.635197,""run_pilot_enum_prepare_ms"":0.000240,""run_pilot_enum_scan_ms"":46.666590,""sample_ms"":1328.633587,""sirs_build_index_ms"":120.992339,""sirs_build_kd_ms"":11.067127,""sirs_embed_inner_ms"":54.863143,""sirs_rank_axes_ms"":55.055080}",,"{""dataset"":{""source"":""synthetic"",""name"":""clustered_t__nr100000__ns100000__a1_000ep00__g1"",""dim"":2,""path_r"":"""",""path_s"":"""",""synthetic"":{""generator"":""clustered"",""n_r"":100000,""n_s"":100000,""alpha"":1,""seed"":1}},""run"":{""method"":""sirs"",""variant"":""adaptive"",""t"":1000000,""seed"":1,""repeats"":3,""j_star"":1000000,""enum_cap"":0,""write_samples"":false,""verify"":false},""output"":{""out_dir"":""run/temp/exp5/clustered_t"",""run_tag"":""exp5_clustered_t""},""sys"":{""threads"":1},""logging"":{""level"":""INFO"",""with_timestamp"":true,""with_thread_id"":false}}","{""generator"":""clustered"",""dataset"":""clustered_t__nr100000__ns100000__a1_000ep00__g1"",""n_r"":100000,""n_s"":100000,""has_exact_k"":false,""k_target"":0,""k_achieved"":0,""alpha_target"":1,""alpha_achieved"":nan,""notes"":""clusters=10, sigma=0.05, w_min_r=0.003, w_max_r=0.02, share_clusters=1""}"
clustered_t__nr100000__ns100000__a1_000ep00__g1,clustered,1,100000,100000,rejection,sampling,1000000,0,1,0,-1,-1,0,0,0,0,,0,{},SKIPPED: rejection+sampling is disabled in sjs_sweep; use variant=adaptive.,"{""dataset"":{""source"":""synthetic"",""name"":""clustered_t__nr100000__ns100000__a1_000ep00__g1"",""dim"":2,""path_r"":"""",""path_s"":"""",""synthetic"":{""generator"":""clustered"",""n_r"":100000,""n_s"":100000,""alpha"":1,""seed"":1}},""run"":{""method"":""rejection"",""variant"":""sampling"",""t"":1000000,""seed"":1,""repeats"":3,""j_star"":1000000,""enum_cap"":0,""write_samples"":false,""verify"":false},""output"":{""out_dir"":""run/temp/exp5/clustered_t"",""run_tag"":""exp5_clustered_t""},""sys"":{""threads"":1},""logging"":{""level"":""INFO"",""with_timestamp"":true,""with_thread_id"":false}}","{""generator"":""clustered"",""dataset"":""clustered_t__nr100000__ns100000__a1_000ep00__g1"",""n_r"":100000,""n_s"":100000,""has_exact_k"":false,""k_target"":0,""k_achieved"":0,""alpha_target"":1,""alpha_achieved"":nan,""notes"":""clusters=10, sigma=0.05, w_min_r=0.003, w_max_r=0.02, share_clusters=1""}"
clustered_t__nr100000__ns100000__a1_000ep00__g1,clustered,1,100000,100000,rejection,sampling,1000000,1,2,0,-1,-1,0,0,0,0,,0,{},SKIPPED: rejection+sampling is disabled in sjs_sweep; use variant=adaptive.,"{""dataset"":{""source"":""synthetic"",""name"":""clustered_t__nr100000__ns100000__a1_000ep00__g1"",""dim"":2,""path_r"":"""",""path_s"":"""",""synthetic"":{""generator"":""clustered"",""n_r"":100000,""n_s"":100000,""alpha"":1,""seed"":1}},""run"":{""method"":""rejection"",""variant"":""sampling"",""t"":1000000,""seed"":1,""repeats"":3,""j_star"":1000000,""enum_cap"":0,""write_samples"":false,""verify"":false},""output"":{""out_dir"":""run/temp/exp5/clustered_t"",""run_tag"":""exp5_clustered_t""},""sys"":{""threads"":1},""logging"":{""level"":""INFO"",""with_timestamp"":true,""with_thread_id"":false}}","{""generator"":""clustered"",""dataset"":""clustered_t__nr100000__ns100000__a1_000ep00__g1"",""n_r"":100000,""n_s"":100000,""has_exact_k"":false,""k_target"":0,""k_achieved"":0,""alpha_target"":1,""alpha_achieved"":nan,""notes"":""clusters=10, sigma=0.05, w_min_r=0.003, w_max_r=0.02, share_clusters=1""}"
clustered_t__nr100000__ns100000__a1_000ep00__g1,clustered,1,100000,100000,rejection,sampling,1000000,2,3,0,-1,-1,0,0,0,0,,0,{},SKIPPED: rejection+sampling is disabled in sjs_sweep; use variant=adaptive.,"{""dataset"":{""source"":""synthetic"",""name"":""clustered_t__nr100000__ns100000__a1_000ep00__g1"",""dim"":2,""path_r"":"""",""path_s"":"""",""synthetic"":{""generator"":""clustered"",""n_r"":100000,""n_s"":100000,""alpha"":1,""seed"":1}},""run"":{""method"":""rejection"",""variant"":""sampling"",""t"":1000000,""seed"":1,""repeats"":3,""j_star"":1000000,""enum_cap"":0,""write_samples"":false,""verify"":false},""output"":{""out_dir"":""run/temp/exp5/clustered_t"",""run_tag"":""exp5_clustered_t""},""sys"":{""threads"":1},""logging"":{""level"":""INFO"",""with_timestamp"":true,""with_thread_id"":false}}","{""generator"":""clustered"",""dataset"":""clustered_t__nr100000__ns100000__a1_000ep00__g1"",""n_r"":100000,""n_s"":100000,""has_exact_k"":false,""k_target"":0,""k_achieved"":0,""alpha_target"":1,""alpha_achieved"":nan,""notes"":""clusters=10, sigma=0.05, w_min_r=0.003, w_max_r=0.02, share_clusters=1""}"
clustered_t__nr100000__ns100000__a1_000ep00__g1,clustered,1,100000,100000,rejection,adaptive,1000000,0,1,1,708.107,2.12469e+07,0,0,1,0,fallback_sampling,1000001,"{""adaptive_phase1_ms"":46.471855,""adaptive_sample_ms"":501.399867,""build_ms"":121.598107,""build_M_ms"":0.109008,""build_cellmap_ms"":14.147937,""build_mu_alias_ms"":107.228074,""build_slab_index_ms"":0.105248,""count_pilot_ms"":9.194923,""run_build_ms"":121.600127,""run_fallback_count_ms"":46.473315,""run_fallback_sample_ms"":501.404847,""run_pilot_enum_prepare_ms"":0.002170,""run_pilot_enum_scan_ms"":38.615735}",,"{""dataset"":{""source"":""synthetic"",""name"":""clustered_t__nr100000__ns100000__a1_000ep00__g1"",""dim"":2,""path_r"":"""",""path_s"":"""",""synthetic"":{""generator"":""clustered"",""n_r"":100000,""n_s"":100000,""alpha"":1,""seed"":1}},""run"":{""method"":""rejection"",""variant"":""adaptive"",""t"":1000000,""seed"":1,""repeats"":3,""j_star"":1000000,""enum_cap"":0,""write_samples"":false,""verify"":false},""output"":{""out_dir"":""run/temp/exp5/clustered_t"",""run_tag"":""exp5_clustered_t""},""sys"":{""threads"":1},""logging"":{""level"":""INFO"",""with_timestamp"":true,""with_thread_id"":false}}","{""generator"":""clustered"",""dataset"":""clustered_t__nr100000__ns100000__a1_000ep00__g1"",""n_r"":100000,""n_s"":100000,""has_exact_k"":false,""k_target"":0,""k_achieved"":0,""alpha_target"":1,""alpha_achieved"":nan,""notes"":""clusters=10, sigma=0.05, w_min_r=0.003, w_max_r=0.02, share_clusters=1""}"
clustered_t__nr100000__ns100000__a1_000ep00__g1,clustered,1,100000,100000,rejection,adaptive,1000000,1,2,1,727.894,2.16503e+07,0,0,1,0,fallback_sampling,1000001,"{""adaptive_phase1_ms"":46.691900,""adaptive_sample_ms"":505.753643,""build_ms"":120.256862,""build_M_ms"":0.108758,""build_cellmap_ms"":14.223185,""build_mu_alias_ms"":105.808861,""build_slab_index_ms"":0.104768,""count_pilot_ms"":9.214572,""run_build_ms"":120.325891,""run_fallback_count_ms"":46.693880,""run_fallback_sample_ms"":505.759393,""run_pilot_enum_prepare_ms"":0.001870,""run_pilot_enum_scan_ms"":38.758283}",,"{""dataset"":{""source"":""synthetic"",""name"":""clustered_t__nr100000__ns100000__a1_000ep00__g1"",""dim"":2,""path_r"":"""",""path_s"":"""",""synthetic"":{""generator"":""clustered"",""n_r"":100000,""n_s"":100000,""alpha"":1,""seed"":1}},""run"":{""method"":""rejection"",""variant"":""adaptive"",""t"":1000000,""seed"":1,""repeats"":3,""j_star"":1000000,""enum_cap"":0,""write_samples"":false,""verify"":false},""output"":{""out_dir"":""run/temp/exp5/clustered_t"",""run_tag"":""exp5_clustered_t""},""sys"":{""threads"":1},""logging"":{""level"":""INFO"",""with_timestamp"":true,""with_thread_id"":false}}","{""generator"":""clustered"",""dataset"":""clustered_t__nr100000__ns100000__a1_000ep00__g1"",""n_r"":100000,""n_s"":100000,""has_exact_k"":false,""k_target"":0,""k_achieved"":0,""alpha_target"":1,""alpha_achieved"":nan,""notes"":""clusters=10, sigma=0.05, w_min_r=0.003, w_max_r=0.02, share_clusters=1""}"
clustered_t__nr100000__ns100000__a1_000ep00__g1,clustered,1,100000,100000,rejection,adaptive,1000000,2,3,1,719.788,2.16949e+07,0,0,1,0,fallback_sampling,1000001,"{""adaptive_phase1_ms"":46.579382,""adaptive_sample_ms"":503.332169,""build_ms"":120.687935,""build_M_ms"":0.108588,""build_cellmap_ms"":14.163488,""build_mu_alias_ms"":106.302532,""build_slab_index_ms"":0.102967,""count_pilot_ms"":9.167233,""run_build_ms"":120.743224,""run_fallback_count_ms"":46.580862,""run_fallback_sample_ms"":503.337469,""run_pilot_enum_prepare_ms"":0.001710,""run_pilot_enum_scan_ms"":38.530327}",,"{""dataset"":{""source"":""synthetic"",""name"":""clustered_t__nr100000__ns100000__a1_000ep00__g1"",""dim"":2,""path_r"":"""",""path_s"":"""",""synthetic"":{""generator"":""clustered"",""n_r"":100000,""n_s"":100000,""alpha"":1,""seed"":1}},""run"":{""method"":""rejection"",""variant"":""adaptive"",""t"":1000000,""seed"":1,""repeats"":3,""j_star"":1000000,""enum_cap"":0,""write_samples"":false,""verify"":false},""output"":{""out_dir"":""run/temp/exp5/clustered_t"",""run_tag"":""exp5_clustered_t""},""sys"":{""threads"":1},""logging"":{""level"":""INFO"",""with_timestamp"":true,""with_thread_id"":false}}","{""generator"":""clustered"",""dataset"":""clustered_t__nr100000__ns100000__a1_000ep00__g1"",""n_r"":100000,""n_s"":100000,""has_exact_k"":false,""k_target"":0,""k_achieved"":0,""alpha_target"":1,""alpha_achieved"":nan,""notes"":""clusters=10, sigma=0.05, w_min_r=0.003, w_max_r=0.02, share_clusters=1""}"
