dataset,generator,alpha,n_r,n_s,method,variant,t,rep,seed,ok,error,wall_ms,count_value,count_exact,used_enumeration,enum_truncated,enum_cap,adaptive_branch,adaptive_pilot_pairs,phases_json,note,config_json,gen_report_json
,rectgen,100,10000,10000,ours,sampling,10000,0,1,1,,27.9007,2.01227e+06,1,0,0,0,,0,"{""build_active_indices_ms"":3.928314,""build_event_cache_ms"":0.225592,""build_event_maps_ms"":0.204914,""build_events_ms"":3.321121,""build_ranks_ms"":1.494613,""build_y_domain_ms"":1.528301,""phase1_count_ms"":1.757523,""phase2_plan_ms"":1.075306,""phase3_sample_ms"":14.105999,""run_build_ms"":10.947285,""run_count_ms"":1.758233,""run_sample_ms"":15.186315}",,"{""dataset"":{""source"":""synthetic"",""name"":""alpha100_lite_d2__nr10000__ns10000__a1_000ep02__g7"",""dim"":2,""path_r"":"""",""path_s"":"""",""synthetic"":{""generator"":""rectgen"",""n_r"":10000,""n_s"":10000,""alpha"":100,""seed"":7}},""run"":{""method"":""ours"",""variant"":""sampling"",""t"":10000,""seed"":1,""repeats"":3,""j_star"":1000000,""enum_cap"":0,""write_samples"":false,""verify"":false},""output"":{""out_dir"":""/home/dhy/PhD/v2/out/alpha100_light/d2"",""run_tag"":""""},""sys"":{""threads"":1},""logging"":{""level"":""WARN"",""with_timestamp"":true,""with_thread_id"":false}}","{""generator"":""alacarte_rectgen"",""dataset"":""alpha100_lite_d2__nr10000__ns10000__a1_000ep02__g7"",""n_r"":10000,""n_s"":10000,""has_exact_k"":false,""k_target"":0,""k_achieved"":0,""alpha_target"":100,""alpha_achieved"":100.627,""notes"":""alacarte-local alpha_expected_est=100.759 coverage=44.6732 pair_p_est=0.0201519 alpha_hat_est=100.627 epsilon_alpha=0.006275 audit_pairs=2000000""}"
,rectgen,100,10000,10000,ours,sampling,10000,1,2,1,,22.5163,2.01227e+06,1,0,0,0,,0,"{""build_active_indices_ms"":0.433157,""build_event_cache_ms"":0.154388,""build_event_maps_ms"":0.208834,""build_events_ms"":3.990039,""build_ranks_ms"":1.412490,""build_y_domain_ms"":1.302178,""phase1_count_ms"":1.738785,""phase2_plan_ms"":0.795968,""phase3_sample_ms"":11.109813,""run_build_ms"":7.522453,""run_count_ms"":1.739564,""run_sample_ms"":11.909981}",,"{""dataset"":{""source"":""synthetic"",""name"":""alpha100_lite_d2__nr10000__ns10000__a1_000ep02__g7"",""dim"":2,""path_r"":"""",""path_s"":"""",""synthetic"":{""generator"":""rectgen"",""n_r"":10000,""n_s"":10000,""alpha"":100,""seed"":7}},""run"":{""method"":""ours"",""variant"":""sampling"",""t"":10000,""seed"":1,""repeats"":3,""j_star"":1000000,""enum_cap"":0,""write_samples"":false,""verify"":false},""output"":{""out_dir"":""/home/dhy/PhD/v2/out/alpha100_light/d2"",""run_tag"":""""},""sys"":{""threads"":1},""logging"":{""level"":""WARN"",""with_timestamp"":true,""with_thread_id"":false}}","{""generator"":""alacarte_rectgen"",""dataset"":""alpha100_lite_d2__nr10000__ns10000__a1_000ep02__g7"",""n_r"":10000,""n_s"":10000,""has_exact_k"":false,""k_target"":0,""k_achieved"":0,""alpha_target"":100,""alpha_achieved"":100.627,""notes"":""alacarte-local alpha_expected_est=100.759 coverage=44.6732 pair_p_est=0.0201519 alpha_hat_est=100.627 epsilon_alpha=0.006275 audit_pairs=2000000""}"
,rectgen,100,10000,10000,ours,sampling,10000,2,3,1,,22.3182,2.01227e+06,1,0,0,0,,0,"{""build_active_indices_ms"":0.431116,""build_event_cache_ms"":0.156458,""build_event_maps_ms"":0.206654,""build_events_ms"":2.982867,""build_ranks_ms"":1.416110,""build_y_domain_ms"":1.383872,""phase1_count_ms"":1.723306,""phase2_plan_ms"":0.796208,""phase3_sample_ms"":11.059127,""run_build_ms"":6.597836,""run_count_ms"":1.723785,""run_sample_ms"":11.859354}",,"{""dataset"":{""source"":""synthetic"",""name"":""alpha100_lite_d2__nr10000__ns10000__a1_000ep02__g7"",""dim"":2,""path_r"":"""",""path_s"":"""",""synthetic"":{""generator"":""rectgen"",""n_r"":10000,""n_s"":10000,""alpha"":100,""seed"":7}},""run"":{""method"":""ours"",""variant"":""sampling"",""t"":10000,""seed"":1,""repeats"":3,""j_star"":1000000,""enum_cap"":0,""write_samples"":false,""verify"":false},""output"":{""out_dir"":""/home/dhy/PhD/v2/out/alpha100_light/d2"",""run_tag"":""""},""sys"":{""threads"":1},""logging"":{""level"":""WARN"",""with_timestamp"":true,""with_thread_id"":false}}","{""generator"":""alacarte_rectgen"",""dataset"":""alpha100_lite_d2__nr10000__ns10000__a1_000ep02__g7"",""n_r"":10000,""n_s"":10000,""has_exact_k"":false,""k_target"":0,""k_achieved"":0,""alpha_target"":100,""alpha_achieved"":100.627,""notes"":""alacarte-local alpha_expected_est=100.759 coverage=44.6732 pair_p_est=0.0201519 alpha_hat_est=100.627 epsilon_alpha=0.006275 audit_pairs=2000000""}"
,rectgen,100,10000,10000,kd_tree,sampling,10000,0,1,1,,81.1078,2.01227e+06,1,0,0,0,,0,"{""build_ms"":1.799100,""build_points_ms"":1.796940,""phase1_count_ms"":36.380401,""phase2_plan_ms"":0.533618,""phase3_fill_ms"":42.380553,""run_build_ms"":1.805359,""run_count_ms"":36.381571,""run_sample_ms"":42.919311}",,"{""dataset"":{""source"":""synthetic"",""name"":""alpha100_lite_d2__nr10000__ns10000__a1_000ep02__g7"",""dim"":2,""path_r"":"""",""path_s"":"""",""synthetic"":{""generator"":""rectgen"",""n_r"":10000,""n_s"":10000,""alpha"":100,""seed"":7}},""run"":{""method"":""kd_tree"",""variant"":""sampling"",""t"":10000,""seed"":1,""repeats"":3,""j_star"":1000000,""enum_cap"":0,""write_samples"":false,""verify"":false},""output"":{""out_dir"":""/home/dhy/PhD/v2/out/alpha100_light/d2"",""run_tag"":""""},""sys"":{""threads"":1},""logging"":{""level"":""WARN"",""with_timestamp"":true,""with_thread_id"":false}}","{""generator"":""alacarte_rectgen"",""dataset"":""alpha100_lite_d2__nr10000__ns10000__a1_000ep02__g7"",""n_r"":10000,""n_s"":10000,""has_exact_k"":false,""k_target"":0,""k_achieved"":0,""alpha_target"":100,""alpha_achieved"":100.627,""notes"":""alacarte-local alpha_expected_est=100.759 coverage=44.6732 pair_p_est=0.0201519 alpha_hat_est=100.627 epsilon_alpha=0.006275 audit_pairs=2000000""}"
,rectgen,100,10000,10000,kd_tree,sampling,10000,1,2,1,,81.0156,2.01227e+06,1,0,0,0,,0,"{""build_ms"":1.818128,""build_points_ms"":1.815488,""phase1_count_ms"":36.490343,""phase2_plan_ms"":0.520049,""phase3_fill_ms"":42.179759,""run_build_ms"":1.818568,""run_count_ms"":36.491163,""run_sample_ms"":42.704398}",,"{""dataset"":{""source"":""synthetic"",""name"":""alpha100_lite_d2__nr10000__ns10000__a1_000ep02__g7"",""dim"":2,""path_r"":"""",""path_s"":"""",""synthetic"":{""generator"":""rectgen"",""n_r"":10000,""n_s"":10000,""alpha"":100,""seed"":7}},""run"":{""method"":""kd_tree"",""variant"":""sampling"",""t"":10000,""seed"":1,""repeats"":3,""j_star"":1000000,""enum_cap"":0,""write_samples"":false,""verify"":false},""output"":{""out_dir"":""/home/dhy/PhD/v2/out/alpha100_light/d2"",""run_tag"":""""},""sys"":{""threads"":1},""logging"":{""level"":""WARN"",""with_timestamp"":true,""with_thread_id"":false}}","{""generator"":""alacarte_rectgen"",""dataset"":""alpha100_lite_d2__nr10000__ns10000__a1_000ep02__g7"",""n_r"":10000,""n_s"":10000,""has_exact_k"":false,""k_target"":0,""k_achieved"":0,""alpha_target"":100,""alpha_achieved"":100.627,""notes"":""alacarte-local alpha_expected_est=100.759 coverage=44.6732 pair_p_est=0.0201519 alpha_hat_est=100.627 epsilon_alpha=0.006275 audit_pairs=2000000""}"
,rectgen,100,10000,10000,kd_tree,sampling,10000,2,3,1,,80.8444,2.01227e+06,1,0,0,0,,0,"{""build_ms"":1.818248,""build_points_ms"":1.815698,""phase1_count_ms"":36.353423,""phase2_plan_ms"":0.509590,""phase3_fill_ms"":42.154320,""run_build_ms"":1.818818,""run_count_ms"":36.354223,""run_sample_ms"":42.669520}",,"{""dataset"":{""source"":""synthetic"",""name"":""alpha100_lite_d2__nr10000__ns10000__a1_000ep02__g7"",""dim"":2,""path_r"":"""",""path_s"":"""",""synthetic"":{""generator"":""rectgen"",""n_r"":10000,""n_s"":10000,""alpha"":100,""seed"":7}},""run"":{""method"":""kd_tree"",""variant"":""sampling"",""t"":10000,""seed"":1,""repeats"":3,""j_star"":1000000,""enum_cap"":0,""write_samples"":false,""verify"":false},""output"":{""out_dir"":""/home/dhy/PhD/v2/out/alpha100_light/d2"",""run_tag"":""""},""sys"":{""threads"":1},""logging"":{""level"":""WARN"",""with_timestamp"":true,""with_thread_id"":false}}","{""generator"":""alacarte_rectgen"",""dataset"":""alpha100_lite_d2__nr10000__ns10000__a1_000ep02__g7"",""n_r"":10000,""n_s"":10000,""has_exact_k"":false,""k_target"":0,""k_achieved"":0,""alpha_target"":100,""alpha_achieved"":100.627,""notes"":""alacarte-local alpha_expected_est=100.759 coverage=44.6732 pair_p_est=0.0201519 alpha_hat_est=100.627 epsilon_alpha=0.006275 audit_pairs=2000000""}"
,rectgen,100,10000,10000,ours,sampling,50000,0,1,1,,26.9893,2.01227e+06,1,0,0,0,,0,"{""build_active_indices_ms"":1.670310,""build_event_cache_ms"":0.158438,""build_event_maps_ms"":0.214943,""build_events_ms"":2.980087,""build_ranks_ms"":1.409580,""build_y_domain_ms"":1.301038,""phase1_count_ms"":1.756293,""phase2_plan_ms"":1.588516,""phase3_sample_ms"":15.791108,""run_build_ms"":7.797201,""run_count_ms"":1.757183,""run_sample_ms"":17.432740}",,"{""dataset"":{""source"":""synthetic"",""name"":""alpha100_lite_d2__nr10000__ns10000__a1_000ep02__g7"",""dim"":2,""path_r"":"""",""path_s"":"""",""synthetic"":{""generator"":""rectgen"",""n_r"":10000,""n_s"":10000,""alpha"":100,""seed"":7}},""run"":{""method"":""ours"",""variant"":""sampling"",""t"":50000,""seed"":1,""repeats"":3,""j_star"":1000000,""enum_cap"":0,""write_samples"":false,""verify"":false},""output"":{""out_dir"":""/home/dhy/PhD/v2/out/alpha100_light/d2"",""run_tag"":""""},""sys"":{""threads"":1},""logging"":{""level"":""WARN"",""with_timestamp"":true,""with_thread_id"":false}}","{""generator"":""alacarte_rectgen"",""dataset"":""alpha100_lite_d2__nr10000__ns10000__a1_000ep02__g7"",""n_r"":10000,""n_s"":10000,""has_exact_k"":false,""k_target"":0,""k_achieved"":0,""alpha_target"":100,""alpha_achieved"":100.627,""notes"":""alacarte-local alpha_expected_est=100.759 coverage=44.6732 pair_p_est=0.0201519 alpha_hat_est=100.627 epsilon_alpha=0.006275 audit_pairs=2000000""}"
,rectgen,100,10000,10000,ours,sampling,50000,1,2,1,,25.5815,2.01227e+06,1,0,0,0,,0,"{""build_active_indices_ms"":0.429426,""build_event_cache_ms"":0.160448,""build_event_maps_ms"":0.203534,""build_events_ms"":4.079241,""build_ranks_ms"":1.416399,""build_y_domain_ms"":1.298259,""phase1_count_ms"":1.731035,""phase2_plan_ms"":1.369603,""phase3_sample_ms"":13.750017,""run_build_ms"":7.609306,""run_count_ms"":1.731725,""run_sample_ms"":15.130409}",,"{""dataset"":{""source"":""synthetic"",""name"":""alpha100_lite_d2__nr10000__ns10000__a1_000ep02__g7"",""dim"":2,""path_r"":"""",""path_s"":"""",""synthetic"":{""generator"":""rectgen"",""n_r"":10000,""n_s"":10000,""alpha"":100,""seed"":7}},""run"":{""method"":""ours"",""variant"":""sampling"",""t"":50000,""seed"":1,""repeats"":3,""j_star"":1000000,""enum_cap"":0,""write_samples"":false,""verify"":false},""output"":{""out_dir"":""/home/dhy/PhD/v2/out/alpha100_light/d2"",""run_tag"":""""},""sys"":{""threads"":1},""logging"":{""level"":""WARN"",""with_timestamp"":true,""with_thread_id"":false}}","{""generator"":""alacarte_rectgen"",""dataset"":""alpha100_lite_d2__nr10000__ns10000__a1_000ep02__g7"",""n_r"":10000,""n_s"":10000,""has_exact_k"":false,""k_target"":0,""k_achieved"":0,""alpha_target"":100,""alpha_achieved"":100.627,""notes"":""alacarte-local alpha_expected_est=100.759 coverage=44.6732 pair_p_est=0.0201519 alpha_hat_est=100.627 epsilon_alpha=0.006275 audit_pairs=2000000""}"
,rectgen,100,10000,10000,ours,sampling,50000,2,3,1,,25.6576,2.01227e+06,1,0,0,0,,0,"{""build_active_indices_ms"":0.429207,""build_event_cache_ms"":0.155158,""build_event_maps_ms"":0.205904,""build_events_ms"":2.986297,""build_ranks_ms"":1.415309,""build_y_domain_ms"":1.308717,""phase1_count_ms"":1.733295,""phase2_plan_ms"":1.377362,""phase3_sample_ms"":13.826951,""run_build_ms"":6.521401,""run_count_ms"":1.734205,""run_sample_ms"":15.214433}",,"{""dataset"":{""source"":""synthetic"",""name"":""alpha100_lite_d2__nr10000__ns10000__a1_000ep02__g7"",""dim"":2,""path_r"":"""",""path_s"":"""",""synthetic"":{""generator"":""rectgen"",""n_r"":10000,""n_s"":10000,""alpha"":100,""seed"":7}},""run"":{""method"":""ours"",""variant"":""sampling"",""t"":50000,""seed"":1,""repeats"":3,""j_star"":1000000,""enum_cap"":0,""write_samples"":false,""verify"":false},""output"":{""out_dir"":""/home/dhy/PhD/v2/out/alpha100_light/d2"",""run_tag"":""""},""sys"":{""threads"":1},""logging"":{""level"":""WARN"",""with_timestamp"":true,""with_thread_id"":false}}","{""generator"":""alacarte_rectgen"",""dataset"":""alpha100_lite_d2__nr10000__ns10000__a1_000ep02__g7"",""n_r"":10000,""n_s"":10000,""has_exact_k"":false,""k_target"":0,""k_achieved"":0,""alpha_target"":100,""alpha_achieved"":100.627,""notes"":""alacarte-local alpha_expected_est=100.759 coverage=44.6732 pair_p_est=0.0201519 alpha_hat_est=100.627 epsilon_alpha=0.006275 audit_pairs=2000000""}"
,rectgen,100,10000,10000,kd_tree,sampling,50000,0,1,1,,107.831,2.01227e+06,1,0,0,0,,0,"{""build_ms"":1.803610,""build_points_ms"":1.800930,""phase1_count_ms"":36.515994,""phase2_plan_ms"":3.236347,""phase3_fill_ms"":66.259557,""run_build_ms"":1.804050,""run_count_ms"":36.516974,""run_sample_ms"":69.507874}",,"{""dataset"":{""source"":""synthetic"",""name"":""alpha100_lite_d2__nr10000__ns10000__a1_000ep02__g7"",""dim"":2,""path_r"":"""",""path_s"":"""",""synthetic"":{""generator"":""rectgen"",""n_r"":10000,""n_s"":10000,""alpha"":100,""seed"":7}},""run"":{""method"":""kd_tree"",""variant"":""sampling"",""t"":50000,""seed"":1,""repeats"":3,""j_star"":1000000,""enum_cap"":0,""write_samples"":false,""verify"":false},""output"":{""out_dir"":""/home/dhy/PhD/v2/out/alpha100_light/d2"",""run_tag"":""""},""sys"":{""threads"":1},""logging"":{""level"":""WARN"",""with_timestamp"":true,""with_thread_id"":false}}","{""generator"":""alacarte_rectgen"",""dataset"":""alpha100_lite_d2__nr10000__ns10000__a1_000ep02__g7"",""n_r"":10000,""n_s"":10000,""has_exact_k"":false,""k_target"":0,""k_achieved"":0,""alpha_target"":100,""alpha_achieved"":100.627,""notes"":""alacarte-local alpha_expected_est=100.759 coverage=44.6732 pair_p_est=0.0201519 alpha_hat_est=100.627 epsilon_alpha=0.006275 audit_pairs=2000000""}"
,rectgen,100,10000,10000,kd_tree,sampling,50000,1,2,1,,107.541,2.01227e+06,1,0,0,0,,0,"{""build_ms"":1.797290,""build_points_ms"":1.794520,""phase1_count_ms"":36.415381,""phase2_plan_ms"":3.140985,""phase3_fill_ms"":66.173463,""run_build_ms"":1.797599,""run_count_ms"":36.416851,""run_sample_ms"":69.325128}",,"{""dataset"":{""source"":""synthetic"",""name"":""alpha100_lite_d2__nr10000__ns10000__a1_000ep02__g7"",""dim"":2,""path_r"":"""",""path_s"":"""",""synthetic"":{""generator"":""rectgen"",""n_r"":10000,""n_s"":10000,""alpha"":100,""seed"":7}},""run"":{""method"":""kd_tree"",""variant"":""sampling"",""t"":50000,""seed"":1,""repeats"":3,""j_star"":1000000,""enum_cap"":0,""write_samples"":false,""verify"":false},""output"":{""out_dir"":""/home/dhy/PhD/v2/out/alpha100_light/d2"",""run_tag"":""""},""sys"":{""threads"":1},""logging"":{""level"":""WARN"",""with_timestamp"":true,""with_thread_id"":false}}","{""generator"":""alacarte_rectgen"",""dataset"":""alpha100_lite_d2__nr10000__ns10000__a1_000ep02__g7"",""n_r"":10000,""n_s"":10000,""has_exact_k"":false,""k_target"":0,""k_achieved"":0,""alpha_target"":100,""alpha_achieved"":100.627,""notes"":""alacarte-local alpha_expected_est=100.759 coverage=44.6732 pair_p_est=0.0201519 alpha_hat_est=100.627 epsilon_alpha=0.006275 audit_pairs=2000000""}"
,rectgen,100,10000,10000,kd_tree,sampling,50000,2,3,1,,107.72,2.01227e+06,1,0,0,0,,0,"{""build_ms"":1.805459,""build_points_ms"":1.802829,""phase1_count_ms"":36.451670,""phase2_plan_ms"":3.136146,""phase3_fill_ms"":66.311901,""run_build_ms"":1.805819,""run_count_ms"":36.452810,""run_sample_ms"":69.459326}",,"{""dataset"":{""source"":""synthetic"",""name"":""alpha100_lite_d2__nr10000__ns10000__a1_000ep02__g7"",""dim"":2,""path_r"":"""",""path_s"":"""",""synthetic"":{""generator"":""rectgen"",""n_r"":10000,""n_s"":10000,""alpha"":100,""seed"":7}},""run"":{""method"":""kd_tree"",""variant"":""sampling"",""t"":50000,""seed"":1,""repeats"":3,""j_star"":1000000,""enum_cap"":0,""write_samples"":false,""verify"":false},""output"":{""out_dir"":""/home/dhy/PhD/v2/out/alpha100_light/d2"",""run_tag"":""""},""sys"":{""threads"":1},""logging"":{""level"":""WARN"",""with_timestamp"":true,""with_thread_id"":false}}","{""generator"":""alacarte_rectgen"",""dataset"":""alpha100_lite_d2__nr10000__ns10000__a1_000ep02__g7"",""n_r"":10000,""n_s"":10000,""has_exact_k"":false,""k_target"":0,""k_achieved"":0,""alpha_target"":100,""alpha_achieved"":100.627,""notes"":""alacarte-local alpha_expected_est=100.759 coverage=44.6732 pair_p_est=0.0201519 alpha_hat_est=100.627 epsilon_alpha=0.006275 audit_pairs=2000000""}"
,rectgen,100,10000,10000,ours,sampling,100000,0,1,1,,27.8533,2.01227e+06,1,0,0,0,,0,"{""build_active_indices_ms"":0.594204,""build_event_cache_ms"":0.157318,""build_event_maps_ms"":0.220923,""build_events_ms"":2.980959,""build_ranks_ms"":1.411180,""build_y_domain_ms"":1.295429,""phase1_count_ms"":1.763782,""phase2_plan_ms"":2.104756,""phase3_sample_ms"":17.141174,""run_build_ms"":6.684310,""run_count_ms"":1.764392,""run_sample_ms"":19.402508}",,"{""dataset"":{""source"":""synthetic"",""name"":""alpha100_lite_d2__nr10000__ns10000__a1_000ep02__g7"",""dim"":2,""path_r"":"""",""path_s"":"""",""synthetic"":{""generator"":""rectgen"",""n_r"":10000,""n_s"":10000,""alpha"":100,""seed"":7}},""run"":{""method"":""ours"",""variant"":""sampling"",""t"":100000,""seed"":1,""repeats"":3,""j_star"":1000000,""enum_cap"":0,""write_samples"":false,""verify"":false},""output"":{""out_dir"":""/home/dhy/PhD/v2/out/alpha100_light/d2"",""run_tag"":""""},""sys"":{""threads"":1},""logging"":{""level"":""WARN"",""with_timestamp"":true,""with_thread_id"":false}}","{""generator"":""alacarte_rectgen"",""dataset"":""alpha100_lite_d2__nr10000__ns10000__a1_000ep02__g7"",""n_r"":10000,""n_s"":10000,""has_exact_k"":false,""k_target"":0,""k_achieved"":0,""alpha_target"":100,""alpha_achieved"":100.627,""notes"":""alacarte-local alpha_expected_est=100.759 coverage=44.6732 pair_p_est=0.0201519 alpha_hat_est=100.627 epsilon_alpha=0.006275 audit_pairs=2000000""}"
,rectgen,100,10000,10000,ours,sampling,100000,1,2,1,,27.9477,2.01227e+06,1,0,0,0,,0,"{""build_active_indices_ms"":0.432916,""build_event_cache_ms"":0.155628,""build_event_maps_ms"":0.205494,""build_events_ms"":3.775206,""build_ranks_ms"":1.416859,""build_y_domain_ms"":1.300179,""phase1_count_ms"":1.728485,""phase2_plan_ms"":2.094937,""phase3_sample_ms"":15.406299,""run_build_ms"":7.308650,""run_count_ms"":1.729145,""run_sample_ms"":17.518095}",,"{""dataset"":{""source"":""synthetic"",""name"":""alpha100_lite_d2__nr10000__ns10000__a1_000ep02__g7"",""dim"":2,""path_r"":"""",""path_s"":"""",""synthetic"":{""generator"":""rectgen"",""n_r"":10000,""n_s"":10000,""alpha"":100,""seed"":7}},""run"":{""method"":""ours"",""variant"":""sampling"",""t"":100000,""seed"":1,""repeats"":3,""j_star"":1000000,""enum_cap"":0,""write_samples"":false,""verify"":false},""output"":{""out_dir"":""/home/dhy/PhD/v2/out/alpha100_light/d2"",""run_tag"":""""},""sys"":{""threads"":1},""logging"":{""level"":""WARN"",""with_timestamp"":true,""with_thread_id"":false}}","{""generator"":""alacarte_rectgen"",""dataset"":""alpha100_lite_d2__nr10000__ns10000__a1_000ep02__g7"",""n_r"":10000,""n_s"":10000,""has_exact_k"":false,""k_target"":0,""k_achieved"":0,""alpha_target"":100,""alpha_achieved"":100.627,""notes"":""alacarte-local alpha_expected_est=100.759 coverage=44.6732 pair_p_est=0.0201519 alpha_hat_est=100.627 epsilon_alpha=0.006275 audit_pairs=2000000""}"
,rectgen,100,10000,10000,ours,sampling,100000,2,3,1,,27.9645,2.01227e+06,1,0,0,0,,0,"{""build_active_indices_ms"":0.432446,""build_event_cache_ms"":0.154398,""build_event_maps_ms"":0.210324,""build_events_ms"":2.976168,""build_ranks_ms"":1.417069,""build_y_domain_ms"":1.298019,""phase1_count_ms"":1.730465,""phase2_plan_ms"":2.090647,""phase3_sample_ms"":15.418909,""run_build_ms"":6.510703,""run_count_ms"":1.731085,""run_sample_ms"":17.525625}",,"{""dataset"":{""source"":""synthetic"",""name"":""alpha100_lite_d2__nr10000__ns10000__a1_000ep02__g7"",""dim"":2,""path_r"":"""",""path_s"":"""",""synthetic"":{""generator"":""rectgen"",""n_r"":10000,""n_s"":10000,""alpha"":100,""seed"":7}},""run"":{""method"":""ours"",""variant"":""sampling"",""t"":100000,""seed"":1,""repeats"":3,""j_star"":1000000,""enum_cap"":0,""write_samples"":false,""verify"":false},""output"":{""out_dir"":""/home/dhy/PhD/v2/out/alpha100_light/d2"",""run_tag"":""""},""sys"":{""threads"":1},""logging"":{""level"":""WARN"",""with_timestamp"":true,""with_thread_id"":false}}","{""generator"":""alacarte_rectgen"",""dataset"":""alpha100_lite_d2__nr10000__ns10000__a1_000ep02__g7"",""n_r"":10000,""n_s"":10000,""has_exact_k"":false,""k_target"":0,""k_achieved"":0,""alpha_target"":100,""alpha_achieved"":100.627,""notes"":""alacarte-local alpha_expected_est=100.759 coverage=44.6732 pair_p_est=0.0201519 alpha_hat_est=100.627 epsilon_alpha=0.006275 audit_pairs=2000000""}"
,rectgen,100,10000,10000,kd_tree,sampling,100000,0,1,1,,113.01,2.01227e+06,1,0,0,0,,0,"{""build_ms"":1.806759,""build_points_ms"":1.804269,""phase1_count_ms"":36.467538,""phase2_plan_ms"":6.821079,""phase3_fill_ms"":67.887810,""run_build_ms"":1.807229,""run_count_ms"":36.468528,""run_sample_ms"":74.732226}",,"{""dataset"":{""source"":""synthetic"",""name"":""alpha100_lite_d2__nr10000__ns10000__a1_000ep02__g7"",""dim"":2,""path_r"":"""",""path_s"":"""",""synthetic"":{""generator"":""rectgen"",""n_r"":10000,""n_s"":10000,""alpha"":100,""seed"":7}},""run"":{""method"":""kd_tree"",""variant"":""sampling"",""t"":100000,""seed"":1,""repeats"":3,""j_star"":1000000,""enum_cap"":0,""write_samples"":false,""verify"":false},""output"":{""out_dir"":""/home/dhy/PhD/v2/out/alpha100_light/d2"",""run_tag"":""""},""sys"":{""threads"":1},""logging"":{""level"":""WARN"",""with_timestamp"":true,""with_thread_id"":false}}","{""generator"":""alacarte_rectgen"",""dataset"":""alpha100_lite_d2__nr10000__ns10000__a1_000ep02__g7"",""n_r"":10000,""n_s"":10000,""has_exact_k"":false,""k_target"":0,""k_achieved"":0,""alpha_target"":100,""alpha_achieved"":100.627,""notes"":""alacarte-local alpha_expected_est=100.759 coverage=44.6732 pair_p_est=0.0201519 alpha_hat_est=100.627 epsilon_alpha=0.006275 audit_pairs=2000000""}"
,rectgen,100,10000,10000,kd_tree,sampling,100000,1,2,1,,112.862,2.01227e+06,1,0,0,0,,0,"{""build_ms"":1.796890,""build_points_ms"":1.794150,""phase1_count_ms"":36.378435,""phase2_plan_ms"":6.663011,""phase3_fill_ms"":68.001810,""run_build_ms"":1.797320,""run_count_ms"":36.379265,""run_sample_ms"":74.684489}",,"{""dataset"":{""source"":""synthetic"",""name"":""alpha100_lite_d2__nr10000__ns10000__a1_000ep02__g7"",""dim"":2,""path_r"":"""",""path_s"":"""",""synthetic"":{""generator"":""rectgen"",""n_r"":10000,""n_s"":10000,""alpha"":100,""seed"":7}},""run"":{""method"":""kd_tree"",""variant"":""sampling"",""t"":100000,""seed"":1,""repeats"":3,""j_star"":1000000,""enum_cap"":0,""write_samples"":false,""verify"":false},""output"":{""out_dir"":""/home/dhy/PhD/v2/out/alpha100_light/d2"",""run_tag"":""""},""sys"":{""threads"":1},""logging"":{""level"":""WARN"",""with_timestamp"":true,""with_thread_id"":false}}","{""generator"":""alacarte_rectgen"",""dataset"":""alpha100_lite_d2__nr10000__ns10000__a1_000ep02__g7"",""n_r"":10000,""n_s"":10000,""has_exact_k"":false,""k_target"":0,""k_achieved"":0,""alpha_target"":100,""alpha_achieved"":100.627,""notes"":""alacarte-local alpha_expected_est=100.759 coverage=44.6732 pair_p_est=0.0201519 alpha_hat_est=100.627 epsilon_alpha=0.006275 audit_pairs=2000000""}"
,rectgen,100,10000,10000,kd_tree,sampling,100000,2,3,1,,113.022,2.01227e+06,1,0,0,0,,0,"{""build_ms"":1.806149,""build_points_ms"":1.803289,""phase1_count_ms"":36.477657,""phase2_plan_ms"":6.767043,""phase3_fill_ms"":67.949555,""run_build_ms"":1.806499,""run_count_ms"":36.478638,""run_sample_ms"":74.735606}",,"{""dataset"":{""source"":""synthetic"",""name"":""alpha100_lite_d2__nr10000__ns10000__a1_000ep02__g7"",""dim"":2,""path_r"":"""",""path_s"":"""",""synthetic"":{""generator"":""rectgen"",""n_r"":10000,""n_s"":10000,""alpha"":100,""seed"":7}},""run"":{""method"":""kd_tree"",""variant"":""sampling"",""t"":100000,""seed"":1,""repeats"":3,""j_star"":1000000,""enum_cap"":0,""write_samples"":false,""verify"":false},""output"":{""out_dir"":""/home/dhy/PhD/v2/out/alpha100_light/d2"",""run_tag"":""""},""sys"":{""threads"":1},""logging"":{""level"":""WARN"",""with_timestamp"":true,""with_thread_id"":false}}","{""generator"":""alacarte_rectgen"",""dataset"":""alpha100_lite_d2__nr10000__ns10000__a1_000ep02__g7"",""n_r"":10000,""n_s"":10000,""has_exact_k"":false,""k_target"":0,""k_achieved"":0,""alpha_target"":100,""alpha_achieved"":100.627,""notes"":""alacarte-local alpha_expected_est=100.759 coverage=44.6732 pair_p_est=0.0201519 alpha_hat_est=100.627 epsilon_alpha=0.006275 audit_pairs=2000000""}"
,rectgen,100,10000,10000,ours,sampling,10000,0,1,1,,26.3464,2.00819e+06,1,0,0,0,,0,"{""build_active_indices_ms"":0.598684,""build_event_cache_ms"":0.156968,""build_event_maps_ms"":0.214063,""build_events_ms"":6.628464,""build_ranks_ms"":1.449687,""build_y_domain_ms"":1.304699,""phase1_count_ms"":1.750244,""phase2_plan_ms"":0.810597,""phase3_sample_ms"":13.399087,""run_build_ms"":10.378902,""run_count_ms"":1.751054,""run_sample_ms"":14.213304}",,"{""dataset"":{""source"":""synthetic"",""name"":""alpha100_lite_d2__nr10000__ns10000__a1_000ep02__g17"",""dim"":2,""path_r"":"""",""path_s"":"""",""synthetic"":{""generator"":""rectgen"",""n_r"":10000,""n_s"":10000,""alpha"":100,""seed"":17}},""run"":{""method"":""ours"",""variant"":""sampling"",""t"":10000,""seed"":1,""repeats"":3,""j_star"":1000000,""enum_cap"":0,""write_samples"":false,""verify"":false},""output"":{""out_dir"":""/home/dhy/PhD/v2/out/alpha100_light/d2"",""run_tag"":""""},""sys"":{""threads"":1},""logging"":{""level"":""WARN"",""with_timestamp"":true,""with_thread_id"":false}}","{""generator"":""alacarte_rectgen"",""dataset"":""alpha100_lite_d2__nr10000__ns10000__a1_000ep02__g17"",""n_r"":10000,""n_s"":10000,""has_exact_k"":false,""k_target"":0,""k_achieved"":0,""alpha_target"":100,""alpha_achieved"":100.635,""notes"":""alacarte-local alpha_expected_est=100.884 coverage=44.6732 pair_p_est=0.0201768 alpha_hat_est=100.635 epsilon_alpha=0.00635 audit_pairs=2000000""}"
,rectgen,100,10000,10000,ours,sampling,10000,1,2,1,,22.3554,2.00819e+06,1,0,0,0,,0,"{""build_active_indices_ms"":0.430496,""build_event_cache_ms"":0.155798,""build_event_maps_ms"":0.205174,""build_events_ms"":3.632517,""build_ranks_ms"":1.457197,""build_y_domain_ms"":1.307058,""phase1_count_ms"":1.731016,""phase2_plan_ms"":0.804718,""phase3_sample_ms"":11.039911,""run_build_ms"":7.210189,""run_count_ms"":1.731525,""run_sample_ms"":11.848547}",,"{""dataset"":{""source"":""synthetic"",""name"":""alpha100_lite_d2__nr10000__ns10000__a1_000ep02__g17"",""dim"":2,""path_r"":"""",""path_s"":"""",""synthetic"":{""generator"":""rectgen"",""n_r"":10000,""n_s"":10000,""alpha"":100,""seed"":17}},""run"":{""method"":""ours"",""variant"":""sampling"",""t"":10000,""seed"":1,""repeats"":3,""j_star"":1000000,""enum_cap"":0,""write_samples"":false,""verify"":false},""output"":{""out_dir"":""/home/dhy/PhD/v2/out/alpha100_light/d2"",""run_tag"":""""},""sys"":{""threads"":1},""logging"":{""level"":""WARN"",""with_timestamp"":true,""with_thread_id"":false}}","{""generator"":""alacarte_rectgen"",""dataset"":""alpha100_lite_d2__nr10000__ns10000__a1_000ep02__g17"",""n_r"":10000,""n_s"":10000,""has_exact_k"":false,""k_target"":0,""k_achieved"":0,""alpha_target"":100,""alpha_achieved"":100.635,""notes"":""alacarte-local alpha_expected_est=100.884 coverage=44.6732 pair_p_est=0.0201768 alpha_hat_est=100.635 epsilon_alpha=0.00635 audit_pairs=2000000""}"
,rectgen,100,10000,10000,ours,sampling,10000,2,3,1,,22.4074,2.00819e+06,1,0,0,0,,0,"{""build_active_indices_ms"":0.446015,""build_event_cache_ms"":0.153468,""build_event_maps_ms"":0.204944,""build_events_ms"":3.850381,""build_ranks_ms"":1.444097,""build_y_domain_ms"":1.304198,""phase1_count_ms"":1.730746,""phase2_plan_ms"":0.796278,""phase3_sample_ms"":11.100886,""run_build_ms"":7.424802,""run_count_ms"":1.731216,""run_sample_ms"":11.901274}",,"{""dataset"":{""source"":""synthetic"",""name"":""alpha100_lite_d2__nr10000__ns10000__a1_000ep02__g17"",""dim"":2,""path_r"":"""",""path_s"":"""",""synthetic"":{""generator"":""rectgen"",""n_r"":10000,""n_s"":10000,""alpha"":100,""seed"":17}},""run"":{""method"":""ours"",""variant"":""sampling"",""t"":10000,""seed"":1,""repeats"":3,""j_star"":1000000,""enum_cap"":0,""write_samples"":false,""verify"":false},""output"":{""out_dir"":""/home/dhy/PhD/v2/out/alpha100_light/d2"",""run_tag"":""""},""sys"":{""threads"":1},""logging"":{""level"":""WARN"",""with_timestamp"":true,""with_thread_id"":false}}","{""generator"":""alacarte_rectgen"",""dataset"":""alpha100_lite_d2__nr10000__ns10000__a1_000ep02__g17"",""n_r"":10000,""n_s"":10000,""has_exact_k"":false,""k_target"":0,""k_achieved"":0,""alpha_target"":100,""alpha_achieved"":100.635,""notes"":""alacarte-local alpha_expected_est=100.884 coverage=44.6732 pair_p_est=0.0201768 alpha_hat_est=100.635 epsilon_alpha=0.00635 audit_pairs=2000000""}"
,rectgen,100,10000,10000,kd_tree,sampling,10000,0,1,1,,80.2041,2.00819e+06,1,0,0,0,,0,"{""build_ms"":1.785831,""build_points_ms"":1.783071,""phase1_count_ms"":35.987189,""phase2_plan_ms"":0.532618,""phase3_fill_ms"":41.890210,""run_build_ms"":1.786441,""run_count_ms"":35.988169,""run_sample_ms"":42.428098}",,"{""dataset"":{""source"":""synthetic"",""name"":""alpha100_lite_d2__nr10000__ns10000__a1_000ep02__g17"",""dim"":2,""path_r"":"""",""path_s"":"""",""synthetic"":{""generator"":""rectgen"",""n_r"":10000,""n_s"":10000,""alpha"":100,""seed"":17}},""run"":{""method"":""kd_tree"",""variant"":""sampling"",""t"":10000,""seed"":1,""repeats"":3,""j_star"":1000000,""enum_cap"":0,""write_samples"":false,""verify"":false},""output"":{""out_dir"":""/home/dhy/PhD/v2/out/alpha100_light/d2"",""run_tag"":""""},""sys"":{""threads"":1},""logging"":{""level"":""WARN"",""with_timestamp"":true,""with_thread_id"":false}}","{""generator"":""alacarte_rectgen"",""dataset"":""alpha100_lite_d2__nr10000__ns10000__a1_000ep02__g17"",""n_r"":10000,""n_s"":10000,""has_exact_k"":false,""k_target"":0,""k_achieved"":0,""alpha_target"":100,""alpha_achieved"":100.635,""notes"":""alacarte-local alpha_expected_est=100.884 coverage=44.6732 pair_p_est=0.0201768 alpha_hat_est=100.635 epsilon_alpha=0.00635 audit_pairs=2000000""}"
,rectgen,100,10000,10000,kd_tree,sampling,10000,1,2,1,,79.9151,2.00819e+06,1,0,0,0,,0,"{""build_ms"":1.791661,""build_points_ms"":1.789481,""phase1_count_ms"":35.823602,""phase2_plan_ms"":0.518690,""phase3_fill_ms"":41.773938,""run_build_ms"":1.791991,""run_count_ms"":35.825172,""run_sample_ms"":42.296738}",,"{""dataset"":{""source"":""synthetic"",""name"":""alpha100_lite_d2__nr10000__ns10000__a1_000ep02__g17"",""dim"":2,""path_r"":"""",""path_s"":"""",""synthetic"":{""generator"":""rectgen"",""n_r"":10000,""n_s"":10000,""alpha"":100,""seed"":17}},""run"":{""method"":""kd_tree"",""variant"":""sampling"",""t"":10000,""seed"":1,""repeats"":3,""j_star"":1000000,""enum_cap"":0,""write_samples"":false,""verify"":false},""output"":{""out_dir"":""/home/dhy/PhD/v2/out/alpha100_light/d2"",""run_tag"":""""},""sys"":{""threads"":1},""logging"":{""level"":""WARN"",""with_timestamp"":true,""with_thread_id"":false}}","{""generator"":""alacarte_rectgen"",""dataset"":""alpha100_lite_d2__nr10000__ns10000__a1_000ep02__g17"",""n_r"":10000,""n_s"":10000,""has_exact_k"":false,""k_target"":0,""k_achieved"":0,""alpha_target"":100,""alpha_achieved"":100.635,""notes"":""alacarte-local alpha_expected_est=100.884 coverage=44.6732 pair_p_est=0.0201768 alpha_hat_est=100.635 epsilon_alpha=0.00635 audit_pairs=2000000""}"
,rectgen,100,10000,10000,kd_tree,sampling,10000,2,3,1,,80.3312,2.00819e+06,1,0,0,0,,0,"{""build_ms"":1.818339,""build_points_ms"":1.816309,""phase1_count_ms"":36.017847,""phase2_plan_ms"":0.518780,""phase3_fill_ms"":41.968654,""run_build_ms"":1.818739,""run_count_ms"":36.019006,""run_sample_ms"":42.491832}",,"{""dataset"":{""source"":""synthetic"",""name"":""alpha100_lite_d2__nr10000__ns10000__a1_000ep02__g17"",""dim"":2,""path_r"":"""",""path_s"":"""",""synthetic"":{""generator"":""rectgen"",""n_r"":10000,""n_s"":10000,""alpha"":100,""seed"":17}},""run"":{""method"":""kd_tree"",""variant"":""sampling"",""t"":10000,""seed"":1,""repeats"":3,""j_star"":1000000,""enum_cap"":0,""write_samples"":false,""verify"":false},""output"":{""out_dir"":""/home/dhy/PhD/v2/out/alpha100_light/d2"",""run_tag"":""""},""sys"":{""threads"":1},""logging"":{""level"":""WARN"",""with_timestamp"":true,""with_thread_id"":false}}","{""generator"":""alacarte_rectgen"",""dataset"":""alpha100_lite_d2__nr10000__ns10000__a1_000ep02__g17"",""n_r"":10000,""n_s"":10000,""has_exact_k"":false,""k_target"":0,""k_achieved"":0,""alpha_target"":100,""alpha_achieved"":100.635,""notes"":""alacarte-local alpha_expected_est=100.884 coverage=44.6732 pair_p_est=0.0201768 alpha_hat_est=100.635 epsilon_alpha=0.00635 audit_pairs=2000000""}"
,rectgen,100,10000,10000,ours,sampling,50000,0,1,1,,25.2757,2.00819e+06,1,0,0,0,,0,"{""build_active_indices_ms"":0.654718,""build_event_cache_ms"":0.160008,""build_event_maps_ms"":0.207913,""build_events_ms"":3.196260,""build_ranks_ms"":1.445218,""build_y_domain_ms"":1.310718,""phase1_count_ms"":1.767732,""phase2_plan_ms"":1.374723,""phase3_sample_ms"":15.115754,""run_build_ms"":7.000285,""run_count_ms"":1.768512,""run_sample_ms"":16.504725}",,"{""dataset"":{""source"":""synthetic"",""name"":""alpha100_lite_d2__nr10000__ns10000__a1_000ep02__g17"",""dim"":2,""path_r"":"""",""path_s"":"""",""synthetic"":{""generator"":""rectgen"",""n_r"":10000,""n_s"":10000,""alpha"":100,""seed"":17}},""run"":{""method"":""ours"",""variant"":""sampling"",""t"":50000,""seed"":1,""repeats"":3,""j_star"":1000000,""enum_cap"":0,""write_samples"":false,""verify"":false},""output"":{""out_dir"":""/home/dhy/PhD/v2/out/alpha100_light/d2"",""run_tag"":""""},""sys"":{""threads"":1},""logging"":{""level"":""WARN"",""with_timestamp"":true,""with_thread_id"":false}}","{""generator"":""alacarte_rectgen"",""dataset"":""alpha100_lite_d2__nr10000__ns10000__a1_000ep02__g17"",""n_r"":10000,""n_s"":10000,""has_exact_k"":false,""k_target"":0,""k_achieved"":0,""alpha_target"":100,""alpha_achieved"":100.635,""notes"":""alacarte-local alpha_expected_est=100.884 coverage=44.6732 pair_p_est=0.0201768 alpha_hat_est=100.635 epsilon_alpha=0.00635 audit_pairs=2000000""}"
,rectgen,100,10000,10000,ours,sampling,50000,1,2,1,,25.6352,2.00819e+06,1,0,0,0,,0,"{""build_active_indices_ms"":0.445346,""build_event_cache_ms"":0.154528,""build_event_maps_ms"":0.208433,""build_events_ms"":3.285344,""build_ranks_ms"":1.445957,""build_y_domain_ms"":1.321097,""phase1_count_ms"":1.741325,""phase2_plan_ms"":1.375644,""phase3_sample_ms"":13.700253,""run_build_ms"":6.883434,""run_count_ms"":1.741995,""run_sample_ms"":15.086195}",,"{""dataset"":{""source"":""synthetic"",""name"":""alpha100_lite_d2__nr10000__ns10000__a1_000ep02__g17"",""dim"":2,""path_r"":"""",""path_s"":"""",""synthetic"":{""generator"":""rectgen"",""n_r"":10000,""n_s"":10000,""alpha"":100,""seed"":17}},""run"":{""method"":""ours"",""variant"":""sampling"",""t"":50000,""seed"":1,""repeats"":3,""j_star"":1000000,""enum_cap"":0,""write_samples"":false,""verify"":false},""output"":{""out_dir"":""/home/dhy/PhD/v2/out/alpha100_light/d2"",""run_tag"":""""},""sys"":{""threads"":1},""logging"":{""level"":""WARN"",""with_timestamp"":true,""with_thread_id"":false}}","{""generator"":""alacarte_rectgen"",""dataset"":""alpha100_lite_d2__nr10000__ns10000__a1_000ep02__g17"",""n_r"":10000,""n_s"":10000,""has_exact_k"":false,""k_target"":0,""k_achieved"":0,""alpha_target"":100,""alpha_achieved"":100.635,""notes"":""alacarte-local alpha_expected_est=100.884 coverage=44.6732 pair_p_est=0.0201768 alpha_hat_est=100.635 epsilon_alpha=0.00635 audit_pairs=2000000""}"
,rectgen,100,10000,10000,ours,sampling,50000,2,3,1,,25.4788,2.00819e+06,1,0,0,0,,0,"{""build_active_indices_ms"":0.447076,""build_event_cache_ms"":0.154628,""build_event_maps_ms"":0.206574,""build_events_ms"":3.063602,""build_ranks_ms"":1.453947,""build_y_domain_ms"":1.316327,""phase1_count_ms"":1.732526,""phase2_plan_ms"":1.378403,""phase3_sample_ms"":13.562194,""run_build_ms"":6.663861,""run_count_ms"":1.733105,""run_sample_ms"":14.950496}",,"{""dataset"":{""source"":""synthetic"",""name"":""alpha100_lite_d2__nr10000__ns10000__a1_000ep02__g17"",""dim"":2,""path_r"":"""",""path_s"":"""",""synthetic"":{""generator"":""rectgen"",""n_r"":10000,""n_s"":10000,""alpha"":100,""seed"":17}},""run"":{""method"":""ours"",""variant"":""sampling"",""t"":50000,""seed"":1,""repeats"":3,""j_star"":1000000,""enum_cap"":0,""write_samples"":false,""verify"":false},""output"":{""out_dir"":""/home/dhy/PhD/v2/out/alpha100_light/d2"",""run_tag"":""""},""sys"":{""threads"":1},""logging"":{""level"":""WARN"",""with_timestamp"":true,""with_thread_id"":false}}","{""generator"":""alacarte_rectgen"",""dataset"":""alpha100_lite_d2__nr10000__ns10000__a1_000ep02__g17"",""n_r"":10000,""n_s"":10000,""has_exact_k"":false,""k_target"":0,""k_achieved"":0,""alpha_target"":100,""alpha_achieved"":100.635,""notes"":""alacarte-local alpha_expected_est=100.884 coverage=44.6732 pair_p_est=0.0201768 alpha_hat_est=100.635 epsilon_alpha=0.00635 audit_pairs=2000000""}"
,rectgen,100,10000,10000,kd_tree,sampling,50000,0,1,1,,106.341,2.00819e+06,1,0,0,0,,0,"{""build_ms"":1.790701,""build_points_ms"":1.787911,""phase1_count_ms"":35.727779,""phase2_plan_ms"":3.158245,""phase3_fill_ms"":65.649561,""run_build_ms"":1.791161,""run_count_ms"":35.728899,""run_sample_ms"":68.819054}",,"{""dataset"":{""source"":""synthetic"",""name"":""alpha100_lite_d2__nr10000__ns10000__a1_000ep02__g17"",""dim"":2,""path_r"":"""",""path_s"":"""",""synthetic"":{""generator"":""rectgen"",""n_r"":10000,""n_s"":10000,""alpha"":100,""seed"":17}},""run"":{""method"":""kd_tree"",""variant"":""sampling"",""t"":50000,""seed"":1,""repeats"":3,""j_star"":1000000,""enum_cap"":0,""write_samples"":false,""verify"":false},""output"":{""out_dir"":""/home/dhy/PhD/v2/out/alpha100_light/d2"",""run_tag"":""""},""sys"":{""threads"":1},""logging"":{""level"":""WARN"",""with_timestamp"":true,""with_thread_id"":false}}","{""generator"":""alacarte_rectgen"",""dataset"":""alpha100_lite_d2__nr10000__ns10000__a1_000ep02__g17"",""n_r"":10000,""n_s"":10000,""has_exact_k"":false,""k_target"":0,""k_achieved"":0,""alpha_target"":100,""alpha_achieved"":100.635,""notes"":""alacarte-local alpha_expected_est=100.884 coverage=44.6732 pair_p_est=0.0201768 alpha_hat_est=100.635 epsilon_alpha=0.00635 audit_pairs=2000000""}"
,rectgen,100,10000,10000,kd_tree,sampling,50000,1,2,1,,106.408,2.00819e+06,1,0,0,0,,0,"{""build_ms"":1.786721,""build_points_ms"":1.784132,""phase1_count_ms"":35.813323,""phase2_plan_ms"":3.142825,""phase3_fill_ms"":65.651472,""run_build_ms"":1.787031,""run_count_ms"":35.814453,""run_sample_ms"":68.805636}",,"{""dataset"":{""source"":""synthetic"",""name"":""alpha100_lite_d2__nr10000__ns10000__a1_000ep02__g17"",""dim"":2,""path_r"":"""",""path_s"":"""",""synthetic"":{""generator"":""rectgen"",""n_r"":10000,""n_s"":10000,""alpha"":100,""seed"":17}},""run"":{""method"":""kd_tree"",""variant"":""sampling"",""t"":50000,""seed"":1,""repeats"":3,""j_star"":1000000,""enum_cap"":0,""write_samples"":false,""verify"":false},""output"":{""out_dir"":""/home/dhy/PhD/v2/out/alpha100_light/d2"",""run_tag"":""""},""sys"":{""threads"":1},""logging"":{""level"":""WARN"",""with_timestamp"":true,""with_thread_id"":false}}","{""generator"":""alacarte_rectgen"",""dataset"":""alpha100_lite_d2__nr10000__ns10000__a1_000ep02__g17"",""n_r"":10000,""n_s"":10000,""has_exact_k"":false,""k_target"":0,""k_achieved"":0,""alpha_target"":100,""alpha_achieved"":100.635,""notes"":""alacarte-local alpha_expected_est=100.884 coverage=44.6732 pair_p_est=0.0201768 alpha_hat_est=100.635 epsilon_alpha=0.00635 audit_pairs=2000000""}"
,rectgen,100,10000,10000,kd_tree,sampling,50000,2,3,1,,106.39,2.00819e+06,1,0,0,0,,0,"{""build_ms"":1.781591,""build_points_ms"":1.778732,""phase1_count_ms"":35.704365,""phase2_plan_ms"":3.167903,""phase3_fill_ms"":65.722612,""run_build_ms"":1.781981,""run_count_ms"":35.705585,""run_sample_ms"":68.901015}",,"{""dataset"":{""source"":""synthetic"",""name"":""alpha100_lite_d2__nr10000__ns10000__a1_000ep02__g17"",""dim"":2,""path_r"":"""",""path_s"":"""",""synthetic"":{""generator"":""rectgen"",""n_r"":10000,""n_s"":10000,""alpha"":100,""seed"":17}},""run"":{""method"":""kd_tree"",""variant"":""sampling"",""t"":50000,""seed"":1,""repeats"":3,""j_star"":1000000,""enum_cap"":0,""write_samples"":false,""verify"":false},""output"":{""out_dir"":""/home/dhy/PhD/v2/out/alpha100_light/d2"",""run_tag"":""""},""sys"":{""threads"":1},""logging"":{""level"":""WARN"",""with_timestamp"":true,""with_thread_id"":false}}","{""generator"":""alacarte_rectgen"",""dataset"":""alpha100_lite_d2__nr10000__ns10000__a1_000ep02__g17"",""n_r"":10000,""n_s"":10000,""has_exact_k"":false,""k_target"":0,""k_achieved"":0,""alpha_target"":100,""alpha_achieved"":100.635,""notes"":""alacarte-local alpha_expected_est=100.884 coverage=44.6732 pair_p_est=0.0201768 alpha_hat_est=100.635 epsilon_alpha=0.00635 audit_pairs=2000000""}"
,rectgen,100,10000,10000,ours,sampling,100000,0,1,1,,27.6994,2.00819e+06,1,0,0,0,,0,"{""build_active_indices_ms"":0.589734,""build_event_cache_ms"":0.158967,""build_event_maps_ms"":0.210283,""build_events_ms"":3.049603,""build_ranks_ms"":1.443508,""build_y_domain_ms"":1.304109,""phase1_count_ms"":1.754133,""phase2_plan_ms"":2.096937,""phase3_sample_ms"":17.047665,""run_build_ms"":6.781373,""run_count_ms"":1.754823,""run_sample_ms"":19.160631}",,"{""dataset"":{""source"":""synthetic"",""name"":""alpha100_lite_d2__nr10000__ns10000__a1_000ep02__g17"",""dim"":2,""path_r"":"""",""path_s"":"""",""synthetic"":{""generator"":""rectgen"",""n_r"":10000,""n_s"":10000,""alpha"":100,""seed"":17}},""run"":{""method"":""ours"",""variant"":""sampling"",""t"":100000,""seed"":1,""repeats"":3,""j_star"":1000000,""enum_cap"":0,""write_samples"":false,""verify"":false},""output"":{""out_dir"":""/home/dhy/PhD/v2/out/alpha100_light/d2"",""run_tag"":""""},""sys"":{""threads"":1},""logging"":{""level"":""WARN"",""with_timestamp"":true,""with_thread_id"":false}}","{""generator"":""alacarte_rectgen"",""dataset"":""alpha100_lite_d2__nr10000__ns10000__a1_000ep02__g17"",""n_r"":10000,""n_s"":10000,""has_exact_k"":false,""k_target"":0,""k_achieved"":0,""alpha_target"":100,""alpha_achieved"":100.635,""notes"":""alacarte-local alpha_expected_est=100.884 coverage=44.6732 pair_p_est=0.0201768 alpha_hat_est=100.635 epsilon_alpha=0.00635 audit_pairs=2000000""}"
,rectgen,100,10000,10000,ours,sampling,100000,1,2,1,,27.8811,2.00819e+06,1,0,0,0,,0,"{""build_active_indices_ms"":0.436036,""build_event_cache_ms"":0.154628,""build_event_maps_ms"":0.205185,""build_events_ms"":4.150918,""build_ranks_ms"":1.442338,""build_y_domain_ms"":1.314408,""phase1_count_ms"":1.742794,""phase2_plan_ms"":2.082649,""phase3_sample_ms"":15.230616,""run_build_ms"":7.725530,""run_count_ms"":1.743484,""run_sample_ms"":17.330583}",,"{""dataset"":{""source"":""synthetic"",""name"":""alpha100_lite_d2__nr10000__ns10000__a1_000ep02__g17"",""dim"":2,""path_r"":"""",""path_s"":"""",""synthetic"":{""generator"":""rectgen"",""n_r"":10000,""n_s"":10000,""alpha"":100,""seed"":17}},""run"":{""method"":""ours"",""variant"":""sampling"",""t"":100000,""seed"":1,""repeats"":3,""j_star"":1000000,""enum_cap"":0,""write_samples"":false,""verify"":false},""output"":{""out_dir"":""/home/dhy/PhD/v2/out/alpha100_light/d2"",""run_tag"":""""},""sys"":{""threads"":1},""logging"":{""level"":""WARN"",""with_timestamp"":true,""with_thread_id"":false}}","{""generator"":""alacarte_rectgen"",""dataset"":""alpha100_lite_d2__nr10000__ns10000__a1_000ep02__g17"",""n_r"":10000,""n_s"":10000,""has_exact_k"":false,""k_target"":0,""k_achieved"":0,""alpha_target"":100,""alpha_achieved"":100.635,""notes"":""alacarte-local alpha_expected_est=100.884 coverage=44.6732 pair_p_est=0.0201768 alpha_hat_est=100.635 epsilon_alpha=0.00635 audit_pairs=2000000""}"
,rectgen,100,10000,10000,ours,sampling,100000,2,3,1,,27.8796,2.00819e+06,1,0,0,0,,0,"{""build_active_indices_ms"":0.436256,""build_event_cache_ms"":0.157488,""build_event_maps_ms"":0.207834,""build_events_ms"":3.278855,""build_ranks_ms"":1.452317,""build_y_domain_ms"":1.306978,""phase1_count_ms"":1.733706,""phase2_plan_ms"":2.102536,""phase3_sample_ms"":15.242845,""run_build_ms"":6.860447,""run_count_ms"":1.734476,""run_sample_ms"":17.362340}",,"{""dataset"":{""source"":""synthetic"",""name"":""alpha100_lite_d2__nr10000__ns10000__a1_000ep02__g17"",""dim"":2,""path_r"":"""",""path_s"":"""",""synthetic"":{""generator"":""rectgen"",""n_r"":10000,""n_s"":10000,""alpha"":100,""seed"":17}},""run"":{""method"":""ours"",""variant"":""sampling"",""t"":100000,""seed"":1,""repeats"":3,""j_star"":1000000,""enum_cap"":0,""write_samples"":false,""verify"":false},""output"":{""out_dir"":""/home/dhy/PhD/v2/out/alpha100_light/d2"",""run_tag"":""""},""sys"":{""threads"":1},""logging"":{""level"":""WARN"",""with_timestamp"":true,""with_thread_id"":false}}","{""generator"":""alacarte_rectgen"",""dataset"":""alpha100_lite_d2__nr10000__ns10000__a1_000ep02__g17"",""n_r"":10000,""n_s"":10000,""has_exact_k"":false,""k_target"":0,""k_achieved"":0,""alpha_target"":100,""alpha_achieved"":100.635,""notes"":""alacarte-local alpha_expected_est=100.884 coverage=44.6732 pair_p_est=0.0201768 alpha_hat_est=100.635 epsilon_alpha=0.00635 audit_pairs=2000000""}"
,rectgen,100,10000,10000,kd_tree,sampling,100000,0,1,1,,111.456,2.00819e+06,1,0,0,0,,0,"{""build_ms"":1.786001,""build_points_ms"":1.783302,""phase1_count_ms"":35.837154,""phase2_plan_ms"":6.759295,""phase3_fill_ms"":67.052578,""run_build_ms"":1.786441,""run_count_ms"":35.837994,""run_sample_ms"":73.830182}",,"{""dataset"":{""source"":""synthetic"",""name"":""alpha100_lite_d2__nr10000__ns10000__a1_000ep02__g17"",""dim"":2,""path_r"":"""",""path_s"":"""",""synthetic"":{""generator"":""rectgen"",""n_r"":10000,""n_s"":10000,""alpha"":100,""seed"":17}},""run"":{""method"":""kd_tree"",""variant"":""sampling"",""t"":100000,""seed"":1,""repeats"":3,""j_star"":1000000,""enum_cap"":0,""write_samples"":false,""verify"":false},""output"":{""out_dir"":""/home/dhy/PhD/v2/out/alpha100_light/d2"",""run_tag"":""""},""sys"":{""threads"":1},""logging"":{""level"":""WARN"",""with_timestamp"":true,""with_thread_id"":false}}","{""generator"":""alacarte_rectgen"",""dataset"":""alpha100_lite_d2__nr10000__ns10000__a1_000ep02__g17"",""n_r"":10000,""n_s"":10000,""has_exact_k"":false,""k_target"":0,""k_achieved"":0,""alpha_target"":100,""alpha_achieved"":100.635,""notes"":""alacarte-local alpha_expected_est=100.884 coverage=44.6732 pair_p_est=0.0201768 alpha_hat_est=100.635 epsilon_alpha=0.00635 audit_pairs=2000000""}"
,rectgen,100,10000,10000,kd_tree,sampling,100000,1,2,1,,111.055,2.00819e+06,1,0,0,0,,0,"{""build_ms"":1.781191,""build_points_ms"":1.778561,""phase1_count_ms"":35.766900,""phase2_plan_ms"":6.674351,""phase3_fill_ms"":66.810047,""run_build_ms"":1.781651,""run_count_ms"":35.768130,""run_sample_ms"":73.503407}",,"{""dataset"":{""source"":""synthetic"",""name"":""alpha100_lite_d2__nr10000__ns10000__a1_000ep02__g17"",""dim"":2,""path_r"":"""",""path_s"":"""",""synthetic"":{""generator"":""rectgen"",""n_r"":10000,""n_s"":10000,""alpha"":100,""seed"":17}},""run"":{""method"":""kd_tree"",""variant"":""sampling"",""t"":100000,""seed"":1,""repeats"":3,""j_star"":1000000,""enum_cap"":0,""write_samples"":false,""verify"":false},""output"":{""out_dir"":""/home/dhy/PhD/v2/out/alpha100_light/d2"",""run_tag"":""""},""sys"":{""threads"":1},""logging"":{""level"":""WARN"",""with_timestamp"":true,""with_thread_id"":false}}","{""generator"":""alacarte_rectgen"",""dataset"":""alpha100_lite_d2__nr10000__ns10000__a1_000ep02__g17"",""n_r"":10000,""n_s"":10000,""has_exact_k"":false,""k_target"":0,""k_achieved"":0,""alpha_target"":100,""alpha_achieved"":100.635,""notes"":""alacarte-local alpha_expected_est=100.884 coverage=44.6732 pair_p_est=0.0201768 alpha_hat_est=100.635 epsilon_alpha=0.00635 audit_pairs=2000000""}"
,rectgen,100,10000,10000,kd_tree,sampling,100000,2,3,1,,111.305,2.00819e+06,1,0,0,0,,0,"{""build_ms"":1.789961,""build_points_ms"":1.787341,""phase1_count_ms"":35.827505,""phase2_plan_ms"":6.808681,""phase3_fill_ms"":66.858293,""run_build_ms"":1.790421,""run_count_ms"":35.828425,""run_sample_ms"":73.684882}",,"{""dataset"":{""source"":""synthetic"",""name"":""alpha100_lite_d2__nr10000__ns10000__a1_000ep02__g17"",""dim"":2,""path_r"":"""",""path_s"":"""",""synthetic"":{""generator"":""rectgen"",""n_r"":10000,""n_s"":10000,""alpha"":100,""seed"":17}},""run"":{""method"":""kd_tree"",""variant"":""sampling"",""t"":100000,""seed"":1,""repeats"":3,""j_star"":1000000,""enum_cap"":0,""write_samples"":false,""verify"":false},""output"":{""out_dir"":""/home/dhy/PhD/v2/out/alpha100_light/d2"",""run_tag"":""""},""sys"":{""threads"":1},""logging"":{""level"":""WARN"",""with_timestamp"":true,""with_thread_id"":false}}","{""generator"":""alacarte_rectgen"",""dataset"":""alpha100_lite_d2__nr10000__ns10000__a1_000ep02__g17"",""n_r"":10000,""n_s"":10000,""has_exact_k"":false,""k_target"":0,""k_achieved"":0,""alpha_target"":100,""alpha_achieved"":100.635,""notes"":""alacarte-local alpha_expected_est=100.884 coverage=44.6732 pair_p_est=0.0201768 alpha_hat_est=100.635 epsilon_alpha=0.00635 audit_pairs=2000000""}"
,rectgen,100,2000,2000,ours,sampling,10000,0,1,1,,424.94,396390,1,0,0,0,,0,"{""build_events_ms"":1.465296,""build_mode_families_ms"":71.991451,""phase1_count_ms"":209.067021,""phase2_plan_ms"":0.433716,""phase3_sample_ms"":141.834349,""run_build_ms"":73.580439,""run_count_ms"":209.069051,""run_sample_ms"":142.274095}",,"{""dataset"":{""source"":""synthetic"",""name"":""alpha100_lite_d3__nr2000__ns2000__a1_000ep02__g7"",""dim"":3,""path_r"":"""",""path_s"":"""",""synthetic"":{""generator"":""rectgen"",""n_r"":2000,""n_s"":2000,""alpha"":100,""seed"":7}},""run"":{""method"":""ours"",""variant"":""sampling"",""t"":10000,""seed"":1,""repeats"":3,""j_star"":1000000,""enum_cap"":0,""write_samples"":false,""verify"":false},""output"":{""out_dir"":""/home/dhy/PhD/v2/out/alpha100_light/d3"",""run_tag"":""""},""sys"":{""threads"":1},""logging"":{""level"":""WARN"",""with_timestamp"":true,""with_thread_id"":false}}","{""generator"":""alacarte_rectgen"",""dataset"":""alpha100_lite_d3__nr2000__ns2000__a1_000ep02__g7"",""n_r"":2000,""n_s"":2000,""has_exact_k"":false,""k_target"":0,""k_achieved"":0,""alpha_target"":100,""alpha_achieved"":99.078,""notes"":""alacarte-local alpha_expected_est=99.4148 coverage=17.1476 pair_p_est=0.0994148 alpha_hat_est=99.078 epsilon_alpha=0.00922 audit_pairs=2000000""}"
,rectgen,100,2000,2000,ours,sampling,10000,1,2,1,,424.833,396390,1,0,0,0,,0,"{""build_events_ms"":0.568436,""build_mode_families_ms"":50.341332,""phase1_count_ms"":205.561877,""phase2_plan_ms"":0.426107,""phase3_sample_ms"":141.461873,""run_build_ms"":50.949695,""run_count_ms"":205.563837,""run_sample_ms"":141.893510}",,"{""dataset"":{""source"":""synthetic"",""name"":""alpha100_lite_d3__nr2000__ns2000__a1_000ep02__g7"",""dim"":3,""path_r"":"""",""path_s"":"""",""synthetic"":{""generator"":""rectgen"",""n_r"":2000,""n_s"":2000,""alpha"":100,""seed"":7}},""run"":{""method"":""ours"",""variant"":""sampling"",""t"":10000,""seed"":1,""repeats"":3,""j_star"":1000000,""enum_cap"":0,""write_samples"":false,""verify"":false},""output"":{""out_dir"":""/home/dhy/PhD/v2/out/alpha100_light/d3"",""run_tag"":""""},""sys"":{""threads"":1},""logging"":{""level"":""WARN"",""with_timestamp"":true,""with_thread_id"":false}}","{""generator"":""alacarte_rectgen"",""dataset"":""alpha100_lite_d3__nr2000__ns2000__a1_000ep02__g7"",""n_r"":2000,""n_s"":2000,""has_exact_k"":false,""k_target"":0,""k_achieved"":0,""alpha_target"":100,""alpha_achieved"":99.078,""notes"":""alacarte-local alpha_expected_est=99.4148 coverage=17.1476 pair_p_est=0.0994148 alpha_hat_est=99.078 epsilon_alpha=0.00922 audit_pairs=2000000""}"
,rectgen,100,2000,2000,ours,sampling,10000,2,3,1,,426.422,396390,1,0,0,0,,0,"{""build_events_ms"":0.558597,""build_mode_families_ms"":49.683438,""phase1_count_ms"":207.098125,""phase2_plan_ms"":0.344573,""phase3_sample_ms"":141.484361,""run_build_ms"":50.282292,""run_count_ms"":207.099934,""run_sample_ms"":141.833494}",,"{""dataset"":{""source"":""synthetic"",""name"":""alpha100_lite_d3__nr2000__ns2000__a1_000ep02__g7"",""dim"":3,""path_r"":"""",""path_s"":"""",""synthetic"":{""generator"":""rectgen"",""n_r"":2000,""n_s"":2000,""alpha"":100,""seed"":7}},""run"":{""method"":""ours"",""variant"":""sampling"",""t"":10000,""seed"":1,""repeats"":3,""j_star"":1000000,""enum_cap"":0,""write_samples"":false,""verify"":false},""output"":{""out_dir"":""/home/dhy/PhD/v2/out/alpha100_light/d3"",""run_tag"":""""},""sys"":{""threads"":1},""logging"":{""level"":""WARN"",""with_timestamp"":true,""with_thread_id"":false}}","{""generator"":""alacarte_rectgen"",""dataset"":""alpha100_lite_d3__nr2000__ns2000__a1_000ep02__g7"",""n_r"":2000,""n_s"":2000,""has_exact_k"":false,""k_target"":0,""k_achieved"":0,""alpha_target"":100,""alpha_achieved"":99.078,""notes"":""alacarte-local alpha_expected_est=99.4148 coverage=17.1476 pair_p_est=0.0994148 alpha_hat_est=99.078 epsilon_alpha=0.00922 audit_pairs=2000000""}"
,rectgen,100,2000,2000,kd_tree,sampling,10000,0,1,1,,41.4129,396390,1,0,0,0,,0,"{""build_ms"":0.383620,""build_points_ms"":0.381720,""phase1_count_ms"":15.801146,""phase2_plan_ms"":0.587525,""phase3_fill_ms"":24.619100,""run_build_ms"":0.397839,""run_count_ms"":15.801876,""run_sample_ms"":25.210996}",,"{""dataset"":{""source"":""synthetic"",""name"":""alpha100_lite_d3__nr2000__ns2000__a1_000ep02__g7"",""dim"":3,""path_r"":"""",""path_s"":"""",""synthetic"":{""generator"":""rectgen"",""n_r"":2000,""n_s"":2000,""alpha"":100,""seed"":7}},""run"":{""method"":""kd_tree"",""variant"":""sampling"",""t"":10000,""seed"":1,""repeats"":3,""j_star"":1000000,""enum_cap"":0,""write_samples"":false,""verify"":false},""output"":{""out_dir"":""/home/dhy/PhD/v2/out/alpha100_light/d3"",""run_tag"":""""},""sys"":{""threads"":1},""logging"":{""level"":""WARN"",""with_timestamp"":true,""with_thread_id"":false}}","{""generator"":""alacarte_rectgen"",""dataset"":""alpha100_lite_d3__nr2000__ns2000__a1_000ep02__g7"",""n_r"":2000,""n_s"":2000,""has_exact_k"":false,""k_target"":0,""k_achieved"":0,""alpha_target"":100,""alpha_achieved"":99.078,""notes"":""alacarte-local alpha_expected_est=99.4148 coverage=17.1476 pair_p_est=0.0994148 alpha_hat_est=99.078 epsilon_alpha=0.00922 audit_pairs=2000000""}"
,rectgen,100,2000,2000,kd_tree,sampling,10000,1,2,1,,41.1038,396390,1,0,0,0,,0,"{""build_ms"":0.361692,""build_points_ms"":0.360452,""phase1_count_ms"":15.755209,""phase2_plan_ms"":0.581615,""phase3_fill_ms"":24.398958,""run_build_ms"":0.361892,""run_count_ms"":15.755828,""run_sample_ms"":24.985203}",,"{""dataset"":{""source"":""synthetic"",""name"":""alpha100_lite_d3__nr2000__ns2000__a1_000ep02__g7"",""dim"":3,""path_r"":"""",""path_s"":"""",""synthetic"":{""generator"":""rectgen"",""n_r"":2000,""n_s"":2000,""alpha"":100,""seed"":7}},""run"":{""method"":""kd_tree"",""variant"":""sampling"",""t"":10000,""seed"":1,""repeats"":3,""j_star"":1000000,""enum_cap"":0,""write_samples"":false,""verify"":false},""output"":{""out_dir"":""/home/dhy/PhD/v2/out/alpha100_light/d3"",""run_tag"":""""},""sys"":{""threads"":1},""logging"":{""level"":""WARN"",""with_timestamp"":true,""with_thread_id"":false}}","{""generator"":""alacarte_rectgen"",""dataset"":""alpha100_lite_d3__nr2000__ns2000__a1_000ep02__g7"",""n_r"":2000,""n_s"":2000,""has_exact_k"":false,""k_target"":0,""k_achieved"":0,""alpha_target"":100,""alpha_achieved"":99.078,""notes"":""alacarte-local alpha_expected_est=99.4148 coverage=17.1476 pair_p_est=0.0994148 alpha_hat_est=99.078 epsilon_alpha=0.00922 audit_pairs=2000000""}"
,rectgen,100,2000,2000,kd_tree,sampling,10000,2,3,1,,41.2251,396390,1,0,0,0,,0,"{""build_ms"":0.361852,""build_points_ms"":0.361112,""phase1_count_ms"":15.803035,""phase2_plan_ms"":0.585884,""phase3_fill_ms"":24.467633,""run_build_ms"":0.362192,""run_count_ms"":15.803675,""run_sample_ms"":25.057147}",,"{""dataset"":{""source"":""synthetic"",""name"":""alpha100_lite_d3__nr2000__ns2000__a1_000ep02__g7"",""dim"":3,""path_r"":"""",""path_s"":"""",""synthetic"":{""generator"":""rectgen"",""n_r"":2000,""n_s"":2000,""alpha"":100,""seed"":7}},""run"":{""method"":""kd_tree"",""variant"":""sampling"",""t"":10000,""seed"":1,""repeats"":3,""j_star"":1000000,""enum_cap"":0,""write_samples"":false,""verify"":false},""output"":{""out_dir"":""/home/dhy/PhD/v2/out/alpha100_light/d3"",""run_tag"":""""},""sys"":{""threads"":1},""logging"":{""level"":""WARN"",""with_timestamp"":true,""with_thread_id"":false}}","{""generator"":""alacarte_rectgen"",""dataset"":""alpha100_lite_d3__nr2000__ns2000__a1_000ep02__g7"",""n_r"":2000,""n_s"":2000,""has_exact_k"":false,""k_target"":0,""k_achieved"":0,""alpha_target"":100,""alpha_achieved"":99.078,""notes"":""alacarte-local alpha_expected_est=99.4148 coverage=17.1476 pair_p_est=0.0994148 alpha_hat_est=99.078 epsilon_alpha=0.00922 audit_pairs=2000000""}"
,rectgen,100,2000,2000,ours,sampling,50000,0,1,1,,424.134,396390,1,0,0,0,,0,"{""build_events_ms"":0.539419,""build_mode_families_ms"":49.124032,""phase1_count_ms"":203.051728,""phase2_plan_ms"":1.281141,""phase3_sample_ms"":170.083961,""run_build_ms"":49.701858,""run_count_ms"":203.053178,""run_sample_ms"":171.376031}",,"{""dataset"":{""source"":""synthetic"",""name"":""alpha100_lite_d3__nr2000__ns2000__a1_000ep02__g7"",""dim"":3,""path_r"":"""",""path_s"":"""",""synthetic"":{""generator"":""rectgen"",""n_r"":2000,""n_s"":2000,""alpha"":100,""seed"":7}},""run"":{""method"":""ours"",""variant"":""sampling"",""t"":50000,""seed"":1,""repeats"":3,""j_star"":1000000,""enum_cap"":0,""write_samples"":false,""verify"":false},""output"":{""out_dir"":""/home/dhy/PhD/v2/out/alpha100_light/d3"",""run_tag"":""""},""sys"":{""threads"":1},""logging"":{""level"":""WARN"",""with_timestamp"":true,""with_thread_id"":false}}","{""generator"":""alacarte_rectgen"",""dataset"":""alpha100_lite_d3__nr2000__ns2000__a1_000ep02__g7"",""n_r"":2000,""n_s"":2000,""has_exact_k"":false,""k_target"":0,""k_achieved"":0,""alpha_target"":100,""alpha_achieved"":99.078,""notes"":""alacarte-local alpha_expected_est=99.4148 coverage=17.1476 pair_p_est=0.0994148 alpha_hat_est=99.078 epsilon_alpha=0.00922 audit_pairs=2000000""}"
,rectgen,100,2000,2000,ours,sampling,50000,1,2,1,,458.504,396390,1,0,0,0,,0,"{""build_events_ms"":0.567266,""build_mode_families_ms"":49.211249,""phase1_count_ms"":204.642875,""phase2_plan_ms"":1.158781,""phase3_sample_ms"":175.375221,""run_build_ms"":49.818742,""run_count_ms"":204.644535,""run_sample_ms"":176.668002}",,"{""dataset"":{""source"":""synthetic"",""name"":""alpha100_lite_d3__nr2000__ns2000__a1_000ep02__g7"",""dim"":3,""path_r"":"""",""path_s"":"""",""synthetic"":{""generator"":""rectgen"",""n_r"":2000,""n_s"":2000,""alpha"":100,""seed"":7}},""run"":{""method"":""ours"",""variant"":""sampling"",""t"":50000,""seed"":1,""repeats"":3,""j_star"":1000000,""enum_cap"":0,""write_samples"":false,""verify"":false},""output"":{""out_dir"":""/home/dhy/PhD/v2/out/alpha100_light/d3"",""run_tag"":""""},""sys"":{""threads"":1},""logging"":{""level"":""WARN"",""with_timestamp"":true,""with_thread_id"":false}}","{""generator"":""alacarte_rectgen"",""dataset"":""alpha100_lite_d3__nr2000__ns2000__a1_000ep02__g7"",""n_r"":2000,""n_s"":2000,""has_exact_k"":false,""k_target"":0,""k_achieved"":0,""alpha_target"":100,""alpha_achieved"":99.078,""notes"":""alacarte-local alpha_expected_est=99.4148 coverage=17.1476 pair_p_est=0.0994148 alpha_hat_est=99.078 epsilon_alpha=0.00922 audit_pairs=2000000""}"
,rectgen,100,2000,2000,ours,sampling,50000,2,3,1,,457.39,396390,1,0,0,0,,0,"{""build_events_ms"":0.557717,""build_mode_families_ms"":49.771966,""phase1_count_ms"":206.267909,""phase2_plan_ms"":1.141581,""phase3_sample_ms"":172.183929,""run_build_ms"":50.370191,""run_count_ms"":206.269639,""run_sample_ms"":173.348888}",,"{""dataset"":{""source"":""synthetic"",""name"":""alpha100_lite_d3__nr2000__ns2000__a1_000ep02__g7"",""dim"":3,""path_r"":"""",""path_s"":"""",""synthetic"":{""generator"":""rectgen"",""n_r"":2000,""n_s"":2000,""alpha"":100,""seed"":7}},""run"":{""method"":""ours"",""variant"":""sampling"",""t"":50000,""seed"":1,""repeats"":3,""j_star"":1000000,""enum_cap"":0,""write_samples"":false,""verify"":false},""output"":{""out_dir"":""/home/dhy/PhD/v2/out/alpha100_light/d3"",""run_tag"":""""},""sys"":{""threads"":1},""logging"":{""level"":""WARN"",""with_timestamp"":true,""with_thread_id"":false}}","{""generator"":""alacarte_rectgen"",""dataset"":""alpha100_lite_d3__nr2000__ns2000__a1_000ep02__g7"",""n_r"":2000,""n_s"":2000,""has_exact_k"":false,""k_target"":0,""k_achieved"":0,""alpha_target"":100,""alpha_achieved"":99.078,""notes"":""alacarte-local alpha_expected_est=99.4148 coverage=17.1476 pair_p_est=0.0994148 alpha_hat_est=99.078 epsilon_alpha=0.00922 audit_pairs=2000000""}"
,rectgen,100,2000,2000,kd_tree,sampling,50000,0,1,1,,44.7622,396390,1,0,0,0,,0,"{""build_ms"":0.379071,""build_points_ms"":0.376811,""phase1_count_ms"":15.784189,""phase2_plan_ms"":3.359840,""phase3_fill_ms"":25.222710,""run_build_ms"":0.379711,""run_count_ms"":15.785059,""run_sample_ms"":28.595519}",,"{""dataset"":{""source"":""synthetic"",""name"":""alpha100_lite_d3__nr2000__ns2000__a1_000ep02__g7"",""dim"":3,""path_r"":"""",""path_s"":"""",""synthetic"":{""generator"":""rectgen"",""n_r"":2000,""n_s"":2000,""alpha"":100,""seed"":7}},""run"":{""method"":""kd_tree"",""variant"":""sampling"",""t"":50000,""seed"":1,""repeats"":3,""j_star"":1000000,""enum_cap"":0,""write_samples"":false,""verify"":false},""output"":{""out_dir"":""/home/dhy/PhD/v2/out/alpha100_light/d3"",""run_tag"":""""},""sys"":{""threads"":1},""logging"":{""level"":""WARN"",""with_timestamp"":true,""with_thread_id"":false}}","{""generator"":""alacarte_rectgen"",""dataset"":""alpha100_lite_d3__nr2000__ns2000__a1_000ep02__g7"",""n_r"":2000,""n_s"":2000,""has_exact_k"":false,""k_target"":0,""k_achieved"":0,""alpha_target"":100,""alpha_achieved"":99.078,""notes"":""alacarte-local alpha_expected_est=99.4148 coverage=17.1476 pair_p_est=0.0994148 alpha_hat_est=99.078 epsilon_alpha=0.00922 audit_pairs=2000000""}"
,rectgen,100,2000,2000,kd_tree,sampling,50000,1,2,1,,44.8364,396390,1,0,0,0,,0,"{""build_ms"":0.362682,""build_points_ms"":0.361602,""phase1_count_ms"":15.834736,""phase2_plan_ms"":3.354990,""phase3_fill_ms"":25.268316,""run_build_ms"":0.363052,""run_count_ms"":15.836095,""run_sample_ms"":28.636416}",,"{""dataset"":{""source"":""synthetic"",""name"":""alpha100_lite_d3__nr2000__ns2000__a1_000ep02__g7"",""dim"":3,""path_r"":"""",""path_s"":"""",""synthetic"":{""generator"":""rectgen"",""n_r"":2000,""n_s"":2000,""alpha"":100,""seed"":7}},""run"":{""method"":""kd_tree"",""variant"":""sampling"",""t"":50000,""seed"":1,""repeats"":3,""j_star"":1000000,""enum_cap"":0,""write_samples"":false,""verify"":false},""output"":{""out_dir"":""/home/dhy/PhD/v2/out/alpha100_light/d3"",""run_tag"":""""},""sys"":{""threads"":1},""logging"":{""level"":""WARN"",""with_timestamp"":true,""with_thread_id"":false}}","{""generator"":""alacarte_rectgen"",""dataset"":""alpha100_lite_d3__nr2000__ns2000__a1_000ep02__g7"",""n_r"":2000,""n_s"":2000,""has_exact_k"":false,""k_target"":0,""k_achieved"":0,""alpha_target"":100,""alpha_achieved"":99.078,""notes"":""alacarte-local alpha_expected_est=99.4148 coverage=17.1476 pair_p_est=0.0994148 alpha_hat_est=99.078 epsilon_alpha=0.00922 audit_pairs=2000000""}"
,rectgen,100,2000,2000,kd_tree,sampling,50000,2,3,1,,44.7401,396390,1,0,0,0,,0,"{""build_ms"":0.361782,""build_points_ms"":0.360952,""phase1_count_ms"":15.833006,""phase2_plan_ms"":3.334792,""phase3_fill_ms"":25.198112,""run_build_ms"":0.362002,""run_count_ms"":15.833836,""run_sample_ms"":28.543463}",,"{""dataset"":{""source"":""synthetic"",""name"":""alpha100_lite_d3__nr2000__ns2000__a1_000ep02__g7"",""dim"":3,""path_r"":"""",""path_s"":"""",""synthetic"":{""generator"":""rectgen"",""n_r"":2000,""n_s"":2000,""alpha"":100,""seed"":7}},""run"":{""method"":""kd_tree"",""variant"":""sampling"",""t"":50000,""seed"":1,""repeats"":3,""j_star"":1000000,""enum_cap"":0,""write_samples"":false,""verify"":false},""output"":{""out_dir"":""/home/dhy/PhD/v2/out/alpha100_light/d3"",""run_tag"":""""},""sys"":{""threads"":1},""logging"":{""level"":""WARN"",""with_timestamp"":true,""with_thread_id"":false}}","{""generator"":""alacarte_rectgen"",""dataset"":""alpha100_lite_d3__nr2000__ns2000__a1_000ep02__g7"",""n_r"":2000,""n_s"":2000,""has_exact_k"":false,""k_target"":0,""k_achieved"":0,""alpha_target"":100,""alpha_achieved"":99.078,""notes"":""alacarte-local alpha_expected_est=99.4148 coverage=17.1476 pair_p_est=0.0994148 alpha_hat_est=99.078 epsilon_alpha=0.00922 audit_pairs=2000000""}"
,rectgen,100,2000,2000,ours,sampling,100000,0,1,1,,434.905,396390,1,0,0,0,,0,"{""build_events_ms"":0.537399,""build_mode_families_ms"":48.978582,""phase1_count_ms"":203.393832,""phase2_plan_ms"":2.516456,""phase3_sample_ms"":179.418697,""run_build_ms"":49.554928,""run_count_ms"":203.395512,""run_sample_ms"":181.952181}",,"{""dataset"":{""source"":""synthetic"",""name"":""alpha100_lite_d3__nr2000__ns2000__a1_000ep02__g7"",""dim"":3,""path_r"":"""",""path_s"":"""",""synthetic"":{""generator"":""rectgen"",""n_r"":2000,""n_s"":2000,""alpha"":100,""seed"":7}},""run"":{""method"":""ours"",""variant"":""sampling"",""t"":100000,""seed"":1,""repeats"":3,""j_star"":1000000,""enum_cap"":0,""write_samples"":false,""verify"":false},""output"":{""out_dir"":""/home/dhy/PhD/v2/out/alpha100_light/d3"",""run_tag"":""""},""sys"":{""threads"":1},""logging"":{""level"":""WARN"",""with_timestamp"":true,""with_thread_id"":false}}","{""generator"":""alacarte_rectgen"",""dataset"":""alpha100_lite_d3__nr2000__ns2000__a1_000ep02__g7"",""n_r"":2000,""n_s"":2000,""has_exact_k"":false,""k_target"":0,""k_achieved"":0,""alpha_target"":100,""alpha_achieved"":99.078,""notes"":""alacarte-local alpha_expected_est=99.4148 coverage=17.1476 pair_p_est=0.0994148 alpha_hat_est=99.078 epsilon_alpha=0.00922 audit_pairs=2000000""}"
,rectgen,100,2000,2000,ours,sampling,100000,1,2,1,,462.219,396390,1,0,0,0,,0,"{""build_events_ms"":0.564027,""build_mode_families_ms"":49.071046,""phase1_count_ms"":202.546848,""phase2_plan_ms"":2.186760,""phase3_sample_ms"":180.496438,""run_build_ms"":49.675459,""run_count_ms"":202.548748,""run_sample_ms"":182.911041}",,"{""dataset"":{""source"":""synthetic"",""name"":""alpha100_lite_d3__nr2000__ns2000__a1_000ep02__g7"",""dim"":3,""path_r"":"""",""path_s"":"""",""synthetic"":{""generator"":""rectgen"",""n_r"":2000,""n_s"":2000,""alpha"":100,""seed"":7}},""run"":{""method"":""ours"",""variant"":""sampling"",""t"":100000,""seed"":1,""repeats"":3,""j_star"":1000000,""enum_cap"":0,""write_samples"":false,""verify"":false},""output"":{""out_dir"":""/home/dhy/PhD/v2/out/alpha100_light/d3"",""run_tag"":""""},""sys"":{""threads"":1},""logging"":{""level"":""WARN"",""with_timestamp"":true,""with_thread_id"":false}}","{""generator"":""alacarte_rectgen"",""dataset"":""alpha100_lite_d3__nr2000__ns2000__a1_000ep02__g7"",""n_r"":2000,""n_s"":2000,""has_exact_k"":false,""k_target"":0,""k_achieved"":0,""alpha_target"":100,""alpha_achieved"":99.078,""notes"":""alacarte-local alpha_expected_est=99.4148 coverage=17.1476 pair_p_est=0.0994148 alpha_hat_est=99.078 epsilon_alpha=0.00922 audit_pairs=2000000""}"
,rectgen,100,2000,2000,ours,sampling,100000,2,3,1,,461.585,396390,1,0,0,0,,0,"{""build_events_ms"":0.563396,""build_mode_families_ms"":49.218098,""phase1_count_ms"":202.810367,""phase2_plan_ms"":2.180732,""phase3_sample_ms"":179.344500,""run_build_ms"":49.822212,""run_count_ms"":202.812247,""run_sample_ms"":181.717607}",,"{""dataset"":{""source"":""synthetic"",""name"":""alpha100_lite_d3__nr2000__ns2000__a1_000ep02__g7"",""dim"":3,""path_r"":"""",""path_s"":"""",""synthetic"":{""generator"":""rectgen"",""n_r"":2000,""n_s"":2000,""alpha"":100,""seed"":7}},""run"":{""method"":""ours"",""variant"":""sampling"",""t"":100000,""seed"":1,""repeats"":3,""j_star"":1000000,""enum_cap"":0,""write_samples"":false,""verify"":false},""output"":{""out_dir"":""/home/dhy/PhD/v2/out/alpha100_light/d3"",""run_tag"":""""},""sys"":{""threads"":1},""logging"":{""level"":""WARN"",""with_timestamp"":true,""with_thread_id"":false}}","{""generator"":""alacarte_rectgen"",""dataset"":""alpha100_lite_d3__nr2000__ns2000__a1_000ep02__g7"",""n_r"":2000,""n_s"":2000,""has_exact_k"":false,""k_target"":0,""k_achieved"":0,""alpha_target"":100,""alpha_achieved"":99.078,""notes"":""alacarte-local alpha_expected_est=99.4148 coverage=17.1476 pair_p_est=0.0994148 alpha_hat_est=99.078 epsilon_alpha=0.00922 audit_pairs=2000000""}"
,rectgen,100,2000,2000,kd_tree,sampling,100000,0,1,1,,49.4081,396390,1,0,0,0,,0,"{""build_ms"":0.381191,""build_points_ms"":0.378781,""phase1_count_ms"":15.819899,""phase2_plan_ms"":7.009149,""phase3_fill_ms"":26.171648,""run_build_ms"":0.382200,""run_count_ms"":15.820809,""run_sample_ms"":33.203166}",,"{""dataset"":{""source"":""synthetic"",""name"":""alpha100_lite_d3__nr2000__ns2000__a1_000ep02__g7"",""dim"":3,""path_r"":"""",""path_s"":"""",""synthetic"":{""generator"":""rectgen"",""n_r"":2000,""n_s"":2000,""alpha"":100,""seed"":7}},""run"":{""method"":""kd_tree"",""variant"":""sampling"",""t"":100000,""seed"":1,""repeats"":3,""j_star"":1000000,""enum_cap"":0,""write_samples"":false,""verify"":false},""output"":{""out_dir"":""/home/dhy/PhD/v2/out/alpha100_light/d3"",""run_tag"":""""},""sys"":{""threads"":1},""logging"":{""level"":""WARN"",""with_timestamp"":true,""with_thread_id"":false}}","{""generator"":""alacarte_rectgen"",""dataset"":""alpha100_lite_d3__nr2000__ns2000__a1_000ep02__g7"",""n_r"":2000,""n_s"":2000,""has_exact_k"":false,""k_target"":0,""k_achieved"":0,""alpha_target"":100,""alpha_achieved"":99.078,""notes"":""alacarte-local alpha_expected_est=99.4148 coverage=17.1476 pair_p_est=0.0994148 alpha_hat_est=99.078 epsilon_alpha=0.00922 audit_pairs=2000000""}"
,rectgen,100,2000,2000,kd_tree,sampling,100000,1,2,1,,49.2826,396390,1,0,0,0,,0,"{""build_ms"":0.360263,""build_points_ms"":0.359093,""phase1_count_ms"":15.869875,""phase2_plan_ms"":6.933924,""phase3_fill_ms"":26.096094,""run_build_ms"":0.360552,""run_count_ms"":15.870554,""run_sample_ms"":33.050328}",,"{""dataset"":{""source"":""synthetic"",""name"":""alpha100_lite_d3__nr2000__ns2000__a1_000ep02__g7"",""dim"":3,""path_r"":"""",""path_s"":"""",""synthetic"":{""generator"":""rectgen"",""n_r"":2000,""n_s"":2000,""alpha"":100,""seed"":7}},""run"":{""method"":""kd_tree"",""variant"":""sampling"",""t"":100000,""seed"":1,""repeats"":3,""j_star"":1000000,""enum_cap"":0,""write_samples"":false,""verify"":false},""output"":{""out_dir"":""/home/dhy/PhD/v2/out/alpha100_light/d3"",""run_tag"":""""},""sys"":{""threads"":1},""logging"":{""level"":""WARN"",""with_timestamp"":true,""with_thread_id"":false}}","{""generator"":""alacarte_rectgen"",""dataset"":""alpha100_lite_d3__nr2000__ns2000__a1_000ep02__g7"",""n_r"":2000,""n_s"":2000,""has_exact_k"":false,""k_target"":0,""k_achieved"":0,""alpha_target"":100,""alpha_achieved"":99.078,""notes"":""alacarte-local alpha_expected_est=99.4148 coverage=17.1476 pair_p_est=0.0994148 alpha_hat_est=99.078 epsilon_alpha=0.00922 audit_pairs=2000000""}"
,rectgen,100,2000,2000,kd_tree,sampling,100000,2,3,1,,49.2931,396390,1,0,0,0,,0,"{""build_ms"":0.360322,""build_points_ms"":0.359162,""phase1_count_ms"":15.840427,""phase2_plan_ms"":6.974151,""phase3_fill_ms"":26.097634,""run_build_ms"":0.360622,""run_count_ms"":15.840997,""run_sample_ms"":33.090454}",,"{""dataset"":{""source"":""synthetic"",""name"":""alpha100_lite_d3__nr2000__ns2000__a1_000ep02__g7"",""dim"":3,""path_r"":"""",""path_s"":"""",""synthetic"":{""generator"":""rectgen"",""n_r"":2000,""n_s"":2000,""alpha"":100,""seed"":7}},""run"":{""method"":""kd_tree"",""variant"":""sampling"",""t"":100000,""seed"":1,""repeats"":3,""j_star"":1000000,""enum_cap"":0,""write_samples"":false,""verify"":false},""output"":{""out_dir"":""/home/dhy/PhD/v2/out/alpha100_light/d3"",""run_tag"":""""},""sys"":{""threads"":1},""logging"":{""level"":""WARN"",""with_timestamp"":true,""with_thread_id"":false}}","{""generator"":""alacarte_rectgen"",""dataset"":""alpha100_lite_d3__nr2000__ns2000__a1_000ep02__g7"",""n_r"":2000,""n_s"":2000,""has_exact_k"":false,""k_target"":0,""k_achieved"":0,""alpha_target"":100,""alpha_achieved"":99.078,""notes"":""alacarte-local alpha_expected_est=99.4148 coverage=17.1476 pair_p_est=0.0994148 alpha_hat_est=99.078 epsilon_alpha=0.00922 audit_pairs=2000000""}"
,rectgen,100,2000,2000,ours,sampling,10000,0,1,1,,400.168,391511,1,0,0,0,,0,"{""build_events_ms"":1.367305,""build_mode_families_ms"":53.970277,""phase1_count_ms"":203.672741,""phase2_plan_ms"":0.428217,""phase3_sample_ms"":140.637033,""run_build_ms"":55.418686,""run_count_ms"":203.675011,""run_sample_ms"":141.070170}",,"{""dataset"":{""source"":""synthetic"",""name"":""alpha100_lite_d3__nr2000__ns2000__a1_000ep02__g17"",""dim"":3,""path_r"":"""",""path_s"":"""",""synthetic"":{""generator"":""rectgen"",""n_r"":2000,""n_s"":2000,""alpha"":100,""seed"":17}},""run"":{""method"":""ours"",""variant"":""sampling"",""t"":10000,""seed"":1,""repeats"":3,""j_star"":1000000,""enum_cap"":0,""write_samples"":false,""verify"":false},""output"":{""out_dir"":""/home/dhy/PhD/v2/out/alpha100_light/d3"",""run_tag"":""""},""sys"":{""threads"":1},""logging"":{""level"":""WARN"",""with_timestamp"":true,""with_thread_id"":false}}","{""generator"":""alacarte_rectgen"",""dataset"":""alpha100_lite_d3__nr2000__ns2000__a1_000ep02__g17"",""n_r"":2000,""n_s"":2000,""has_exact_k"":false,""k_target"":0,""k_achieved"":0,""alpha_target"":100,""alpha_achieved"":97.6645,""notes"":""alacarte-local alpha_expected_est=99.5938 coverage=17.1476 pair_p_est=0.0995938 alpha_hat_est=97.6645 epsilon_alpha=0.023355 audit_pairs=2000000""}"
,rectgen,100,2000,2000,ours,sampling,10000,1,2,1,,419.889,391511,1,0,0,0,,0,"{""build_events_ms"":0.561037,""build_mode_families_ms"":49.232357,""phase1_count_ms"":203.162211,""phase2_plan_ms"":0.349464,""phase3_sample_ms"":140.295834,""run_build_ms"":49.833412,""run_count_ms"":203.163680,""run_sample_ms"":140.650317}",,"{""dataset"":{""source"":""synthetic"",""name"":""alpha100_lite_d3__nr2000__ns2000__a1_000ep02__g17"",""dim"":3,""path_r"":"""",""path_s"":"""",""synthetic"":{""generator"":""rectgen"",""n_r"":2000,""n_s"":2000,""alpha"":100,""seed"":17}},""run"":{""method"":""ours"",""variant"":""sampling"",""t"":10000,""seed"":1,""repeats"":3,""j_star"":1000000,""enum_cap"":0,""write_samples"":false,""verify"":false},""output"":{""out_dir"":""/home/dhy/PhD/v2/out/alpha100_light/d3"",""run_tag"":""""},""sys"":{""threads"":1},""logging"":{""level"":""WARN"",""with_timestamp"":true,""with_thread_id"":false}}","{""generator"":""alacarte_rectgen"",""dataset"":""alpha100_lite_d3__nr2000__ns2000__a1_000ep02__g17"",""n_r"":2000,""n_s"":2000,""has_exact_k"":false,""k_target"":0,""k_achieved"":0,""alpha_target"":100,""alpha_achieved"":97.6645,""notes"":""alacarte-local alpha_expected_est=99.5938 coverage=17.1476 pair_p_est=0.0995938 alpha_hat_est=97.6645 epsilon_alpha=0.023355 audit_pairs=2000000""}"
,rectgen,100,2000,2000,ours,sampling,10000,2,3,1,,419.698,391511,1,0,0,0,,0,"{""build_events_ms"":0.562976,""build_mode_families_ms"":49.445141,""phase1_count_ms"":202.800979,""phase2_plan_ms"":0.350743,""phase3_sample_ms"":140.309252,""run_build_ms"":50.047904,""run_count_ms"":202.802619,""run_sample_ms"":140.664715}",,"{""dataset"":{""source"":""synthetic"",""name"":""alpha100_lite_d3__nr2000__ns2000__a1_000ep02__g17"",""dim"":3,""path_r"":"""",""path_s"":"""",""synthetic"":{""generator"":""rectgen"",""n_r"":2000,""n_s"":2000,""alpha"":100,""seed"":17}},""run"":{""method"":""ours"",""variant"":""sampling"",""t"":10000,""seed"":1,""repeats"":3,""j_star"":1000000,""enum_cap"":0,""write_samples"":false,""verify"":false},""output"":{""out_dir"":""/home/dhy/PhD/v2/out/alpha100_light/d3"",""run_tag"":""""},""sys"":{""threads"":1},""logging"":{""level"":""WARN"",""with_timestamp"":true,""with_thread_id"":false}}","{""generator"":""alacarte_rectgen"",""dataset"":""alpha100_lite_d3__nr2000__ns2000__a1_000ep02__g17"",""n_r"":2000,""n_s"":2000,""has_exact_k"":false,""k_target"":0,""k_achieved"":0,""alpha_target"":100,""alpha_achieved"":97.6645,""notes"":""alacarte-local alpha_expected_est=99.5938 coverage=17.1476 pair_p_est=0.0995938 alpha_hat_est=97.6645 epsilon_alpha=0.023355 audit_pairs=2000000""}"
,rectgen,100,2000,2000,kd_tree,sampling,10000,0,1,1,,40.3581,391511,1,0,0,0,,0,"{""build_ms"":0.383891,""build_points_ms"":0.381580,""phase1_count_ms"":15.471738,""phase2_plan_ms"":0.577646,""phase3_fill_ms"":23.917168,""run_build_ms"":0.384530,""run_count_ms"":15.472918,""run_sample_ms"":24.499453}",,"{""dataset"":{""source"":""synthetic"",""name"":""alpha100_lite_d3__nr2000__ns2000__a1_000ep02__g17"",""dim"":3,""path_r"":"""",""path_s"":"""",""synthetic"":{""generator"":""rectgen"",""n_r"":2000,""n_s"":2000,""alpha"":100,""seed"":17}},""run"":{""method"":""kd_tree"",""variant"":""sampling"",""t"":10000,""seed"":1,""repeats"":3,""j_star"":1000000,""enum_cap"":0,""write_samples"":false,""verify"":false},""output"":{""out_dir"":""/home/dhy/PhD/v2/out/alpha100_light/d3"",""run_tag"":""""},""sys"":{""threads"":1},""logging"":{""level"":""WARN"",""with_timestamp"":true,""with_thread_id"":false}}","{""generator"":""alacarte_rectgen"",""dataset"":""alpha100_lite_d3__nr2000__ns2000__a1_000ep02__g17"",""n_r"":2000,""n_s"":2000,""has_exact_k"":false,""k_target"":0,""k_achieved"":0,""alpha_target"":100,""alpha_achieved"":97.6645,""notes"":""alacarte-local alpha_expected_est=99.5938 coverage=17.1476 pair_p_est=0.0995938 alpha_hat_est=97.6645 epsilon_alpha=0.023355 audit_pairs=2000000""}"
,rectgen,100,2000,2000,kd_tree,sampling,10000,1,2,1,,40.0889,391511,1,0,0,0,,0,"{""build_ms"":0.366562,""build_points_ms"":0.365612,""phase1_count_ms"":15.400773,""phase2_plan_ms"":0.575755,""phase3_fill_ms"":23.739192,""run_build_ms"":0.366742,""run_count_ms"":15.401493,""run_sample_ms"":24.319667}",,"{""dataset"":{""source"":""synthetic"",""name"":""alpha100_lite_d3__nr2000__ns2000__a1_000ep02__g17"",""dim"":3,""path_r"":"""",""path_s"":"""",""synthetic"":{""generator"":""rectgen"",""n_r"":2000,""n_s"":2000,""alpha"":100,""seed"":17}},""run"":{""method"":""kd_tree"",""variant"":""sampling"",""t"":10000,""seed"":1,""repeats"":3,""j_star"":1000000,""enum_cap"":0,""write_samples"":false,""verify"":false},""output"":{""out_dir"":""/home/dhy/PhD/v2/out/alpha100_light/d3"",""run_tag"":""""},""sys"":{""threads"":1},""logging"":{""level"":""WARN"",""with_timestamp"":true,""with_thread_id"":false}}","{""generator"":""alacarte_rectgen"",""dataset"":""alpha100_lite_d3__nr2000__ns2000__a1_000ep02__g17"",""n_r"":2000,""n_s"":2000,""has_exact_k"":false,""k_target"":0,""k_achieved"":0,""alpha_target"":100,""alpha_achieved"":97.6645,""notes"":""alacarte-local alpha_expected_est=99.5938 coverage=17.1476 pair_p_est=0.0995938 alpha_hat_est=97.6645 epsilon_alpha=0.023355 audit_pairs=2000000""}"
,rectgen,100,2000,2000,kd_tree,sampling,10000,2,3,1,,40.423,391511,1,0,0,0,,0,"{""build_ms"":0.364872,""build_points_ms"":0.363832,""phase1_count_ms"":15.441420,""phase2_plan_ms"":0.574335,""phase3_fill_ms"":24.036669,""run_build_ms"":0.365152,""run_count_ms"":15.442100,""run_sample_ms"":24.614764}",,"{""dataset"":{""source"":""synthetic"",""name"":""alpha100_lite_d3__nr2000__ns2000__a1_000ep02__g17"",""dim"":3,""path_r"":"""",""path_s"":"""",""synthetic"":{""generator"":""rectgen"",""n_r"":2000,""n_s"":2000,""alpha"":100,""seed"":17}},""run"":{""method"":""kd_tree"",""variant"":""sampling"",""t"":10000,""seed"":1,""repeats"":3,""j_star"":1000000,""enum_cap"":0,""write_samples"":false,""verify"":false},""output"":{""out_dir"":""/home/dhy/PhD/v2/out/alpha100_light/d3"",""run_tag"":""""},""sys"":{""threads"":1},""logging"":{""level"":""WARN"",""with_timestamp"":true,""with_thread_id"":false}}","{""generator"":""alacarte_rectgen"",""dataset"":""alpha100_lite_d3__nr2000__ns2000__a1_000ep02__g17"",""n_r"":2000,""n_s"":2000,""has_exact_k"":false,""k_target"":0,""k_achieved"":0,""alpha_target"":100,""alpha_achieved"":97.6645,""notes"":""alacarte-local alpha_expected_est=99.5938 coverage=17.1476 pair_p_est=0.0995938 alpha_hat_est=97.6645 epsilon_alpha=0.023355 audit_pairs=2000000""}"
,rectgen,100,2000,2000,ours,sampling,50000,0,1,1,,426.297,391511,1,0,0,0,,0,"{""build_events_ms"":0.533748,""build_mode_families_ms"":49.192465,""phase1_count_ms"":204.185592,""phase2_plan_ms"":1.350916,""phase3_sample_ms"":170.980657,""run_build_ms"":49.764590,""run_count_ms"":204.187442,""run_sample_ms"":172.342052}",,"{""dataset"":{""source"":""synthetic"",""name"":""alpha100_lite_d3__nr2000__ns2000__a1_000ep02__g17"",""dim"":3,""path_r"":"""",""path_s"":"""",""synthetic"":{""generator"":""rectgen"",""n_r"":2000,""n_s"":2000,""alpha"":100,""seed"":17}},""run"":{""method"":""ours"",""variant"":""sampling"",""t"":50000,""seed"":1,""repeats"":3,""j_star"":1000000,""enum_cap"":0,""write_samples"":false,""verify"":false},""output"":{""out_dir"":""/home/dhy/PhD/v2/out/alpha100_light/d3"",""run_tag"":""""},""sys"":{""threads"":1},""logging"":{""level"":""WARN"",""with_timestamp"":true,""with_thread_id"":false}}","{""generator"":""alacarte_rectgen"",""dataset"":""alpha100_lite_d3__nr2000__ns2000__a1_000ep02__g17"",""n_r"":2000,""n_s"":2000,""has_exact_k"":false,""k_target"":0,""k_achieved"":0,""alpha_target"":100,""alpha_achieved"":97.6645,""notes"":""alacarte-local alpha_expected_est=99.5938 coverage=17.1476 pair_p_est=0.0995938 alpha_hat_est=97.6645 epsilon_alpha=0.023355 audit_pairs=2000000""}"
,rectgen,100,2000,2000,ours,sampling,50000,1,2,1,,452.727,391511,1,0,0,0,,0,"{""build_events_ms"":0.564187,""build_mode_families_ms"":49.201885,""phase1_count_ms"":202.143769,""phase2_plan_ms"":1.163971,""phase3_sample_ms"":173.226974,""run_build_ms"":49.805678,""run_count_ms"":202.145769,""run_sample_ms"":174.492627}",,"{""dataset"":{""source"":""synthetic"",""name"":""alpha100_lite_d3__nr2000__ns2000__a1_000ep02__g17"",""dim"":3,""path_r"":"""",""path_s"":"""",""synthetic"":{""generator"":""rectgen"",""n_r"":2000,""n_s"":2000,""alpha"":100,""seed"":17}},""run"":{""method"":""ours"",""variant"":""sampling"",""t"":50000,""seed"":1,""repeats"":3,""j_star"":1000000,""enum_cap"":0,""write_samples"":false,""verify"":false},""output"":{""out_dir"":""/home/dhy/PhD/v2/out/alpha100_light/d3"",""run_tag"":""""},""sys"":{""threads"":1},""logging"":{""level"":""WARN"",""with_timestamp"":true,""with_thread_id"":false}}","{""generator"":""alacarte_rectgen"",""dataset"":""alpha100_lite_d3__nr2000__ns2000__a1_000ep02__g17"",""n_r"":2000,""n_s"":2000,""has_exact_k"":false,""k_target"":0,""k_achieved"":0,""alpha_target"":100,""alpha_achieved"":97.6645,""notes"":""alacarte-local alpha_expected_est=99.5938 coverage=17.1476 pair_p_est=0.0995938 alpha_hat_est=97.6645 epsilon_alpha=0.023355 audit_pairs=2000000""}"
,rectgen,100,2000,2000,ours,sampling,50000,2,3,1,,454.647,391511,1,0,0,0,,0,"{""build_events_ms"":0.555077,""build_mode_families_ms"":49.703196,""phase1_count_ms"":204.085154,""phase2_plan_ms"":1.156121,""phase3_sample_ms"":171.800040,""run_build_ms"":50.300151,""run_count_ms"":204.091743,""run_sample_ms"":172.977150}",,"{""dataset"":{""source"":""synthetic"",""name"":""alpha100_lite_d3__nr2000__ns2000__a1_000ep02__g17"",""dim"":3,""path_r"":"""",""path_s"":"""",""synthetic"":{""generator"":""rectgen"",""n_r"":2000,""n_s"":2000,""alpha"":100,""seed"":17}},""run"":{""method"":""ours"",""variant"":""sampling"",""t"":50000,""seed"":1,""repeats"":3,""j_star"":1000000,""enum_cap"":0,""write_samples"":false,""verify"":false},""output"":{""out_dir"":""/home/dhy/PhD/v2/out/alpha100_light/d3"",""run_tag"":""""},""sys"":{""threads"":1},""logging"":{""level"":""WARN"",""with_timestamp"":true,""with_thread_id"":false}}","{""generator"":""alacarte_rectgen"",""dataset"":""alpha100_lite_d3__nr2000__ns2000__a1_000ep02__g17"",""n_r"":2000,""n_s"":2000,""has_exact_k"":false,""k_target"":0,""k_achieved"":0,""alpha_target"":100,""alpha_achieved"":97.6645,""notes"":""alacarte-local alpha_expected_est=99.5938 coverage=17.1476 pair_p_est=0.0995938 alpha_hat_est=97.6645 epsilon_alpha=0.023355 audit_pairs=2000000""}"
,rectgen,100,2000,2000,kd_tree,sampling,50000,0,1,1,,43.7203,391511,1,0,0,0,,0,"{""build_ms"":0.381220,""build_points_ms"":0.379190,""phase1_count_ms"":15.354621,""phase2_plan_ms"":3.330944,""phase3_fill_ms"":24.638347,""run_build_ms"":0.382010,""run_count_ms"":15.355451,""run_sample_ms"":27.981111}",,"{""dataset"":{""source"":""synthetic"",""name"":""alpha100_lite_d3__nr2000__ns2000__a1_000ep02__g17"",""dim"":3,""path_r"":"""",""path_s"":"""",""synthetic"":{""generator"":""rectgen"",""n_r"":2000,""n_s"":2000,""alpha"":100,""seed"":17}},""run"":{""method"":""kd_tree"",""variant"":""sampling"",""t"":50000,""seed"":1,""repeats"":3,""j_star"":1000000,""enum_cap"":0,""write_samples"":false,""verify"":false},""output"":{""out_dir"":""/home/dhy/PhD/v2/out/alpha100_light/d3"",""run_tag"":""""},""sys"":{""threads"":1},""logging"":{""level"":""WARN"",""with_timestamp"":true,""with_thread_id"":false}}","{""generator"":""alacarte_rectgen"",""dataset"":""alpha100_lite_d3__nr2000__ns2000__a1_000ep02__g17"",""n_r"":2000,""n_s"":2000,""has_exact_k"":false,""k_target"":0,""k_achieved"":0,""alpha_target"":100,""alpha_achieved"":97.6645,""notes"":""alacarte-local alpha_expected_est=99.5938 coverage=17.1476 pair_p_est=0.0995938 alpha_hat_est=97.6645 epsilon_alpha=0.023355 audit_pairs=2000000""}"
,rectgen,100,2000,2000,kd_tree,sampling,50000,1,2,1,,43.6541,391511,1,0,0,0,,0,"{""build_ms"":0.365772,""build_points_ms"":0.364892,""phase1_count_ms"":15.345961,""phase2_plan_ms"":3.264159,""phase3_fill_ms"":24.664845,""run_build_ms"":0.365992,""run_count_ms"":15.346811,""run_sample_ms"":27.940243}",,"{""dataset"":{""source"":""synthetic"",""name"":""alpha100_lite_d3__nr2000__ns2000__a1_000ep02__g17"",""dim"":3,""path_r"":"""",""path_s"":"""",""synthetic"":{""generator"":""rectgen"",""n_r"":2000,""n_s"":2000,""alpha"":100,""seed"":17}},""run"":{""method"":""kd_tree"",""variant"":""sampling"",""t"":50000,""seed"":1,""repeats"":3,""j_star"":1000000,""enum_cap"":0,""write_samples"":false,""verify"":false},""output"":{""out_dir"":""/home/dhy/PhD/v2/out/alpha100_light/d3"",""run_tag"":""""},""sys"":{""threads"":1},""logging"":{""level"":""WARN"",""with_timestamp"":true,""with_thread_id"":false}}","{""generator"":""alacarte_rectgen"",""dataset"":""alpha100_lite_d3__nr2000__ns2000__a1_000ep02__g17"",""n_r"":2000,""n_s"":2000,""has_exact_k"":false,""k_target"":0,""k_achieved"":0,""alpha_target"":100,""alpha_achieved"":97.6645,""notes"":""alacarte-local alpha_expected_est=99.5938 coverage=17.1476 pair_p_est=0.0995938 alpha_hat_est=97.6645 epsilon_alpha=0.023355 audit_pairs=2000000""}"
,rectgen,100,2000,2000,kd_tree,sampling,50000,2,3,1,,43.3821,391511,1,0,0,0,,0,"{""build_ms"":0.365682,""build_points_ms"":0.364622,""phase1_count_ms"":15.376848,""phase2_plan_ms"":3.296467,""phase3_fill_ms"":24.329571,""run_build_ms"":0.365942,""run_count_ms"":15.377518,""run_sample_ms"":27.637667}",,"{""dataset"":{""source"":""synthetic"",""name"":""alpha100_lite_d3__nr2000__ns2000__a1_000ep02__g17"",""dim"":3,""path_r"":"""",""path_s"":"""",""synthetic"":{""generator"":""rectgen"",""n_r"":2000,""n_s"":2000,""alpha"":100,""seed"":17}},""run"":{""method"":""kd_tree"",""variant"":""sampling"",""t"":50000,""seed"":1,""repeats"":3,""j_star"":1000000,""enum_cap"":0,""write_samples"":false,""verify"":false},""output"":{""out_dir"":""/home/dhy/PhD/v2/out/alpha100_light/d3"",""run_tag"":""""},""sys"":{""threads"":1},""logging"":{""level"":""WARN"",""with_timestamp"":true,""with_thread_id"":false}}","{""generator"":""alacarte_rectgen"",""dataset"":""alpha100_lite_d3__nr2000__ns2000__a1_000ep02__g17"",""n_r"":2000,""n_s"":2000,""has_exact_k"":false,""k_target"":0,""k_achieved"":0,""alpha_target"":100,""alpha_achieved"":97.6645,""notes"":""alacarte-local alpha_expected_est=99.5938 coverage=17.1476 pair_p_est=0.0995938 alpha_hat_est=97.6645 epsilon_alpha=0.023355 audit_pairs=2000000""}"
,rectgen,100,2000,2000,ours,sampling,100000,0,1,1,,434.286,391511,1,0,0,0,,0,"{""build_events_ms"":0.542608,""build_mode_families_ms"":49.597420,""phase1_count_ms"":201.887559,""phase2_plan_ms"":2.266556,""phase3_sample_ms"":179.931096,""run_build_ms"":50.179375,""run_count_ms"":201.889349,""run_sample_ms"":182.215170}",,"{""dataset"":{""source"":""synthetic"",""name"":""alpha100_lite_d3__nr2000__ns2000__a1_000ep02__g17"",""dim"":3,""path_r"":"""",""path_s"":"""",""synthetic"":{""generator"":""rectgen"",""n_r"":2000,""n_s"":2000,""alpha"":100,""seed"":17}},""run"":{""method"":""ours"",""variant"":""sampling"",""t"":100000,""seed"":1,""repeats"":3,""j_star"":1000000,""enum_cap"":0,""write_samples"":false,""verify"":false},""output"":{""out_dir"":""/home/dhy/PhD/v2/out/alpha100_light/d3"",""run_tag"":""""},""sys"":{""threads"":1},""logging"":{""level"":""WARN"",""with_timestamp"":true,""with_thread_id"":false}}","{""generator"":""alacarte_rectgen"",""dataset"":""alpha100_lite_d3__nr2000__ns2000__a1_000ep02__g17"",""n_r"":2000,""n_s"":2000,""has_exact_k"":false,""k_target"":0,""k_achieved"":0,""alpha_target"":100,""alpha_achieved"":97.6645,""notes"":""alacarte-local alpha_expected_est=99.5938 coverage=17.1476 pair_p_est=0.0995938 alpha_hat_est=97.6645 epsilon_alpha=0.023355 audit_pairs=2000000""}"
,rectgen,100,2000,2000,ours,sampling,100000,1,2,1,,465.023,391511,1,0,0,0,,0,"{""build_events_ms"":0.560317,""build_mode_families_ms"":49.927464,""phase1_count_ms"":205.458684,""phase2_plan_ms"":2.636947,""phase3_sample_ms"":179.600319,""run_build_ms"":50.531358,""run_count_ms"":205.460184,""run_sample_ms"":182.254015}",,"{""dataset"":{""source"":""synthetic"",""name"":""alpha100_lite_d3__nr2000__ns2000__a1_000ep02__g17"",""dim"":3,""path_r"":"""",""path_s"":"""",""synthetic"":{""generator"":""rectgen"",""n_r"":2000,""n_s"":2000,""alpha"":100,""seed"":17}},""run"":{""method"":""ours"",""variant"":""sampling"",""t"":100000,""seed"":1,""repeats"":3,""j_star"":1000000,""enum_cap"":0,""write_samples"":false,""verify"":false},""output"":{""out_dir"":""/home/dhy/PhD/v2/out/alpha100_light/d3"",""run_tag"":""""},""sys"":{""threads"":1},""logging"":{""level"":""WARN"",""with_timestamp"":true,""with_thread_id"":false}}","{""generator"":""alacarte_rectgen"",""dataset"":""alpha100_lite_d3__nr2000__ns2000__a1_000ep02__g17"",""n_r"":2000,""n_s"":2000,""has_exact_k"":false,""k_target"":0,""k_achieved"":0,""alpha_target"":100,""alpha_achieved"":97.6645,""notes"":""alacarte-local alpha_expected_est=99.5938 coverage=17.1476 pair_p_est=0.0995938 alpha_hat_est=97.6645 epsilon_alpha=0.023355 audit_pairs=2000000""}"
,rectgen,100,2000,2000,ours,sampling,100000,2,3,1,,463.381,391511,1,0,0,0,,0,"{""build_events_ms"":0.561876,""build_mode_families_ms"":49.790010,""phase1_count_ms"":203.458368,""phase2_plan_ms"":2.194902,""phase3_sample_ms"":179.606668,""run_build_ms"":50.393113,""run_count_ms"":203.460388,""run_sample_ms"":182.014214}",,"{""dataset"":{""source"":""synthetic"",""name"":""alpha100_lite_d3__nr2000__ns2000__a1_000ep02__g17"",""dim"":3,""path_r"":"""",""path_s"":"""",""synthetic"":{""generator"":""rectgen"",""n_r"":2000,""n_s"":2000,""alpha"":100,""seed"":17}},""run"":{""method"":""ours"",""variant"":""sampling"",""t"":100000,""seed"":1,""repeats"":3,""j_star"":1000000,""enum_cap"":0,""write_samples"":false,""verify"":false},""output"":{""out_dir"":""/home/dhy/PhD/v2/out/alpha100_light/d3"",""run_tag"":""""},""sys"":{""threads"":1},""logging"":{""level"":""WARN"",""with_timestamp"":true,""with_thread_id"":false}}","{""generator"":""alacarte_rectgen"",""dataset"":""alpha100_lite_d3__nr2000__ns2000__a1_000ep02__g17"",""n_r"":2000,""n_s"":2000,""has_exact_k"":false,""k_target"":0,""k_achieved"":0,""alpha_target"":100,""alpha_achieved"":97.6645,""notes"":""alacarte-local alpha_expected_est=99.5938 coverage=17.1476 pair_p_est=0.0995938 alpha_hat_est=97.6645 epsilon_alpha=0.023355 audit_pairs=2000000""}"
,rectgen,100,2000,2000,kd_tree,sampling,100000,0,1,1,,47.8886,391511,1,0,0,0,,0,"{""build_ms"":0.384010,""build_points_ms"":0.381781,""phase1_count_ms"":15.360642,""phase2_plan_ms"":6.988983,""phase3_fill_ms"":25.132302,""run_build_ms"":0.384740,""run_count_ms"":15.361472,""run_sample_ms"":32.140954}",,"{""dataset"":{""source"":""synthetic"",""name"":""alpha100_lite_d3__nr2000__ns2000__a1_000ep02__g17"",""dim"":3,""path_r"":"""",""path_s"":"""",""synthetic"":{""generator"":""rectgen"",""n_r"":2000,""n_s"":2000,""alpha"":100,""seed"":17}},""run"":{""method"":""kd_tree"",""variant"":""sampling"",""t"":100000,""seed"":1,""repeats"":3,""j_star"":1000000,""enum_cap"":0,""write_samples"":false,""verify"":false},""output"":{""out_dir"":""/home/dhy/PhD/v2/out/alpha100_light/d3"",""run_tag"":""""},""sys"":{""threads"":1},""logging"":{""level"":""WARN"",""with_timestamp"":true,""with_thread_id"":false}}","{""generator"":""alacarte_rectgen"",""dataset"":""alpha100_lite_d3__nr2000__ns2000__a1_000ep02__g17"",""n_r"":2000,""n_s"":2000,""has_exact_k"":false,""k_target"":0,""k_achieved"":0,""alpha_target"":100,""alpha_achieved"":97.6645,""notes"":""alacarte-local alpha_expected_est=99.5938 coverage=17.1476 pair_p_est=0.0995938 alpha_hat_est=97.6645 epsilon_alpha=0.023355 audit_pairs=2000000""}"
,rectgen,100,2000,2000,kd_tree,sampling,100000,1,2,1,,48.0948,391511,1,0,0,0,,0,"{""build_ms"":0.368241,""build_points_ms"":0.367312,""phase1_count_ms"":15.404748,""phase2_plan_ms"":6.875252,""phase3_fill_ms"":25.427000,""run_build_ms"":0.368491,""run_count_ms"":15.405668,""run_sample_ms"":32.319471}",,"{""dataset"":{""source"":""synthetic"",""name"":""alpha100_lite_d3__nr2000__ns2000__a1_000ep02__g17"",""dim"":3,""path_r"":"""",""path_s"":"""",""synthetic"":{""generator"":""rectgen"",""n_r"":2000,""n_s"":2000,""alpha"":100,""seed"":17}},""run"":{""method"":""kd_tree"",""variant"":""sampling"",""t"":100000,""seed"":1,""repeats"":3,""j_star"":1000000,""enum_cap"":0,""write_samples"":false,""verify"":false},""output"":{""out_dir"":""/home/dhy/PhD/v2/out/alpha100_light/d3"",""run_tag"":""""},""sys"":{""threads"":1},""logging"":{""level"":""WARN"",""with_timestamp"":true,""with_thread_id"":false}}","{""generator"":""alacarte_rectgen"",""dataset"":""alpha100_lite_d3__nr2000__ns2000__a1_000ep02__g17"",""n_r"":2000,""n_s"":2000,""has_exact_k"":false,""k_target"":0,""k_achieved"":0,""alpha_target"":100,""alpha_achieved"":97.6645,""notes"":""alacarte-local alpha_expected_est=99.5938 coverage=17.1476 pair_p_est=0.0995938 alpha_hat_est=97.6645 epsilon_alpha=0.023355 audit_pairs=2000000""}"
,rectgen,100,2000,2000,kd_tree,sampling,100000,2,3,1,,48.0748,391511,1,0,0,0,,0,"{""build_ms"":0.366792,""build_points_ms"":0.365832,""phase1_count_ms"":15.355372,""phase2_plan_ms"":6.967515,""phase3_fill_ms"":25.364985,""run_build_ms"":0.367132,""run_count_ms"":15.356042,""run_sample_ms"":32.350528}",,"{""dataset"":{""source"":""synthetic"",""name"":""alpha100_lite_d3__nr2000__ns2000__a1_000ep02__g17"",""dim"":3,""path_r"":"""",""path_s"":"""",""synthetic"":{""generator"":""rectgen"",""n_r"":2000,""n_s"":2000,""alpha"":100,""seed"":17}},""run"":{""method"":""kd_tree"",""variant"":""sampling"",""t"":100000,""seed"":1,""repeats"":3,""j_star"":1000000,""enum_cap"":0,""write_samples"":false,""verify"":false},""output"":{""out_dir"":""/home/dhy/PhD/v2/out/alpha100_light/d3"",""run_tag"":""""},""sys"":{""threads"":1},""logging"":{""level"":""WARN"",""with_timestamp"":true,""with_thread_id"":false}}","{""generator"":""alacarte_rectgen"",""dataset"":""alpha100_lite_d3__nr2000__ns2000__a1_000ep02__g17"",""n_r"":2000,""n_s"":2000,""has_exact_k"":false,""k_target"":0,""k_achieved"":0,""alpha_target"":100,""alpha_achieved"":97.6645,""notes"":""alacarte-local alpha_expected_est=99.5938 coverage=17.1476 pair_p_est=0.0995938 alpha_hat_est=97.6645 epsilon_alpha=0.023355 audit_pairs=2000000""}"
,rectgen,100,500,500,ours,sampling,10000,0,1,1,,713.007,102057,1,0,0,0,,0,"{""build_events_ms"":0.306967,""build_mode_families_ms"":136.658527,""phase1_count_ms"":336.097888,""phase2_plan_ms"":0.342054,""phase3_sample_ms"":239.516909,""run_build_ms"":137.003650,""run_count_ms"":336.100578,""run_sample_ms"":239.884840}",,"{""dataset"":{""source"":""synthetic"",""name"":""alpha100_lite_d4__nr500__ns500__a1_000ep02__g7"",""dim"":4,""path_r"":"""",""path_s"":"""",""synthetic"":{""generator"":""rectgen"",""n_r"":500,""n_s"":500,""alpha"":100,""seed"":7}},""run"":{""method"":""ours"",""variant"":""sampling"",""t"":10000,""seed"":1,""repeats"":3,""j_star"":1000000,""enum_cap"":0,""write_samples"":false,""verify"":false},""output"":{""out_dir"":""/home/dhy/PhD/v2/out/alpha100_light/d4"",""run_tag"":""""},""sys"":{""threads"":1},""logging"":{""level"":""WARN"",""with_timestamp"":true,""with_thread_id"":false}}","{""generator"":""alacarte_rectgen"",""dataset"":""alpha100_lite_d4__nr500__ns500__a1_000ep02__g7"",""n_r"":500,""n_s"":500,""has_exact_k"":false,""k_target"":0,""k_achieved"":0,""alpha_target"":100,""alpha_achieved"":102.272,""notes"":""alacarte-local alpha_expected_est=100.866 coverage=8.88835 pair_p_est=0.403464 alpha_hat_est=102.272 epsilon_alpha=0.0227175 audit_pairs=2000000""}"
,rectgen,100,500,500,ours,sampling,10000,1,2,1,,722.189,102057,1,0,0,0,,0,"{""build_events_ms"":0.156358,""build_mode_families_ms"":93.028391,""phase1_count_ms"":329.484859,""phase2_plan_ms"":0.327955,""phase3_sample_ms"":239.339066,""run_build_ms"":93.200467,""run_count_ms"":329.487388,""run_sample_ms"":239.674221}",,"{""dataset"":{""source"":""synthetic"",""name"":""alpha100_lite_d4__nr500__ns500__a1_000ep02__g7"",""dim"":4,""path_r"":"""",""path_s"":"""",""synthetic"":{""generator"":""rectgen"",""n_r"":500,""n_s"":500,""alpha"":100,""seed"":7}},""run"":{""method"":""ours"",""variant"":""sampling"",""t"":10000,""seed"":1,""repeats"":3,""j_star"":1000000,""enum_cap"":0,""write_samples"":false,""verify"":false},""output"":{""out_dir"":""/home/dhy/PhD/v2/out/alpha100_light/d4"",""run_tag"":""""},""sys"":{""threads"":1},""logging"":{""level"":""WARN"",""with_timestamp"":true,""with_thread_id"":false}}","{""generator"":""alacarte_rectgen"",""dataset"":""alpha100_lite_d4__nr500__ns500__a1_000ep02__g7"",""n_r"":500,""n_s"":500,""has_exact_k"":false,""k_target"":0,""k_achieved"":0,""alpha_target"":100,""alpha_achieved"":102.272,""notes"":""alacarte-local alpha_expected_est=100.866 coverage=8.88835 pair_p_est=0.403464 alpha_hat_est=102.272 epsilon_alpha=0.0227175 audit_pairs=2000000""}"
,rectgen,100,500,500,ours,sampling,10000,2,3,1,,728.431,102057,1,0,0,0,,0,"{""build_events_ms"":0.148798,""build_mode_families_ms"":93.740315,""phase1_count_ms"":332.373314,""phase2_plan_ms"":0.262880,""phase3_sample_ms"":241.860776,""run_build_ms"":93.902513,""run_count_ms"":332.376165,""run_sample_ms"":242.130045}",,"{""dataset"":{""source"":""synthetic"",""name"":""alpha100_lite_d4__nr500__ns500__a1_000ep02__g7"",""dim"":4,""path_r"":"""",""path_s"":"""",""synthetic"":{""generator"":""rectgen"",""n_r"":500,""n_s"":500,""alpha"":100,""seed"":7}},""run"":{""method"":""ours"",""variant"":""sampling"",""t"":10000,""seed"":1,""repeats"":3,""j_star"":1000000,""enum_cap"":0,""write_samples"":false,""verify"":false},""output"":{""out_dir"":""/home/dhy/PhD/v2/out/alpha100_light/d4"",""run_tag"":""""},""sys"":{""threads"":1},""logging"":{""level"":""WARN"",""with_timestamp"":true,""with_thread_id"":false}}","{""generator"":""alacarte_rectgen"",""dataset"":""alpha100_lite_d4__nr500__ns500__a1_000ep02__g7"",""n_r"":500,""n_s"":500,""has_exact_k"":false,""k_target"":0,""k_achieved"":0,""alpha_target"":100,""alpha_achieved"":102.272,""notes"":""alacarte-local alpha_expected_est=100.866 coverage=8.88835 pair_p_est=0.403464 alpha_hat_est=102.272 epsilon_alpha=0.0227175 audit_pairs=2000000""}"
,rectgen,100,500,500,kd_tree,sampling,10000,0,1,1,,9.32694,102057,1,0,0,0,,0,"{""build_ms"":0.137870,""build_points_ms"":0.136740,""phase1_count_ms"":3.210965,""phase2_plan_ms"":0.582675,""phase3_fill_ms"":5.375480,""run_build_ms"":0.151099,""run_count_ms"":3.211805,""run_sample_ms"":5.962545}",,"{""dataset"":{""source"":""synthetic"",""name"":""alpha100_lite_d4__nr500__ns500__a1_000ep02__g7"",""dim"":4,""path_r"":"""",""path_s"":"""",""synthetic"":{""generator"":""rectgen"",""n_r"":500,""n_s"":500,""alpha"":100,""seed"":7}},""run"":{""method"":""kd_tree"",""variant"":""sampling"",""t"":10000,""seed"":1,""repeats"":3,""j_star"":1000000,""enum_cap"":0,""write_samples"":false,""verify"":false},""output"":{""out_dir"":""/home/dhy/PhD/v2/out/alpha100_light/d4"",""run_tag"":""""},""sys"":{""threads"":1},""logging"":{""level"":""WARN"",""with_timestamp"":true,""with_thread_id"":false}}","{""generator"":""alacarte_rectgen"",""dataset"":""alpha100_lite_d4__nr500__ns500__a1_000ep02__g7"",""n_r"":500,""n_s"":500,""has_exact_k"":false,""k_target"":0,""k_achieved"":0,""alpha_target"":100,""alpha_achieved"":102.272,""notes"":""alacarte-local alpha_expected_est=100.866 coverage=8.88835 pair_p_est=0.403464 alpha_hat_est=102.272 epsilon_alpha=0.0227175 audit_pairs=2000000""}"
,rectgen,100,500,500,kd_tree,sampling,10000,1,2,1,,9.17211,102057,1,0,0,0,,0,"{""build_ms"":0.091923,""build_points_ms"":0.091533,""phase1_count_ms"":3.190646,""phase2_plan_ms"":0.579906,""phase3_fill_ms"":5.305495,""run_build_ms"":0.092093,""run_count_ms"":3.191176,""run_sample_ms"":5.888101}",,"{""dataset"":{""source"":""synthetic"",""name"":""alpha100_lite_d4__nr500__ns500__a1_000ep02__g7"",""dim"":4,""path_r"":"""",""path_s"":"""",""synthetic"":{""generator"":""rectgen"",""n_r"":500,""n_s"":500,""alpha"":100,""seed"":7}},""run"":{""method"":""kd_tree"",""variant"":""sampling"",""t"":10000,""seed"":1,""repeats"":3,""j_star"":1000000,""enum_cap"":0,""write_samples"":false,""verify"":false},""output"":{""out_dir"":""/home/dhy/PhD/v2/out/alpha100_light/d4"",""run_tag"":""""},""sys"":{""threads"":1},""logging"":{""level"":""WARN"",""with_timestamp"":true,""with_thread_id"":false}}","{""generator"":""alacarte_rectgen"",""dataset"":""alpha100_lite_d4__nr500__ns500__a1_000ep02__g7"",""n_r"":500,""n_s"":500,""has_exact_k"":false,""k_target"":0,""k_achieved"":0,""alpha_target"":100,""alpha_achieved"":102.272,""notes"":""alacarte-local alpha_expected_est=100.866 coverage=8.88835 pair_p_est=0.403464 alpha_hat_est=102.272 epsilon_alpha=0.0227175 audit_pairs=2000000""}"
,rectgen,100,500,500,kd_tree,sampling,10000,2,3,1,,9.17692,102057,1,0,0,0,,0,"{""build_ms"":0.090823,""build_points_ms"":0.090563,""phase1_count_ms"":3.195897,""phase2_plan_ms"":0.588186,""phase3_fill_ms"":5.297966,""run_build_ms"":0.091033,""run_count_ms"":3.196237,""run_sample_ms"":5.888591}",,"{""dataset"":{""source"":""synthetic"",""name"":""alpha100_lite_d4__nr500__ns500__a1_000ep02__g7"",""dim"":4,""path_r"":"""",""path_s"":"""",""synthetic"":{""generator"":""rectgen"",""n_r"":500,""n_s"":500,""alpha"":100,""seed"":7}},""run"":{""method"":""kd_tree"",""variant"":""sampling"",""t"":10000,""seed"":1,""repeats"":3,""j_star"":1000000,""enum_cap"":0,""write_samples"":false,""verify"":false},""output"":{""out_dir"":""/home/dhy/PhD/v2/out/alpha100_light/d4"",""run_tag"":""""},""sys"":{""threads"":1},""logging"":{""level"":""WARN"",""with_timestamp"":true,""with_thread_id"":false}}","{""generator"":""alacarte_rectgen"",""dataset"":""alpha100_lite_d4__nr500__ns500__a1_000ep02__g7"",""n_r"":500,""n_s"":500,""has_exact_k"":false,""k_target"":0,""k_achieved"":0,""alpha_target"":100,""alpha_achieved"":102.272,""notes"":""alacarte-local alpha_expected_est=100.866 coverage=8.88835 pair_p_est=0.403464 alpha_hat_est=102.272 epsilon_alpha=0.0227175 audit_pairs=2000000""}"
,rectgen,100,500,500,ours,sampling,50000,0,1,1,,682.463,102057,1,0,0,0,,0,"{""build_events_ms"":0.118411,""build_mode_families_ms"":92.977682,""phase1_count_ms"":327.547176,""phase2_plan_ms"":1.320959,""phase3_sample_ms"":260.346586,""run_build_ms"":93.108212,""run_count_ms"":327.549926,""run_sample_ms"":261.802425}",,"{""dataset"":{""source"":""synthetic"",""name"":""alpha100_lite_d4__nr500__ns500__a1_000ep02__g7"",""dim"":4,""path_r"":"""",""path_s"":"""",""synthetic"":{""generator"":""rectgen"",""n_r"":500,""n_s"":500,""alpha"":100,""seed"":7}},""run"":{""method"":""ours"",""variant"":""sampling"",""t"":50000,""seed"":1,""repeats"":3,""j_star"":1000000,""enum_cap"":0,""write_samples"":false,""verify"":false},""output"":{""out_dir"":""/home/dhy/PhD/v2/out/alpha100_light/d4"",""run_tag"":""""},""sys"":{""threads"":1},""logging"":{""level"":""WARN"",""with_timestamp"":true,""with_thread_id"":false}}","{""generator"":""alacarte_rectgen"",""dataset"":""alpha100_lite_d4__nr500__ns500__a1_000ep02__g7"",""n_r"":500,""n_s"":500,""has_exact_k"":false,""k_target"":0,""k_achieved"":0,""alpha_target"":100,""alpha_achieved"":102.272,""notes"":""alacarte-local alpha_expected_est=100.866 coverage=8.88835 pair_p_est=0.403464 alpha_hat_est=102.272 epsilon_alpha=0.0227175 audit_pairs=2000000""}"
,rectgen,100,500,500,ours,sampling,50000,1,2,1,,743.664,102057,1,0,0,0,,0,"{""build_events_ms"":0.156139,""build_mode_families_ms"":94.755116,""phase1_count_ms"":327.756127,""phase2_plan_ms"":1.294192,""phase3_sample_ms"":259.797963,""run_build_ms"":94.927353,""run_count_ms"":327.758857,""run_sample_ms"":261.105114}",,"{""dataset"":{""source"":""synthetic"",""name"":""alpha100_lite_d4__nr500__ns500__a1_000ep02__g7"",""dim"":4,""path_r"":"""",""path_s"":"""",""synthetic"":{""generator"":""rectgen"",""n_r"":500,""n_s"":500,""alpha"":100,""seed"":7}},""run"":{""method"":""ours"",""variant"":""sampling"",""t"":50000,""seed"":1,""repeats"":3,""j_star"":1000000,""enum_cap"":0,""write_samples"":false,""verify"":false},""output"":{""out_dir"":""/home/dhy/PhD/v2/out/alpha100_light/d4"",""run_tag"":""""},""sys"":{""threads"":1},""logging"":{""level"":""WARN"",""with_timestamp"":true,""with_thread_id"":false}}","{""generator"":""alacarte_rectgen"",""dataset"":""alpha100_lite_d4__nr500__ns500__a1_000ep02__g7"",""n_r"":500,""n_s"":500,""has_exact_k"":false,""k_target"":0,""k_achieved"":0,""alpha_target"":100,""alpha_achieved"":102.272,""notes"":""alacarte-local alpha_expected_est=100.866 coverage=8.88835 pair_p_est=0.403464 alpha_hat_est=102.272 epsilon_alpha=0.0227175 audit_pairs=2000000""}"
,rectgen,100,500,500,ours,sampling,50000,2,3,1,,744.604,102057,1,0,0,0,,0,"{""build_events_ms"":0.152958,""build_mode_families_ms"":93.237152,""phase1_count_ms"":330.313220,""phase2_plan_ms"":1.113155,""phase3_sample_ms"":260.004123,""run_build_ms"":93.404278,""run_count_ms"":330.315820,""run_sample_ms"":261.244508}",,"{""dataset"":{""source"":""synthetic"",""name"":""alpha100_lite_d4__nr500__ns500__a1_000ep02__g7"",""dim"":4,""path_r"":"""",""path_s"":"""",""synthetic"":{""generator"":""rectgen"",""n_r"":500,""n_s"":500,""alpha"":100,""seed"":7}},""run"":{""method"":""ours"",""variant"":""sampling"",""t"":50000,""seed"":1,""repeats"":3,""j_star"":1000000,""enum_cap"":0,""write_samples"":false,""verify"":false},""output"":{""out_dir"":""/home/dhy/PhD/v2/out/alpha100_light/d4"",""run_tag"":""""},""sys"":{""threads"":1},""logging"":{""level"":""WARN"",""with_timestamp"":true,""with_thread_id"":false}}","{""generator"":""alacarte_rectgen"",""dataset"":""alpha100_lite_d4__nr500__ns500__a1_000ep02__g7"",""n_r"":500,""n_s"":500,""has_exact_k"":false,""k_target"":0,""k_achieved"":0,""alpha_target"":100,""alpha_achieved"":102.272,""notes"":""alacarte-local alpha_expected_est=100.866 coverage=8.88835 pair_p_est=0.403464 alpha_hat_est=102.272 epsilon_alpha=0.0227175 audit_pairs=2000000""}"
,rectgen,100,500,500,kd_tree,sampling,50000,0,1,1,,12.4167,102057,1,0,0,0,,0,"{""build_ms"":0.130990,""build_points_ms"":0.129541,""phase1_count_ms"":3.197656,""phase2_plan_ms"":3.222495,""phase3_fill_ms"":5.850325,""run_build_ms"":0.131739,""run_count_ms"":3.198327,""run_sample_ms"":9.084638}",,"{""dataset"":{""source"":""synthetic"",""name"":""alpha100_lite_d4__nr500__ns500__a1_000ep02__g7"",""dim"":4,""path_r"":"""",""path_s"":"""",""synthetic"":{""generator"":""rectgen"",""n_r"":500,""n_s"":500,""alpha"":100,""seed"":7}},""run"":{""method"":""kd_tree"",""variant"":""sampling"",""t"":50000,""seed"":1,""repeats"":3,""j_star"":1000000,""enum_cap"":0,""write_samples"":false,""verify"":false},""output"":{""out_dir"":""/home/dhy/PhD/v2/out/alpha100_light/d4"",""run_tag"":""""},""sys"":{""threads"":1},""logging"":{""level"":""WARN"",""with_timestamp"":true,""with_thread_id"":false}}","{""generator"":""alacarte_rectgen"",""dataset"":""alpha100_lite_d4__nr500__ns500__a1_000ep02__g7"",""n_r"":500,""n_s"":500,""has_exact_k"":false,""k_target"":0,""k_achieved"":0,""alpha_target"":100,""alpha_achieved"":102.272,""notes"":""alacarte-local alpha_expected_est=100.866 coverage=8.88835 pair_p_est=0.403464 alpha_hat_est=102.272 epsilon_alpha=0.0227175 audit_pairs=2000000""}"
,rectgen,100,500,500,kd_tree,sampling,50000,1,2,1,,12.3231,102057,1,0,0,0,,0,"{""build_ms"":0.092453,""build_points_ms"":0.092073,""phase1_count_ms"":3.199006,""phase2_plan_ms"":3.198646,""phase3_fill_ms"":5.822877,""run_build_ms"":0.092653,""run_count_ms"":3.199276,""run_sample_ms"":9.030453}",,"{""dataset"":{""source"":""synthetic"",""name"":""alpha100_lite_d4__nr500__ns500__a1_000ep02__g7"",""dim"":4,""path_r"":"""",""path_s"":"""",""synthetic"":{""generator"":""rectgen"",""n_r"":500,""n_s"":500,""alpha"":100,""seed"":7}},""run"":{""method"":""kd_tree"",""variant"":""sampling"",""t"":50000,""seed"":1,""repeats"":3,""j_star"":1000000,""enum_cap"":0,""write_samples"":false,""verify"":false},""output"":{""out_dir"":""/home/dhy/PhD/v2/out/alpha100_light/d4"",""run_tag"":""""},""sys"":{""threads"":1},""logging"":{""level"":""WARN"",""with_timestamp"":true,""with_thread_id"":false}}","{""generator"":""alacarte_rectgen"",""dataset"":""alpha100_lite_d4__nr500__ns500__a1_000ep02__g7"",""n_r"":500,""n_s"":500,""has_exact_k"":false,""k_target"":0,""k_achieved"":0,""alpha_target"":100,""alpha_achieved"":102.272,""notes"":""alacarte-local alpha_expected_est=100.866 coverage=8.88835 pair_p_est=0.403464 alpha_hat_est=102.272 epsilon_alpha=0.0227175 audit_pairs=2000000""}"
,rectgen,100,500,500,kd_tree,sampling,50000,2,3,1,,12.312,102057,1,0,0,0,,0,"{""build_ms"":0.090953,""build_points_ms"":0.090673,""phase1_count_ms"":3.199656,""phase2_plan_ms"":3.189398,""phase3_fill_ms"":5.820327,""run_build_ms"":0.091123,""run_count_ms"":3.200136,""run_sample_ms"":9.019954}",,"{""dataset"":{""source"":""synthetic"",""name"":""alpha100_lite_d4__nr500__ns500__a1_000ep02__g7"",""dim"":4,""path_r"":"""",""path_s"":"""",""synthetic"":{""generator"":""rectgen"",""n_r"":500,""n_s"":500,""alpha"":100,""seed"":7}},""run"":{""method"":""kd_tree"",""variant"":""sampling"",""t"":50000,""seed"":1,""repeats"":3,""j_star"":1000000,""enum_cap"":0,""write_samples"":false,""verify"":false},""output"":{""out_dir"":""/home/dhy/PhD/v2/out/alpha100_light/d4"",""run_tag"":""""},""sys"":{""threads"":1},""logging"":{""level"":""WARN"",""with_timestamp"":true,""with_thread_id"":false}}","{""generator"":""alacarte_rectgen"",""dataset"":""alpha100_lite_d4__nr500__ns500__a1_000ep02__g7"",""n_r"":500,""n_s"":500,""has_exact_k"":false,""k_target"":0,""k_achieved"":0,""alpha_target"":100,""alpha_achieved"":102.272,""notes"":""alacarte-local alpha_expected_est=100.866 coverage=8.88835 pair_p_est=0.403464 alpha_hat_est=102.272 epsilon_alpha=0.0227175 audit_pairs=2000000""}"
,rectgen,100,500,500,ours,sampling,100000,0,1,1,,706.251,102057,1,0,0,0,,0,"{""build_events_ms"":0.117791,""build_mode_families_ms"":93.195614,""phase1_count_ms"":333.088338,""phase2_plan_ms"":2.424135,""phase3_sample_ms"":277.384617,""run_build_ms"":93.325874,""run_count_ms"":333.090788,""run_sample_ms"":279.830951}",,"{""dataset"":{""source"":""synthetic"",""name"":""alpha100_lite_d4__nr500__ns500__a1_000ep02__g7"",""dim"":4,""path_r"":"""",""path_s"":"""",""synthetic"":{""generator"":""rectgen"",""n_r"":500,""n_s"":500,""alpha"":100,""seed"":7}},""run"":{""method"":""ours"",""variant"":""sampling"",""t"":100000,""seed"":1,""repeats"":3,""j_star"":1000000,""enum_cap"":0,""write_samples"":false,""verify"":false},""output"":{""out_dir"":""/home/dhy/PhD/v2/out/alpha100_light/d4"",""run_tag"":""""},""sys"":{""threads"":1},""logging"":{""level"":""WARN"",""with_timestamp"":true,""with_thread_id"":false}}","{""generator"":""alacarte_rectgen"",""dataset"":""alpha100_lite_d4__nr500__ns500__a1_000ep02__g7"",""n_r"":500,""n_s"":500,""has_exact_k"":false,""k_target"":0,""k_achieved"":0,""alpha_target"":100,""alpha_achieved"":102.272,""notes"":""alacarte-local alpha_expected_est=100.866 coverage=8.88835 pair_p_est=0.403464 alpha_hat_est=102.272 epsilon_alpha=0.0227175 audit_pairs=2000000""}"
,rectgen,100,500,500,ours,sampling,100000,1,2,1,,768.242,102057,1,0,0,0,,0,"{""build_events_ms"":0.145149,""build_mode_families_ms"":94.063496,""phase1_count_ms"":335.228017,""phase2_plan_ms"":2.528168,""phase3_sample_ms"":275.184524,""run_build_ms"":94.224115,""run_count_ms"":335.230387,""run_sample_ms"":277.734290}",,"{""dataset"":{""source"":""synthetic"",""name"":""alpha100_lite_d4__nr500__ns500__a1_000ep02__g7"",""dim"":4,""path_r"":"""",""path_s"":"""",""synthetic"":{""generator"":""rectgen"",""n_r"":500,""n_s"":500,""alpha"":100,""seed"":7}},""run"":{""method"":""ours"",""variant"":""sampling"",""t"":100000,""seed"":1,""repeats"":3,""j_star"":1000000,""enum_cap"":0,""write_samples"":false,""verify"":false},""output"":{""out_dir"":""/home/dhy/PhD/v2/out/alpha100_light/d4"",""run_tag"":""""},""sys"":{""threads"":1},""logging"":{""level"":""WARN"",""with_timestamp"":true,""with_thread_id"":false}}","{""generator"":""alacarte_rectgen"",""dataset"":""alpha100_lite_d4__nr500__ns500__a1_000ep02__g7"",""n_r"":500,""n_s"":500,""has_exact_k"":false,""k_target"":0,""k_achieved"":0,""alpha_target"":100,""alpha_achieved"":102.272,""notes"":""alacarte-local alpha_expected_est=100.866 coverage=8.88835 pair_p_est=0.403464 alpha_hat_est=102.272 epsilon_alpha=0.0227175 audit_pairs=2000000""}"
,rectgen,100,500,500,ours,sampling,100000,2,3,1,,758.351,102057,1,0,0,0,,0,"{""build_events_ms"":0.145729,""build_mode_families_ms"":93.570467,""phase1_count_ms"":330.047063,""phase2_plan_ms"":2.220971,""phase3_sample_ms"":268.368699,""run_build_ms"":93.730775,""run_count_ms"":330.049483,""run_sample_ms"":270.610218}",,"{""dataset"":{""source"":""synthetic"",""name"":""alpha100_lite_d4__nr500__ns500__a1_000ep02__g7"",""dim"":4,""path_r"":"""",""path_s"":"""",""synthetic"":{""generator"":""rectgen"",""n_r"":500,""n_s"":500,""alpha"":100,""seed"":7}},""run"":{""method"":""ours"",""variant"":""sampling"",""t"":100000,""seed"":1,""repeats"":3,""j_star"":1000000,""enum_cap"":0,""write_samples"":false,""verify"":false},""output"":{""out_dir"":""/home/dhy/PhD/v2/out/alpha100_light/d4"",""run_tag"":""""},""sys"":{""threads"":1},""logging"":{""level"":""WARN"",""with_timestamp"":true,""with_thread_id"":false}}","{""generator"":""alacarte_rectgen"",""dataset"":""alpha100_lite_d4__nr500__ns500__a1_000ep02__g7"",""n_r"":500,""n_s"":500,""has_exact_k"":false,""k_target"":0,""k_achieved"":0,""alpha_target"":100,""alpha_achieved"":102.272,""notes"":""alacarte-local alpha_expected_est=100.866 coverage=8.88835 pair_p_est=0.403464 alpha_hat_est=102.272 epsilon_alpha=0.0227175 audit_pairs=2000000""}"
,rectgen,100,500,500,kd_tree,sampling,100000,0,1,1,,16.5352,102057,1,0,0,0,,0,"{""build_ms"":0.129670,""build_points_ms"":0.128480,""phase1_count_ms"":3.213236,""phase2_plan_ms"":6.694762,""phase3_fill_ms"":6.474857,""run_build_ms"":0.130330,""run_count_ms"":3.213786,""run_sample_ms"":13.189758}",,"{""dataset"":{""source"":""synthetic"",""name"":""alpha100_lite_d4__nr500__ns500__a1_000ep02__g7"",""dim"":4,""path_r"":"""",""path_s"":"""",""synthetic"":{""generator"":""rectgen"",""n_r"":500,""n_s"":500,""alpha"":100,""seed"":7}},""run"":{""method"":""kd_tree"",""variant"":""sampling"",""t"":100000,""seed"":1,""repeats"":3,""j_star"":1000000,""enum_cap"":0,""write_samples"":false,""verify"":false},""output"":{""out_dir"":""/home/dhy/PhD/v2/out/alpha100_light/d4"",""run_tag"":""""},""sys"":{""threads"":1},""logging"":{""level"":""WARN"",""with_timestamp"":true,""with_thread_id"":false}}","{""generator"":""alacarte_rectgen"",""dataset"":""alpha100_lite_d4__nr500__ns500__a1_000ep02__g7"",""n_r"":500,""n_s"":500,""has_exact_k"":false,""k_target"":0,""k_achieved"":0,""alpha_target"":100,""alpha_achieved"":102.272,""notes"":""alacarte-local alpha_expected_est=100.866 coverage=8.88835 pair_p_est=0.403464 alpha_hat_est=102.272 epsilon_alpha=0.0227175 audit_pairs=2000000""}"
,rectgen,100,500,500,kd_tree,sampling,100000,1,2,1,,16.4537,102057,1,0,0,0,,0,"{""build_ms"":0.094362,""build_points_ms"":0.093863,""phase1_count_ms"":3.196498,""phase2_plan_ms"":6.702132,""phase3_fill_ms"":6.442740,""run_build_ms"":0.094642,""run_count_ms"":3.196988,""run_sample_ms"":13.161180}",,"{""dataset"":{""source"":""synthetic"",""name"":""alpha100_lite_d4__nr500__ns500__a1_000ep02__g7"",""dim"":4,""path_r"":"""",""path_s"":"""",""synthetic"":{""generator"":""rectgen"",""n_r"":500,""n_s"":500,""alpha"":100,""seed"":7}},""run"":{""method"":""kd_tree"",""variant"":""sampling"",""t"":100000,""seed"":1,""repeats"":3,""j_star"":1000000,""enum_cap"":0,""write_samples"":false,""verify"":false},""output"":{""out_dir"":""/home/dhy/PhD/v2/out/alpha100_light/d4"",""run_tag"":""""},""sys"":{""threads"":1},""logging"":{""level"":""WARN"",""with_timestamp"":true,""with_thread_id"":false}}","{""generator"":""alacarte_rectgen"",""dataset"":""alpha100_lite_d4__nr500__ns500__a1_000ep02__g7"",""n_r"":500,""n_s"":500,""has_exact_k"":false,""k_target"":0,""k_achieved"":0,""alpha_target"":100,""alpha_achieved"":102.272,""notes"":""alacarte-local alpha_expected_est=100.866 coverage=8.88835 pair_p_est=0.403464 alpha_hat_est=102.272 epsilon_alpha=0.0227175 audit_pairs=2000000""}"
,rectgen,100,500,500,kd_tree,sampling,100000,2,3,1,,16.5217,102057,1,0,0,0,,0,"{""build_ms"":0.093013,""build_points_ms"":0.092753,""phase1_count_ms"":3.203287,""phase2_plan_ms"":6.756757,""phase3_fill_ms"":6.450970,""run_build_ms"":0.093183,""run_count_ms"":3.203576,""run_sample_ms"":13.224256}",,"{""dataset"":{""source"":""synthetic"",""name"":""alpha100_lite_d4__nr500__ns500__a1_000ep02__g7"",""dim"":4,""path_r"":"""",""path_s"":"""",""synthetic"":{""generator"":""rectgen"",""n_r"":500,""n_s"":500,""alpha"":100,""seed"":7}},""run"":{""method"":""kd_tree"",""variant"":""sampling"",""t"":100000,""seed"":1,""repeats"":3,""j_star"":1000000,""enum_cap"":0,""write_samples"":false,""verify"":false},""output"":{""out_dir"":""/home/dhy/PhD/v2/out/alpha100_light/d4"",""run_tag"":""""},""sys"":{""threads"":1},""logging"":{""level"":""WARN"",""with_timestamp"":true,""with_thread_id"":false}}","{""generator"":""alacarte_rectgen"",""dataset"":""alpha100_lite_d4__nr500__ns500__a1_000ep02__g7"",""n_r"":500,""n_s"":500,""has_exact_k"":false,""k_target"":0,""k_achieved"":0,""alpha_target"":100,""alpha_achieved"":102.272,""notes"":""alacarte-local alpha_expected_est=100.866 coverage=8.88835 pair_p_est=0.403464 alpha_hat_est=102.272 epsilon_alpha=0.0227175 audit_pairs=2000000""}"
,rectgen,100,500,500,ours,sampling,10000,0,1,1,,679.616,102723,1,0,0,0,,0,"{""build_events_ms"":0.299747,""build_mode_families_ms"":101.238901,""phase1_count_ms"":334.527976,""phase2_plan_ms"":0.325935,""phase3_sample_ms"":243.189366,""run_build_ms"":101.558457,""run_count_ms"":334.530716,""run_sample_ms"":243.523111}",,"{""dataset"":{""source"":""synthetic"",""name"":""alpha100_lite_d4__nr500__ns500__a1_000ep02__g17"",""dim"":4,""path_r"":"""",""path_s"":"""",""synthetic"":{""generator"":""rectgen"",""n_r"":500,""n_s"":500,""alpha"":100,""seed"":17}},""run"":{""method"":""ours"",""variant"":""sampling"",""t"":10000,""seed"":1,""repeats"":3,""j_star"":1000000,""enum_cap"":0,""write_samples"":false,""verify"":false},""output"":{""out_dir"":""/home/dhy/PhD/v2/out/alpha100_light/d4"",""run_tag"":""""},""sys"":{""threads"":1},""logging"":{""level"":""WARN"",""with_timestamp"":true,""with_thread_id"":false}}","{""generator"":""alacarte_rectgen"",""dataset"":""alpha100_lite_d4__nr500__ns500__a1_000ep02__g17"",""n_r"":500,""n_s"":500,""has_exact_k"":false,""k_target"":0,""k_achieved"":0,""alpha_target"":100,""alpha_achieved"":102.817,""notes"":""alacarte-local alpha_expected_est=100.949 coverage=8.88835 pair_p_est=0.403794 alpha_hat_est=102.817 epsilon_alpha=0.028175 audit_pairs=2000000""}"
,rectgen,100,500,500,ours,sampling,10000,1,2,1,,730.95,102723,1,0,0,0,,0,"{""build_events_ms"":0.153628,""build_mode_families_ms"":93.793985,""phase1_count_ms"":333.549172,""phase2_plan_ms"":0.262290,""phase3_sample_ms"":243.333167,""run_build_ms"":93.961682,""run_count_ms"":333.551102,""run_sample_ms"":243.602837}",,"{""dataset"":{""source"":""synthetic"",""name"":""alpha100_lite_d4__nr500__ns500__a1_000ep02__g17"",""dim"":4,""path_r"":"""",""path_s"":"""",""synthetic"":{""generator"":""rectgen"",""n_r"":500,""n_s"":500,""alpha"":100,""seed"":17}},""run"":{""method"":""ours"",""variant"":""sampling"",""t"":10000,""seed"":1,""repeats"":3,""j_star"":1000000,""enum_cap"":0,""write_samples"":false,""verify"":false},""output"":{""out_dir"":""/home/dhy/PhD/v2/out/alpha100_light/d4"",""run_tag"":""""},""sys"":{""threads"":1},""logging"":{""level"":""WARN"",""with_timestamp"":true,""with_thread_id"":false}}","{""generator"":""alacarte_rectgen"",""dataset"":""alpha100_lite_d4__nr500__ns500__a1_000ep02__g17"",""n_r"":500,""n_s"":500,""has_exact_k"":false,""k_target"":0,""k_achieved"":0,""alpha_target"":100,""alpha_achieved"":102.817,""notes"":""alacarte-local alpha_expected_est=100.949 coverage=8.88835 pair_p_est=0.403794 alpha_hat_est=102.817 epsilon_alpha=0.028175 audit_pairs=2000000""}"
,rectgen,100,500,500,ours,sampling,10000,2,3,1,,735.999,102723,1,0,0,0,,0,"{""build_events_ms"":0.152258,""build_mode_families_ms"":94.204502,""phase1_count_ms"":336.268189,""phase2_plan_ms"":0.261070,""phase3_sample_ms"":243.455051,""run_build_ms"":94.371260,""run_count_ms"":336.270509,""run_sample_ms"":243.723281}",,"{""dataset"":{""source"":""synthetic"",""name"":""alpha100_lite_d4__nr500__ns500__a1_000ep02__g17"",""dim"":4,""path_r"":"""",""path_s"":"""",""synthetic"":{""generator"":""rectgen"",""n_r"":500,""n_s"":500,""alpha"":100,""seed"":17}},""run"":{""method"":""ours"",""variant"":""sampling"",""t"":10000,""seed"":1,""repeats"":3,""j_star"":1000000,""enum_cap"":0,""write_samples"":false,""verify"":false},""output"":{""out_dir"":""/home/dhy/PhD/v2/out/alpha100_light/d4"",""run_tag"":""""},""sys"":{""threads"":1},""logging"":{""level"":""WARN"",""with_timestamp"":true,""with_thread_id"":false}}","{""generator"":""alacarte_rectgen"",""dataset"":""alpha100_lite_d4__nr500__ns500__a1_000ep02__g17"",""n_r"":500,""n_s"":500,""has_exact_k"":false,""k_target"":0,""k_achieved"":0,""alpha_target"":100,""alpha_achieved"":102.817,""notes"":""alacarte-local alpha_expected_est=100.949 coverage=8.88835 pair_p_est=0.403794 alpha_hat_est=102.817 epsilon_alpha=0.028175 audit_pairs=2000000""}"
,rectgen,100,500,500,kd_tree,sampling,10000,0,1,1,,9.32968,102723,1,0,0,0,,0,"{""build_ms"":0.127290,""build_points_ms"":0.126290,""phase1_count_ms"":3.216167,""phase2_plan_ms"":0.584136,""phase3_fill_ms"":5.394672,""run_build_ms"":0.128101,""run_count_ms"":3.216776,""run_sample_ms"":5.982818}",,"{""dataset"":{""source"":""synthetic"",""name"":""alpha100_lite_d4__nr500__ns500__a1_000ep02__g17"",""dim"":4,""path_r"":"""",""path_s"":"""",""synthetic"":{""generator"":""rectgen"",""n_r"":500,""n_s"":500,""alpha"":100,""seed"":17}},""run"":{""method"":""kd_tree"",""variant"":""sampling"",""t"":10000,""seed"":1,""repeats"":3,""j_star"":1000000,""enum_cap"":0,""write_samples"":false,""verify"":false},""output"":{""out_dir"":""/home/dhy/PhD/v2/out/alpha100_light/d4"",""run_tag"":""""},""sys"":{""threads"":1},""logging"":{""level"":""WARN"",""with_timestamp"":true,""with_thread_id"":false}}","{""generator"":""alacarte_rectgen"",""dataset"":""alpha100_lite_d4__nr500__ns500__a1_000ep02__g17"",""n_r"":500,""n_s"":500,""has_exact_k"":false,""k_target"":0,""k_achieved"":0,""alpha_target"":100,""alpha_achieved"":102.817,""notes"":""alacarte-local alpha_expected_est=100.949 coverage=8.88835 pair_p_est=0.403794 alpha_hat_est=102.817 epsilon_alpha=0.028175 audit_pairs=2000000""}"
,rectgen,100,500,500,kd_tree,sampling,10000,1,2,1,,9.2595,102723,1,0,0,0,,0,"{""build_ms"":0.090333,""build_points_ms"":0.089923,""phase1_count_ms"":3.222486,""phase2_plan_ms"":0.588565,""phase3_fill_ms"":5.353984,""run_build_ms"":0.090533,""run_count_ms"":3.222926,""run_sample_ms"":5.945250}",,"{""dataset"":{""source"":""synthetic"",""name"":""alpha100_lite_d4__nr500__ns500__a1_000ep02__g17"",""dim"":4,""path_r"":"""",""path_s"":"""",""synthetic"":{""generator"":""rectgen"",""n_r"":500,""n_s"":500,""alpha"":100,""seed"":17}},""run"":{""method"":""kd_tree"",""variant"":""sampling"",""t"":10000,""seed"":1,""repeats"":3,""j_star"":1000000,""enum_cap"":0,""write_samples"":false,""verify"":false},""output"":{""out_dir"":""/home/dhy/PhD/v2/out/alpha100_light/d4"",""run_tag"":""""},""sys"":{""threads"":1},""logging"":{""level"":""WARN"",""with_timestamp"":true,""with_thread_id"":false}}","{""generator"":""alacarte_rectgen"",""dataset"":""alpha100_lite_d4__nr500__ns500__a1_000ep02__g17"",""n_r"":500,""n_s"":500,""has_exact_k"":false,""k_target"":0,""k_achieved"":0,""alpha_target"":100,""alpha_achieved"":102.817,""notes"":""alacarte-local alpha_expected_est=100.949 coverage=8.88835 pair_p_est=0.403794 alpha_hat_est=102.817 epsilon_alpha=0.028175 audit_pairs=2000000""}"
,rectgen,100,500,500,kd_tree,sampling,10000,2,3,1,,9.24688,102723,1,0,0,0,,0,"{""build_ms"":0.089774,""build_points_ms"":0.089503,""phase1_count_ms"":3.215376,""phase2_plan_ms"":0.578466,""phase3_fill_ms"":5.359395,""run_build_ms"":0.089944,""run_count_ms"":3.215657,""run_sample_ms"":5.940451}",,"{""dataset"":{""source"":""synthetic"",""name"":""alpha100_lite_d4__nr500__ns500__a1_000ep02__g17"",""dim"":4,""path_r"":"""",""path_s"":"""",""synthetic"":{""generator"":""rectgen"",""n_r"":500,""n_s"":500,""alpha"":100,""seed"":17}},""run"":{""method"":""kd_tree"",""variant"":""sampling"",""t"":10000,""seed"":1,""repeats"":3,""j_star"":1000000,""enum_cap"":0,""write_samples"":false,""verify"":false},""output"":{""out_dir"":""/home/dhy/PhD/v2/out/alpha100_light/d4"",""run_tag"":""""},""sys"":{""threads"":1},""logging"":{""level"":""WARN"",""with_timestamp"":true,""with_thread_id"":false}}","{""generator"":""alacarte_rectgen"",""dataset"":""alpha100_lite_d4__nr500__ns500__a1_000ep02__g17"",""n_r"":500,""n_s"":500,""has_exact_k"":false,""k_target"":0,""k_achieved"":0,""alpha_target"":100,""alpha_achieved"":102.817,""notes"":""alacarte-local alpha_expected_est=100.949 coverage=8.88835 pair_p_est=0.403794 alpha_hat_est=102.817 epsilon_alpha=0.028175 audit_pairs=2000000""}"
,rectgen,100,500,500,ours,sampling,50000,0,1,1,,692.053,102723,1,0,0,0,,0,"{""build_events_ms"":0.118022,""build_mode_families_ms"":94.102391,""phase1_count_ms"":332.416591,""phase2_plan_ms"":1.253295,""phase3_sample_ms"":264.133793,""run_build_ms"":94.232131,""run_count_ms"":332.419191,""run_sample_ms"":265.399597}",,"{""dataset"":{""source"":""synthetic"",""name"":""alpha100_lite_d4__nr500__ns500__a1_000ep02__g17"",""dim"":4,""path_r"":"""",""path_s"":"""",""synthetic"":{""generator"":""rectgen"",""n_r"":500,""n_s"":500,""alpha"":100,""seed"":17}},""run"":{""method"":""ours"",""variant"":""sampling"",""t"":50000,""seed"":1,""repeats"":3,""j_star"":1000000,""enum_cap"":0,""write_samples"":false,""verify"":false},""output"":{""out_dir"":""/home/dhy/PhD/v2/out/alpha100_light/d4"",""run_tag"":""""},""sys"":{""threads"":1},""logging"":{""level"":""WARN"",""with_timestamp"":true,""with_thread_id"":false}}","{""generator"":""alacarte_rectgen"",""dataset"":""alpha100_lite_d4__nr500__ns500__a1_000ep02__g17"",""n_r"":500,""n_s"":500,""has_exact_k"":false,""k_target"":0,""k_achieved"":0,""alpha_target"":100,""alpha_achieved"":102.817,""notes"":""alacarte-local alpha_expected_est=100.949 coverage=8.88835 pair_p_est=0.403794 alpha_hat_est=102.817 epsilon_alpha=0.028175 audit_pairs=2000000""}"
,rectgen,100,500,500,ours,sampling,50000,1,2,1,,754.224,102723,1,0,0,0,,0,"{""build_events_ms"":0.156608,""build_mode_families_ms"":94.356581,""phase1_count_ms"":333.912490,""phase2_plan_ms"":1.117605,""phase3_sample_ms"":263.892492,""run_build_ms"":94.527637,""run_count_ms"":333.914850,""run_sample_ms"":265.022988}",,"{""dataset"":{""source"":""synthetic"",""name"":""alpha100_lite_d4__nr500__ns500__a1_000ep02__g17"",""dim"":4,""path_r"":"""",""path_s"":"""",""synthetic"":{""generator"":""rectgen"",""n_r"":500,""n_s"":500,""alpha"":100,""seed"":17}},""run"":{""method"":""ours"",""variant"":""sampling"",""t"":50000,""seed"":1,""repeats"":3,""j_star"":1000000,""enum_cap"":0,""write_samples"":false,""verify"":false},""output"":{""out_dir"":""/home/dhy/PhD/v2/out/alpha100_light/d4"",""run_tag"":""""},""sys"":{""threads"":1},""logging"":{""level"":""WARN"",""with_timestamp"":true,""with_thread_id"":false}}","{""generator"":""alacarte_rectgen"",""dataset"":""alpha100_lite_d4__nr500__ns500__a1_000ep02__g17"",""n_r"":500,""n_s"":500,""has_exact_k"":false,""k_target"":0,""k_achieved"":0,""alpha_target"":100,""alpha_achieved"":102.817,""notes"":""alacarte-local alpha_expected_est=100.949 coverage=8.88835 pair_p_est=0.403794 alpha_hat_est=102.817 epsilon_alpha=0.028175 audit_pairs=2000000""}"
,rectgen,100,500,500,ours,sampling,50000,2,3,1,,755.401,102723,1,0,0,0,,0,"{""build_events_ms"":0.157698,""build_mode_families_ms"":94.759089,""phase1_count_ms"":331.317437,""phase2_plan_ms"":1.116886,""phase3_sample_ms"":267.081225,""run_build_ms"":94.931056,""run_count_ms"":331.319557,""run_sample_ms"":268.210860}",,"{""dataset"":{""source"":""synthetic"",""name"":""alpha100_lite_d4__nr500__ns500__a1_000ep02__g17"",""dim"":4,""path_r"":"""",""path_s"":"""",""synthetic"":{""generator"":""rectgen"",""n_r"":500,""n_s"":500,""alpha"":100,""seed"":17}},""run"":{""method"":""ours"",""variant"":""sampling"",""t"":50000,""seed"":1,""repeats"":3,""j_star"":1000000,""enum_cap"":0,""write_samples"":false,""verify"":false},""output"":{""out_dir"":""/home/dhy/PhD/v2/out/alpha100_light/d4"",""run_tag"":""""},""sys"":{""threads"":1},""logging"":{""level"":""WARN"",""with_timestamp"":true,""with_thread_id"":false}}","{""generator"":""alacarte_rectgen"",""dataset"":""alpha100_lite_d4__nr500__ns500__a1_000ep02__g17"",""n_r"":500,""n_s"":500,""has_exact_k"":false,""k_target"":0,""k_achieved"":0,""alpha_target"":100,""alpha_achieved"":102.817,""notes"":""alacarte-local alpha_expected_est=100.949 coverage=8.88835 pair_p_est=0.403794 alpha_hat_est=102.817 epsilon_alpha=0.028175 audit_pairs=2000000""}"
,rectgen,100,500,500,kd_tree,sampling,50000,0,1,1,,12.4323,102723,1,0,0,0,,0,"{""build_ms"":0.131290,""build_points_ms"":0.130160,""phase1_count_ms"":3.214108,""phase2_plan_ms"":3.208958,""phase3_fill_ms"":5.863857,""run_build_ms"":0.131871,""run_count_ms"":3.214728,""run_sample_ms"":9.084155}",,"{""dataset"":{""source"":""synthetic"",""name"":""alpha100_lite_d4__nr500__ns500__a1_000ep02__g17"",""dim"":4,""path_r"":"""",""path_s"":"""",""synthetic"":{""generator"":""rectgen"",""n_r"":500,""n_s"":500,""alpha"":100,""seed"":17}},""run"":{""method"":""kd_tree"",""variant"":""sampling"",""t"":50000,""seed"":1,""repeats"":3,""j_star"":1000000,""enum_cap"":0,""write_samples"":false,""verify"":false},""output"":{""out_dir"":""/home/dhy/PhD/v2/out/alpha100_light/d4"",""run_tag"":""""},""sys"":{""threads"":1},""logging"":{""level"":""WARN"",""with_timestamp"":true,""with_thread_id"":false}}","{""generator"":""alacarte_rectgen"",""dataset"":""alpha100_lite_d4__nr500__ns500__a1_000ep02__g17"",""n_r"":500,""n_s"":500,""has_exact_k"":false,""k_target"":0,""k_achieved"":0,""alpha_target"":100,""alpha_achieved"":102.817,""notes"":""alacarte-local alpha_expected_est=100.949 coverage=8.88835 pair_p_est=0.403794 alpha_hat_est=102.817 epsilon_alpha=0.028175 audit_pairs=2000000""}"
,rectgen,100,500,500,kd_tree,sampling,50000,1,2,1,,12.3827,102723,1,0,0,0,,0,"{""build_ms"":0.090963,""build_points_ms"":0.090464,""phase1_count_ms"":3.204608,""phase2_plan_ms"":3.227797,""phase3_fill_ms"":5.848009,""run_build_ms"":0.091303,""run_count_ms"":3.204958,""run_sample_ms"":9.085505}",,"{""dataset"":{""source"":""synthetic"",""name"":""alpha100_lite_d4__nr500__ns500__a1_000ep02__g17"",""dim"":4,""path_r"":"""",""path_s"":"""",""synthetic"":{""generator"":""rectgen"",""n_r"":500,""n_s"":500,""alpha"":100,""seed"":17}},""run"":{""method"":""kd_tree"",""variant"":""sampling"",""t"":50000,""seed"":1,""repeats"":3,""j_star"":1000000,""enum_cap"":0,""write_samples"":false,""verify"":false},""output"":{""out_dir"":""/home/dhy/PhD/v2/out/alpha100_light/d4"",""run_tag"":""""},""sys"":{""threads"":1},""logging"":{""level"":""WARN"",""with_timestamp"":true,""with_thread_id"":false}}","{""generator"":""alacarte_rectgen"",""dataset"":""alpha100_lite_d4__nr500__ns500__a1_000ep02__g17"",""n_r"":500,""n_s"":500,""has_exact_k"":false,""k_target"":0,""k_achieved"":0,""alpha_target"":100,""alpha_achieved"":102.817,""notes"":""alacarte-local alpha_expected_est=100.949 coverage=8.88835 pair_p_est=0.403794 alpha_hat_est=102.817 epsilon_alpha=0.028175 audit_pairs=2000000""}"
,rectgen,100,500,500,kd_tree,sampling,50000,2,3,1,,12.3378,102723,1,0,0,0,,0,"{""build_ms"":0.090013,""build_points_ms"":0.089743,""phase1_count_ms"":3.209528,""phase2_plan_ms"":3.189780,""phase3_fill_ms"":5.838210,""run_build_ms"":0.090223,""run_count_ms"":3.209798,""run_sample_ms"":9.037149}",,"{""dataset"":{""source"":""synthetic"",""name"":""alpha100_lite_d4__nr500__ns500__a1_000ep02__g17"",""dim"":4,""path_r"":"""",""path_s"":"""",""synthetic"":{""generator"":""rectgen"",""n_r"":500,""n_s"":500,""alpha"":100,""seed"":17}},""run"":{""method"":""kd_tree"",""variant"":""sampling"",""t"":50000,""seed"":1,""repeats"":3,""j_star"":1000000,""enum_cap"":0,""write_samples"":false,""verify"":false},""output"":{""out_dir"":""/home/dhy/PhD/v2/out/alpha100_light/d4"",""run_tag"":""""},""sys"":{""threads"":1},""logging"":{""level"":""WARN"",""with_timestamp"":true,""with_thread_id"":false}}","{""generator"":""alacarte_rectgen"",""dataset"":""alpha100_lite_d4__nr500__ns500__a1_000ep02__g17"",""n_r"":500,""n_s"":500,""has_exact_k"":false,""k_target"":0,""k_achieved"":0,""alpha_target"":100,""alpha_achieved"":102.817,""notes"":""alacarte-local alpha_expected_est=100.949 coverage=8.88835 pair_p_est=0.403794 alpha_hat_est=102.817 epsilon_alpha=0.028175 audit_pairs=2000000""}"
,rectgen,100,500,500,ours,sampling,100000,0,1,1,,702.008,102723,1,0,0,0,,0,"{""build_events_ms"":0.118731,""build_mode_families_ms"":93.462486,""phase1_count_ms"":332.807127,""phase2_plan_ms"":2.483432,""phase3_sample_ms"":273.097568,""run_build_ms"":93.593126,""run_count_ms"":332.810417,""run_sample_ms"":275.601339}",,"{""dataset"":{""source"":""synthetic"",""name"":""alpha100_lite_d4__nr500__ns500__a1_000ep02__g17"",""dim"":4,""path_r"":"""",""path_s"":"""",""synthetic"":{""generator"":""rectgen"",""n_r"":500,""n_s"":500,""alpha"":100,""seed"":17}},""run"":{""method"":""ours"",""variant"":""sampling"",""t"":100000,""seed"":1,""repeats"":3,""j_star"":1000000,""enum_cap"":0,""write_samples"":false,""verify"":false},""output"":{""out_dir"":""/home/dhy/PhD/v2/out/alpha100_light/d4"",""run_tag"":""""},""sys"":{""threads"":1},""logging"":{""level"":""WARN"",""with_timestamp"":true,""with_thread_id"":false}}","{""generator"":""alacarte_rectgen"",""dataset"":""alpha100_lite_d4__nr500__ns500__a1_000ep02__g17"",""n_r"":500,""n_s"":500,""has_exact_k"":false,""k_target"":0,""k_achieved"":0,""alpha_target"":100,""alpha_achieved"":102.817,""notes"":""alacarte-local alpha_expected_est=100.949 coverage=8.88835 pair_p_est=0.403794 alpha_hat_est=102.817 epsilon_alpha=0.028175 audit_pairs=2000000""}"
,rectgen,100,500,500,ours,sampling,100000,1,2,1,,760.644,102723,1,0,0,0,,0,"{""build_events_ms"":0.152079,""build_mode_families_ms"":94.300693,""phase1_count_ms"":331.978276,""phase2_plan_ms"":2.200105,""phase3_sample_ms"":271.797611,""run_build_ms"":94.467141,""run_count_ms"":331.980595,""run_sample_ms"":274.017175}",,"{""dataset"":{""source"":""synthetic"",""name"":""alpha100_lite_d4__nr500__ns500__a1_000ep02__g17"",""dim"":4,""path_r"":"""",""path_s"":"""",""synthetic"":{""generator"":""rectgen"",""n_r"":500,""n_s"":500,""alpha"":100,""seed"":17}},""run"":{""method"":""ours"",""variant"":""sampling"",""t"":100000,""seed"":1,""repeats"":3,""j_star"":1000000,""enum_cap"":0,""write_samples"":false,""verify"":false},""output"":{""out_dir"":""/home/dhy/PhD/v2/out/alpha100_light/d4"",""run_tag"":""""},""sys"":{""threads"":1},""logging"":{""level"":""WARN"",""with_timestamp"":true,""with_thread_id"":false}}","{""generator"":""alacarte_rectgen"",""dataset"":""alpha100_lite_d4__nr500__ns500__a1_000ep02__g17"",""n_r"":500,""n_s"":500,""has_exact_k"":false,""k_target"":0,""k_achieved"":0,""alpha_target"":100,""alpha_achieved"":102.817,""notes"":""alacarte-local alpha_expected_est=100.949 coverage=8.88835 pair_p_est=0.403794 alpha_hat_est=102.817 epsilon_alpha=0.028175 audit_pairs=2000000""}"
,rectgen,100,500,500,ours,sampling,100000,2,3,1,,763.416,102723,1,0,0,0,,0,"{""build_events_ms"":0.156179,""build_mode_families_ms"":95.193615,""phase1_count_ms"":333.942468,""phase2_plan_ms"":2.179136,""phase3_sample_ms"":271.308644,""run_build_ms"":95.363601,""run_count_ms"":333.944758,""run_sample_ms"":273.509408}",,"{""dataset"":{""source"":""synthetic"",""name"":""alpha100_lite_d4__nr500__ns500__a1_000ep02__g17"",""dim"":4,""path_r"":"""",""path_s"":"""",""synthetic"":{""generator"":""rectgen"",""n_r"":500,""n_s"":500,""alpha"":100,""seed"":17}},""run"":{""method"":""ours"",""variant"":""sampling"",""t"":100000,""seed"":1,""repeats"":3,""j_star"":1000000,""enum_cap"":0,""write_samples"":false,""verify"":false},""output"":{""out_dir"":""/home/dhy/PhD/v2/out/alpha100_light/d4"",""run_tag"":""""},""sys"":{""threads"":1},""logging"":{""level"":""WARN"",""with_timestamp"":true,""with_thread_id"":false}}","{""generator"":""alacarte_rectgen"",""dataset"":""alpha100_lite_d4__nr500__ns500__a1_000ep02__g17"",""n_r"":500,""n_s"":500,""has_exact_k"":false,""k_target"":0,""k_achieved"":0,""alpha_target"":100,""alpha_achieved"":102.817,""notes"":""alacarte-local alpha_expected_est=100.949 coverage=8.88835 pair_p_est=0.403794 alpha_hat_est=102.817 epsilon_alpha=0.028175 audit_pairs=2000000""}"
,rectgen,100,500,500,kd_tree,sampling,100000,0,1,1,,16.5756,102723,1,0,0,0,,0,"{""build_ms"":0.129540,""build_points_ms"":0.127890,""phase1_count_ms"":3.207579,""phase2_plan_ms"":6.713495,""phase3_fill_ms"":6.500871,""run_build_ms"":0.130170,""run_count_ms"":3.208409,""run_sample_ms"":13.235165}",,"{""dataset"":{""source"":""synthetic"",""name"":""alpha100_lite_d4__nr500__ns500__a1_000ep02__g17"",""dim"":4,""path_r"":"""",""path_s"":"""",""synthetic"":{""generator"":""rectgen"",""n_r"":500,""n_s"":500,""alpha"":100,""seed"":17}},""run"":{""method"":""kd_tree"",""variant"":""sampling"",""t"":100000,""seed"":1,""repeats"":3,""j_star"":1000000,""enum_cap"":0,""write_samples"":false,""verify"":false},""output"":{""out_dir"":""/home/dhy/PhD/v2/out/alpha100_light/d4"",""run_tag"":""""},""sys"":{""threads"":1},""logging"":{""level"":""WARN"",""with_timestamp"":true,""with_thread_id"":false}}","{""generator"":""alacarte_rectgen"",""dataset"":""alpha100_lite_d4__nr500__ns500__a1_000ep02__g17"",""n_r"":500,""n_s"":500,""has_exact_k"":false,""k_target"":0,""k_achieved"":0,""alpha_target"":100,""alpha_achieved"":102.817,""notes"":""alacarte-local alpha_expected_est=100.949 coverage=8.88835 pair_p_est=0.403794 alpha_hat_est=102.817 epsilon_alpha=0.028175 audit_pairs=2000000""}"
,rectgen,100,500,500,kd_tree,sampling,100000,1,2,1,,16.5133,102723,1,0,0,0,,0,"{""build_ms"":0.090343,""build_points_ms"":0.089973,""phase1_count_ms"":3.211239,""phase2_plan_ms"":6.706246,""phase3_fill_ms"":6.487152,""run_build_ms"":0.090543,""run_count_ms"":3.211509,""run_sample_ms"":13.210357}",,"{""dataset"":{""source"":""synthetic"",""name"":""alpha100_lite_d4__nr500__ns500__a1_000ep02__g17"",""dim"":4,""path_r"":"""",""path_s"":"""",""synthetic"":{""generator"":""rectgen"",""n_r"":500,""n_s"":500,""alpha"":100,""seed"":17}},""run"":{""method"":""kd_tree"",""variant"":""sampling"",""t"":100000,""seed"":1,""repeats"":3,""j_star"":1000000,""enum_cap"":0,""write_samples"":false,""verify"":false},""output"":{""out_dir"":""/home/dhy/PhD/v2/out/alpha100_light/d4"",""run_tag"":""""},""sys"":{""threads"":1},""logging"":{""level"":""WARN"",""with_timestamp"":true,""with_thread_id"":false}}","{""generator"":""alacarte_rectgen"",""dataset"":""alpha100_lite_d4__nr500__ns500__a1_000ep02__g17"",""n_r"":500,""n_s"":500,""has_exact_k"":false,""k_target"":0,""k_achieved"":0,""alpha_target"":100,""alpha_achieved"":102.817,""notes"":""alacarte-local alpha_expected_est=100.949 coverage=8.88835 pair_p_est=0.403794 alpha_hat_est=102.817 epsilon_alpha=0.028175 audit_pairs=2000000""}"
,rectgen,100,500,500,kd_tree,sampling,100000,2,3,1,,16.5502,102723,1,0,0,0,,0,"{""build_ms"":0.090273,""build_points_ms"":0.089843,""phase1_count_ms"":3.187691,""phase2_plan_ms"":6.754263,""phase3_fill_ms"":6.499642,""run_build_ms"":0.090563,""run_count_ms"":3.188221,""run_sample_ms"":13.270752}",,"{""dataset"":{""source"":""synthetic"",""name"":""alpha100_lite_d4__nr500__ns500__a1_000ep02__g17"",""dim"":4,""path_r"":"""",""path_s"":"""",""synthetic"":{""generator"":""rectgen"",""n_r"":500,""n_s"":500,""alpha"":100,""seed"":17}},""run"":{""method"":""kd_tree"",""variant"":""sampling"",""t"":100000,""seed"":1,""repeats"":3,""j_star"":1000000,""enum_cap"":0,""write_samples"":false,""verify"":false},""output"":{""out_dir"":""/home/dhy/PhD/v2/out/alpha100_light/d4"",""run_tag"":""""},""sys"":{""threads"":1},""logging"":{""level"":""WARN"",""with_timestamp"":true,""with_thread_id"":false}}","{""generator"":""alacarte_rectgen"",""dataset"":""alpha100_lite_d4__nr500__ns500__a1_000ep02__g17"",""n_r"":500,""n_s"":500,""has_exact_k"":false,""k_target"":0,""k_achieved"":0,""alpha_target"":100,""alpha_achieved"":102.817,""notes"":""alacarte-local alpha_expected_est=100.949 coverage=8.88835 pair_p_est=0.403794 alpha_hat_est=102.817 epsilon_alpha=0.028175 audit_pairs=2000000""}"
,rectgen,100,200,200,ours,sampling,10000,0,1,1,,675.458,40000,1,0,0,0,,0,"{""build_events_ms"":0.080624,""build_mode_families_ms"":146.418936,""phase1_count_ms"":299.534340,""phase2_plan_ms"":0.317026,""phase3_sample_ms"":229.042417,""run_build_ms"":146.519590,""run_count_ms"":299.536271,""run_sample_ms"":229.383341}",,"{""dataset"":{""source"":""synthetic"",""name"":""alpha100_lite_d5__nr200__ns200__a1_000ep02__g7"",""dim"":5,""path_r"":"""",""path_s"":"""",""synthetic"":{""generator"":""rectgen"",""n_r"":200,""n_s"":200,""alpha"":100,""seed"":7}},""run"":{""method"":""ours"",""variant"":""sampling"",""t"":10000,""seed"":1,""repeats"":3,""j_star"":1000000,""enum_cap"":0,""write_samples"":false,""verify"":false},""output"":{""out_dir"":""/home/dhy/PhD/v2/out/alpha100_light/d5"",""run_tag"":""""},""sys"":{""threads"":1},""logging"":{""level"":""WARN"",""with_timestamp"":true,""with_thread_id"":false}}","{""generator"":""alacarte_rectgen"",""dataset"":""alpha100_lite_d5__nr200__ns200__a1_000ep02__g7"",""n_r"":200,""n_s"":200,""has_exact_k"":false,""k_target"":0,""k_achieved"":0,""alpha_target"":100,""alpha_achieved"":100,""notes"":""alacarte-local alpha_expected_est=100 coverage=72407.7 pair_p_est=1 alpha_hat_est=100 epsilon_alpha=0 audit_pairs=2000000""}"
,rectgen,100,200,200,ours,sampling,10000,1,2,1,,706.07,40000,1,0,0,0,,0,"{""build_events_ms"":0.044376,""build_mode_families_ms"":91.102249,""phase1_count_ms"":293.326175,""phase2_plan_ms"":0.257431,""phase3_sample_ms"":229.323674,""run_build_ms"":91.156204,""run_count_ms"":293.328215,""run_sample_ms"":229.589094}",,"{""dataset"":{""source"":""synthetic"",""name"":""alpha100_lite_d5__nr200__ns200__a1_000ep02__g7"",""dim"":5,""path_r"":"""",""path_s"":"""",""synthetic"":{""generator"":""rectgen"",""n_r"":200,""n_s"":200,""alpha"":100,""seed"":7}},""run"":{""method"":""ours"",""variant"":""sampling"",""t"":10000,""seed"":1,""repeats"":3,""j_star"":1000000,""enum_cap"":0,""write_samples"":false,""verify"":false},""output"":{""out_dir"":""/home/dhy/PhD/v2/out/alpha100_light/d5"",""run_tag"":""""},""sys"":{""threads"":1},""logging"":{""level"":""WARN"",""with_timestamp"":true,""with_thread_id"":false}}","{""generator"":""alacarte_rectgen"",""dataset"":""alpha100_lite_d5__nr200__ns200__a1_000ep02__g7"",""n_r"":200,""n_s"":200,""has_exact_k"":false,""k_target"":0,""k_achieved"":0,""alpha_target"":100,""alpha_achieved"":100,""notes"":""alacarte-local alpha_expected_est=100 coverage=72407.7 pair_p_est=1 alpha_hat_est=100 epsilon_alpha=0 audit_pairs=2000000""}"
,rectgen,100,200,200,ours,sampling,10000,2,3,1,,708.821,40000,1,0,0,0,,0,"{""build_events_ms"":0.044816,""build_mode_families_ms"":91.127420,""phase1_count_ms"":290.915893,""phase2_plan_ms"":0.249042,""phase3_sample_ms"":229.929501,""run_build_ms"":91.180645,""run_count_ms"":290.918693,""run_sample_ms"":230.185992}",,"{""dataset"":{""source"":""synthetic"",""name"":""alpha100_lite_d5__nr200__ns200__a1_000ep02__g7"",""dim"":5,""path_r"":"""",""path_s"":"""",""synthetic"":{""generator"":""rectgen"",""n_r"":200,""n_s"":200,""alpha"":100,""seed"":7}},""run"":{""method"":""ours"",""variant"":""sampling"",""t"":10000,""seed"":1,""repeats"":3,""j_star"":1000000,""enum_cap"":0,""write_samples"":false,""verify"":false},""output"":{""out_dir"":""/home/dhy/PhD/v2/out/alpha100_light/d5"",""run_tag"":""""},""sys"":{""threads"":1},""logging"":{""level"":""WARN"",""with_timestamp"":true,""with_thread_id"":false}}","{""generator"":""alacarte_rectgen"",""dataset"":""alpha100_lite_d5__nr200__ns200__a1_000ep02__g7"",""n_r"":200,""n_s"":200,""has_exact_k"":false,""k_target"":0,""k_achieved"":0,""alpha_target"":100,""alpha_achieved"":100,""notes"":""alacarte-local alpha_expected_est=100 coverage=72407.7 pair_p_est=1 alpha_hat_est=100 epsilon_alpha=0 audit_pairs=2000000""}"
,rectgen,100,200,200,kd_tree,sampling,10000,0,1,1,,0.818579,40000,1,0,0,0,,0,"{""build_ms"":0.050496,""build_points_ms"":0.049286,""phase1_count_ms"":0.012789,""phase2_plan_ms"":0.558568,""phase3_fill_ms"":0.174617,""run_build_ms"":0.066325,""run_count_ms"":0.013349,""run_sample_ms"":0.737355}",,"{""dataset"":{""source"":""synthetic"",""name"":""alpha100_lite_d5__nr200__ns200__a1_000ep02__g7"",""dim"":5,""path_r"":"""",""path_s"":"""",""synthetic"":{""generator"":""rectgen"",""n_r"":200,""n_s"":200,""alpha"":100,""seed"":7}},""run"":{""method"":""kd_tree"",""variant"":""sampling"",""t"":10000,""seed"":1,""repeats"":3,""j_star"":1000000,""enum_cap"":0,""write_samples"":false,""verify"":false},""output"":{""out_dir"":""/home/dhy/PhD/v2/out/alpha100_light/d5"",""run_tag"":""""},""sys"":{""threads"":1},""logging"":{""level"":""WARN"",""with_timestamp"":true,""with_thread_id"":false}}","{""generator"":""alacarte_rectgen"",""dataset"":""alpha100_lite_d5__nr200__ns200__a1_000ep02__g7"",""n_r"":200,""n_s"":200,""has_exact_k"":false,""k_target"":0,""k_achieved"":0,""alpha_target"":100,""alpha_achieved"":100,""notes"":""alacarte-local alpha_expected_est=100 coverage=72407.7 pair_p_est=1 alpha_hat_est=100 epsilon_alpha=0 audit_pairs=2000000""}"
,rectgen,100,200,200,kd_tree,sampling,10000,1,2,1,,0.775242,40000,1,0,0,0,,0,"{""build_ms"":0.029817,""build_points_ms"":0.029608,""phase1_count_ms"":0.011229,""phase2_plan_ms"":0.570098,""phase3_fill_ms"":0.161348,""run_build_ms"":0.029977,""run_count_ms"":0.011439,""run_sample_ms"":0.733336}",,"{""dataset"":{""source"":""synthetic"",""name"":""alpha100_lite_d5__nr200__ns200__a1_000ep02__g7"",""dim"":5,""path_r"":"""",""path_s"":"""",""synthetic"":{""generator"":""rectgen"",""n_r"":200,""n_s"":200,""alpha"":100,""seed"":7}},""run"":{""method"":""kd_tree"",""variant"":""sampling"",""t"":10000,""seed"":1,""repeats"":3,""j_star"":1000000,""enum_cap"":0,""write_samples"":false,""verify"":false},""output"":{""out_dir"":""/home/dhy/PhD/v2/out/alpha100_light/d5"",""run_tag"":""""},""sys"":{""threads"":1},""logging"":{""level"":""WARN"",""with_timestamp"":true,""with_thread_id"":false}}","{""generator"":""alacarte_rectgen"",""dataset"":""alpha100_lite_d5__nr200__ns200__a1_000ep02__g7"",""n_r"":200,""n_s"":200,""has_exact_k"":false,""k_target"":0,""k_achieved"":0,""alpha_target"":100,""alpha_achieved"":100,""notes"":""alacarte-local alpha_expected_est=100 coverage=72407.7 pair_p_est=1 alpha_hat_est=100 epsilon_alpha=0 audit_pairs=2000000""}"
,rectgen,100,200,200,kd_tree,sampling,10000,2,3,1,,0.763113,40000,1,0,0,0,,0,"{""build_ms"":0.027788,""build_points_ms"":0.027618,""phase1_count_ms"":0.011119,""phase2_plan_ms"":0.561198,""phase3_fill_ms"":0.160178,""run_build_ms"":0.027958,""run_count_ms"":0.011269,""run_sample_ms"":0.723356}",,"{""dataset"":{""source"":""synthetic"",""name"":""alpha100_lite_d5__nr200__ns200__a1_000ep02__g7"",""dim"":5,""path_r"":"""",""path_s"":"""",""synthetic"":{""generator"":""rectgen"",""n_r"":200,""n_s"":200,""alpha"":100,""seed"":7}},""run"":{""method"":""kd_tree"",""variant"":""sampling"",""t"":10000,""seed"":1,""repeats"":3,""j_star"":1000000,""enum_cap"":0,""write_samples"":false,""verify"":false},""output"":{""out_dir"":""/home/dhy/PhD/v2/out/alpha100_light/d5"",""run_tag"":""""},""sys"":{""threads"":1},""logging"":{""level"":""WARN"",""with_timestamp"":true,""with_thread_id"":false}}","{""generator"":""alacarte_rectgen"",""dataset"":""alpha100_lite_d5__nr200__ns200__a1_000ep02__g7"",""n_r"":200,""n_s"":200,""has_exact_k"":false,""k_target"":0,""k_achieved"":0,""alpha_target"":100,""alpha_achieved"":100,""notes"":""alacarte-local alpha_expected_est=100 coverage=72407.7 pair_p_est=1 alpha_hat_est=100 epsilon_alpha=0 audit_pairs=2000000""}"
,rectgen,100,200,200,ours,sampling,50000,0,1,1,,625.672,40000,1,0,0,0,,0,"{""build_events_ms"":0.030068,""build_mode_families_ms"":89.438261,""phase1_count_ms"":292.490109,""phase2_plan_ms"":1.331830,""phase3_sample_ms"":242.311717,""run_build_ms"":89.475639,""run_count_ms"":292.492579,""run_sample_ms"":243.701252}",,"{""dataset"":{""source"":""synthetic"",""name"":""alpha100_lite_d5__nr200__ns200__a1_000ep02__g7"",""dim"":5,""path_r"":"""",""path_s"":"""",""synthetic"":{""generator"":""rectgen"",""n_r"":200,""n_s"":200,""alpha"":100,""seed"":7}},""run"":{""method"":""ours"",""variant"":""sampling"",""t"":50000,""seed"":1,""repeats"":3,""j_star"":1000000,""enum_cap"":0,""write_samples"":false,""verify"":false},""output"":{""out_dir"":""/home/dhy/PhD/v2/out/alpha100_light/d5"",""run_tag"":""""},""sys"":{""threads"":1},""logging"":{""level"":""WARN"",""with_timestamp"":true,""with_thread_id"":false}}","{""generator"":""alacarte_rectgen"",""dataset"":""alpha100_lite_d5__nr200__ns200__a1_000ep02__g7"",""n_r"":200,""n_s"":200,""has_exact_k"":false,""k_target"":0,""k_achieved"":0,""alpha_target"":100,""alpha_achieved"":100,""notes"":""alacarte-local alpha_expected_est=100 coverage=72407.7 pair_p_est=1 alpha_hat_est=100 epsilon_alpha=0 audit_pairs=2000000""}"
,rectgen,100,200,200,ours,sampling,50000,1,2,1,,729.209,40000,1,0,0,0,,0,"{""build_events_ms"":0.045077,""build_mode_families_ms"":91.673113,""phase1_count_ms"":296.220634,""phase2_plan_ms"":1.251906,""phase3_sample_ms"":244.582958,""run_build_ms"":91.728230,""run_count_ms"":296.223434,""run_sample_ms"":245.848622}",,"{""dataset"":{""source"":""synthetic"",""name"":""alpha100_lite_d5__nr200__ns200__a1_000ep02__g7"",""dim"":5,""path_r"":"""",""path_s"":"""",""synthetic"":{""generator"":""rectgen"",""n_r"":200,""n_s"":200,""alpha"":100,""seed"":7}},""run"":{""method"":""ours"",""variant"":""sampling"",""t"":50000,""seed"":1,""repeats"":3,""j_star"":1000000,""enum_cap"":0,""write_samples"":false,""verify"":false},""output"":{""out_dir"":""/home/dhy/PhD/v2/out/alpha100_light/d5"",""run_tag"":""""},""sys"":{""threads"":1},""logging"":{""level"":""WARN"",""with_timestamp"":true,""with_thread_id"":false}}","{""generator"":""alacarte_rectgen"",""dataset"":""alpha100_lite_d5__nr200__ns200__a1_000ep02__g7"",""n_r"":200,""n_s"":200,""has_exact_k"":false,""k_target"":0,""k_achieved"":0,""alpha_target"":100,""alpha_achieved"":100,""notes"":""alacarte-local alpha_expected_est=100 coverage=72407.7 pair_p_est=1 alpha_hat_est=100 epsilon_alpha=0 audit_pairs=2000000""}"
,rectgen,100,200,200,ours,sampling,50000,2,3,1,,727.679,40000,1,0,0,0,,0,"{""build_events_ms"":0.044477,""build_mode_families_ms"":93.091916,""phase1_count_ms"":296.491512,""phase2_plan_ms"":1.152294,""phase3_sample_ms"":244.387484,""run_build_ms"":93.145443,""run_count_ms"":296.494542,""run_sample_ms"":245.553548}",,"{""dataset"":{""source"":""synthetic"",""name"":""alpha100_lite_d5__nr200__ns200__a1_000ep02__g7"",""dim"":5,""path_r"":"""",""path_s"":"""",""synthetic"":{""generator"":""rectgen"",""n_r"":200,""n_s"":200,""alpha"":100,""seed"":7}},""run"":{""method"":""ours"",""variant"":""sampling"",""t"":50000,""seed"":1,""repeats"":3,""j_star"":1000000,""enum_cap"":0,""write_samples"":false,""verify"":false},""output"":{""out_dir"":""/home/dhy/PhD/v2/out/alpha100_light/d5"",""run_tag"":""""},""sys"":{""threads"":1},""logging"":{""level"":""WARN"",""with_timestamp"":true,""with_thread_id"":false}}","{""generator"":""alacarte_rectgen"",""dataset"":""alpha100_lite_d5__nr200__ns200__a1_000ep02__g7"",""n_r"":200,""n_s"":200,""has_exact_k"":false,""k_target"":0,""k_achieved"":0,""alpha_target"":100,""alpha_achieved"":100,""notes"":""alacarte-local alpha_expected_est=100 coverage=72407.7 pair_p_est=1 alpha_hat_est=100 epsilon_alpha=0 audit_pairs=2000000""}"
,rectgen,100,200,200,kd_tree,sampling,50000,0,1,1,,3.85326,40000,1,0,0,0,,0,"{""build_ms"":0.047386,""build_points_ms"":0.046126,""phase1_count_ms"":0.013159,""phase2_plan_ms"":3.117318,""phase3_fill_ms"":0.659561,""run_build_ms"":0.047926,""run_count_ms"":0.013879,""run_sample_ms"":3.789887}",,"{""dataset"":{""source"":""synthetic"",""name"":""alpha100_lite_d5__nr200__ns200__a1_000ep02__g7"",""dim"":5,""path_r"":"""",""path_s"":"""",""synthetic"":{""generator"":""rectgen"",""n_r"":200,""n_s"":200,""alpha"":100,""seed"":7}},""run"":{""method"":""kd_tree"",""variant"":""sampling"",""t"":50000,""seed"":1,""repeats"":3,""j_star"":1000000,""enum_cap"":0,""write_samples"":false,""verify"":false},""output"":{""out_dir"":""/home/dhy/PhD/v2/out/alpha100_light/d5"",""run_tag"":""""},""sys"":{""threads"":1},""logging"":{""level"":""WARN"",""with_timestamp"":true,""with_thread_id"":false}}","{""generator"":""alacarte_rectgen"",""dataset"":""alpha100_lite_d5__nr200__ns200__a1_000ep02__g7"",""n_r"":200,""n_s"":200,""has_exact_k"":false,""k_target"":0,""k_achieved"":0,""alpha_target"":100,""alpha_achieved"":100,""notes"":""alacarte-local alpha_expected_est=100 coverage=72407.7 pair_p_est=1 alpha_hat_est=100 epsilon_alpha=0 audit_pairs=2000000""}"
,rectgen,100,200,200,kd_tree,sampling,50000,1,2,1,,3.9141,40000,1,0,0,0,,0,"{""build_ms"":0.030938,""build_points_ms"":0.030608,""phase1_count_ms"":0.011519,""phase2_plan_ms"":3.200550,""phase3_fill_ms"":0.662121,""run_build_ms"":0.031078,""run_count_ms"":0.011729,""run_sample_ms"":3.870510}",,"{""dataset"":{""source"":""synthetic"",""name"":""alpha100_lite_d5__nr200__ns200__a1_000ep02__g7"",""dim"":5,""path_r"":"""",""path_s"":"""",""synthetic"":{""generator"":""rectgen"",""n_r"":200,""n_s"":200,""alpha"":100,""seed"":7}},""run"":{""method"":""kd_tree"",""variant"":""sampling"",""t"":50000,""seed"":1,""repeats"":3,""j_star"":1000000,""enum_cap"":0,""write_samples"":false,""verify"":false},""output"":{""out_dir"":""/home/dhy/PhD/v2/out/alpha100_light/d5"",""run_tag"":""""},""sys"":{""threads"":1},""logging"":{""level"":""WARN"",""with_timestamp"":true,""with_thread_id"":false}}","{""generator"":""alacarte_rectgen"",""dataset"":""alpha100_lite_d5__nr200__ns200__a1_000ep02__g7"",""n_r"":200,""n_s"":200,""has_exact_k"":false,""k_target"":0,""k_achieved"":0,""alpha_target"":100,""alpha_achieved"":100,""notes"":""alacarte-local alpha_expected_est=100 coverage=72407.7 pair_p_est=1 alpha_hat_est=100 epsilon_alpha=0 audit_pairs=2000000""}"
,rectgen,100,200,200,kd_tree,sampling,50000,2,3,1,,3.91678,40000,1,0,0,0,,0,"{""build_ms"":0.029618,""build_points_ms"":0.029448,""phase1_count_ms"":0.011569,""phase2_plan_ms"":3.203010,""phase3_fill_ms"":0.663611,""run_build_ms"":0.029878,""run_count_ms"":0.011839,""run_sample_ms"":3.874231}",,"{""dataset"":{""source"":""synthetic"",""name"":""alpha100_lite_d5__nr200__ns200__a1_000ep02__g7"",""dim"":5,""path_r"":"""",""path_s"":"""",""synthetic"":{""generator"":""rectgen"",""n_r"":200,""n_s"":200,""alpha"":100,""seed"":7}},""run"":{""method"":""kd_tree"",""variant"":""sampling"",""t"":50000,""seed"":1,""repeats"":3,""j_star"":1000000,""enum_cap"":0,""write_samples"":false,""verify"":false},""output"":{""out_dir"":""/home/dhy/PhD/v2/out/alpha100_light/d5"",""run_tag"":""""},""sys"":{""threads"":1},""logging"":{""level"":""WARN"",""with_timestamp"":true,""with_thread_id"":false}}","{""generator"":""alacarte_rectgen"",""dataset"":""alpha100_lite_d5__nr200__ns200__a1_000ep02__g7"",""n_r"":200,""n_s"":200,""has_exact_k"":false,""k_target"":0,""k_achieved"":0,""alpha_target"":100,""alpha_achieved"":100,""notes"":""alacarte-local alpha_expected_est=100 coverage=72407.7 pair_p_est=1 alpha_hat_est=100 epsilon_alpha=0 audit_pairs=2000000""}"
,rectgen,100,200,200,ours,sampling,100000,0,1,1,,637.86,40000,1,0,0,0,,0,"{""build_events_ms"":0.029858,""build_mode_families_ms"":92.335713,""phase1_count_ms"":294.812420,""phase2_plan_ms"":2.379962,""phase3_sample_ms"":248.269958,""run_build_ms"":92.373230,""run_count_ms"":294.814680,""run_sample_ms"":250.670188}",,"{""dataset"":{""source"":""synthetic"",""name"":""alpha100_lite_d5__nr200__ns200__a1_000ep02__g7"",""dim"":5,""path_r"":"""",""path_s"":"""",""synthetic"":{""generator"":""rectgen"",""n_r"":200,""n_s"":200,""alpha"":100,""seed"":7}},""run"":{""method"":""ours"",""variant"":""sampling"",""t"":100000,""seed"":1,""repeats"":3,""j_star"":1000000,""enum_cap"":0,""write_samples"":false,""verify"":false},""output"":{""out_dir"":""/home/dhy/PhD/v2/out/alpha100_light/d5"",""run_tag"":""""},""sys"":{""threads"":1},""logging"":{""level"":""WARN"",""with_timestamp"":true,""with_thread_id"":false}}","{""generator"":""alacarte_rectgen"",""dataset"":""alpha100_lite_d5__nr200__ns200__a1_000ep02__g7"",""n_r"":200,""n_s"":200,""has_exact_k"":false,""k_target"":0,""k_achieved"":0,""alpha_target"":100,""alpha_achieved"":100,""notes"":""alacarte-local alpha_expected_est=100 coverage=72407.7 pair_p_est=1 alpha_hat_est=100 epsilon_alpha=0 audit_pairs=2000000""}"
,rectgen,100,200,200,ours,sampling,100000,1,2,1,,728.632,40000,1,0,0,0,,0,"{""build_events_ms"":0.044467,""build_mode_families_ms"":92.756600,""phase1_count_ms"":292.378907,""phase2_plan_ms"":2.279580,""phase3_sample_ms"":246.750511,""run_build_ms"":92.810936,""run_count_ms"":292.381136,""run_sample_ms"":249.050300}",,"{""dataset"":{""source"":""synthetic"",""name"":""alpha100_lite_d5__nr200__ns200__a1_000ep02__g7"",""dim"":5,""path_r"":"""",""path_s"":"""",""synthetic"":{""generator"":""rectgen"",""n_r"":200,""n_s"":200,""alpha"":100,""seed"":7}},""run"":{""method"":""ours"",""variant"":""sampling"",""t"":100000,""seed"":1,""repeats"":3,""j_star"":1000000,""enum_cap"":0,""write_samples"":false,""verify"":false},""output"":{""out_dir"":""/home/dhy/PhD/v2/out/alpha100_light/d5"",""run_tag"":""""},""sys"":{""threads"":1},""logging"":{""level"":""WARN"",""with_timestamp"":true,""with_thread_id"":false}}","{""generator"":""alacarte_rectgen"",""dataset"":""alpha100_lite_d5__nr200__ns200__a1_000ep02__g7"",""n_r"":200,""n_s"":200,""has_exact_k"":false,""k_target"":0,""k_achieved"":0,""alpha_target"":100,""alpha_achieved"":100,""notes"":""alacarte-local alpha_expected_est=100 coverage=72407.7 pair_p_est=1 alpha_hat_est=100 epsilon_alpha=0 audit_pairs=2000000""}"
,rectgen,100,200,200,ours,sampling,100000,2,3,1,,735.189,40000,1,0,0,0,,0,"{""build_events_ms"":0.046416,""build_mode_families_ms"":92.367858,""phase1_count_ms"":295.989406,""phase2_plan_ms"":2.297789,""phase3_sample_ms"":248.122913,""run_build_ms"":92.423563,""run_count_ms"":295.991716,""run_sample_ms"":250.441200}",,"{""dataset"":{""source"":""synthetic"",""name"":""alpha100_lite_d5__nr200__ns200__a1_000ep02__g7"",""dim"":5,""path_r"":"""",""path_s"":"""",""synthetic"":{""generator"":""rectgen"",""n_r"":200,""n_s"":200,""alpha"":100,""seed"":7}},""run"":{""method"":""ours"",""variant"":""sampling"",""t"":100000,""seed"":1,""repeats"":3,""j_star"":1000000,""enum_cap"":0,""write_samples"":false,""verify"":false},""output"":{""out_dir"":""/home/dhy/PhD/v2/out/alpha100_light/d5"",""run_tag"":""""},""sys"":{""threads"":1},""logging"":{""level"":""WARN"",""with_timestamp"":true,""with_thread_id"":false}}","{""generator"":""alacarte_rectgen"",""dataset"":""alpha100_lite_d5__nr200__ns200__a1_000ep02__g7"",""n_r"":200,""n_s"":200,""has_exact_k"":false,""k_target"":0,""k_achieved"":0,""alpha_target"":100,""alpha_achieved"":100,""notes"":""alacarte-local alpha_expected_est=100 coverage=72407.7 pair_p_est=1 alpha_hat_est=100 epsilon_alpha=0 audit_pairs=2000000""}"
,rectgen,100,200,200,kd_tree,sampling,100000,0,1,1,,7.92305,40000,1,0,0,0,,0,"{""build_ms"":0.043807,""build_points_ms"":0.042777,""phase1_count_ms"":0.012599,""phase2_plan_ms"":6.547123,""phase3_fill_ms"":1.293584,""run_build_ms"":0.044417,""run_count_ms"":0.013359,""run_sample_ms"":7.863405}",,"{""dataset"":{""source"":""synthetic"",""name"":""alpha100_lite_d5__nr200__ns200__a1_000ep02__g7"",""dim"":5,""path_r"":"""",""path_s"":"""",""synthetic"":{""generator"":""rectgen"",""n_r"":200,""n_s"":200,""alpha"":100,""seed"":7}},""run"":{""method"":""kd_tree"",""variant"":""sampling"",""t"":100000,""seed"":1,""repeats"":3,""j_star"":1000000,""enum_cap"":0,""write_samples"":false,""verify"":false},""output"":{""out_dir"":""/home/dhy/PhD/v2/out/alpha100_light/d5"",""run_tag"":""""},""sys"":{""threads"":1},""logging"":{""level"":""WARN"",""with_timestamp"":true,""with_thread_id"":false}}","{""generator"":""alacarte_rectgen"",""dataset"":""alpha100_lite_d5__nr200__ns200__a1_000ep02__g7"",""n_r"":200,""n_s"":200,""has_exact_k"":false,""k_target"":0,""k_achieved"":0,""alpha_target"":100,""alpha_achieved"":100,""notes"":""alacarte-local alpha_expected_est=100 coverage=72407.7 pair_p_est=1 alpha_hat_est=100 epsilon_alpha=0 audit_pairs=2000000""}"
,rectgen,100,200,200,kd_tree,sampling,100000,1,2,1,,7.84134,40000,1,0,0,0,,0,"{""build_ms"":0.030988,""build_points_ms"":0.030797,""phase1_count_ms"":0.011529,""phase2_plan_ms"":6.497616,""phase3_fill_ms"":1.285374,""run_build_ms"":0.031208,""run_count_ms"":0.011749,""run_sample_ms"":7.797479}",,"{""dataset"":{""source"":""synthetic"",""name"":""alpha100_lite_d5__nr200__ns200__a1_000ep02__g7"",""dim"":5,""path_r"":"""",""path_s"":"""",""synthetic"":{""generator"":""rectgen"",""n_r"":200,""n_s"":200,""alpha"":100,""seed"":7}},""run"":{""method"":""kd_tree"",""variant"":""sampling"",""t"":100000,""seed"":1,""repeats"":3,""j_star"":1000000,""enum_cap"":0,""write_samples"":false,""verify"":false},""output"":{""out_dir"":""/home/dhy/PhD/v2/out/alpha100_light/d5"",""run_tag"":""""},""sys"":{""threads"":1},""logging"":{""level"":""WARN"",""with_timestamp"":true,""with_thread_id"":false}}","{""generator"":""alacarte_rectgen"",""dataset"":""alpha100_lite_d5__nr200__ns200__a1_000ep02__g7"",""n_r"":200,""n_s"":200,""has_exact_k"":false,""k_target"":0,""k_achieved"":0,""alpha_target"":100,""alpha_achieved"":100,""notes"":""alacarte-local alpha_expected_est=100 coverage=72407.7 pair_p_est=1 alpha_hat_est=100 epsilon_alpha=0 audit_pairs=2000000""}"
,rectgen,100,200,200,kd_tree,sampling,100000,2,3,1,,7.94135,40000,1,0,0,0,,0,"{""build_ms"":0.030588,""build_points_ms"":0.030118,""phase1_count_ms"":0.011409,""phase2_plan_ms"":6.597060,""phase3_fill_ms"":1.285424,""run_build_ms"":0.030848,""run_count_ms"":0.011579,""run_sample_ms"":7.897103}",,"{""dataset"":{""source"":""synthetic"",""name"":""alpha100_lite_d5__nr200__ns200__a1_000ep02__g7"",""dim"":5,""path_r"":"""",""path_s"":"""",""synthetic"":{""generator"":""rectgen"",""n_r"":200,""n_s"":200,""alpha"":100,""seed"":7}},""run"":{""method"":""kd_tree"",""variant"":""sampling"",""t"":100000,""seed"":1,""repeats"":3,""j_star"":1000000,""enum_cap"":0,""write_samples"":false,""verify"":false},""output"":{""out_dir"":""/home/dhy/PhD/v2/out/alpha100_light/d5"",""run_tag"":""""},""sys"":{""threads"":1},""logging"":{""level"":""WARN"",""with_timestamp"":true,""with_thread_id"":false}}","{""generator"":""alacarte_rectgen"",""dataset"":""alpha100_lite_d5__nr200__ns200__a1_000ep02__g7"",""n_r"":200,""n_s"":200,""has_exact_k"":false,""k_target"":0,""k_achieved"":0,""alpha_target"":100,""alpha_achieved"":100,""notes"":""alacarte-local alpha_expected_est=100 coverage=72407.7 pair_p_est=1 alpha_hat_est=100 epsilon_alpha=0 audit_pairs=2000000""}"
,rectgen,100,200,200,ours,sampling,10000,0,1,1,,619.619,40000,1,0,0,0,,0,"{""build_events_ms"":0.034558,""build_mode_families_ms"":89.862739,""phase1_count_ms"":295.914896,""phase2_plan_ms"":0.303277,""phase3_sample_ms"":233.480718,""run_build_ms"":89.905586,""run_count_ms"":295.917426,""run_sample_ms"":233.791854}",,"{""dataset"":{""source"":""synthetic"",""name"":""alpha100_lite_d5__nr200__ns200__a1_000ep02__g17"",""dim"":5,""path_r"":"""",""path_s"":"""",""synthetic"":{""generator"":""rectgen"",""n_r"":200,""n_s"":200,""alpha"":100,""seed"":17}},""run"":{""method"":""ours"",""variant"":""sampling"",""t"":10000,""seed"":1,""repeats"":3,""j_star"":1000000,""enum_cap"":0,""write_samples"":false,""verify"":false},""output"":{""out_dir"":""/home/dhy/PhD/v2/out/alpha100_light/d5"",""run_tag"":""""},""sys"":{""threads"":1},""logging"":{""level"":""WARN"",""with_timestamp"":true,""with_thread_id"":false}}","{""generator"":""alacarte_rectgen"",""dataset"":""alpha100_lite_d5__nr200__ns200__a1_000ep02__g17"",""n_r"":200,""n_s"":200,""has_exact_k"":false,""k_target"":0,""k_achieved"":0,""alpha_target"":100,""alpha_achieved"":100,""notes"":""alacarte-local alpha_expected_est=100 coverage=18101.9 pair_p_est=1 alpha_hat_est=100 epsilon_alpha=0 audit_pairs=2000000""}"
,rectgen,100,200,200,ours,sampling,10000,1,2,1,,695.293,40000,1,0,0,0,,0,"{""build_events_ms"":0.056186,""build_mode_families_ms"":92.219626,""phase1_count_ms"":295.800072,""phase2_plan_ms"":0.251211,""phase3_sample_ms"":231.508064,""run_build_ms"":92.284271,""run_count_ms"":295.802022,""run_sample_ms"":231.805123}",,"{""dataset"":{""source"":""synthetic"",""name"":""alpha100_lite_d5__nr200__ns200__a1_000ep02__g17"",""dim"":5,""path_r"":"""",""path_s"":"""",""synthetic"":{""generator"":""rectgen"",""n_r"":200,""n_s"":200,""alpha"":100,""seed"":17}},""run"":{""method"":""ours"",""variant"":""sampling"",""t"":10000,""seed"":1,""repeats"":3,""j_star"":1000000,""enum_cap"":0,""write_samples"":false,""verify"":false},""output"":{""out_dir"":""/home/dhy/PhD/v2/out/alpha100_light/d5"",""run_tag"":""""},""sys"":{""threads"":1},""logging"":{""level"":""WARN"",""with_timestamp"":true,""with_thread_id"":false}}","{""generator"":""alacarte_rectgen"",""dataset"":""alpha100_lite_d5__nr200__ns200__a1_000ep02__g17"",""n_r"":200,""n_s"":200,""has_exact_k"":false,""k_target"":0,""k_achieved"":0,""alpha_target"":100,""alpha_achieved"":100,""notes"":""alacarte-local alpha_expected_est=100 coverage=18101.9 pair_p_est=1 alpha_hat_est=100 epsilon_alpha=0 audit_pairs=2000000""}"
,rectgen,100,200,200,ours,sampling,10000,2,3,1,,698.358,40000,1,0,0,0,,0,"{""build_events_ms"":0.057056,""build_mode_families_ms"":95.107451,""phase1_count_ms"":295.998729,""phase2_plan_ms"":0.251622,""phase3_sample_ms"":230.864494,""run_build_ms"":95.172936,""run_count_ms"":296.001428,""run_sample_ms"":231.124594}",,"{""dataset"":{""source"":""synthetic"",""name"":""alpha100_lite_d5__nr200__ns200__a1_000ep02__g17"",""dim"":5,""path_r"":"""",""path_s"":"""",""synthetic"":{""generator"":""rectgen"",""n_r"":200,""n_s"":200,""alpha"":100,""seed"":17}},""run"":{""method"":""ours"",""variant"":""sampling"",""t"":10000,""seed"":1,""repeats"":3,""j_star"":1000000,""enum_cap"":0,""write_samples"":false,""verify"":false},""output"":{""out_dir"":""/home/dhy/PhD/v2/out/alpha100_light/d5"",""run_tag"":""""},""sys"":{""threads"":1},""logging"":{""level"":""WARN"",""with_timestamp"":true,""with_thread_id"":false}}","{""generator"":""alacarte_rectgen"",""dataset"":""alpha100_lite_d5__nr200__ns200__a1_000ep02__g17"",""n_r"":200,""n_s"":200,""has_exact_k"":false,""k_target"":0,""k_achieved"":0,""alpha_target"":100,""alpha_achieved"":100,""notes"":""alacarte-local alpha_expected_est=100 coverage=18101.9 pair_p_est=1 alpha_hat_est=100 epsilon_alpha=0 audit_pairs=2000000""}"
,rectgen,100,200,200,kd_tree,sampling,10000,0,1,1,,0.80079,40000,1,0,0,0,,0,"{""build_ms"":0.052696,""build_points_ms"":0.051667,""phase1_count_ms"":0.013488,""phase2_plan_ms"":0.563938,""phase3_fill_ms"":0.163427,""run_build_ms"":0.053716,""run_count_ms"":0.014188,""run_sample_ms"":0.731335}",,"{""dataset"":{""source"":""synthetic"",""name"":""alpha100_lite_d5__nr200__ns200__a1_000ep02__g17"",""dim"":5,""path_r"":"""",""path_s"":"""",""synthetic"":{""generator"":""rectgen"",""n_r"":200,""n_s"":200,""alpha"":100,""seed"":17}},""run"":{""method"":""kd_tree"",""variant"":""sampling"",""t"":10000,""seed"":1,""repeats"":3,""j_star"":1000000,""enum_cap"":0,""write_samples"":false,""verify"":false},""output"":{""out_dir"":""/home/dhy/PhD/v2/out/alpha100_light/d5"",""run_tag"":""""},""sys"":{""threads"":1},""logging"":{""level"":""WARN"",""with_timestamp"":true,""with_thread_id"":false}}","{""generator"":""alacarte_rectgen"",""dataset"":""alpha100_lite_d5__nr200__ns200__a1_000ep02__g17"",""n_r"":200,""n_s"":200,""has_exact_k"":false,""k_target"":0,""k_achieved"":0,""alpha_target"":100,""alpha_achieved"":100,""notes"":""alacarte-local alpha_expected_est=100 coverage=18101.9 pair_p_est=1 alpha_hat_est=100 epsilon_alpha=0 audit_pairs=2000000""}"
,rectgen,100,200,200,kd_tree,sampling,10000,1,2,1,,0.792101,40000,1,0,0,0,,0,"{""build_ms"":0.040097,""build_points_ms"":0.039837,""phase1_count_ms"":0.011429,""phase2_plan_ms"":0.576217,""phase3_fill_ms"":0.161338,""run_build_ms"":0.040277,""run_count_ms"":0.011610,""run_sample_ms"":0.739595}",,"{""dataset"":{""source"":""synthetic"",""name"":""alpha100_lite_d5__nr200__ns200__a1_000ep02__g17"",""dim"":5,""path_r"":"""",""path_s"":"""",""synthetic"":{""generator"":""rectgen"",""n_r"":200,""n_s"":200,""alpha"":100,""seed"":17}},""run"":{""method"":""kd_tree"",""variant"":""sampling"",""t"":10000,""seed"":1,""repeats"":3,""j_star"":1000000,""enum_cap"":0,""write_samples"":false,""verify"":false},""output"":{""out_dir"":""/home/dhy/PhD/v2/out/alpha100_light/d5"",""run_tag"":""""},""sys"":{""threads"":1},""logging"":{""level"":""WARN"",""with_timestamp"":true,""with_thread_id"":false}}","{""generator"":""alacarte_rectgen"",""dataset"":""alpha100_lite_d5__nr200__ns200__a1_000ep02__g17"",""n_r"":200,""n_s"":200,""has_exact_k"":false,""k_target"":0,""k_achieved"":0,""alpha_target"":100,""alpha_achieved"":100,""notes"":""alacarte-local alpha_expected_est=100 coverage=18101.9 pair_p_est=1 alpha_hat_est=100 epsilon_alpha=0 audit_pairs=2000000""}"
,rectgen,100,200,200,kd_tree,sampling,10000,2,3,1,,0.760924,40000,1,0,0,0,,0,"{""build_ms"":0.028618,""build_points_ms"":0.028418,""phase1_count_ms"":0.011579,""phase2_plan_ms"":0.556799,""phase3_fill_ms"":0.161238,""run_build_ms"":0.028758,""run_count_ms"":0.011729,""run_sample_ms"":0.719917}",,"{""dataset"":{""source"":""synthetic"",""name"":""alpha100_lite_d5__nr200__ns200__a1_000ep02__g17"",""dim"":5,""path_r"":"""",""path_s"":"""",""synthetic"":{""generator"":""rectgen"",""n_r"":200,""n_s"":200,""alpha"":100,""seed"":17}},""run"":{""method"":""kd_tree"",""variant"":""sampling"",""t"":10000,""seed"":1,""repeats"":3,""j_star"":1000000,""enum_cap"":0,""write_samples"":false,""verify"":false},""output"":{""out_dir"":""/home/dhy/PhD/v2/out/alpha100_light/d5"",""run_tag"":""""},""sys"":{""threads"":1},""logging"":{""level"":""WARN"",""with_timestamp"":true,""with_thread_id"":false}}","{""generator"":""alacarte_rectgen"",""dataset"":""alpha100_lite_d5__nr200__ns200__a1_000ep02__g17"",""n_r"":200,""n_s"":200,""has_exact_k"":false,""k_target"":0,""k_achieved"":0,""alpha_target"":100,""alpha_achieved"":100,""notes"":""alacarte-local alpha_expected_est=100 coverage=18101.9 pair_p_est=1 alpha_hat_est=100 epsilon_alpha=0 audit_pairs=2000000""}"
,rectgen,100,200,200,ours,sampling,50000,0,1,1,,634.8,40000,1,0,0,0,,0,"{""build_events_ms"":0.034767,""build_mode_families_ms"":92.417619,""phase1_count_ms"":297.265042,""phase2_plan_ms"":1.323482,""phase3_sample_ms"":243.731772,""run_build_ms"":92.460095,""run_count_ms"":297.267392,""run_sample_ms"":245.069592}",,"{""dataset"":{""source"":""synthetic"",""name"":""alpha100_lite_d5__nr200__ns200__a1_000ep02__g17"",""dim"":5,""path_r"":"""",""path_s"":"""",""synthetic"":{""generator"":""rectgen"",""n_r"":200,""n_s"":200,""alpha"":100,""seed"":17}},""run"":{""method"":""ours"",""variant"":""sampling"",""t"":50000,""seed"":1,""repeats"":3,""j_star"":1000000,""enum_cap"":0,""write_samples"":false,""verify"":false},""output"":{""out_dir"":""/home/dhy/PhD/v2/out/alpha100_light/d5"",""run_tag"":""""},""sys"":{""threads"":1},""logging"":{""level"":""WARN"",""with_timestamp"":true,""with_thread_id"":false}}","{""generator"":""alacarte_rectgen"",""dataset"":""alpha100_lite_d5__nr200__ns200__a1_000ep02__g17"",""n_r"":200,""n_s"":200,""has_exact_k"":false,""k_target"":0,""k_achieved"":0,""alpha_target"":100,""alpha_achieved"":100,""notes"":""alacarte-local alpha_expected_est=100 coverage=18101.9 pair_p_est=1 alpha_hat_est=100 epsilon_alpha=0 audit_pairs=2000000""}"
,rectgen,100,200,200,ours,sampling,50000,1,2,1,,712.64,40000,1,0,0,0,,0,"{""build_events_ms"":0.056346,""build_mode_families_ms"":93.461112,""phase1_count_ms"":295.709377,""phase2_plan_ms"":1.162874,""phase3_sample_ms"":246.326641,""run_build_ms"":93.525947,""run_count_ms"":295.711936,""run_sample_ms"":247.502995}",,"{""dataset"":{""source"":""synthetic"",""name"":""alpha100_lite_d5__nr200__ns200__a1_000ep02__g17"",""dim"":5,""path_r"":"""",""path_s"":"""",""synthetic"":{""generator"":""rectgen"",""n_r"":200,""n_s"":200,""alpha"":100,""seed"":17}},""run"":{""method"":""ours"",""variant"":""sampling"",""t"":50000,""seed"":1,""repeats"":3,""j_star"":1000000,""enum_cap"":0,""write_samples"":false,""verify"":false},""output"":{""out_dir"":""/home/dhy/PhD/v2/out/alpha100_light/d5"",""run_tag"":""""},""sys"":{""threads"":1},""logging"":{""level"":""WARN"",""with_timestamp"":true,""with_thread_id"":false}}","{""generator"":""alacarte_rectgen"",""dataset"":""alpha100_lite_d5__nr200__ns200__a1_000ep02__g17"",""n_r"":200,""n_s"":200,""has_exact_k"":false,""k_target"":0,""k_achieved"":0,""alpha_target"":100,""alpha_achieved"":100,""notes"":""alacarte-local alpha_expected_est=100 coverage=18101.9 pair_p_est=1 alpha_hat_est=100 epsilon_alpha=0 audit_pairs=2000000""}"
,rectgen,100,200,200,ours,sampling,50000,2,3,1,,710.936,40000,1,0,0,0,,0,"{""build_events_ms"":0.056915,""build_mode_families_ms"":93.297902,""phase1_count_ms"":296.268675,""phase2_plan_ms"":1.145875,""phase3_sample_ms"":244.067542,""run_build_ms"":93.363376,""run_count_ms"":296.271603,""run_sample_ms"":245.227397}",,"{""dataset"":{""source"":""synthetic"",""name"":""alpha100_lite_d5__nr200__ns200__a1_000ep02__g17"",""dim"":5,""path_r"":"""",""path_s"":"""",""synthetic"":{""generator"":""rectgen"",""n_r"":200,""n_s"":200,""alpha"":100,""seed"":17}},""run"":{""method"":""ours"",""variant"":""sampling"",""t"":50000,""seed"":1,""repeats"":3,""j_star"":1000000,""enum_cap"":0,""write_samples"":false,""verify"":false},""output"":{""out_dir"":""/home/dhy/PhD/v2/out/alpha100_light/d5"",""run_tag"":""""},""sys"":{""threads"":1},""logging"":{""level"":""WARN"",""with_timestamp"":true,""with_thread_id"":false}}","{""generator"":""alacarte_rectgen"",""dataset"":""alpha100_lite_d5__nr200__ns200__a1_000ep02__g17"",""n_r"":200,""n_s"":200,""has_exact_k"":false,""k_target"":0,""k_achieved"":0,""alpha_target"":100,""alpha_achieved"":100,""notes"":""alacarte-local alpha_expected_est=100 coverage=18101.9 pair_p_est=1 alpha_hat_est=100 epsilon_alpha=0 audit_pairs=2000000""}"
,rectgen,100,200,200,kd_tree,sampling,50000,0,1,1,,3.85447,40000,1,0,0,0,,0,"{""build_ms"":0.048547,""build_points_ms"":0.047657,""phase1_count_ms"":0.013559,""phase2_plan_ms"":3.112550,""phase3_fill_ms"":0.665111,""run_build_ms"":0.048977,""run_count_ms"":0.014059,""run_sample_ms"":3.789590}",,"{""dataset"":{""source"":""synthetic"",""name"":""alpha100_lite_d5__nr200__ns200__a1_000ep02__g17"",""dim"":5,""path_r"":"""",""path_s"":"""",""synthetic"":{""generator"":""rectgen"",""n_r"":200,""n_s"":200,""alpha"":100,""seed"":17}},""run"":{""method"":""kd_tree"",""variant"":""sampling"",""t"":50000,""seed"":1,""repeats"":3,""j_star"":1000000,""enum_cap"":0,""write_samples"":false,""verify"":false},""output"":{""out_dir"":""/home/dhy/PhD/v2/out/alpha100_light/d5"",""run_tag"":""""},""sys"":{""threads"":1},""logging"":{""level"":""WARN"",""with_timestamp"":true,""with_thread_id"":false}}","{""generator"":""alacarte_rectgen"",""dataset"":""alpha100_lite_d5__nr200__ns200__a1_000ep02__g17"",""n_r"":200,""n_s"":200,""has_exact_k"":false,""k_target"":0,""k_achieved"":0,""alpha_target"":100,""alpha_achieved"":100,""notes"":""alacarte-local alpha_expected_est=100 coverage=18101.9 pair_p_est=1 alpha_hat_est=100 epsilon_alpha=0 audit_pairs=2000000""}"
,rectgen,100,200,200,kd_tree,sampling,50000,1,2,1,,3.89342,40000,1,0,0,0,,0,"{""build_ms"":0.031108,""build_points_ms"":0.030788,""phase1_count_ms"":0.011839,""phase2_plan_ms"":3.179045,""phase3_fill_ms"":0.662580,""run_build_ms"":0.031267,""run_count_ms"":0.012030,""run_sample_ms"":3.849584}",,"{""dataset"":{""source"":""synthetic"",""name"":""alpha100_lite_d5__nr200__ns200__a1_000ep02__g17"",""dim"":5,""path_r"":"""",""path_s"":"""",""synthetic"":{""generator"":""rectgen"",""n_r"":200,""n_s"":200,""alpha"":100,""seed"":17}},""run"":{""method"":""kd_tree"",""variant"":""sampling"",""t"":50000,""seed"":1,""repeats"":3,""j_star"":1000000,""enum_cap"":0,""write_samples"":false,""verify"":false},""output"":{""out_dir"":""/home/dhy/PhD/v2/out/alpha100_light/d5"",""run_tag"":""""},""sys"":{""threads"":1},""logging"":{""level"":""WARN"",""with_timestamp"":true,""with_thread_id"":false}}","{""generator"":""alacarte_rectgen"",""dataset"":""alpha100_lite_d5__nr200__ns200__a1_000ep02__g17"",""n_r"":200,""n_s"":200,""has_exact_k"":false,""k_target"":0,""k_achieved"":0,""alpha_target"":100,""alpha_achieved"":100,""notes"":""alacarte-local alpha_expected_est=100 coverage=18101.9 pair_p_est=1 alpha_hat_est=100 epsilon_alpha=0 audit_pairs=2000000""}"
,rectgen,100,200,200,kd_tree,sampling,50000,2,3,1,,3.89567,40000,1,0,0,0,,0,"{""build_ms"":0.030338,""build_points_ms"":0.029828,""phase1_count_ms"":0.012209,""phase2_plan_ms"":3.182455,""phase3_fill_ms"":0.662151,""run_build_ms"":0.030618,""run_count_ms"":0.012389,""run_sample_ms"":3.852075}",,"{""dataset"":{""source"":""synthetic"",""name"":""alpha100_lite_d5__nr200__ns200__a1_000ep02__g17"",""dim"":5,""path_r"":"""",""path_s"":"""",""synthetic"":{""generator"":""rectgen"",""n_r"":200,""n_s"":200,""alpha"":100,""seed"":17}},""run"":{""method"":""kd_tree"",""variant"":""sampling"",""t"":50000,""seed"":1,""repeats"":3,""j_star"":1000000,""enum_cap"":0,""write_samples"":false,""verify"":false},""output"":{""out_dir"":""/home/dhy/PhD/v2/out/alpha100_light/d5"",""run_tag"":""""},""sys"":{""threads"":1},""logging"":{""level"":""WARN"",""with_timestamp"":true,""with_thread_id"":false}}","{""generator"":""alacarte_rectgen"",""dataset"":""alpha100_lite_d5__nr200__ns200__a1_000ep02__g17"",""n_r"":200,""n_s"":200,""has_exact_k"":false,""k_target"":0,""k_achieved"":0,""alpha_target"":100,""alpha_achieved"":100,""notes"":""alacarte-local alpha_expected_est=100 coverage=18101.9 pair_p_est=1 alpha_hat_est=100 epsilon_alpha=0 audit_pairs=2000000""}"
,rectgen,100,200,200,ours,sampling,100000,0,1,1,,641.565,40000,1,0,0,0,,0,"{""build_events_ms"":0.034897,""build_mode_families_ms"":92.649909,""phase1_count_ms"":297.527739,""phase2_plan_ms"":2.455189,""phase3_sample_ms"":248.621804,""run_build_ms"":92.691865,""run_count_ms"":297.530078,""run_sample_ms"":251.340005}",,"{""dataset"":{""source"":""synthetic"",""name"":""alpha100_lite_d5__nr200__ns200__a1_000ep02__g17"",""dim"":5,""path_r"":"""",""path_s"":"""",""synthetic"":{""generator"":""rectgen"",""n_r"":200,""n_s"":200,""alpha"":100,""seed"":17}},""run"":{""method"":""ours"",""variant"":""sampling"",""t"":100000,""seed"":1,""repeats"":3,""j_star"":1000000,""enum_cap"":0,""write_samples"":false,""verify"":false},""output"":{""out_dir"":""/home/dhy/PhD/v2/out/alpha100_light/d5"",""run_tag"":""""},""sys"":{""threads"":1},""logging"":{""level"":""WARN"",""with_timestamp"":true,""with_thread_id"":false}}","{""generator"":""alacarte_rectgen"",""dataset"":""alpha100_lite_d5__nr200__ns200__a1_000ep02__g17"",""n_r"":200,""n_s"":200,""has_exact_k"":false,""k_target"":0,""k_achieved"":0,""alpha_target"":100,""alpha_achieved"":100,""notes"":""alacarte-local alpha_expected_est=100 coverage=18101.9 pair_p_est=1 alpha_hat_est=100 epsilon_alpha=0 audit_pairs=2000000""}"
,rectgen,100,200,200,ours,sampling,100000,1,2,1,,714.183,40000,1,0,0,0,,0,"{""build_events_ms"":0.053886,""build_mode_families_ms"":93.486354,""phase1_count_ms"":294.290035,""phase2_plan_ms"":2.400663,""phase3_sample_ms"":248.866300,""run_build_ms"":93.550509,""run_count_ms"":294.292655,""run_sample_ms"":251.449770}",,"{""dataset"":{""source"":""synthetic"",""name"":""alpha100_lite_d5__nr200__ns200__a1_000ep02__g17"",""dim"":5,""path_r"":"""",""path_s"":"""",""synthetic"":{""generator"":""rectgen"",""n_r"":200,""n_s"":200,""alpha"":100,""seed"":17}},""run"":{""method"":""ours"",""variant"":""sampling"",""t"":100000,""seed"":1,""repeats"":3,""j_star"":1000000,""enum_cap"":0,""write_samples"":false,""verify"":false},""output"":{""out_dir"":""/home/dhy/PhD/v2/out/alpha100_light/d5"",""run_tag"":""""},""sys"":{""threads"":1},""logging"":{""level"":""WARN"",""with_timestamp"":true,""with_thread_id"":false}}","{""generator"":""alacarte_rectgen"",""dataset"":""alpha100_lite_d5__nr200__ns200__a1_000ep02__g17"",""n_r"":200,""n_s"":200,""has_exact_k"":false,""k_target"":0,""k_achieved"":0,""alpha_target"":100,""alpha_achieved"":100,""notes"":""alacarte-local alpha_expected_est=100 coverage=18101.9 pair_p_est=1 alpha_hat_est=100 epsilon_alpha=0 audit_pairs=2000000""}"
,rectgen,100,200,200,ours,sampling,100000,2,3,1,,714.583,40000,1,0,0,0,,0,"{""build_events_ms"":0.056186,""build_mode_families_ms"":93.627725,""phase1_count_ms"":294.805296,""phase2_plan_ms"":2.397894,""phase3_sample_ms"":246.794716,""run_build_ms"":93.693650,""run_count_ms"":294.807124,""run_sample_ms"":249.377366}",,"{""dataset"":{""source"":""synthetic"",""name"":""alpha100_lite_d5__nr200__ns200__a1_000ep02__g17"",""dim"":5,""path_r"":"""",""path_s"":"""",""synthetic"":{""generator"":""rectgen"",""n_r"":200,""n_s"":200,""alpha"":100,""seed"":17}},""run"":{""method"":""ours"",""variant"":""sampling"",""t"":100000,""seed"":1,""repeats"":3,""j_star"":1000000,""enum_cap"":0,""write_samples"":false,""verify"":false},""output"":{""out_dir"":""/home/dhy/PhD/v2/out/alpha100_light/d5"",""run_tag"":""""},""sys"":{""threads"":1},""logging"":{""level"":""WARN"",""with_timestamp"":true,""with_thread_id"":false}}","{""generator"":""alacarte_rectgen"",""dataset"":""alpha100_lite_d5__nr200__ns200__a1_000ep02__g17"",""n_r"":200,""n_s"":200,""has_exact_k"":false,""k_target"":0,""k_achieved"":0,""alpha_target"":100,""alpha_achieved"":100,""notes"":""alacarte-local alpha_expected_est=100 coverage=18101.9 pair_p_est=1 alpha_hat_est=100 epsilon_alpha=0 audit_pairs=2000000""}"
,rectgen,100,200,200,kd_tree,sampling,100000,0,1,1,,7.91785,40000,1,0,0,0,,0,"{""build_ms"":0.048576,""build_points_ms"":0.047347,""phase1_count_ms"":0.013599,""phase2_plan_ms"":6.536908,""phase3_fill_ms"":1.292895,""run_build_ms"":0.049427,""run_count_ms"":0.014128,""run_sample_ms"":7.852401}",,"{""dataset"":{""source"":""synthetic"",""name"":""alpha100_lite_d5__nr200__ns200__a1_000ep02__g17"",""dim"":5,""path_r"":"""",""path_s"":"""",""synthetic"":{""generator"":""rectgen"",""n_r"":200,""n_s"":200,""alpha"":100,""seed"":17}},""run"":{""method"":""kd_tree"",""variant"":""sampling"",""t"":100000,""seed"":1,""repeats"":3,""j_star"":1000000,""enum_cap"":0,""write_samples"":false,""verify"":false},""output"":{""out_dir"":""/home/dhy/PhD/v2/out/alpha100_light/d5"",""run_tag"":""""},""sys"":{""threads"":1},""logging"":{""level"":""WARN"",""with_timestamp"":true,""with_thread_id"":false}}","{""generator"":""alacarte_rectgen"",""dataset"":""alpha100_lite_d5__nr200__ns200__a1_000ep02__g17"",""n_r"":200,""n_s"":200,""has_exact_k"":false,""k_target"":0,""k_achieved"":0,""alpha_target"":100,""alpha_achieved"":100,""notes"":""alacarte-local alpha_expected_est=100 coverage=18101.9 pair_p_est=1 alpha_hat_est=100 epsilon_alpha=0 audit_pairs=2000000""}"
,rectgen,100,200,200,kd_tree,sampling,100000,1,2,1,,7.84706,40000,1,0,0,0,,0,"{""build_ms"":0.030857,""build_points_ms"":0.030458,""phase1_count_ms"":0.012069,""phase2_plan_ms"":6.497701,""phase3_fill_ms"":1.290145,""run_build_ms"":0.031027,""run_count_ms"":0.012489,""run_sample_ms"":7.802895}",,"{""dataset"":{""source"":""synthetic"",""name"":""alpha100_lite_d5__nr200__ns200__a1_000ep02__g17"",""dim"":5,""path_r"":"""",""path_s"":"""",""synthetic"":{""generator"":""rectgen"",""n_r"":200,""n_s"":200,""alpha"":100,""seed"":17}},""run"":{""method"":""kd_tree"",""variant"":""sampling"",""t"":100000,""seed"":1,""repeats"":3,""j_star"":1000000,""enum_cap"":0,""write_samples"":false,""verify"":false},""output"":{""out_dir"":""/home/dhy/PhD/v2/out/alpha100_light/d5"",""run_tag"":""""},""sys"":{""threads"":1},""logging"":{""level"":""WARN"",""with_timestamp"":true,""with_thread_id"":false}}","{""generator"":""alacarte_rectgen"",""dataset"":""alpha100_lite_d5__nr200__ns200__a1_000ep02__g17"",""n_r"":200,""n_s"":200,""has_exact_k"":false,""k_target"":0,""k_achieved"":0,""alpha_target"":100,""alpha_achieved"":100,""notes"":""alacarte-local alpha_expected_est=100 coverage=18101.9 pair_p_est=1 alpha_hat_est=100 epsilon_alpha=0 audit_pairs=2000000""}"
,rectgen,100,200,200,kd_tree,sampling,100000,2,3,1,,9.63692,40000,1,0,0,0,,0,"{""build_ms"":0.029648,""build_points_ms"":0.029458,""phase1_count_ms"":0.012499,""phase2_plan_ms"":8.287628,""phase3_fill_ms"":1.287926,""run_build_ms"":0.029798,""run_count_ms"":0.012779,""run_sample_ms"":9.590672}",,"{""dataset"":{""source"":""synthetic"",""name"":""alpha100_lite_d5__nr200__ns200__a1_000ep02__g17"",""dim"":5,""path_r"":"""",""path_s"":"""",""synthetic"":{""generator"":""rectgen"",""n_r"":200,""n_s"":200,""alpha"":100,""seed"":17}},""run"":{""method"":""kd_tree"",""variant"":""sampling"",""t"":100000,""seed"":1,""repeats"":3,""j_star"":1000000,""enum_cap"":0,""write_samples"":false,""verify"":false},""output"":{""out_dir"":""/home/dhy/PhD/v2/out/alpha100_light/d5"",""run_tag"":""""},""sys"":{""threads"":1},""logging"":{""level"":""WARN"",""with_timestamp"":true,""with_thread_id"":false}}","{""generator"":""alacarte_rectgen"",""dataset"":""alpha100_lite_d5__nr200__ns200__a1_000ep02__g17"",""n_r"":200,""n_s"":200,""has_exact_k"":false,""k_target"":0,""k_achieved"":0,""alpha_target"":100,""alpha_achieved"":100,""notes"":""alacarte-local alpha_expected_est=100 coverage=18101.9 pair_p_est=1 alpha_hat_est=100 epsilon_alpha=0 audit_pairs=2000000""}"
