dataset,generator,alpha,n_r,n_s,method,variant,t,rep,seed,ok,wall_ms,count_value,count_exact,used_enumeration,enum_truncated,enum_cap,adaptive_branch,adaptive_pilot_pairs,phases_json,note,config_json,gen_report_json
exp7_stripe__nr100000__ns100000__a1_000em01__g1,stripe_ctrl_alpha,0.1,100000,100000,ours,sampling,100000,0,1,1,487.285,20000,1,0,0,0,,0,"{""build_active_indices_ms"":22.358127,""build_events_ms"":36.331513,""build_ranks_ms"":40.285842,""build_y_domain_ms"":14.389688,""phase1_count_ms"":228.308456,""phase2_plan_ms"":7.373200,""phase3_sample_ms"":135.965410,""run_build_ms"":115.280450,""run_count_ms"":228.312336,""run_sample_ms"":143.686184}",,"{""dataset"":{""source"":""synthetic"",""name"":""exp7_stripe__nr100000__ns100000__a1_000em01__g1"",""dim"":2,""path_r"":"""",""path_s"":"""",""synthetic"":{""generator"":""stripe_ctrl_alpha"",""n_r"":100000,""n_s"":100000,""alpha"":0.1,""seed"":1}},""run"":{""method"":""ours"",""variant"":""sampling"",""t"":100000,""seed"":1,""repeats"":3,""j_star"":1000000,""enum_cap"":0,""write_samples"":false,""verify"":false},""output"":{""out_dir"":""/home/dhy/PhD/SIGMOD-EXP/EXP-4/run/temp/exp7/sampling_adaptive"",""run_tag"":""exp7_sampling_adaptive""},""sys"":{""threads"":1},""logging"":{""level"":""INFO"",""with_timestamp"":true,""with_thread_id"":false}}","{""generator"":""stripe_ctrl_alpha"",""dataset"":""exp7_stripe__nr100000__ns100000__a1_000em01__g1"",""n_r"":100000,""n_s"":100000,""has_exact_k"":true,""k_target"":20000,""k_achieved"":20000,""alpha_target"":0.1,""alpha_achieved"":0.1,""notes"":""control_axis=1, core=[0.45,0.55], g=9.9999e-07, h=9e-06, delta=2.49998e-07, shuffle_strips=1, shuffle_r=0, k_overridden=0""}"
exp7_stripe__nr100000__ns100000__a1_000em01__g1,stripe_ctrl_alpha,0.1,100000,100000,ours,sampling,100000,1,2,1,514.935,20000,1,0,0,0,,0,"{""build_active_indices_ms"":5.504678,""build_events_ms"":44.094745,""build_ranks_ms"":39.873011,""build_y_domain_ms"":14.007915,""phase1_count_ms"":219.614443,""phase2_plan_ms"":7.392390,""phase3_sample_ms"":135.954300,""run_build_ms"":103.972550,""run_count_ms"":219.617883,""run_sample_ms"":143.380769}",,"{""dataset"":{""source"":""synthetic"",""name"":""exp7_stripe__nr100000__ns100000__a1_000em01__g1"",""dim"":2,""path_r"":"""",""path_s"":"""",""synthetic"":{""generator"":""stripe_ctrl_alpha"",""n_r"":100000,""n_s"":100000,""alpha"":0.1,""seed"":1}},""run"":{""method"":""ours"",""variant"":""sampling"",""t"":100000,""seed"":1,""repeats"":3,""j_star"":1000000,""enum_cap"":0,""write_samples"":false,""verify"":false},""output"":{""out_dir"":""/home/dhy/PhD/SIGMOD-EXP/EXP-4/run/temp/exp7/sampling_adaptive"",""run_tag"":""exp7_sampling_adaptive""},""sys"":{""threads"":1},""logging"":{""level"":""INFO"",""with_timestamp"":true,""with_thread_id"":false}}","{""generator"":""stripe_ctrl_alpha"",""dataset"":""exp7_stripe__nr100000__ns100000__a1_000em01__g1"",""n_r"":100000,""n_s"":100000,""has_exact_k"":true,""k_target"":20000,""k_achieved"":20000,""alpha_target"":0.1,""alpha_achieved"":0.1,""notes"":""control_axis=1, core=[0.45,0.55], g=9.9999e-07, h=9e-06, delta=2.49998e-07, shuffle_strips=1, shuffle_r=0, k_overridden=0""}"
exp7_stripe__nr100000__ns100000__a1_000em01__g1,stripe_ctrl_alpha,0.1,100000,100000,ours,sampling,100000,2,3,1,507.696,20000,1,0,0,0,,0,"{""build_active_indices_ms"":5.501078,""build_events_ms"":42.702573,""build_ranks_ms"":39.879691,""build_y_domain_ms"":14.003686,""phase1_count_ms"":218.860668,""phase2_plan_ms"":8.052906,""phase3_sample_ms"":135.675086,""run_build_ms"":102.578218,""run_count_ms"":218.864268,""run_sample_ms"":143.762282}",,"{""dataset"":{""source"":""synthetic"",""name"":""exp7_stripe__nr100000__ns100000__a1_000em01__g1"",""dim"":2,""path_r"":"""",""path_s"":"""",""synthetic"":{""generator"":""stripe_ctrl_alpha"",""n_r"":100000,""n_s"":100000,""alpha"":0.1,""seed"":1}},""run"":{""method"":""ours"",""variant"":""sampling"",""t"":100000,""seed"":1,""repeats"":3,""j_star"":1000000,""enum_cap"":0,""write_samples"":false,""verify"":false},""output"":{""out_dir"":""/home/dhy/PhD/SIGMOD-EXP/EXP-4/run/temp/exp7/sampling_adaptive"",""run_tag"":""exp7_sampling_adaptive""},""sys"":{""threads"":1},""logging"":{""level"":""INFO"",""with_timestamp"":true,""with_thread_id"":false}}","{""generator"":""stripe_ctrl_alpha"",""dataset"":""exp7_stripe__nr100000__ns100000__a1_000em01__g1"",""n_r"":100000,""n_s"":100000,""has_exact_k"":true,""k_target"":20000,""k_achieved"":20000,""alpha_target"":0.1,""alpha_achieved"":0.1,""notes"":""control_axis=1, core=[0.45,0.55], g=9.9999e-07, h=9e-06, delta=2.49998e-07, shuffle_strips=1, shuffle_r=0, k_overridden=0""}"
exp7_stripe__nr100000__ns100000__a1_000em01__g1,stripe_ctrl_alpha,0.1,100000,100000,ours,adaptive,100000,0,1,1,331.408,20000,1,1,0,0,enumerate_all,20000,"{""build_active_indices_ms"":15.866377,""build_events_ms"":34.781535,""build_ranks_ms"":40.027168,""build_y_domain_ms"":13.990146,""run_build_ms"":105.162406,""run_pilot_enum_prepare_ms"":1.575088,""run_pilot_enum_scan_ms"":224.225149,""run_small_join_sample_from_list_ms"":0.423391}",,"{""dataset"":{""source"":""synthetic"",""name"":""exp7_stripe__nr100000__ns100000__a1_000em01__g1"",""dim"":2,""path_r"":"""",""path_s"":"""",""synthetic"":{""generator"":""stripe_ctrl_alpha"",""n_r"":100000,""n_s"":100000,""alpha"":0.1,""seed"":1}},""run"":{""method"":""ours"",""variant"":""adaptive"",""t"":100000,""seed"":1,""repeats"":3,""j_star"":1000000,""enum_cap"":0,""write_samples"":false,""verify"":false},""output"":{""out_dir"":""/home/dhy/PhD/SIGMOD-EXP/EXP-4/run/temp/exp7/sampling_adaptive"",""run_tag"":""exp7_sampling_adaptive""},""sys"":{""threads"":1},""logging"":{""level"":""INFO"",""with_timestamp"":true,""with_thread_id"":false}}","{""generator"":""stripe_ctrl_alpha"",""dataset"":""exp7_stripe__nr100000__ns100000__a1_000em01__g1"",""n_r"":100000,""n_s"":100000,""has_exact_k"":true,""k_target"":20000,""k_achieved"":20000,""alpha_target"":0.1,""alpha_achieved"":0.1,""notes"":""control_axis=1, core=[0.45,0.55], g=9.9999e-07, h=9e-06, delta=2.49998e-07, shuffle_strips=1, shuffle_r=0, k_overridden=0""}"
exp7_stripe__nr100000__ns100000__a1_000em01__g1,stripe_ctrl_alpha,0.1,100000,100000,ours,adaptive,100000,1,2,1,369.191,20000,1,1,0,0,enumerate_all,20000,"{""build_active_indices_ms"":5.494758,""build_events_ms"":43.388900,""build_ranks_ms"":40.042707,""build_y_domain_ms"":15.206691,""run_build_ms"":104.626657,""run_pilot_enum_prepare_ms"":1.525869,""run_pilot_enum_scan_ms"":219.985075,""run_small_join_sample_from_list_ms"":0.271395}",,"{""dataset"":{""source"":""synthetic"",""name"":""exp7_stripe__nr100000__ns100000__a1_000em01__g1"",""dim"":2,""path_r"":"""",""path_s"":"""",""synthetic"":{""generator"":""stripe_ctrl_alpha"",""n_r"":100000,""n_s"":100000,""alpha"":0.1,""seed"":1}},""run"":{""method"":""ours"",""variant"":""adaptive"",""t"":100000,""seed"":1,""repeats"":3,""j_star"":1000000,""enum_cap"":0,""write_samples"":false,""verify"":false},""output"":{""out_dir"":""/home/dhy/PhD/SIGMOD-EXP/EXP-4/run/temp/exp7/sampling_adaptive"",""run_tag"":""exp7_sampling_adaptive""},""sys"":{""threads"":1},""logging"":{""level"":""INFO"",""with_timestamp"":true,""with_thread_id"":false}}","{""generator"":""stripe_ctrl_alpha"",""dataset"":""exp7_stripe__nr100000__ns100000__a1_000em01__g1"",""n_r"":100000,""n_s"":100000,""has_exact_k"":true,""k_target"":20000,""k_achieved"":20000,""alpha_target"":0.1,""alpha_achieved"":0.1,""notes"":""control_axis=1, core=[0.45,0.55], g=9.9999e-07, h=9e-06, delta=2.49998e-07, shuffle_strips=1, shuffle_r=0, k_overridden=0""}"
exp7_stripe__nr100000__ns100000__a1_000em01__g1,stripe_ctrl_alpha,0.1,100000,100000,ours,adaptive,100000,2,3,1,366.208,20000,1,1,0,0,enumerate_all,20000,"{""build_active_indices_ms"":5.495199,""build_events_ms"":42.005377,""build_ranks_ms"":39.972099,""build_y_domain_ms"":14.013735,""run_build_ms"":101.979920,""run_pilot_enum_prepare_ms"":1.531439,""run_pilot_enum_scan_ms"":220.008205,""run_small_join_sample_from_list_ms"":0.310204}",,"{""dataset"":{""source"":""synthetic"",""name"":""exp7_stripe__nr100000__ns100000__a1_000em01__g1"",""dim"":2,""path_r"":"""",""path_s"":"""",""synthetic"":{""generator"":""stripe_ctrl_alpha"",""n_r"":100000,""n_s"":100000,""alpha"":0.1,""seed"":1}},""run"":{""method"":""ours"",""variant"":""adaptive"",""t"":100000,""seed"":1,""repeats"":3,""j_star"":1000000,""enum_cap"":0,""write_samples"":false,""verify"":false},""output"":{""out_dir"":""/home/dhy/PhD/SIGMOD-EXP/EXP-4/run/temp/exp7/sampling_adaptive"",""run_tag"":""exp7_sampling_adaptive""},""sys"":{""threads"":1},""logging"":{""level"":""INFO"",""with_timestamp"":true,""with_thread_id"":false}}","{""generator"":""stripe_ctrl_alpha"",""dataset"":""exp7_stripe__nr100000__ns100000__a1_000em01__g1"",""n_r"":100000,""n_s"":100000,""has_exact_k"":true,""k_target"":20000,""k_achieved"":20000,""alpha_target"":0.1,""alpha_achieved"":0.1,""notes"":""control_axis=1, core=[0.45,0.55], g=9.9999e-07, h=9e-06, delta=2.49998e-07, shuffle_strips=1, shuffle_r=0, k_overridden=0""}"
exp7_stripe__nr100000__ns100000__a1_000em01__g1,stripe_ctrl_alpha,0.1,100000,100000,aabb,sampling,100000,0,1,1,674.939,20000,1,0,0,0,,0,"{""build_ms"":35.358652,""phase1_count_ms"":460.020183,""phase2_assign_ms"":6.129596,""phase3_sample_ms"":173.388331,""run_build_ms"":35.371932,""run_count_ms"":460.022753,""run_sample_ms"":179.539737}",,"{""dataset"":{""source"":""synthetic"",""name"":""exp7_stripe__nr100000__ns100000__a1_000em01__g1"",""dim"":2,""path_r"":"""",""path_s"":"""",""synthetic"":{""generator"":""stripe_ctrl_alpha"",""n_r"":100000,""n_s"":100000,""alpha"":0.1,""seed"":1}},""run"":{""method"":""aabb"",""variant"":""sampling"",""t"":100000,""seed"":1,""repeats"":3,""j_star"":1000000,""enum_cap"":0,""write_samples"":false,""verify"":false},""output"":{""out_dir"":""/home/dhy/PhD/SIGMOD-EXP/EXP-4/run/temp/exp7/sampling_adaptive"",""run_tag"":""exp7_sampling_adaptive""},""sys"":{""threads"":1},""logging"":{""level"":""INFO"",""with_timestamp"":true,""with_thread_id"":false}}","{""generator"":""stripe_ctrl_alpha"",""dataset"":""exp7_stripe__nr100000__ns100000__a1_000em01__g1"",""n_r"":100000,""n_s"":100000,""has_exact_k"":true,""k_target"":20000,""k_achieved"":20000,""alpha_target"":0.1,""alpha_achieved"":0.1,""notes"":""control_axis=1, core=[0.45,0.55], g=9.9999e-07, h=9e-06, delta=2.49998e-07, shuffle_strips=1, shuffle_r=0, k_overridden=0""}"
exp7_stripe__nr100000__ns100000__a1_000em01__g1,stripe_ctrl_alpha,0.1,100000,100000,aabb,sampling,100000,1,2,1,675.74,20000,1,0,0,0,,0,"{""build_ms"":35.419221,""phase1_count_ms"":458.673751,""phase2_assign_ms"":6.006148,""phase3_sample_ms"":175.610226,""run_build_ms"":35.420721,""run_count_ms"":458.677301,""run_sample_ms"":181.639404}",,"{""dataset"":{""source"":""synthetic"",""name"":""exp7_stripe__nr100000__ns100000__a1_000em01__g1"",""dim"":2,""path_r"":"""",""path_s"":"""",""synthetic"":{""generator"":""stripe_ctrl_alpha"",""n_r"":100000,""n_s"":100000,""alpha"":0.1,""seed"":1}},""run"":{""method"":""aabb"",""variant"":""sampling"",""t"":100000,""seed"":1,""repeats"":3,""j_star"":1000000,""enum_cap"":0,""write_samples"":false,""verify"":false},""output"":{""out_dir"":""/home/dhy/PhD/SIGMOD-EXP/EXP-4/run/temp/exp7/sampling_adaptive"",""run_tag"":""exp7_sampling_adaptive""},""sys"":{""threads"":1},""logging"":{""level"":""INFO"",""with_timestamp"":true,""with_thread_id"":false}}","{""generator"":""stripe_ctrl_alpha"",""dataset"":""exp7_stripe__nr100000__ns100000__a1_000em01__g1"",""n_r"":100000,""n_s"":100000,""has_exact_k"":true,""k_target"":20000,""k_achieved"":20000,""alpha_target"":0.1,""alpha_achieved"":0.1,""notes"":""control_axis=1, core=[0.45,0.55], g=9.9999e-07, h=9e-06, delta=2.49998e-07, shuffle_strips=1, shuffle_r=0, k_overridden=0""}"
exp7_stripe__nr100000__ns100000__a1_000em01__g1,stripe_ctrl_alpha,0.1,100000,100000,aabb,sampling,100000,2,3,1,676.883,20000,1,0,0,0,,0,"{""build_ms"":35.411821,""phase1_count_ms"":460.585032,""phase2_assign_ms"":6.163045,""phase3_sample_ms"":174.694635,""run_build_ms"":35.413321,""run_count_ms"":460.588852,""run_sample_ms"":180.879350}",,"{""dataset"":{""source"":""synthetic"",""name"":""exp7_stripe__nr100000__ns100000__a1_000em01__g1"",""dim"":2,""path_r"":"""",""path_s"":"""",""synthetic"":{""generator"":""stripe_ctrl_alpha"",""n_r"":100000,""n_s"":100000,""alpha"":0.1,""seed"":1}},""run"":{""method"":""aabb"",""variant"":""sampling"",""t"":100000,""seed"":1,""repeats"":3,""j_star"":1000000,""enum_cap"":0,""write_samples"":false,""verify"":false},""output"":{""out_dir"":""/home/dhy/PhD/SIGMOD-EXP/EXP-4/run/temp/exp7/sampling_adaptive"",""run_tag"":""exp7_sampling_adaptive""},""sys"":{""threads"":1},""logging"":{""level"":""INFO"",""with_timestamp"":true,""with_thread_id"":false}}","{""generator"":""stripe_ctrl_alpha"",""dataset"":""exp7_stripe__nr100000__ns100000__a1_000em01__g1"",""n_r"":100000,""n_s"":100000,""has_exact_k"":true,""k_target"":20000,""k_achieved"":20000,""alpha_target"":0.1,""alpha_achieved"":0.1,""notes"":""control_axis=1, core=[0.45,0.55], g=9.9999e-07, h=9e-06, delta=2.49998e-07, shuffle_strips=1, shuffle_r=0, k_overridden=0""}"
exp7_stripe__nr100000__ns100000__a1_000em01__g1,stripe_ctrl_alpha,0.1,100000,100000,aabb,adaptive,100000,0,1,1,637.837,20000,1,1,0,0,enumerate_all,20000,"{""build_ms"":35.404362,""enumerate_prepare_ms"":34.825803,""run_build_ms"":35.405602,""run_pilot_enum_prepare_ms"":34.828503,""run_pilot_enum_scan_ms"":567.316586,""run_small_join_sample_from_list_ms"":0.274595}",,"{""dataset"":{""source"":""synthetic"",""name"":""exp7_stripe__nr100000__ns100000__a1_000em01__g1"",""dim"":2,""path_r"":"""",""path_s"":"""",""synthetic"":{""generator"":""stripe_ctrl_alpha"",""n_r"":100000,""n_s"":100000,""alpha"":0.1,""seed"":1}},""run"":{""method"":""aabb"",""variant"":""adaptive"",""t"":100000,""seed"":1,""repeats"":3,""j_star"":1000000,""enum_cap"":0,""write_samples"":false,""verify"":false},""output"":{""out_dir"":""/home/dhy/PhD/SIGMOD-EXP/EXP-4/run/temp/exp7/sampling_adaptive"",""run_tag"":""exp7_sampling_adaptive""},""sys"":{""threads"":1},""logging"":{""level"":""INFO"",""with_timestamp"":true,""with_thread_id"":false}}","{""generator"":""stripe_ctrl_alpha"",""dataset"":""exp7_stripe__nr100000__ns100000__a1_000em01__g1"",""n_r"":100000,""n_s"":100000,""has_exact_k"":true,""k_target"":20000,""k_achieved"":20000,""alpha_target"":0.1,""alpha_achieved"":0.1,""notes"":""control_axis=1, core=[0.45,0.55], g=9.9999e-07, h=9e-06, delta=2.49998e-07, shuffle_strips=1, shuffle_r=0, k_overridden=0""}"
exp7_stripe__nr100000__ns100000__a1_000em01__g1,stripe_ctrl_alpha,0.1,100000,100000,aabb,adaptive,100000,1,2,1,643.514,20000,1,1,0,0,enumerate_all,20000,"{""build_ms"":35.417331,""enumerate_prepare_ms"":34.887152,""run_build_ms"":35.419381,""run_pilot_enum_prepare_ms"":34.889332,""run_pilot_enum_scan_ms"":572.919783,""run_small_join_sample_from_list_ms"":0.271965}",,"{""dataset"":{""source"":""synthetic"",""name"":""exp7_stripe__nr100000__ns100000__a1_000em01__g1"",""dim"":2,""path_r"":"""",""path_s"":"""",""synthetic"":{""generator"":""stripe_ctrl_alpha"",""n_r"":100000,""n_s"":100000,""alpha"":0.1,""seed"":1}},""run"":{""method"":""aabb"",""variant"":""adaptive"",""t"":100000,""seed"":1,""repeats"":3,""j_star"":1000000,""enum_cap"":0,""write_samples"":false,""verify"":false},""output"":{""out_dir"":""/home/dhy/PhD/SIGMOD-EXP/EXP-4/run/temp/exp7/sampling_adaptive"",""run_tag"":""exp7_sampling_adaptive""},""sys"":{""threads"":1},""logging"":{""level"":""INFO"",""with_timestamp"":true,""with_thread_id"":false}}","{""generator"":""stripe_ctrl_alpha"",""dataset"":""exp7_stripe__nr100000__ns100000__a1_000em01__g1"",""n_r"":100000,""n_s"":100000,""has_exact_k"":true,""k_target"":20000,""k_achieved"":20000,""alpha_target"":0.1,""alpha_achieved"":0.1,""notes"":""control_axis=1, core=[0.45,0.55], g=9.9999e-07, h=9e-06, delta=2.49998e-07, shuffle_strips=1, shuffle_r=0, k_overridden=0""}"
exp7_stripe__nr100000__ns100000__a1_000em01__g1,stripe_ctrl_alpha,0.1,100000,100000,aabb,adaptive,100000,2,3,1,639.373,20000,1,1,0,0,enumerate_all,20000,"{""build_ms"":36.645155,""enumerate_prepare_ms"":34.958730,""run_build_ms"":36.646895,""run_pilot_enum_prepare_ms"":34.961041,""run_pilot_enum_scan_ms"":567.479764,""run_small_join_sample_from_list_ms"":0.273675}",,"{""dataset"":{""source"":""synthetic"",""name"":""exp7_stripe__nr100000__ns100000__a1_000em01__g1"",""dim"":2,""path_r"":"""",""path_s"":"""",""synthetic"":{""generator"":""stripe_ctrl_alpha"",""n_r"":100000,""n_s"":100000,""alpha"":0.1,""seed"":1}},""run"":{""method"":""aabb"",""variant"":""adaptive"",""t"":100000,""seed"":1,""repeats"":3,""j_star"":1000000,""enum_cap"":0,""write_samples"":false,""verify"":false},""output"":{""out_dir"":""/home/dhy/PhD/SIGMOD-EXP/EXP-4/run/temp/exp7/sampling_adaptive"",""run_tag"":""exp7_sampling_adaptive""},""sys"":{""threads"":1},""logging"":{""level"":""INFO"",""with_timestamp"":true,""with_thread_id"":false}}","{""generator"":""stripe_ctrl_alpha"",""dataset"":""exp7_stripe__nr100000__ns100000__a1_000em01__g1"",""n_r"":100000,""n_s"":100000,""has_exact_k"":true,""k_target"":20000,""k_achieved"":20000,""alpha_target"":0.1,""alpha_achieved"":0.1,""notes"":""control_axis=1, core=[0.45,0.55], g=9.9999e-07, h=9e-06, delta=2.49998e-07, shuffle_strips=1, shuffle_r=0, k_overridden=0""}"
exp7_stripe__nr100000__ns100000__a1_000em01__g1,stripe_ctrl_alpha,0.1,100000,100000,interval_tree,sampling,100000,0,1,1,799.094,20000,1,0,0,0,,0,"{""build_ms"":149.442728,""build_active_ms"":40.254794,""build_events_ms"":38.121196,""build_start_ids_ms"":0.360183,""build_y_endpoints_ms"":26.690439,""build_y_indices_ms"":44.007207,""phase1_count_ms"":394.333197,""phase2_slots_ms"":3.186365,""phase3_resweep_ms"":252.027276,""run_build_ms"":149.443708,""run_count_ms"":394.337237,""run_sample_ms"":255.309079}",,"{""dataset"":{""source"":""synthetic"",""name"":""exp7_stripe__nr100000__ns100000__a1_000em01__g1"",""dim"":2,""path_r"":"""",""path_s"":"""",""synthetic"":{""generator"":""stripe_ctrl_alpha"",""n_r"":100000,""n_s"":100000,""alpha"":0.1,""seed"":1}},""run"":{""method"":""interval_tree"",""variant"":""sampling"",""t"":100000,""seed"":1,""repeats"":3,""j_star"":1000000,""enum_cap"":0,""write_samples"":false,""verify"":false},""output"":{""out_dir"":""/home/dhy/PhD/SIGMOD-EXP/EXP-4/run/temp/exp7/sampling_adaptive"",""run_tag"":""exp7_sampling_adaptive""},""sys"":{""threads"":1},""logging"":{""level"":""INFO"",""with_timestamp"":true,""with_thread_id"":false}}","{""generator"":""stripe_ctrl_alpha"",""dataset"":""exp7_stripe__nr100000__ns100000__a1_000em01__g1"",""n_r"":100000,""n_s"":100000,""has_exact_k"":true,""k_target"":20000,""k_achieved"":20000,""alpha_target"":0.1,""alpha_achieved"":0.1,""notes"":""control_axis=1, core=[0.45,0.55], g=9.9999e-07, h=9e-06, delta=2.49998e-07, shuffle_strips=1, shuffle_r=0, k_overridden=0""}"
exp7_stripe__nr100000__ns100000__a1_000em01__g1,stripe_ctrl_alpha,0.1,100000,100000,interval_tree,sampling,100000,1,2,1,823.464,20000,1,0,0,0,,0,"{""build_ms"":137.064029,""build_active_ms"":23.476004,""build_events_ms"":42.488908,""build_start_ids_ms"":0.355233,""build_y_endpoints_ms"":26.715768,""build_y_indices_ms"":44.020526,""phase1_count_ms"":394.851057,""phase2_slots_ms"":2.194445,""phase3_resweep_ms"":255.267140,""run_build_ms"":137.064808,""run_count_ms"":394.855357,""run_sample_ms"":257.493445}",,"{""dataset"":{""source"":""synthetic"",""name"":""exp7_stripe__nr100000__ns100000__a1_000em01__g1"",""dim"":2,""path_r"":"""",""path_s"":"""",""synthetic"":{""generator"":""stripe_ctrl_alpha"",""n_r"":100000,""n_s"":100000,""alpha"":0.1,""seed"":1}},""run"":{""method"":""interval_tree"",""variant"":""sampling"",""t"":100000,""seed"":1,""repeats"":3,""j_star"":1000000,""enum_cap"":0,""write_samples"":false,""verify"":false},""output"":{""out_dir"":""/home/dhy/PhD/SIGMOD-EXP/EXP-4/run/temp/exp7/sampling_adaptive"",""run_tag"":""exp7_sampling_adaptive""},""sys"":{""threads"":1},""logging"":{""level"":""INFO"",""with_timestamp"":true,""with_thread_id"":false}}","{""generator"":""stripe_ctrl_alpha"",""dataset"":""exp7_stripe__nr100000__ns100000__a1_000em01__g1"",""n_r"":100000,""n_s"":100000,""has_exact_k"":true,""k_target"":20000,""k_achieved"":20000,""alpha_target"":0.1,""alpha_achieved"":0.1,""notes"":""control_axis=1, core=[0.45,0.55], g=9.9999e-07, h=9e-06, delta=2.49998e-07, shuffle_strips=1, shuffle_r=0, k_overridden=0""}"
exp7_stripe__nr100000__ns100000__a1_000em01__g1,stripe_ctrl_alpha,0.1,100000,100000,interval_tree,sampling,100000,2,3,1,821.766,20000,1,0,0,0,,0,"{""build_ms"":137.007629,""build_active_ms"":23.570612,""build_events_ms"":42.345360,""build_start_ids_ms"":0.354243,""build_y_endpoints_ms"":26.684998,""build_y_indices_ms"":44.045337,""phase1_count_ms"":392.039125,""phase2_slots_ms"":2.128717,""phase3_resweep_ms"":255.923556,""run_build_ms"":137.008699,""run_count_ms"":392.042565,""run_sample_ms"":258.083962}",,"{""dataset"":{""source"":""synthetic"",""name"":""exp7_stripe__nr100000__ns100000__a1_000em01__g1"",""dim"":2,""path_r"":"""",""path_s"":"""",""synthetic"":{""generator"":""stripe_ctrl_alpha"",""n_r"":100000,""n_s"":100000,""alpha"":0.1,""seed"":1}},""run"":{""method"":""interval_tree"",""variant"":""sampling"",""t"":100000,""seed"":1,""repeats"":3,""j_star"":1000000,""enum_cap"":0,""write_samples"":false,""verify"":false},""output"":{""out_dir"":""/home/dhy/PhD/SIGMOD-EXP/EXP-4/run/temp/exp7/sampling_adaptive"",""run_tag"":""exp7_sampling_adaptive""},""sys"":{""threads"":1},""logging"":{""level"":""INFO"",""with_timestamp"":true,""with_thread_id"":false}}","{""generator"":""stripe_ctrl_alpha"",""dataset"":""exp7_stripe__nr100000__ns100000__a1_000em01__g1"",""n_r"":100000,""n_s"":100000,""has_exact_k"":true,""k_target"":20000,""k_achieved"":20000,""alpha_target"":0.1,""alpha_achieved"":0.1,""notes"":""control_axis=1, core=[0.45,0.55], g=9.9999e-07, h=9e-06, delta=2.49998e-07, shuffle_strips=1, shuffle_r=0, k_overridden=0""}"
exp7_stripe__nr100000__ns100000__a1_000em01__g1,stripe_ctrl_alpha,0.1,100000,100000,interval_tree,adaptive,100000,0,1,1,749.269,20000,1,1,0,0,enumerate_all,20000,"{""build_ms"":148.795021,""build_active_ms"":38.704535,""build_events_ms"":38.198905,""build_start_ids_ms"":0.359583,""build_y_endpoints_ms"":26.807476,""build_y_indices_ms"":44.716772,""enumerate_prepare_ms"":166.633929,""run_build_ms"":148.796090,""run_pilot_enum_prepare_ms"":166.636629,""run_pilot_enum_scan_ms"":391.787279,""run_small_join_sample_from_list_ms"":0.415791}",,"{""dataset"":{""source"":""synthetic"",""name"":""exp7_stripe__nr100000__ns100000__a1_000em01__g1"",""dim"":2,""path_r"":"""",""path_s"":"""",""synthetic"":{""generator"":""stripe_ctrl_alpha"",""n_r"":100000,""n_s"":100000,""alpha"":0.1,""seed"":1}},""run"":{""method"":""interval_tree"",""variant"":""adaptive"",""t"":100000,""seed"":1,""repeats"":3,""j_star"":1000000,""enum_cap"":0,""write_samples"":false,""verify"":false},""output"":{""out_dir"":""/home/dhy/PhD/SIGMOD-EXP/EXP-4/run/temp/exp7/sampling_adaptive"",""run_tag"":""exp7_sampling_adaptive""},""sys"":{""threads"":1},""logging"":{""level"":""INFO"",""with_timestamp"":true,""with_thread_id"":false}}","{""generator"":""stripe_ctrl_alpha"",""dataset"":""exp7_stripe__nr100000__ns100000__a1_000em01__g1"",""n_r"":100000,""n_s"":100000,""has_exact_k"":true,""k_target"":20000,""k_achieved"":20000,""alpha_target"":0.1,""alpha_achieved"":0.1,""notes"":""control_axis=1, core=[0.45,0.55], g=9.9999e-07, h=9e-06, delta=2.49998e-07, shuffle_strips=1, shuffle_r=0, k_overridden=0""}"
exp7_stripe__nr100000__ns100000__a1_000em01__g1,stripe_ctrl_alpha,0.1,100000,100000,interval_tree,adaptive,100000,1,2,1,709.694,20000,1,1,0,0,enumerate_all,20000,"{""build_ms"":133.499670,""build_active_ms"":23.416444,""build_events_ms"":38.242484,""build_start_ids_ms"":0.353772,""build_y_endpoints_ms"":26.820276,""build_y_indices_ms"":44.657655,""enumerate_prepare_ms"":150.899838,""run_build_ms"":133.500771,""run_pilot_enum_prepare_ms"":150.902948,""run_pilot_enum_scan_ms"":385.499378,""run_small_join_sample_from_list_ms"":0.412142}",,"{""dataset"":{""source"":""synthetic"",""name"":""exp7_stripe__nr100000__ns100000__a1_000em01__g1"",""dim"":2,""path_r"":"""",""path_s"":"""",""synthetic"":{""generator"":""stripe_ctrl_alpha"",""n_r"":100000,""n_s"":100000,""alpha"":0.1,""seed"":1}},""run"":{""method"":""interval_tree"",""variant"":""adaptive"",""t"":100000,""seed"":1,""repeats"":3,""j_star"":1000000,""enum_cap"":0,""write_samples"":false,""verify"":false},""output"":{""out_dir"":""/home/dhy/PhD/SIGMOD-EXP/EXP-4/run/temp/exp7/sampling_adaptive"",""run_tag"":""exp7_sampling_adaptive""},""sys"":{""threads"":1},""logging"":{""level"":""INFO"",""with_timestamp"":true,""with_thread_id"":false}}","{""generator"":""stripe_ctrl_alpha"",""dataset"":""exp7_stripe__nr100000__ns100000__a1_000em01__g1"",""n_r"":100000,""n_s"":100000,""has_exact_k"":true,""k_target"":20000,""k_achieved"":20000,""alpha_target"":0.1,""alpha_achieved"":0.1,""notes"":""control_axis=1, core=[0.45,0.55], g=9.9999e-07, h=9e-06, delta=2.49998e-07, shuffle_strips=1, shuffle_r=0, k_overridden=0""}"
exp7_stripe__nr100000__ns100000__a1_000em01__g1,stripe_ctrl_alpha,0.1,100000,100000,interval_tree,adaptive,100000,2,3,1,702.417,20000,1,1,0,0,enumerate_all,20000,"{""build_ms"":133.476822,""build_active_ms"":23.417865,""build_events_ms"":38.179825,""build_start_ids_ms"":0.353103,""build_y_endpoints_ms"":26.821756,""build_y_indices_ms"":44.696443,""enumerate_prepare_ms"":140.869732,""run_build_ms"":133.477971,""run_pilot_enum_prepare_ms"":140.873082,""run_pilot_enum_scan_ms"":388.460307,""run_small_join_sample_from_list_ms"":0.270125}",,"{""dataset"":{""source"":""synthetic"",""name"":""exp7_stripe__nr100000__ns100000__a1_000em01__g1"",""dim"":2,""path_r"":"""",""path_s"":"""",""synthetic"":{""generator"":""stripe_ctrl_alpha"",""n_r"":100000,""n_s"":100000,""alpha"":0.1,""seed"":1}},""run"":{""method"":""interval_tree"",""variant"":""adaptive"",""t"":100000,""seed"":1,""repeats"":3,""j_star"":1000000,""enum_cap"":0,""write_samples"":false,""verify"":false},""output"":{""out_dir"":""/home/dhy/PhD/SIGMOD-EXP/EXP-4/run/temp/exp7/sampling_adaptive"",""run_tag"":""exp7_sampling_adaptive""},""sys"":{""threads"":1},""logging"":{""level"":""INFO"",""with_timestamp"":true,""with_thread_id"":false}}","{""generator"":""stripe_ctrl_alpha"",""dataset"":""exp7_stripe__nr100000__ns100000__a1_000em01__g1"",""n_r"":100000,""n_s"":100000,""has_exact_k"":true,""k_target"":20000,""k_achieved"":20000,""alpha_target"":0.1,""alpha_achieved"":0.1,""notes"":""control_axis=1, core=[0.45,0.55], g=9.9999e-07, h=9e-06, delta=2.49998e-07, shuffle_strips=1, shuffle_r=0, k_overridden=0""}"
exp7_stripe__nr100000__ns100000__a1_000em01__g1,stripe_ctrl_alpha,0.1,100000,100000,kd_tree,sampling,100000,0,1,1,333.398,20000,1,0,0,0,,0,"{""build_ms"":94.587591,""build_events_ms"":34.846673,""build_kdtrees_ms"":26.838535,""build_rank_arrays_ms"":32.558669,""build_start_index_ms"":0.302144,""phase1_count_ms"":180.184095,""phase2_alias_ms"":58.608960,""phase3_sweep_ms"":52.529694,""run_build_ms"":94.598110,""run_count_ms"":180.187695,""run_sample_ms"":58.610140}",,"{""dataset"":{""source"":""synthetic"",""name"":""exp7_stripe__nr100000__ns100000__a1_000em01__g1"",""dim"":2,""path_r"":"""",""path_s"":"""",""synthetic"":{""generator"":""stripe_ctrl_alpha"",""n_r"":100000,""n_s"":100000,""alpha"":0.1,""seed"":1}},""run"":{""method"":""kd_tree"",""variant"":""sampling"",""t"":100000,""seed"":1,""repeats"":3,""j_star"":1000000,""enum_cap"":0,""write_samples"":false,""verify"":false},""output"":{""out_dir"":""/home/dhy/PhD/SIGMOD-EXP/EXP-4/run/temp/exp7/sampling_adaptive"",""run_tag"":""exp7_sampling_adaptive""},""sys"":{""threads"":1},""logging"":{""level"":""INFO"",""with_timestamp"":true,""with_thread_id"":false}}","{""generator"":""stripe_ctrl_alpha"",""dataset"":""exp7_stripe__nr100000__ns100000__a1_000em01__g1"",""n_r"":100000,""n_s"":100000,""has_exact_k"":true,""k_target"":20000,""k_achieved"":20000,""alpha_target"":0.1,""alpha_achieved"":0.1,""notes"":""control_axis=1, core=[0.45,0.55], g=9.9999e-07, h=9e-06, delta=2.49998e-07, shuffle_strips=1, shuffle_r=0, k_overridden=0""}"
exp7_stripe__nr100000__ns100000__a1_000em01__g1,stripe_ctrl_alpha,0.1,100000,100000,kd_tree,sampling,100000,1,2,1,333.262,20000,1,0,0,0,,0,"{""build_ms"":94.531102,""build_events_ms"":34.809983,""build_kdtrees_ms"":26.842915,""build_rank_arrays_ms"":32.527861,""build_start_index_ms"":0.305704,""phase1_count_ms"":180.295551,""phase2_alias_ms"":58.423765,""phase3_sweep_ms"":52.469526,""run_build_ms"":94.531662,""run_count_ms"":180.298691,""run_sample_ms"":58.424595}",,"{""dataset"":{""source"":""synthetic"",""name"":""exp7_stripe__nr100000__ns100000__a1_000em01__g1"",""dim"":2,""path_r"":"""",""path_s"":"""",""synthetic"":{""generator"":""stripe_ctrl_alpha"",""n_r"":100000,""n_s"":100000,""alpha"":0.1,""seed"":1}},""run"":{""method"":""kd_tree"",""variant"":""sampling"",""t"":100000,""seed"":1,""repeats"":3,""j_star"":1000000,""enum_cap"":0,""write_samples"":false,""verify"":false},""output"":{""out_dir"":""/home/dhy/PhD/SIGMOD-EXP/EXP-4/run/temp/exp7/sampling_adaptive"",""run_tag"":""exp7_sampling_adaptive""},""sys"":{""threads"":1},""logging"":{""level"":""INFO"",""with_timestamp"":true,""with_thread_id"":false}}","{""generator"":""stripe_ctrl_alpha"",""dataset"":""exp7_stripe__nr100000__ns100000__a1_000em01__g1"",""n_r"":100000,""n_s"":100000,""has_exact_k"":true,""k_target"":20000,""k_achieved"":20000,""alpha_target"":0.1,""alpha_achieved"":0.1,""notes"":""control_axis=1, core=[0.45,0.55], g=9.9999e-07, h=9e-06, delta=2.49998e-07, shuffle_strips=1, shuffle_r=0, k_overridden=0""}"
exp7_stripe__nr100000__ns100000__a1_000em01__g1,stripe_ctrl_alpha,0.1,100000,100000,kd_tree,sampling,100000,2,3,1,336.778,20000,1,0,0,0,,0,"{""build_ms"":94.476482,""build_events_ms"":34.773554,""build_kdtrees_ms"":26.805506,""build_rank_arrays_ms"":32.547330,""build_start_index_ms"":0.305194,""phase1_count_ms"":183.533236,""phase2_alias_ms"":58.762098,""phase3_sweep_ms"":52.682451,""run_build_ms"":94.477202,""run_count_ms"":183.535766,""run_sample_ms"":58.762898}",,"{""dataset"":{""source"":""synthetic"",""name"":""exp7_stripe__nr100000__ns100000__a1_000em01__g1"",""dim"":2,""path_r"":"""",""path_s"":"""",""synthetic"":{""generator"":""stripe_ctrl_alpha"",""n_r"":100000,""n_s"":100000,""alpha"":0.1,""seed"":1}},""run"":{""method"":""kd_tree"",""variant"":""sampling"",""t"":100000,""seed"":1,""repeats"":3,""j_star"":1000000,""enum_cap"":0,""write_samples"":false,""verify"":false},""output"":{""out_dir"":""/home/dhy/PhD/SIGMOD-EXP/EXP-4/run/temp/exp7/sampling_adaptive"",""run_tag"":""exp7_sampling_adaptive""},""sys"":{""threads"":1},""logging"":{""level"":""INFO"",""with_timestamp"":true,""with_thread_id"":false}}","{""generator"":""stripe_ctrl_alpha"",""dataset"":""exp7_stripe__nr100000__ns100000__a1_000em01__g1"",""n_r"":100000,""n_s"":100000,""has_exact_k"":true,""k_target"":20000,""k_achieved"":20000,""alpha_target"":0.1,""alpha_achieved"":0.1,""notes"":""control_axis=1, core=[0.45,0.55], g=9.9999e-07, h=9e-06, delta=2.49998e-07, shuffle_strips=1, shuffle_r=0, k_overridden=0""}"
exp7_stripe__nr100000__ns100000__a1_000em01__g1,stripe_ctrl_alpha,0.1,100000,100000,kd_tree,adaptive,100000,0,1,1,463.48,20000,1,1,0,0,enumerate_all,20000,"{""build_ms"":96.555780,""build_embedding_ms"":32.582208,""build_events_ms"":34.753024,""build_kdtrees_ms"":26.798177,""build_rank_arrays_ms"":32.539919,""build_start_index_ms"":0.291284,""enumerate_prepare_ms"":94.220129,""run_build_ms"":96.557200,""run_pilot_enum_prepare_ms"":94.224639,""run_pilot_enum_scan_ms"":272.425341,""run_small_join_sample_from_list_ms"":0.257694}",,"{""dataset"":{""source"":""synthetic"",""name"":""exp7_stripe__nr100000__ns100000__a1_000em01__g1"",""dim"":2,""path_r"":"""",""path_s"":"""",""synthetic"":{""generator"":""stripe_ctrl_alpha"",""n_r"":100000,""n_s"":100000,""alpha"":0.1,""seed"":1}},""run"":{""method"":""kd_tree"",""variant"":""adaptive"",""t"":100000,""seed"":1,""repeats"":3,""j_star"":1000000,""enum_cap"":0,""write_samples"":false,""verify"":false},""output"":{""out_dir"":""/home/dhy/PhD/SIGMOD-EXP/EXP-4/run/temp/exp7/sampling_adaptive"",""run_tag"":""exp7_sampling_adaptive""},""sys"":{""threads"":1},""logging"":{""level"":""INFO"",""with_timestamp"":true,""with_thread_id"":false}}","{""generator"":""stripe_ctrl_alpha"",""dataset"":""exp7_stripe__nr100000__ns100000__a1_000em01__g1"",""n_r"":100000,""n_s"":100000,""has_exact_k"":true,""k_target"":20000,""k_achieved"":20000,""alpha_target"":0.1,""alpha_achieved"":0.1,""notes"":""control_axis=1, core=[0.45,0.55], g=9.9999e-07, h=9e-06, delta=2.49998e-07, shuffle_strips=1, shuffle_r=0, k_overridden=0""}"
exp7_stripe__nr100000__ns100000__a1_000em01__g1,stripe_ctrl_alpha,0.1,100000,100000,kd_tree,adaptive,100000,1,2,1,464.176,20000,1,1,0,0,enumerate_all,20000,"{""build_ms"":94.142090,""build_embedding_ms"":32.160918,""build_events_ms"":34.810334,""build_kdtrees_ms"":26.859935,""build_rank_arrays_ms"":32.120408,""build_start_index_ms"":0.306553,""enumerate_prepare_ms"":94.350266,""run_build_ms"":94.142860,""run_pilot_enum_prepare_ms"":94.355796,""run_pilot_enum_scan_ms"":275.392272,""run_small_join_sample_from_list_ms"":0.270794}",,"{""dataset"":{""source"":""synthetic"",""name"":""exp7_stripe__nr100000__ns100000__a1_000em01__g1"",""dim"":2,""path_r"":"""",""path_s"":"""",""synthetic"":{""generator"":""stripe_ctrl_alpha"",""n_r"":100000,""n_s"":100000,""alpha"":0.1,""seed"":1}},""run"":{""method"":""kd_tree"",""variant"":""adaptive"",""t"":100000,""seed"":1,""repeats"":3,""j_star"":1000000,""enum_cap"":0,""write_samples"":false,""verify"":false},""output"":{""out_dir"":""/home/dhy/PhD/SIGMOD-EXP/EXP-4/run/temp/exp7/sampling_adaptive"",""run_tag"":""exp7_sampling_adaptive""},""sys"":{""threads"":1},""logging"":{""level"":""INFO"",""with_timestamp"":true,""with_thread_id"":false}}","{""generator"":""stripe_ctrl_alpha"",""dataset"":""exp7_stripe__nr100000__ns100000__a1_000em01__g1"",""n_r"":100000,""n_s"":100000,""has_exact_k"":true,""k_target"":20000,""k_achieved"":20000,""alpha_target"":0.1,""alpha_achieved"":0.1,""notes"":""control_axis=1, core=[0.45,0.55], g=9.9999e-07, h=9e-06, delta=2.49998e-07, shuffle_strips=1, shuffle_r=0, k_overridden=0""}"
exp7_stripe__nr100000__ns100000__a1_000em01__g1,stripe_ctrl_alpha,0.1,100000,100000,kd_tree,adaptive,100000,2,3,1,461.044,20000,1,1,0,0,enumerate_all,20000,"{""build_ms"":94.235578,""build_embedding_ms"":32.252045,""build_events_ms"":34.829693,""build_kdtrees_ms"":26.843916,""build_rank_arrays_ms"":32.210496,""build_start_index_ms"":0.305844,""enumerate_prepare_ms"":93.815566,""run_build_ms"":94.236428,""run_pilot_enum_prepare_ms"":93.819816,""run_pilot_enum_scan_ms"":272.714277,""run_small_join_sample_from_list_ms"":0.260114}",,"{""dataset"":{""source"":""synthetic"",""name"":""exp7_stripe__nr100000__ns100000__a1_000em01__g1"",""dim"":2,""path_r"":"""",""path_s"":"""",""synthetic"":{""generator"":""stripe_ctrl_alpha"",""n_r"":100000,""n_s"":100000,""alpha"":0.1,""seed"":1}},""run"":{""method"":""kd_tree"",""variant"":""adaptive"",""t"":100000,""seed"":1,""repeats"":3,""j_star"":1000000,""enum_cap"":0,""write_samples"":false,""verify"":false},""output"":{""out_dir"":""/home/dhy/PhD/SIGMOD-EXP/EXP-4/run/temp/exp7/sampling_adaptive"",""run_tag"":""exp7_sampling_adaptive""},""sys"":{""threads"":1},""logging"":{""level"":""INFO"",""with_timestamp"":true,""with_thread_id"":false}}","{""generator"":""stripe_ctrl_alpha"",""dataset"":""exp7_stripe__nr100000__ns100000__a1_000em01__g1"",""n_r"":100000,""n_s"":100000,""has_exact_k"":true,""k_target"":20000,""k_achieved"":20000,""alpha_target"":0.1,""alpha_achieved"":0.1,""notes"":""control_axis=1, core=[0.45,0.55], g=9.9999e-07, h=9e-06, delta=2.49998e-07, shuffle_strips=1, shuffle_r=0, k_overridden=0""}"
exp7_stripe__nr100000__ns100000__a1_000em01__g1,stripe_ctrl_alpha,0.1,100000,100000,r_tree,sampling,100000,0,1,1,598.11,20000,1,0,0,0,,0,"{""build_ms"":35.594877,""phase1_count_ms"":307.193047,""phase2_assign_ms"":1.111168,""phase3_sample_ms"":254.038456,""run_build_ms"":35.596488,""run_count_ms"":307.196776,""run_sample_ms"":255.314150}",,"{""dataset"":{""source"":""synthetic"",""name"":""exp7_stripe__nr100000__ns100000__a1_000em01__g1"",""dim"":2,""path_r"":"""",""path_s"":"""",""synthetic"":{""generator"":""stripe_ctrl_alpha"",""n_r"":100000,""n_s"":100000,""alpha"":0.1,""seed"":1}},""run"":{""method"":""r_tree"",""variant"":""sampling"",""t"":100000,""seed"":1,""repeats"":3,""j_star"":1000000,""enum_cap"":0,""write_samples"":false,""verify"":false},""output"":{""out_dir"":""/home/dhy/PhD/SIGMOD-EXP/EXP-4/run/temp/exp7/sampling_adaptive"",""run_tag"":""exp7_sampling_adaptive""},""sys"":{""threads"":1},""logging"":{""level"":""INFO"",""with_timestamp"":true,""with_thread_id"":false}}","{""generator"":""stripe_ctrl_alpha"",""dataset"":""exp7_stripe__nr100000__ns100000__a1_000em01__g1"",""n_r"":100000,""n_s"":100000,""has_exact_k"":true,""k_target"":20000,""k_achieved"":20000,""alpha_target"":0.1,""alpha_achieved"":0.1,""notes"":""control_axis=1, core=[0.45,0.55], g=9.9999e-07, h=9e-06, delta=2.49998e-07, shuffle_strips=1, shuffle_r=0, k_overridden=0""}"
exp7_stripe__nr100000__ns100000__a1_000em01__g1,stripe_ctrl_alpha,0.1,100000,100000,r_tree,sampling,100000,1,2,1,596.472,20000,1,0,0,0,,0,"{""build_ms"":35.609727,""phase1_count_ms"":307.363583,""phase2_assign_ms"":1.109517,""phase3_sample_ms"":251.889859,""run_build_ms"":35.611187,""run_count_ms"":307.366993,""run_sample_ms"":253.173603}",,"{""dataset"":{""source"":""synthetic"",""name"":""exp7_stripe__nr100000__ns100000__a1_000em01__g1"",""dim"":2,""path_r"":"""",""path_s"":"""",""synthetic"":{""generator"":""stripe_ctrl_alpha"",""n_r"":100000,""n_s"":100000,""alpha"":0.1,""seed"":1}},""run"":{""method"":""r_tree"",""variant"":""sampling"",""t"":100000,""seed"":1,""repeats"":3,""j_star"":1000000,""enum_cap"":0,""write_samples"":false,""verify"":false},""output"":{""out_dir"":""/home/dhy/PhD/SIGMOD-EXP/EXP-4/run/temp/exp7/sampling_adaptive"",""run_tag"":""exp7_sampling_adaptive""},""sys"":{""threads"":1},""logging"":{""level"":""INFO"",""with_timestamp"":true,""with_thread_id"":false}}","{""generator"":""stripe_ctrl_alpha"",""dataset"":""exp7_stripe__nr100000__ns100000__a1_000em01__g1"",""n_r"":100000,""n_s"":100000,""has_exact_k"":true,""k_target"":20000,""k_achieved"":20000,""alpha_target"":0.1,""alpha_achieved"":0.1,""notes"":""control_axis=1, core=[0.45,0.55], g=9.9999e-07, h=9e-06, delta=2.49998e-07, shuffle_strips=1, shuffle_r=0, k_overridden=0""}"
exp7_stripe__nr100000__ns100000__a1_000em01__g1,stripe_ctrl_alpha,0.1,100000,100000,r_tree,sampling,100000,2,3,1,597.889,20000,1,0,0,0,,0,"{""build_ms"":35.597207,""phase1_count_ms"":309.248096,""phase2_assign_ms"":1.110937,""phase3_sample_ms"":251.446648,""run_build_ms"":35.598827,""run_count_ms"":309.251426,""run_sample_ms"":252.722012}",,"{""dataset"":{""source"":""synthetic"",""name"":""exp7_stripe__nr100000__ns100000__a1_000em01__g1"",""dim"":2,""path_r"":"""",""path_s"":"""",""synthetic"":{""generator"":""stripe_ctrl_alpha"",""n_r"":100000,""n_s"":100000,""alpha"":0.1,""seed"":1}},""run"":{""method"":""r_tree"",""variant"":""sampling"",""t"":100000,""seed"":1,""repeats"":3,""j_star"":1000000,""enum_cap"":0,""write_samples"":false,""verify"":false},""output"":{""out_dir"":""/home/dhy/PhD/SIGMOD-EXP/EXP-4/run/temp/exp7/sampling_adaptive"",""run_tag"":""exp7_sampling_adaptive""},""sys"":{""threads"":1},""logging"":{""level"":""INFO"",""with_timestamp"":true,""with_thread_id"":false}}","{""generator"":""stripe_ctrl_alpha"",""dataset"":""exp7_stripe__nr100000__ns100000__a1_000em01__g1"",""n_r"":100000,""n_s"":100000,""has_exact_k"":true,""k_target"":20000,""k_achieved"":20000,""alpha_target"":0.1,""alpha_achieved"":0.1,""notes"":""control_axis=1, core=[0.45,0.55], g=9.9999e-07, h=9e-06, delta=2.49998e-07, shuffle_strips=1, shuffle_r=0, k_overridden=0""}"
exp7_stripe__nr100000__ns100000__a1_000em01__g1,stripe_ctrl_alpha,0.1,100000,100000,r_tree,adaptive,100000,0,1,1,421.928,20000,1,1,0,0,enumerate_all,20000,"{""build_ms"":35.584958,""enumerate_prepare_ms"":35.071738,""run_build_ms"":35.586709,""run_pilot_enum_prepare_ms"":35.073699,""run_pilot_enum_scan_ms"":350.718404,""run_small_join_sample_from_list_ms"":0.272005}",,"{""dataset"":{""source"":""synthetic"",""name"":""exp7_stripe__nr100000__ns100000__a1_000em01__g1"",""dim"":2,""path_r"":"""",""path_s"":"""",""synthetic"":{""generator"":""stripe_ctrl_alpha"",""n_r"":100000,""n_s"":100000,""alpha"":0.1,""seed"":1}},""run"":{""method"":""r_tree"",""variant"":""adaptive"",""t"":100000,""seed"":1,""repeats"":3,""j_star"":1000000,""enum_cap"":0,""write_samples"":false,""verify"":false},""output"":{""out_dir"":""/home/dhy/PhD/SIGMOD-EXP/EXP-4/run/temp/exp7/sampling_adaptive"",""run_tag"":""exp7_sampling_adaptive""},""sys"":{""threads"":1},""logging"":{""level"":""INFO"",""with_timestamp"":true,""with_thread_id"":false}}","{""generator"":""stripe_ctrl_alpha"",""dataset"":""exp7_stripe__nr100000__ns100000__a1_000em01__g1"",""n_r"":100000,""n_s"":100000,""has_exact_k"":true,""k_target"":20000,""k_achieved"":20000,""alpha_target"":0.1,""alpha_achieved"":0.1,""notes"":""control_axis=1, core=[0.45,0.55], g=9.9999e-07, h=9e-06, delta=2.49998e-07, shuffle_strips=1, shuffle_r=0, k_overridden=0""}"
exp7_stripe__nr100000__ns100000__a1_000em01__g1,stripe_ctrl_alpha,0.1,100000,100000,r_tree,adaptive,100000,1,2,1,421.819,20000,1,1,0,0,enumerate_all,20000,"{""build_ms"":35.609087,""enumerate_prepare_ms"":35.071378,""run_build_ms"":35.610527,""run_pilot_enum_prepare_ms"":35.073280,""run_pilot_enum_scan_ms"":350.527608,""run_small_join_sample_from_list_ms"":0.271594}",,"{""dataset"":{""source"":""synthetic"",""name"":""exp7_stripe__nr100000__ns100000__a1_000em01__g1"",""dim"":2,""path_r"":"""",""path_s"":"""",""synthetic"":{""generator"":""stripe_ctrl_alpha"",""n_r"":100000,""n_s"":100000,""alpha"":0.1,""seed"":1}},""run"":{""method"":""r_tree"",""variant"":""adaptive"",""t"":100000,""seed"":1,""repeats"":3,""j_star"":1000000,""enum_cap"":0,""write_samples"":false,""verify"":false},""output"":{""out_dir"":""/home/dhy/PhD/SIGMOD-EXP/EXP-4/run/temp/exp7/sampling_adaptive"",""run_tag"":""exp7_sampling_adaptive""},""sys"":{""threads"":1},""logging"":{""level"":""INFO"",""with_timestamp"":true,""with_thread_id"":false}}","{""generator"":""stripe_ctrl_alpha"",""dataset"":""exp7_stripe__nr100000__ns100000__a1_000em01__g1"",""n_r"":100000,""n_s"":100000,""has_exact_k"":true,""k_target"":20000,""k_achieved"":20000,""alpha_target"":0.1,""alpha_achieved"":0.1,""notes"":""control_axis=1, core=[0.45,0.55], g=9.9999e-07, h=9e-06, delta=2.49998e-07, shuffle_strips=1, shuffle_r=0, k_overridden=0""}"
exp7_stripe__nr100000__ns100000__a1_000em01__g1,stripe_ctrl_alpha,0.1,100000,100000,r_tree,adaptive,100000,2,3,1,419.552,20000,1,1,0,0,enumerate_all,20000,"{""build_ms"":35.625497,""enumerate_prepare_ms"":35.015470,""run_build_ms"":35.627097,""run_pilot_enum_prepare_ms"":35.017560,""run_pilot_enum_scan_ms"":348.302433,""run_small_join_sample_from_list_ms"":0.272024}",,"{""dataset"":{""source"":""synthetic"",""name"":""exp7_stripe__nr100000__ns100000__a1_000em01__g1"",""dim"":2,""path_r"":"""",""path_s"":"""",""synthetic"":{""generator"":""stripe_ctrl_alpha"",""n_r"":100000,""n_s"":100000,""alpha"":0.1,""seed"":1}},""run"":{""method"":""r_tree"",""variant"":""adaptive"",""t"":100000,""seed"":1,""repeats"":3,""j_star"":1000000,""enum_cap"":0,""write_samples"":false,""verify"":false},""output"":{""out_dir"":""/home/dhy/PhD/SIGMOD-EXP/EXP-4/run/temp/exp7/sampling_adaptive"",""run_tag"":""exp7_sampling_adaptive""},""sys"":{""threads"":1},""logging"":{""level"":""INFO"",""with_timestamp"":true,""with_thread_id"":false}}","{""generator"":""stripe_ctrl_alpha"",""dataset"":""exp7_stripe__nr100000__ns100000__a1_000em01__g1"",""n_r"":100000,""n_s"":100000,""has_exact_k"":true,""k_target"":20000,""k_achieved"":20000,""alpha_target"":0.1,""alpha_achieved"":0.1,""notes"":""control_axis=1, core=[0.45,0.55], g=9.9999e-07, h=9e-06, delta=2.49998e-07, shuffle_strips=1, shuffle_r=0, k_overridden=0""}"
exp7_stripe__nr100000__ns100000__a1_000em01__g1,stripe_ctrl_alpha,0.1,100000,100000,range_tree,sampling,100000,0,1,1,1803.75,20000,1,0,0,0,,0,"{""build_ms"":91.826976,""build_events_ms"":34.846172,""build_range_trees_ms"":25.495412,""build_rank_arrays_ms"":31.151078,""build_start_index_ms"":0.291514,""phase1_count_ms"":990.153862,""phase2_alias_ms"":721.751437,""phase3_sweep_ms"":715.576012,""run_build_ms"":91.828336,""run_count_ms"":990.158171,""run_sample_ms"":721.757597}",,"{""dataset"":{""source"":""synthetic"",""name"":""exp7_stripe__nr100000__ns100000__a1_000em01__g1"",""dim"":2,""path_r"":"""",""path_s"":"""",""synthetic"":{""generator"":""stripe_ctrl_alpha"",""n_r"":100000,""n_s"":100000,""alpha"":0.1,""seed"":1}},""run"":{""method"":""range_tree"",""variant"":""sampling"",""t"":100000,""seed"":1,""repeats"":3,""j_star"":1000000,""enum_cap"":0,""write_samples"":false,""verify"":false},""output"":{""out_dir"":""/home/dhy/PhD/SIGMOD-EXP/EXP-4/run/temp/exp7/sampling_adaptive"",""run_tag"":""exp7_sampling_adaptive""},""sys"":{""threads"":1},""logging"":{""level"":""INFO"",""with_timestamp"":true,""with_thread_id"":false}}","{""generator"":""stripe_ctrl_alpha"",""dataset"":""exp7_stripe__nr100000__ns100000__a1_000em01__g1"",""n_r"":100000,""n_s"":100000,""has_exact_k"":true,""k_target"":20000,""k_achieved"":20000,""alpha_target"":0.1,""alpha_achieved"":0.1,""notes"":""control_axis=1, core=[0.45,0.55], g=9.9999e-07, h=9e-06, delta=2.49998e-07, shuffle_strips=1, shuffle_r=0, k_overridden=0""}"
exp7_stripe__nr100000__ns100000__a1_000em01__g1,stripe_ctrl_alpha,0.1,100000,100000,range_tree,sampling,100000,1,2,1,1801.77,20000,1,0,0,0,,0,"{""build_ms"":90.258799,""build_events_ms"":34.790494,""build_range_trees_ms"":23.898756,""build_rank_arrays_ms"":31.216087,""build_start_index_ms"":0.306333,""phase1_count_ms"":989.319148,""phase2_alias_ms"":722.182358,""phase3_sweep_ms"":716.217829,""run_build_ms"":90.259629,""run_count_ms"":989.324548,""run_sample_ms"":722.183398}",,"{""dataset"":{""source"":""synthetic"",""name"":""exp7_stripe__nr100000__ns100000__a1_000em01__g1"",""dim"":2,""path_r"":"""",""path_s"":"""",""synthetic"":{""generator"":""stripe_ctrl_alpha"",""n_r"":100000,""n_s"":100000,""alpha"":0.1,""seed"":1}},""run"":{""method"":""range_tree"",""variant"":""sampling"",""t"":100000,""seed"":1,""repeats"":3,""j_star"":1000000,""enum_cap"":0,""write_samples"":false,""verify"":false},""output"":{""out_dir"":""/home/dhy/PhD/SIGMOD-EXP/EXP-4/run/temp/exp7/sampling_adaptive"",""run_tag"":""exp7_sampling_adaptive""},""sys"":{""threads"":1},""logging"":{""level"":""INFO"",""with_timestamp"":true,""with_thread_id"":false}}","{""generator"":""stripe_ctrl_alpha"",""dataset"":""exp7_stripe__nr100000__ns100000__a1_000em01__g1"",""n_r"":100000,""n_s"":100000,""has_exact_k"":true,""k_target"":20000,""k_achieved"":20000,""alpha_target"":0.1,""alpha_achieved"":0.1,""notes"":""control_axis=1, core=[0.45,0.55], g=9.9999e-07, h=9e-06, delta=2.49998e-07, shuffle_strips=1, shuffle_r=0, k_overridden=0""}"
exp7_stripe__nr100000__ns100000__a1_000em01__g1,stripe_ctrl_alpha,0.1,100000,100000,range_tree,sampling,100000,2,3,1,1799.09,20000,1,0,0,0,,0,"{""build_ms"":90.153281,""build_events_ms"":34.826334,""build_range_trees_ms"":23.829007,""build_rank_arrays_ms"":31.144868,""build_start_index_ms"":0.306263,""phase1_count_ms"":989.192762,""phase2_alias_ms"":719.725598,""phase3_sweep_ms"":713.530314,""run_build_ms"":90.154011,""run_count_ms"":989.195972,""run_sample_ms"":719.726798}",,"{""dataset"":{""source"":""synthetic"",""name"":""exp7_stripe__nr100000__ns100000__a1_000em01__g1"",""dim"":2,""path_r"":"""",""path_s"":"""",""synthetic"":{""generator"":""stripe_ctrl_alpha"",""n_r"":100000,""n_s"":100000,""alpha"":0.1,""seed"":1}},""run"":{""method"":""range_tree"",""variant"":""sampling"",""t"":100000,""seed"":1,""repeats"":3,""j_star"":1000000,""enum_cap"":0,""write_samples"":false,""verify"":false},""output"":{""out_dir"":""/home/dhy/PhD/SIGMOD-EXP/EXP-4/run/temp/exp7/sampling_adaptive"",""run_tag"":""exp7_sampling_adaptive""},""sys"":{""threads"":1},""logging"":{""level"":""INFO"",""with_timestamp"":true,""with_thread_id"":false}}","{""generator"":""stripe_ctrl_alpha"",""dataset"":""exp7_stripe__nr100000__ns100000__a1_000em01__g1"",""n_r"":100000,""n_s"":100000,""has_exact_k"":true,""k_target"":20000,""k_achieved"":20000,""alpha_target"":0.1,""alpha_achieved"":0.1,""notes"":""control_axis=1, core=[0.45,0.55], g=9.9999e-07, h=9e-06, delta=2.49998e-07, shuffle_strips=1, shuffle_r=0, k_overridden=0""}"
exp7_stripe__nr100000__ns100000__a1_000em01__g1,stripe_ctrl_alpha,0.1,100000,100000,range_tree,adaptive,100000,0,1,1,1268.95,20000,1,1,0,0,enumerate_all,20000,"{""build_ms"":93.680489,""build_events_ms"":37.117457,""build_range_trees_ms"":25.123170,""build_rank_arrays_ms"":31.093299,""build_start_index_ms"":0.296424,""enumerate_prepare_ms"":91.136412,""run_build_ms"":93.681389,""run_pilot_enum_prepare_ms"":91.139502,""run_pilot_enum_scan_ms"":1083.830412,""run_small_join_sample_from_list_ms"":0.277814}",,"{""dataset"":{""source"":""synthetic"",""name"":""exp7_stripe__nr100000__ns100000__a1_000em01__g1"",""dim"":2,""path_r"":"""",""path_s"":"""",""synthetic"":{""generator"":""stripe_ctrl_alpha"",""n_r"":100000,""n_s"":100000,""alpha"":0.1,""seed"":1}},""run"":{""method"":""range_tree"",""variant"":""adaptive"",""t"":100000,""seed"":1,""repeats"":3,""j_star"":1000000,""enum_cap"":0,""write_samples"":false,""verify"":false},""output"":{""out_dir"":""/home/dhy/PhD/SIGMOD-EXP/EXP-4/run/temp/exp7/sampling_adaptive"",""run_tag"":""exp7_sampling_adaptive""},""sys"":{""threads"":1},""logging"":{""level"":""INFO"",""with_timestamp"":true,""with_thread_id"":false}}","{""generator"":""stripe_ctrl_alpha"",""dataset"":""exp7_stripe__nr100000__ns100000__a1_000em01__g1"",""n_r"":100000,""n_s"":100000,""has_exact_k"":true,""k_target"":20000,""k_achieved"":20000,""alpha_target"":0.1,""alpha_achieved"":0.1,""notes"":""control_axis=1, core=[0.45,0.55], g=9.9999e-07, h=9e-06, delta=2.49998e-07, shuffle_strips=1, shuffle_r=0, k_overridden=0""}"
exp7_stripe__nr100000__ns100000__a1_000em01__g1,stripe_ctrl_alpha,0.1,100000,100000,range_tree,adaptive,100000,1,2,1,1264.77,20000,1,1,0,0,enumerate_all,20000,"{""build_ms"":89.898846,""build_events_ms"":34.765875,""build_range_trees_ms"":23.710398,""build_rank_arrays_ms"":31.068290,""build_start_index_ms"":0.307954,""enumerate_prepare_ms"":91.008494,""run_build_ms"":89.899536,""run_pilot_enum_prepare_ms"":91.011814,""run_pilot_enum_scan_ms"":1083.575278,""run_small_join_sample_from_list_ms"":0.271605}",,"{""dataset"":{""source"":""synthetic"",""name"":""exp7_stripe__nr100000__ns100000__a1_000em01__g1"",""dim"":2,""path_r"":"""",""path_s"":"""",""synthetic"":{""generator"":""stripe_ctrl_alpha"",""n_r"":100000,""n_s"":100000,""alpha"":0.1,""seed"":1}},""run"":{""method"":""range_tree"",""variant"":""adaptive"",""t"":100000,""seed"":1,""repeats"":3,""j_star"":1000000,""enum_cap"":0,""write_samples"":false,""verify"":false},""output"":{""out_dir"":""/home/dhy/PhD/SIGMOD-EXP/EXP-4/run/temp/exp7/sampling_adaptive"",""run_tag"":""exp7_sampling_adaptive""},""sys"":{""threads"":1},""logging"":{""level"":""INFO"",""with_timestamp"":true,""with_thread_id"":false}}","{""generator"":""stripe_ctrl_alpha"",""dataset"":""exp7_stripe__nr100000__ns100000__a1_000em01__g1"",""n_r"":100000,""n_s"":100000,""has_exact_k"":true,""k_target"":20000,""k_achieved"":20000,""alpha_target"":0.1,""alpha_achieved"":0.1,""notes"":""control_axis=1, core=[0.45,0.55], g=9.9999e-07, h=9e-06, delta=2.49998e-07, shuffle_strips=1, shuffle_r=0, k_overridden=0""}"
exp7_stripe__nr100000__ns100000__a1_000em01__g1,stripe_ctrl_alpha,0.1,100000,100000,range_tree,adaptive,100000,2,3,1,1264.68,20000,1,1,0,0,enumerate_all,20000,"{""build_ms"":90.201800,""build_events_ms"":34.805994,""build_range_trees_ms"":23.932555,""build_rank_arrays_ms"":31.111420,""build_start_index_ms"":0.306014,""enumerate_prepare_ms"":91.036413,""run_build_ms"":90.202690,""run_pilot_enum_prepare_ms"":91.039613,""run_pilot_enum_scan_ms"":1083.143298,""run_small_join_sample_from_list_ms"":0.273544}",,"{""dataset"":{""source"":""synthetic"",""name"":""exp7_stripe__nr100000__ns100000__a1_000em01__g1"",""dim"":2,""path_r"":"""",""path_s"":"""",""synthetic"":{""generator"":""stripe_ctrl_alpha"",""n_r"":100000,""n_s"":100000,""alpha"":0.1,""seed"":1}},""run"":{""method"":""range_tree"",""variant"":""adaptive"",""t"":100000,""seed"":1,""repeats"":3,""j_star"":1000000,""enum_cap"":0,""write_samples"":false,""verify"":false},""output"":{""out_dir"":""/home/dhy/PhD/SIGMOD-EXP/EXP-4/run/temp/exp7/sampling_adaptive"",""run_tag"":""exp7_sampling_adaptive""},""sys"":{""threads"":1},""logging"":{""level"":""INFO"",""with_timestamp"":true,""with_thread_id"":false}}","{""generator"":""stripe_ctrl_alpha"",""dataset"":""exp7_stripe__nr100000__ns100000__a1_000em01__g1"",""n_r"":100000,""n_s"":100000,""has_exact_k"":true,""k_target"":20000,""k_achieved"":20000,""alpha_target"":0.1,""alpha_achieved"":0.1,""notes"":""control_axis=1, core=[0.45,0.55], g=9.9999e-07, h=9e-06, delta=2.49998e-07, shuffle_strips=1, shuffle_r=0, k_overridden=0""}"
exp7_stripe__nr100000__ns100000__a1_000em01__g1,stripe_ctrl_alpha,0.1,100000,100000,pbsm,sampling,100000,0,1,1,35.8373,20000,1,0,0,0,,0,"{""build_ms"":23.002073,""pbsm_build_ms"":23.001573,""pbsm_count_pass1_ms"":2.881471,""pbsm_partitions_stripes_ms"":22.501214,""pbsm_sample_draw_ranks_ms"":6.956998,""pbsm_sample_pass2_select_ms"":2.930761,""run_build_ms"":23.002613,""run_count_ms"":2.882302,""run_sample_ms"":9.949109}",,"{""dataset"":{""source"":""synthetic"",""name"":""exp7_stripe__nr100000__ns100000__a1_000em01__g1"",""dim"":2,""path_r"":"""",""path_s"":"""",""synthetic"":{""generator"":""stripe_ctrl_alpha"",""n_r"":100000,""n_s"":100000,""alpha"":0.1,""seed"":1}},""run"":{""method"":""pbsm"",""variant"":""sampling"",""t"":100000,""seed"":1,""repeats"":3,""j_star"":1000000,""enum_cap"":0,""write_samples"":false,""verify"":false},""output"":{""out_dir"":""/home/dhy/PhD/SIGMOD-EXP/EXP-4/run/temp/exp7/sampling_adaptive"",""run_tag"":""exp7_sampling_adaptive""},""sys"":{""threads"":1},""logging"":{""level"":""INFO"",""with_timestamp"":true,""with_thread_id"":false}}","{""generator"":""stripe_ctrl_alpha"",""dataset"":""exp7_stripe__nr100000__ns100000__a1_000em01__g1"",""n_r"":100000,""n_s"":100000,""has_exact_k"":true,""k_target"":20000,""k_achieved"":20000,""alpha_target"":0.1,""alpha_achieved"":0.1,""notes"":""control_axis=1, core=[0.45,0.55], g=9.9999e-07, h=9e-06, delta=2.49998e-07, shuffle_strips=1, shuffle_r=0, k_overridden=0""}"
exp7_stripe__nr100000__ns100000__a1_000em01__g1,stripe_ctrl_alpha,0.1,100000,100000,pbsm,sampling,100000,1,2,1,35.3511,20000,1,0,0,0,,0,"{""build_ms"":22.731409,""pbsm_build_ms"":22.731119,""pbsm_count_pass1_ms"":2.800593,""pbsm_partitions_stripes_ms"":22.391756,""pbsm_sample_draw_ranks_ms"":6.837682,""pbsm_sample_pass2_select_ms"":2.928570,""run_build_ms"":22.731979,""run_count_ms"":2.801173,""run_sample_ms"":9.816621}",,"{""dataset"":{""source"":""synthetic"",""name"":""exp7_stripe__nr100000__ns100000__a1_000em01__g1"",""dim"":2,""path_r"":"""",""path_s"":"""",""synthetic"":{""generator"":""stripe_ctrl_alpha"",""n_r"":100000,""n_s"":100000,""alpha"":0.1,""seed"":1}},""run"":{""method"":""pbsm"",""variant"":""sampling"",""t"":100000,""seed"":1,""repeats"":3,""j_star"":1000000,""enum_cap"":0,""write_samples"":false,""verify"":false},""output"":{""out_dir"":""/home/dhy/PhD/SIGMOD-EXP/EXP-4/run/temp/exp7/sampling_adaptive"",""run_tag"":""exp7_sampling_adaptive""},""sys"":{""threads"":1},""logging"":{""level"":""INFO"",""with_timestamp"":true,""with_thread_id"":false}}","{""generator"":""stripe_ctrl_alpha"",""dataset"":""exp7_stripe__nr100000__ns100000__a1_000em01__g1"",""n_r"":100000,""n_s"":100000,""has_exact_k"":true,""k_target"":20000,""k_achieved"":20000,""alpha_target"":0.1,""alpha_achieved"":0.1,""notes"":""control_axis=1, core=[0.45,0.55], g=9.9999e-07, h=9e-06, delta=2.49998e-07, shuffle_strips=1, shuffle_r=0, k_overridden=0""}"
exp7_stripe__nr100000__ns100000__a1_000em01__g1,stripe_ctrl_alpha,0.1,100000,100000,pbsm,sampling,100000,2,3,1,35.2232,20000,1,0,0,0,,0,"{""build_ms"":22.674270,""pbsm_build_ms"":22.673830,""pbsm_count_pass1_ms"":2.743025,""pbsm_partitions_stripes_ms"":22.334157,""pbsm_sample_draw_ranks_ms"":6.821732,""pbsm_sample_pass2_select_ms"":2.931421,""run_build_ms"":22.674630,""run_count_ms"":2.743605,""run_sample_ms"":9.803421}",,"{""dataset"":{""source"":""synthetic"",""name"":""exp7_stripe__nr100000__ns100000__a1_000em01__g1"",""dim"":2,""path_r"":"""",""path_s"":"""",""synthetic"":{""generator"":""stripe_ctrl_alpha"",""n_r"":100000,""n_s"":100000,""alpha"":0.1,""seed"":1}},""run"":{""method"":""pbsm"",""variant"":""sampling"",""t"":100000,""seed"":1,""repeats"":3,""j_star"":1000000,""enum_cap"":0,""write_samples"":false,""verify"":false},""output"":{""out_dir"":""/home/dhy/PhD/SIGMOD-EXP/EXP-4/run/temp/exp7/sampling_adaptive"",""run_tag"":""exp7_sampling_adaptive""},""sys"":{""threads"":1},""logging"":{""level"":""INFO"",""with_timestamp"":true,""with_thread_id"":false}}","{""generator"":""stripe_ctrl_alpha"",""dataset"":""exp7_stripe__nr100000__ns100000__a1_000em01__g1"",""n_r"":100000,""n_s"":100000,""has_exact_k"":true,""k_target"":20000,""k_achieved"":20000,""alpha_target"":0.1,""alpha_achieved"":0.1,""notes"":""control_axis=1, core=[0.45,0.55], g=9.9999e-07, h=9e-06, delta=2.49998e-07, shuffle_strips=1, shuffle_r=0, k_overridden=0""}"
exp7_stripe__nr100000__ns100000__a1_000em01__g1,stripe_ctrl_alpha,0.1,100000,100000,pbsm,adaptive,100000,0,1,1,25.7969,20000,1,1,0,0,enumerate_all,20000,"{""build_ms"":22.735118,""enumerate_prepare_ms"":0.000180,""pbsm_build_ms"":22.734808,""pbsm_partitions_stripes_ms"":22.386465,""run_build_ms"":22.735698,""run_pilot_enum_prepare_ms"":0.000580,""run_pilot_enum_scan_ms"":2.836913,""run_small_join_sample_from_list_ms"":0.217945}",,"{""dataset"":{""source"":""synthetic"",""name"":""exp7_stripe__nr100000__ns100000__a1_000em01__g1"",""dim"":2,""path_r"":"""",""path_s"":"""",""synthetic"":{""generator"":""stripe_ctrl_alpha"",""n_r"":100000,""n_s"":100000,""alpha"":0.1,""seed"":1}},""run"":{""method"":""pbsm"",""variant"":""adaptive"",""t"":100000,""seed"":1,""repeats"":3,""j_star"":1000000,""enum_cap"":0,""write_samples"":false,""verify"":false},""output"":{""out_dir"":""/home/dhy/PhD/SIGMOD-EXP/EXP-4/run/temp/exp7/sampling_adaptive"",""run_tag"":""exp7_sampling_adaptive""},""sys"":{""threads"":1},""logging"":{""level"":""INFO"",""with_timestamp"":true,""with_thread_id"":false}}","{""generator"":""stripe_ctrl_alpha"",""dataset"":""exp7_stripe__nr100000__ns100000__a1_000em01__g1"",""n_r"":100000,""n_s"":100000,""has_exact_k"":true,""k_target"":20000,""k_achieved"":20000,""alpha_target"":0.1,""alpha_achieved"":0.1,""notes"":""control_axis=1, core=[0.45,0.55], g=9.9999e-07, h=9e-06, delta=2.49998e-07, shuffle_strips=1, shuffle_r=0, k_overridden=0""}"
exp7_stripe__nr100000__ns100000__a1_000em01__g1,stripe_ctrl_alpha,0.1,100000,100000,pbsm,adaptive,100000,1,2,1,25.8448,20000,1,1,0,0,enumerate_all,20000,"{""build_ms"":22.798798,""enumerate_prepare_ms"":0.000129,""pbsm_build_ms"":22.798607,""pbsm_partitions_stripes_ms"":22.457455,""run_build_ms"":22.799018,""run_pilot_enum_prepare_ms"":0.000691,""run_pilot_enum_scan_ms"":2.822683,""run_small_join_sample_from_list_ms"":0.216825}",,"{""dataset"":{""source"":""synthetic"",""name"":""exp7_stripe__nr100000__ns100000__a1_000em01__g1"",""dim"":2,""path_r"":"""",""path_s"":"""",""synthetic"":{""generator"":""stripe_ctrl_alpha"",""n_r"":100000,""n_s"":100000,""alpha"":0.1,""seed"":1}},""run"":{""method"":""pbsm"",""variant"":""adaptive"",""t"":100000,""seed"":1,""repeats"":3,""j_star"":1000000,""enum_cap"":0,""write_samples"":false,""verify"":false},""output"":{""out_dir"":""/home/dhy/PhD/SIGMOD-EXP/EXP-4/run/temp/exp7/sampling_adaptive"",""run_tag"":""exp7_sampling_adaptive""},""sys"":{""threads"":1},""logging"":{""level"":""INFO"",""with_timestamp"":true,""with_thread_id"":false}}","{""generator"":""stripe_ctrl_alpha"",""dataset"":""exp7_stripe__nr100000__ns100000__a1_000em01__g1"",""n_r"":100000,""n_s"":100000,""has_exact_k"":true,""k_target"":20000,""k_achieved"":20000,""alpha_target"":0.1,""alpha_achieved"":0.1,""notes"":""control_axis=1, core=[0.45,0.55], g=9.9999e-07, h=9e-06, delta=2.49998e-07, shuffle_strips=1, shuffle_r=0, k_overridden=0""}"
exp7_stripe__nr100000__ns100000__a1_000em01__g1,stripe_ctrl_alpha,0.1,100000,100000,pbsm,adaptive,100000,2,3,1,25.7474,20000,1,1,0,0,enumerate_all,20000,"{""build_ms"":22.737309,""enumerate_prepare_ms"":0.000340,""pbsm_build_ms"":22.736719,""pbsm_partitions_stripes_ms"":22.397166,""run_build_ms"":22.737609,""run_pilot_enum_prepare_ms"":0.000630,""run_pilot_enum_scan_ms"":2.788483,""run_small_join_sample_from_list_ms"":0.214066}",,"{""dataset"":{""source"":""synthetic"",""name"":""exp7_stripe__nr100000__ns100000__a1_000em01__g1"",""dim"":2,""path_r"":"""",""path_s"":"""",""synthetic"":{""generator"":""stripe_ctrl_alpha"",""n_r"":100000,""n_s"":100000,""alpha"":0.1,""seed"":1}},""run"":{""method"":""pbsm"",""variant"":""adaptive"",""t"":100000,""seed"":1,""repeats"":3,""j_star"":1000000,""enum_cap"":0,""write_samples"":false,""verify"":false},""output"":{""out_dir"":""/home/dhy/PhD/SIGMOD-EXP/EXP-4/run/temp/exp7/sampling_adaptive"",""run_tag"":""exp7_sampling_adaptive""},""sys"":{""threads"":1},""logging"":{""level"":""INFO"",""with_timestamp"":true,""with_thread_id"":false}}","{""generator"":""stripe_ctrl_alpha"",""dataset"":""exp7_stripe__nr100000__ns100000__a1_000em01__g1"",""n_r"":100000,""n_s"":100000,""has_exact_k"":true,""k_target"":20000,""k_achieved"":20000,""alpha_target"":0.1,""alpha_achieved"":0.1,""notes"":""control_axis=1, core=[0.45,0.55], g=9.9999e-07, h=9e-06, delta=2.49998e-07, shuffle_strips=1, shuffle_r=0, k_overridden=0""}"
exp7_stripe__nr100000__ns100000__a1_000em01__g1,stripe_ctrl_alpha,0.1,100000,100000,tlsop,sampling,100000,0,1,1,1420.73,20000,1,0,0,0,,0,"{""build_ms"":391.203764,""run_build_ms"":391.204794,""run_count_ms"":526.641377,""run_sample_ms"":502.885039,""tlsop_alloc_tiles_ms"":0.057829,""tlsop_build_ms"":391.202874,""tlsop_build_edges_ms"":0.000530,""tlsop_count_pass1_ms"":526.637077,""tlsop_pass1_count_caps_ms"":13.743041,""tlsop_pass1_reserve_ms"":1.330904,""tlsop_pass2_fill_ms"":31.770796,""tlsop_sample_draw_ranks_ms"":6.930720,""tlsop_sample_pass2_select_ms"":495.888981,""tlsop_sort_lists_ms"":344.286176}",,"{""dataset"":{""source"":""synthetic"",""name"":""exp7_stripe__nr100000__ns100000__a1_000em01__g1"",""dim"":2,""path_r"":"""",""path_s"":"""",""synthetic"":{""generator"":""stripe_ctrl_alpha"",""n_r"":100000,""n_s"":100000,""alpha"":0.1,""seed"":1}},""run"":{""method"":""tlsop"",""variant"":""sampling"",""t"":100000,""seed"":1,""repeats"":3,""j_star"":1000000,""enum_cap"":0,""write_samples"":false,""verify"":false},""output"":{""out_dir"":""/home/dhy/PhD/SIGMOD-EXP/EXP-4/run/temp/exp7/sampling_adaptive"",""run_tag"":""exp7_sampling_adaptive""},""sys"":{""threads"":1},""logging"":{""level"":""INFO"",""with_timestamp"":true,""with_thread_id"":false}}","{""generator"":""stripe_ctrl_alpha"",""dataset"":""exp7_stripe__nr100000__ns100000__a1_000em01__g1"",""n_r"":100000,""n_s"":100000,""has_exact_k"":true,""k_target"":20000,""k_achieved"":20000,""alpha_target"":0.1,""alpha_achieved"":0.1,""notes"":""control_axis=1, core=[0.45,0.55], g=9.9999e-07, h=9e-06, delta=2.49998e-07, shuffle_strips=1, shuffle_r=0, k_overridden=0""}"
exp7_stripe__nr100000__ns100000__a1_000em01__g1,stripe_ctrl_alpha,0.1,100000,100000,tlsop,sampling,100000,1,2,1,1417.83,20000,1,0,0,0,,0,"{""build_ms"":388.322873,""run_build_ms"":388.324273,""run_count_ms"":528.121357,""run_sample_ms"":500.440579,""tlsop_alloc_tiles_ms"":0.061658,""tlsop_build_ms"":388.322113,""tlsop_build_edges_ms"":0.000710,""tlsop_count_pass1_ms"":528.116887,""tlsop_pass1_count_caps_ms"":13.728722,""tlsop_pass1_reserve_ms"":1.315603,""tlsop_pass2_fill_ms"":31.626339,""tlsop_sample_draw_ranks_ms"":6.874480,""tlsop_sample_pass2_select_ms"":493.500869,""tlsop_sort_lists_ms"":341.566611}",,"{""dataset"":{""source"":""synthetic"",""name"":""exp7_stripe__nr100000__ns100000__a1_000em01__g1"",""dim"":2,""path_r"":"""",""path_s"":"""",""synthetic"":{""generator"":""stripe_ctrl_alpha"",""n_r"":100000,""n_s"":100000,""alpha"":0.1,""seed"":1}},""run"":{""method"":""tlsop"",""variant"":""sampling"",""t"":100000,""seed"":1,""repeats"":3,""j_star"":1000000,""enum_cap"":0,""write_samples"":false,""verify"":false},""output"":{""out_dir"":""/home/dhy/PhD/SIGMOD-EXP/EXP-4/run/temp/exp7/sampling_adaptive"",""run_tag"":""exp7_sampling_adaptive""},""sys"":{""threads"":1},""logging"":{""level"":""INFO"",""with_timestamp"":true,""with_thread_id"":false}}","{""generator"":""stripe_ctrl_alpha"",""dataset"":""exp7_stripe__nr100000__ns100000__a1_000em01__g1"",""n_r"":100000,""n_s"":100000,""has_exact_k"":true,""k_target"":20000,""k_achieved"":20000,""alpha_target"":0.1,""alpha_achieved"":0.1,""notes"":""control_axis=1, core=[0.45,0.55], g=9.9999e-07, h=9e-06, delta=2.49998e-07, shuffle_strips=1, shuffle_r=0, k_overridden=0""}"
exp7_stripe__nr100000__ns100000__a1_000em01__g1,stripe_ctrl_alpha,0.1,100000,100000,tlsop,sampling,100000,2,3,1,1420.92,20000,1,0,0,0,,0,"{""build_ms"":390.948890,""run_build_ms"":390.950000,""run_count_ms"":525.948022,""run_sample_ms"":503.044157,""tlsop_alloc_tiles_ms"":0.061659,""tlsop_build_ms"":390.948140,""tlsop_build_edges_ms"":0.000720,""tlsop_count_pass1_ms"":525.944232,""tlsop_pass1_count_caps_ms"":13.695432,""tlsop_pass1_reserve_ms"":1.303043,""tlsop_pass2_fill_ms"":31.916653,""tlsop_sample_draw_ranks_ms"":6.904210,""tlsop_sample_pass2_select_ms"":496.075518,""tlsop_sort_lists_ms"":343.949733}",,"{""dataset"":{""source"":""synthetic"",""name"":""exp7_stripe__nr100000__ns100000__a1_000em01__g1"",""dim"":2,""path_r"":"""",""path_s"":"""",""synthetic"":{""generator"":""stripe_ctrl_alpha"",""n_r"":100000,""n_s"":100000,""alpha"":0.1,""seed"":1}},""run"":{""method"":""tlsop"",""variant"":""sampling"",""t"":100000,""seed"":1,""repeats"":3,""j_star"":1000000,""enum_cap"":0,""write_samples"":false,""verify"":false},""output"":{""out_dir"":""/home/dhy/PhD/SIGMOD-EXP/EXP-4/run/temp/exp7/sampling_adaptive"",""run_tag"":""exp7_sampling_adaptive""},""sys"":{""threads"":1},""logging"":{""level"":""INFO"",""with_timestamp"":true,""with_thread_id"":false}}","{""generator"":""stripe_ctrl_alpha"",""dataset"":""exp7_stripe__nr100000__ns100000__a1_000em01__g1"",""n_r"":100000,""n_s"":100000,""has_exact_k"":true,""k_target"":20000,""k_achieved"":20000,""alpha_target"":0.1,""alpha_achieved"":0.1,""notes"":""control_axis=1, core=[0.45,0.55], g=9.9999e-07, h=9e-06, delta=2.49998e-07, shuffle_strips=1, shuffle_r=0, k_overridden=0""}"
exp7_stripe__nr100000__ns100000__a1_000em01__g1,stripe_ctrl_alpha,0.1,100000,100000,tlsop,adaptive,100000,0,1,1,920.108,20000,1,1,0,0,enumerate_all,20000,"{""build_ms"":389.583959,""enumerate_prepare_ms"":0.020159,""run_build_ms"":389.584948,""run_pilot_enum_prepare_ms"":0.021369,""run_pilot_enum_scan_ms"":530.218075,""run_small_join_sample_from_list_ms"":0.268495,""tlsop_alloc_tiles_ms"":0.063308,""tlsop_build_ms"":389.582909,""tlsop_build_edges_ms"":0.000651,""tlsop_pass1_count_caps_ms"":13.726772,""tlsop_pass1_reserve_ms"":1.299754,""tlsop_pass2_fill_ms"":32.474801,""tlsop_sort_lists_ms"":342.003634}",,"{""dataset"":{""source"":""synthetic"",""name"":""exp7_stripe__nr100000__ns100000__a1_000em01__g1"",""dim"":2,""path_r"":"""",""path_s"":"""",""synthetic"":{""generator"":""stripe_ctrl_alpha"",""n_r"":100000,""n_s"":100000,""alpha"":0.1,""seed"":1}},""run"":{""method"":""tlsop"",""variant"":""adaptive"",""t"":100000,""seed"":1,""repeats"":3,""j_star"":1000000,""enum_cap"":0,""write_samples"":false,""verify"":false},""output"":{""out_dir"":""/home/dhy/PhD/SIGMOD-EXP/EXP-4/run/temp/exp7/sampling_adaptive"",""run_tag"":""exp7_sampling_adaptive""},""sys"":{""threads"":1},""logging"":{""level"":""INFO"",""with_timestamp"":true,""with_thread_id"":false}}","{""generator"":""stripe_ctrl_alpha"",""dataset"":""exp7_stripe__nr100000__ns100000__a1_000em01__g1"",""n_r"":100000,""n_s"":100000,""has_exact_k"":true,""k_target"":20000,""k_achieved"":20000,""alpha_target"":0.1,""alpha_achieved"":0.1,""notes"":""control_axis=1, core=[0.45,0.55], g=9.9999e-07, h=9e-06, delta=2.49998e-07, shuffle_strips=1, shuffle_r=0, k_overridden=0""}"
exp7_stripe__nr100000__ns100000__a1_000em01__g1,stripe_ctrl_alpha,0.1,100000,100000,tlsop,adaptive,100000,1,2,1,919.312,20000,1,1,0,0,enumerate_all,20000,"{""build_ms"":389.594407,""enumerate_prepare_ms"":0.020190,""run_build_ms"":389.595457,""run_pilot_enum_prepare_ms"":0.021180,""run_pilot_enum_scan_ms"":528.481641,""run_small_join_sample_from_list_ms"":0.269524,""tlsop_alloc_tiles_ms"":0.061478,""tlsop_build_ms"":389.593517,""tlsop_build_edges_ms"":0.000690,""tlsop_pass1_count_caps_ms"":13.704282,""tlsop_pass1_reserve_ms"":1.285524,""tlsop_pass2_fill_ms"":32.520780,""tlsop_sort_lists_ms"":341.999393}",,"{""dataset"":{""source"":""synthetic"",""name"":""exp7_stripe__nr100000__ns100000__a1_000em01__g1"",""dim"":2,""path_r"":"""",""path_s"":"""",""synthetic"":{""generator"":""stripe_ctrl_alpha"",""n_r"":100000,""n_s"":100000,""alpha"":0.1,""seed"":1}},""run"":{""method"":""tlsop"",""variant"":""adaptive"",""t"":100000,""seed"":1,""repeats"":3,""j_star"":1000000,""enum_cap"":0,""write_samples"":false,""verify"":false},""output"":{""out_dir"":""/home/dhy/PhD/SIGMOD-EXP/EXP-4/run/temp/exp7/sampling_adaptive"",""run_tag"":""exp7_sampling_adaptive""},""sys"":{""threads"":1},""logging"":{""level"":""INFO"",""with_timestamp"":true,""with_thread_id"":false}}","{""generator"":""stripe_ctrl_alpha"",""dataset"":""exp7_stripe__nr100000__ns100000__a1_000em01__g1"",""n_r"":100000,""n_s"":100000,""has_exact_k"":true,""k_target"":20000,""k_achieved"":20000,""alpha_target"":0.1,""alpha_achieved"":0.1,""notes"":""control_axis=1, core=[0.45,0.55], g=9.9999e-07, h=9e-06, delta=2.49998e-07, shuffle_strips=1, shuffle_r=0, k_overridden=0""}"
exp7_stripe__nr100000__ns100000__a1_000em01__g1,stripe_ctrl_alpha,0.1,100000,100000,tlsop,adaptive,100000,2,3,1,918.79,20000,1,1,0,0,enumerate_all,20000,"{""build_ms"":391.847052,""enumerate_prepare_ms"":0.021330,""run_build_ms"":391.848182,""run_pilot_enum_prepare_ms"":0.022180,""run_pilot_enum_scan_ms"":525.693607,""run_small_join_sample_from_list_ms"":0.281724,""tlsop_alloc_tiles_ms"":0.061559,""tlsop_build_ms"":391.846542,""tlsop_build_edges_ms"":0.000820,""tlsop_pass1_count_caps_ms"":13.735811,""tlsop_pass1_reserve_ms"":1.194046,""tlsop_pass2_fill_ms"":34.876302,""tlsop_sort_lists_ms"":341.957104}",,"{""dataset"":{""source"":""synthetic"",""name"":""exp7_stripe__nr100000__ns100000__a1_000em01__g1"",""dim"":2,""path_r"":"""",""path_s"":"""",""synthetic"":{""generator"":""stripe_ctrl_alpha"",""n_r"":100000,""n_s"":100000,""alpha"":0.1,""seed"":1}},""run"":{""method"":""tlsop"",""variant"":""adaptive"",""t"":100000,""seed"":1,""repeats"":3,""j_star"":1000000,""enum_cap"":0,""write_samples"":false,""verify"":false},""output"":{""out_dir"":""/home/dhy/PhD/SIGMOD-EXP/EXP-4/run/temp/exp7/sampling_adaptive"",""run_tag"":""exp7_sampling_adaptive""},""sys"":{""threads"":1},""logging"":{""level"":""INFO"",""with_timestamp"":true,""with_thread_id"":false}}","{""generator"":""stripe_ctrl_alpha"",""dataset"":""exp7_stripe__nr100000__ns100000__a1_000em01__g1"",""n_r"":100000,""n_s"":100000,""has_exact_k"":true,""k_target"":20000,""k_achieved"":20000,""alpha_target"":0.1,""alpha_achieved"":0.1,""notes"":""control_axis=1, core=[0.45,0.55], g=9.9999e-07, h=9e-06, delta=2.49998e-07, shuffle_strips=1, shuffle_r=0, k_overridden=0""}"
exp7_stripe__nr100000__ns100000__a1_000em01__g1,stripe_ctrl_alpha,0.1,100000,100000,sirs,sampling,100000,0,1,1,2886.4,20000,1,0,0,0,,0,"{""build_ms"":120.992546,""count_ms"":2752.619392,""run_build_ms"":120.993376,""run_count_ms"":2752.620492,""run_sample_ms"":12.784131,""sample_ms"":12.783001,""sirs_build_index_ms"":120.991976,""sirs_build_kd_ms"":13.782400,""sirs_embed_inner_ms"":52.792229,""sirs_phase1_degrees_ms"":2752.617152,""sirs_rank_axes_ms"":54.410557}",,"{""dataset"":{""source"":""synthetic"",""name"":""exp7_stripe__nr100000__ns100000__a1_000em01__g1"",""dim"":2,""path_r"":"""",""path_s"":"""",""synthetic"":{""generator"":""stripe_ctrl_alpha"",""n_r"":100000,""n_s"":100000,""alpha"":0.1,""seed"":1}},""run"":{""method"":""sirs"",""variant"":""sampling"",""t"":100000,""seed"":1,""repeats"":3,""j_star"":1000000,""enum_cap"":0,""write_samples"":false,""verify"":false},""output"":{""out_dir"":""/home/dhy/PhD/SIGMOD-EXP/EXP-4/run/temp/exp7/sampling_adaptive"",""run_tag"":""exp7_sampling_adaptive""},""sys"":{""threads"":1},""logging"":{""level"":""INFO"",""with_timestamp"":true,""with_thread_id"":false}}","{""generator"":""stripe_ctrl_alpha"",""dataset"":""exp7_stripe__nr100000__ns100000__a1_000em01__g1"",""n_r"":100000,""n_s"":100000,""has_exact_k"":true,""k_target"":20000,""k_achieved"":20000,""alpha_target"":0.1,""alpha_achieved"":0.1,""notes"":""control_axis=1, core=[0.45,0.55], g=9.9999e-07, h=9e-06, delta=2.49998e-07, shuffle_strips=1, shuffle_r=0, k_overridden=0""}"
exp7_stripe__nr100000__ns100000__a1_000em01__g1,stripe_ctrl_alpha,0.1,100000,100000,sirs,sampling,100000,1,2,1,2885.92,20000,1,0,0,0,,0,"{""build_ms"":118.294540,""count_ms"":2755.314201,""run_build_ms"":118.295370,""run_count_ms"":2755.315460,""run_sample_ms"":12.309851,""sample_ms"":12.308801,""sirs_build_index_ms"":118.293710,""sirs_build_kd_ms"":11.429758,""sirs_embed_inner_ms"":52.822888,""sirs_phase1_degrees_ms"":2755.311650,""sirs_rank_axes_ms"":54.034864}",,"{""dataset"":{""source"":""synthetic"",""name"":""exp7_stripe__nr100000__ns100000__a1_000em01__g1"",""dim"":2,""path_r"":"""",""path_s"":"""",""synthetic"":{""generator"":""stripe_ctrl_alpha"",""n_r"":100000,""n_s"":100000,""alpha"":0.1,""seed"":1}},""run"":{""method"":""sirs"",""variant"":""sampling"",""t"":100000,""seed"":1,""repeats"":3,""j_star"":1000000,""enum_cap"":0,""write_samples"":false,""verify"":false},""output"":{""out_dir"":""/home/dhy/PhD/SIGMOD-EXP/EXP-4/run/temp/exp7/sampling_adaptive"",""run_tag"":""exp7_sampling_adaptive""},""sys"":{""threads"":1},""logging"":{""level"":""INFO"",""with_timestamp"":true,""with_thread_id"":false}}","{""generator"":""stripe_ctrl_alpha"",""dataset"":""exp7_stripe__nr100000__ns100000__a1_000em01__g1"",""n_r"":100000,""n_s"":100000,""has_exact_k"":true,""k_target"":20000,""k_achieved"":20000,""alpha_target"":0.1,""alpha_achieved"":0.1,""notes"":""control_axis=1, core=[0.45,0.55], g=9.9999e-07, h=9e-06, delta=2.49998e-07, shuffle_strips=1, shuffle_r=0, k_overridden=0""}"
exp7_stripe__nr100000__ns100000__a1_000em01__g1,stripe_ctrl_alpha,0.1,100000,100000,sirs,sampling,100000,2,3,1,2886.02,20000,1,0,0,0,,0,"{""build_ms"":118.288641,""count_ms"":2755.419470,""run_build_ms"":118.289251,""run_count_ms"":2755.420481,""run_sample_ms"":12.306401,""sample_ms"":12.305211,""sirs_build_index_ms"":118.287642,""sirs_build_kd_ms"":11.403359,""sirs_embed_inner_ms"":52.838459,""sirs_phase1_degrees_ms"":2755.417410,""sirs_rank_axes_ms"":54.039504}",,"{""dataset"":{""source"":""synthetic"",""name"":""exp7_stripe__nr100000__ns100000__a1_000em01__g1"",""dim"":2,""path_r"":"""",""path_s"":"""",""synthetic"":{""generator"":""stripe_ctrl_alpha"",""n_r"":100000,""n_s"":100000,""alpha"":0.1,""seed"":1}},""run"":{""method"":""sirs"",""variant"":""sampling"",""t"":100000,""seed"":1,""repeats"":3,""j_star"":1000000,""enum_cap"":0,""write_samples"":false,""verify"":false},""output"":{""out_dir"":""/home/dhy/PhD/SIGMOD-EXP/EXP-4/run/temp/exp7/sampling_adaptive"",""run_tag"":""exp7_sampling_adaptive""},""sys"":{""threads"":1},""logging"":{""level"":""INFO"",""with_timestamp"":true,""with_thread_id"":false}}","{""generator"":""stripe_ctrl_alpha"",""dataset"":""exp7_stripe__nr100000__ns100000__a1_000em01__g1"",""n_r"":100000,""n_s"":100000,""has_exact_k"":true,""k_target"":20000,""k_achieved"":20000,""alpha_target"":0.1,""alpha_achieved"":0.1,""notes"":""control_axis=1, core=[0.45,0.55], g=9.9999e-07, h=9e-06, delta=2.49998e-07, shuffle_strips=1, shuffle_r=0, k_overridden=0""}"
exp7_stripe__nr100000__ns100000__a1_000em01__g1,stripe_ctrl_alpha,0.1,100000,100000,sirs,adaptive,100000,0,1,1,3464.96,20000,1,1,0,0,enumerate_all,20000,"{""build_ms"":118.714493,""run_build_ms"":118.715173,""run_pilot_enum_prepare_ms"":0.000820,""run_pilot_enum_scan_ms"":3345.959469,""run_small_join_sample_from_list_ms"":0.271094,""sirs_build_index_ms"":118.713923,""sirs_build_kd_ms"":11.425319,""sirs_embed_inner_ms"":52.857509,""sirs_rank_axes_ms"":54.425427}",,"{""dataset"":{""source"":""synthetic"",""name"":""exp7_stripe__nr100000__ns100000__a1_000em01__g1"",""dim"":2,""path_r"":"""",""path_s"":"""",""synthetic"":{""generator"":""stripe_ctrl_alpha"",""n_r"":100000,""n_s"":100000,""alpha"":0.1,""seed"":1}},""run"":{""method"":""sirs"",""variant"":""adaptive"",""t"":100000,""seed"":1,""repeats"":3,""j_star"":1000000,""enum_cap"":0,""write_samples"":false,""verify"":false},""output"":{""out_dir"":""/home/dhy/PhD/SIGMOD-EXP/EXP-4/run/temp/exp7/sampling_adaptive"",""run_tag"":""exp7_sampling_adaptive""},""sys"":{""threads"":1},""logging"":{""level"":""INFO"",""with_timestamp"":true,""with_thread_id"":false}}","{""generator"":""stripe_ctrl_alpha"",""dataset"":""exp7_stripe__nr100000__ns100000__a1_000em01__g1"",""n_r"":100000,""n_s"":100000,""has_exact_k"":true,""k_target"":20000,""k_achieved"":20000,""alpha_target"":0.1,""alpha_achieved"":0.1,""notes"":""control_axis=1, core=[0.45,0.55], g=9.9999e-07, h=9e-06, delta=2.49998e-07, shuffle_strips=1, shuffle_r=0, k_overridden=0""}"
exp7_stripe__nr100000__ns100000__a1_000em01__g1,stripe_ctrl_alpha,0.1,100000,100000,sirs,adaptive,100000,1,2,1,3466.4,20000,1,1,0,0,enumerate_all,20000,"{""build_ms"":120.751902,""run_build_ms"":120.752962,""run_pilot_enum_prepare_ms"":0.000520,""run_pilot_enum_scan_ms"":3345.362846,""run_small_join_sample_from_list_ms"":0.268884,""sirs_build_index_ms"":120.751402,""sirs_build_kd_ms"":11.398319,""sirs_embed_inner_ms"":55.326128,""sirs_rank_axes_ms"":54.020395}",,"{""dataset"":{""source"":""synthetic"",""name"":""exp7_stripe__nr100000__ns100000__a1_000em01__g1"",""dim"":2,""path_r"":"""",""path_s"":"""",""synthetic"":{""generator"":""stripe_ctrl_alpha"",""n_r"":100000,""n_s"":100000,""alpha"":0.1,""seed"":1}},""run"":{""method"":""sirs"",""variant"":""adaptive"",""t"":100000,""seed"":1,""repeats"":3,""j_star"":1000000,""enum_cap"":0,""write_samples"":false,""verify"":false},""output"":{""out_dir"":""/home/dhy/PhD/SIGMOD-EXP/EXP-4/run/temp/exp7/sampling_adaptive"",""run_tag"":""exp7_sampling_adaptive""},""sys"":{""threads"":1},""logging"":{""level"":""INFO"",""with_timestamp"":true,""with_thread_id"":false}}","{""generator"":""stripe_ctrl_alpha"",""dataset"":""exp7_stripe__nr100000__ns100000__a1_000em01__g1"",""n_r"":100000,""n_s"":100000,""has_exact_k"":true,""k_target"":20000,""k_achieved"":20000,""alpha_target"":0.1,""alpha_achieved"":0.1,""notes"":""control_axis=1, core=[0.45,0.55], g=9.9999e-07, h=9e-06, delta=2.49998e-07, shuffle_strips=1, shuffle_r=0, k_overridden=0""}"
exp7_stripe__nr100000__ns100000__a1_000em01__g1,stripe_ctrl_alpha,0.1,100000,100000,sirs,adaptive,100000,2,3,1,3464.41,20000,1,1,0,0,enumerate_all,20000,"{""build_ms"":118.454919,""run_build_ms"":118.455579,""run_pilot_enum_prepare_ms"":0.000800,""run_pilot_enum_scan_ms"":3345.668544,""run_small_join_sample_from_list_ms"":0.268804,""sirs_build_index_ms"":118.454219,""sirs_build_kd_ms"":11.416099,""sirs_embed_inner_ms"":52.989706,""sirs_rank_axes_ms"":54.042915}",,"{""dataset"":{""source"":""synthetic"",""name"":""exp7_stripe__nr100000__ns100000__a1_000em01__g1"",""dim"":2,""path_r"":"""",""path_s"":"""",""synthetic"":{""generator"":""stripe_ctrl_alpha"",""n_r"":100000,""n_s"":100000,""alpha"":0.1,""seed"":1}},""run"":{""method"":""sirs"",""variant"":""adaptive"",""t"":100000,""seed"":1,""repeats"":3,""j_star"":1000000,""enum_cap"":0,""write_samples"":false,""verify"":false},""output"":{""out_dir"":""/home/dhy/PhD/SIGMOD-EXP/EXP-4/run/temp/exp7/sampling_adaptive"",""run_tag"":""exp7_sampling_adaptive""},""sys"":{""threads"":1},""logging"":{""level"":""INFO"",""with_timestamp"":true,""with_thread_id"":false}}","{""generator"":""stripe_ctrl_alpha"",""dataset"":""exp7_stripe__nr100000__ns100000__a1_000em01__g1"",""n_r"":100000,""n_s"":100000,""has_exact_k"":true,""k_target"":20000,""k_achieved"":20000,""alpha_target"":0.1,""alpha_achieved"":0.1,""notes"":""control_axis=1, core=[0.45,0.55], g=9.9999e-07, h=9e-06, delta=2.49998e-07, shuffle_strips=1, shuffle_r=0, k_overridden=0""}"
exp7_stripe__nr100000__ns100000__a1_000em01__g1,stripe_ctrl_alpha,0.1,100000,100000,rejection,sampling,100000,0,1,0,-1,-1,0,0,0,0,,0,{},SKIPPED: rejection+sampling is disabled in sjs_sweep; use variant=adaptive.,"{""dataset"":{""source"":""synthetic"",""name"":""exp7_stripe__nr100000__ns100000__a1_000em01__g1"",""dim"":2,""path_r"":"""",""path_s"":"""",""synthetic"":{""generator"":""stripe_ctrl_alpha"",""n_r"":100000,""n_s"":100000,""alpha"":0.1,""seed"":1}},""run"":{""method"":""rejection"",""variant"":""sampling"",""t"":100000,""seed"":1,""repeats"":3,""j_star"":1000000,""enum_cap"":0,""write_samples"":false,""verify"":false},""output"":{""out_dir"":""/home/dhy/PhD/SIGMOD-EXP/EXP-4/run/temp/exp7/sampling_adaptive"",""run_tag"":""exp7_sampling_adaptive""},""sys"":{""threads"":1},""logging"":{""level"":""INFO"",""with_timestamp"":true,""with_thread_id"":false}}","{""generator"":""stripe_ctrl_alpha"",""dataset"":""exp7_stripe__nr100000__ns100000__a1_000em01__g1"",""n_r"":100000,""n_s"":100000,""has_exact_k"":true,""k_target"":20000,""k_achieved"":20000,""alpha_target"":0.1,""alpha_achieved"":0.1,""notes"":""control_axis=1, core=[0.45,0.55], g=9.9999e-07, h=9e-06, delta=2.49998e-07, shuffle_strips=1, shuffle_r=0, k_overridden=0""}"
exp7_stripe__nr100000__ns100000__a1_000em01__g1,stripe_ctrl_alpha,0.1,100000,100000,rejection,sampling,100000,1,2,0,-1,-1,0,0,0,0,,0,{},SKIPPED: rejection+sampling is disabled in sjs_sweep; use variant=adaptive.,"{""dataset"":{""source"":""synthetic"",""name"":""exp7_stripe__nr100000__ns100000__a1_000em01__g1"",""dim"":2,""path_r"":"""",""path_s"":"""",""synthetic"":{""generator"":""stripe_ctrl_alpha"",""n_r"":100000,""n_s"":100000,""alpha"":0.1,""seed"":1}},""run"":{""method"":""rejection"",""variant"":""sampling"",""t"":100000,""seed"":1,""repeats"":3,""j_star"":1000000,""enum_cap"":0,""write_samples"":false,""verify"":false},""output"":{""out_dir"":""/home/dhy/PhD/SIGMOD-EXP/EXP-4/run/temp/exp7/sampling_adaptive"",""run_tag"":""exp7_sampling_adaptive""},""sys"":{""threads"":1},""logging"":{""level"":""INFO"",""with_timestamp"":true,""with_thread_id"":false}}","{""generator"":""stripe_ctrl_alpha"",""dataset"":""exp7_stripe__nr100000__ns100000__a1_000em01__g1"",""n_r"":100000,""n_s"":100000,""has_exact_k"":true,""k_target"":20000,""k_achieved"":20000,""alpha_target"":0.1,""alpha_achieved"":0.1,""notes"":""control_axis=1, core=[0.45,0.55], g=9.9999e-07, h=9e-06, delta=2.49998e-07, shuffle_strips=1, shuffle_r=0, k_overridden=0""}"
exp7_stripe__nr100000__ns100000__a1_000em01__g1,stripe_ctrl_alpha,0.1,100000,100000,rejection,sampling,100000,2,3,0,-1,-1,0,0,0,0,,0,{},SKIPPED: rejection+sampling is disabled in sjs_sweep; use variant=adaptive.,"{""dataset"":{""source"":""synthetic"",""name"":""exp7_stripe__nr100000__ns100000__a1_000em01__g1"",""dim"":2,""path_r"":"""",""path_s"":"""",""synthetic"":{""generator"":""stripe_ctrl_alpha"",""n_r"":100000,""n_s"":100000,""alpha"":0.1,""seed"":1}},""run"":{""method"":""rejection"",""variant"":""sampling"",""t"":100000,""seed"":1,""repeats"":3,""j_star"":1000000,""enum_cap"":0,""write_samples"":false,""verify"":false},""output"":{""out_dir"":""/home/dhy/PhD/SIGMOD-EXP/EXP-4/run/temp/exp7/sampling_adaptive"",""run_tag"":""exp7_sampling_adaptive""},""sys"":{""threads"":1},""logging"":{""level"":""INFO"",""with_timestamp"":true,""with_thread_id"":false}}","{""generator"":""stripe_ctrl_alpha"",""dataset"":""exp7_stripe__nr100000__ns100000__a1_000em01__g1"",""n_r"":100000,""n_s"":100000,""has_exact_k"":true,""k_target"":20000,""k_achieved"":20000,""alpha_target"":0.1,""alpha_achieved"":0.1,""notes"":""control_axis=1, core=[0.45,0.55], g=9.9999e-07, h=9e-06, delta=2.49998e-07, shuffle_strips=1, shuffle_r=0, k_overridden=0""}"
exp7_stripe__nr100000__ns100000__a1_000em01__g1,stripe_ctrl_alpha,0.1,100000,100000,rejection,adaptive,100000,0,1,1,1573.58,20000,1,1,0,0,enumerate_all,20000,"{""build_ms"":301.123114,""build_M_ms"":0.122508,""build_cellmap_ms"":19.481805,""build_mu_alias_ms"":281.436594,""build_slab_index_ms"":0.074088,""run_build_ms"":301.124525,""run_pilot_enum_prepare_ms"":0.005610,""run_pilot_enum_scan_ms"":1272.167477,""run_small_join_sample_from_list_ms"":0.274114}",,"{""dataset"":{""source"":""synthetic"",""name"":""exp7_stripe__nr100000__ns100000__a1_000em01__g1"",""dim"":2,""path_r"":"""",""path_s"":"""",""synthetic"":{""generator"":""stripe_ctrl_alpha"",""n_r"":100000,""n_s"":100000,""alpha"":0.1,""seed"":1}},""run"":{""method"":""rejection"",""variant"":""adaptive"",""t"":100000,""seed"":1,""repeats"":3,""j_star"":1000000,""enum_cap"":0,""write_samples"":false,""verify"":false},""output"":{""out_dir"":""/home/dhy/PhD/SIGMOD-EXP/EXP-4/run/temp/exp7/sampling_adaptive"",""run_tag"":""exp7_sampling_adaptive""},""sys"":{""threads"":1},""logging"":{""level"":""INFO"",""with_timestamp"":true,""with_thread_id"":false}}","{""generator"":""stripe_ctrl_alpha"",""dataset"":""exp7_stripe__nr100000__ns100000__a1_000em01__g1"",""n_r"":100000,""n_s"":100000,""has_exact_k"":true,""k_target"":20000,""k_achieved"":20000,""alpha_target"":0.1,""alpha_achieved"":0.1,""notes"":""control_axis=1, core=[0.45,0.55], g=9.9999e-07, h=9e-06, delta=2.49998e-07, shuffle_strips=1, shuffle_r=0, k_overridden=0""}"
exp7_stripe__nr100000__ns100000__a1_000em01__g1,stripe_ctrl_alpha,0.1,100000,100000,rejection,adaptive,100000,1,2,1,1593.31,20000,1,1,0,0,enumerate_all,20000,"{""build_ms"":300.410249,""build_M_ms"":0.108248,""build_cellmap_ms"":19.396668,""build_mu_alias_ms"":279.403795,""build_slab_index_ms"":1.490299,""run_build_ms"":300.469238,""run_pilot_enum_prepare_ms"":0.006030,""run_pilot_enum_scan_ms"":1282.565777,""run_small_join_sample_from_list_ms"":0.269955}",,"{""dataset"":{""source"":""synthetic"",""name"":""exp7_stripe__nr100000__ns100000__a1_000em01__g1"",""dim"":2,""path_r"":"""",""path_s"":"""",""synthetic"":{""generator"":""stripe_ctrl_alpha"",""n_r"":100000,""n_s"":100000,""alpha"":0.1,""seed"":1}},""run"":{""method"":""rejection"",""variant"":""adaptive"",""t"":100000,""seed"":1,""repeats"":3,""j_star"":1000000,""enum_cap"":0,""write_samples"":false,""verify"":false},""output"":{""out_dir"":""/home/dhy/PhD/SIGMOD-EXP/EXP-4/run/temp/exp7/sampling_adaptive"",""run_tag"":""exp7_sampling_adaptive""},""sys"":{""threads"":1},""logging"":{""level"":""INFO"",""with_timestamp"":true,""with_thread_id"":false}}","{""generator"":""stripe_ctrl_alpha"",""dataset"":""exp7_stripe__nr100000__ns100000__a1_000em01__g1"",""n_r"":100000,""n_s"":100000,""has_exact_k"":true,""k_target"":20000,""k_achieved"":20000,""alpha_target"":0.1,""alpha_achieved"":0.1,""notes"":""control_axis=1, core=[0.45,0.55], g=9.9999e-07, h=9e-06, delta=2.49998e-07, shuffle_strips=1, shuffle_r=0, k_overridden=0""}"
exp7_stripe__nr100000__ns100000__a1_000em01__g1,stripe_ctrl_alpha,0.1,100000,100000,rejection,adaptive,100000,2,3,1,1584.2,20000,1,1,0,0,enumerate_all,20000,"{""build_ms"":299.790512,""build_M_ms"":0.108318,""build_cellmap_ms"":19.413956,""build_mu_alias_ms"":280.189509,""build_slab_index_ms"":0.068798,""run_build_ms"":299.848001,""run_pilot_enum_prepare_ms"":0.006270,""run_pilot_enum_scan_ms"":1272.902814,""run_small_join_sample_from_list_ms"":0.271165}",,"{""dataset"":{""source"":""synthetic"",""name"":""exp7_stripe__nr100000__ns100000__a1_000em01__g1"",""dim"":2,""path_r"":"""",""path_s"":"""",""synthetic"":{""generator"":""stripe_ctrl_alpha"",""n_r"":100000,""n_s"":100000,""alpha"":0.1,""seed"":1}},""run"":{""method"":""rejection"",""variant"":""adaptive"",""t"":100000,""seed"":1,""repeats"":3,""j_star"":1000000,""enum_cap"":0,""write_samples"":false,""verify"":false},""output"":{""out_dir"":""/home/dhy/PhD/SIGMOD-EXP/EXP-4/run/temp/exp7/sampling_adaptive"",""run_tag"":""exp7_sampling_adaptive""},""sys"":{""threads"":1},""logging"":{""level"":""INFO"",""with_timestamp"":true,""with_thread_id"":false}}","{""generator"":""stripe_ctrl_alpha"",""dataset"":""exp7_stripe__nr100000__ns100000__a1_000em01__g1"",""n_r"":100000,""n_s"":100000,""has_exact_k"":true,""k_target"":20000,""k_achieved"":20000,""alpha_target"":0.1,""alpha_achieved"":0.1,""notes"":""control_axis=1, core=[0.45,0.55], g=9.9999e-07, h=9e-06, delta=2.49998e-07, shuffle_strips=1, shuffle_r=0, k_overridden=0""}"
exp7_stripe__nr100000__ns100000__a1_000em01__g1,stripe_ctrl_alpha,0.1,100000,100000,tsunami,sampling,100000,0,1,1,5475.93,20000,1,0,0,0,,0,"{""build_ms"":86.050716,""phase1_count_ms"":5377.490777,""phase2_pass2_locate_ms"":12.375139,""run_build_ms"":86.052446,""run_count_ms"":5377.494527,""run_sample_ms"":12.377629,""tsunami_build_ms"":86.050036,""tsunami_build_index_ms"":26.913874,""tsunami_build_points_ms"":0.279855,""tsunami_build_query_order_ms"":0.924432,""tsunami_build_rank_encoding_ms"":29.559880,""tsunami_build_workload_queries_ms"":28.366685,""tsunami_pass2_rank_sample_ms"":12.373539}",,"{""dataset"":{""source"":""synthetic"",""name"":""exp7_stripe__nr100000__ns100000__a1_000em01__g1"",""dim"":2,""path_r"":"""",""path_s"":"""",""synthetic"":{""generator"":""stripe_ctrl_alpha"",""n_r"":100000,""n_s"":100000,""alpha"":0.1,""seed"":1}},""run"":{""method"":""tsunami"",""variant"":""sampling"",""t"":100000,""seed"":1,""repeats"":3,""j_star"":1000000,""enum_cap"":0,""write_samples"":false,""verify"":false},""output"":{""out_dir"":""/home/dhy/PhD/SIGMOD-EXP/EXP-4/run/temp/exp7/sampling_adaptive"",""run_tag"":""exp7_sampling_adaptive""},""sys"":{""threads"":1},""logging"":{""level"":""INFO"",""with_timestamp"":true,""with_thread_id"":false}}","{""generator"":""stripe_ctrl_alpha"",""dataset"":""exp7_stripe__nr100000__ns100000__a1_000em01__g1"",""n_r"":100000,""n_s"":100000,""has_exact_k"":true,""k_target"":20000,""k_achieved"":20000,""alpha_target"":0.1,""alpha_achieved"":0.1,""notes"":""control_axis=1, core=[0.45,0.55], g=9.9999e-07, h=9e-06, delta=2.49998e-07, shuffle_strips=1, shuffle_r=0, k_overridden=0""}"
exp7_stripe__nr100000__ns100000__a1_000em01__g1,stripe_ctrl_alpha,0.1,100000,100000,tsunami,sampling,100000,1,2,1,5478.17,20000,1,0,0,0,,0,"{""build_ms"":88.250521,""phase1_count_ms"":5377.519118,""phase2_pass2_locate_ms"":12.392819,""run_build_ms"":88.251191,""run_count_ms"":5377.522288,""run_sample_ms"":12.394449,""tsunami_build_ms"":88.249501,""tsunami_build_index_ms"":29.222968,""tsunami_build_points_ms"":0.270785,""tsunami_build_query_order_ms"":0.926491,""tsunami_build_rank_encoding_ms"":29.481793,""tsunami_build_workload_queries_ms"":28.341765,""tsunami_pass2_rank_sample_ms"":12.391669}",,"{""dataset"":{""source"":""synthetic"",""name"":""exp7_stripe__nr100000__ns100000__a1_000em01__g1"",""dim"":2,""path_r"":"""",""path_s"":"""",""synthetic"":{""generator"":""stripe_ctrl_alpha"",""n_r"":100000,""n_s"":100000,""alpha"":0.1,""seed"":1}},""run"":{""method"":""tsunami"",""variant"":""sampling"",""t"":100000,""seed"":1,""repeats"":3,""j_star"":1000000,""enum_cap"":0,""write_samples"":false,""verify"":false},""output"":{""out_dir"":""/home/dhy/PhD/SIGMOD-EXP/EXP-4/run/temp/exp7/sampling_adaptive"",""run_tag"":""exp7_sampling_adaptive""},""sys"":{""threads"":1},""logging"":{""level"":""INFO"",""with_timestamp"":true,""with_thread_id"":false}}","{""generator"":""stripe_ctrl_alpha"",""dataset"":""exp7_stripe__nr100000__ns100000__a1_000em01__g1"",""n_r"":100000,""n_s"":100000,""has_exact_k"":true,""k_target"":20000,""k_achieved"":20000,""alpha_target"":0.1,""alpha_achieved"":0.1,""notes"":""control_axis=1, core=[0.45,0.55], g=9.9999e-07, h=9e-06, delta=2.49998e-07, shuffle_strips=1, shuffle_r=0, k_overridden=0""}"
exp7_stripe__nr100000__ns100000__a1_000em01__g1,stripe_ctrl_alpha,0.1,100000,100000,tsunami,sampling,100000,2,3,1,5476.28,20000,1,0,0,0,,0,"{""build_ms"":85.488147,""phase1_count_ms"":5378.323203,""phase2_pass2_locate_ms"":12.455848,""run_build_ms"":85.488798,""run_count_ms"":5378.327032,""run_sample_ms"":12.457248,""tsunami_build_ms"":85.487468,""tsunami_build_index_ms"":26.845906,""tsunami_build_points_ms"":0.281005,""tsunami_build_query_order_ms"":0.910571,""tsunami_build_rank_encoding_ms"":29.106930,""tsunami_build_workload_queries_ms"":28.337785,""tsunami_pass2_rank_sample_ms"":12.454107}",,"{""dataset"":{""source"":""synthetic"",""name"":""exp7_stripe__nr100000__ns100000__a1_000em01__g1"",""dim"":2,""path_r"":"""",""path_s"":"""",""synthetic"":{""generator"":""stripe_ctrl_alpha"",""n_r"":100000,""n_s"":100000,""alpha"":0.1,""seed"":1}},""run"":{""method"":""tsunami"",""variant"":""sampling"",""t"":100000,""seed"":1,""repeats"":3,""j_star"":1000000,""enum_cap"":0,""write_samples"":false,""verify"":false},""output"":{""out_dir"":""/home/dhy/PhD/SIGMOD-EXP/EXP-4/run/temp/exp7/sampling_adaptive"",""run_tag"":""exp7_sampling_adaptive""},""sys"":{""threads"":1},""logging"":{""level"":""INFO"",""with_timestamp"":true,""with_thread_id"":false}}","{""generator"":""stripe_ctrl_alpha"",""dataset"":""exp7_stripe__nr100000__ns100000__a1_000em01__g1"",""n_r"":100000,""n_s"":100000,""has_exact_k"":true,""k_target"":20000,""k_achieved"":20000,""alpha_target"":0.1,""alpha_achieved"":0.1,""notes"":""control_axis=1, core=[0.45,0.55], g=9.9999e-07, h=9e-06, delta=2.49998e-07, shuffle_strips=1, shuffle_r=0, k_overridden=0""}"
exp7_stripe__nr100000__ns100000__a1_000em01__g1,stripe_ctrl_alpha,0.1,100000,100000,tsunami,adaptive,100000,0,1,1,5787.29,20000,1,1,0,0,enumerate_all,20000,"{""build_ms"":85.838070,""enumerate_prepare_ms"":0.000270,""run_build_ms"":85.839460,""run_pilot_enum_prepare_ms"":0.001080,""run_pilot_enum_scan_ms"":5701.157402,""run_small_join_sample_from_list_ms"":0.270265,""tsunami_build_ms"":85.837510,""tsunami_build_index_ms"":26.881165,""tsunami_build_points_ms"":0.274394,""tsunami_build_query_order_ms"":0.916051,""tsunami_build_rank_encoding_ms"":29.451783,""tsunami_build_workload_queries_ms"":28.308787}",,"{""dataset"":{""source"":""synthetic"",""name"":""exp7_stripe__nr100000__ns100000__a1_000em01__g1"",""dim"":2,""path_r"":"""",""path_s"":"""",""synthetic"":{""generator"":""stripe_ctrl_alpha"",""n_r"":100000,""n_s"":100000,""alpha"":0.1,""seed"":1}},""run"":{""method"":""tsunami"",""variant"":""adaptive"",""t"":100000,""seed"":1,""repeats"":3,""j_star"":1000000,""enum_cap"":0,""write_samples"":false,""verify"":false},""output"":{""out_dir"":""/home/dhy/PhD/SIGMOD-EXP/EXP-4/run/temp/exp7/sampling_adaptive"",""run_tag"":""exp7_sampling_adaptive""},""sys"":{""threads"":1},""logging"":{""level"":""INFO"",""with_timestamp"":true,""with_thread_id"":false}}","{""generator"":""stripe_ctrl_alpha"",""dataset"":""exp7_stripe__nr100000__ns100000__a1_000em01__g1"",""n_r"":100000,""n_s"":100000,""has_exact_k"":true,""k_target"":20000,""k_achieved"":20000,""alpha_target"":0.1,""alpha_achieved"":0.1,""notes"":""control_axis=1, core=[0.45,0.55], g=9.9999e-07, h=9e-06, delta=2.49998e-07, shuffle_strips=1, shuffle_r=0, k_overridden=0""}"
exp7_stripe__nr100000__ns100000__a1_000em01__g1,stripe_ctrl_alpha,0.1,100000,100000,tsunami,adaptive,100000,1,2,1,5798.33,20000,1,1,0,0,enumerate_all,20000,"{""build_ms"":85.817291,""enumerate_prepare_ms"":0.000420,""run_build_ms"":85.817721,""run_pilot_enum_prepare_ms"":0.001130,""run_pilot_enum_scan_ms"":5712.210070,""run_small_join_sample_from_list_ms"":0.279655,""tsunami_build_ms"":85.816241,""tsunami_build_index_ms"":26.861936,""tsunami_build_points_ms"":0.274524,""tsunami_build_query_order_ms"":0.916431,""tsunami_build_rank_encoding_ms"":29.480803,""tsunami_build_workload_queries_ms"":28.277337}",,"{""dataset"":{""source"":""synthetic"",""name"":""exp7_stripe__nr100000__ns100000__a1_000em01__g1"",""dim"":2,""path_r"":"""",""path_s"":"""",""synthetic"":{""generator"":""stripe_ctrl_alpha"",""n_r"":100000,""n_s"":100000,""alpha"":0.1,""seed"":1}},""run"":{""method"":""tsunami"",""variant"":""adaptive"",""t"":100000,""seed"":1,""repeats"":3,""j_star"":1000000,""enum_cap"":0,""write_samples"":false,""verify"":false},""output"":{""out_dir"":""/home/dhy/PhD/SIGMOD-EXP/EXP-4/run/temp/exp7/sampling_adaptive"",""run_tag"":""exp7_sampling_adaptive""},""sys"":{""threads"":1},""logging"":{""level"":""INFO"",""with_timestamp"":true,""with_thread_id"":false}}","{""generator"":""stripe_ctrl_alpha"",""dataset"":""exp7_stripe__nr100000__ns100000__a1_000em01__g1"",""n_r"":100000,""n_s"":100000,""has_exact_k"":true,""k_target"":20000,""k_achieved"":20000,""alpha_target"":0.1,""alpha_achieved"":0.1,""notes"":""control_axis=1, core=[0.45,0.55], g=9.9999e-07, h=9e-06, delta=2.49998e-07, shuffle_strips=1, shuffle_r=0, k_overridden=0""}"
exp7_stripe__nr100000__ns100000__a1_000em01__g1,stripe_ctrl_alpha,0.1,100000,100000,tsunami,adaptive,100000,2,3,1,5796.72,20000,1,1,0,0,enumerate_all,20000,"{""build_ms"":85.914168,""enumerate_prepare_ms"":0.000370,""run_build_ms"":85.915009,""run_pilot_enum_prepare_ms"":0.001040,""run_pilot_enum_scan_ms"":5710.510907,""run_small_join_sample_from_list_ms"":0.273625,""tsunami_build_ms"":85.913519,""tsunami_build_index_ms"":26.926314,""tsunami_build_points_ms"":0.277344,""tsunami_build_query_order_ms"":0.911901,""tsunami_build_rank_encoding_ms"":29.453083,""tsunami_build_workload_queries_ms"":28.339706}",,"{""dataset"":{""source"":""synthetic"",""name"":""exp7_stripe__nr100000__ns100000__a1_000em01__g1"",""dim"":2,""path_r"":"""",""path_s"":"""",""synthetic"":{""generator"":""stripe_ctrl_alpha"",""n_r"":100000,""n_s"":100000,""alpha"":0.1,""seed"":1}},""run"":{""method"":""tsunami"",""variant"":""adaptive"",""t"":100000,""seed"":1,""repeats"":3,""j_star"":1000000,""enum_cap"":0,""write_samples"":false,""verify"":false},""output"":{""out_dir"":""/home/dhy/PhD/SIGMOD-EXP/EXP-4/run/temp/exp7/sampling_adaptive"",""run_tag"":""exp7_sampling_adaptive""},""sys"":{""threads"":1},""logging"":{""level"":""INFO"",""with_timestamp"":true,""with_thread_id"":false}}","{""generator"":""stripe_ctrl_alpha"",""dataset"":""exp7_stripe__nr100000__ns100000__a1_000em01__g1"",""n_r"":100000,""n_s"":100000,""has_exact_k"":true,""k_target"":20000,""k_achieved"":20000,""alpha_target"":0.1,""alpha_achieved"":0.1,""notes"":""control_axis=1, core=[0.45,0.55], g=9.9999e-07, h=9e-06, delta=2.49998e-07, shuffle_strips=1, shuffle_r=0, k_overridden=0""}"
exp7_stripe__nr100000__ns100000__a3_000ep00__g1,stripe_ctrl_alpha,3,100000,100000,ours,sampling,100000,0,1,1,466.123,600000,1,0,0,0,,0,"{""build_active_indices_ms"":5.628036,""build_events_ms"":34.450702,""build_ranks_ms"":40.032499,""build_y_domain_ms"":13.926358,""phase1_count_ms"":222.631809,""phase2_plan_ms"":7.618726,""phase3_sample_ms"":141.279408,""run_build_ms"":94.550685,""run_count_ms"":222.637069,""run_sample_ms"":148.931443}",,"{""dataset"":{""source"":""synthetic"",""name"":""exp7_stripe__nr100000__ns100000__a3_000ep00__g1"",""dim"":2,""path_r"":"""",""path_s"":"""",""synthetic"":{""generator"":""stripe_ctrl_alpha"",""n_r"":100000,""n_s"":100000,""alpha"":3,""seed"":1}},""run"":{""method"":""ours"",""variant"":""sampling"",""t"":100000,""seed"":1,""repeats"":3,""j_star"":1000000,""enum_cap"":0,""write_samples"":false,""verify"":false},""output"":{""out_dir"":""/home/dhy/PhD/SIGMOD-EXP/EXP-4/run/temp/exp7/sampling_adaptive"",""run_tag"":""exp7_sampling_adaptive""},""sys"":{""threads"":1},""logging"":{""level"":""INFO"",""with_timestamp"":true,""with_thread_id"":false}}","{""generator"":""stripe_ctrl_alpha"",""dataset"":""exp7_stripe__nr100000__ns100000__a3_000ep00__g1"",""n_r"":100000,""n_s"":100000,""has_exact_k"":true,""k_target"":600000,""k_achieved"":600000,""alpha_target"":3,""alpha_achieved"":3,""notes"":""control_axis=1, core=[0.45,0.55], g=9.9999e-07, h=9e-06, delta=2.49998e-07, shuffle_strips=1, shuffle_r=0, k_overridden=0""}"
exp7_stripe__nr100000__ns100000__a3_000ep00__g1,stripe_ctrl_alpha,3,100000,100000,ours,sampling,100000,1,2,1,521.67,600000,1,0,0,0,,0,"{""build_active_indices_ms"":5.541128,""build_events_ms"":41.854562,""build_ranks_ms"":40.040619,""build_y_domain_ms"":13.953627,""phase1_count_ms"":221.097890,""phase2_plan_ms"":7.596666,""phase3_sample_ms"":143.582491,""run_build_ms"":101.896236,""run_count_ms"":221.102690,""run_sample_ms"":151.211967}",,"{""dataset"":{""source"":""synthetic"",""name"":""exp7_stripe__nr100000__ns100000__a3_000ep00__g1"",""dim"":2,""path_r"":"""",""path_s"":"""",""synthetic"":{""generator"":""stripe_ctrl_alpha"",""n_r"":100000,""n_s"":100000,""alpha"":3,""seed"":1}},""run"":{""method"":""ours"",""variant"":""sampling"",""t"":100000,""seed"":1,""repeats"":3,""j_star"":1000000,""enum_cap"":0,""write_samples"":false,""verify"":false},""output"":{""out_dir"":""/home/dhy/PhD/SIGMOD-EXP/EXP-4/run/temp/exp7/sampling_adaptive"",""run_tag"":""exp7_sampling_adaptive""},""sys"":{""threads"":1},""logging"":{""level"":""INFO"",""with_timestamp"":true,""with_thread_id"":false}}","{""generator"":""stripe_ctrl_alpha"",""dataset"":""exp7_stripe__nr100000__ns100000__a3_000ep00__g1"",""n_r"":100000,""n_s"":100000,""has_exact_k"":true,""k_target"":600000,""k_achieved"":600000,""alpha_target"":3,""alpha_achieved"":3,""notes"":""control_axis=1, core=[0.45,0.55], g=9.9999e-07, h=9e-06, delta=2.49998e-07, shuffle_strips=1, shuffle_r=0, k_overridden=0""}"
exp7_stripe__nr100000__ns100000__a3_000ep00__g1,stripe_ctrl_alpha,3,100000,100000,ours,sampling,100000,2,3,1,512.749,600000,1,0,0,0,,0,"{""build_active_indices_ms"":5.492489,""build_events_ms"":41.658406,""build_ranks_ms"":40.018729,""build_y_domain_ms"":13.956897,""phase1_count_ms"":219.071731,""phase2_plan_ms"":7.623946,""phase3_sample_ms"":140.864696,""run_build_ms"":101.623631,""run_count_ms"":219.076381,""run_sample_ms"":148.521931}",,"{""dataset"":{""source"":""synthetic"",""name"":""exp7_stripe__nr100000__ns100000__a3_000ep00__g1"",""dim"":2,""path_r"":"""",""path_s"":"""",""synthetic"":{""generator"":""stripe_ctrl_alpha"",""n_r"":100000,""n_s"":100000,""alpha"":3,""seed"":1}},""run"":{""method"":""ours"",""variant"":""sampling"",""t"":100000,""seed"":1,""repeats"":3,""j_star"":1000000,""enum_cap"":0,""write_samples"":false,""verify"":false},""output"":{""out_dir"":""/home/dhy/PhD/SIGMOD-EXP/EXP-4/run/temp/exp7/sampling_adaptive"",""run_tag"":""exp7_sampling_adaptive""},""sys"":{""threads"":1},""logging"":{""level"":""INFO"",""with_timestamp"":true,""with_thread_id"":false}}","{""generator"":""stripe_ctrl_alpha"",""dataset"":""exp7_stripe__nr100000__ns100000__a3_000ep00__g1"",""n_r"":100000,""n_s"":100000,""has_exact_k"":true,""k_target"":600000,""k_achieved"":600000,""alpha_target"":3,""alpha_achieved"":3,""notes"":""control_axis=1, core=[0.45,0.55], g=9.9999e-07, h=9e-06, delta=2.49998e-07, shuffle_strips=1, shuffle_r=0, k_overridden=0""}"
exp7_stripe__nr100000__ns100000__a3_000ep00__g1,stripe_ctrl_alpha,3,100000,100000,ours,adaptive,100000,0,1,1,328.881,600000,1,1,0,0,enumerate_all,600000,"{""build_active_indices_ms"":5.581526,""build_events_ms"":34.543760,""build_ranks_ms"":39.962271,""build_y_domain_ms"":13.975257,""run_build_ms"":94.559904,""run_pilot_enum_prepare_ms"":1.548178,""run_pilot_enum_scan_ms"":231.613197,""run_small_join_sample_from_list_ms"":1.147487}",,"{""dataset"":{""source"":""synthetic"",""name"":""exp7_stripe__nr100000__ns100000__a3_000ep00__g1"",""dim"":2,""path_r"":"""",""path_s"":"""",""synthetic"":{""generator"":""stripe_ctrl_alpha"",""n_r"":100000,""n_s"":100000,""alpha"":3,""seed"":1}},""run"":{""method"":""ours"",""variant"":""adaptive"",""t"":100000,""seed"":1,""repeats"":3,""j_star"":1000000,""enum_cap"":0,""write_samples"":false,""verify"":false},""output"":{""out_dir"":""/home/dhy/PhD/SIGMOD-EXP/EXP-4/run/temp/exp7/sampling_adaptive"",""run_tag"":""exp7_sampling_adaptive""},""sys"":{""threads"":1},""logging"":{""level"":""INFO"",""with_timestamp"":true,""with_thread_id"":false}}","{""generator"":""stripe_ctrl_alpha"",""dataset"":""exp7_stripe__nr100000__ns100000__a3_000ep00__g1"",""n_r"":100000,""n_s"":100000,""has_exact_k"":true,""k_target"":600000,""k_achieved"":600000,""alpha_target"":3,""alpha_achieved"":3,""notes"":""control_axis=1, core=[0.45,0.55], g=9.9999e-07, h=9e-06, delta=2.49998e-07, shuffle_strips=1, shuffle_r=0, k_overridden=0""}"
exp7_stripe__nr100000__ns100000__a3_000ep00__g1,stripe_ctrl_alpha,3,100000,100000,ours,adaptive,100000,1,2,1,380.113,600000,1,1,0,0,enumerate_all,600000,"{""build_active_indices_ms"":5.489159,""build_events_ms"":41.887561,""build_ranks_ms"":39.997739,""build_y_domain_ms"":16.235400,""run_build_ms"":104.101521,""run_pilot_enum_prepare_ms"":1.525199,""run_pilot_enum_scan_ms"":230.134157,""run_small_join_sample_from_list_ms"":1.155177}",,"{""dataset"":{""source"":""synthetic"",""name"":""exp7_stripe__nr100000__ns100000__a3_000ep00__g1"",""dim"":2,""path_r"":"""",""path_s"":"""",""synthetic"":{""generator"":""stripe_ctrl_alpha"",""n_r"":100000,""n_s"":100000,""alpha"":3,""seed"":1}},""run"":{""method"":""ours"",""variant"":""adaptive"",""t"":100000,""seed"":1,""repeats"":3,""j_star"":1000000,""enum_cap"":0,""write_samples"":false,""verify"":false},""output"":{""out_dir"":""/home/dhy/PhD/SIGMOD-EXP/EXP-4/run/temp/exp7/sampling_adaptive"",""run_tag"":""exp7_sampling_adaptive""},""sys"":{""threads"":1},""logging"":{""level"":""INFO"",""with_timestamp"":true,""with_thread_id"":false}}","{""generator"":""stripe_ctrl_alpha"",""dataset"":""exp7_stripe__nr100000__ns100000__a3_000ep00__g1"",""n_r"":100000,""n_s"":100000,""has_exact_k"":true,""k_target"":600000,""k_achieved"":600000,""alpha_target"":3,""alpha_achieved"":3,""notes"":""control_axis=1, core=[0.45,0.55], g=9.9999e-07, h=9e-06, delta=2.49998e-07, shuffle_strips=1, shuffle_r=0, k_overridden=0""}"
exp7_stripe__nr100000__ns100000__a3_000ep00__g1,stripe_ctrl_alpha,3,100000,100000,ours,adaptive,100000,2,3,1,379.096,600000,1,1,0,0,enumerate_all,600000,"{""build_active_indices_ms"":5.468429,""build_events_ms"":41.838003,""build_ranks_ms"":39.985010,""build_y_domain_ms"":13.964587,""run_build_ms"":101.746209,""run_pilot_enum_prepare_ms"":1.553839,""run_pilot_enum_scan_ms"":230.673296,""run_small_join_sample_from_list_ms"":1.169676}",,"{""dataset"":{""source"":""synthetic"",""name"":""exp7_stripe__nr100000__ns100000__a3_000ep00__g1"",""dim"":2,""path_r"":"""",""path_s"":"""",""synthetic"":{""generator"":""stripe_ctrl_alpha"",""n_r"":100000,""n_s"":100000,""alpha"":3,""seed"":1}},""run"":{""method"":""ours"",""variant"":""adaptive"",""t"":100000,""seed"":1,""repeats"":3,""j_star"":1000000,""enum_cap"":0,""write_samples"":false,""verify"":false},""output"":{""out_dir"":""/home/dhy/PhD/SIGMOD-EXP/EXP-4/run/temp/exp7/sampling_adaptive"",""run_tag"":""exp7_sampling_adaptive""},""sys"":{""threads"":1},""logging"":{""level"":""INFO"",""with_timestamp"":true,""with_thread_id"":false}}","{""generator"":""stripe_ctrl_alpha"",""dataset"":""exp7_stripe__nr100000__ns100000__a3_000ep00__g1"",""n_r"":100000,""n_s"":100000,""has_exact_k"":true,""k_target"":600000,""k_achieved"":600000,""alpha_target"":3,""alpha_achieved"":3,""notes"":""control_axis=1, core=[0.45,0.55], g=9.9999e-07, h=9e-06, delta=2.49998e-07, shuffle_strips=1, shuffle_r=0, k_overridden=0""}"
exp7_stripe__nr100000__ns100000__a3_000ep00__g1,stripe_ctrl_alpha,3,100000,100000,aabb,sampling,100000,0,1,1,845.401,600000,1,0,0,0,,0,"{""build_ms"":35.092939,""phase1_count_ms"":526.334137,""phase2_assign_ms"":8.703974,""phase3_sample_ms"":275.238114,""run_build_ms"":35.094659,""run_count_ms"":526.337117,""run_sample_ms"":283.964897}",,"{""dataset"":{""source"":""synthetic"",""name"":""exp7_stripe__nr100000__ns100000__a3_000ep00__g1"",""dim"":2,""path_r"":"""",""path_s"":"""",""synthetic"":{""generator"":""stripe_ctrl_alpha"",""n_r"":100000,""n_s"":100000,""alpha"":3,""seed"":1}},""run"":{""method"":""aabb"",""variant"":""sampling"",""t"":100000,""seed"":1,""repeats"":3,""j_star"":1000000,""enum_cap"":0,""write_samples"":false,""verify"":false},""output"":{""out_dir"":""/home/dhy/PhD/SIGMOD-EXP/EXP-4/run/temp/exp7/sampling_adaptive"",""run_tag"":""exp7_sampling_adaptive""},""sys"":{""threads"":1},""logging"":{""level"":""INFO"",""with_timestamp"":true,""with_thread_id"":false}}","{""generator"":""stripe_ctrl_alpha"",""dataset"":""exp7_stripe__nr100000__ns100000__a3_000ep00__g1"",""n_r"":100000,""n_s"":100000,""has_exact_k"":true,""k_target"":600000,""k_achieved"":600000,""alpha_target"":3,""alpha_achieved"":3,""notes"":""control_axis=1, core=[0.45,0.55], g=9.9999e-07, h=9e-06, delta=2.49998e-07, shuffle_strips=1, shuffle_r=0, k_overridden=0""}"
exp7_stripe__nr100000__ns100000__a3_000ep00__g1,stripe_ctrl_alpha,3,100000,100000,aabb,sampling,100000,1,2,1,848.428,600000,1,0,0,0,,0,"{""build_ms"":35.109058,""phase1_count_ms"":531.911084,""phase2_assign_ms"":8.619416,""phase3_sample_ms"":272.759324,""run_build_ms"":35.110769,""run_count_ms"":531.913723,""run_sample_ms"":281.401930}",,"{""dataset"":{""source"":""synthetic"",""name"":""exp7_stripe__nr100000__ns100000__a3_000ep00__g1"",""dim"":2,""path_r"":"""",""path_s"":"""",""synthetic"":{""generator"":""stripe_ctrl_alpha"",""n_r"":100000,""n_s"":100000,""alpha"":3,""seed"":1}},""run"":{""method"":""aabb"",""variant"":""sampling"",""t"":100000,""seed"":1,""repeats"":3,""j_star"":1000000,""enum_cap"":0,""write_samples"":false,""verify"":false},""output"":{""out_dir"":""/home/dhy/PhD/SIGMOD-EXP/EXP-4/run/temp/exp7/sampling_adaptive"",""run_tag"":""exp7_sampling_adaptive""},""sys"":{""threads"":1},""logging"":{""level"":""INFO"",""with_timestamp"":true,""with_thread_id"":false}}","{""generator"":""stripe_ctrl_alpha"",""dataset"":""exp7_stripe__nr100000__ns100000__a3_000ep00__g1"",""n_r"":100000,""n_s"":100000,""has_exact_k"":true,""k_target"":600000,""k_achieved"":600000,""alpha_target"":3,""alpha_achieved"":3,""notes"":""control_axis=1, core=[0.45,0.55], g=9.9999e-07, h=9e-06, delta=2.49998e-07, shuffle_strips=1, shuffle_r=0, k_overridden=0""}"
exp7_stripe__nr100000__ns100000__a3_000ep00__g1,stripe_ctrl_alpha,3,100000,100000,aabb,sampling,100000,2,3,1,846.69,600000,1,0,0,0,,0,"{""build_ms"":35.092310,""phase1_count_ms"":525.282478,""phase2_assign_ms"":8.896970,""phase3_sample_ms"":277.388511,""run_build_ms"":35.094140,""run_count_ms"":525.286048,""run_sample_ms"":286.308240}",,"{""dataset"":{""source"":""synthetic"",""name"":""exp7_stripe__nr100000__ns100000__a3_000ep00__g1"",""dim"":2,""path_r"":"""",""path_s"":"""",""synthetic"":{""generator"":""stripe_ctrl_alpha"",""n_r"":100000,""n_s"":100000,""alpha"":3,""seed"":1}},""run"":{""method"":""aabb"",""variant"":""sampling"",""t"":100000,""seed"":1,""repeats"":3,""j_star"":1000000,""enum_cap"":0,""write_samples"":false,""verify"":false},""output"":{""out_dir"":""/home/dhy/PhD/SIGMOD-EXP/EXP-4/run/temp/exp7/sampling_adaptive"",""run_tag"":""exp7_sampling_adaptive""},""sys"":{""threads"":1},""logging"":{""level"":""INFO"",""with_timestamp"":true,""with_thread_id"":false}}","{""generator"":""stripe_ctrl_alpha"",""dataset"":""exp7_stripe__nr100000__ns100000__a3_000ep00__g1"",""n_r"":100000,""n_s"":100000,""has_exact_k"":true,""k_target"":600000,""k_achieved"":600000,""alpha_target"":3,""alpha_achieved"":3,""notes"":""control_axis=1, core=[0.45,0.55], g=9.9999e-07, h=9e-06, delta=2.49998e-07, shuffle_strips=1, shuffle_r=0, k_overridden=0""}"
exp7_stripe__nr100000__ns100000__a3_000ep00__g1,stripe_ctrl_alpha,3,100000,100000,aabb,adaptive,100000,0,1,1,714.297,600000,1,1,0,0,enumerate_all,600000,"{""build_ms"":35.078279,""enumerate_prepare_ms"":34.607319,""run_build_ms"":35.079619,""run_pilot_enum_prepare_ms"":34.609899,""run_pilot_enum_scan_ms"":643.413236,""run_small_join_sample_from_list_ms"":1.180376}",,"{""dataset"":{""source"":""synthetic"",""name"":""exp7_stripe__nr100000__ns100000__a3_000ep00__g1"",""dim"":2,""path_r"":"""",""path_s"":"""",""synthetic"":{""generator"":""stripe_ctrl_alpha"",""n_r"":100000,""n_s"":100000,""alpha"":3,""seed"":1}},""run"":{""method"":""aabb"",""variant"":""adaptive"",""t"":100000,""seed"":1,""repeats"":3,""j_star"":1000000,""enum_cap"":0,""write_samples"":false,""verify"":false},""output"":{""out_dir"":""/home/dhy/PhD/SIGMOD-EXP/EXP-4/run/temp/exp7/sampling_adaptive"",""run_tag"":""exp7_sampling_adaptive""},""sys"":{""threads"":1},""logging"":{""level"":""INFO"",""with_timestamp"":true,""with_thread_id"":false}}","{""generator"":""stripe_ctrl_alpha"",""dataset"":""exp7_stripe__nr100000__ns100000__a3_000ep00__g1"",""n_r"":100000,""n_s"":100000,""has_exact_k"":true,""k_target"":600000,""k_achieved"":600000,""alpha_target"":3,""alpha_achieved"":3,""notes"":""control_axis=1, core=[0.45,0.55], g=9.9999e-07, h=9e-06, delta=2.49998e-07, shuffle_strips=1, shuffle_r=0, k_overridden=0""}"
exp7_stripe__nr100000__ns100000__a3_000ep00__g1,stripe_ctrl_alpha,3,100000,100000,aabb,adaptive,100000,1,2,1,716.622,600000,1,1,0,0,enumerate_all,600000,"{""build_ms"":35.037520,""enumerate_prepare_ms"":36.876443,""run_build_ms"":35.038640,""run_pilot_enum_prepare_ms"":36.878863,""run_pilot_enum_scan_ms"":643.508373,""run_small_join_sample_from_list_ms"":1.182436}",,"{""dataset"":{""source"":""synthetic"",""name"":""exp7_stripe__nr100000__ns100000__a3_000ep00__g1"",""dim"":2,""path_r"":"""",""path_s"":"""",""synthetic"":{""generator"":""stripe_ctrl_alpha"",""n_r"":100000,""n_s"":100000,""alpha"":3,""seed"":1}},""run"":{""method"":""aabb"",""variant"":""adaptive"",""t"":100000,""seed"":1,""repeats"":3,""j_star"":1000000,""enum_cap"":0,""write_samples"":false,""verify"":false},""output"":{""out_dir"":""/home/dhy/PhD/SIGMOD-EXP/EXP-4/run/temp/exp7/sampling_adaptive"",""run_tag"":""exp7_sampling_adaptive""},""sys"":{""threads"":1},""logging"":{""level"":""INFO"",""with_timestamp"":true,""with_thread_id"":false}}","{""generator"":""stripe_ctrl_alpha"",""dataset"":""exp7_stripe__nr100000__ns100000__a3_000ep00__g1"",""n_r"":100000,""n_s"":100000,""has_exact_k"":true,""k_target"":600000,""k_achieved"":600000,""alpha_target"":3,""alpha_achieved"":3,""notes"":""control_axis=1, core=[0.45,0.55], g=9.9999e-07, h=9e-06, delta=2.49998e-07, shuffle_strips=1, shuffle_r=0, k_overridden=0""}"
exp7_stripe__nr100000__ns100000__a3_000ep00__g1,stripe_ctrl_alpha,3,100000,100000,aabb,adaptive,100000,2,3,1,717.012,600000,1,1,0,0,enumerate_all,600000,"{""build_ms"":35.092469,""enumerate_prepare_ms"":34.648528,""run_build_ms"":35.094009,""run_pilot_enum_prepare_ms"":34.650728,""run_pilot_enum_scan_ms"":646.072062,""run_small_join_sample_from_list_ms"":1.179406}",,"{""dataset"":{""source"":""synthetic"",""name"":""exp7_stripe__nr100000__ns100000__a3_000ep00__g1"",""dim"":2,""path_r"":"""",""path_s"":"""",""synthetic"":{""generator"":""stripe_ctrl_alpha"",""n_r"":100000,""n_s"":100000,""alpha"":3,""seed"":1}},""run"":{""method"":""aabb"",""variant"":""adaptive"",""t"":100000,""seed"":1,""repeats"":3,""j_star"":1000000,""enum_cap"":0,""write_samples"":false,""verify"":false},""output"":{""out_dir"":""/home/dhy/PhD/SIGMOD-EXP/EXP-4/run/temp/exp7/sampling_adaptive"",""run_tag"":""exp7_sampling_adaptive""},""sys"":{""threads"":1},""logging"":{""level"":""INFO"",""with_timestamp"":true,""with_thread_id"":false}}","{""generator"":""stripe_ctrl_alpha"",""dataset"":""exp7_stripe__nr100000__ns100000__a3_000ep00__g1"",""n_r"":100000,""n_s"":100000,""has_exact_k"":true,""k_target"":600000,""k_achieved"":600000,""alpha_target"":3,""alpha_achieved"":3,""notes"":""control_axis=1, core=[0.45,0.55], g=9.9999e-07, h=9e-06, delta=2.49998e-07, shuffle_strips=1, shuffle_r=0, k_overridden=0""}"
exp7_stripe__nr100000__ns100000__a3_000ep00__g1,stripe_ctrl_alpha,3,100000,100000,interval_tree,sampling,100000,0,1,1,801.973,600000,1,0,0,0,,0,"{""build_ms"":132.890238,""build_active_ms"":23.433655,""build_events_ms"":37.982491,""build_start_ids_ms"":0.369332,""build_y_endpoints_ms"":27.040413,""build_y_indices_ms"":44.057467,""phase1_count_ms"":394.434320,""phase2_slots_ms"":5.295133,""phase3_resweep_ms"":269.312864,""run_build_ms"":132.891048,""run_count_ms"":394.437730,""run_sample_ms"":274.640726}",,"{""dataset"":{""source"":""synthetic"",""name"":""exp7_stripe__nr100000__ns100000__a3_000ep00__g1"",""dim"":2,""path_r"":"""",""path_s"":"""",""synthetic"":{""generator"":""stripe_ctrl_alpha"",""n_r"":100000,""n_s"":100000,""alpha"":3,""seed"":1}},""run"":{""method"":""interval_tree"",""variant"":""sampling"",""t"":100000,""seed"":1,""repeats"":3,""j_star"":1000000,""enum_cap"":0,""write_samples"":false,""verify"":false},""output"":{""out_dir"":""/home/dhy/PhD/SIGMOD-EXP/EXP-4/run/temp/exp7/sampling_adaptive"",""run_tag"":""exp7_sampling_adaptive""},""sys"":{""threads"":1},""logging"":{""level"":""INFO"",""with_timestamp"":true,""with_thread_id"":false}}","{""generator"":""stripe_ctrl_alpha"",""dataset"":""exp7_stripe__nr100000__ns100000__a3_000ep00__g1"",""n_r"":100000,""n_s"":100000,""has_exact_k"":true,""k_target"":600000,""k_achieved"":600000,""alpha_target"":3,""alpha_achieved"":3,""notes"":""control_axis=1, core=[0.45,0.55], g=9.9999e-07, h=9e-06, delta=2.49998e-07, shuffle_strips=1, shuffle_r=0, k_overridden=0""}"
exp7_stripe__nr100000__ns100000__a3_000ep00__g1,stripe_ctrl_alpha,3,100000,100000,interval_tree,sampling,100000,1,2,1,834.694,600000,1,0,0,0,,0,"{""build_ms"":136.918577,""build_active_ms"":23.434635,""build_events_ms"":42.066858,""build_start_ids_ms"":0.355563,""build_y_endpoints_ms"":27.018902,""build_y_indices_ms"":44.036458,""phase1_count_ms"":394.198905,""phase2_slots_ms"":5.302432,""phase3_resweep_ms"":264.295366,""run_build_ms"":136.919557,""run_count_ms"":394.202824,""run_sample_ms"":269.629538}",,"{""dataset"":{""source"":""synthetic"",""name"":""exp7_stripe__nr100000__ns100000__a3_000ep00__g1"",""dim"":2,""path_r"":"""",""path_s"":"""",""synthetic"":{""generator"":""stripe_ctrl_alpha"",""n_r"":100000,""n_s"":100000,""alpha"":3,""seed"":1}},""run"":{""method"":""interval_tree"",""variant"":""sampling"",""t"":100000,""seed"":1,""repeats"":3,""j_star"":1000000,""enum_cap"":0,""write_samples"":false,""verify"":false},""output"":{""out_dir"":""/home/dhy/PhD/SIGMOD-EXP/EXP-4/run/temp/exp7/sampling_adaptive"",""run_tag"":""exp7_sampling_adaptive""},""sys"":{""threads"":1},""logging"":{""level"":""INFO"",""with_timestamp"":true,""with_thread_id"":false}}","{""generator"":""stripe_ctrl_alpha"",""dataset"":""exp7_stripe__nr100000__ns100000__a3_000ep00__g1"",""n_r"":100000,""n_s"":100000,""has_exact_k"":true,""k_target"":600000,""k_achieved"":600000,""alpha_target"":3,""alpha_achieved"":3,""notes"":""control_axis=1, core=[0.45,0.55], g=9.9999e-07, h=9e-06, delta=2.49998e-07, shuffle_strips=1, shuffle_r=0, k_overridden=0""}"
exp7_stripe__nr100000__ns100000__a3_000ep00__g1,stripe_ctrl_alpha,3,100000,100000,interval_tree,sampling,100000,2,3,1,837.394,600000,1,0,0,0,,0,"{""build_ms"":137.194031,""build_active_ms"":23.435616,""build_events_ms"":42.252154,""build_start_ids_ms"":0.354353,""build_y_endpoints_ms"":27.029362,""build_y_indices_ms"":44.115006,""phase1_count_ms"":391.979909,""phase2_slots_ms"":5.223234,""phase3_resweep_ms"":265.378884,""run_build_ms"":137.194942,""run_count_ms"":391.983759,""run_sample_ms"":270.634908}",,"{""dataset"":{""source"":""synthetic"",""name"":""exp7_stripe__nr100000__ns100000__a3_000ep00__g1"",""dim"":2,""path_r"":"""",""path_s"":"""",""synthetic"":{""generator"":""stripe_ctrl_alpha"",""n_r"":100000,""n_s"":100000,""alpha"":3,""seed"":1}},""run"":{""method"":""interval_tree"",""variant"":""sampling"",""t"":100000,""seed"":1,""repeats"":3,""j_star"":1000000,""enum_cap"":0,""write_samples"":false,""verify"":false},""output"":{""out_dir"":""/home/dhy/PhD/SIGMOD-EXP/EXP-4/run/temp/exp7/sampling_adaptive"",""run_tag"":""exp7_sampling_adaptive""},""sys"":{""threads"":1},""logging"":{""level"":""INFO"",""with_timestamp"":true,""with_thread_id"":false}}","{""generator"":""stripe_ctrl_alpha"",""dataset"":""exp7_stripe__nr100000__ns100000__a3_000ep00__g1"",""n_r"":100000,""n_s"":100000,""has_exact_k"":true,""k_target"":600000,""k_achieved"":600000,""alpha_target"":3,""alpha_achieved"":3,""notes"":""control_axis=1, core=[0.45,0.55], g=9.9999e-07, h=9e-06, delta=2.49998e-07, shuffle_strips=1, shuffle_r=0, k_overridden=0""}"
exp7_stripe__nr100000__ns100000__a3_000ep00__g1,stripe_ctrl_alpha,3,100000,100000,interval_tree,adaptive,100000,0,1,1,732.314,600000,1,1,0,0,enumerate_all,600000,"{""build_ms"":133.724391,""build_active_ms"":23.452605,""build_events_ms"":38.080758,""build_start_ids_ms"":0.358153,""build_y_endpoints_ms"":27.139981,""build_y_indices_ms"":44.685284,""enumerate_prepare_ms"":163.286482,""run_build_ms"":133.725051,""run_pilot_enum_prepare_ms"":163.289052,""run_pilot_enum_scan_ms"":392.950010,""run_small_join_sample_from_list_ms"":1.320113}",,"{""dataset"":{""source"":""synthetic"",""name"":""exp7_stripe__nr100000__ns100000__a3_000ep00__g1"",""dim"":2,""path_r"":"""",""path_s"":"""",""synthetic"":{""generator"":""stripe_ctrl_alpha"",""n_r"":100000,""n_s"":100000,""alpha"":3,""seed"":1}},""run"":{""method"":""interval_tree"",""variant"":""adaptive"",""t"":100000,""seed"":1,""repeats"":3,""j_star"":1000000,""enum_cap"":0,""write_samples"":false,""verify"":false},""output"":{""out_dir"":""/home/dhy/PhD/SIGMOD-EXP/EXP-4/run/temp/exp7/sampling_adaptive"",""run_tag"":""exp7_sampling_adaptive""},""sys"":{""threads"":1},""logging"":{""level"":""INFO"",""with_timestamp"":true,""with_thread_id"":false}}","{""generator"":""stripe_ctrl_alpha"",""dataset"":""exp7_stripe__nr100000__ns100000__a3_000ep00__g1"",""n_r"":100000,""n_s"":100000,""has_exact_k"":true,""k_target"":600000,""k_achieved"":600000,""alpha_target"":3,""alpha_achieved"":3,""notes"":""control_axis=1, core=[0.45,0.55], g=9.9999e-07, h=9e-06, delta=2.49998e-07, shuffle_strips=1, shuffle_r=0, k_overridden=0""}"
exp7_stripe__nr100000__ns100000__a3_000ep00__g1,stripe_ctrl_alpha,3,100000,100000,interval_tree,adaptive,100000,1,2,1,726.581,600000,1,1,0,0,enumerate_all,600000,"{""build_ms"":133.817879,""build_active_ms"":23.491004,""build_events_ms"":38.035890,""build_start_ids_ms"":0.353343,""build_y_endpoints_ms"":27.142220,""build_y_indices_ms"":44.787762,""enumerate_prepare_ms"":150.162389,""run_build_ms"":133.819199,""run_pilot_enum_prepare_ms"":150.165759,""run_pilot_enum_scan_ms"":394.882241,""run_small_join_sample_from_list_ms"":1.245155}",,"{""dataset"":{""source"":""synthetic"",""name"":""exp7_stripe__nr100000__ns100000__a3_000ep00__g1"",""dim"":2,""path_r"":"""",""path_s"":"""",""synthetic"":{""generator"":""stripe_ctrl_alpha"",""n_r"":100000,""n_s"":100000,""alpha"":3,""seed"":1}},""run"":{""method"":""interval_tree"",""variant"":""adaptive"",""t"":100000,""seed"":1,""repeats"":3,""j_star"":1000000,""enum_cap"":0,""write_samples"":false,""verify"":false},""output"":{""out_dir"":""/home/dhy/PhD/SIGMOD-EXP/EXP-4/run/temp/exp7/sampling_adaptive"",""run_tag"":""exp7_sampling_adaptive""},""sys"":{""threads"":1},""logging"":{""level"":""INFO"",""with_timestamp"":true,""with_thread_id"":false}}","{""generator"":""stripe_ctrl_alpha"",""dataset"":""exp7_stripe__nr100000__ns100000__a3_000ep00__g1"",""n_r"":100000,""n_s"":100000,""has_exact_k"":true,""k_target"":600000,""k_achieved"":600000,""alpha_target"":3,""alpha_achieved"":3,""notes"":""control_axis=1, core=[0.45,0.55], g=9.9999e-07, h=9e-06, delta=2.49998e-07, shuffle_strips=1, shuffle_r=0, k_overridden=0""}"
exp7_stripe__nr100000__ns100000__a3_000ep00__g1,stripe_ctrl_alpha,3,100000,100000,interval_tree,adaptive,100000,2,3,1,726.154,600000,1,1,0,0,enumerate_all,600000,"{""build_ms"":133.964196,""build_active_ms"":23.641021,""build_events_ms"":38.073109,""build_start_ids_ms"":0.354893,""build_y_endpoints_ms"":27.133981,""build_y_indices_ms"":44.753913,""enumerate_prepare_ms"":149.520841,""run_build_ms"":133.965346,""run_pilot_enum_prepare_ms"":149.523551,""run_pilot_enum_scan_ms"":395.574427,""run_small_join_sample_from_list_ms"":1.347423}",,"{""dataset"":{""source"":""synthetic"",""name"":""exp7_stripe__nr100000__ns100000__a3_000ep00__g1"",""dim"":2,""path_r"":"""",""path_s"":"""",""synthetic"":{""generator"":""stripe_ctrl_alpha"",""n_r"":100000,""n_s"":100000,""alpha"":3,""seed"":1}},""run"":{""method"":""interval_tree"",""variant"":""adaptive"",""t"":100000,""seed"":1,""repeats"":3,""j_star"":1000000,""enum_cap"":0,""write_samples"":false,""verify"":false},""output"":{""out_dir"":""/home/dhy/PhD/SIGMOD-EXP/EXP-4/run/temp/exp7/sampling_adaptive"",""run_tag"":""exp7_sampling_adaptive""},""sys"":{""threads"":1},""logging"":{""level"":""INFO"",""with_timestamp"":true,""with_thread_id"":false}}","{""generator"":""stripe_ctrl_alpha"",""dataset"":""exp7_stripe__nr100000__ns100000__a3_000ep00__g1"",""n_r"":100000,""n_s"":100000,""has_exact_k"":true,""k_target"":600000,""k_achieved"":600000,""alpha_target"":3,""alpha_achieved"":3,""notes"":""control_axis=1, core=[0.45,0.55], g=9.9999e-07, h=9e-06, delta=2.49998e-07, shuffle_strips=1, shuffle_r=0, k_overridden=0""}"
exp7_stripe__nr100000__ns100000__a3_000ep00__g1,stripe_ctrl_alpha,3,100000,100000,kd_tree,sampling,100000,0,1,1,398.494,600000,1,0,0,0,,0,"{""build_ms"":95.805069,""build_events_ms"":34.530931,""build_kdtrees_ms"":28.752737,""build_rank_arrays_ms"":32.182178,""build_start_index_ms"":0.294324,""phase1_count_ms"":210.239412,""phase2_alias_ms"":92.440597,""phase3_sweep_ms"":83.755644,""run_build_ms"":95.805920,""run_count_ms"":210.243212,""run_sample_ms"":92.442028}",,"{""dataset"":{""source"":""synthetic"",""name"":""exp7_stripe__nr100000__ns100000__a3_000ep00__g1"",""dim"":2,""path_r"":"""",""path_s"":"""",""synthetic"":{""generator"":""stripe_ctrl_alpha"",""n_r"":100000,""n_s"":100000,""alpha"":3,""seed"":1}},""run"":{""method"":""kd_tree"",""variant"":""sampling"",""t"":100000,""seed"":1,""repeats"":3,""j_star"":1000000,""enum_cap"":0,""write_samples"":false,""verify"":false},""output"":{""out_dir"":""/home/dhy/PhD/SIGMOD-EXP/EXP-4/run/temp/exp7/sampling_adaptive"",""run_tag"":""exp7_sampling_adaptive""},""sys"":{""threads"":1},""logging"":{""level"":""INFO"",""with_timestamp"":true,""with_thread_id"":false}}","{""generator"":""stripe_ctrl_alpha"",""dataset"":""exp7_stripe__nr100000__ns100000__a3_000ep00__g1"",""n_r"":100000,""n_s"":100000,""has_exact_k"":true,""k_target"":600000,""k_achieved"":600000,""alpha_target"":3,""alpha_achieved"":3,""notes"":""control_axis=1, core=[0.45,0.55], g=9.9999e-07, h=9e-06, delta=2.49998e-07, shuffle_strips=1, shuffle_r=0, k_overridden=0""}"
exp7_stripe__nr100000__ns100000__a3_000ep00__g1,stripe_ctrl_alpha,3,100000,100000,kd_tree,sampling,100000,1,2,1,396.032,600000,1,0,0,0,,0,"{""build_ms"":95.654782,""build_events_ms"":34.460551,""build_kdtrees_ms"":28.735208,""build_rank_arrays_ms"":32.103750,""build_start_index_ms"":0.307253,""phase1_count_ms"":207.318150,""phase2_alias_ms"":93.047075,""phase3_sweep_ms"":84.424929,""run_build_ms"":95.655482,""run_count_ms"":207.321110,""run_sample_ms"":93.048215}",,"{""dataset"":{""source"":""synthetic"",""name"":""exp7_stripe__nr100000__ns100000__a3_000ep00__g1"",""dim"":2,""path_r"":"""",""path_s"":"""",""synthetic"":{""generator"":""stripe_ctrl_alpha"",""n_r"":100000,""n_s"":100000,""alpha"":3,""seed"":1}},""run"":{""method"":""kd_tree"",""variant"":""sampling"",""t"":100000,""seed"":1,""repeats"":3,""j_star"":1000000,""enum_cap"":0,""write_samples"":false,""verify"":false},""output"":{""out_dir"":""/home/dhy/PhD/SIGMOD-EXP/EXP-4/run/temp/exp7/sampling_adaptive"",""run_tag"":""exp7_sampling_adaptive""},""sys"":{""threads"":1},""logging"":{""level"":""INFO"",""with_timestamp"":true,""with_thread_id"":false}}","{""generator"":""stripe_ctrl_alpha"",""dataset"":""exp7_stripe__nr100000__ns100000__a3_000ep00__g1"",""n_r"":100000,""n_s"":100000,""has_exact_k"":true,""k_target"":600000,""k_achieved"":600000,""alpha_target"":3,""alpha_achieved"":3,""notes"":""control_axis=1, core=[0.45,0.55], g=9.9999e-07, h=9e-06, delta=2.49998e-07, shuffle_strips=1, shuffle_r=0, k_overridden=0""}"
exp7_stripe__nr100000__ns100000__a3_000ep00__g1,stripe_ctrl_alpha,3,100000,100000,kd_tree,sampling,100000,2,3,1,401.086,600000,1,0,0,0,,0,"{""build_ms"":95.727751,""build_events_ms"":34.456133,""build_kdtrees_ms"":28.778837,""build_rank_arrays_ms"":32.142349,""build_start_index_ms"":0.304793,""phase1_count_ms"":211.583395,""phase2_alias_ms"":93.767250,""phase3_sweep_ms"":84.891660,""run_build_ms"":95.728491,""run_count_ms"":211.586915,""run_sample_ms"":93.768400}",,"{""dataset"":{""source"":""synthetic"",""name"":""exp7_stripe__nr100000__ns100000__a3_000ep00__g1"",""dim"":2,""path_r"":"""",""path_s"":"""",""synthetic"":{""generator"":""stripe_ctrl_alpha"",""n_r"":100000,""n_s"":100000,""alpha"":3,""seed"":1}},""run"":{""method"":""kd_tree"",""variant"":""sampling"",""t"":100000,""seed"":1,""repeats"":3,""j_star"":1000000,""enum_cap"":0,""write_samples"":false,""verify"":false},""output"":{""out_dir"":""/home/dhy/PhD/SIGMOD-EXP/EXP-4/run/temp/exp7/sampling_adaptive"",""run_tag"":""exp7_sampling_adaptive""},""sys"":{""threads"":1},""logging"":{""level"":""INFO"",""with_timestamp"":true,""with_thread_id"":false}}","{""generator"":""stripe_ctrl_alpha"",""dataset"":""exp7_stripe__nr100000__ns100000__a3_000ep00__g1"",""n_r"":100000,""n_s"":100000,""has_exact_k"":true,""k_target"":600000,""k_achieved"":600000,""alpha_target"":3,""alpha_achieved"":3,""notes"":""control_axis=1, core=[0.45,0.55], g=9.9999e-07, h=9e-06, delta=2.49998e-07, shuffle_strips=1, shuffle_r=0, k_overridden=0""}"
exp7_stripe__nr100000__ns100000__a3_000ep00__g1,stripe_ctrl_alpha,3,100000,100000,kd_tree,adaptive,100000,0,1,1,499.129,600000,1,1,0,0,enumerate_all,600000,"{""build_ms"":98.170701,""build_embedding_ms"":32.152849,""build_events_ms"":34.491591,""build_kdtrees_ms"":28.804697,""build_rank_arrays_ms"":32.110570,""build_start_index_ms"":0.296484,""enumerate_prepare_ms"":95.454127,""run_build_ms"":98.171881,""run_pilot_enum_prepare_ms"":95.459487,""run_pilot_enum_scan_ms"":304.355345,""run_small_join_sample_from_list_ms"":1.126018}",,"{""dataset"":{""source"":""synthetic"",""name"":""exp7_stripe__nr100000__ns100000__a3_000ep00__g1"",""dim"":2,""path_r"":"""",""path_s"":"""",""synthetic"":{""generator"":""stripe_ctrl_alpha"",""n_r"":100000,""n_s"":100000,""alpha"":3,""seed"":1}},""run"":{""method"":""kd_tree"",""variant"":""adaptive"",""t"":100000,""seed"":1,""repeats"":3,""j_star"":1000000,""enum_cap"":0,""write_samples"":false,""verify"":false},""output"":{""out_dir"":""/home/dhy/PhD/SIGMOD-EXP/EXP-4/run/temp/exp7/sampling_adaptive"",""run_tag"":""exp7_sampling_adaptive""},""sys"":{""threads"":1},""logging"":{""level"":""INFO"",""with_timestamp"":true,""with_thread_id"":false}}","{""generator"":""stripe_ctrl_alpha"",""dataset"":""exp7_stripe__nr100000__ns100000__a3_000ep00__g1"",""n_r"":100000,""n_s"":100000,""has_exact_k"":true,""k_target"":600000,""k_achieved"":600000,""alpha_target"":3,""alpha_achieved"":3,""notes"":""control_axis=1, core=[0.45,0.55], g=9.9999e-07, h=9e-06, delta=2.49998e-07, shuffle_strips=1, shuffle_r=0, k_overridden=0""}"
exp7_stripe__nr100000__ns100000__a3_000ep00__g1,stripe_ctrl_alpha,3,100000,100000,kd_tree,adaptive,100000,1,2,1,499.708,600000,1,1,0,0,enumerate_all,600000,"{""build_ms"":95.741540,""build_embedding_ms"":32.190788,""build_events_ms"":34.509302,""build_kdtrees_ms"":28.731657,""build_rank_arrays_ms"":32.150648,""build_start_index_ms"":0.305433,""enumerate_prepare_ms"":95.423667,""run_build_ms"":95.742170,""run_pilot_enum_prepare_ms"":95.427047,""run_pilot_enum_scan_ms"":307.394844,""run_small_join_sample_from_list_ms"":1.127538}",,"{""dataset"":{""source"":""synthetic"",""name"":""exp7_stripe__nr100000__ns100000__a3_000ep00__g1"",""dim"":2,""path_r"":"""",""path_s"":"""",""synthetic"":{""generator"":""stripe_ctrl_alpha"",""n_r"":100000,""n_s"":100000,""alpha"":3,""seed"":1}},""run"":{""method"":""kd_tree"",""variant"":""adaptive"",""t"":100000,""seed"":1,""repeats"":3,""j_star"":1000000,""enum_cap"":0,""write_samples"":false,""verify"":false},""output"":{""out_dir"":""/home/dhy/PhD/SIGMOD-EXP/EXP-4/run/temp/exp7/sampling_adaptive"",""run_tag"":""exp7_sampling_adaptive""},""sys"":{""threads"":1},""logging"":{""level"":""INFO"",""with_timestamp"":true,""with_thread_id"":false}}","{""generator"":""stripe_ctrl_alpha"",""dataset"":""exp7_stripe__nr100000__ns100000__a3_000ep00__g1"",""n_r"":100000,""n_s"":100000,""has_exact_k"":true,""k_target"":600000,""k_achieved"":600000,""alpha_target"":3,""alpha_achieved"":3,""notes"":""control_axis=1, core=[0.45,0.55], g=9.9999e-07, h=9e-06, delta=2.49998e-07, shuffle_strips=1, shuffle_r=0, k_overridden=0""}"
exp7_stripe__nr100000__ns100000__a3_000ep00__g1,stripe_ctrl_alpha,3,100000,100000,kd_tree,adaptive,100000,2,3,1,496.207,600000,1,1,0,0,enumerate_all,600000,"{""build_ms"":95.783830,""build_embedding_ms"":32.240377,""build_events_ms"":34.462373,""build_kdtrees_ms"":28.770947,""build_rank_arrays_ms"":32.200327,""build_start_index_ms"":0.304744,""enumerate_prepare_ms"":95.371659,""run_build_ms"":95.784480,""run_pilot_enum_prepare_ms"":95.374868,""run_pilot_enum_scan_ms"":303.901595,""run_small_join_sample_from_list_ms"":1.128077}",,"{""dataset"":{""source"":""synthetic"",""name"":""exp7_stripe__nr100000__ns100000__a3_000ep00__g1"",""dim"":2,""path_r"":"""",""path_s"":"""",""synthetic"":{""generator"":""stripe_ctrl_alpha"",""n_r"":100000,""n_s"":100000,""alpha"":3,""seed"":1}},""run"":{""method"":""kd_tree"",""variant"":""adaptive"",""t"":100000,""seed"":1,""repeats"":3,""j_star"":1000000,""enum_cap"":0,""write_samples"":false,""verify"":false},""output"":{""out_dir"":""/home/dhy/PhD/SIGMOD-EXP/EXP-4/run/temp/exp7/sampling_adaptive"",""run_tag"":""exp7_sampling_adaptive""},""sys"":{""threads"":1},""logging"":{""level"":""INFO"",""with_timestamp"":true,""with_thread_id"":false}}","{""generator"":""stripe_ctrl_alpha"",""dataset"":""exp7_stripe__nr100000__ns100000__a3_000ep00__g1"",""n_r"":100000,""n_s"":100000,""has_exact_k"":true,""k_target"":600000,""k_achieved"":600000,""alpha_target"":3,""alpha_achieved"":3,""notes"":""control_axis=1, core=[0.45,0.55], g=9.9999e-07, h=9e-06, delta=2.49998e-07, shuffle_strips=1, shuffle_r=0, k_overridden=0""}"
exp7_stripe__nr100000__ns100000__a3_000ep00__g1,stripe_ctrl_alpha,3,100000,100000,r_tree,sampling,100000,0,1,1,634.259,600000,1,0,0,0,,0,"{""build_ms"":35.320105,""phase1_count_ms"":322.299252,""phase2_assign_ms"":2.557668,""phase3_sample_ms"":273.413292,""run_build_ms"":35.321424,""run_count_ms"":322.302352,""run_sample_ms"":276.626777}",,"{""dataset"":{""source"":""synthetic"",""name"":""exp7_stripe__nr100000__ns100000__a3_000ep00__g1"",""dim"":2,""path_r"":"""",""path_s"":"""",""synthetic"":{""generator"":""stripe_ctrl_alpha"",""n_r"":100000,""n_s"":100000,""alpha"":3,""seed"":1}},""run"":{""method"":""r_tree"",""variant"":""sampling"",""t"":100000,""seed"":1,""repeats"":3,""j_star"":1000000,""enum_cap"":0,""write_samples"":false,""verify"":false},""output"":{""out_dir"":""/home/dhy/PhD/SIGMOD-EXP/EXP-4/run/temp/exp7/sampling_adaptive"",""run_tag"":""exp7_sampling_adaptive""},""sys"":{""threads"":1},""logging"":{""level"":""INFO"",""with_timestamp"":true,""with_thread_id"":false}}","{""generator"":""stripe_ctrl_alpha"",""dataset"":""exp7_stripe__nr100000__ns100000__a3_000ep00__g1"",""n_r"":100000,""n_s"":100000,""has_exact_k"":true,""k_target"":600000,""k_achieved"":600000,""alpha_target"":3,""alpha_achieved"":3,""notes"":""control_axis=1, core=[0.45,0.55], g=9.9999e-07, h=9e-06, delta=2.49998e-07, shuffle_strips=1, shuffle_r=0, k_overridden=0""}"
exp7_stripe__nr100000__ns100000__a3_000ep00__g1,stripe_ctrl_alpha,3,100000,100000,r_tree,sampling,100000,1,2,1,631.526,600000,1,0,0,0,,0,"{""build_ms"":35.272296,""phase1_count_ms"":319.153155,""phase2_assign_ms"":2.573478,""phase3_sample_ms"":273.526059,""run_build_ms"":35.273746,""run_count_ms"":319.155535,""run_sample_ms"":276.758164}",,"{""dataset"":{""source"":""synthetic"",""name"":""exp7_stripe__nr100000__ns100000__a3_000ep00__g1"",""dim"":2,""path_r"":"""",""path_s"":"""",""synthetic"":{""generator"":""stripe_ctrl_alpha"",""n_r"":100000,""n_s"":100000,""alpha"":3,""seed"":1}},""run"":{""method"":""r_tree"",""variant"":""sampling"",""t"":100000,""seed"":1,""repeats"":3,""j_star"":1000000,""enum_cap"":0,""write_samples"":false,""verify"":false},""output"":{""out_dir"":""/home/dhy/PhD/SIGMOD-EXP/EXP-4/run/temp/exp7/sampling_adaptive"",""run_tag"":""exp7_sampling_adaptive""},""sys"":{""threads"":1},""logging"":{""level"":""INFO"",""with_timestamp"":true,""with_thread_id"":false}}","{""generator"":""stripe_ctrl_alpha"",""dataset"":""exp7_stripe__nr100000__ns100000__a3_000ep00__g1"",""n_r"":100000,""n_s"":100000,""has_exact_k"":true,""k_target"":600000,""k_achieved"":600000,""alpha_target"":3,""alpha_achieved"":3,""notes"":""control_axis=1, core=[0.45,0.55], g=9.9999e-07, h=9e-06, delta=2.49998e-07, shuffle_strips=1, shuffle_r=0, k_overridden=0""}"
exp7_stripe__nr100000__ns100000__a3_000ep00__g1,stripe_ctrl_alpha,3,100000,100000,r_tree,sampling,100000,2,3,1,636.823,600000,1,0,0,0,,0,"{""build_ms"":35.263185,""phase1_count_ms"":324.182324,""phase2_assign_ms"":2.570178,""phase3_sample_ms"":273.820024,""run_build_ms"":35.264715,""run_count_ms"":324.185084,""run_sample_ms"":277.045839}",,"{""dataset"":{""source"":""synthetic"",""name"":""exp7_stripe__nr100000__ns100000__a3_000ep00__g1"",""dim"":2,""path_r"":"""",""path_s"":"""",""synthetic"":{""generator"":""stripe_ctrl_alpha"",""n_r"":100000,""n_s"":100000,""alpha"":3,""seed"":1}},""run"":{""method"":""r_tree"",""variant"":""sampling"",""t"":100000,""seed"":1,""repeats"":3,""j_star"":1000000,""enum_cap"":0,""write_samples"":false,""verify"":false},""output"":{""out_dir"":""/home/dhy/PhD/SIGMOD-EXP/EXP-4/run/temp/exp7/sampling_adaptive"",""run_tag"":""exp7_sampling_adaptive""},""sys"":{""threads"":1},""logging"":{""level"":""INFO"",""with_timestamp"":true,""with_thread_id"":false}}","{""generator"":""stripe_ctrl_alpha"",""dataset"":""exp7_stripe__nr100000__ns100000__a3_000ep00__g1"",""n_r"":100000,""n_s"":100000,""has_exact_k"":true,""k_target"":600000,""k_achieved"":600000,""alpha_target"":3,""alpha_achieved"":3,""notes"":""control_axis=1, core=[0.45,0.55], g=9.9999e-07, h=9e-06, delta=2.49998e-07, shuffle_strips=1, shuffle_r=0, k_overridden=0""}"
exp7_stripe__nr100000__ns100000__a3_000ep00__g1,stripe_ctrl_alpha,3,100000,100000,r_tree,adaptive,100000,0,1,1,441.361,600000,1,1,0,0,enumerate_all,600000,"{""build_ms"":35.318995,""enumerate_prepare_ms"":34.661837,""run_build_ms"":35.320285,""run_pilot_enum_prepare_ms"":34.664627,""run_pilot_enum_scan_ms"":369.903027,""run_small_join_sample_from_list_ms"":1.172166}",,"{""dataset"":{""source"":""synthetic"",""name"":""exp7_stripe__nr100000__ns100000__a3_000ep00__g1"",""dim"":2,""path_r"":"""",""path_s"":"""",""synthetic"":{""generator"":""stripe_ctrl_alpha"",""n_r"":100000,""n_s"":100000,""alpha"":3,""seed"":1}},""run"":{""method"":""r_tree"",""variant"":""adaptive"",""t"":100000,""seed"":1,""repeats"":3,""j_star"":1000000,""enum_cap"":0,""write_samples"":false,""verify"":false},""output"":{""out_dir"":""/home/dhy/PhD/SIGMOD-EXP/EXP-4/run/temp/exp7/sampling_adaptive"",""run_tag"":""exp7_sampling_adaptive""},""sys"":{""threads"":1},""logging"":{""level"":""INFO"",""with_timestamp"":true,""with_thread_id"":false}}","{""generator"":""stripe_ctrl_alpha"",""dataset"":""exp7_stripe__nr100000__ns100000__a3_000ep00__g1"",""n_r"":100000,""n_s"":100000,""has_exact_k"":true,""k_target"":600000,""k_achieved"":600000,""alpha_target"":3,""alpha_achieved"":3,""notes"":""control_axis=1, core=[0.45,0.55], g=9.9999e-07, h=9e-06, delta=2.49998e-07, shuffle_strips=1, shuffle_r=0, k_overridden=0""}"
exp7_stripe__nr100000__ns100000__a3_000ep00__g1,stripe_ctrl_alpha,3,100000,100000,r_tree,adaptive,100000,1,2,1,438.982,600000,1,1,0,0,enumerate_all,600000,"{""build_ms"":35.269016,""enumerate_prepare_ms"":34.725616,""run_build_ms"":35.270585,""run_pilot_enum_prepare_ms"":34.728266,""run_pilot_enum_scan_ms"":367.452387,""run_small_join_sample_from_list_ms"":1.165687}",,"{""dataset"":{""source"":""synthetic"",""name"":""exp7_stripe__nr100000__ns100000__a3_000ep00__g1"",""dim"":2,""path_r"":"""",""path_s"":"""",""synthetic"":{""generator"":""stripe_ctrl_alpha"",""n_r"":100000,""n_s"":100000,""alpha"":3,""seed"":1}},""run"":{""method"":""r_tree"",""variant"":""adaptive"",""t"":100000,""seed"":1,""repeats"":3,""j_star"":1000000,""enum_cap"":0,""write_samples"":false,""verify"":false},""output"":{""out_dir"":""/home/dhy/PhD/SIGMOD-EXP/EXP-4/run/temp/exp7/sampling_adaptive"",""run_tag"":""exp7_sampling_adaptive""},""sys"":{""threads"":1},""logging"":{""level"":""INFO"",""with_timestamp"":true,""with_thread_id"":false}}","{""generator"":""stripe_ctrl_alpha"",""dataset"":""exp7_stripe__nr100000__ns100000__a3_000ep00__g1"",""n_r"":100000,""n_s"":100000,""has_exact_k"":true,""k_target"":600000,""k_achieved"":600000,""alpha_target"":3,""alpha_achieved"":3,""notes"":""control_axis=1, core=[0.45,0.55], g=9.9999e-07, h=9e-06, delta=2.49998e-07, shuffle_strips=1, shuffle_r=0, k_overridden=0""}"
exp7_stripe__nr100000__ns100000__a3_000ep00__g1,stripe_ctrl_alpha,3,100000,100000,r_tree,adaptive,100000,2,3,1,439.645,600000,1,1,0,0,enumerate_all,600000,"{""build_ms"":35.268905,""enumerate_prepare_ms"":34.718597,""run_build_ms"":35.270346,""run_pilot_enum_prepare_ms"":34.720977,""run_pilot_enum_scan_ms"":368.136754,""run_small_join_sample_from_list_ms"":1.161907}",,"{""dataset"":{""source"":""synthetic"",""name"":""exp7_stripe__nr100000__ns100000__a3_000ep00__g1"",""dim"":2,""path_r"":"""",""path_s"":"""",""synthetic"":{""generator"":""stripe_ctrl_alpha"",""n_r"":100000,""n_s"":100000,""alpha"":3,""seed"":1}},""run"":{""method"":""r_tree"",""variant"":""adaptive"",""t"":100000,""seed"":1,""repeats"":3,""j_star"":1000000,""enum_cap"":0,""write_samples"":false,""verify"":false},""output"":{""out_dir"":""/home/dhy/PhD/SIGMOD-EXP/EXP-4/run/temp/exp7/sampling_adaptive"",""run_tag"":""exp7_sampling_adaptive""},""sys"":{""threads"":1},""logging"":{""level"":""INFO"",""with_timestamp"":true,""with_thread_id"":false}}","{""generator"":""stripe_ctrl_alpha"",""dataset"":""exp7_stripe__nr100000__ns100000__a3_000ep00__g1"",""n_r"":100000,""n_s"":100000,""has_exact_k"":true,""k_target"":600000,""k_achieved"":600000,""alpha_target"":3,""alpha_achieved"":3,""notes"":""control_axis=1, core=[0.45,0.55], g=9.9999e-07, h=9e-06, delta=2.49998e-07, shuffle_strips=1, shuffle_r=0, k_overridden=0""}"
exp7_stripe__nr100000__ns100000__a3_000ep00__g1,stripe_ctrl_alpha,3,100000,100000,range_tree,sampling,100000,0,1,1,1921.68,600000,1,0,0,0,,0,"{""build_ms"":90.946048,""build_events_ms"":34.512411,""build_range_trees_ms"":25.356776,""build_rank_arrays_ms"":30.742677,""build_start_index_ms"":0.292104,""phase1_count_ms"":1026.849053,""phase2_alias_ms"":803.875938,""phase3_sweep_ms"":792.327522,""run_build_ms"":90.946958,""run_count_ms"":1026.853003,""run_sample_ms"":803.877398}",,"{""dataset"":{""source"":""synthetic"",""name"":""exp7_stripe__nr100000__ns100000__a3_000ep00__g1"",""dim"":2,""path_r"":"""",""path_s"":"""",""synthetic"":{""generator"":""stripe_ctrl_alpha"",""n_r"":100000,""n_s"":100000,""alpha"":3,""seed"":1}},""run"":{""method"":""range_tree"",""variant"":""sampling"",""t"":100000,""seed"":1,""repeats"":3,""j_star"":1000000,""enum_cap"":0,""write_samples"":false,""verify"":false},""output"":{""out_dir"":""/home/dhy/PhD/SIGMOD-EXP/EXP-4/run/temp/exp7/sampling_adaptive"",""run_tag"":""exp7_sampling_adaptive""},""sys"":{""threads"":1},""logging"":{""level"":""INFO"",""with_timestamp"":true,""with_thread_id"":false}}","{""generator"":""stripe_ctrl_alpha"",""dataset"":""exp7_stripe__nr100000__ns100000__a3_000ep00__g1"",""n_r"":100000,""n_s"":100000,""has_exact_k"":true,""k_target"":600000,""k_achieved"":600000,""alpha_target"":3,""alpha_achieved"":3,""notes"":""control_axis=1, core=[0.45,0.55], g=9.9999e-07, h=9e-06, delta=2.49998e-07, shuffle_strips=1, shuffle_r=0, k_overridden=0""}"
exp7_stripe__nr100000__ns100000__a3_000ep00__g1,stripe_ctrl_alpha,3,100000,100000,range_tree,sampling,100000,1,2,1,1917.87,600000,1,0,0,0,,0,"{""build_ms"":89.621995,""build_events_ms"":34.524941,""build_range_trees_ms"":23.992334,""build_rank_arrays_ms"":30.750328,""build_start_index_ms"":0.306193,""phase1_count_ms"":1024.309974,""phase2_alias_ms"":803.922109,""phase3_sweep_ms"":795.102557,""run_build_ms"":89.622755,""run_count_ms"":1024.313664,""run_sample_ms"":803.926998}",,"{""dataset"":{""source"":""synthetic"",""name"":""exp7_stripe__nr100000__ns100000__a3_000ep00__g1"",""dim"":2,""path_r"":"""",""path_s"":"""",""synthetic"":{""generator"":""stripe_ctrl_alpha"",""n_r"":100000,""n_s"":100000,""alpha"":3,""seed"":1}},""run"":{""method"":""range_tree"",""variant"":""sampling"",""t"":100000,""seed"":1,""repeats"":3,""j_star"":1000000,""enum_cap"":0,""write_samples"":false,""verify"":false},""output"":{""out_dir"":""/home/dhy/PhD/SIGMOD-EXP/EXP-4/run/temp/exp7/sampling_adaptive"",""run_tag"":""exp7_sampling_adaptive""},""sys"":{""threads"":1},""logging"":{""level"":""INFO"",""with_timestamp"":true,""with_thread_id"":false}}","{""generator"":""stripe_ctrl_alpha"",""dataset"":""exp7_stripe__nr100000__ns100000__a3_000ep00__g1"",""n_r"":100000,""n_s"":100000,""has_exact_k"":true,""k_target"":600000,""k_achieved"":600000,""alpha_target"":3,""alpha_achieved"":3,""notes"":""control_axis=1, core=[0.45,0.55], g=9.9999e-07, h=9e-06, delta=2.49998e-07, shuffle_strips=1, shuffle_r=0, k_overridden=0""}"
exp7_stripe__nr100000__ns100000__a3_000ep00__g1,stripe_ctrl_alpha,3,100000,100000,range_tree,sampling,100000,2,3,1,1918.37,600000,1,0,0,0,,0,"{""build_ms"":89.556947,""build_events_ms"":34.517011,""build_range_trees_ms"":23.954585,""build_rank_arrays_ms"":30.729488,""build_start_index_ms"":0.309134,""phase1_count_ms"":1024.452122,""phase2_alias_ms"":804.344150,""phase3_sweep_ms"":795.309313,""run_build_ms"":89.557697,""run_count_ms"":1024.456352,""run_sample_ms"":804.345040}",,"{""dataset"":{""source"":""synthetic"",""name"":""exp7_stripe__nr100000__ns100000__a3_000ep00__g1"",""dim"":2,""path_r"":"""",""path_s"":"""",""synthetic"":{""generator"":""stripe_ctrl_alpha"",""n_r"":100000,""n_s"":100000,""alpha"":3,""seed"":1}},""run"":{""method"":""range_tree"",""variant"":""sampling"",""t"":100000,""seed"":1,""repeats"":3,""j_star"":1000000,""enum_cap"":0,""write_samples"":false,""verify"":false},""output"":{""out_dir"":""/home/dhy/PhD/SIGMOD-EXP/EXP-4/run/temp/exp7/sampling_adaptive"",""run_tag"":""exp7_sampling_adaptive""},""sys"":{""threads"":1},""logging"":{""level"":""INFO"",""with_timestamp"":true,""with_thread_id"":false}}","{""generator"":""stripe_ctrl_alpha"",""dataset"":""exp7_stripe__nr100000__ns100000__a3_000ep00__g1"",""n_r"":100000,""n_s"":100000,""has_exact_k"":true,""k_target"":600000,""k_achieved"":600000,""alpha_target"":3,""alpha_achieved"":3,""notes"":""control_axis=1, core=[0.45,0.55], g=9.9999e-07, h=9e-06, delta=2.49998e-07, shuffle_strips=1, shuffle_r=0, k_overridden=0""}"
exp7_stripe__nr100000__ns100000__a3_000ep00__g1,stripe_ctrl_alpha,3,100000,100000,range_tree,adaptive,100000,0,1,1,1312.7,600000,1,1,0,0,enumerate_all,600000,"{""build_ms"":91.045097,""build_events_ms"":34.488702,""build_range_trees_ms"":25.462735,""build_rank_arrays_ms"":30.750397,""build_start_index_ms"":0.296594,""enumerate_prepare_ms"":90.610794,""run_build_ms"":91.045797,""run_pilot_enum_prepare_ms"":90.613414,""run_pilot_enum_scan_ms"":1129.829229,""run_small_join_sample_from_list_ms"":1.191026}",,"{""dataset"":{""source"":""synthetic"",""name"":""exp7_stripe__nr100000__ns100000__a3_000ep00__g1"",""dim"":2,""path_r"":"""",""path_s"":"""",""synthetic"":{""generator"":""stripe_ctrl_alpha"",""n_r"":100000,""n_s"":100000,""alpha"":3,""seed"":1}},""run"":{""method"":""range_tree"",""variant"":""adaptive"",""t"":100000,""seed"":1,""repeats"":3,""j_star"":1000000,""enum_cap"":0,""write_samples"":false,""verify"":false},""output"":{""out_dir"":""/home/dhy/PhD/SIGMOD-EXP/EXP-4/run/temp/exp7/sampling_adaptive"",""run_tag"":""exp7_sampling_adaptive""},""sys"":{""threads"":1},""logging"":{""level"":""INFO"",""with_timestamp"":true,""with_thread_id"":false}}","{""generator"":""stripe_ctrl_alpha"",""dataset"":""exp7_stripe__nr100000__ns100000__a3_000ep00__g1"",""n_r"":100000,""n_s"":100000,""has_exact_k"":true,""k_target"":600000,""k_achieved"":600000,""alpha_target"":3,""alpha_achieved"":3,""notes"":""control_axis=1, core=[0.45,0.55], g=9.9999e-07, h=9e-06, delta=2.49998e-07, shuffle_strips=1, shuffle_r=0, k_overridden=0""}"
exp7_stripe__nr100000__ns100000__a3_000ep00__g1,stripe_ctrl_alpha,3,100000,100000,range_tree,adaptive,100000,1,2,1,1315.7,600000,1,1,0,0,enumerate_all,600000,"{""build_ms"":89.698303,""build_events_ms"":34.491021,""build_range_trees_ms"":24.028923,""build_rank_arrays_ms"":30.825806,""build_start_index_ms"":0.304914,""enumerate_prepare_ms"":93.310210,""run_build_ms"":89.699133,""run_pilot_enum_prepare_ms"":93.313420,""run_pilot_enum_scan_ms"":1131.477316,""run_small_join_sample_from_list_ms"":1.191676}",,"{""dataset"":{""source"":""synthetic"",""name"":""exp7_stripe__nr100000__ns100000__a3_000ep00__g1"",""dim"":2,""path_r"":"""",""path_s"":"""",""synthetic"":{""generator"":""stripe_ctrl_alpha"",""n_r"":100000,""n_s"":100000,""alpha"":3,""seed"":1}},""run"":{""method"":""range_tree"",""variant"":""adaptive"",""t"":100000,""seed"":1,""repeats"":3,""j_star"":1000000,""enum_cap"":0,""write_samples"":false,""verify"":false},""output"":{""out_dir"":""/home/dhy/PhD/SIGMOD-EXP/EXP-4/run/temp/exp7/sampling_adaptive"",""run_tag"":""exp7_sampling_adaptive""},""sys"":{""threads"":1},""logging"":{""level"":""INFO"",""with_timestamp"":true,""with_thread_id"":false}}","{""generator"":""stripe_ctrl_alpha"",""dataset"":""exp7_stripe__nr100000__ns100000__a3_000ep00__g1"",""n_r"":100000,""n_s"":100000,""has_exact_k"":true,""k_target"":600000,""k_achieved"":600000,""alpha_target"":3,""alpha_achieved"":3,""notes"":""control_axis=1, core=[0.45,0.55], g=9.9999e-07, h=9e-06, delta=2.49998e-07, shuffle_strips=1, shuffle_r=0, k_overridden=0""}"
exp7_stripe__nr100000__ns100000__a3_000ep00__g1,stripe_ctrl_alpha,3,100000,100000,range_tree,adaptive,100000,2,3,1,1311.17,600000,1,1,0,0,enumerate_all,600000,"{""build_ms"":89.344751,""build_events_ms"":34.467442,""build_range_trees_ms"":23.818297,""build_rank_arrays_ms"":30.709638,""build_start_index_ms"":0.304473,""enumerate_prepare_ms"":90.495708,""run_build_ms"":89.345300,""run_pilot_enum_prepare_ms"":90.499158,""run_pilot_enum_scan_ms"":1130.114724,""run_small_join_sample_from_list_ms"":1.193355}",,"{""dataset"":{""source"":""synthetic"",""name"":""exp7_stripe__nr100000__ns100000__a3_000ep00__g1"",""dim"":2,""path_r"":"""",""path_s"":"""",""synthetic"":{""generator"":""stripe_ctrl_alpha"",""n_r"":100000,""n_s"":100000,""alpha"":3,""seed"":1}},""run"":{""method"":""range_tree"",""variant"":""adaptive"",""t"":100000,""seed"":1,""repeats"":3,""j_star"":1000000,""enum_cap"":0,""write_samples"":false,""verify"":false},""output"":{""out_dir"":""/home/dhy/PhD/SIGMOD-EXP/EXP-4/run/temp/exp7/sampling_adaptive"",""run_tag"":""exp7_sampling_adaptive""},""sys"":{""threads"":1},""logging"":{""level"":""INFO"",""with_timestamp"":true,""with_thread_id"":false}}","{""generator"":""stripe_ctrl_alpha"",""dataset"":""exp7_stripe__nr100000__ns100000__a3_000ep00__g1"",""n_r"":100000,""n_s"":100000,""has_exact_k"":true,""k_target"":600000,""k_achieved"":600000,""alpha_target"":3,""alpha_achieved"":3,""notes"":""control_axis=1, core=[0.45,0.55], g=9.9999e-07, h=9e-06, delta=2.49998e-07, shuffle_strips=1, shuffle_r=0, k_overridden=0""}"
exp7_stripe__nr100000__ns100000__a3_000ep00__g1,stripe_ctrl_alpha,3,100000,100000,pbsm,sampling,100000,0,1,1,48.4843,600000,1,0,0,0,,0,"{""build_ms"":22.909617,""pbsm_build_ms"":22.909186,""pbsm_count_pass1_ms"":9.417659,""pbsm_partitions_stripes_ms"":22.408216,""pbsm_sample_draw_ranks_ms"":5.963009,""pbsm_sample_pass2_select_ms"":10.131554,""run_build_ms"":22.910176,""run_count_ms"":9.418840,""run_sample_ms"":16.151892}",,"{""dataset"":{""source"":""synthetic"",""name"":""exp7_stripe__nr100000__ns100000__a3_000ep00__g1"",""dim"":2,""path_r"":"""",""path_s"":"""",""synthetic"":{""generator"":""stripe_ctrl_alpha"",""n_r"":100000,""n_s"":100000,""alpha"":3,""seed"":1}},""run"":{""method"":""pbsm"",""variant"":""sampling"",""t"":100000,""seed"":1,""repeats"":3,""j_star"":1000000,""enum_cap"":0,""write_samples"":false,""verify"":false},""output"":{""out_dir"":""/home/dhy/PhD/SIGMOD-EXP/EXP-4/run/temp/exp7/sampling_adaptive"",""run_tag"":""exp7_sampling_adaptive""},""sys"":{""threads"":1},""logging"":{""level"":""INFO"",""with_timestamp"":true,""with_thread_id"":false}}","{""generator"":""stripe_ctrl_alpha"",""dataset"":""exp7_stripe__nr100000__ns100000__a3_000ep00__g1"",""n_r"":100000,""n_s"":100000,""has_exact_k"":true,""k_target"":600000,""k_achieved"":600000,""alpha_target"":3,""alpha_achieved"":3,""notes"":""control_axis=1, core=[0.45,0.55], g=9.9999e-07, h=9e-06, delta=2.49998e-07, shuffle_strips=1, shuffle_r=0, k_overridden=0""}"
exp7_stripe__nr100000__ns100000__a3_000ep00__g1,stripe_ctrl_alpha,3,100000,100000,pbsm,sampling,100000,1,2,1,48.3462,600000,1,0,0,0,,0,"{""build_ms"":22.727009,""pbsm_build_ms"":22.726509,""pbsm_count_pass1_ms"":9.249603,""pbsm_partitions_stripes_ms"":22.385797,""pbsm_sample_draw_ranks_ms"":5.983259,""pbsm_sample_pass2_select_ms"":10.331381,""run_build_ms"":22.727560,""run_count_ms"":9.250973,""run_sample_ms"":16.365998}",,"{""dataset"":{""source"":""synthetic"",""name"":""exp7_stripe__nr100000__ns100000__a3_000ep00__g1"",""dim"":2,""path_r"":"""",""path_s"":"""",""synthetic"":{""generator"":""stripe_ctrl_alpha"",""n_r"":100000,""n_s"":100000,""alpha"":3,""seed"":1}},""run"":{""method"":""pbsm"",""variant"":""sampling"",""t"":100000,""seed"":1,""repeats"":3,""j_star"":1000000,""enum_cap"":0,""write_samples"":false,""verify"":false},""output"":{""out_dir"":""/home/dhy/PhD/SIGMOD-EXP/EXP-4/run/temp/exp7/sampling_adaptive"",""run_tag"":""exp7_sampling_adaptive""},""sys"":{""threads"":1},""logging"":{""level"":""INFO"",""with_timestamp"":true,""with_thread_id"":false}}","{""generator"":""stripe_ctrl_alpha"",""dataset"":""exp7_stripe__nr100000__ns100000__a3_000ep00__g1"",""n_r"":100000,""n_s"":100000,""has_exact_k"":true,""k_target"":600000,""k_achieved"":600000,""alpha_target"":3,""alpha_achieved"":3,""notes"":""control_axis=1, core=[0.45,0.55], g=9.9999e-07, h=9e-06, delta=2.49998e-07, shuffle_strips=1, shuffle_r=0, k_overridden=0""}"
exp7_stripe__nr100000__ns100000__a3_000ep00__g1,stripe_ctrl_alpha,3,100000,100000,pbsm,sampling,100000,2,3,1,48.2368,600000,1,0,0,0,,0,"{""build_ms"":22.727839,""pbsm_build_ms"":22.727509,""pbsm_count_pass1_ms"":9.327631,""pbsm_partitions_stripes_ms"":22.386117,""pbsm_sample_draw_ranks_ms"":5.996148,""pbsm_sample_pass2_select_ms"":10.132745,""run_build_ms"":22.728179,""run_count_ms"":9.328861,""run_sample_ms"":16.178243}",,"{""dataset"":{""source"":""synthetic"",""name"":""exp7_stripe__nr100000__ns100000__a3_000ep00__g1"",""dim"":2,""path_r"":"""",""path_s"":"""",""synthetic"":{""generator"":""stripe_ctrl_alpha"",""n_r"":100000,""n_s"":100000,""alpha"":3,""seed"":1}},""run"":{""method"":""pbsm"",""variant"":""sampling"",""t"":100000,""seed"":1,""repeats"":3,""j_star"":1000000,""enum_cap"":0,""write_samples"":false,""verify"":false},""output"":{""out_dir"":""/home/dhy/PhD/SIGMOD-EXP/EXP-4/run/temp/exp7/sampling_adaptive"",""run_tag"":""exp7_sampling_adaptive""},""sys"":{""threads"":1},""logging"":{""level"":""INFO"",""with_timestamp"":true,""with_thread_id"":false}}","{""generator"":""stripe_ctrl_alpha"",""dataset"":""exp7_stripe__nr100000__ns100000__a3_000ep00__g1"",""n_r"":100000,""n_s"":100000,""has_exact_k"":true,""k_target"":600000,""k_achieved"":600000,""alpha_target"":3,""alpha_achieved"":3,""notes"":""control_axis=1, core=[0.45,0.55], g=9.9999e-07, h=9e-06, delta=2.49998e-07, shuffle_strips=1, shuffle_r=0, k_overridden=0""}"
exp7_stripe__nr100000__ns100000__a3_000ep00__g1,stripe_ctrl_alpha,3,100000,100000,pbsm,adaptive,100000,0,1,1,33.334,600000,1,1,0,0,enumerate_all,600000,"{""build_ms"":22.784538,""enumerate_prepare_ms"":0.000150,""pbsm_build_ms"":22.784028,""pbsm_partitions_stripes_ms"":22.445075,""run_build_ms"":22.785148,""run_pilot_enum_prepare_ms"":0.000580,""run_pilot_enum_scan_ms"":10.043177,""run_small_join_sample_from_list_ms"":0.496240}",,"{""dataset"":{""source"":""synthetic"",""name"":""exp7_stripe__nr100000__ns100000__a3_000ep00__g1"",""dim"":2,""path_r"":"""",""path_s"":"""",""synthetic"":{""generator"":""stripe_ctrl_alpha"",""n_r"":100000,""n_s"":100000,""alpha"":3,""seed"":1}},""run"":{""method"":""pbsm"",""variant"":""adaptive"",""t"":100000,""seed"":1,""repeats"":3,""j_star"":1000000,""enum_cap"":0,""write_samples"":false,""verify"":false},""output"":{""out_dir"":""/home/dhy/PhD/SIGMOD-EXP/EXP-4/run/temp/exp7/sampling_adaptive"",""run_tag"":""exp7_sampling_adaptive""},""sys"":{""threads"":1},""logging"":{""level"":""INFO"",""with_timestamp"":true,""with_thread_id"":false}}","{""generator"":""stripe_ctrl_alpha"",""dataset"":""exp7_stripe__nr100000__ns100000__a3_000ep00__g1"",""n_r"":100000,""n_s"":100000,""has_exact_k"":true,""k_target"":600000,""k_achieved"":600000,""alpha_target"":3,""alpha_achieved"":3,""notes"":""control_axis=1, core=[0.45,0.55], g=9.9999e-07, h=9e-06, delta=2.49998e-07, shuffle_strips=1, shuffle_r=0, k_overridden=0""}"
exp7_stripe__nr100000__ns100000__a3_000ep00__g1,stripe_ctrl_alpha,3,100000,100000,pbsm,adaptive,100000,1,2,1,33.2736,600000,1,1,0,0,enumerate_all,600000,"{""build_ms"":22.709740,""enumerate_prepare_ms"":0.000160,""pbsm_build_ms"":22.709530,""pbsm_partitions_stripes_ms"":22.368837,""run_build_ms"":22.710170,""run_pilot_enum_prepare_ms"":0.000540,""run_pilot_enum_scan_ms"":10.066116,""run_small_join_sample_from_list_ms"":0.490880}",,"{""dataset"":{""source"":""synthetic"",""name"":""exp7_stripe__nr100000__ns100000__a3_000ep00__g1"",""dim"":2,""path_r"":"""",""path_s"":"""",""synthetic"":{""generator"":""stripe_ctrl_alpha"",""n_r"":100000,""n_s"":100000,""alpha"":3,""seed"":1}},""run"":{""method"":""pbsm"",""variant"":""adaptive"",""t"":100000,""seed"":1,""repeats"":3,""j_star"":1000000,""enum_cap"":0,""write_samples"":false,""verify"":false},""output"":{""out_dir"":""/home/dhy/PhD/SIGMOD-EXP/EXP-4/run/temp/exp7/sampling_adaptive"",""run_tag"":""exp7_sampling_adaptive""},""sys"":{""threads"":1},""logging"":{""level"":""INFO"",""with_timestamp"":true,""with_thread_id"":false}}","{""generator"":""stripe_ctrl_alpha"",""dataset"":""exp7_stripe__nr100000__ns100000__a3_000ep00__g1"",""n_r"":100000,""n_s"":100000,""has_exact_k"":true,""k_target"":600000,""k_achieved"":600000,""alpha_target"":3,""alpha_achieved"":3,""notes"":""control_axis=1, core=[0.45,0.55], g=9.9999e-07, h=9e-06, delta=2.49998e-07, shuffle_strips=1, shuffle_r=0, k_overridden=0""}"
exp7_stripe__nr100000__ns100000__a3_000ep00__g1,stripe_ctrl_alpha,3,100000,100000,pbsm,adaptive,100000,2,3,1,33.2249,600000,1,1,0,0,enumerate_all,600000,"{""build_ms"":22.736959,""enumerate_prepare_ms"":0.000050,""pbsm_build_ms"":22.736639,""pbsm_partitions_stripes_ms"":22.395486,""run_build_ms"":22.737359,""run_pilot_enum_prepare_ms"":0.000540,""run_pilot_enum_scan_ms"":9.995958,""run_small_join_sample_from_list_ms"":0.484230}",,"{""dataset"":{""source"":""synthetic"",""name"":""exp7_stripe__nr100000__ns100000__a3_000ep00__g1"",""dim"":2,""path_r"":"""",""path_s"":"""",""synthetic"":{""generator"":""stripe_ctrl_alpha"",""n_r"":100000,""n_s"":100000,""alpha"":3,""seed"":1}},""run"":{""method"":""pbsm"",""variant"":""adaptive"",""t"":100000,""seed"":1,""repeats"":3,""j_star"":1000000,""enum_cap"":0,""write_samples"":false,""verify"":false},""output"":{""out_dir"":""/home/dhy/PhD/SIGMOD-EXP/EXP-4/run/temp/exp7/sampling_adaptive"",""run_tag"":""exp7_sampling_adaptive""},""sys"":{""threads"":1},""logging"":{""level"":""INFO"",""with_timestamp"":true,""with_thread_id"":false}}","{""generator"":""stripe_ctrl_alpha"",""dataset"":""exp7_stripe__nr100000__ns100000__a3_000ep00__g1"",""n_r"":100000,""n_s"":100000,""has_exact_k"":true,""k_target"":600000,""k_achieved"":600000,""alpha_target"":3,""alpha_achieved"":3,""notes"":""control_axis=1, core=[0.45,0.55], g=9.9999e-07, h=9e-06, delta=2.49998e-07, shuffle_strips=1, shuffle_r=0, k_overridden=0""}"
exp7_stripe__nr100000__ns100000__a3_000ep00__g1,stripe_ctrl_alpha,3,100000,100000,tlsop,sampling,100000,0,1,1,1450.65,600000,1,0,0,0,,0,"{""build_ms"":391.837255,""run_build_ms"":391.838465,""run_count_ms"":536.366648,""run_sample_ms"":522.436681,""tlsop_alloc_tiles_ms"":0.058569,""tlsop_build_ms"":391.836405,""tlsop_build_edges_ms"":0.000530,""tlsop_count_pass1_ms"":536.363228,""tlsop_pass1_count_caps_ms"":13.763761,""tlsop_pass1_reserve_ms"":1.430341,""tlsop_pass2_fill_ms"":32.365594,""tlsop_sample_draw_ranks_ms"":5.915310,""tlsop_sample_pass2_select_ms"":516.455161,""tlsop_sort_lists_ms"":344.203810}",,"{""dataset"":{""source"":""synthetic"",""name"":""exp7_stripe__nr100000__ns100000__a3_000ep00__g1"",""dim"":2,""path_r"":"""",""path_s"":"""",""synthetic"":{""generator"":""stripe_ctrl_alpha"",""n_r"":100000,""n_s"":100000,""alpha"":3,""seed"":1}},""run"":{""method"":""tlsop"",""variant"":""sampling"",""t"":100000,""seed"":1,""repeats"":3,""j_star"":1000000,""enum_cap"":0,""write_samples"":false,""verify"":false},""output"":{""out_dir"":""/home/dhy/PhD/SIGMOD-EXP/EXP-4/run/temp/exp7/sampling_adaptive"",""run_tag"":""exp7_sampling_adaptive""},""sys"":{""threads"":1},""logging"":{""level"":""INFO"",""with_timestamp"":true,""with_thread_id"":false}}","{""generator"":""stripe_ctrl_alpha"",""dataset"":""exp7_stripe__nr100000__ns100000__a3_000ep00__g1"",""n_r"":100000,""n_s"":100000,""has_exact_k"":true,""k_target"":600000,""k_achieved"":600000,""alpha_target"":3,""alpha_achieved"":3,""notes"":""control_axis=1, core=[0.45,0.55], g=9.9999e-07, h=9e-06, delta=2.49998e-07, shuffle_strips=1, shuffle_r=0, k_overridden=0""}"
exp7_stripe__nr100000__ns100000__a3_000ep00__g1,stripe_ctrl_alpha,3,100000,100000,tlsop,sampling,100000,1,2,1,1462.36,600000,1,0,0,0,,0,"{""build_ms"":389.466063,""run_build_ms"":389.467283,""run_count_ms"":535.602294,""run_sample_ms"":536.272861,""tlsop_alloc_tiles_ms"":0.061948,""tlsop_build_ms"":389.465073,""tlsop_build_edges_ms"":0.000580,""tlsop_count_pass1_ms"":535.598734,""tlsop_pass1_count_caps_ms"":13.744612,""tlsop_pass1_reserve_ms"":1.387482,""tlsop_pass2_fill_ms"":32.353885,""tlsop_sample_draw_ranks_ms"":5.968010,""tlsop_sample_pass2_select_ms"":530.243222,""tlsop_sort_lists_ms"":341.893006}",,"{""dataset"":{""source"":""synthetic"",""name"":""exp7_stripe__nr100000__ns100000__a3_000ep00__g1"",""dim"":2,""path_r"":"""",""path_s"":"""",""synthetic"":{""generator"":""stripe_ctrl_alpha"",""n_r"":100000,""n_s"":100000,""alpha"":3,""seed"":1}},""run"":{""method"":""tlsop"",""variant"":""sampling"",""t"":100000,""seed"":1,""repeats"":3,""j_star"":1000000,""enum_cap"":0,""write_samples"":false,""verify"":false},""output"":{""out_dir"":""/home/dhy/PhD/SIGMOD-EXP/EXP-4/run/temp/exp7/sampling_adaptive"",""run_tag"":""exp7_sampling_adaptive""},""sys"":{""threads"":1},""logging"":{""level"":""INFO"",""with_timestamp"":true,""with_thread_id"":false}}","{""generator"":""stripe_ctrl_alpha"",""dataset"":""exp7_stripe__nr100000__ns100000__a3_000ep00__g1"",""n_r"":100000,""n_s"":100000,""has_exact_k"":true,""k_target"":600000,""k_achieved"":600000,""alpha_target"":3,""alpha_achieved"":3,""notes"":""control_axis=1, core=[0.45,0.55], g=9.9999e-07, h=9e-06, delta=2.49998e-07, shuffle_strips=1, shuffle_r=0, k_overridden=0""}"
exp7_stripe__nr100000__ns100000__a3_000ep00__g1,stripe_ctrl_alpha,3,100000,100000,tlsop,sampling,100000,2,3,1,1450.47,600000,1,0,0,0,,0,"{""build_ms"":392.415474,""run_build_ms"":392.416524,""run_count_ms"":533.221493,""run_sample_ms"":523.807123,""tlsop_alloc_tiles_ms"":0.061389,""tlsop_build_ms"":392.414734,""tlsop_build_edges_ms"":0.000630,""tlsop_count_pass1_ms"":533.217013,""tlsop_pass1_count_caps_ms"":13.716082,""tlsop_pass1_reserve_ms"":1.400371,""tlsop_pass2_fill_ms"":32.322776,""tlsop_sample_draw_ranks_ms"":5.982049,""tlsop_sample_pass2_select_ms"":517.760266,""tlsop_sort_lists_ms"":344.891026}",,"{""dataset"":{""source"":""synthetic"",""name"":""exp7_stripe__nr100000__ns100000__a3_000ep00__g1"",""dim"":2,""path_r"":"""",""path_s"":"""",""synthetic"":{""generator"":""stripe_ctrl_alpha"",""n_r"":100000,""n_s"":100000,""alpha"":3,""seed"":1}},""run"":{""method"":""tlsop"",""variant"":""sampling"",""t"":100000,""seed"":1,""repeats"":3,""j_star"":1000000,""enum_cap"":0,""write_samples"":false,""verify"":false},""output"":{""out_dir"":""/home/dhy/PhD/SIGMOD-EXP/EXP-4/run/temp/exp7/sampling_adaptive"",""run_tag"":""exp7_sampling_adaptive""},""sys"":{""threads"":1},""logging"":{""level"":""INFO"",""with_timestamp"":true,""with_thread_id"":false}}","{""generator"":""stripe_ctrl_alpha"",""dataset"":""exp7_stripe__nr100000__ns100000__a3_000ep00__g1"",""n_r"":100000,""n_s"":100000,""has_exact_k"":true,""k_target"":600000,""k_achieved"":600000,""alpha_target"":3,""alpha_achieved"":3,""notes"":""control_axis=1, core=[0.45,0.55], g=9.9999e-07, h=9e-06, delta=2.49998e-07, shuffle_strips=1, shuffle_r=0, k_overridden=0""}"
exp7_stripe__nr100000__ns100000__a3_000ep00__g1,stripe_ctrl_alpha,3,100000,100000,tlsop,adaptive,100000,0,1,1,928.838,600000,1,1,0,0,enumerate_all,600000,"{""build_ms"":389.549012,""enumerate_prepare_ms"":0.020090,""run_build_ms"":389.549771,""run_pilot_enum_prepare_ms"":0.020990,""run_pilot_enum_scan_ms"":538.084794,""run_small_join_sample_from_list_ms"":1.168746,""tlsop_alloc_tiles_ms"":0.063569,""tlsop_build_ms"":389.548081,""tlsop_build_edges_ms"":0.000600,""tlsop_pass1_count_caps_ms"":13.830930,""tlsop_pass1_reserve_ms"":1.382442,""tlsop_pass2_fill_ms"":32.390204,""tlsop_sort_lists_ms"":341.865687}",,"{""dataset"":{""source"":""synthetic"",""name"":""exp7_stripe__nr100000__ns100000__a3_000ep00__g1"",""dim"":2,""path_r"":"""",""path_s"":"""",""synthetic"":{""generator"":""stripe_ctrl_alpha"",""n_r"":100000,""n_s"":100000,""alpha"":3,""seed"":1}},""run"":{""method"":""tlsop"",""variant"":""adaptive"",""t"":100000,""seed"":1,""repeats"":3,""j_star"":1000000,""enum_cap"":0,""write_samples"":false,""verify"":false},""output"":{""out_dir"":""/home/dhy/PhD/SIGMOD-EXP/EXP-4/run/temp/exp7/sampling_adaptive"",""run_tag"":""exp7_sampling_adaptive""},""sys"":{""threads"":1},""logging"":{""level"":""INFO"",""with_timestamp"":true,""with_thread_id"":false}}","{""generator"":""stripe_ctrl_alpha"",""dataset"":""exp7_stripe__nr100000__ns100000__a3_000ep00__g1"",""n_r"":100000,""n_s"":100000,""has_exact_k"":true,""k_target"":600000,""k_achieved"":600000,""alpha_target"":3,""alpha_achieved"":3,""notes"":""control_axis=1, core=[0.45,0.55], g=9.9999e-07, h=9e-06, delta=2.49998e-07, shuffle_strips=1, shuffle_r=0, k_overridden=0""}"
exp7_stripe__nr100000__ns100000__a3_000ep00__g1,stripe_ctrl_alpha,3,100000,100000,tlsop,adaptive,100000,1,2,1,931.411,600000,1,1,0,0,enumerate_all,600000,"{""build_ms"":392.505443,""enumerate_prepare_ms"":0.020749,""run_build_ms"":392.506722,""run_pilot_enum_prepare_ms"":0.022020,""run_pilot_enum_scan_ms"":536.707823,""run_small_join_sample_from_list_ms"":1.157867,""tlsop_alloc_tiles_ms"":0.061699,""tlsop_build_ms"":392.504673,""tlsop_build_edges_ms"":0.000700,""tlsop_pass1_count_caps_ms"":16.405448,""tlsop_pass1_reserve_ms"":1.411061,""tlsop_pass2_fill_ms"":32.427234,""tlsop_sort_lists_ms"":342.176111}",,"{""dataset"":{""source"":""synthetic"",""name"":""exp7_stripe__nr100000__ns100000__a3_000ep00__g1"",""dim"":2,""path_r"":"""",""path_s"":"""",""synthetic"":{""generator"":""stripe_ctrl_alpha"",""n_r"":100000,""n_s"":100000,""alpha"":3,""seed"":1}},""run"":{""method"":""tlsop"",""variant"":""adaptive"",""t"":100000,""seed"":1,""repeats"":3,""j_star"":1000000,""enum_cap"":0,""write_samples"":false,""verify"":false},""output"":{""out_dir"":""/home/dhy/PhD/SIGMOD-EXP/EXP-4/run/temp/exp7/sampling_adaptive"",""run_tag"":""exp7_sampling_adaptive""},""sys"":{""threads"":1},""logging"":{""level"":""INFO"",""with_timestamp"":true,""with_thread_id"":false}}","{""generator"":""stripe_ctrl_alpha"",""dataset"":""exp7_stripe__nr100000__ns100000__a3_000ep00__g1"",""n_r"":100000,""n_s"":100000,""has_exact_k"":true,""k_target"":600000,""k_achieved"":600000,""alpha_target"":3,""alpha_achieved"":3,""notes"":""control_axis=1, core=[0.45,0.55], g=9.9999e-07, h=9e-06, delta=2.49998e-07, shuffle_strips=1, shuffle_r=0, k_overridden=0""}"
exp7_stripe__nr100000__ns100000__a3_000ep00__g1,stripe_ctrl_alpha,3,100000,100000,tlsop,adaptive,100000,2,3,1,927.884,600000,1,1,0,0,enumerate_all,600000,"{""build_ms"":393.083210,""enumerate_prepare_ms"":0.019620,""run_build_ms"":393.084100,""run_pilot_enum_prepare_ms"":0.020480,""run_pilot_enum_scan_ms"":532.592756,""run_small_join_sample_from_list_ms"":1.159007,""tlsop_alloc_tiles_ms"":0.061489,""tlsop_build_ms"":393.082270,""tlsop_build_edges_ms"":0.000820,""tlsop_pass1_count_caps_ms"":13.846790,""tlsop_pass1_reserve_ms"":1.390302,""tlsop_pass2_fill_ms"":32.437473,""tlsop_sort_lists_ms"":345.323897}",,"{""dataset"":{""source"":""synthetic"",""name"":""exp7_stripe__nr100000__ns100000__a3_000ep00__g1"",""dim"":2,""path_r"":"""",""path_s"":"""",""synthetic"":{""generator"":""stripe_ctrl_alpha"",""n_r"":100000,""n_s"":100000,""alpha"":3,""seed"":1}},""run"":{""method"":""tlsop"",""variant"":""adaptive"",""t"":100000,""seed"":1,""repeats"":3,""j_star"":1000000,""enum_cap"":0,""write_samples"":false,""verify"":false},""output"":{""out_dir"":""/home/dhy/PhD/SIGMOD-EXP/EXP-4/run/temp/exp7/sampling_adaptive"",""run_tag"":""exp7_sampling_adaptive""},""sys"":{""threads"":1},""logging"":{""level"":""INFO"",""with_timestamp"":true,""with_thread_id"":false}}","{""generator"":""stripe_ctrl_alpha"",""dataset"":""exp7_stripe__nr100000__ns100000__a3_000ep00__g1"",""n_r"":100000,""n_s"":100000,""has_exact_k"":true,""k_target"":600000,""k_achieved"":600000,""alpha_target"":3,""alpha_achieved"":3,""notes"":""control_axis=1, core=[0.45,0.55], g=9.9999e-07, h=9e-06, delta=2.49998e-07, shuffle_strips=1, shuffle_r=0, k_overridden=0""}"
exp7_stripe__nr100000__ns100000__a3_000ep00__g1,stripe_ctrl_alpha,3,100000,100000,sirs,sampling,100000,0,1,1,2885.15,600000,1,0,0,0,,0,"{""build_ms"":118.993971,""count_ms"":2749.708474,""run_build_ms"":118.994721,""run_count_ms"":2749.709754,""run_sample_ms"":16.443397,""sample_ms"":16.441727,""sirs_build_index_ms"":118.993291,""sirs_build_kd_ms"":11.438059,""sirs_embed_inner_ms"":53.114744,""sirs_phase1_degrees_ms"":2749.704684,""sirs_rank_axes_ms"":54.434638}",,"{""dataset"":{""source"":""synthetic"",""name"":""exp7_stripe__nr100000__ns100000__a3_000ep00__g1"",""dim"":2,""path_r"":"""",""path_s"":"""",""synthetic"":{""generator"":""stripe_ctrl_alpha"",""n_r"":100000,""n_s"":100000,""alpha"":3,""seed"":1}},""run"":{""method"":""sirs"",""variant"":""sampling"",""t"":100000,""seed"":1,""repeats"":3,""j_star"":1000000,""enum_cap"":0,""write_samples"":false,""verify"":false},""output"":{""out_dir"":""/home/dhy/PhD/SIGMOD-EXP/EXP-4/run/temp/exp7/sampling_adaptive"",""run_tag"":""exp7_sampling_adaptive""},""sys"":{""threads"":1},""logging"":{""level"":""INFO"",""with_timestamp"":true,""with_thread_id"":false}}","{""generator"":""stripe_ctrl_alpha"",""dataset"":""exp7_stripe__nr100000__ns100000__a3_000ep00__g1"",""n_r"":100000,""n_s"":100000,""has_exact_k"":true,""k_target"":600000,""k_achieved"":600000,""alpha_target"":3,""alpha_achieved"":3,""notes"":""control_axis=1, core=[0.45,0.55], g=9.9999e-07, h=9e-06, delta=2.49998e-07, shuffle_strips=1, shuffle_r=0, k_overridden=0""}"
exp7_stripe__nr100000__ns100000__a3_000ep00__g1,stripe_ctrl_alpha,3,100000,100000,sirs,sampling,100000,1,2,1,2886.16,600000,1,0,0,0,,0,"{""build_ms"":118.577299,""count_ms"":2751.344365,""run_build_ms"":118.578139,""run_count_ms"":2751.345285,""run_sample_ms"":16.233581,""sample_ms"":16.232191,""sirs_build_index_ms"":118.576589,""sirs_build_kd_ms"":11.417159,""sirs_embed_inner_ms"":53.160284,""sirs_phase1_degrees_ms"":2751.342035,""sirs_rank_axes_ms"":53.992947}",,"{""dataset"":{""source"":""synthetic"",""name"":""exp7_stripe__nr100000__ns100000__a3_000ep00__g1"",""dim"":2,""path_r"":"""",""path_s"":"""",""synthetic"":{""generator"":""stripe_ctrl_alpha"",""n_r"":100000,""n_s"":100000,""alpha"":3,""seed"":1}},""run"":{""method"":""sirs"",""variant"":""sampling"",""t"":100000,""seed"":1,""repeats"":3,""j_star"":1000000,""enum_cap"":0,""write_samples"":false,""verify"":false},""output"":{""out_dir"":""/home/dhy/PhD/SIGMOD-EXP/EXP-4/run/temp/exp7/sampling_adaptive"",""run_tag"":""exp7_sampling_adaptive""},""sys"":{""threads"":1},""logging"":{""level"":""INFO"",""with_timestamp"":true,""with_thread_id"":false}}","{""generator"":""stripe_ctrl_alpha"",""dataset"":""exp7_stripe__nr100000__ns100000__a3_000ep00__g1"",""n_r"":100000,""n_s"":100000,""has_exact_k"":true,""k_target"":600000,""k_achieved"":600000,""alpha_target"":3,""alpha_achieved"":3,""notes"":""control_axis=1, core=[0.45,0.55], g=9.9999e-07, h=9e-06, delta=2.49998e-07, shuffle_strips=1, shuffle_r=0, k_overridden=0""}"
exp7_stripe__nr100000__ns100000__a3_000ep00__g1,stripe_ctrl_alpha,3,100000,100000,sirs,sampling,100000,2,3,1,2884.8,600000,1,0,0,0,,0,"{""build_ms"":118.600998,""count_ms"":2750.231960,""run_build_ms"":118.601528,""run_count_ms"":2750.233300,""run_sample_ms"":15.957567,""sample_ms"":15.956257,""sirs_build_index_ms"":118.600328,""sirs_build_kd_ms"":11.428388,""sirs_embed_inner_ms"":53.155944,""sirs_phase1_degrees_ms"":2750.229730,""sirs_rank_axes_ms"":54.009476}",,"{""dataset"":{""source"":""synthetic"",""name"":""exp7_stripe__nr100000__ns100000__a3_000ep00__g1"",""dim"":2,""path_r"":"""",""path_s"":"""",""synthetic"":{""generator"":""stripe_ctrl_alpha"",""n_r"":100000,""n_s"":100000,""alpha"":3,""seed"":1}},""run"":{""method"":""sirs"",""variant"":""sampling"",""t"":100000,""seed"":1,""repeats"":3,""j_star"":1000000,""enum_cap"":0,""write_samples"":false,""verify"":false},""output"":{""out_dir"":""/home/dhy/PhD/SIGMOD-EXP/EXP-4/run/temp/exp7/sampling_adaptive"",""run_tag"":""exp7_sampling_adaptive""},""sys"":{""threads"":1},""logging"":{""level"":""INFO"",""with_timestamp"":true,""with_thread_id"":false}}","{""generator"":""stripe_ctrl_alpha"",""dataset"":""exp7_stripe__nr100000__ns100000__a3_000ep00__g1"",""n_r"":100000,""n_s"":100000,""has_exact_k"":true,""k_target"":600000,""k_achieved"":600000,""alpha_target"":3,""alpha_achieved"":3,""notes"":""control_axis=1, core=[0.45,0.55], g=9.9999e-07, h=9e-06, delta=2.49998e-07, shuffle_strips=1, shuffle_r=0, k_overridden=0""}"
exp7_stripe__nr100000__ns100000__a3_000ep00__g1,stripe_ctrl_alpha,3,100000,100000,sirs,adaptive,100000,0,1,1,3477.34,600000,1,1,0,0,enumerate_all,600000,"{""build_ms"":119.212957,""run_build_ms"":119.213587,""run_pilot_enum_prepare_ms"":0.000800,""run_pilot_enum_scan_ms"":3356.942289,""run_small_join_sample_from_list_ms"":1.171466,""sirs_build_index_ms"":119.212446,""sirs_build_kd_ms"":11.459238,""sirs_embed_inner_ms"":53.367920,""sirs_rank_axes_ms"":54.379959}",,"{""dataset"":{""source"":""synthetic"",""name"":""exp7_stripe__nr100000__ns100000__a3_000ep00__g1"",""dim"":2,""path_r"":"""",""path_s"":"""",""synthetic"":{""generator"":""stripe_ctrl_alpha"",""n_r"":100000,""n_s"":100000,""alpha"":3,""seed"":1}},""run"":{""method"":""sirs"",""variant"":""adaptive"",""t"":100000,""seed"":1,""repeats"":3,""j_star"":1000000,""enum_cap"":0,""write_samples"":false,""verify"":false},""output"":{""out_dir"":""/home/dhy/PhD/SIGMOD-EXP/EXP-4/run/temp/exp7/sampling_adaptive"",""run_tag"":""exp7_sampling_adaptive""},""sys"":{""threads"":1},""logging"":{""level"":""INFO"",""with_timestamp"":true,""with_thread_id"":false}}","{""generator"":""stripe_ctrl_alpha"",""dataset"":""exp7_stripe__nr100000__ns100000__a3_000ep00__g1"",""n_r"":100000,""n_s"":100000,""has_exact_k"":true,""k_target"":600000,""k_achieved"":600000,""alpha_target"":3,""alpha_achieved"":3,""notes"":""control_axis=1, core=[0.45,0.55], g=9.9999e-07, h=9e-06, delta=2.49998e-07, shuffle_strips=1, shuffle_r=0, k_overridden=0""}"
exp7_stripe__nr100000__ns100000__a3_000ep00__g1,stripe_ctrl_alpha,3,100000,100000,sirs,adaptive,100000,1,2,1,3479.32,600000,1,1,0,0,enumerate_all,600000,"{""build_ms"":118.711847,""run_build_ms"":118.712737,""run_pilot_enum_prepare_ms"":0.000600,""run_pilot_enum_scan_ms"":3359.416733,""run_small_join_sample_from_list_ms"":1.170776,""sirs_build_index_ms"":118.711188,""sirs_build_kd_ms"":11.426760,""sirs_embed_inner_ms"":53.284892,""sirs_rank_axes_ms"":53.991547}",,"{""dataset"":{""source"":""synthetic"",""name"":""exp7_stripe__nr100000__ns100000__a3_000ep00__g1"",""dim"":2,""path_r"":"""",""path_s"":"""",""synthetic"":{""generator"":""stripe_ctrl_alpha"",""n_r"":100000,""n_s"":100000,""alpha"":3,""seed"":1}},""run"":{""method"":""sirs"",""variant"":""adaptive"",""t"":100000,""seed"":1,""repeats"":3,""j_star"":1000000,""enum_cap"":0,""write_samples"":false,""verify"":false},""output"":{""out_dir"":""/home/dhy/PhD/SIGMOD-EXP/EXP-4/run/temp/exp7/sampling_adaptive"",""run_tag"":""exp7_sampling_adaptive""},""sys"":{""threads"":1},""logging"":{""level"":""INFO"",""with_timestamp"":true,""with_thread_id"":false}}","{""generator"":""stripe_ctrl_alpha"",""dataset"":""exp7_stripe__nr100000__ns100000__a3_000ep00__g1"",""n_r"":100000,""n_s"":100000,""has_exact_k"":true,""k_target"":600000,""k_achieved"":600000,""alpha_target"":3,""alpha_achieved"":3,""notes"":""control_axis=1, core=[0.45,0.55], g=9.9999e-07, h=9e-06, delta=2.49998e-07, shuffle_strips=1, shuffle_r=0, k_overridden=0""}"
exp7_stripe__nr100000__ns100000__a3_000ep00__g1,stripe_ctrl_alpha,3,100000,100000,sirs,adaptive,100000,2,3,1,3476.29,600000,1,1,0,0,enumerate_all,600000,"{""build_ms"":118.674328,""run_build_ms"":118.675018,""run_pilot_enum_prepare_ms"":0.000840,""run_pilot_enum_scan_ms"":3356.427827,""run_small_join_sample_from_list_ms"":1.170397,""sirs_build_index_ms"":118.673518,""sirs_build_kd_ms"":11.437578,""sirs_embed_inner_ms"":53.273272,""sirs_rank_axes_ms"":53.955408}",,"{""dataset"":{""source"":""synthetic"",""name"":""exp7_stripe__nr100000__ns100000__a3_000ep00__g1"",""dim"":2,""path_r"":"""",""path_s"":"""",""synthetic"":{""generator"":""stripe_ctrl_alpha"",""n_r"":100000,""n_s"":100000,""alpha"":3,""seed"":1}},""run"":{""method"":""sirs"",""variant"":""adaptive"",""t"":100000,""seed"":1,""repeats"":3,""j_star"":1000000,""enum_cap"":0,""write_samples"":false,""verify"":false},""output"":{""out_dir"":""/home/dhy/PhD/SIGMOD-EXP/EXP-4/run/temp/exp7/sampling_adaptive"",""run_tag"":""exp7_sampling_adaptive""},""sys"":{""threads"":1},""logging"":{""level"":""INFO"",""with_timestamp"":true,""with_thread_id"":false}}","{""generator"":""stripe_ctrl_alpha"",""dataset"":""exp7_stripe__nr100000__ns100000__a3_000ep00__g1"",""n_r"":100000,""n_s"":100000,""has_exact_k"":true,""k_target"":600000,""k_achieved"":600000,""alpha_target"":3,""alpha_achieved"":3,""notes"":""control_axis=1, core=[0.45,0.55], g=9.9999e-07, h=9e-06, delta=2.49998e-07, shuffle_strips=1, shuffle_r=0, k_overridden=0""}"
exp7_stripe__nr100000__ns100000__a3_000ep00__g1,stripe_ctrl_alpha,3,100000,100000,rejection,sampling,100000,0,1,0,-1,-1,0,0,0,0,,0,{},SKIPPED: rejection+sampling is disabled in sjs_sweep; use variant=adaptive.,"{""dataset"":{""source"":""synthetic"",""name"":""exp7_stripe__nr100000__ns100000__a3_000ep00__g1"",""dim"":2,""path_r"":"""",""path_s"":"""",""synthetic"":{""generator"":""stripe_ctrl_alpha"",""n_r"":100000,""n_s"":100000,""alpha"":3,""seed"":1}},""run"":{""method"":""rejection"",""variant"":""sampling"",""t"":100000,""seed"":1,""repeats"":3,""j_star"":1000000,""enum_cap"":0,""write_samples"":false,""verify"":false},""output"":{""out_dir"":""/home/dhy/PhD/SIGMOD-EXP/EXP-4/run/temp/exp7/sampling_adaptive"",""run_tag"":""exp7_sampling_adaptive""},""sys"":{""threads"":1},""logging"":{""level"":""INFO"",""with_timestamp"":true,""with_thread_id"":false}}","{""generator"":""stripe_ctrl_alpha"",""dataset"":""exp7_stripe__nr100000__ns100000__a3_000ep00__g1"",""n_r"":100000,""n_s"":100000,""has_exact_k"":true,""k_target"":600000,""k_achieved"":600000,""alpha_target"":3,""alpha_achieved"":3,""notes"":""control_axis=1, core=[0.45,0.55], g=9.9999e-07, h=9e-06, delta=2.49998e-07, shuffle_strips=1, shuffle_r=0, k_overridden=0""}"
exp7_stripe__nr100000__ns100000__a3_000ep00__g1,stripe_ctrl_alpha,3,100000,100000,rejection,sampling,100000,1,2,0,-1,-1,0,0,0,0,,0,{},SKIPPED: rejection+sampling is disabled in sjs_sweep; use variant=adaptive.,"{""dataset"":{""source"":""synthetic"",""name"":""exp7_stripe__nr100000__ns100000__a3_000ep00__g1"",""dim"":2,""path_r"":"""",""path_s"":"""",""synthetic"":{""generator"":""stripe_ctrl_alpha"",""n_r"":100000,""n_s"":100000,""alpha"":3,""seed"":1}},""run"":{""method"":""rejection"",""variant"":""sampling"",""t"":100000,""seed"":1,""repeats"":3,""j_star"":1000000,""enum_cap"":0,""write_samples"":false,""verify"":false},""output"":{""out_dir"":""/home/dhy/PhD/SIGMOD-EXP/EXP-4/run/temp/exp7/sampling_adaptive"",""run_tag"":""exp7_sampling_adaptive""},""sys"":{""threads"":1},""logging"":{""level"":""INFO"",""with_timestamp"":true,""with_thread_id"":false}}","{""generator"":""stripe_ctrl_alpha"",""dataset"":""exp7_stripe__nr100000__ns100000__a3_000ep00__g1"",""n_r"":100000,""n_s"":100000,""has_exact_k"":true,""k_target"":600000,""k_achieved"":600000,""alpha_target"":3,""alpha_achieved"":3,""notes"":""control_axis=1, core=[0.45,0.55], g=9.9999e-07, h=9e-06, delta=2.49998e-07, shuffle_strips=1, shuffle_r=0, k_overridden=0""}"
exp7_stripe__nr100000__ns100000__a3_000ep00__g1,stripe_ctrl_alpha,3,100000,100000,rejection,sampling,100000,2,3,0,-1,-1,0,0,0,0,,0,{},SKIPPED: rejection+sampling is disabled in sjs_sweep; use variant=adaptive.,"{""dataset"":{""source"":""synthetic"",""name"":""exp7_stripe__nr100000__ns100000__a3_000ep00__g1"",""dim"":2,""path_r"":"""",""path_s"":"""",""synthetic"":{""generator"":""stripe_ctrl_alpha"",""n_r"":100000,""n_s"":100000,""alpha"":3,""seed"":1}},""run"":{""method"":""rejection"",""variant"":""sampling"",""t"":100000,""seed"":1,""repeats"":3,""j_star"":1000000,""enum_cap"":0,""write_samples"":false,""verify"":false},""output"":{""out_dir"":""/home/dhy/PhD/SIGMOD-EXP/EXP-4/run/temp/exp7/sampling_adaptive"",""run_tag"":""exp7_sampling_adaptive""},""sys"":{""threads"":1},""logging"":{""level"":""INFO"",""with_timestamp"":true,""with_thread_id"":false}}","{""generator"":""stripe_ctrl_alpha"",""dataset"":""exp7_stripe__nr100000__ns100000__a3_000ep00__g1"",""n_r"":100000,""n_s"":100000,""has_exact_k"":true,""k_target"":600000,""k_achieved"":600000,""alpha_target"":3,""alpha_achieved"":3,""notes"":""control_axis=1, core=[0.45,0.55], g=9.9999e-07, h=9e-06, delta=2.49998e-07, shuffle_strips=1, shuffle_r=0, k_overridden=0""}"
exp7_stripe__nr100000__ns100000__a3_000ep00__g1,stripe_ctrl_alpha,3,100000,100000,rejection,adaptive,100000,0,1,1,1585.13,600000,1,1,0,0,enumerate_all,600000,"{""build_ms"":299.796661,""build_M_ms"":0.107998,""build_cellmap_ms"":19.588394,""build_mu_alias_ms"":280.020112,""build_slab_index_ms"":0.072348,""run_build_ms"":299.797761,""run_pilot_enum_prepare_ms"":0.008330,""run_pilot_enum_scan_ms"":1284.143877,""run_small_join_sample_from_list_ms"":1.169936}",,"{""dataset"":{""source"":""synthetic"",""name"":""exp7_stripe__nr100000__ns100000__a3_000ep00__g1"",""dim"":2,""path_r"":"""",""path_s"":"""",""synthetic"":{""generator"":""stripe_ctrl_alpha"",""n_r"":100000,""n_s"":100000,""alpha"":3,""seed"":1}},""run"":{""method"":""rejection"",""variant"":""adaptive"",""t"":100000,""seed"":1,""repeats"":3,""j_star"":1000000,""enum_cap"":0,""write_samples"":false,""verify"":false},""output"":{""out_dir"":""/home/dhy/PhD/SIGMOD-EXP/EXP-4/run/temp/exp7/sampling_adaptive"",""run_tag"":""exp7_sampling_adaptive""},""sys"":{""threads"":1},""logging"":{""level"":""INFO"",""with_timestamp"":true,""with_thread_id"":false}}","{""generator"":""stripe_ctrl_alpha"",""dataset"":""exp7_stripe__nr100000__ns100000__a3_000ep00__g1"",""n_r"":100000,""n_s"":100000,""has_exact_k"":true,""k_target"":600000,""k_achieved"":600000,""alpha_target"":3,""alpha_achieved"":3,""notes"":""control_axis=1, core=[0.45,0.55], g=9.9999e-07, h=9e-06, delta=2.49998e-07, shuffle_strips=1, shuffle_r=0, k_overridden=0""}"
exp7_stripe__nr100000__ns100000__a3_000ep00__g1,stripe_ctrl_alpha,3,100000,100000,rejection,adaptive,100000,1,2,1,1607.96,600000,1,1,0,0,enumerate_all,600000,"{""build_ms"":299.391839,""build_M_ms"":0.107407,""build_cellmap_ms"":19.231000,""build_mu_alias_ms"":279.971872,""build_slab_index_ms"":0.070139,""run_build_ms"":299.448758,""run_pilot_enum_prepare_ms"":0.008630,""run_pilot_enum_scan_ms"":1295.848591,""run_small_join_sample_from_list_ms"":1.191626}",,"{""dataset"":{""source"":""synthetic"",""name"":""exp7_stripe__nr100000__ns100000__a3_000ep00__g1"",""dim"":2,""path_r"":"""",""path_s"":"""",""synthetic"":{""generator"":""stripe_ctrl_alpha"",""n_r"":100000,""n_s"":100000,""alpha"":3,""seed"":1}},""run"":{""method"":""rejection"",""variant"":""adaptive"",""t"":100000,""seed"":1,""repeats"":3,""j_star"":1000000,""enum_cap"":0,""write_samples"":false,""verify"":false},""output"":{""out_dir"":""/home/dhy/PhD/SIGMOD-EXP/EXP-4/run/temp/exp7/sampling_adaptive"",""run_tag"":""exp7_sampling_adaptive""},""sys"":{""threads"":1},""logging"":{""level"":""INFO"",""with_timestamp"":true,""with_thread_id"":false}}","{""generator"":""stripe_ctrl_alpha"",""dataset"":""exp7_stripe__nr100000__ns100000__a3_000ep00__g1"",""n_r"":100000,""n_s"":100000,""has_exact_k"":true,""k_target"":600000,""k_achieved"":600000,""alpha_target"":3,""alpha_achieved"":3,""notes"":""control_axis=1, core=[0.45,0.55], g=9.9999e-07, h=9e-06, delta=2.49998e-07, shuffle_strips=1, shuffle_r=0, k_overridden=0""}"
exp7_stripe__nr100000__ns100000__a3_000ep00__g1,stripe_ctrl_alpha,3,100000,100000,rejection,adaptive,100000,2,3,1,1605.3,600000,1,1,0,0,enumerate_all,600000,"{""build_ms"":304.086216,""build_M_ms"":0.106408,""build_cellmap_ms"":21.263810,""build_mu_alias_ms"":282.636200,""build_slab_index_ms"":0.069098,""run_build_ms"":304.143843,""run_pilot_enum_prepare_ms"":0.010079,""run_pilot_enum_scan_ms"":1290.193756,""run_small_join_sample_from_list_ms"":1.178136}",,"{""dataset"":{""source"":""synthetic"",""name"":""exp7_stripe__nr100000__ns100000__a3_000ep00__g1"",""dim"":2,""path_r"":"""",""path_s"":"""",""synthetic"":{""generator"":""stripe_ctrl_alpha"",""n_r"":100000,""n_s"":100000,""alpha"":3,""seed"":1}},""run"":{""method"":""rejection"",""variant"":""adaptive"",""t"":100000,""seed"":1,""repeats"":3,""j_star"":1000000,""enum_cap"":0,""write_samples"":false,""verify"":false},""output"":{""out_dir"":""/home/dhy/PhD/SIGMOD-EXP/EXP-4/run/temp/exp7/sampling_adaptive"",""run_tag"":""exp7_sampling_adaptive""},""sys"":{""threads"":1},""logging"":{""level"":""INFO"",""with_timestamp"":true,""with_thread_id"":false}}","{""generator"":""stripe_ctrl_alpha"",""dataset"":""exp7_stripe__nr100000__ns100000__a3_000ep00__g1"",""n_r"":100000,""n_s"":100000,""has_exact_k"":true,""k_target"":600000,""k_achieved"":600000,""alpha_target"":3,""alpha_achieved"":3,""notes"":""control_axis=1, core=[0.45,0.55], g=9.9999e-07, h=9e-06, delta=2.49998e-07, shuffle_strips=1, shuffle_r=0, k_overridden=0""}"
exp7_stripe__nr100000__ns100000__a3_000ep00__g1,stripe_ctrl_alpha,3,100000,100000,tsunami,sampling,100000,0,1,1,5433,600000,1,0,0,0,,0,"{""build_ms"":86.164137,""phase1_count_ms"":5329.833147,""phase2_pass2_locate_ms"":16.988936,""run_build_ms"":86.165167,""run_count_ms"":5329.838036,""run_sample_ms"":16.990346,""tsunami_build_ms"":86.163237,""tsunami_build_index_ms"":27.015124,""tsunami_build_points_ms"":0.259065,""tsunami_build_query_order_ms"":0.938601,""tsunami_build_rank_encoding_ms"":29.481833,""tsunami_build_workload_queries_ms"":28.464084,""tsunami_pass2_rank_sample_ms"":16.987196}",,"{""dataset"":{""source"":""synthetic"",""name"":""exp7_stripe__nr100000__ns100000__a3_000ep00__g1"",""dim"":2,""path_r"":"""",""path_s"":"""",""synthetic"":{""generator"":""stripe_ctrl_alpha"",""n_r"":100000,""n_s"":100000,""alpha"":3,""seed"":1}},""run"":{""method"":""tsunami"",""variant"":""sampling"",""t"":100000,""seed"":1,""repeats"":3,""j_star"":1000000,""enum_cap"":0,""write_samples"":false,""verify"":false},""output"":{""out_dir"":""/home/dhy/PhD/SIGMOD-EXP/EXP-4/run/temp/exp7/sampling_adaptive"",""run_tag"":""exp7_sampling_adaptive""},""sys"":{""threads"":1},""logging"":{""level"":""INFO"",""with_timestamp"":true,""with_thread_id"":false}}","{""generator"":""stripe_ctrl_alpha"",""dataset"":""exp7_stripe__nr100000__ns100000__a3_000ep00__g1"",""n_r"":100000,""n_s"":100000,""has_exact_k"":true,""k_target"":600000,""k_achieved"":600000,""alpha_target"":3,""alpha_achieved"":3,""notes"":""control_axis=1, core=[0.45,0.55], g=9.9999e-07, h=9e-06, delta=2.49998e-07, shuffle_strips=1, shuffle_r=0, k_overridden=0""}"
exp7_stripe__nr100000__ns100000__a3_000ep00__g1,stripe_ctrl_alpha,3,100000,100000,tsunami,sampling,100000,1,2,1,5435.27,600000,1,0,0,0,,0,"{""build_ms"":88.721704,""phase1_count_ms"":5329.454394,""phase2_pass2_locate_ms"":17.086004,""run_build_ms"":88.722234,""run_count_ms"":5329.457894,""run_sample_ms"":17.087144,""tsunami_build_ms"":88.720754,""tsunami_build_index_ms"":29.743307,""tsunami_build_points_ms"":0.271825,""tsunami_build_query_order_ms"":0.928081,""tsunami_build_rank_encoding_ms"":29.451854,""tsunami_build_workload_queries_ms"":28.321237,""tsunami_pass2_rank_sample_ms"":17.084964}",,"{""dataset"":{""source"":""synthetic"",""name"":""exp7_stripe__nr100000__ns100000__a3_000ep00__g1"",""dim"":2,""path_r"":"""",""path_s"":"""",""synthetic"":{""generator"":""stripe_ctrl_alpha"",""n_r"":100000,""n_s"":100000,""alpha"":3,""seed"":1}},""run"":{""method"":""tsunami"",""variant"":""sampling"",""t"":100000,""seed"":1,""repeats"":3,""j_star"":1000000,""enum_cap"":0,""write_samples"":false,""verify"":false},""output"":{""out_dir"":""/home/dhy/PhD/SIGMOD-EXP/EXP-4/run/temp/exp7/sampling_adaptive"",""run_tag"":""exp7_sampling_adaptive""},""sys"":{""threads"":1},""logging"":{""level"":""INFO"",""with_timestamp"":true,""with_thread_id"":false}}","{""generator"":""stripe_ctrl_alpha"",""dataset"":""exp7_stripe__nr100000__ns100000__a3_000ep00__g1"",""n_r"":100000,""n_s"":100000,""has_exact_k"":true,""k_target"":600000,""k_achieved"":600000,""alpha_target"":3,""alpha_achieved"":3,""notes"":""control_axis=1, core=[0.45,0.55], g=9.9999e-07, h=9e-06, delta=2.49998e-07, shuffle_strips=1, shuffle_r=0, k_overridden=0""}"
exp7_stripe__nr100000__ns100000__a3_000ep00__g1,stripe_ctrl_alpha,3,100000,100000,tsunami,sampling,100000,2,3,1,5433.66,600000,1,0,0,0,,0,"{""build_ms"":86.000320,""phase1_count_ms"":5330.576740,""phase2_pass2_locate_ms"":17.069314,""run_build_ms"":86.000840,""run_count_ms"":5330.580530,""run_sample_ms"":17.071244,""tsunami_build_ms"":85.999490,""tsunami_build_index_ms"":27.029403,""tsunami_build_points_ms"":0.270145,""tsunami_build_query_order_ms"":0.928061,""tsunami_build_rank_encoding_ms"":29.423754,""tsunami_build_workload_queries_ms"":28.342046,""tsunami_pass2_rank_sample_ms"":17.067945}",,"{""dataset"":{""source"":""synthetic"",""name"":""exp7_stripe__nr100000__ns100000__a3_000ep00__g1"",""dim"":2,""path_r"":"""",""path_s"":"""",""synthetic"":{""generator"":""stripe_ctrl_alpha"",""n_r"":100000,""n_s"":100000,""alpha"":3,""seed"":1}},""run"":{""method"":""tsunami"",""variant"":""sampling"",""t"":100000,""seed"":1,""repeats"":3,""j_star"":1000000,""enum_cap"":0,""write_samples"":false,""verify"":false},""output"":{""out_dir"":""/home/dhy/PhD/SIGMOD-EXP/EXP-4/run/temp/exp7/sampling_adaptive"",""run_tag"":""exp7_sampling_adaptive""},""sys"":{""threads"":1},""logging"":{""level"":""INFO"",""with_timestamp"":true,""with_thread_id"":false}}","{""generator"":""stripe_ctrl_alpha"",""dataset"":""exp7_stripe__nr100000__ns100000__a3_000ep00__g1"",""n_r"":100000,""n_s"":100000,""has_exact_k"":true,""k_target"":600000,""k_achieved"":600000,""alpha_target"":3,""alpha_achieved"":3,""notes"":""control_axis=1, core=[0.45,0.55], g=9.9999e-07, h=9e-06, delta=2.49998e-07, shuffle_strips=1, shuffle_r=0, k_overridden=0""}"
exp7_stripe__nr100000__ns100000__a3_000ep00__g1,stripe_ctrl_alpha,3,100000,100000,tsunami,adaptive,100000,0,1,1,5750.53,600000,1,1,0,0,enumerate_all,600000,"{""build_ms"":85.870613,""enumerate_prepare_ms"":0.000360,""run_build_ms"":85.871773,""run_pilot_enum_prepare_ms"":0.001550,""run_pilot_enum_scan_ms"":5663.477853,""run_small_join_sample_from_list_ms"":1.164157,""tsunami_build_ms"":85.869953,""tsunami_build_index_ms"":27.021743,""tsunami_build_points_ms"":0.255205,""tsunami_build_query_order_ms"":0.939651,""tsunami_build_rank_encoding_ms"":29.408255,""tsunami_build_workload_queries_ms"":28.239089}",,"{""dataset"":{""source"":""synthetic"",""name"":""exp7_stripe__nr100000__ns100000__a3_000ep00__g1"",""dim"":2,""path_r"":"""",""path_s"":"""",""synthetic"":{""generator"":""stripe_ctrl_alpha"",""n_r"":100000,""n_s"":100000,""alpha"":3,""seed"":1}},""run"":{""method"":""tsunami"",""variant"":""adaptive"",""t"":100000,""seed"":1,""repeats"":3,""j_star"":1000000,""enum_cap"":0,""write_samples"":false,""verify"":false},""output"":{""out_dir"":""/home/dhy/PhD/SIGMOD-EXP/EXP-4/run/temp/exp7/sampling_adaptive"",""run_tag"":""exp7_sampling_adaptive""},""sys"":{""threads"":1},""logging"":{""level"":""INFO"",""with_timestamp"":true,""with_thread_id"":false}}","{""generator"":""stripe_ctrl_alpha"",""dataset"":""exp7_stripe__nr100000__ns100000__a3_000ep00__g1"",""n_r"":100000,""n_s"":100000,""has_exact_k"":true,""k_target"":600000,""k_achieved"":600000,""alpha_target"":3,""alpha_achieved"":3,""notes"":""control_axis=1, core=[0.45,0.55], g=9.9999e-07, h=9e-06, delta=2.49998e-07, shuffle_strips=1, shuffle_r=0, k_overridden=0""}"
exp7_stripe__nr100000__ns100000__a3_000ep00__g1,stripe_ctrl_alpha,3,100000,100000,tsunami,adaptive,100000,1,2,1,5767.31,600000,1,1,0,0,enumerate_all,600000,"{""build_ms"":85.934921,""enumerate_prepare_ms"":0.000470,""run_build_ms"":85.935552,""run_pilot_enum_prepare_ms"":0.000980,""run_pilot_enum_scan_ms"":5680.194224,""run_small_join_sample_from_list_ms"":1.163407,""tsunami_build_ms"":85.934061,""tsunami_build_index_ms"":27.004684,""tsunami_build_points_ms"":0.266554,""tsunami_build_query_order_ms"":0.927312,""tsunami_build_rank_encoding_ms"":29.440504,""tsunami_build_workload_queries_ms"":28.290558}",,"{""dataset"":{""source"":""synthetic"",""name"":""exp7_stripe__nr100000__ns100000__a3_000ep00__g1"",""dim"":2,""path_r"":"""",""path_s"":"""",""synthetic"":{""generator"":""stripe_ctrl_alpha"",""n_r"":100000,""n_s"":100000,""alpha"":3,""seed"":1}},""run"":{""method"":""tsunami"",""variant"":""adaptive"",""t"":100000,""seed"":1,""repeats"":3,""j_star"":1000000,""enum_cap"":0,""write_samples"":false,""verify"":false},""output"":{""out_dir"":""/home/dhy/PhD/SIGMOD-EXP/EXP-4/run/temp/exp7/sampling_adaptive"",""run_tag"":""exp7_sampling_adaptive""},""sys"":{""threads"":1},""logging"":{""level"":""INFO"",""with_timestamp"":true,""with_thread_id"":false}}","{""generator"":""stripe_ctrl_alpha"",""dataset"":""exp7_stripe__nr100000__ns100000__a3_000ep00__g1"",""n_r"":100000,""n_s"":100000,""has_exact_k"":true,""k_target"":600000,""k_achieved"":600000,""alpha_target"":3,""alpha_achieved"":3,""notes"":""control_axis=1, core=[0.45,0.55], g=9.9999e-07, h=9e-06, delta=2.49998e-07, shuffle_strips=1, shuffle_r=0, k_overridden=0""}"
exp7_stripe__nr100000__ns100000__a3_000ep00__g1,stripe_ctrl_alpha,3,100000,100000,tsunami,adaptive,100000,2,3,1,5776.39,600000,1,1,0,0,enumerate_all,600000,"{""build_ms"":85.892842,""enumerate_prepare_ms"":0.000250,""run_build_ms"":85.893412,""run_pilot_enum_prepare_ms"":0.000770,""run_pilot_enum_scan_ms"":5689.319891,""run_small_join_sample_from_list_ms"":1.165247,""tsunami_build_ms"":85.892112,""tsunami_build_index_ms"":26.990734,""tsunami_build_points_ms"":0.282874,""tsunami_build_query_order_ms"":0.925961,""tsunami_build_rank_encoding_ms"":29.455494,""tsunami_build_workload_queries_ms"":28.232259}",,"{""dataset"":{""source"":""synthetic"",""name"":""exp7_stripe__nr100000__ns100000__a3_000ep00__g1"",""dim"":2,""path_r"":"""",""path_s"":"""",""synthetic"":{""generator"":""stripe_ctrl_alpha"",""n_r"":100000,""n_s"":100000,""alpha"":3,""seed"":1}},""run"":{""method"":""tsunami"",""variant"":""adaptive"",""t"":100000,""seed"":1,""repeats"":3,""j_star"":1000000,""enum_cap"":0,""write_samples"":false,""verify"":false},""output"":{""out_dir"":""/home/dhy/PhD/SIGMOD-EXP/EXP-4/run/temp/exp7/sampling_adaptive"",""run_tag"":""exp7_sampling_adaptive""},""sys"":{""threads"":1},""logging"":{""level"":""INFO"",""with_timestamp"":true,""with_thread_id"":false}}","{""generator"":""stripe_ctrl_alpha"",""dataset"":""exp7_stripe__nr100000__ns100000__a3_000ep00__g1"",""n_r"":100000,""n_s"":100000,""has_exact_k"":true,""k_target"":600000,""k_achieved"":600000,""alpha_target"":3,""alpha_achieved"":3,""notes"":""control_axis=1, core=[0.45,0.55], g=9.9999e-07, h=9e-06, delta=2.49998e-07, shuffle_strips=1, shuffle_r=0, k_overridden=0""}"
exp7_stripe__nr100000__ns100000__a5_000ep00__g1,stripe_ctrl_alpha,5,100000,100000,ours,sampling,100000,0,1,1,466.993,1e+06,1,0,0,0,,0,"{""build_active_indices_ms"":5.576097,""build_events_ms"":34.652859,""build_ranks_ms"":40.028510,""build_y_domain_ms"":13.873009,""phase1_count_ms"":223.025778,""phase2_plan_ms"":7.689505,""phase3_sample_ms"":141.604665,""run_build_ms"":94.630295,""run_count_ms"":223.030578,""run_sample_ms"":149.328529}",,"{""dataset"":{""source"":""synthetic"",""name"":""exp7_stripe__nr100000__ns100000__a5_000ep00__g1"",""dim"":2,""path_r"":"""",""path_s"":"""",""synthetic"":{""generator"":""stripe_ctrl_alpha"",""n_r"":100000,""n_s"":100000,""alpha"":5,""seed"":1}},""run"":{""method"":""ours"",""variant"":""sampling"",""t"":100000,""seed"":1,""repeats"":3,""j_star"":1000000,""enum_cap"":0,""write_samples"":false,""verify"":false},""output"":{""out_dir"":""/home/dhy/PhD/SIGMOD-EXP/EXP-4/run/temp/exp7/sampling_adaptive"",""run_tag"":""exp7_sampling_adaptive""},""sys"":{""threads"":1},""logging"":{""level"":""INFO"",""with_timestamp"":true,""with_thread_id"":false}}","{""generator"":""stripe_ctrl_alpha"",""dataset"":""exp7_stripe__nr100000__ns100000__a5_000ep00__g1"",""n_r"":100000,""n_s"":100000,""has_exact_k"":true,""k_target"":1000000,""k_achieved"":1000000,""alpha_target"":5,""alpha_achieved"":5,""notes"":""control_axis=1, core=[0.45,0.55], g=9.9999e-07, h=9e-06, delta=2.49998e-07, shuffle_strips=1, shuffle_r=0, k_overridden=0""}"
exp7_stripe__nr100000__ns100000__a5_000ep00__g1,stripe_ctrl_alpha,5,100000,100000,ours,sampling,100000,1,2,1,513.251,1e+06,1,0,0,0,,0,"{""build_active_indices_ms"":5.485209,""build_events_ms"":41.951422,""build_ranks_ms"":40.090689,""build_y_domain_ms"":13.890769,""phase1_count_ms"":219.710315,""phase2_plan_ms"":7.561657,""phase3_sample_ms"":141.282772,""run_build_ms"":101.910549,""run_count_ms"":219.714415,""run_sample_ms"":148.878158}",,"{""dataset"":{""source"":""synthetic"",""name"":""exp7_stripe__nr100000__ns100000__a5_000ep00__g1"",""dim"":2,""path_r"":"""",""path_s"":"""",""synthetic"":{""generator"":""stripe_ctrl_alpha"",""n_r"":100000,""n_s"":100000,""alpha"":5,""seed"":1}},""run"":{""method"":""ours"",""variant"":""sampling"",""t"":100000,""seed"":1,""repeats"":3,""j_star"":1000000,""enum_cap"":0,""write_samples"":false,""verify"":false},""output"":{""out_dir"":""/home/dhy/PhD/SIGMOD-EXP/EXP-4/run/temp/exp7/sampling_adaptive"",""run_tag"":""exp7_sampling_adaptive""},""sys"":{""threads"":1},""logging"":{""level"":""INFO"",""with_timestamp"":true,""with_thread_id"":false}}","{""generator"":""stripe_ctrl_alpha"",""dataset"":""exp7_stripe__nr100000__ns100000__a5_000ep00__g1"",""n_r"":100000,""n_s"":100000,""has_exact_k"":true,""k_target"":1000000,""k_achieved"":1000000,""alpha_target"":5,""alpha_achieved"":5,""notes"":""control_axis=1, core=[0.45,0.55], g=9.9999e-07, h=9e-06, delta=2.49998e-07, shuffle_strips=1, shuffle_r=0, k_overridden=0""}"
exp7_stripe__nr100000__ns100000__a5_000ep00__g1,stripe_ctrl_alpha,5,100000,100000,ours,sampling,100000,2,3,1,516.404,1e+06,1,0,0,0,,0,"{""build_active_indices_ms"":5.502359,""build_events_ms"":41.900663,""build_ranks_ms"":40.085560,""build_y_domain_ms"":13.870129,""phase1_count_ms"":222.569907,""phase2_plan_ms"":7.763143,""phase3_sample_ms"":141.419089,""run_build_ms"":101.851869,""run_count_ms"":222.573907,""run_sample_ms"":149.214662}",,"{""dataset"":{""source"":""synthetic"",""name"":""exp7_stripe__nr100000__ns100000__a5_000ep00__g1"",""dim"":2,""path_r"":"""",""path_s"":"""",""synthetic"":{""generator"":""stripe_ctrl_alpha"",""n_r"":100000,""n_s"":100000,""alpha"":5,""seed"":1}},""run"":{""method"":""ours"",""variant"":""sampling"",""t"":100000,""seed"":1,""repeats"":3,""j_star"":1000000,""enum_cap"":0,""write_samples"":false,""verify"":false},""output"":{""out_dir"":""/home/dhy/PhD/SIGMOD-EXP/EXP-4/run/temp/exp7/sampling_adaptive"",""run_tag"":""exp7_sampling_adaptive""},""sys"":{""threads"":1},""logging"":{""level"":""INFO"",""with_timestamp"":true,""with_thread_id"":false}}","{""generator"":""stripe_ctrl_alpha"",""dataset"":""exp7_stripe__nr100000__ns100000__a5_000ep00__g1"",""n_r"":100000,""n_s"":100000,""has_exact_k"":true,""k_target"":1000000,""k_achieved"":1000000,""alpha_target"":5,""alpha_achieved"":5,""notes"":""control_axis=1, core=[0.45,0.55], g=9.9999e-07, h=9e-06, delta=2.49998e-07, shuffle_strips=1, shuffle_r=0, k_overridden=0""}"
exp7_stripe__nr100000__ns100000__a5_000ep00__g1,stripe_ctrl_alpha,5,100000,100000,ours,adaptive,100000,0,1,1,332.826,1e+06,1,1,0,0,enumerate_all,1000000,"{""build_active_indices_ms"":5.584857,""build_events_ms"":34.738727,""build_ranks_ms"":40.166617,""build_y_domain_ms"":13.908119,""run_build_ms"":94.894220,""run_pilot_enum_prepare_ms"":1.545349,""run_pilot_enum_scan_ms"":235.162353,""run_small_join_sample_from_list_ms"":1.211246}",,"{""dataset"":{""source"":""synthetic"",""name"":""exp7_stripe__nr100000__ns100000__a5_000ep00__g1"",""dim"":2,""path_r"":"""",""path_s"":"""",""synthetic"":{""generator"":""stripe_ctrl_alpha"",""n_r"":100000,""n_s"":100000,""alpha"":5,""seed"":1}},""run"":{""method"":""ours"",""variant"":""adaptive"",""t"":100000,""seed"":1,""repeats"":3,""j_star"":1000000,""enum_cap"":0,""write_samples"":false,""verify"":false},""output"":{""out_dir"":""/home/dhy/PhD/SIGMOD-EXP/EXP-4/run/temp/exp7/sampling_adaptive"",""run_tag"":""exp7_sampling_adaptive""},""sys"":{""threads"":1},""logging"":{""level"":""INFO"",""with_timestamp"":true,""with_thread_id"":false}}","{""generator"":""stripe_ctrl_alpha"",""dataset"":""exp7_stripe__nr100000__ns100000__a5_000ep00__g1"",""n_r"":100000,""n_s"":100000,""has_exact_k"":true,""k_target"":1000000,""k_achieved"":1000000,""alpha_target"":5,""alpha_achieved"":5,""notes"":""control_axis=1, core=[0.45,0.55], g=9.9999e-07, h=9e-06, delta=2.49998e-07, shuffle_strips=1, shuffle_r=0, k_overridden=0""}"
exp7_stripe__nr100000__ns100000__a5_000ep00__g1,stripe_ctrl_alpha,5,100000,100000,ours,adaptive,100000,1,2,1,386.378,1e+06,1,1,0,0,enumerate_all,1000000,"{""build_active_indices_ms"":5.480090,""build_events_ms"":41.960051,""build_ranks_ms"":40.156947,""build_y_domain_ms"":13.875549,""run_build_ms"":101.970887,""run_pilot_enum_prepare_ms"":1.527719,""run_pilot_enum_scan_ms"":238.766120,""run_small_join_sample_from_list_ms"":1.178126}",,"{""dataset"":{""source"":""synthetic"",""name"":""exp7_stripe__nr100000__ns100000__a5_000ep00__g1"",""dim"":2,""path_r"":"""",""path_s"":"""",""synthetic"":{""generator"":""stripe_ctrl_alpha"",""n_r"":100000,""n_s"":100000,""alpha"":5,""seed"":1}},""run"":{""method"":""ours"",""variant"":""adaptive"",""t"":100000,""seed"":1,""repeats"":3,""j_star"":1000000,""enum_cap"":0,""write_samples"":false,""verify"":false},""output"":{""out_dir"":""/home/dhy/PhD/SIGMOD-EXP/EXP-4/run/temp/exp7/sampling_adaptive"",""run_tag"":""exp7_sampling_adaptive""},""sys"":{""threads"":1},""logging"":{""level"":""INFO"",""with_timestamp"":true,""with_thread_id"":false}}","{""generator"":""stripe_ctrl_alpha"",""dataset"":""exp7_stripe__nr100000__ns100000__a5_000ep00__g1"",""n_r"":100000,""n_s"":100000,""has_exact_k"":true,""k_target"":1000000,""k_achieved"":1000000,""alpha_target"":5,""alpha_achieved"":5,""notes"":""control_axis=1, core=[0.45,0.55], g=9.9999e-07, h=9e-06, delta=2.49998e-07, shuffle_strips=1, shuffle_r=0, k_overridden=0""}"
exp7_stripe__nr100000__ns100000__a5_000ep00__g1,stripe_ctrl_alpha,5,100000,100000,ours,adaptive,100000,2,3,1,383.799,1e+06,1,1,0,0,enumerate_all,1000000,"{""build_active_indices_ms"":5.485629,""build_events_ms"":41.894372,""build_ranks_ms"":40.203407,""build_y_domain_ms"":13.905109,""run_build_ms"":101.981457,""run_pilot_enum_prepare_ms"":1.527199,""run_pilot_enum_scan_ms"":236.186262,""run_small_join_sample_from_list_ms"":1.200176}",,"{""dataset"":{""source"":""synthetic"",""name"":""exp7_stripe__nr100000__ns100000__a5_000ep00__g1"",""dim"":2,""path_r"":"""",""path_s"":"""",""synthetic"":{""generator"":""stripe_ctrl_alpha"",""n_r"":100000,""n_s"":100000,""alpha"":5,""seed"":1}},""run"":{""method"":""ours"",""variant"":""adaptive"",""t"":100000,""seed"":1,""repeats"":3,""j_star"":1000000,""enum_cap"":0,""write_samples"":false,""verify"":false},""output"":{""out_dir"":""/home/dhy/PhD/SIGMOD-EXP/EXP-4/run/temp/exp7/sampling_adaptive"",""run_tag"":""exp7_sampling_adaptive""},""sys"":{""threads"":1},""logging"":{""level"":""INFO"",""with_timestamp"":true,""with_thread_id"":false}}","{""generator"":""stripe_ctrl_alpha"",""dataset"":""exp7_stripe__nr100000__ns100000__a5_000ep00__g1"",""n_r"":100000,""n_s"":100000,""has_exact_k"":true,""k_target"":1000000,""k_achieved"":1000000,""alpha_target"":5,""alpha_achieved"":5,""notes"":""control_axis=1, core=[0.45,0.55], g=9.9999e-07, h=9e-06, delta=2.49998e-07, shuffle_strips=1, shuffle_r=0, k_overridden=0""}"
exp7_stripe__nr100000__ns100000__a5_000ep00__g1,stripe_ctrl_alpha,5,100000,100000,aabb,sampling,100000,0,1,1,1255.54,1e+06,1,0,0,0,,0,"{""build_ms"":35.333905,""phase1_count_ms"":777.293996,""phase2_assign_ms"":9.098296,""phase3_sample_ms"":433.786205,""run_build_ms"":35.335505,""run_count_ms"":777.296676,""run_sample_ms"":442.908251}",,"{""dataset"":{""source"":""synthetic"",""name"":""exp7_stripe__nr100000__ns100000__a5_000ep00__g1"",""dim"":2,""path_r"":"""",""path_s"":"""",""synthetic"":{""generator"":""stripe_ctrl_alpha"",""n_r"":100000,""n_s"":100000,""alpha"":5,""seed"":1}},""run"":{""method"":""aabb"",""variant"":""sampling"",""t"":100000,""seed"":1,""repeats"":3,""j_star"":1000000,""enum_cap"":0,""write_samples"":false,""verify"":false},""output"":{""out_dir"":""/home/dhy/PhD/SIGMOD-EXP/EXP-4/run/temp/exp7/sampling_adaptive"",""run_tag"":""exp7_sampling_adaptive""},""sys"":{""threads"":1},""logging"":{""level"":""INFO"",""with_timestamp"":true,""with_thread_id"":false}}","{""generator"":""stripe_ctrl_alpha"",""dataset"":""exp7_stripe__nr100000__ns100000__a5_000ep00__g1"",""n_r"":100000,""n_s"":100000,""has_exact_k"":true,""k_target"":1000000,""k_achieved"":1000000,""alpha_target"":5,""alpha_achieved"":5,""notes"":""control_axis=1, core=[0.45,0.55], g=9.9999e-07, h=9e-06, delta=2.49998e-07, shuffle_strips=1, shuffle_r=0, k_overridden=0""}"
exp7_stripe__nr100000__ns100000__a5_000ep00__g1,stripe_ctrl_alpha,5,100000,100000,aabb,sampling,100000,1,2,1,1257.59,1e+06,1,0,0,0,,0,"{""build_ms"":35.283116,""phase1_count_ms"":777.576300,""phase2_assign_ms"":9.147115,""phase3_sample_ms"":435.557330,""run_build_ms"":35.284196,""run_count_ms"":777.578630,""run_sample_ms"":444.726705}",,"{""dataset"":{""source"":""synthetic"",""name"":""exp7_stripe__nr100000__ns100000__a5_000ep00__g1"",""dim"":2,""path_r"":"""",""path_s"":"""",""synthetic"":{""generator"":""stripe_ctrl_alpha"",""n_r"":100000,""n_s"":100000,""alpha"":5,""seed"":1}},""run"":{""method"":""aabb"",""variant"":""sampling"",""t"":100000,""seed"":1,""repeats"":3,""j_star"":1000000,""enum_cap"":0,""write_samples"":false,""verify"":false},""output"":{""out_dir"":""/home/dhy/PhD/SIGMOD-EXP/EXP-4/run/temp/exp7/sampling_adaptive"",""run_tag"":""exp7_sampling_adaptive""},""sys"":{""threads"":1},""logging"":{""level"":""INFO"",""with_timestamp"":true,""with_thread_id"":false}}","{""generator"":""stripe_ctrl_alpha"",""dataset"":""exp7_stripe__nr100000__ns100000__a5_000ep00__g1"",""n_r"":100000,""n_s"":100000,""has_exact_k"":true,""k_target"":1000000,""k_achieved"":1000000,""alpha_target"":5,""alpha_achieved"":5,""notes"":""control_axis=1, core=[0.45,0.55], g=9.9999e-07, h=9e-06, delta=2.49998e-07, shuffle_strips=1, shuffle_r=0, k_overridden=0""}"
exp7_stripe__nr100000__ns100000__a5_000ep00__g1,stripe_ctrl_alpha,5,100000,100000,aabb,sampling,100000,2,3,1,1256.51,1e+06,1,0,0,0,,0,"{""build_ms"":35.321675,""phase1_count_ms"":775.727158,""phase2_assign_ms"":9.021498,""phase3_sample_ms"":436.406691,""run_build_ms"":35.322966,""run_count_ms"":775.730168,""run_sample_ms"":445.450839}",,"{""dataset"":{""source"":""synthetic"",""name"":""exp7_stripe__nr100000__ns100000__a5_000ep00__g1"",""dim"":2,""path_r"":"""",""path_s"":"""",""synthetic"":{""generator"":""stripe_ctrl_alpha"",""n_r"":100000,""n_s"":100000,""alpha"":5,""seed"":1}},""run"":{""method"":""aabb"",""variant"":""sampling"",""t"":100000,""seed"":1,""repeats"":3,""j_star"":1000000,""enum_cap"":0,""write_samples"":false,""verify"":false},""output"":{""out_dir"":""/home/dhy/PhD/SIGMOD-EXP/EXP-4/run/temp/exp7/sampling_adaptive"",""run_tag"":""exp7_sampling_adaptive""},""sys"":{""threads"":1},""logging"":{""level"":""INFO"",""with_timestamp"":true,""with_thread_id"":false}}","{""generator"":""stripe_ctrl_alpha"",""dataset"":""exp7_stripe__nr100000__ns100000__a5_000ep00__g1"",""n_r"":100000,""n_s"":100000,""has_exact_k"":true,""k_target"":1000000,""k_achieved"":1000000,""alpha_target"":5,""alpha_achieved"":5,""notes"":""control_axis=1, core=[0.45,0.55], g=9.9999e-07, h=9e-06, delta=2.49998e-07, shuffle_strips=1, shuffle_r=0, k_overridden=0""}"
exp7_stripe__nr100000__ns100000__a5_000ep00__g1,stripe_ctrl_alpha,5,100000,100000,aabb,adaptive,100000,0,1,1,1033.94,1e+06,1,1,0,0,enumerate_all,1000000,"{""build_ms"":35.333935,""enumerate_prepare_ms"":34.736628,""run_build_ms"":35.335745,""run_pilot_enum_prepare_ms"":34.739707,""run_pilot_enum_scan_ms"":962.588630,""run_small_join_sample_from_list_ms"":1.261664}",,"{""dataset"":{""source"":""synthetic"",""name"":""exp7_stripe__nr100000__ns100000__a5_000ep00__g1"",""dim"":2,""path_r"":"""",""path_s"":"""",""synthetic"":{""generator"":""stripe_ctrl_alpha"",""n_r"":100000,""n_s"":100000,""alpha"":5,""seed"":1}},""run"":{""method"":""aabb"",""variant"":""adaptive"",""t"":100000,""seed"":1,""repeats"":3,""j_star"":1000000,""enum_cap"":0,""write_samples"":false,""verify"":false},""output"":{""out_dir"":""/home/dhy/PhD/SIGMOD-EXP/EXP-4/run/temp/exp7/sampling_adaptive"",""run_tag"":""exp7_sampling_adaptive""},""sys"":{""threads"":1},""logging"":{""level"":""INFO"",""with_timestamp"":true,""with_thread_id"":false}}","{""generator"":""stripe_ctrl_alpha"",""dataset"":""exp7_stripe__nr100000__ns100000__a5_000ep00__g1"",""n_r"":100000,""n_s"":100000,""has_exact_k"":true,""k_target"":1000000,""k_achieved"":1000000,""alpha_target"":5,""alpha_achieved"":5,""notes"":""control_axis=1, core=[0.45,0.55], g=9.9999e-07, h=9e-06, delta=2.49998e-07, shuffle_strips=1, shuffle_r=0, k_overridden=0""}"
exp7_stripe__nr100000__ns100000__a5_000ep00__g1,stripe_ctrl_alpha,5,100000,100000,aabb,adaptive,100000,1,2,1,1045.91,1e+06,1,1,0,0,enumerate_all,1000000,"{""build_ms"":35.292366,""enumerate_prepare_ms"":34.834315,""run_build_ms"":35.293956,""run_pilot_enum_prepare_ms"":34.836845,""run_pilot_enum_scan_ms"":974.493718,""run_small_join_sample_from_list_ms"":1.269665}",,"{""dataset"":{""source"":""synthetic"",""name"":""exp7_stripe__nr100000__ns100000__a5_000ep00__g1"",""dim"":2,""path_r"":"""",""path_s"":"""",""synthetic"":{""generator"":""stripe_ctrl_alpha"",""n_r"":100000,""n_s"":100000,""alpha"":5,""seed"":1}},""run"":{""method"":""aabb"",""variant"":""adaptive"",""t"":100000,""seed"":1,""repeats"":3,""j_star"":1000000,""enum_cap"":0,""write_samples"":false,""verify"":false},""output"":{""out_dir"":""/home/dhy/PhD/SIGMOD-EXP/EXP-4/run/temp/exp7/sampling_adaptive"",""run_tag"":""exp7_sampling_adaptive""},""sys"":{""threads"":1},""logging"":{""level"":""INFO"",""with_timestamp"":true,""with_thread_id"":false}}","{""generator"":""stripe_ctrl_alpha"",""dataset"":""exp7_stripe__nr100000__ns100000__a5_000ep00__g1"",""n_r"":100000,""n_s"":100000,""has_exact_k"":true,""k_target"":1000000,""k_achieved"":1000000,""alpha_target"":5,""alpha_achieved"":5,""notes"":""control_axis=1, core=[0.45,0.55], g=9.9999e-07, h=9e-06, delta=2.49998e-07, shuffle_strips=1, shuffle_r=0, k_overridden=0""}"
exp7_stripe__nr100000__ns100000__a5_000ep00__g1,stripe_ctrl_alpha,5,100000,100000,aabb,adaptive,100000,2,3,1,1037.23,1e+06,1,1,0,0,enumerate_all,1000000,"{""build_ms"":35.298486,""enumerate_prepare_ms"":34.828286,""run_build_ms"":35.300266,""run_pilot_enum_prepare_ms"":34.830935,""run_pilot_enum_scan_ms"":965.808544,""run_small_join_sample_from_list_ms"":1.272994}",,"{""dataset"":{""source"":""synthetic"",""name"":""exp7_stripe__nr100000__ns100000__a5_000ep00__g1"",""dim"":2,""path_r"":"""",""path_s"":"""",""synthetic"":{""generator"":""stripe_ctrl_alpha"",""n_r"":100000,""n_s"":100000,""alpha"":5,""seed"":1}},""run"":{""method"":""aabb"",""variant"":""adaptive"",""t"":100000,""seed"":1,""repeats"":3,""j_star"":1000000,""enum_cap"":0,""write_samples"":false,""verify"":false},""output"":{""out_dir"":""/home/dhy/PhD/SIGMOD-EXP/EXP-4/run/temp/exp7/sampling_adaptive"",""run_tag"":""exp7_sampling_adaptive""},""sys"":{""threads"":1},""logging"":{""level"":""INFO"",""with_timestamp"":true,""with_thread_id"":false}}","{""generator"":""stripe_ctrl_alpha"",""dataset"":""exp7_stripe__nr100000__ns100000__a5_000ep00__g1"",""n_r"":100000,""n_s"":100000,""has_exact_k"":true,""k_target"":1000000,""k_achieved"":1000000,""alpha_target"":5,""alpha_achieved"":5,""notes"":""control_axis=1, core=[0.45,0.55], g=9.9999e-07, h=9e-06, delta=2.49998e-07, shuffle_strips=1, shuffle_r=0, k_overridden=0""}"
exp7_stripe__nr100000__ns100000__a5_000ep00__g1,stripe_ctrl_alpha,5,100000,100000,interval_tree,sampling,100000,0,1,1,803.129,1e+06,1,0,0,0,,0,"{""build_ms"":132.754055,""build_active_ms"":23.547474,""build_events_ms"":37.997661,""build_start_ids_ms"":0.365023,""build_y_endpoints_ms"":26.691951,""build_y_indices_ms"":44.144197,""phase1_count_ms"":395.041949,""phase2_slots_ms"":5.486049,""phase3_resweep_ms"":269.806923,""run_build_ms"":132.755095,""run_count_ms"":395.045519,""run_sample_ms"":275.324971}",,"{""dataset"":{""source"":""synthetic"",""name"":""exp7_stripe__nr100000__ns100000__a5_000ep00__g1"",""dim"":2,""path_r"":"""",""path_s"":"""",""synthetic"":{""generator"":""stripe_ctrl_alpha"",""n_r"":100000,""n_s"":100000,""alpha"":5,""seed"":1}},""run"":{""method"":""interval_tree"",""variant"":""sampling"",""t"":100000,""seed"":1,""repeats"":3,""j_star"":1000000,""enum_cap"":0,""write_samples"":false,""verify"":false},""output"":{""out_dir"":""/home/dhy/PhD/SIGMOD-EXP/EXP-4/run/temp/exp7/sampling_adaptive"",""run_tag"":""exp7_sampling_adaptive""},""sys"":{""threads"":1},""logging"":{""level"":""INFO"",""with_timestamp"":true,""with_thread_id"":false}}","{""generator"":""stripe_ctrl_alpha"",""dataset"":""exp7_stripe__nr100000__ns100000__a5_000ep00__g1"",""n_r"":100000,""n_s"":100000,""has_exact_k"":true,""k_target"":1000000,""k_achieved"":1000000,""alpha_target"":5,""alpha_achieved"":5,""notes"":""control_axis=1, core=[0.45,0.55], g=9.9999e-07, h=9e-06, delta=2.49998e-07, shuffle_strips=1, shuffle_r=0, k_overridden=0""}"
exp7_stripe__nr100000__ns100000__a5_000ep00__g1,stripe_ctrl_alpha,5,100000,100000,interval_tree,sampling,100000,1,2,1,833.561,1e+06,1,0,0,0,,0,"{""build_ms"":136.812982,""build_active_ms"":23.450685,""build_events_ms"":42.142637,""build_start_ids_ms"":0.351993,""build_y_endpoints_ms"":26.666741,""build_y_indices_ms"":44.193696,""phase1_count_ms"":392.093210,""phase2_slots_ms"":5.613666,""phase3_resweep_ms"":266.061718,""run_build_ms"":136.813922,""run_count_ms"":392.096940,""run_sample_ms"":271.708534}",,"{""dataset"":{""source"":""synthetic"",""name"":""exp7_stripe__nr100000__ns100000__a5_000ep00__g1"",""dim"":2,""path_r"":"""",""path_s"":"""",""synthetic"":{""generator"":""stripe_ctrl_alpha"",""n_r"":100000,""n_s"":100000,""alpha"":5,""seed"":1}},""run"":{""method"":""interval_tree"",""variant"":""sampling"",""t"":100000,""seed"":1,""repeats"":3,""j_star"":1000000,""enum_cap"":0,""write_samples"":false,""verify"":false},""output"":{""out_dir"":""/home/dhy/PhD/SIGMOD-EXP/EXP-4/run/temp/exp7/sampling_adaptive"",""run_tag"":""exp7_sampling_adaptive""},""sys"":{""threads"":1},""logging"":{""level"":""INFO"",""with_timestamp"":true,""with_thread_id"":false}}","{""generator"":""stripe_ctrl_alpha"",""dataset"":""exp7_stripe__nr100000__ns100000__a5_000ep00__g1"",""n_r"":100000,""n_s"":100000,""has_exact_k"":true,""k_target"":1000000,""k_achieved"":1000000,""alpha_target"":5,""alpha_achieved"":5,""notes"":""control_axis=1, core=[0.45,0.55], g=9.9999e-07, h=9e-06, delta=2.49998e-07, shuffle_strips=1, shuffle_r=0, k_overridden=0""}"
exp7_stripe__nr100000__ns100000__a5_000ep00__g1,stripe_ctrl_alpha,5,100000,100000,interval_tree,sampling,100000,2,3,1,846.142,1e+06,1,0,0,0,,0,"{""build_ms"":136.989669,""build_active_ms"":23.522204,""build_events_ms"":42.202346,""build_start_ids_ms"":0.370683,""build_y_endpoints_ms"":26.674420,""build_y_indices_ms"":44.213936,""phase1_count_ms"":396.597378,""phase2_slots_ms"":5.472479,""phase3_resweep_ms"":268.449470,""run_build_ms"":136.990469,""run_count_ms"":396.603268,""run_sample_ms"":273.954499}",,"{""dataset"":{""source"":""synthetic"",""name"":""exp7_stripe__nr100000__ns100000__a5_000ep00__g1"",""dim"":2,""path_r"":"""",""path_s"":"""",""synthetic"":{""generator"":""stripe_ctrl_alpha"",""n_r"":100000,""n_s"":100000,""alpha"":5,""seed"":1}},""run"":{""method"":""interval_tree"",""variant"":""sampling"",""t"":100000,""seed"":1,""repeats"":3,""j_star"":1000000,""enum_cap"":0,""write_samples"":false,""verify"":false},""output"":{""out_dir"":""/home/dhy/PhD/SIGMOD-EXP/EXP-4/run/temp/exp7/sampling_adaptive"",""run_tag"":""exp7_sampling_adaptive""},""sys"":{""threads"":1},""logging"":{""level"":""INFO"",""with_timestamp"":true,""with_thread_id"":false}}","{""generator"":""stripe_ctrl_alpha"",""dataset"":""exp7_stripe__nr100000__ns100000__a5_000ep00__g1"",""n_r"":100000,""n_s"":100000,""has_exact_k"":true,""k_target"":1000000,""k_achieved"":1000000,""alpha_target"":5,""alpha_achieved"":5,""notes"":""control_axis=1, core=[0.45,0.55], g=9.9999e-07, h=9e-06, delta=2.49998e-07, shuffle_strips=1, shuffle_r=0, k_overridden=0""}"
exp7_stripe__nr100000__ns100000__a5_000ep00__g1,stripe_ctrl_alpha,5,100000,100000,interval_tree,adaptive,100000,0,1,1,732.587,1e+06,1,1,0,0,enumerate_all,1000000,"{""build_ms"":136.068438,""build_active_ms"":26.204960,""build_events_ms"":37.945932,""build_start_ids_ms"":0.359413,""build_y_endpoints_ms"":26.804898,""build_y_indices_ms"":44.745484,""enumerate_prepare_ms"":151.396998,""run_build_ms"":136.069238,""run_pilot_enum_prepare_ms"":151.399188,""run_pilot_enum_scan_ms"":403.903810,""run_small_join_sample_from_list_ms"":1.438211}",,"{""dataset"":{""source"":""synthetic"",""name"":""exp7_stripe__nr100000__ns100000__a5_000ep00__g1"",""dim"":2,""path_r"":"""",""path_s"":"""",""synthetic"":{""generator"":""stripe_ctrl_alpha"",""n_r"":100000,""n_s"":100000,""alpha"":5,""seed"":1}},""run"":{""method"":""interval_tree"",""variant"":""adaptive"",""t"":100000,""seed"":1,""repeats"":3,""j_star"":1000000,""enum_cap"":0,""write_samples"":false,""verify"":false},""output"":{""out_dir"":""/home/dhy/PhD/SIGMOD-EXP/EXP-4/run/temp/exp7/sampling_adaptive"",""run_tag"":""exp7_sampling_adaptive""},""sys"":{""threads"":1},""logging"":{""level"":""INFO"",""with_timestamp"":true,""with_thread_id"":false}}","{""generator"":""stripe_ctrl_alpha"",""dataset"":""exp7_stripe__nr100000__ns100000__a5_000ep00__g1"",""n_r"":100000,""n_s"":100000,""has_exact_k"":true,""k_target"":1000000,""k_achieved"":1000000,""alpha_target"":5,""alpha_achieved"":5,""notes"":""control_axis=1, core=[0.45,0.55], g=9.9999e-07, h=9e-06, delta=2.49998e-07, shuffle_strips=1, shuffle_r=0, k_overridden=0""}"
exp7_stripe__nr100000__ns100000__a5_000ep00__g1,stripe_ctrl_alpha,5,100000,100000,interval_tree,adaptive,100000,1,2,1,727.993,1e+06,1,1,0,0,enumerate_all,1000000,"{""build_ms"":133.551868,""build_active_ms"":23.522144,""build_events_ms"":38.059359,""build_start_ids_ms"":0.356912,""build_y_endpoints_ms"":26.794978,""build_y_indices_ms"":44.810483,""enumerate_prepare_ms"":142.140796,""run_build_ms"":133.552968,""run_pilot_enum_prepare_ms"":142.143605,""run_pilot_enum_scan_ms"":410.212062,""run_small_join_sample_from_list_ms"":1.273384}",,"{""dataset"":{""source"":""synthetic"",""name"":""exp7_stripe__nr100000__ns100000__a5_000ep00__g1"",""dim"":2,""path_r"":"""",""path_s"":"""",""synthetic"":{""generator"":""stripe_ctrl_alpha"",""n_r"":100000,""n_s"":100000,""alpha"":5,""seed"":1}},""run"":{""method"":""interval_tree"",""variant"":""adaptive"",""t"":100000,""seed"":1,""repeats"":3,""j_star"":1000000,""enum_cap"":0,""write_samples"":false,""verify"":false},""output"":{""out_dir"":""/home/dhy/PhD/SIGMOD-EXP/EXP-4/run/temp/exp7/sampling_adaptive"",""run_tag"":""exp7_sampling_adaptive""},""sys"":{""threads"":1},""logging"":{""level"":""INFO"",""with_timestamp"":true,""with_thread_id"":false}}","{""generator"":""stripe_ctrl_alpha"",""dataset"":""exp7_stripe__nr100000__ns100000__a5_000ep00__g1"",""n_r"":100000,""n_s"":100000,""has_exact_k"":true,""k_target"":1000000,""k_achieved"":1000000,""alpha_target"":5,""alpha_achieved"":5,""notes"":""control_axis=1, core=[0.45,0.55], g=9.9999e-07, h=9e-06, delta=2.49998e-07, shuffle_strips=1, shuffle_r=0, k_overridden=0""}"
exp7_stripe__nr100000__ns100000__a5_000ep00__g1,stripe_ctrl_alpha,5,100000,100000,interval_tree,adaptive,100000,2,3,1,719.023,1e+06,1,1,0,0,enumerate_all,1000000,"{""build_ms"":133.678446,""build_active_ms"":23.523854,""build_events_ms"":38.105589,""build_start_ids_ms"":0.355353,""build_y_endpoints_ms"":26.810457,""build_y_indices_ms"":44.874893,""enumerate_prepare_ms"":141.901320,""run_build_ms"":133.679396,""run_pilot_enum_prepare_ms"":141.904259,""run_pilot_enum_scan_ms"":396.631488,""run_small_join_sample_from_list_ms"":1.271524}",,"{""dataset"":{""source"":""synthetic"",""name"":""exp7_stripe__nr100000__ns100000__a5_000ep00__g1"",""dim"":2,""path_r"":"""",""path_s"":"""",""synthetic"":{""generator"":""stripe_ctrl_alpha"",""n_r"":100000,""n_s"":100000,""alpha"":5,""seed"":1}},""run"":{""method"":""interval_tree"",""variant"":""adaptive"",""t"":100000,""seed"":1,""repeats"":3,""j_star"":1000000,""enum_cap"":0,""write_samples"":false,""verify"":false},""output"":{""out_dir"":""/home/dhy/PhD/SIGMOD-EXP/EXP-4/run/temp/exp7/sampling_adaptive"",""run_tag"":""exp7_sampling_adaptive""},""sys"":{""threads"":1},""logging"":{""level"":""INFO"",""with_timestamp"":true,""with_thread_id"":false}}","{""generator"":""stripe_ctrl_alpha"",""dataset"":""exp7_stripe__nr100000__ns100000__a5_000ep00__g1"",""n_r"":100000,""n_s"":100000,""has_exact_k"":true,""k_target"":1000000,""k_achieved"":1000000,""alpha_target"":5,""alpha_achieved"":5,""notes"":""control_axis=1, core=[0.45,0.55], g=9.9999e-07, h=9e-06, delta=2.49998e-07, shuffle_strips=1, shuffle_r=0, k_overridden=0""}"
exp7_stripe__nr100000__ns100000__a5_000ep00__g1,stripe_ctrl_alpha,5,100000,100000,kd_tree,sampling,100000,0,1,1,396.353,1e+06,1,0,0,0,,0,"{""build_ms"":95.539148,""build_events_ms"":34.724808,""build_kdtrees_ms"":28.087662,""build_rank_arrays_ms"":32.391915,""build_start_index_ms"":0.291344,""phase1_count_ms"":203.781349,""phase2_alias_ms"":97.007708,""phase3_sweep_ms"":87.936422,""run_build_ms"":95.539938,""run_count_ms"":203.784939,""run_sample_ms"":97.009078}",,"{""dataset"":{""source"":""synthetic"",""name"":""exp7_stripe__nr100000__ns100000__a5_000ep00__g1"",""dim"":2,""path_r"":"""",""path_s"":"""",""synthetic"":{""generator"":""stripe_ctrl_alpha"",""n_r"":100000,""n_s"":100000,""alpha"":5,""seed"":1}},""run"":{""method"":""kd_tree"",""variant"":""sampling"",""t"":100000,""seed"":1,""repeats"":3,""j_star"":1000000,""enum_cap"":0,""write_samples"":false,""verify"":false},""output"":{""out_dir"":""/home/dhy/PhD/SIGMOD-EXP/EXP-4/run/temp/exp7/sampling_adaptive"",""run_tag"":""exp7_sampling_adaptive""},""sys"":{""threads"":1},""logging"":{""level"":""INFO"",""with_timestamp"":true,""with_thread_id"":false}}","{""generator"":""stripe_ctrl_alpha"",""dataset"":""exp7_stripe__nr100000__ns100000__a5_000ep00__g1"",""n_r"":100000,""n_s"":100000,""has_exact_k"":true,""k_target"":1000000,""k_achieved"":1000000,""alpha_target"":5,""alpha_achieved"":5,""notes"":""control_axis=1, core=[0.45,0.55], g=9.9999e-07, h=9e-06, delta=2.49998e-07, shuffle_strips=1, shuffle_r=0, k_overridden=0""}"
exp7_stripe__nr100000__ns100000__a5_000ep00__g1,stripe_ctrl_alpha,5,100000,100000,kd_tree,sampling,100000,1,2,1,393.324,1e+06,1,0,0,0,,0,"{""build_ms"":95.614256,""build_events_ms"":34.753637,""build_kdtrees_ms"":28.117711,""build_rank_arrays_ms"":32.385446,""build_start_index_ms"":0.310273,""phase1_count_ms"":200.658732,""phase2_alias_ms"":97.029747,""phase3_sweep_ms"":87.907042,""run_build_ms"":95.615116,""run_count_ms"":200.661831,""run_sample_ms"":97.030777}",,"{""dataset"":{""source"":""synthetic"",""name"":""exp7_stripe__nr100000__ns100000__a5_000ep00__g1"",""dim"":2,""path_r"":"""",""path_s"":"""",""synthetic"":{""generator"":""stripe_ctrl_alpha"",""n_r"":100000,""n_s"":100000,""alpha"":5,""seed"":1}},""run"":{""method"":""kd_tree"",""variant"":""sampling"",""t"":100000,""seed"":1,""repeats"":3,""j_star"":1000000,""enum_cap"":0,""write_samples"":false,""verify"":false},""output"":{""out_dir"":""/home/dhy/PhD/SIGMOD-EXP/EXP-4/run/temp/exp7/sampling_adaptive"",""run_tag"":""exp7_sampling_adaptive""},""sys"":{""threads"":1},""logging"":{""level"":""INFO"",""with_timestamp"":true,""with_thread_id"":false}}","{""generator"":""stripe_ctrl_alpha"",""dataset"":""exp7_stripe__nr100000__ns100000__a5_000ep00__g1"",""n_r"":100000,""n_s"":100000,""has_exact_k"":true,""k_target"":1000000,""k_achieved"":1000000,""alpha_target"":5,""alpha_achieved"":5,""notes"":""control_axis=1, core=[0.45,0.55], g=9.9999e-07, h=9e-06, delta=2.49998e-07, shuffle_strips=1, shuffle_r=0, k_overridden=0""}"
exp7_stripe__nr100000__ns100000__a5_000ep00__g1,stripe_ctrl_alpha,5,100000,100000,kd_tree,sampling,100000,2,3,1,396.834,1e+06,1,0,0,0,,0,"{""build_ms"":95.561977,""build_events_ms"":34.713028,""build_kdtrees_ms"":28.129711,""build_rank_arrays_ms"":32.364775,""build_start_index_ms"":0.308184,""phase1_count_ms"":204.414506,""phase2_alias_ms"":96.841931,""phase3_sweep_ms"":87.855853,""run_build_ms"":95.562797,""run_count_ms"":204.417065,""run_sample_ms"":96.842981}",,"{""dataset"":{""source"":""synthetic"",""name"":""exp7_stripe__nr100000__ns100000__a5_000ep00__g1"",""dim"":2,""path_r"":"""",""path_s"":"""",""synthetic"":{""generator"":""stripe_ctrl_alpha"",""n_r"":100000,""n_s"":100000,""alpha"":5,""seed"":1}},""run"":{""method"":""kd_tree"",""variant"":""sampling"",""t"":100000,""seed"":1,""repeats"":3,""j_star"":1000000,""enum_cap"":0,""write_samples"":false,""verify"":false},""output"":{""out_dir"":""/home/dhy/PhD/SIGMOD-EXP/EXP-4/run/temp/exp7/sampling_adaptive"",""run_tag"":""exp7_sampling_adaptive""},""sys"":{""threads"":1},""logging"":{""level"":""INFO"",""with_timestamp"":true,""with_thread_id"":false}}","{""generator"":""stripe_ctrl_alpha"",""dataset"":""exp7_stripe__nr100000__ns100000__a5_000ep00__g1"",""n_r"":100000,""n_s"":100000,""has_exact_k"":true,""k_target"":1000000,""k_achieved"":1000000,""alpha_target"":5,""alpha_achieved"":5,""notes"":""control_axis=1, core=[0.45,0.55], g=9.9999e-07, h=9e-06, delta=2.49998e-07, shuffle_strips=1, shuffle_r=0, k_overridden=0""}"
exp7_stripe__nr100000__ns100000__a5_000ep00__g1,stripe_ctrl_alpha,5,100000,100000,kd_tree,adaptive,100000,0,1,1,502.27,1e+06,1,1,0,0,enumerate_all,1000000,"{""build_ms"":95.547968,""build_embedding_ms"":32.455733,""build_events_ms"":34.736507,""build_kdtrees_ms"":28.057733,""build_rank_arrays_ms"":32.416774,""build_start_index_ms"":0.294614,""enumerate_prepare_ms"":95.296512,""run_build_ms"":95.548757,""run_pilot_enum_prepare_ms"":95.300822,""run_pilot_enum_scan_ms"":310.185957,""run_small_join_sample_from_list_ms"":1.218225}",,"{""dataset"":{""source"":""synthetic"",""name"":""exp7_stripe__nr100000__ns100000__a5_000ep00__g1"",""dim"":2,""path_r"":"""",""path_s"":"""",""synthetic"":{""generator"":""stripe_ctrl_alpha"",""n_r"":100000,""n_s"":100000,""alpha"":5,""seed"":1}},""run"":{""method"":""kd_tree"",""variant"":""adaptive"",""t"":100000,""seed"":1,""repeats"":3,""j_star"":1000000,""enum_cap"":0,""write_samples"":false,""verify"":false},""output"":{""out_dir"":""/home/dhy/PhD/SIGMOD-EXP/EXP-4/run/temp/exp7/sampling_adaptive"",""run_tag"":""exp7_sampling_adaptive""},""sys"":{""threads"":1},""logging"":{""level"":""INFO"",""with_timestamp"":true,""with_thread_id"":false}}","{""generator"":""stripe_ctrl_alpha"",""dataset"":""exp7_stripe__nr100000__ns100000__a5_000ep00__g1"",""n_r"":100000,""n_s"":100000,""has_exact_k"":true,""k_target"":1000000,""k_achieved"":1000000,""alpha_target"":5,""alpha_achieved"":5,""notes"":""control_axis=1, core=[0.45,0.55], g=9.9999e-07, h=9e-06, delta=2.49998e-07, shuffle_strips=1, shuffle_r=0, k_overridden=0""}"
exp7_stripe__nr100000__ns100000__a5_000ep00__g1,stripe_ctrl_alpha,5,100000,100000,kd_tree,adaptive,100000,1,2,1,506.874,1e+06,1,1,0,0,enumerate_all,1000000,"{""build_ms"":95.628576,""build_embedding_ms"":32.495203,""build_events_ms"":34.744027,""build_kdtrees_ms"":28.076171,""build_rank_arrays_ms"":32.456814,""build_start_index_ms"":0.308424,""enumerate_prepare_ms"":95.322873,""run_build_ms"":95.629135,""run_pilot_enum_prepare_ms"":95.326692,""run_pilot_enum_scan_ms"":314.678645,""run_small_join_sample_from_list_ms"":1.222775}",,"{""dataset"":{""source"":""synthetic"",""name"":""exp7_stripe__nr100000__ns100000__a5_000ep00__g1"",""dim"":2,""path_r"":"""",""path_s"":"""",""synthetic"":{""generator"":""stripe_ctrl_alpha"",""n_r"":100000,""n_s"":100000,""alpha"":5,""seed"":1}},""run"":{""method"":""kd_tree"",""variant"":""adaptive"",""t"":100000,""seed"":1,""repeats"":3,""j_star"":1000000,""enum_cap"":0,""write_samples"":false,""verify"":false},""output"":{""out_dir"":""/home/dhy/PhD/SIGMOD-EXP/EXP-4/run/temp/exp7/sampling_adaptive"",""run_tag"":""exp7_sampling_adaptive""},""sys"":{""threads"":1},""logging"":{""level"":""INFO"",""with_timestamp"":true,""with_thread_id"":false}}","{""generator"":""stripe_ctrl_alpha"",""dataset"":""exp7_stripe__nr100000__ns100000__a5_000ep00__g1"",""n_r"":100000,""n_s"":100000,""has_exact_k"":true,""k_target"":1000000,""k_achieved"":1000000,""alpha_target"":5,""alpha_achieved"":5,""notes"":""control_axis=1, core=[0.45,0.55], g=9.9999e-07, h=9e-06, delta=2.49998e-07, shuffle_strips=1, shuffle_r=0, k_overridden=0""}"
exp7_stripe__nr100000__ns100000__a5_000ep00__g1,stripe_ctrl_alpha,5,100000,100000,kd_tree,adaptive,100000,2,3,1,502.711,1e+06,1,1,0,0,enumerate_all,1000000,"{""build_ms"":95.631146,""build_embedding_ms"":32.459404,""build_events_ms"":34.777107,""build_kdtrees_ms"":28.081762,""build_rank_arrays_ms"":32.420694,""build_start_index_ms"":0.308443,""enumerate_prepare_ms"":95.265123,""run_build_ms"":95.631716,""run_pilot_enum_prepare_ms"":95.269183,""run_pilot_enum_scan_ms"":310.569968,""run_small_join_sample_from_list_ms"":1.224285}",,"{""dataset"":{""source"":""synthetic"",""name"":""exp7_stripe__nr100000__ns100000__a5_000ep00__g1"",""dim"":2,""path_r"":"""",""path_s"":"""",""synthetic"":{""generator"":""stripe_ctrl_alpha"",""n_r"":100000,""n_s"":100000,""alpha"":5,""seed"":1}},""run"":{""method"":""kd_tree"",""variant"":""adaptive"",""t"":100000,""seed"":1,""repeats"":3,""j_star"":1000000,""enum_cap"":0,""write_samples"":false,""verify"":false},""output"":{""out_dir"":""/home/dhy/PhD/SIGMOD-EXP/EXP-4/run/temp/exp7/sampling_adaptive"",""run_tag"":""exp7_sampling_adaptive""},""sys"":{""threads"":1},""logging"":{""level"":""INFO"",""with_timestamp"":true,""with_thread_id"":false}}","{""generator"":""stripe_ctrl_alpha"",""dataset"":""exp7_stripe__nr100000__ns100000__a5_000ep00__g1"",""n_r"":100000,""n_s"":100000,""has_exact_k"":true,""k_target"":1000000,""k_achieved"":1000000,""alpha_target"":5,""alpha_achieved"":5,""notes"":""control_axis=1, core=[0.45,0.55], g=9.9999e-07, h=9e-06, delta=2.49998e-07, shuffle_strips=1, shuffle_r=0, k_overridden=0""}"
exp7_stripe__nr100000__ns100000__a5_000ep00__g1,stripe_ctrl_alpha,5,100000,100000,r_tree,sampling,100000,0,1,1,640.6,1e+06,1,0,0,0,,0,"{""build_ms"":35.533182,""phase1_count_ms"":324.003717,""phase2_assign_ms"":2.852232,""phase3_sample_ms"":277.470278,""run_build_ms"":35.535102,""run_count_ms"":324.006577,""run_sample_ms"":281.055875}",,"{""dataset"":{""source"":""synthetic"",""name"":""exp7_stripe__nr100000__ns100000__a5_000ep00__g1"",""dim"":2,""path_r"":"""",""path_s"":"""",""synthetic"":{""generator"":""stripe_ctrl_alpha"",""n_r"":100000,""n_s"":100000,""alpha"":5,""seed"":1}},""run"":{""method"":""r_tree"",""variant"":""sampling"",""t"":100000,""seed"":1,""repeats"":3,""j_star"":1000000,""enum_cap"":0,""write_samples"":false,""verify"":false},""output"":{""out_dir"":""/home/dhy/PhD/SIGMOD-EXP/EXP-4/run/temp/exp7/sampling_adaptive"",""run_tag"":""exp7_sampling_adaptive""},""sys"":{""threads"":1},""logging"":{""level"":""INFO"",""with_timestamp"":true,""with_thread_id"":false}}","{""generator"":""stripe_ctrl_alpha"",""dataset"":""exp7_stripe__nr100000__ns100000__a5_000ep00__g1"",""n_r"":100000,""n_s"":100000,""has_exact_k"":true,""k_target"":1000000,""k_achieved"":1000000,""alpha_target"":5,""alpha_achieved"":5,""notes"":""control_axis=1, core=[0.45,0.55], g=9.9999e-07, h=9e-06, delta=2.49998e-07, shuffle_strips=1, shuffle_r=0, k_overridden=0""}"
exp7_stripe__nr100000__ns100000__a5_000ep00__g1,stripe_ctrl_alpha,5,100000,100000,r_tree,sampling,100000,1,2,1,638.754,1e+06,1,0,0,0,,0,"{""build_ms"":35.510272,""phase1_count_ms"":321.860451,""phase2_assign_ms"":2.839983,""phase3_sample_ms"":277.462328,""run_build_ms"":35.511662,""run_count_ms"":321.863091,""run_sample_ms"":281.048195}",,"{""dataset"":{""source"":""synthetic"",""name"":""exp7_stripe__nr100000__ns100000__a5_000ep00__g1"",""dim"":2,""path_r"":"""",""path_s"":"""",""synthetic"":{""generator"":""stripe_ctrl_alpha"",""n_r"":100000,""n_s"":100000,""alpha"":5,""seed"":1}},""run"":{""method"":""r_tree"",""variant"":""sampling"",""t"":100000,""seed"":1,""repeats"":3,""j_star"":1000000,""enum_cap"":0,""write_samples"":false,""verify"":false},""output"":{""out_dir"":""/home/dhy/PhD/SIGMOD-EXP/EXP-4/run/temp/exp7/sampling_adaptive"",""run_tag"":""exp7_sampling_adaptive""},""sys"":{""threads"":1},""logging"":{""level"":""INFO"",""with_timestamp"":true,""with_thread_id"":false}}","{""generator"":""stripe_ctrl_alpha"",""dataset"":""exp7_stripe__nr100000__ns100000__a5_000ep00__g1"",""n_r"":100000,""n_s"":100000,""has_exact_k"":true,""k_target"":1000000,""k_achieved"":1000000,""alpha_target"":5,""alpha_achieved"":5,""notes"":""control_axis=1, core=[0.45,0.55], g=9.9999e-07, h=9e-06, delta=2.49998e-07, shuffle_strips=1, shuffle_r=0, k_overridden=0""}"
exp7_stripe__nr100000__ns100000__a5_000ep00__g1,stripe_ctrl_alpha,5,100000,100000,r_tree,sampling,100000,2,3,1,642.329,1e+06,1,0,0,0,,0,"{""build_ms"":38.644488,""phase1_count_ms"":322.384600,""phase2_assign_ms"":2.832233,""phase3_sample_ms"":277.376270,""run_build_ms"":38.646349,""run_count_ms"":322.387420,""run_sample_ms"":280.961797}",,"{""dataset"":{""source"":""synthetic"",""name"":""exp7_stripe__nr100000__ns100000__a5_000ep00__g1"",""dim"":2,""path_r"":"""",""path_s"":"""",""synthetic"":{""generator"":""stripe_ctrl_alpha"",""n_r"":100000,""n_s"":100000,""alpha"":5,""seed"":1}},""run"":{""method"":""r_tree"",""variant"":""sampling"",""t"":100000,""seed"":1,""repeats"":3,""j_star"":1000000,""enum_cap"":0,""write_samples"":false,""verify"":false},""output"":{""out_dir"":""/home/dhy/PhD/SIGMOD-EXP/EXP-4/run/temp/exp7/sampling_adaptive"",""run_tag"":""exp7_sampling_adaptive""},""sys"":{""threads"":1},""logging"":{""level"":""INFO"",""with_timestamp"":true,""with_thread_id"":false}}","{""generator"":""stripe_ctrl_alpha"",""dataset"":""exp7_stripe__nr100000__ns100000__a5_000ep00__g1"",""n_r"":100000,""n_s"":100000,""has_exact_k"":true,""k_target"":1000000,""k_achieved"":1000000,""alpha_target"":5,""alpha_achieved"":5,""notes"":""control_axis=1, core=[0.45,0.55], g=9.9999e-07, h=9e-06, delta=2.49998e-07, shuffle_strips=1, shuffle_r=0, k_overridden=0""}"
exp7_stripe__nr100000__ns100000__a5_000ep00__g1,stripe_ctrl_alpha,5,100000,100000,r_tree,adaptive,100000,0,1,1,448.384,1e+06,1,1,0,0,enumerate_all,1000000,"{""build_ms"":35.503852,""enumerate_prepare_ms"":34.939743,""run_build_ms"":35.504951,""run_pilot_enum_prepare_ms"":34.941724,""run_pilot_enum_scan_ms"":376.370368,""run_small_join_sample_from_list_ms"":1.271004}",,"{""dataset"":{""source"":""synthetic"",""name"":""exp7_stripe__nr100000__ns100000__a5_000ep00__g1"",""dim"":2,""path_r"":"""",""path_s"":"""",""synthetic"":{""generator"":""stripe_ctrl_alpha"",""n_r"":100000,""n_s"":100000,""alpha"":5,""seed"":1}},""run"":{""method"":""r_tree"",""variant"":""adaptive"",""t"":100000,""seed"":1,""repeats"":3,""j_star"":1000000,""enum_cap"":0,""write_samples"":false,""verify"":false},""output"":{""out_dir"":""/home/dhy/PhD/SIGMOD-EXP/EXP-4/run/temp/exp7/sampling_adaptive"",""run_tag"":""exp7_sampling_adaptive""},""sys"":{""threads"":1},""logging"":{""level"":""INFO"",""with_timestamp"":true,""with_thread_id"":false}}","{""generator"":""stripe_ctrl_alpha"",""dataset"":""exp7_stripe__nr100000__ns100000__a5_000ep00__g1"",""n_r"":100000,""n_s"":100000,""has_exact_k"":true,""k_target"":1000000,""k_achieved"":1000000,""alpha_target"":5,""alpha_achieved"":5,""notes"":""control_axis=1, core=[0.45,0.55], g=9.9999e-07, h=9e-06, delta=2.49998e-07, shuffle_strips=1, shuffle_r=0, k_overridden=0""}"
exp7_stripe__nr100000__ns100000__a5_000ep00__g1,stripe_ctrl_alpha,5,100000,100000,r_tree,adaptive,100000,1,2,1,445.285,1e+06,1,1,0,0,enumerate_all,1000000,"{""build_ms"":35.460123,""enumerate_prepare_ms"":34.948733,""run_build_ms"":35.461933,""run_pilot_enum_prepare_ms"":34.951123,""run_pilot_enum_scan_ms"":373.249912,""run_small_join_sample_from_list_ms"":1.263534}",,"{""dataset"":{""source"":""synthetic"",""name"":""exp7_stripe__nr100000__ns100000__a5_000ep00__g1"",""dim"":2,""path_r"":"""",""path_s"":"""",""synthetic"":{""generator"":""stripe_ctrl_alpha"",""n_r"":100000,""n_s"":100000,""alpha"":5,""seed"":1}},""run"":{""method"":""r_tree"",""variant"":""adaptive"",""t"":100000,""seed"":1,""repeats"":3,""j_star"":1000000,""enum_cap"":0,""write_samples"":false,""verify"":false},""output"":{""out_dir"":""/home/dhy/PhD/SIGMOD-EXP/EXP-4/run/temp/exp7/sampling_adaptive"",""run_tag"":""exp7_sampling_adaptive""},""sys"":{""threads"":1},""logging"":{""level"":""INFO"",""with_timestamp"":true,""with_thread_id"":false}}","{""generator"":""stripe_ctrl_alpha"",""dataset"":""exp7_stripe__nr100000__ns100000__a5_000ep00__g1"",""n_r"":100000,""n_s"":100000,""has_exact_k"":true,""k_target"":1000000,""k_achieved"":1000000,""alpha_target"":5,""alpha_achieved"":5,""notes"":""control_axis=1, core=[0.45,0.55], g=9.9999e-07, h=9e-06, delta=2.49998e-07, shuffle_strips=1, shuffle_r=0, k_overridden=0""}"
exp7_stripe__nr100000__ns100000__a5_000ep00__g1,stripe_ctrl_alpha,5,100000,100000,r_tree,adaptive,100000,2,3,1,445.024,1e+06,1,1,0,0,enumerate_all,1000000,"{""build_ms"":35.546991,""enumerate_prepare_ms"":34.966222,""run_build_ms"":35.549431,""run_pilot_enum_prepare_ms"":34.968393,""run_pilot_enum_scan_ms"":372.892769,""run_small_join_sample_from_list_ms"":1.255594}",,"{""dataset"":{""source"":""synthetic"",""name"":""exp7_stripe__nr100000__ns100000__a5_000ep00__g1"",""dim"":2,""path_r"":"""",""path_s"":"""",""synthetic"":{""generator"":""stripe_ctrl_alpha"",""n_r"":100000,""n_s"":100000,""alpha"":5,""seed"":1}},""run"":{""method"":""r_tree"",""variant"":""adaptive"",""t"":100000,""seed"":1,""repeats"":3,""j_star"":1000000,""enum_cap"":0,""write_samples"":false,""verify"":false},""output"":{""out_dir"":""/home/dhy/PhD/SIGMOD-EXP/EXP-4/run/temp/exp7/sampling_adaptive"",""run_tag"":""exp7_sampling_adaptive""},""sys"":{""threads"":1},""logging"":{""level"":""INFO"",""with_timestamp"":true,""with_thread_id"":false}}","{""generator"":""stripe_ctrl_alpha"",""dataset"":""exp7_stripe__nr100000__ns100000__a5_000ep00__g1"",""n_r"":100000,""n_s"":100000,""has_exact_k"":true,""k_target"":1000000,""k_achieved"":1000000,""alpha_target"":5,""alpha_achieved"":5,""notes"":""control_axis=1, core=[0.45,0.55], g=9.9999e-07, h=9e-06, delta=2.49998e-07, shuffle_strips=1, shuffle_r=0, k_overridden=0""}"
exp7_stripe__nr100000__ns100000__a5_000ep00__g1,stripe_ctrl_alpha,5,100000,100000,range_tree,sampling,100000,0,1,1,1929.9,1e+06,1,0,0,0,,0,"{""build_ms"":94.764784,""build_events_ms"":34.740008,""build_range_trees_ms"":25.591243,""build_rank_arrays_ms"":34.096860,""build_start_index_ms"":0.295014,""phase1_count_ms"":1029.884572,""phase2_alias_ms"":805.225056,""phase3_sweep_ms"":795.897174,""run_build_ms"":94.765894,""run_count_ms"":1029.888852,""run_sample_ms"":805.238885}",,"{""dataset"":{""source"":""synthetic"",""name"":""exp7_stripe__nr100000__ns100000__a5_000ep00__g1"",""dim"":2,""path_r"":"""",""path_s"":"""",""synthetic"":{""generator"":""stripe_ctrl_alpha"",""n_r"":100000,""n_s"":100000,""alpha"":5,""seed"":1}},""run"":{""method"":""range_tree"",""variant"":""sampling"",""t"":100000,""seed"":1,""repeats"":3,""j_star"":1000000,""enum_cap"":0,""write_samples"":false,""verify"":false},""output"":{""out_dir"":""/home/dhy/PhD/SIGMOD-EXP/EXP-4/run/temp/exp7/sampling_adaptive"",""run_tag"":""exp7_sampling_adaptive""},""sys"":{""threads"":1},""logging"":{""level"":""INFO"",""with_timestamp"":true,""with_thread_id"":false}}","{""generator"":""stripe_ctrl_alpha"",""dataset"":""exp7_stripe__nr100000__ns100000__a5_000ep00__g1"",""n_r"":100000,""n_s"":100000,""has_exact_k"":true,""k_target"":1000000,""k_achieved"":1000000,""alpha_target"":5,""alpha_achieved"":5,""notes"":""control_axis=1, core=[0.45,0.55], g=9.9999e-07, h=9e-06, delta=2.49998e-07, shuffle_strips=1, shuffle_r=0, k_overridden=0""}"
exp7_stripe__nr100000__ns100000__a5_000ep00__g1,stripe_ctrl_alpha,5,100000,100000,range_tree,sampling,100000,1,2,1,1925.78,1e+06,1,0,0,0,,0,"{""build_ms"":90.106287,""build_events_ms"":34.677389,""build_range_trees_ms"":24.047703,""build_rank_arrays_ms"":31.025462,""build_start_index_ms"":0.310164,""phase1_count_ms"":1027.992141,""phase2_alias_ms"":807.655497,""phase3_sweep_ms"":798.365455,""run_build_ms"":90.107367,""run_count_ms"":1027.995990,""run_sample_ms"":807.657127}",,"{""dataset"":{""source"":""synthetic"",""name"":""exp7_stripe__nr100000__ns100000__a5_000ep00__g1"",""dim"":2,""path_r"":"""",""path_s"":"""",""synthetic"":{""generator"":""stripe_ctrl_alpha"",""n_r"":100000,""n_s"":100000,""alpha"":5,""seed"":1}},""run"":{""method"":""range_tree"",""variant"":""sampling"",""t"":100000,""seed"":1,""repeats"":3,""j_star"":1000000,""enum_cap"":0,""write_samples"":false,""verify"":false},""output"":{""out_dir"":""/home/dhy/PhD/SIGMOD-EXP/EXP-4/run/temp/exp7/sampling_adaptive"",""run_tag"":""exp7_sampling_adaptive""},""sys"":{""threads"":1},""logging"":{""level"":""INFO"",""with_timestamp"":true,""with_thread_id"":false}}","{""generator"":""stripe_ctrl_alpha"",""dataset"":""exp7_stripe__nr100000__ns100000__a5_000ep00__g1"",""n_r"":100000,""n_s"":100000,""has_exact_k"":true,""k_target"":1000000,""k_achieved"":1000000,""alpha_target"":5,""alpha_achieved"":5,""notes"":""control_axis=1, core=[0.45,0.55], g=9.9999e-07, h=9e-06, delta=2.49998e-07, shuffle_strips=1, shuffle_r=0, k_overridden=0""}"
exp7_stripe__nr100000__ns100000__a5_000ep00__g1,stripe_ctrl_alpha,5,100000,100000,range_tree,sampling,100000,2,3,1,1925.92,1e+06,1,0,0,0,,0,"{""build_ms"":90.102528,""build_events_ms"":34.731567,""build_range_trees_ms"":24.025344,""build_rank_arrays_ms"":30.992654,""build_start_index_ms"":0.308904,""phase1_count_ms"":1028.637768,""phase2_alias_ms"":807.160298,""phase3_sweep_ms"":797.961173,""run_build_ms"":90.103178,""run_count_ms"":1028.641698,""run_sample_ms"":807.173018}",,"{""dataset"":{""source"":""synthetic"",""name"":""exp7_stripe__nr100000__ns100000__a5_000ep00__g1"",""dim"":2,""path_r"":"""",""path_s"":"""",""synthetic"":{""generator"":""stripe_ctrl_alpha"",""n_r"":100000,""n_s"":100000,""alpha"":5,""seed"":1}},""run"":{""method"":""range_tree"",""variant"":""sampling"",""t"":100000,""seed"":1,""repeats"":3,""j_star"":1000000,""enum_cap"":0,""write_samples"":false,""verify"":false},""output"":{""out_dir"":""/home/dhy/PhD/SIGMOD-EXP/EXP-4/run/temp/exp7/sampling_adaptive"",""run_tag"":""exp7_sampling_adaptive""},""sys"":{""threads"":1},""logging"":{""level"":""INFO"",""with_timestamp"":true,""with_thread_id"":false}}","{""generator"":""stripe_ctrl_alpha"",""dataset"":""exp7_stripe__nr100000__ns100000__a5_000ep00__g1"",""n_r"":100000,""n_s"":100000,""has_exact_k"":true,""k_target"":1000000,""k_achieved"":1000000,""alpha_target"":5,""alpha_achieved"":5,""notes"":""control_axis=1, core=[0.45,0.55], g=9.9999e-07, h=9e-06, delta=2.49998e-07, shuffle_strips=1, shuffle_r=0, k_overridden=0""}"
exp7_stripe__nr100000__ns100000__a5_000ep00__g1,stripe_ctrl_alpha,5,100000,100000,range_tree,adaptive,100000,0,1,1,1331.96,1e+06,1,1,0,0,enumerate_all,1000000,"{""build_ms"":91.308273,""build_events_ms"":34.699829,""build_range_trees_ms"":25.291169,""build_rank_arrays_ms"":30.967493,""build_start_index_ms"":0.304683,""enumerate_prepare_ms"":91.033169,""run_build_ms"":91.308983,""run_pilot_enum_prepare_ms"":91.036319,""run_pilot_enum_scan_ms"":1148.294949,""run_small_join_sample_from_list_ms"":1.297554}",,"{""dataset"":{""source"":""synthetic"",""name"":""exp7_stripe__nr100000__ns100000__a5_000ep00__g1"",""dim"":2,""path_r"":"""",""path_s"":"""",""synthetic"":{""generator"":""stripe_ctrl_alpha"",""n_r"":100000,""n_s"":100000,""alpha"":5,""seed"":1}},""run"":{""method"":""range_tree"",""variant"":""adaptive"",""t"":100000,""seed"":1,""repeats"":3,""j_star"":1000000,""enum_cap"":0,""write_samples"":false,""verify"":false},""output"":{""out_dir"":""/home/dhy/PhD/SIGMOD-EXP/EXP-4/run/temp/exp7/sampling_adaptive"",""run_tag"":""exp7_sampling_adaptive""},""sys"":{""threads"":1},""logging"":{""level"":""INFO"",""with_timestamp"":true,""with_thread_id"":false}}","{""generator"":""stripe_ctrl_alpha"",""dataset"":""exp7_stripe__nr100000__ns100000__a5_000ep00__g1"",""n_r"":100000,""n_s"":100000,""has_exact_k"":true,""k_target"":1000000,""k_achieved"":1000000,""alpha_target"":5,""alpha_achieved"":5,""notes"":""control_axis=1, core=[0.45,0.55], g=9.9999e-07, h=9e-06, delta=2.49998e-07, shuffle_strips=1, shuffle_r=0, k_overridden=0""}"
exp7_stripe__nr100000__ns100000__a5_000ep00__g1,stripe_ctrl_alpha,5,100000,100000,range_tree,adaptive,100000,1,2,1,1339.49,1e+06,1,1,0,0,enumerate_all,1000000,"{""build_ms"":93.222404,""build_events_ms"":37.870003,""build_range_trees_ms"":24.017075,""build_rank_arrays_ms"":30.984213,""build_start_index_ms"":0.307554,""enumerate_prepare_ms"":90.989210,""run_build_ms"":93.223264,""run_pilot_enum_prepare_ms"":90.992300,""run_pilot_enum_scan_ms"":1153.945855,""run_small_join_sample_from_list_ms"":1.307793}",,"{""dataset"":{""source"":""synthetic"",""name"":""exp7_stripe__nr100000__ns100000__a5_000ep00__g1"",""dim"":2,""path_r"":"""",""path_s"":"""",""synthetic"":{""generator"":""stripe_ctrl_alpha"",""n_r"":100000,""n_s"":100000,""alpha"":5,""seed"":1}},""run"":{""method"":""range_tree"",""variant"":""adaptive"",""t"":100000,""seed"":1,""repeats"":3,""j_star"":1000000,""enum_cap"":0,""write_samples"":false,""verify"":false},""output"":{""out_dir"":""/home/dhy/PhD/SIGMOD-EXP/EXP-4/run/temp/exp7/sampling_adaptive"",""run_tag"":""exp7_sampling_adaptive""},""sys"":{""threads"":1},""logging"":{""level"":""INFO"",""with_timestamp"":true,""with_thread_id"":false}}","{""generator"":""stripe_ctrl_alpha"",""dataset"":""exp7_stripe__nr100000__ns100000__a5_000ep00__g1"",""n_r"":100000,""n_s"":100000,""has_exact_k"":true,""k_target"":1000000,""k_achieved"":1000000,""alpha_target"":5,""alpha_achieved"":5,""notes"":""control_axis=1, core=[0.45,0.55], g=9.9999e-07, h=9e-06, delta=2.49998e-07, shuffle_strips=1, shuffle_r=0, k_overridden=0""}"
exp7_stripe__nr100000__ns100000__a5_000ep00__g1,stripe_ctrl_alpha,5,100000,100000,range_tree,adaptive,100000,2,3,1,1330.68,1e+06,1,1,0,0,enumerate_all,1000000,"{""build_ms"":89.994551,""build_events_ms"":34.646250,""build_range_trees_ms"":23.995794,""build_rank_arrays_ms"":31.002313,""build_start_index_ms"":0.306374,""enumerate_prepare_ms"":90.877822,""run_build_ms"":89.995101,""run_pilot_enum_prepare_ms"":90.880823,""run_pilot_enum_scan_ms"":1148.495066,""run_small_join_sample_from_list_ms"":1.287144}",,"{""dataset"":{""source"":""synthetic"",""name"":""exp7_stripe__nr100000__ns100000__a5_000ep00__g1"",""dim"":2,""path_r"":"""",""path_s"":"""",""synthetic"":{""generator"":""stripe_ctrl_alpha"",""n_r"":100000,""n_s"":100000,""alpha"":5,""seed"":1}},""run"":{""method"":""range_tree"",""variant"":""adaptive"",""t"":100000,""seed"":1,""repeats"":3,""j_star"":1000000,""enum_cap"":0,""write_samples"":false,""verify"":false},""output"":{""out_dir"":""/home/dhy/PhD/SIGMOD-EXP/EXP-4/run/temp/exp7/sampling_adaptive"",""run_tag"":""exp7_sampling_adaptive""},""sys"":{""threads"":1},""logging"":{""level"":""INFO"",""with_timestamp"":true,""with_thread_id"":false}}","{""generator"":""stripe_ctrl_alpha"",""dataset"":""exp7_stripe__nr100000__ns100000__a5_000ep00__g1"",""n_r"":100000,""n_s"":100000,""has_exact_k"":true,""k_target"":1000000,""k_achieved"":1000000,""alpha_target"":5,""alpha_achieved"":5,""notes"":""control_axis=1, core=[0.45,0.55], g=9.9999e-07, h=9e-06, delta=2.49998e-07, shuffle_strips=1, shuffle_r=0, k_overridden=0""}"
exp7_stripe__nr100000__ns100000__a5_000ep00__g1,stripe_ctrl_alpha,5,100000,100000,pbsm,sampling,100000,0,1,1,58.792,1e+06,1,0,0,0,,0,"{""build_ms"":23.930626,""pbsm_build_ms"":23.930076,""pbsm_count_pass1_ms"":13.813881,""pbsm_partitions_stripes_ms"":23.432016,""pbsm_sample_draw_ranks_ms"":5.897671,""pbsm_sample_pass2_select_ms"":15.086455,""run_build_ms"":23.931306,""run_count_ms"":13.815281,""run_sample_ms"":21.043384}",,"{""dataset"":{""source"":""synthetic"",""name"":""exp7_stripe__nr100000__ns100000__a5_000ep00__g1"",""dim"":2,""path_r"":"""",""path_s"":"""",""synthetic"":{""generator"":""stripe_ctrl_alpha"",""n_r"":100000,""n_s"":100000,""alpha"":5,""seed"":1}},""run"":{""method"":""pbsm"",""variant"":""sampling"",""t"":100000,""seed"":1,""repeats"":3,""j_star"":1000000,""enum_cap"":0,""write_samples"":false,""verify"":false},""output"":{""out_dir"":""/home/dhy/PhD/SIGMOD-EXP/EXP-4/run/temp/exp7/sampling_adaptive"",""run_tag"":""exp7_sampling_adaptive""},""sys"":{""threads"":1},""logging"":{""level"":""INFO"",""with_timestamp"":true,""with_thread_id"":false}}","{""generator"":""stripe_ctrl_alpha"",""dataset"":""exp7_stripe__nr100000__ns100000__a5_000ep00__g1"",""n_r"":100000,""n_s"":100000,""has_exact_k"":true,""k_target"":1000000,""k_achieved"":1000000,""alpha_target"":5,""alpha_achieved"":5,""notes"":""control_axis=1, core=[0.45,0.55], g=9.9999e-07, h=9e-06, delta=2.49998e-07, shuffle_strips=1, shuffle_r=0, k_overridden=0""}"
exp7_stripe__nr100000__ns100000__a5_000ep00__g1,stripe_ctrl_alpha,5,100000,100000,pbsm,sampling,100000,1,2,1,58.5583,1e+06,1,0,0,0,,0,"{""build_ms"":23.768809,""pbsm_build_ms"":23.768170,""pbsm_count_pass1_ms"":13.761692,""pbsm_partitions_stripes_ms"":23.427837,""pbsm_sample_draw_ranks_ms"":5.929980,""pbsm_sample_pass2_select_ms"":15.037135,""run_build_ms"":23.769299,""run_count_ms"":13.762782,""run_sample_ms"":21.022164}",,"{""dataset"":{""source"":""synthetic"",""name"":""exp7_stripe__nr100000__ns100000__a5_000ep00__g1"",""dim"":2,""path_r"":"""",""path_s"":"""",""synthetic"":{""generator"":""stripe_ctrl_alpha"",""n_r"":100000,""n_s"":100000,""alpha"":5,""seed"":1}},""run"":{""method"":""pbsm"",""variant"":""sampling"",""t"":100000,""seed"":1,""repeats"":3,""j_star"":1000000,""enum_cap"":0,""write_samples"":false,""verify"":false},""output"":{""out_dir"":""/home/dhy/PhD/SIGMOD-EXP/EXP-4/run/temp/exp7/sampling_adaptive"",""run_tag"":""exp7_sampling_adaptive""},""sys"":{""threads"":1},""logging"":{""level"":""INFO"",""with_timestamp"":true,""with_thread_id"":false}}","{""generator"":""stripe_ctrl_alpha"",""dataset"":""exp7_stripe__nr100000__ns100000__a5_000ep00__g1"",""n_r"":100000,""n_s"":100000,""has_exact_k"":true,""k_target"":1000000,""k_achieved"":1000000,""alpha_target"":5,""alpha_achieved"":5,""notes"":""control_axis=1, core=[0.45,0.55], g=9.9999e-07, h=9e-06, delta=2.49998e-07, shuffle_strips=1, shuffle_r=0, k_overridden=0""}"
exp7_stripe__nr100000__ns100000__a5_000ep00__g1,stripe_ctrl_alpha,5,100000,100000,pbsm,sampling,100000,2,3,1,58.4461,1e+06,1,0,0,0,,0,"{""build_ms"":23.746600,""pbsm_build_ms"":23.746310,""pbsm_count_pass1_ms"":13.805650,""pbsm_partitions_stripes_ms"":23.403888,""pbsm_sample_draw_ranks_ms"":5.964059,""pbsm_sample_pass2_select_ms"":14.870479,""run_build_ms"":23.746931,""run_count_ms"":13.806990,""run_sample_ms"":20.887718}",,"{""dataset"":{""source"":""synthetic"",""name"":""exp7_stripe__nr100000__ns100000__a5_000ep00__g1"",""dim"":2,""path_r"":"""",""path_s"":"""",""synthetic"":{""generator"":""stripe_ctrl_alpha"",""n_r"":100000,""n_s"":100000,""alpha"":5,""seed"":1}},""run"":{""method"":""pbsm"",""variant"":""sampling"",""t"":100000,""seed"":1,""repeats"":3,""j_star"":1000000,""enum_cap"":0,""write_samples"":false,""verify"":false},""output"":{""out_dir"":""/home/dhy/PhD/SIGMOD-EXP/EXP-4/run/temp/exp7/sampling_adaptive"",""run_tag"":""exp7_sampling_adaptive""},""sys"":{""threads"":1},""logging"":{""level"":""INFO"",""with_timestamp"":true,""with_thread_id"":false}}","{""generator"":""stripe_ctrl_alpha"",""dataset"":""exp7_stripe__nr100000__ns100000__a5_000ep00__g1"",""n_r"":100000,""n_s"":100000,""has_exact_k"":true,""k_target"":1000000,""k_achieved"":1000000,""alpha_target"":5,""alpha_achieved"":5,""notes"":""control_axis=1, core=[0.45,0.55], g=9.9999e-07, h=9e-06, delta=2.49998e-07, shuffle_strips=1, shuffle_r=0, k_overridden=0""}"
exp7_stripe__nr100000__ns100000__a5_000ep00__g1,stripe_ctrl_alpha,5,100000,100000,pbsm,adaptive,100000,0,1,1,38.4059,1e+06,1,1,0,0,enumerate_all,1000000,"{""build_ms"":22.756171,""enumerate_prepare_ms"":0.000260,""pbsm_build_ms"":22.755571,""pbsm_partitions_stripes_ms"":22.415587,""run_build_ms"":22.756730,""run_pilot_enum_prepare_ms"":0.000680,""run_pilot_enum_scan_ms"":15.004977,""run_small_join_sample_from_list_ms"":0.634887}",,"{""dataset"":{""source"":""synthetic"",""name"":""exp7_stripe__nr100000__ns100000__a5_000ep00__g1"",""dim"":2,""path_r"":"""",""path_s"":"""",""synthetic"":{""generator"":""stripe_ctrl_alpha"",""n_r"":100000,""n_s"":100000,""alpha"":5,""seed"":1}},""run"":{""method"":""pbsm"",""variant"":""adaptive"",""t"":100000,""seed"":1,""repeats"":3,""j_star"":1000000,""enum_cap"":0,""write_samples"":false,""verify"":false},""output"":{""out_dir"":""/home/dhy/PhD/SIGMOD-EXP/EXP-4/run/temp/exp7/sampling_adaptive"",""run_tag"":""exp7_sampling_adaptive""},""sys"":{""threads"":1},""logging"":{""level"":""INFO"",""with_timestamp"":true,""with_thread_id"":false}}","{""generator"":""stripe_ctrl_alpha"",""dataset"":""exp7_stripe__nr100000__ns100000__a5_000ep00__g1"",""n_r"":100000,""n_s"":100000,""has_exact_k"":true,""k_target"":1000000,""k_achieved"":1000000,""alpha_target"":5,""alpha_achieved"":5,""notes"":""control_axis=1, core=[0.45,0.55], g=9.9999e-07, h=9e-06, delta=2.49998e-07, shuffle_strips=1, shuffle_r=0, k_overridden=0""}"
exp7_stripe__nr100000__ns100000__a5_000ep00__g1,stripe_ctrl_alpha,5,100000,100000,pbsm,adaptive,100000,1,2,1,38.5703,1e+06,1,1,0,0,enumerate_all,1000000,"{""build_ms"":22.803029,""enumerate_prepare_ms"":0.000150,""pbsm_build_ms"":22.802649,""pbsm_partitions_stripes_ms"":22.464865,""run_build_ms"":22.803359,""run_pilot_enum_prepare_ms"":0.000630,""run_pilot_enum_scan_ms"":15.081965,""run_small_join_sample_from_list_ms"":0.678526}",,"{""dataset"":{""source"":""synthetic"",""name"":""exp7_stripe__nr100000__ns100000__a5_000ep00__g1"",""dim"":2,""path_r"":"""",""path_s"":"""",""synthetic"":{""generator"":""stripe_ctrl_alpha"",""n_r"":100000,""n_s"":100000,""alpha"":5,""seed"":1}},""run"":{""method"":""pbsm"",""variant"":""adaptive"",""t"":100000,""seed"":1,""repeats"":3,""j_star"":1000000,""enum_cap"":0,""write_samples"":false,""verify"":false},""output"":{""out_dir"":""/home/dhy/PhD/SIGMOD-EXP/EXP-4/run/temp/exp7/sampling_adaptive"",""run_tag"":""exp7_sampling_adaptive""},""sys"":{""threads"":1},""logging"":{""level"":""INFO"",""with_timestamp"":true,""with_thread_id"":false}}","{""generator"":""stripe_ctrl_alpha"",""dataset"":""exp7_stripe__nr100000__ns100000__a5_000ep00__g1"",""n_r"":100000,""n_s"":100000,""has_exact_k"":true,""k_target"":1000000,""k_achieved"":1000000,""alpha_target"":5,""alpha_achieved"":5,""notes"":""control_axis=1, core=[0.45,0.55], g=9.9999e-07, h=9e-06, delta=2.49998e-07, shuffle_strips=1, shuffle_r=0, k_overridden=0""}"
exp7_stripe__nr100000__ns100000__a5_000ep00__g1,stripe_ctrl_alpha,5,100000,100000,pbsm,adaptive,100000,2,3,1,38.3608,1e+06,1,1,0,0,enumerate_all,1000000,"{""build_ms"":22.775989,""enumerate_prepare_ms"":0.000130,""pbsm_build_ms"":22.775629,""pbsm_partitions_stripes_ms"":22.436326,""run_build_ms"":22.776399,""run_pilot_enum_prepare_ms"":0.000540,""run_pilot_enum_scan_ms"":14.918568,""run_small_join_sample_from_list_ms"":0.657007}",,"{""dataset"":{""source"":""synthetic"",""name"":""exp7_stripe__nr100000__ns100000__a5_000ep00__g1"",""dim"":2,""path_r"":"""",""path_s"":"""",""synthetic"":{""generator"":""stripe_ctrl_alpha"",""n_r"":100000,""n_s"":100000,""alpha"":5,""seed"":1}},""run"":{""method"":""pbsm"",""variant"":""adaptive"",""t"":100000,""seed"":1,""repeats"":3,""j_star"":1000000,""enum_cap"":0,""write_samples"":false,""verify"":false},""output"":{""out_dir"":""/home/dhy/PhD/SIGMOD-EXP/EXP-4/run/temp/exp7/sampling_adaptive"",""run_tag"":""exp7_sampling_adaptive""},""sys"":{""threads"":1},""logging"":{""level"":""INFO"",""with_timestamp"":true,""with_thread_id"":false}}","{""generator"":""stripe_ctrl_alpha"",""dataset"":""exp7_stripe__nr100000__ns100000__a5_000ep00__g1"",""n_r"":100000,""n_s"":100000,""has_exact_k"":true,""k_target"":1000000,""k_achieved"":1000000,""alpha_target"":5,""alpha_achieved"":5,""notes"":""control_axis=1, core=[0.45,0.55], g=9.9999e-07, h=9e-06, delta=2.49998e-07, shuffle_strips=1, shuffle_r=0, k_overridden=0""}"
exp7_stripe__nr100000__ns100000__a5_000ep00__g1,stripe_ctrl_alpha,5,100000,100000,tlsop,sampling,100000,0,1,1,1480.68,1e+06,1,0,0,0,,0,"{""build_ms"":392.580222,""run_build_ms"":392.581322,""run_count_ms"":538.573950,""run_sample_ms"":549.514867,""tlsop_alloc_tiles_ms"":0.062329,""tlsop_build_ms"":392.579202,""tlsop_build_edges_ms"":0.000710,""tlsop_count_pass1_ms"":538.569980,""tlsop_pass1_count_caps_ms"":13.671403,""tlsop_pass1_reserve_ms"":1.474150,""tlsop_pass2_fill_ms"":32.358236,""tlsop_sample_draw_ranks_ms"":5.855791,""tlsop_sample_pass2_select_ms"":543.596408,""tlsop_sort_lists_ms"":344.999294}",,"{""dataset"":{""source"":""synthetic"",""name"":""exp7_stripe__nr100000__ns100000__a5_000ep00__g1"",""dim"":2,""path_r"":"""",""path_s"":"""",""synthetic"":{""generator"":""stripe_ctrl_alpha"",""n_r"":100000,""n_s"":100000,""alpha"":5,""seed"":1}},""run"":{""method"":""tlsop"",""variant"":""sampling"",""t"":100000,""seed"":1,""repeats"":3,""j_star"":1000000,""enum_cap"":0,""write_samples"":false,""verify"":false},""output"":{""out_dir"":""/home/dhy/PhD/SIGMOD-EXP/EXP-4/run/temp/exp7/sampling_adaptive"",""run_tag"":""exp7_sampling_adaptive""},""sys"":{""threads"":1},""logging"":{""level"":""INFO"",""with_timestamp"":true,""with_thread_id"":false}}","{""generator"":""stripe_ctrl_alpha"",""dataset"":""exp7_stripe__nr100000__ns100000__a5_000ep00__g1"",""n_r"":100000,""n_s"":100000,""has_exact_k"":true,""k_target"":1000000,""k_achieved"":1000000,""alpha_target"":5,""alpha_achieved"":5,""notes"":""control_axis=1, core=[0.45,0.55], g=9.9999e-07, h=9e-06, delta=2.49998e-07, shuffle_strips=1, shuffle_r=0, k_overridden=0""}"
exp7_stripe__nr100000__ns100000__a5_000ep00__g1,stripe_ctrl_alpha,5,100000,100000,tlsop,sampling,100000,1,2,1,1474.64,1e+06,1,0,0,0,,0,"{""build_ms"":389.327558,""run_build_ms"":389.328668,""run_count_ms"":540.187897,""run_sample_ms"":544.068349,""tlsop_alloc_tiles_ms"":0.062059,""tlsop_build_ms"":389.326678,""tlsop_build_edges_ms"":0.000620,""tlsop_count_pass1_ms"":540.183177,""tlsop_pass1_count_caps_ms"":13.728873,""tlsop_pass1_reserve_ms"":1.440531,""tlsop_pass2_fill_ms"":32.410115,""tlsop_sample_draw_ranks_ms"":5.880101,""tlsop_sample_pass2_select_ms"":538.124409,""tlsop_sort_lists_ms"":341.662551}",,"{""dataset"":{""source"":""synthetic"",""name"":""exp7_stripe__nr100000__ns100000__a5_000ep00__g1"",""dim"":2,""path_r"":"""",""path_s"":"""",""synthetic"":{""generator"":""stripe_ctrl_alpha"",""n_r"":100000,""n_s"":100000,""alpha"":5,""seed"":1}},""run"":{""method"":""tlsop"",""variant"":""sampling"",""t"":100000,""seed"":1,""repeats"":3,""j_star"":1000000,""enum_cap"":0,""write_samples"":false,""verify"":false},""output"":{""out_dir"":""/home/dhy/PhD/SIGMOD-EXP/EXP-4/run/temp/exp7/sampling_adaptive"",""run_tag"":""exp7_sampling_adaptive""},""sys"":{""threads"":1},""logging"":{""level"":""INFO"",""with_timestamp"":true,""with_thread_id"":false}}","{""generator"":""stripe_ctrl_alpha"",""dataset"":""exp7_stripe__nr100000__ns100000__a5_000ep00__g1"",""n_r"":100000,""n_s"":100000,""has_exact_k"":true,""k_target"":1000000,""k_achieved"":1000000,""alpha_target"":5,""alpha_achieved"":5,""notes"":""control_axis=1, core=[0.45,0.55], g=9.9999e-07, h=9e-06, delta=2.49998e-07, shuffle_strips=1, shuffle_r=0, k_overridden=0""}"
exp7_stripe__nr100000__ns100000__a5_000ep00__g1,stripe_ctrl_alpha,5,100000,100000,tlsop,sampling,100000,2,3,1,1475.99,1e+06,1,0,0,0,,0,"{""build_ms"":392.939745,""run_build_ms"":392.940844,""run_count_ms"":535.349804,""run_sample_ms"":546.655607,""tlsop_alloc_tiles_ms"":0.061789,""tlsop_build_ms"":392.938824,""tlsop_build_edges_ms"":0.000700,""tlsop_count_pass1_ms"":535.344305,""tlsop_pass1_count_caps_ms"":13.845670,""tlsop_pass1_reserve_ms"":1.428941,""tlsop_pass2_fill_ms"":32.408115,""tlsop_sample_draw_ranks_ms"":5.974840,""tlsop_sample_pass2_select_ms"":540.617450,""tlsop_sort_lists_ms"":345.170661}",,"{""dataset"":{""source"":""synthetic"",""name"":""exp7_stripe__nr100000__ns100000__a5_000ep00__g1"",""dim"":2,""path_r"":"""",""path_s"":"""",""synthetic"":{""generator"":""stripe_ctrl_alpha"",""n_r"":100000,""n_s"":100000,""alpha"":5,""seed"":1}},""run"":{""method"":""tlsop"",""variant"":""sampling"",""t"":100000,""seed"":1,""repeats"":3,""j_star"":1000000,""enum_cap"":0,""write_samples"":false,""verify"":false},""output"":{""out_dir"":""/home/dhy/PhD/SIGMOD-EXP/EXP-4/run/temp/exp7/sampling_adaptive"",""run_tag"":""exp7_sampling_adaptive""},""sys"":{""threads"":1},""logging"":{""level"":""INFO"",""with_timestamp"":true,""with_thread_id"":false}}","{""generator"":""stripe_ctrl_alpha"",""dataset"":""exp7_stripe__nr100000__ns100000__a5_000ep00__g1"",""n_r"":100000,""n_s"":100000,""has_exact_k"":true,""k_target"":1000000,""k_achieved"":1000000,""alpha_target"":5,""alpha_achieved"":5,""notes"":""control_axis=1, core=[0.45,0.55], g=9.9999e-07, h=9e-06, delta=2.49998e-07, shuffle_strips=1, shuffle_r=0, k_overridden=0""}"
exp7_stripe__nr100000__ns100000__a5_000ep00__g1,stripe_ctrl_alpha,5,100000,100000,tlsop,adaptive,100000,0,1,1,931.619,1e+06,1,1,0,0,enumerate_all,1000000,"{""build_ms"":389.472365,""enumerate_prepare_ms"":0.020880,""run_build_ms"":389.473315,""run_pilot_enum_prepare_ms"":0.022320,""run_pilot_enum_scan_ms"":540.855354,""run_small_join_sample_from_list_ms"":1.250305,""tlsop_alloc_tiles_ms"":0.064448,""tlsop_build_ms"":389.471415,""tlsop_build_edges_ms"":0.000491,""tlsop_pass1_count_caps_ms"":13.742062,""tlsop_pass1_reserve_ms"":1.414482,""tlsop_pass2_fill_ms"":32.396874,""tlsop_sort_lists_ms"":341.838018}",,"{""dataset"":{""source"":""synthetic"",""name"":""exp7_stripe__nr100000__ns100000__a5_000ep00__g1"",""dim"":2,""path_r"":"""",""path_s"":"""",""synthetic"":{""generator"":""stripe_ctrl_alpha"",""n_r"":100000,""n_s"":100000,""alpha"":5,""seed"":1}},""run"":{""method"":""tlsop"",""variant"":""adaptive"",""t"":100000,""seed"":1,""repeats"":3,""j_star"":1000000,""enum_cap"":0,""write_samples"":false,""verify"":false},""output"":{""out_dir"":""/home/dhy/PhD/SIGMOD-EXP/EXP-4/run/temp/exp7/sampling_adaptive"",""run_tag"":""exp7_sampling_adaptive""},""sys"":{""threads"":1},""logging"":{""level"":""INFO"",""with_timestamp"":true,""with_thread_id"":false}}","{""generator"":""stripe_ctrl_alpha"",""dataset"":""exp7_stripe__nr100000__ns100000__a5_000ep00__g1"",""n_r"":100000,""n_s"":100000,""has_exact_k"":true,""k_target"":1000000,""k_achieved"":1000000,""alpha_target"":5,""alpha_achieved"":5,""notes"":""control_axis=1, core=[0.45,0.55], g=9.9999e-07, h=9e-06, delta=2.49998e-07, shuffle_strips=1, shuffle_r=0, k_overridden=0""}"
exp7_stripe__nr100000__ns100000__a5_000ep00__g1,stripe_ctrl_alpha,5,100000,100000,tlsop,adaptive,100000,1,2,1,937.754,1e+06,1,1,0,0,enumerate_all,1000000,"{""build_ms"":390.088772,""enumerate_prepare_ms"":0.020210,""run_build_ms"":390.089682,""run_pilot_enum_prepare_ms"":0.021359,""run_pilot_enum_scan_ms"":545.314565,""run_small_join_sample_from_list_ms"":1.278135,""tlsop_alloc_tiles_ms"":0.061679,""tlsop_build_ms"":390.088072,""tlsop_build_edges_ms"":0.000820,""tlsop_pass1_count_caps_ms"":13.786421,""tlsop_pass1_reserve_ms"":1.430991,""tlsop_pass2_fill_ms"":32.389215,""tlsop_sort_lists_ms"":342.397217}",,"{""dataset"":{""source"":""synthetic"",""name"":""exp7_stripe__nr100000__ns100000__a5_000ep00__g1"",""dim"":2,""path_r"":"""",""path_s"":"""",""synthetic"":{""generator"":""stripe_ctrl_alpha"",""n_r"":100000,""n_s"":100000,""alpha"":5,""seed"":1}},""run"":{""method"":""tlsop"",""variant"":""adaptive"",""t"":100000,""seed"":1,""repeats"":3,""j_star"":1000000,""enum_cap"":0,""write_samples"":false,""verify"":false},""output"":{""out_dir"":""/home/dhy/PhD/SIGMOD-EXP/EXP-4/run/temp/exp7/sampling_adaptive"",""run_tag"":""exp7_sampling_adaptive""},""sys"":{""threads"":1},""logging"":{""level"":""INFO"",""with_timestamp"":true,""with_thread_id"":false}}","{""generator"":""stripe_ctrl_alpha"",""dataset"":""exp7_stripe__nr100000__ns100000__a5_000ep00__g1"",""n_r"":100000,""n_s"":100000,""has_exact_k"":true,""k_target"":1000000,""k_achieved"":1000000,""alpha_target"":5,""alpha_achieved"":5,""notes"":""control_axis=1, core=[0.45,0.55], g=9.9999e-07, h=9e-06, delta=2.49998e-07, shuffle_strips=1, shuffle_r=0, k_overridden=0""}"
exp7_stripe__nr100000__ns100000__a5_000ep00__g1,stripe_ctrl_alpha,5,100000,100000,tlsop,adaptive,100000,2,3,1,936.543,1e+06,1,1,0,0,enumerate_all,1000000,"{""build_ms"":389.911727,""enumerate_prepare_ms"":0.025779,""run_build_ms"":389.912827,""run_pilot_enum_prepare_ms"":0.026999,""run_pilot_enum_scan_ms"":544.267146,""run_small_join_sample_from_list_ms"":1.255745,""tlsop_alloc_tiles_ms"":0.061269,""tlsop_build_ms"":389.910927,""tlsop_build_edges_ms"":0.001010,""tlsop_pass1_count_caps_ms"":13.721592,""tlsop_pass1_reserve_ms"":1.420991,""tlsop_pass2_fill_ms"":32.594930,""tlsop_sort_lists_ms"":342.089784}",,"{""dataset"":{""source"":""synthetic"",""name"":""exp7_stripe__nr100000__ns100000__a5_000ep00__g1"",""dim"":2,""path_r"":"""",""path_s"":"""",""synthetic"":{""generator"":""stripe_ctrl_alpha"",""n_r"":100000,""n_s"":100000,""alpha"":5,""seed"":1}},""run"":{""method"":""tlsop"",""variant"":""adaptive"",""t"":100000,""seed"":1,""repeats"":3,""j_star"":1000000,""enum_cap"":0,""write_samples"":false,""verify"":false},""output"":{""out_dir"":""/home/dhy/PhD/SIGMOD-EXP/EXP-4/run/temp/exp7/sampling_adaptive"",""run_tag"":""exp7_sampling_adaptive""},""sys"":{""threads"":1},""logging"":{""level"":""INFO"",""with_timestamp"":true,""with_thread_id"":false}}","{""generator"":""stripe_ctrl_alpha"",""dataset"":""exp7_stripe__nr100000__ns100000__a5_000ep00__g1"",""n_r"":100000,""n_s"":100000,""has_exact_k"":true,""k_target"":1000000,""k_achieved"":1000000,""alpha_target"":5,""alpha_achieved"":5,""notes"":""control_axis=1, core=[0.45,0.55], g=9.9999e-07, h=9e-06, delta=2.49998e-07, shuffle_strips=1, shuffle_r=0, k_overridden=0""}"
exp7_stripe__nr100000__ns100000__a5_000ep00__g1,stripe_ctrl_alpha,5,100000,100000,sirs,sampling,100000,0,1,1,2879.69,1e+06,1,0,0,0,,0,"{""build_ms"":119.114262,""count_ms"":2742.459271,""run_build_ms"":119.115072,""run_count_ms"":2742.460631,""run_sample_ms"":18.113164,""sample_ms"":18.111773,""sirs_build_index_ms"":119.113642,""sirs_build_kd_ms"":11.427799,""sirs_embed_inner_ms"":52.829132,""sirs_phase1_degrees_ms"":2742.450571,""sirs_rank_axes_ms"":54.850331}",,"{""dataset"":{""source"":""synthetic"",""name"":""exp7_stripe__nr100000__ns100000__a5_000ep00__g1"",""dim"":2,""path_r"":"""",""path_s"":"""",""synthetic"":{""generator"":""stripe_ctrl_alpha"",""n_r"":100000,""n_s"":100000,""alpha"":5,""seed"":1}},""run"":{""method"":""sirs"",""variant"":""sampling"",""t"":100000,""seed"":1,""repeats"":3,""j_star"":1000000,""enum_cap"":0,""write_samples"":false,""verify"":false},""output"":{""out_dir"":""/home/dhy/PhD/SIGMOD-EXP/EXP-4/run/temp/exp7/sampling_adaptive"",""run_tag"":""exp7_sampling_adaptive""},""sys"":{""threads"":1},""logging"":{""level"":""INFO"",""with_timestamp"":true,""with_thread_id"":false}}","{""generator"":""stripe_ctrl_alpha"",""dataset"":""exp7_stripe__nr100000__ns100000__a5_000ep00__g1"",""n_r"":100000,""n_s"":100000,""has_exact_k"":true,""k_target"":1000000,""k_achieved"":1000000,""alpha_target"":5,""alpha_achieved"":5,""notes"":""control_axis=1, core=[0.45,0.55], g=9.9999e-07, h=9e-06, delta=2.49998e-07, shuffle_strips=1, shuffle_r=0, k_overridden=0""}"
exp7_stripe__nr100000__ns100000__a5_000ep00__g1,stripe_ctrl_alpha,5,100000,100000,sirs,sampling,100000,1,2,1,2881.15,1e+06,1,0,0,0,,0,"{""build_ms"":122.084142,""count_ms"":2740.994503,""run_build_ms"":122.084952,""run_count_ms"":2740.995753,""run_sample_ms"":18.059596,""sample_ms"":18.058196,""sirs_build_index_ms"":122.083372,""sirs_build_kd_ms"":11.387719,""sirs_embed_inner_ms"":53.043288,""sirs_phase1_degrees_ms"":2740.991673,""sirs_rank_axes_ms"":57.645914}",,"{""dataset"":{""source"":""synthetic"",""name"":""exp7_stripe__nr100000__ns100000__a5_000ep00__g1"",""dim"":2,""path_r"":"""",""path_s"":"""",""synthetic"":{""generator"":""stripe_ctrl_alpha"",""n_r"":100000,""n_s"":100000,""alpha"":5,""seed"":1}},""run"":{""method"":""sirs"",""variant"":""sampling"",""t"":100000,""seed"":1,""repeats"":3,""j_star"":1000000,""enum_cap"":0,""write_samples"":false,""verify"":false},""output"":{""out_dir"":""/home/dhy/PhD/SIGMOD-EXP/EXP-4/run/temp/exp7/sampling_adaptive"",""run_tag"":""exp7_sampling_adaptive""},""sys"":{""threads"":1},""logging"":{""level"":""INFO"",""with_timestamp"":true,""with_thread_id"":false}}","{""generator"":""stripe_ctrl_alpha"",""dataset"":""exp7_stripe__nr100000__ns100000__a5_000ep00__g1"",""n_r"":100000,""n_s"":100000,""has_exact_k"":true,""k_target"":1000000,""k_achieved"":1000000,""alpha_target"":5,""alpha_achieved"":5,""notes"":""control_axis=1, core=[0.45,0.55], g=9.9999e-07, h=9e-06, delta=2.49998e-07, shuffle_strips=1, shuffle_r=0, k_overridden=0""}"
exp7_stripe__nr100000__ns100000__a5_000ep00__g1,stripe_ctrl_alpha,5,100000,100000,sirs,sampling,100000,2,3,1,2879.8,1e+06,1,0,0,0,,0,"{""build_ms"":118.967645,""count_ms"":2743.061624,""run_build_ms"":118.968265,""run_count_ms"":2743.063274,""run_sample_ms"":17.759840,""sample_ms"":17.758640,""sirs_build_index_ms"":118.966745,""sirs_build_kd_ms"":11.421759,""sirs_embed_inner_ms"":53.095357,""sirs_phase1_degrees_ms"":2743.059264,""sirs_rank_axes_ms"":54.444159}",,"{""dataset"":{""source"":""synthetic"",""name"":""exp7_stripe__nr100000__ns100000__a5_000ep00__g1"",""dim"":2,""path_r"":"""",""path_s"":"""",""synthetic"":{""generator"":""stripe_ctrl_alpha"",""n_r"":100000,""n_s"":100000,""alpha"":5,""seed"":1}},""run"":{""method"":""sirs"",""variant"":""sampling"",""t"":100000,""seed"":1,""repeats"":3,""j_star"":1000000,""enum_cap"":0,""write_samples"":false,""verify"":false},""output"":{""out_dir"":""/home/dhy/PhD/SIGMOD-EXP/EXP-4/run/temp/exp7/sampling_adaptive"",""run_tag"":""exp7_sampling_adaptive""},""sys"":{""threads"":1},""logging"":{""level"":""INFO"",""with_timestamp"":true,""with_thread_id"":false}}","{""generator"":""stripe_ctrl_alpha"",""dataset"":""exp7_stripe__nr100000__ns100000__a5_000ep00__g1"",""n_r"":100000,""n_s"":100000,""has_exact_k"":true,""k_target"":1000000,""k_achieved"":1000000,""alpha_target"":5,""alpha_achieved"":5,""notes"":""control_axis=1, core=[0.45,0.55], g=9.9999e-07, h=9e-06, delta=2.49998e-07, shuffle_strips=1, shuffle_r=0, k_overridden=0""}"
exp7_stripe__nr100000__ns100000__a5_000ep00__g1,stripe_ctrl_alpha,5,100000,100000,sirs,adaptive,100000,0,1,1,3487.85,1e+06,1,1,0,0,enumerate_all,1000000,"{""build_ms"":119.373377,""run_build_ms"":119.373957,""run_pilot_enum_prepare_ms"":0.000730,""run_pilot_enum_scan_ms"":3367.195948,""run_small_join_sample_from_list_ms"":1.268074,""sirs_build_index_ms"":119.372887,""sirs_build_kd_ms"":11.424699,""sirs_embed_inner_ms"":53.057367,""sirs_rank_axes_ms"":54.883911}",,"{""dataset"":{""source"":""synthetic"",""name"":""exp7_stripe__nr100000__ns100000__a5_000ep00__g1"",""dim"":2,""path_r"":"""",""path_s"":"""",""synthetic"":{""generator"":""stripe_ctrl_alpha"",""n_r"":100000,""n_s"":100000,""alpha"":5,""seed"":1}},""run"":{""method"":""sirs"",""variant"":""adaptive"",""t"":100000,""seed"":1,""repeats"":3,""j_star"":1000000,""enum_cap"":0,""write_samples"":false,""verify"":false},""output"":{""out_dir"":""/home/dhy/PhD/SIGMOD-EXP/EXP-4/run/temp/exp7/sampling_adaptive"",""run_tag"":""exp7_sampling_adaptive""},""sys"":{""threads"":1},""logging"":{""level"":""INFO"",""with_timestamp"":true,""with_thread_id"":false}}","{""generator"":""stripe_ctrl_alpha"",""dataset"":""exp7_stripe__nr100000__ns100000__a5_000ep00__g1"",""n_r"":100000,""n_s"":100000,""has_exact_k"":true,""k_target"":1000000,""k_achieved"":1000000,""alpha_target"":5,""alpha_achieved"":5,""notes"":""control_axis=1, core=[0.45,0.55], g=9.9999e-07, h=9e-06, delta=2.49998e-07, shuffle_strips=1, shuffle_r=0, k_overridden=0""}"
exp7_stripe__nr100000__ns100000__a5_000ep00__g1,stripe_ctrl_alpha,5,100000,100000,sirs,adaptive,100000,1,2,1,3487.06,1e+06,1,1,0,0,enumerate_all,1000000,"{""build_ms"":118.955245,""run_build_ms"":118.955775,""run_pilot_enum_prepare_ms"":0.000630,""run_pilot_enum_scan_ms"":3366.820529,""run_small_join_sample_from_list_ms"":1.265925,""sirs_build_index_ms"":118.954295,""sirs_build_kd_ms"":11.422990,""sirs_embed_inner_ms"":53.067167,""sirs_rank_axes_ms"":54.457689}",,"{""dataset"":{""source"":""synthetic"",""name"":""exp7_stripe__nr100000__ns100000__a5_000ep00__g1"",""dim"":2,""path_r"":"""",""path_s"":"""",""synthetic"":{""generator"":""stripe_ctrl_alpha"",""n_r"":100000,""n_s"":100000,""alpha"":5,""seed"":1}},""run"":{""method"":""sirs"",""variant"":""adaptive"",""t"":100000,""seed"":1,""repeats"":3,""j_star"":1000000,""enum_cap"":0,""write_samples"":false,""verify"":false},""output"":{""out_dir"":""/home/dhy/PhD/SIGMOD-EXP/EXP-4/run/temp/exp7/sampling_adaptive"",""run_tag"":""exp7_sampling_adaptive""},""sys"":{""threads"":1},""logging"":{""level"":""INFO"",""with_timestamp"":true,""with_thread_id"":false}}","{""generator"":""stripe_ctrl_alpha"",""dataset"":""exp7_stripe__nr100000__ns100000__a5_000ep00__g1"",""n_r"":100000,""n_s"":100000,""has_exact_k"":true,""k_target"":1000000,""k_achieved"":1000000,""alpha_target"":5,""alpha_achieved"":5,""notes"":""control_axis=1, core=[0.45,0.55], g=9.9999e-07, h=9e-06, delta=2.49998e-07, shuffle_strips=1, shuffle_r=0, k_overridden=0""}"
exp7_stripe__nr100000__ns100000__a5_000ep00__g1,stripe_ctrl_alpha,5,100000,100000,sirs,adaptive,100000,2,3,1,3491.13,1e+06,1,1,0,0,enumerate_all,1000000,"{""build_ms"":118.764809,""run_build_ms"":118.765619,""run_pilot_enum_prepare_ms"":0.000900,""run_pilot_enum_scan_ms"":3371.054947,""run_small_join_sample_from_list_ms"":1.286254,""sirs_build_index_ms"":118.764029,""sirs_build_kd_ms"":11.406659,""sirs_embed_inner_ms"":52.858012,""sirs_rank_axes_ms"":54.491538}",,"{""dataset"":{""source"":""synthetic"",""name"":""exp7_stripe__nr100000__ns100000__a5_000ep00__g1"",""dim"":2,""path_r"":"""",""path_s"":"""",""synthetic"":{""generator"":""stripe_ctrl_alpha"",""n_r"":100000,""n_s"":100000,""alpha"":5,""seed"":1}},""run"":{""method"":""sirs"",""variant"":""adaptive"",""t"":100000,""seed"":1,""repeats"":3,""j_star"":1000000,""enum_cap"":0,""write_samples"":false,""verify"":false},""output"":{""out_dir"":""/home/dhy/PhD/SIGMOD-EXP/EXP-4/run/temp/exp7/sampling_adaptive"",""run_tag"":""exp7_sampling_adaptive""},""sys"":{""threads"":1},""logging"":{""level"":""INFO"",""with_timestamp"":true,""with_thread_id"":false}}","{""generator"":""stripe_ctrl_alpha"",""dataset"":""exp7_stripe__nr100000__ns100000__a5_000ep00__g1"",""n_r"":100000,""n_s"":100000,""has_exact_k"":true,""k_target"":1000000,""k_achieved"":1000000,""alpha_target"":5,""alpha_achieved"":5,""notes"":""control_axis=1, core=[0.45,0.55], g=9.9999e-07, h=9e-06, delta=2.49998e-07, shuffle_strips=1, shuffle_r=0, k_overridden=0""}"
exp7_stripe__nr100000__ns100000__a5_000ep00__g1,stripe_ctrl_alpha,5,100000,100000,rejection,sampling,100000,0,1,0,-1,-1,0,0,0,0,,0,{},SKIPPED: rejection+sampling is disabled in sjs_sweep; use variant=adaptive.,"{""dataset"":{""source"":""synthetic"",""name"":""exp7_stripe__nr100000__ns100000__a5_000ep00__g1"",""dim"":2,""path_r"":"""",""path_s"":"""",""synthetic"":{""generator"":""stripe_ctrl_alpha"",""n_r"":100000,""n_s"":100000,""alpha"":5,""seed"":1}},""run"":{""method"":""rejection"",""variant"":""sampling"",""t"":100000,""seed"":1,""repeats"":3,""j_star"":1000000,""enum_cap"":0,""write_samples"":false,""verify"":false},""output"":{""out_dir"":""/home/dhy/PhD/SIGMOD-EXP/EXP-4/run/temp/exp7/sampling_adaptive"",""run_tag"":""exp7_sampling_adaptive""},""sys"":{""threads"":1},""logging"":{""level"":""INFO"",""with_timestamp"":true,""with_thread_id"":false}}","{""generator"":""stripe_ctrl_alpha"",""dataset"":""exp7_stripe__nr100000__ns100000__a5_000ep00__g1"",""n_r"":100000,""n_s"":100000,""has_exact_k"":true,""k_target"":1000000,""k_achieved"":1000000,""alpha_target"":5,""alpha_achieved"":5,""notes"":""control_axis=1, core=[0.45,0.55], g=9.9999e-07, h=9e-06, delta=2.49998e-07, shuffle_strips=1, shuffle_r=0, k_overridden=0""}"
exp7_stripe__nr100000__ns100000__a5_000ep00__g1,stripe_ctrl_alpha,5,100000,100000,rejection,sampling,100000,1,2,0,-1,-1,0,0,0,0,,0,{},SKIPPED: rejection+sampling is disabled in sjs_sweep; use variant=adaptive.,"{""dataset"":{""source"":""synthetic"",""name"":""exp7_stripe__nr100000__ns100000__a5_000ep00__g1"",""dim"":2,""path_r"":"""",""path_s"":"""",""synthetic"":{""generator"":""stripe_ctrl_alpha"",""n_r"":100000,""n_s"":100000,""alpha"":5,""seed"":1}},""run"":{""method"":""rejection"",""variant"":""sampling"",""t"":100000,""seed"":1,""repeats"":3,""j_star"":1000000,""enum_cap"":0,""write_samples"":false,""verify"":false},""output"":{""out_dir"":""/home/dhy/PhD/SIGMOD-EXP/EXP-4/run/temp/exp7/sampling_adaptive"",""run_tag"":""exp7_sampling_adaptive""},""sys"":{""threads"":1},""logging"":{""level"":""INFO"",""with_timestamp"":true,""with_thread_id"":false}}","{""generator"":""stripe_ctrl_alpha"",""dataset"":""exp7_stripe__nr100000__ns100000__a5_000ep00__g1"",""n_r"":100000,""n_s"":100000,""has_exact_k"":true,""k_target"":1000000,""k_achieved"":1000000,""alpha_target"":5,""alpha_achieved"":5,""notes"":""control_axis=1, core=[0.45,0.55], g=9.9999e-07, h=9e-06, delta=2.49998e-07, shuffle_strips=1, shuffle_r=0, k_overridden=0""}"
exp7_stripe__nr100000__ns100000__a5_000ep00__g1,stripe_ctrl_alpha,5,100000,100000,rejection,sampling,100000,2,3,0,-1,-1,0,0,0,0,,0,{},SKIPPED: rejection+sampling is disabled in sjs_sweep; use variant=adaptive.,"{""dataset"":{""source"":""synthetic"",""name"":""exp7_stripe__nr100000__ns100000__a5_000ep00__g1"",""dim"":2,""path_r"":"""",""path_s"":"""",""synthetic"":{""generator"":""stripe_ctrl_alpha"",""n_r"":100000,""n_s"":100000,""alpha"":5,""seed"":1}},""run"":{""method"":""rejection"",""variant"":""sampling"",""t"":100000,""seed"":1,""repeats"":3,""j_star"":1000000,""enum_cap"":0,""write_samples"":false,""verify"":false},""output"":{""out_dir"":""/home/dhy/PhD/SIGMOD-EXP/EXP-4/run/temp/exp7/sampling_adaptive"",""run_tag"":""exp7_sampling_adaptive""},""sys"":{""threads"":1},""logging"":{""level"":""INFO"",""with_timestamp"":true,""with_thread_id"":false}}","{""generator"":""stripe_ctrl_alpha"",""dataset"":""exp7_stripe__nr100000__ns100000__a5_000ep00__g1"",""n_r"":100000,""n_s"":100000,""has_exact_k"":true,""k_target"":1000000,""k_achieved"":1000000,""alpha_target"":5,""alpha_achieved"":5,""notes"":""control_axis=1, core=[0.45,0.55], g=9.9999e-07, h=9e-06, delta=2.49998e-07, shuffle_strips=1, shuffle_r=0, k_overridden=0""}"
exp7_stripe__nr100000__ns100000__a5_000ep00__g1,stripe_ctrl_alpha,5,100000,100000,rejection,adaptive,100000,0,1,1,1591.83,1e+06,1,1,0,0,enumerate_all,1000000,"{""build_ms"":297.519446,""build_M_ms"":0.107768,""build_cellmap_ms"":19.637053,""build_mu_alias_ms"":277.692207,""build_slab_index_ms"":0.074318,""run_build_ms"":297.520825,""run_pilot_enum_prepare_ms"":0.009110,""run_pilot_enum_scan_ms"":1293.018654,""run_small_join_sample_from_list_ms"":1.267084}",,"{""dataset"":{""source"":""synthetic"",""name"":""exp7_stripe__nr100000__ns100000__a5_000ep00__g1"",""dim"":2,""path_r"":"""",""path_s"":"""",""synthetic"":{""generator"":""stripe_ctrl_alpha"",""n_r"":100000,""n_s"":100000,""alpha"":5,""seed"":1}},""run"":{""method"":""rejection"",""variant"":""adaptive"",""t"":100000,""seed"":1,""repeats"":3,""j_star"":1000000,""enum_cap"":0,""write_samples"":false,""verify"":false},""output"":{""out_dir"":""/home/dhy/PhD/SIGMOD-EXP/EXP-4/run/temp/exp7/sampling_adaptive"",""run_tag"":""exp7_sampling_adaptive""},""sys"":{""threads"":1},""logging"":{""level"":""INFO"",""with_timestamp"":true,""with_thread_id"":false}}","{""generator"":""stripe_ctrl_alpha"",""dataset"":""exp7_stripe__nr100000__ns100000__a5_000ep00__g1"",""n_r"":100000,""n_s"":100000,""has_exact_k"":true,""k_target"":1000000,""k_achieved"":1000000,""alpha_target"":5,""alpha_achieved"":5,""notes"":""control_axis=1, core=[0.45,0.55], g=9.9999e-07, h=9e-06, delta=2.49998e-07, shuffle_strips=1, shuffle_r=0, k_overridden=0""}"
exp7_stripe__nr100000__ns100000__a5_000ep00__g1,stripe_ctrl_alpha,5,100000,100000,rejection,adaptive,100000,1,2,1,1619.91,1e+06,1,1,0,0,enumerate_all,1000000,"{""build_ms"":298.772920,""build_M_ms"":0.106968,""build_cellmap_ms"":18.223721,""build_mu_alias_ms"":280.362173,""build_slab_index_ms"":0.070109,""run_build_ms"":298.825759,""run_pilot_enum_prepare_ms"":0.008720,""run_pilot_enum_scan_ms"":1308.211968,""run_small_join_sample_from_list_ms"":1.276875}",,"{""dataset"":{""source"":""synthetic"",""name"":""exp7_stripe__nr100000__ns100000__a5_000ep00__g1"",""dim"":2,""path_r"":"""",""path_s"":"""",""synthetic"":{""generator"":""stripe_ctrl_alpha"",""n_r"":100000,""n_s"":100000,""alpha"":5,""seed"":1}},""run"":{""method"":""rejection"",""variant"":""adaptive"",""t"":100000,""seed"":1,""repeats"":3,""j_star"":1000000,""enum_cap"":0,""write_samples"":false,""verify"":false},""output"":{""out_dir"":""/home/dhy/PhD/SIGMOD-EXP/EXP-4/run/temp/exp7/sampling_adaptive"",""run_tag"":""exp7_sampling_adaptive""},""sys"":{""threads"":1},""logging"":{""level"":""INFO"",""with_timestamp"":true,""with_thread_id"":false}}","{""generator"":""stripe_ctrl_alpha"",""dataset"":""exp7_stripe__nr100000__ns100000__a5_000ep00__g1"",""n_r"":100000,""n_s"":100000,""has_exact_k"":true,""k_target"":1000000,""k_achieved"":1000000,""alpha_target"":5,""alpha_achieved"":5,""notes"":""control_axis=1, core=[0.45,0.55], g=9.9999e-07, h=9e-06, delta=2.49998e-07, shuffle_strips=1, shuffle_r=0, k_overridden=0""}"
exp7_stripe__nr100000__ns100000__a5_000ep00__g1,stripe_ctrl_alpha,5,100000,100000,rejection,adaptive,100000,2,3,1,1631.64,1e+06,1,1,0,0,enumerate_all,1000000,"{""build_ms"":307.723300,""build_M_ms"":0.106288,""build_cellmap_ms"":19.853699,""build_mu_alias_ms"":287.686335,""build_slab_index_ms"":0.068048,""run_build_ms"":307.778759,""run_pilot_enum_prepare_ms"":0.010599,""run_pilot_enum_scan_ms"":1311.215478,""run_small_join_sample_from_list_ms"":1.275614}",,"{""dataset"":{""source"":""synthetic"",""name"":""exp7_stripe__nr100000__ns100000__a5_000ep00__g1"",""dim"":2,""path_r"":"""",""path_s"":"""",""synthetic"":{""generator"":""stripe_ctrl_alpha"",""n_r"":100000,""n_s"":100000,""alpha"":5,""seed"":1}},""run"":{""method"":""rejection"",""variant"":""adaptive"",""t"":100000,""seed"":1,""repeats"":3,""j_star"":1000000,""enum_cap"":0,""write_samples"":false,""verify"":false},""output"":{""out_dir"":""/home/dhy/PhD/SIGMOD-EXP/EXP-4/run/temp/exp7/sampling_adaptive"",""run_tag"":""exp7_sampling_adaptive""},""sys"":{""threads"":1},""logging"":{""level"":""INFO"",""with_timestamp"":true,""with_thread_id"":false}}","{""generator"":""stripe_ctrl_alpha"",""dataset"":""exp7_stripe__nr100000__ns100000__a5_000ep00__g1"",""n_r"":100000,""n_s"":100000,""has_exact_k"":true,""k_target"":1000000,""k_achieved"":1000000,""alpha_target"":5,""alpha_achieved"":5,""notes"":""control_axis=1, core=[0.45,0.55], g=9.9999e-07, h=9e-06, delta=2.49998e-07, shuffle_strips=1, shuffle_r=0, k_overridden=0""}"
exp7_stripe__nr100000__ns100000__a5_000ep00__g1,stripe_ctrl_alpha,5,100000,100000,tsunami,sampling,100000,0,1,1,5443.07,1e+06,1,0,0,0,,0,"{""build_ms"":86.059171,""phase1_count_ms"":5335.694706,""phase2_pass2_locate_ms"":21.303980,""run_build_ms"":86.060411,""run_count_ms"":5335.700726,""run_sample_ms"":21.305260,""tsunami_build_ms"":86.058091,""tsunami_build_index_ms"":27.016824,""tsunami_build_points_ms"":0.286514,""tsunami_build_query_order_ms"":0.924681,""tsunami_build_rank_encoding_ms"":29.484724,""tsunami_build_workload_queries_ms"":28.340017,""tsunami_pass2_rank_sample_ms"":21.301630}",,"{""dataset"":{""source"":""synthetic"",""name"":""exp7_stripe__nr100000__ns100000__a5_000ep00__g1"",""dim"":2,""path_r"":"""",""path_s"":"""",""synthetic"":{""generator"":""stripe_ctrl_alpha"",""n_r"":100000,""n_s"":100000,""alpha"":5,""seed"":1}},""run"":{""method"":""tsunami"",""variant"":""sampling"",""t"":100000,""seed"":1,""repeats"":3,""j_star"":1000000,""enum_cap"":0,""write_samples"":false,""verify"":false},""output"":{""out_dir"":""/home/dhy/PhD/SIGMOD-EXP/EXP-4/run/temp/exp7/sampling_adaptive"",""run_tag"":""exp7_sampling_adaptive""},""sys"":{""threads"":1},""logging"":{""level"":""INFO"",""with_timestamp"":true,""with_thread_id"":false}}","{""generator"":""stripe_ctrl_alpha"",""dataset"":""exp7_stripe__nr100000__ns100000__a5_000ep00__g1"",""n_r"":100000,""n_s"":100000,""has_exact_k"":true,""k_target"":1000000,""k_achieved"":1000000,""alpha_target"":5,""alpha_achieved"":5,""notes"":""control_axis=1, core=[0.45,0.55], g=9.9999e-07, h=9e-06, delta=2.49998e-07, shuffle_strips=1, shuffle_r=0, k_overridden=0""}"
exp7_stripe__nr100000__ns100000__a5_000ep00__g1,stripe_ctrl_alpha,5,100000,100000,tsunami,sampling,100000,1,2,1,5441.04,1e+06,1,0,0,0,,0,"{""build_ms"":86.032400,""phase1_count_ms"":5333.670926,""phase2_pass2_locate_ms"":21.320929,""run_build_ms"":86.033050,""run_count_ms"":5333.674686,""run_sample_ms"":21.322419,""tsunami_build_ms"":86.031810,""tsunami_build_index_ms"":27.055402,""tsunami_build_points_ms"":0.291685,""tsunami_build_query_order_ms"":0.914852,""tsunami_build_rank_encoding_ms"":29.480924,""tsunami_build_workload_queries_ms"":28.283949,""tsunami_pass2_rank_sample_ms"":21.318579}",,"{""dataset"":{""source"":""synthetic"",""name"":""exp7_stripe__nr100000__ns100000__a5_000ep00__g1"",""dim"":2,""path_r"":"""",""path_s"":"""",""synthetic"":{""generator"":""stripe_ctrl_alpha"",""n_r"":100000,""n_s"":100000,""alpha"":5,""seed"":1}},""run"":{""method"":""tsunami"",""variant"":""sampling"",""t"":100000,""seed"":1,""repeats"":3,""j_star"":1000000,""enum_cap"":0,""write_samples"":false,""verify"":false},""output"":{""out_dir"":""/home/dhy/PhD/SIGMOD-EXP/EXP-4/run/temp/exp7/sampling_adaptive"",""run_tag"":""exp7_sampling_adaptive""},""sys"":{""threads"":1},""logging"":{""level"":""INFO"",""with_timestamp"":true,""with_thread_id"":false}}","{""generator"":""stripe_ctrl_alpha"",""dataset"":""exp7_stripe__nr100000__ns100000__a5_000ep00__g1"",""n_r"":100000,""n_s"":100000,""has_exact_k"":true,""k_target"":1000000,""k_achieved"":1000000,""alpha_target"":5,""alpha_achieved"":5,""notes"":""control_axis=1, core=[0.45,0.55], g=9.9999e-07, h=9e-06, delta=2.49998e-07, shuffle_strips=1, shuffle_r=0, k_overridden=0""}"
exp7_stripe__nr100000__ns100000__a5_000ep00__g1,stripe_ctrl_alpha,5,100000,100000,tsunami,sampling,100000,2,3,1,5443.98,1e+06,1,0,0,0,,0,"{""build_ms"":85.970122,""phase1_count_ms"":5336.711801,""phase2_pass2_locate_ms"":21.281440,""run_build_ms"":85.970752,""run_count_ms"":5336.715621,""run_sample_ms"":21.282470,""tsunami_build_ms"":85.969302,""tsunami_build_index_ms"":27.043124,""tsunami_build_points_ms"":0.277035,""tsunami_build_query_order_ms"":0.919361,""tsunami_build_rank_encoding_ms"":29.462894,""tsunami_build_workload_queries_ms"":28.260249,""tsunami_pass2_rank_sample_ms"":21.279390}",,"{""dataset"":{""source"":""synthetic"",""name"":""exp7_stripe__nr100000__ns100000__a5_000ep00__g1"",""dim"":2,""path_r"":"""",""path_s"":"""",""synthetic"":{""generator"":""stripe_ctrl_alpha"",""n_r"":100000,""n_s"":100000,""alpha"":5,""seed"":1}},""run"":{""method"":""tsunami"",""variant"":""sampling"",""t"":100000,""seed"":1,""repeats"":3,""j_star"":1000000,""enum_cap"":0,""write_samples"":false,""verify"":false},""output"":{""out_dir"":""/home/dhy/PhD/SIGMOD-EXP/EXP-4/run/temp/exp7/sampling_adaptive"",""run_tag"":""exp7_sampling_adaptive""},""sys"":{""threads"":1},""logging"":{""level"":""INFO"",""with_timestamp"":true,""with_thread_id"":false}}","{""generator"":""stripe_ctrl_alpha"",""dataset"":""exp7_stripe__nr100000__ns100000__a5_000ep00__g1"",""n_r"":100000,""n_s"":100000,""has_exact_k"":true,""k_target"":1000000,""k_achieved"":1000000,""alpha_target"":5,""alpha_achieved"":5,""notes"":""control_axis=1, core=[0.45,0.55], g=9.9999e-07, h=9e-06, delta=2.49998e-07, shuffle_strips=1, shuffle_r=0, k_overridden=0""}"
exp7_stripe__nr100000__ns100000__a5_000ep00__g1,stripe_ctrl_alpha,5,100000,100000,tsunami,adaptive,100000,0,1,1,5766.05,1e+06,1,1,0,0,enumerate_all,1000000,"{""build_ms"":86.025822,""enumerate_prepare_ms"":0.000250,""run_build_ms"":86.027042,""run_pilot_enum_prepare_ms"":0.001470,""run_pilot_enum_scan_ms"":5678.736797,""run_small_join_sample_from_list_ms"":1.270854,""tsunami_build_ms"":86.025282,""tsunami_build_index_ms"":27.006834,""tsunami_build_points_ms"":0.281855,""tsunami_build_query_order_ms"":0.919802,""tsunami_build_rank_encoding_ms"":29.508653,""tsunami_build_workload_queries_ms"":28.302928}",,"{""dataset"":{""source"":""synthetic"",""name"":""exp7_stripe__nr100000__ns100000__a5_000ep00__g1"",""dim"":2,""path_r"":"""",""path_s"":"""",""synthetic"":{""generator"":""stripe_ctrl_alpha"",""n_r"":100000,""n_s"":100000,""alpha"":5,""seed"":1}},""run"":{""method"":""tsunami"",""variant"":""adaptive"",""t"":100000,""seed"":1,""repeats"":3,""j_star"":1000000,""enum_cap"":0,""write_samples"":false,""verify"":false},""output"":{""out_dir"":""/home/dhy/PhD/SIGMOD-EXP/EXP-4/run/temp/exp7/sampling_adaptive"",""run_tag"":""exp7_sampling_adaptive""},""sys"":{""threads"":1},""logging"":{""level"":""INFO"",""with_timestamp"":true,""with_thread_id"":false}}","{""generator"":""stripe_ctrl_alpha"",""dataset"":""exp7_stripe__nr100000__ns100000__a5_000ep00__g1"",""n_r"":100000,""n_s"":100000,""has_exact_k"":true,""k_target"":1000000,""k_achieved"":1000000,""alpha_target"":5,""alpha_achieved"":5,""notes"":""control_axis=1, core=[0.45,0.55], g=9.9999e-07, h=9e-06, delta=2.49998e-07, shuffle_strips=1, shuffle_r=0, k_overridden=0""}"
exp7_stripe__nr100000__ns100000__a5_000ep00__g1,stripe_ctrl_alpha,5,100000,100000,tsunami,adaptive,100000,1,2,1,5784.93,1e+06,1,1,0,0,enumerate_all,1000000,"{""build_ms"":86.015702,""enumerate_prepare_ms"":0.000150,""run_build_ms"":86.016112,""run_pilot_enum_prepare_ms"":0.000830,""run_pilot_enum_scan_ms"":5697.633105,""run_small_join_sample_from_list_ms"":1.263485,""tsunami_build_ms"":86.015132,""tsunami_build_index_ms"":27.021704,""tsunami_build_points_ms"":0.280514,""tsunami_build_query_order_ms"":0.915732,""tsunami_build_rank_encoding_ms"":29.493994,""tsunami_build_workload_queries_ms"":28.297098}",,"{""dataset"":{""source"":""synthetic"",""name"":""exp7_stripe__nr100000__ns100000__a5_000ep00__g1"",""dim"":2,""path_r"":"""",""path_s"":"""",""synthetic"":{""generator"":""stripe_ctrl_alpha"",""n_r"":100000,""n_s"":100000,""alpha"":5,""seed"":1}},""run"":{""method"":""tsunami"",""variant"":""adaptive"",""t"":100000,""seed"":1,""repeats"":3,""j_star"":1000000,""enum_cap"":0,""write_samples"":false,""verify"":false},""output"":{""out_dir"":""/home/dhy/PhD/SIGMOD-EXP/EXP-4/run/temp/exp7/sampling_adaptive"",""run_tag"":""exp7_sampling_adaptive""},""sys"":{""threads"":1},""logging"":{""level"":""INFO"",""with_timestamp"":true,""with_thread_id"":false}}","{""generator"":""stripe_ctrl_alpha"",""dataset"":""exp7_stripe__nr100000__ns100000__a5_000ep00__g1"",""n_r"":100000,""n_s"":100000,""has_exact_k"":true,""k_target"":1000000,""k_achieved"":1000000,""alpha_target"":5,""alpha_achieved"":5,""notes"":""control_axis=1, core=[0.45,0.55], g=9.9999e-07, h=9e-06, delta=2.49998e-07, shuffle_strips=1, shuffle_r=0, k_overridden=0""}"
exp7_stripe__nr100000__ns100000__a5_000ep00__g1,stripe_ctrl_alpha,5,100000,100000,tsunami,adaptive,100000,2,3,1,5790.74,1e+06,1,1,0,0,enumerate_all,1000000,"{""build_ms"":86.007263,""enumerate_prepare_ms"":0.000329,""run_build_ms"":86.007983,""run_pilot_enum_prepare_ms"":0.000930,""run_pilot_enum_scan_ms"":5703.431156,""run_small_join_sample_from_list_ms"":1.279874,""tsunami_build_ms"":86.006553,""tsunami_build_index_ms"":26.996314,""tsunami_build_points_ms"":0.283354,""tsunami_build_query_order_ms"":0.918482,""tsunami_build_rank_encoding_ms"":29.527713,""tsunami_build_workload_queries_ms"":28.275809}",,"{""dataset"":{""source"":""synthetic"",""name"":""exp7_stripe__nr100000__ns100000__a5_000ep00__g1"",""dim"":2,""path_r"":"""",""path_s"":"""",""synthetic"":{""generator"":""stripe_ctrl_alpha"",""n_r"":100000,""n_s"":100000,""alpha"":5,""seed"":1}},""run"":{""method"":""tsunami"",""variant"":""adaptive"",""t"":100000,""seed"":1,""repeats"":3,""j_star"":1000000,""enum_cap"":0,""write_samples"":false,""verify"":false},""output"":{""out_dir"":""/home/dhy/PhD/SIGMOD-EXP/EXP-4/run/temp/exp7/sampling_adaptive"",""run_tag"":""exp7_sampling_adaptive""},""sys"":{""threads"":1},""logging"":{""level"":""INFO"",""with_timestamp"":true,""with_thread_id"":false}}","{""generator"":""stripe_ctrl_alpha"",""dataset"":""exp7_stripe__nr100000__ns100000__a5_000ep00__g1"",""n_r"":100000,""n_s"":100000,""has_exact_k"":true,""k_target"":1000000,""k_achieved"":1000000,""alpha_target"":5,""alpha_achieved"":5,""notes"":""control_axis=1, core=[0.45,0.55], g=9.9999e-07, h=9e-06, delta=2.49998e-07, shuffle_strips=1, shuffle_r=0, k_overridden=0""}"
exp7_stripe__nr100000__ns100000__a3_000ep01__g1,stripe_ctrl_alpha,30,100000,100000,ours,sampling,100000,0,1,1,468.401,6e+06,1,0,0,0,,0,"{""build_active_indices_ms"":5.603547,""build_events_ms"":34.909715,""build_ranks_ms"":40.159718,""build_y_domain_ms"":14.151064,""phase1_count_ms"":221.272000,""phase2_plan_ms"":7.966339,""phase3_sample_ms"":143.796565,""run_build_ms"":95.325124,""run_count_ms"":221.275769,""run_sample_ms"":151.795393}",,"{""dataset"":{""source"":""synthetic"",""name"":""exp7_stripe__nr100000__ns100000__a3_000ep01__g1"",""dim"":2,""path_r"":"""",""path_s"":"""",""synthetic"":{""generator"":""stripe_ctrl_alpha"",""n_r"":100000,""n_s"":100000,""alpha"":30,""seed"":1}},""run"":{""method"":""ours"",""variant"":""sampling"",""t"":100000,""seed"":1,""repeats"":3,""j_star"":1000000,""enum_cap"":0,""write_samples"":false,""verify"":false},""output"":{""out_dir"":""/home/dhy/PhD/SIGMOD-EXP/EXP-4/run/temp/exp7/sampling_adaptive"",""run_tag"":""exp7_sampling_adaptive""},""sys"":{""threads"":1},""logging"":{""level"":""INFO"",""with_timestamp"":true,""with_thread_id"":false}}","{""generator"":""stripe_ctrl_alpha"",""dataset"":""exp7_stripe__nr100000__ns100000__a3_000ep01__g1"",""n_r"":100000,""n_s"":100000,""has_exact_k"":true,""k_target"":6000000,""k_achieved"":6000000,""alpha_target"":30,""alpha_achieved"":30,""notes"":""control_axis=1, core=[0.45,0.55], g=9.9999e-07, h=9e-06, delta=2.49998e-07, shuffle_strips=1, shuffle_r=0, k_overridden=0""}"
exp7_stripe__nr100000__ns100000__a3_000ep01__g1,stripe_ctrl_alpha,30,100000,100000,ours,sampling,100000,1,2,1,523.98,6e+06,1,0,0,0,,0,"{""build_active_indices_ms"":5.547868,""build_events_ms"":42.308885,""build_ranks_ms"":40.131919,""build_y_domain_ms"":14.163644,""phase1_count_ms"":225.524603,""phase2_plan_ms"":8.016878,""phase3_sample_ms"":143.990501,""run_build_ms"":102.648456,""run_count_ms"":225.528943,""run_sample_ms"":152.040389}",,"{""dataset"":{""source"":""synthetic"",""name"":""exp7_stripe__nr100000__ns100000__a3_000ep01__g1"",""dim"":2,""path_r"":"""",""path_s"":"""",""synthetic"":{""generator"":""stripe_ctrl_alpha"",""n_r"":100000,""n_s"":100000,""alpha"":30,""seed"":1}},""run"":{""method"":""ours"",""variant"":""sampling"",""t"":100000,""seed"":1,""repeats"":3,""j_star"":1000000,""enum_cap"":0,""write_samples"":false,""verify"":false},""output"":{""out_dir"":""/home/dhy/PhD/SIGMOD-EXP/EXP-4/run/temp/exp7/sampling_adaptive"",""run_tag"":""exp7_sampling_adaptive""},""sys"":{""threads"":1},""logging"":{""level"":""INFO"",""with_timestamp"":true,""with_thread_id"":false}}","{""generator"":""stripe_ctrl_alpha"",""dataset"":""exp7_stripe__nr100000__ns100000__a3_000ep01__g1"",""n_r"":100000,""n_s"":100000,""has_exact_k"":true,""k_target"":6000000,""k_achieved"":6000000,""alpha_target"":30,""alpha_achieved"":30,""notes"":""control_axis=1, core=[0.45,0.55], g=9.9999e-07, h=9e-06, delta=2.49998e-07, shuffle_strips=1, shuffle_r=0, k_overridden=0""}"
exp7_stripe__nr100000__ns100000__a3_000ep01__g1,stripe_ctrl_alpha,30,100000,100000,ours,sampling,100000,2,3,1,521.112,6e+06,1,0,0,0,,0,"{""build_active_indices_ms"":5.539878,""build_events_ms"":42.068890,""build_ranks_ms"":40.166769,""build_y_domain_ms"":14.169953,""phase1_count_ms"":222.135982,""phase2_plan_ms"":7.963649,""phase3_sample_ms"":144.122518,""run_build_ms"":102.442130,""run_count_ms"":222.140113,""run_sample_ms"":152.119396}",,"{""dataset"":{""source"":""synthetic"",""name"":""exp7_stripe__nr100000__ns100000__a3_000ep01__g1"",""dim"":2,""path_r"":"""",""path_s"":"""",""synthetic"":{""generator"":""stripe_ctrl_alpha"",""n_r"":100000,""n_s"":100000,""alpha"":30,""seed"":1}},""run"":{""method"":""ours"",""variant"":""sampling"",""t"":100000,""seed"":1,""repeats"":3,""j_star"":1000000,""enum_cap"":0,""write_samples"":false,""verify"":false},""output"":{""out_dir"":""/home/dhy/PhD/SIGMOD-EXP/EXP-4/run/temp/exp7/sampling_adaptive"",""run_tag"":""exp7_sampling_adaptive""},""sys"":{""threads"":1},""logging"":{""level"":""INFO"",""with_timestamp"":true,""with_thread_id"":false}}","{""generator"":""stripe_ctrl_alpha"",""dataset"":""exp7_stripe__nr100000__ns100000__a3_000ep01__g1"",""n_r"":100000,""n_s"":100000,""has_exact_k"":true,""k_target"":6000000,""k_achieved"":6000000,""alpha_target"":30,""alpha_achieved"":30,""notes"":""control_axis=1, core=[0.45,0.55], g=9.9999e-07, h=9e-06, delta=2.49998e-07, shuffle_strips=1, shuffle_r=0, k_overridden=0""}"
exp7_stripe__nr100000__ns100000__a3_000ep01__g1,stripe_ctrl_alpha,30,100000,100000,ours,adaptive,100000,0,1,1,539.69,6e+06,1,0,1,0,fallback_sampling,1000001,"{""build_active_indices_ms"":5.562497,""build_events_ms"":34.880966,""build_ranks_ms"":40.083910,""build_y_domain_ms"":14.151834,""phase1_count_adaptive_ms"":215.858239,""phase2_plan_ms"":7.967279,""phase3_sample_ms"":144.341054,""run_build_ms"":95.189217,""run_fallback_count_ms"":215.862379,""run_fallback_sample_ms"":152.342583,""run_pilot_enum_prepare_ms"":1.504249,""run_pilot_enum_scan_ms"":74.778229,""sample_ms"":152.340253}",,"{""dataset"":{""source"":""synthetic"",""name"":""exp7_stripe__nr100000__ns100000__a3_000ep01__g1"",""dim"":2,""path_r"":"""",""path_s"":"""",""synthetic"":{""generator"":""stripe_ctrl_alpha"",""n_r"":100000,""n_s"":100000,""alpha"":30,""seed"":1}},""run"":{""method"":""ours"",""variant"":""adaptive"",""t"":100000,""seed"":1,""repeats"":3,""j_star"":1000000,""enum_cap"":0,""write_samples"":false,""verify"":false},""output"":{""out_dir"":""/home/dhy/PhD/SIGMOD-EXP/EXP-4/run/temp/exp7/sampling_adaptive"",""run_tag"":""exp7_sampling_adaptive""},""sys"":{""threads"":1},""logging"":{""level"":""INFO"",""with_timestamp"":true,""with_thread_id"":false}}","{""generator"":""stripe_ctrl_alpha"",""dataset"":""exp7_stripe__nr100000__ns100000__a3_000ep01__g1"",""n_r"":100000,""n_s"":100000,""has_exact_k"":true,""k_target"":6000000,""k_achieved"":6000000,""alpha_target"":30,""alpha_achieved"":30,""notes"":""control_axis=1, core=[0.45,0.55], g=9.9999e-07, h=9e-06, delta=2.49998e-07, shuffle_strips=1, shuffle_r=0, k_overridden=0""}"
exp7_stripe__nr100000__ns100000__a3_000ep01__g1,stripe_ctrl_alpha,30,100000,100000,ours,adaptive,100000,1,2,1,585.722,6e+06,1,0,1,0,fallback_sampling,1000001,"{""build_active_indices_ms"":5.388321,""build_events_ms"":42.322605,""build_ranks_ms"":40.042421,""build_y_domain_ms"":14.163844,""phase1_count_adaptive_ms"":211.433208,""phase2_plan_ms"":7.972669,""phase3_sample_ms"":144.436051,""run_build_ms"":102.419620,""run_fallback_count_ms"":211.437598,""run_fallback_sample_ms"":152.443890,""run_pilot_enum_prepare_ms"":1.561689,""run_pilot_enum_scan_ms"":74.345098,""sample_ms"":152.442500}",,"{""dataset"":{""source"":""synthetic"",""name"":""exp7_stripe__nr100000__ns100000__a3_000ep01__g1"",""dim"":2,""path_r"":"""",""path_s"":"""",""synthetic"":{""generator"":""stripe_ctrl_alpha"",""n_r"":100000,""n_s"":100000,""alpha"":30,""seed"":1}},""run"":{""method"":""ours"",""variant"":""adaptive"",""t"":100000,""seed"":1,""repeats"":3,""j_star"":1000000,""enum_cap"":0,""write_samples"":false,""verify"":false},""output"":{""out_dir"":""/home/dhy/PhD/SIGMOD-EXP/EXP-4/run/temp/exp7/sampling_adaptive"",""run_tag"":""exp7_sampling_adaptive""},""sys"":{""threads"":1},""logging"":{""level"":""INFO"",""with_timestamp"":true,""with_thread_id"":false}}","{""generator"":""stripe_ctrl_alpha"",""dataset"":""exp7_stripe__nr100000__ns100000__a3_000ep01__g1"",""n_r"":100000,""n_s"":100000,""has_exact_k"":true,""k_target"":6000000,""k_achieved"":6000000,""alpha_target"":30,""alpha_achieved"":30,""notes"":""control_axis=1, core=[0.45,0.55], g=9.9999e-07, h=9e-06, delta=2.49998e-07, shuffle_strips=1, shuffle_r=0, k_overridden=0""}"
exp7_stripe__nr100000__ns100000__a3_000ep01__g1,stripe_ctrl_alpha,30,100000,100000,ours,adaptive,100000,2,3,1,589.454,6e+06,1,0,1,0,fallback_sampling,1000001,"{""build_active_indices_ms"":5.451690,""build_events_ms"":45.145908,""build_ranks_ms"":40.051281,""build_y_domain_ms"":14.176723,""phase1_count_adaptive_ms"":211.182424,""phase2_plan_ms"":7.990238,""phase3_sample_ms"":144.640628,""run_build_ms"":105.327252,""run_fallback_count_ms"":211.186904,""run_fallback_sample_ms"":152.665646,""run_pilot_enum_prepare_ms"":1.500290,""run_pilot_enum_scan_ms"":74.753689,""sample_ms"":152.664616}",,"{""dataset"":{""source"":""synthetic"",""name"":""exp7_stripe__nr100000__ns100000__a3_000ep01__g1"",""dim"":2,""path_r"":"""",""path_s"":"""",""synthetic"":{""generator"":""stripe_ctrl_alpha"",""n_r"":100000,""n_s"":100000,""alpha"":30,""seed"":1}},""run"":{""method"":""ours"",""variant"":""adaptive"",""t"":100000,""seed"":1,""repeats"":3,""j_star"":1000000,""enum_cap"":0,""write_samples"":false,""verify"":false},""output"":{""out_dir"":""/home/dhy/PhD/SIGMOD-EXP/EXP-4/run/temp/exp7/sampling_adaptive"",""run_tag"":""exp7_sampling_adaptive""},""sys"":{""threads"":1},""logging"":{""level"":""INFO"",""with_timestamp"":true,""with_thread_id"":false}}","{""generator"":""stripe_ctrl_alpha"",""dataset"":""exp7_stripe__nr100000__ns100000__a3_000ep01__g1"",""n_r"":100000,""n_s"":100000,""has_exact_k"":true,""k_target"":6000000,""k_achieved"":6000000,""alpha_target"":30,""alpha_achieved"":30,""notes"":""control_axis=1, core=[0.45,0.55], g=9.9999e-07, h=9e-06, delta=2.49998e-07, shuffle_strips=1, shuffle_r=0, k_overridden=0""}"
exp7_stripe__nr100000__ns100000__a3_000ep01__g1,stripe_ctrl_alpha,30,100000,100000,aabb,sampling,100000,0,1,1,1278.39,6e+06,1,0,0,0,,0,"{""build_ms"":35.403614,""phase1_count_ms"":756.283722,""phase2_assign_ms"":9.927479,""phase3_sample_ms"":476.744988,""run_build_ms"":35.405284,""run_count_ms"":756.286742,""run_sample_ms"":486.694257}",,"{""dataset"":{""source"":""synthetic"",""name"":""exp7_stripe__nr100000__ns100000__a3_000ep01__g1"",""dim"":2,""path_r"":"""",""path_s"":"""",""synthetic"":{""generator"":""stripe_ctrl_alpha"",""n_r"":100000,""n_s"":100000,""alpha"":30,""seed"":1}},""run"":{""method"":""aabb"",""variant"":""sampling"",""t"":100000,""seed"":1,""repeats"":3,""j_star"":1000000,""enum_cap"":0,""write_samples"":false,""verify"":false},""output"":{""out_dir"":""/home/dhy/PhD/SIGMOD-EXP/EXP-4/run/temp/exp7/sampling_adaptive"",""run_tag"":""exp7_sampling_adaptive""},""sys"":{""threads"":1},""logging"":{""level"":""INFO"",""with_timestamp"":true,""with_thread_id"":false}}","{""generator"":""stripe_ctrl_alpha"",""dataset"":""exp7_stripe__nr100000__ns100000__a3_000ep01__g1"",""n_r"":100000,""n_s"":100000,""has_exact_k"":true,""k_target"":6000000,""k_achieved"":6000000,""alpha_target"":30,""alpha_achieved"":30,""notes"":""control_axis=1, core=[0.45,0.55], g=9.9999e-07, h=9e-06, delta=2.49998e-07, shuffle_strips=1, shuffle_r=0, k_overridden=0""}"
exp7_stripe__nr100000__ns100000__a3_000ep01__g1,stripe_ctrl_alpha,30,100000,100000,aabb,sampling,100000,1,2,1,1285.69,6e+06,1,0,0,0,,0,"{""build_ms"":35.479293,""phase1_count_ms"":757.807120,""phase2_assign_ms"":9.835822,""phase3_sample_ms"":482.542402,""run_build_ms"":35.481083,""run_count_ms"":757.810480,""run_sample_ms"":492.399393}",,"{""dataset"":{""source"":""synthetic"",""name"":""exp7_stripe__nr100000__ns100000__a3_000ep01__g1"",""dim"":2,""path_r"":"""",""path_s"":"""",""synthetic"":{""generator"":""stripe_ctrl_alpha"",""n_r"":100000,""n_s"":100000,""alpha"":30,""seed"":1}},""run"":{""method"":""aabb"",""variant"":""sampling"",""t"":100000,""seed"":1,""repeats"":3,""j_star"":1000000,""enum_cap"":0,""write_samples"":false,""verify"":false},""output"":{""out_dir"":""/home/dhy/PhD/SIGMOD-EXP/EXP-4/run/temp/exp7/sampling_adaptive"",""run_tag"":""exp7_sampling_adaptive""},""sys"":{""threads"":1},""logging"":{""level"":""INFO"",""with_timestamp"":true,""with_thread_id"":false}}","{""generator"":""stripe_ctrl_alpha"",""dataset"":""exp7_stripe__nr100000__ns100000__a3_000ep01__g1"",""n_r"":100000,""n_s"":100000,""has_exact_k"":true,""k_target"":6000000,""k_achieved"":6000000,""alpha_target"":30,""alpha_achieved"":30,""notes"":""control_axis=1, core=[0.45,0.55], g=9.9999e-07, h=9e-06, delta=2.49998e-07, shuffle_strips=1, shuffle_r=0, k_overridden=0""}"
exp7_stripe__nr100000__ns100000__a3_000ep01__g1,stripe_ctrl_alpha,30,100000,100000,aabb,sampling,100000,2,3,1,1278.52,6e+06,1,0,0,0,,0,"{""build_ms"":35.429384,""phase1_count_ms"":753.630015,""phase2_assign_ms"":9.951049,""phase3_sample_ms"":479.481704,""run_build_ms"":35.430774,""run_count_ms"":753.632085,""run_sample_ms"":489.454282}",,"{""dataset"":{""source"":""synthetic"",""name"":""exp7_stripe__nr100000__ns100000__a3_000ep01__g1"",""dim"":2,""path_r"":"""",""path_s"":"""",""synthetic"":{""generator"":""stripe_ctrl_alpha"",""n_r"":100000,""n_s"":100000,""alpha"":30,""seed"":1}},""run"":{""method"":""aabb"",""variant"":""sampling"",""t"":100000,""seed"":1,""repeats"":3,""j_star"":1000000,""enum_cap"":0,""write_samples"":false,""verify"":false},""output"":{""out_dir"":""/home/dhy/PhD/SIGMOD-EXP/EXP-4/run/temp/exp7/sampling_adaptive"",""run_tag"":""exp7_sampling_adaptive""},""sys"":{""threads"":1},""logging"":{""level"":""INFO"",""with_timestamp"":true,""with_thread_id"":false}}","{""generator"":""stripe_ctrl_alpha"",""dataset"":""exp7_stripe__nr100000__ns100000__a3_000ep01__g1"",""n_r"":100000,""n_s"":100000,""has_exact_k"":true,""k_target"":6000000,""k_achieved"":6000000,""alpha_target"":30,""alpha_achieved"":30,""notes"":""control_axis=1, core=[0.45,0.55], g=9.9999e-07, h=9e-06, delta=2.49998e-07, shuffle_strips=1, shuffle_r=0, k_overridden=0""}"
exp7_stripe__nr100000__ns100000__a3_000ep01__g1,stripe_ctrl_alpha,30,100000,100000,aabb,adaptive,100000,0,1,1,1654.39,6e+06,1,0,1,0,fallback_sampling,1000001,"{""build_ms"":35.522052,""enumerate_prepare_ms"":35.073641,""phase1_count_ms"":874.813447,""phase2_assign_ms"":9.911920,""phase3_sample_ms"":481.955593,""run_build_ms"":35.523322,""run_fallback_count_ms"":874.817237,""run_fallback_sample_ms"":491.891713,""run_pilot_enum_prepare_ms"":35.075231,""run_pilot_enum_scan_ms"":217.057175}",,"{""dataset"":{""source"":""synthetic"",""name"":""exp7_stripe__nr100000__ns100000__a3_000ep01__g1"",""dim"":2,""path_r"":"""",""path_s"":"""",""synthetic"":{""generator"":""stripe_ctrl_alpha"",""n_r"":100000,""n_s"":100000,""alpha"":30,""seed"":1}},""run"":{""method"":""aabb"",""variant"":""adaptive"",""t"":100000,""seed"":1,""repeats"":3,""j_star"":1000000,""enum_cap"":0,""write_samples"":false,""verify"":false},""output"":{""out_dir"":""/home/dhy/PhD/SIGMOD-EXP/EXP-4/run/temp/exp7/sampling_adaptive"",""run_tag"":""exp7_sampling_adaptive""},""sys"":{""threads"":1},""logging"":{""level"":""INFO"",""with_timestamp"":true,""with_thread_id"":false}}","{""generator"":""stripe_ctrl_alpha"",""dataset"":""exp7_stripe__nr100000__ns100000__a3_000ep01__g1"",""n_r"":100000,""n_s"":100000,""has_exact_k"":true,""k_target"":6000000,""k_achieved"":6000000,""alpha_target"":30,""alpha_achieved"":30,""notes"":""control_axis=1, core=[0.45,0.55], g=9.9999e-07, h=9e-06, delta=2.49998e-07, shuffle_strips=1, shuffle_r=0, k_overridden=0""}"
exp7_stripe__nr100000__ns100000__a3_000ep01__g1,stripe_ctrl_alpha,30,100000,100000,aabb,adaptive,100000,1,2,1,1651.08,6e+06,1,0,1,0,fallback_sampling,1000001,"{""build_ms"":35.489634,""enumerate_prepare_ms"":34.970933,""phase1_count_ms"":875.743709,""phase2_assign_ms"":9.900159,""phase3_sample_ms"":477.842887,""run_build_ms"":35.490814,""run_fallback_count_ms"":875.746960,""run_fallback_sample_ms"":487.765776,""run_pilot_enum_prepare_ms"":34.973393,""run_pilot_enum_scan_ms"":217.077175}",,"{""dataset"":{""source"":""synthetic"",""name"":""exp7_stripe__nr100000__ns100000__a3_000ep01__g1"",""dim"":2,""path_r"":"""",""path_s"":"""",""synthetic"":{""generator"":""stripe_ctrl_alpha"",""n_r"":100000,""n_s"":100000,""alpha"":30,""seed"":1}},""run"":{""method"":""aabb"",""variant"":""adaptive"",""t"":100000,""seed"":1,""repeats"":3,""j_star"":1000000,""enum_cap"":0,""write_samples"":false,""verify"":false},""output"":{""out_dir"":""/home/dhy/PhD/SIGMOD-EXP/EXP-4/run/temp/exp7/sampling_adaptive"",""run_tag"":""exp7_sampling_adaptive""},""sys"":{""threads"":1},""logging"":{""level"":""INFO"",""with_timestamp"":true,""with_thread_id"":false}}","{""generator"":""stripe_ctrl_alpha"",""dataset"":""exp7_stripe__nr100000__ns100000__a3_000ep01__g1"",""n_r"":100000,""n_s"":100000,""has_exact_k"":true,""k_target"":6000000,""k_achieved"":6000000,""alpha_target"":30,""alpha_achieved"":30,""notes"":""control_axis=1, core=[0.45,0.55], g=9.9999e-07, h=9e-06, delta=2.49998e-07, shuffle_strips=1, shuffle_r=0, k_overridden=0""}"
exp7_stripe__nr100000__ns100000__a3_000ep01__g1,stripe_ctrl_alpha,30,100000,100000,aabb,adaptive,100000,2,3,1,1655.27,6e+06,1,0,1,0,fallback_sampling,1000001,"{""build_ms"":35.501073,""enumerate_prepare_ms"":34.961194,""phase1_count_ms"":876.522414,""phase2_assign_ms"":10.012697,""phase3_sample_ms"":478.903806,""run_build_ms"":35.503393,""run_fallback_count_ms"":876.525614,""run_fallback_sample_ms"":488.940313,""run_pilot_enum_prepare_ms"":34.963524,""run_pilot_enum_scan_ms"":219.308219}",,"{""dataset"":{""source"":""synthetic"",""name"":""exp7_stripe__nr100000__ns100000__a3_000ep01__g1"",""dim"":2,""path_r"":"""",""path_s"":"""",""synthetic"":{""generator"":""stripe_ctrl_alpha"",""n_r"":100000,""n_s"":100000,""alpha"":30,""seed"":1}},""run"":{""method"":""aabb"",""variant"":""adaptive"",""t"":100000,""seed"":1,""repeats"":3,""j_star"":1000000,""enum_cap"":0,""write_samples"":false,""verify"":false},""output"":{""out_dir"":""/home/dhy/PhD/SIGMOD-EXP/EXP-4/run/temp/exp7/sampling_adaptive"",""run_tag"":""exp7_sampling_adaptive""},""sys"":{""threads"":1},""logging"":{""level"":""INFO"",""with_timestamp"":true,""with_thread_id"":false}}","{""generator"":""stripe_ctrl_alpha"",""dataset"":""exp7_stripe__nr100000__ns100000__a3_000ep01__g1"",""n_r"":100000,""n_s"":100000,""has_exact_k"":true,""k_target"":6000000,""k_achieved"":6000000,""alpha_target"":30,""alpha_achieved"":30,""notes"":""control_axis=1, core=[0.45,0.55], g=9.9999e-07, h=9e-06, delta=2.49998e-07, shuffle_strips=1, shuffle_r=0, k_overridden=0""}"
exp7_stripe__nr100000__ns100000__a3_000ep01__g1,stripe_ctrl_alpha,30,100000,100000,interval_tree,sampling,100000,0,1,1,816.943,6e+06,1,0,0,0,,0,"{""build_ms"":132.681350,""build_active_ms"":23.501945,""build_events_ms"":38.064901,""build_start_ids_ms"":0.370033,""build_y_endpoints_ms"":26.576093,""build_y_indices_ms"":44.162549,""phase1_count_ms"":396.237846,""phase2_slots_ms"":6.808262,""phase3_resweep_ms"":281.175231,""run_build_ms"":132.682310,""run_count_ms"":396.241486,""run_sample_ms"":288.016582}",,"{""dataset"":{""source"":""synthetic"",""name"":""exp7_stripe__nr100000__ns100000__a3_000ep01__g1"",""dim"":2,""path_r"":"""",""path_s"":"""",""synthetic"":{""generator"":""stripe_ctrl_alpha"",""n_r"":100000,""n_s"":100000,""alpha"":30,""seed"":1}},""run"":{""method"":""interval_tree"",""variant"":""sampling"",""t"":100000,""seed"":1,""repeats"":3,""j_star"":1000000,""enum_cap"":0,""write_samples"":false,""verify"":false},""output"":{""out_dir"":""/home/dhy/PhD/SIGMOD-EXP/EXP-4/run/temp/exp7/sampling_adaptive"",""run_tag"":""exp7_sampling_adaptive""},""sys"":{""threads"":1},""logging"":{""level"":""INFO"",""with_timestamp"":true,""with_thread_id"":false}}","{""generator"":""stripe_ctrl_alpha"",""dataset"":""exp7_stripe__nr100000__ns100000__a3_000ep01__g1"",""n_r"":100000,""n_s"":100000,""has_exact_k"":true,""k_target"":6000000,""k_achieved"":6000000,""alpha_target"":30,""alpha_achieved"":30,""notes"":""control_axis=1, core=[0.45,0.55], g=9.9999e-07, h=9e-06, delta=2.49998e-07, shuffle_strips=1, shuffle_r=0, k_overridden=0""}"
exp7_stripe__nr100000__ns100000__a3_000ep01__g1,stripe_ctrl_alpha,30,100000,100000,interval_tree,sampling,100000,1,2,1,851.747,6e+06,1,0,0,0,,0,"{""build_ms"":136.901865,""build_active_ms"":23.435507,""build_events_ms"":42.335585,""build_start_ids_ms"":0.356173,""build_y_endpoints_ms"":26.613654,""build_y_indices_ms"":44.153308,""phase1_count_ms"":395.855124,""phase2_slots_ms"":6.879331,""phase3_resweep_ms"":276.570063,""run_build_ms"":136.902675,""run_count_ms"":395.859494,""run_sample_ms"":283.481233}",,"{""dataset"":{""source"":""synthetic"",""name"":""exp7_stripe__nr100000__ns100000__a3_000ep01__g1"",""dim"":2,""path_r"":"""",""path_s"":"""",""synthetic"":{""generator"":""stripe_ctrl_alpha"",""n_r"":100000,""n_s"":100000,""alpha"":30,""seed"":1}},""run"":{""method"":""interval_tree"",""variant"":""sampling"",""t"":100000,""seed"":1,""repeats"":3,""j_star"":1000000,""enum_cap"":0,""write_samples"":false,""verify"":false},""output"":{""out_dir"":""/home/dhy/PhD/SIGMOD-EXP/EXP-4/run/temp/exp7/sampling_adaptive"",""run_tag"":""exp7_sampling_adaptive""},""sys"":{""threads"":1},""logging"":{""level"":""INFO"",""with_timestamp"":true,""with_thread_id"":false}}","{""generator"":""stripe_ctrl_alpha"",""dataset"":""exp7_stripe__nr100000__ns100000__a3_000ep01__g1"",""n_r"":100000,""n_s"":100000,""has_exact_k"":true,""k_target"":6000000,""k_achieved"":6000000,""alpha_target"":30,""alpha_achieved"":30,""notes"":""control_axis=1, core=[0.45,0.55], g=9.9999e-07, h=9e-06, delta=2.49998e-07, shuffle_strips=1, shuffle_r=0, k_overridden=0""}"
exp7_stripe__nr100000__ns100000__a3_000ep01__g1,stripe_ctrl_alpha,30,100000,100000,interval_tree,sampling,100000,2,3,1,860.104,6e+06,1,0,0,0,,0,"{""build_ms"":140.427433,""build_active_ms"":23.474656,""build_events_ms"":45.891702,""build_start_ids_ms"":0.358823,""build_y_endpoints_ms"":26.583743,""build_y_indices_ms"":44.111879,""phase1_count_ms"":401.117897,""phase2_slots_ms"":6.849712,""phase3_resweep_ms"":276.211930,""run_build_ms"":140.428533,""run_count_ms"":401.121287,""run_sample_ms"":283.093621}",,"{""dataset"":{""source"":""synthetic"",""name"":""exp7_stripe__nr100000__ns100000__a3_000ep01__g1"",""dim"":2,""path_r"":"""",""path_s"":"""",""synthetic"":{""generator"":""stripe_ctrl_alpha"",""n_r"":100000,""n_s"":100000,""alpha"":30,""seed"":1}},""run"":{""method"":""interval_tree"",""variant"":""sampling"",""t"":100000,""seed"":1,""repeats"":3,""j_star"":1000000,""enum_cap"":0,""write_samples"":false,""verify"":false},""output"":{""out_dir"":""/home/dhy/PhD/SIGMOD-EXP/EXP-4/run/temp/exp7/sampling_adaptive"",""run_tag"":""exp7_sampling_adaptive""},""sys"":{""threads"":1},""logging"":{""level"":""INFO"",""with_timestamp"":true,""with_thread_id"":false}}","{""generator"":""stripe_ctrl_alpha"",""dataset"":""exp7_stripe__nr100000__ns100000__a3_000ep01__g1"",""n_r"":100000,""n_s"":100000,""has_exact_k"":true,""k_target"":6000000,""k_achieved"":6000000,""alpha_target"":30,""alpha_achieved"":30,""notes"":""control_axis=1, core=[0.45,0.55], g=9.9999e-07, h=9e-06, delta=2.49998e-07, shuffle_strips=1, shuffle_r=0, k_overridden=0""}"
exp7_stripe__nr100000__ns100000__a3_000ep01__g1,stripe_ctrl_alpha,30,100000,100000,interval_tree,adaptive,100000,0,1,1,1167.78,6e+06,1,0,1,0,fallback_sampling,1000001,"{""build_ms"":133.456925,""build_active_ms"":23.483006,""build_events_ms"":38.089971,""build_start_ids_ms"":0.359733,""build_y_endpoints_ms"":26.696381,""build_y_indices_ms"":44.820544,""enumerate_prepare_ms"":144.745736,""phase1_count_adaptive_ms"":441.016201,""phase2_slots_ms"":8.297033,""phase3_resweep_ms"":278.299548,""run_build_ms"":133.457875,""run_fallback_count_ms"":441.019471,""run_fallback_sample_ms"":286.791287,""run_pilot_enum_prepare_ms"":144.749396,""run_pilot_enum_scan_ms"":136.312046}",,"{""dataset"":{""source"":""synthetic"",""name"":""exp7_stripe__nr100000__ns100000__a3_000ep01__g1"",""dim"":2,""path_r"":"""",""path_s"":"""",""synthetic"":{""generator"":""stripe_ctrl_alpha"",""n_r"":100000,""n_s"":100000,""alpha"":30,""seed"":1}},""run"":{""method"":""interval_tree"",""variant"":""adaptive"",""t"":100000,""seed"":1,""repeats"":3,""j_star"":1000000,""enum_cap"":0,""write_samples"":false,""verify"":false},""output"":{""out_dir"":""/home/dhy/PhD/SIGMOD-EXP/EXP-4/run/temp/exp7/sampling_adaptive"",""run_tag"":""exp7_sampling_adaptive""},""sys"":{""threads"":1},""logging"":{""level"":""INFO"",""with_timestamp"":true,""with_thread_id"":false}}","{""generator"":""stripe_ctrl_alpha"",""dataset"":""exp7_stripe__nr100000__ns100000__a3_000ep01__g1"",""n_r"":100000,""n_s"":100000,""has_exact_k"":true,""k_target"":6000000,""k_achieved"":6000000,""alpha_target"":30,""alpha_achieved"":30,""notes"":""control_axis=1, core=[0.45,0.55], g=9.9999e-07, h=9e-06, delta=2.49998e-07, shuffle_strips=1, shuffle_r=0, k_overridden=0""}"
exp7_stripe__nr100000__ns100000__a3_000ep01__g1,stripe_ctrl_alpha,30,100000,100000,interval_tree,adaptive,100000,1,2,1,1197.41,6e+06,1,0,1,0,fallback_sampling,1000001,"{""build_ms"":137.626130,""build_active_ms"":23.462196,""build_events_ms"":42.256847,""build_start_ids_ms"":0.355582,""build_y_endpoints_ms"":26.691291,""build_y_indices_ms"":44.854114,""enumerate_prepare_ms"":143.122559,""phase1_count_adaptive_ms"":438.397275,""phase2_slots_ms"":6.817612,""phase3_resweep_ms"":282.681610,""run_build_ms"":137.627470,""run_fallback_count_ms"":438.401145,""run_fallback_sample_ms"":289.533091,""run_pilot_enum_prepare_ms"":143.126068,""run_pilot_enum_scan_ms"":131.538073}",,"{""dataset"":{""source"":""synthetic"",""name"":""exp7_stripe__nr100000__ns100000__a3_000ep01__g1"",""dim"":2,""path_r"":"""",""path_s"":"""",""synthetic"":{""generator"":""stripe_ctrl_alpha"",""n_r"":100000,""n_s"":100000,""alpha"":30,""seed"":1}},""run"":{""method"":""interval_tree"",""variant"":""adaptive"",""t"":100000,""seed"":1,""repeats"":3,""j_star"":1000000,""enum_cap"":0,""write_samples"":false,""verify"":false},""output"":{""out_dir"":""/home/dhy/PhD/SIGMOD-EXP/EXP-4/run/temp/exp7/sampling_adaptive"",""run_tag"":""exp7_sampling_adaptive""},""sys"":{""threads"":1},""logging"":{""level"":""INFO"",""with_timestamp"":true,""with_thread_id"":false}}","{""generator"":""stripe_ctrl_alpha"",""dataset"":""exp7_stripe__nr100000__ns100000__a3_000ep01__g1"",""n_r"":100000,""n_s"":100000,""has_exact_k"":true,""k_target"":6000000,""k_achieved"":6000000,""alpha_target"":30,""alpha_achieved"":30,""notes"":""control_axis=1, core=[0.45,0.55], g=9.9999e-07, h=9e-06, delta=2.49998e-07, shuffle_strips=1, shuffle_r=0, k_overridden=0""}"
exp7_stripe__nr100000__ns100000__a3_000ep01__g1,stripe_ctrl_alpha,30,100000,100000,interval_tree,adaptive,100000,2,3,1,1192.96,6e+06,1,0,1,0,fallback_sampling,1000001,"{""build_ms"":137.691178,""build_active_ms"":23.483665,""build_events_ms"":42.227736,""build_start_ids_ms"":0.356313,""build_y_endpoints_ms"":26.739510,""build_y_indices_ms"":44.876404,""enumerate_prepare_ms"":141.479432,""phase1_count_adaptive_ms"":439.136759,""phase2_slots_ms"":6.806032,""phase3_resweep_ms"":278.830618,""run_build_ms"":137.692179,""run_fallback_count_ms"":439.140909,""run_fallback_sample_ms"":285.670160,""run_pilot_enum_prepare_ms"":141.482232,""run_pilot_enum_scan_ms"":132.923295}",,"{""dataset"":{""source"":""synthetic"",""name"":""exp7_stripe__nr100000__ns100000__a3_000ep01__g1"",""dim"":2,""path_r"":"""",""path_s"":"""",""synthetic"":{""generator"":""stripe_ctrl_alpha"",""n_r"":100000,""n_s"":100000,""alpha"":30,""seed"":1}},""run"":{""method"":""interval_tree"",""variant"":""adaptive"",""t"":100000,""seed"":1,""repeats"":3,""j_star"":1000000,""enum_cap"":0,""write_samples"":false,""verify"":false},""output"":{""out_dir"":""/home/dhy/PhD/SIGMOD-EXP/EXP-4/run/temp/exp7/sampling_adaptive"",""run_tag"":""exp7_sampling_adaptive""},""sys"":{""threads"":1},""logging"":{""level"":""INFO"",""with_timestamp"":true,""with_thread_id"":false}}","{""generator"":""stripe_ctrl_alpha"",""dataset"":""exp7_stripe__nr100000__ns100000__a3_000ep01__g1"",""n_r"":100000,""n_s"":100000,""has_exact_k"":true,""k_target"":6000000,""k_achieved"":6000000,""alpha_target"":30,""alpha_achieved"":30,""notes"":""control_axis=1, core=[0.45,0.55], g=9.9999e-07, h=9e-06, delta=2.49998e-07, shuffle_strips=1, shuffle_r=0, k_overridden=0""}"
exp7_stripe__nr100000__ns100000__a3_000ep01__g1,stripe_ctrl_alpha,30,100000,100000,kd_tree,sampling,100000,0,1,1,452.318,6e+06,1,0,0,0,,0,"{""build_ms"":94.574240,""build_events_ms"":34.927444,""build_kdtrees_ms"":26.879056,""build_rank_arrays_ms"":32.424745,""build_start_index_ms"":0.296204,""phase1_count_ms"":229.220080,""phase2_alias_ms"":128.515624,""phase3_sweep_ms"":118.540496,""run_build_ms"":94.575160,""run_count_ms"":229.223211,""run_sample_ms"":128.516904}",,"{""dataset"":{""source"":""synthetic"",""name"":""exp7_stripe__nr100000__ns100000__a3_000ep01__g1"",""dim"":2,""path_r"":"""",""path_s"":"""",""synthetic"":{""generator"":""stripe_ctrl_alpha"",""n_r"":100000,""n_s"":100000,""alpha"":30,""seed"":1}},""run"":{""method"":""kd_tree"",""variant"":""sampling"",""t"":100000,""seed"":1,""repeats"":3,""j_star"":1000000,""enum_cap"":0,""write_samples"":false,""verify"":false},""output"":{""out_dir"":""/home/dhy/PhD/SIGMOD-EXP/EXP-4/run/temp/exp7/sampling_adaptive"",""run_tag"":""exp7_sampling_adaptive""},""sys"":{""threads"":1},""logging"":{""level"":""INFO"",""with_timestamp"":true,""with_thread_id"":false}}","{""generator"":""stripe_ctrl_alpha"",""dataset"":""exp7_stripe__nr100000__ns100000__a3_000ep01__g1"",""n_r"":100000,""n_s"":100000,""has_exact_k"":true,""k_target"":6000000,""k_achieved"":6000000,""alpha_target"":30,""alpha_achieved"":30,""notes"":""control_axis=1, core=[0.45,0.55], g=9.9999e-07, h=9e-06, delta=2.49998e-07, shuffle_strips=1, shuffle_r=0, k_overridden=0""}"
exp7_stripe__nr100000__ns100000__a3_000ep01__g1,stripe_ctrl_alpha,30,100000,100000,kd_tree,sampling,100000,1,2,1,455.746,6e+06,1,0,0,0,,0,"{""build_ms"":94.550000,""build_events_ms"":34.866465,""build_kdtrees_ms"":26.916247,""build_rank_arrays_ms"":32.414555,""build_start_index_ms"":0.306974,""phase1_count_ms"":232.992214,""phase2_alias_ms"":128.195850,""phase3_sweep_ms"":118.339100,""run_build_ms"":94.550870,""run_count_ms"":232.995514,""run_sample_ms"":128.197100}",,"{""dataset"":{""source"":""synthetic"",""name"":""exp7_stripe__nr100000__ns100000__a3_000ep01__g1"",""dim"":2,""path_r"":"""",""path_s"":"""",""synthetic"":{""generator"":""stripe_ctrl_alpha"",""n_r"":100000,""n_s"":100000,""alpha"":30,""seed"":1}},""run"":{""method"":""kd_tree"",""variant"":""sampling"",""t"":100000,""seed"":1,""repeats"":3,""j_star"":1000000,""enum_cap"":0,""write_samples"":false,""verify"":false},""output"":{""out_dir"":""/home/dhy/PhD/SIGMOD-EXP/EXP-4/run/temp/exp7/sampling_adaptive"",""run_tag"":""exp7_sampling_adaptive""},""sys"":{""threads"":1},""logging"":{""level"":""INFO"",""with_timestamp"":true,""with_thread_id"":false}}","{""generator"":""stripe_ctrl_alpha"",""dataset"":""exp7_stripe__nr100000__ns100000__a3_000ep01__g1"",""n_r"":100000,""n_s"":100000,""has_exact_k"":true,""k_target"":6000000,""k_achieved"":6000000,""alpha_target"":30,""alpha_achieved"":30,""notes"":""control_axis=1, core=[0.45,0.55], g=9.9999e-07, h=9e-06, delta=2.49998e-07, shuffle_strips=1, shuffle_r=0, k_overridden=0""}"
exp7_stripe__nr100000__ns100000__a3_000ep01__g1,stripe_ctrl_alpha,30,100000,100000,kd_tree,sampling,100000,2,3,1,451.395,6e+06,1,0,0,0,,0,"{""build_ms"":94.628919,""build_events_ms"":34.929494,""build_kdtrees_ms"":26.959766,""build_rank_arrays_ms"":32.384737,""build_start_index_ms"":0.307774,""phase1_count_ms"":228.623931,""phase2_alias_ms"":128.133862,""phase3_sweep_ms"":118.168863,""run_build_ms"":94.629949,""run_count_ms"":228.626921,""run_sample_ms"":128.135341}",,"{""dataset"":{""source"":""synthetic"",""name"":""exp7_stripe__nr100000__ns100000__a3_000ep01__g1"",""dim"":2,""path_r"":"""",""path_s"":"""",""synthetic"":{""generator"":""stripe_ctrl_alpha"",""n_r"":100000,""n_s"":100000,""alpha"":30,""seed"":1}},""run"":{""method"":""kd_tree"",""variant"":""sampling"",""t"":100000,""seed"":1,""repeats"":3,""j_star"":1000000,""enum_cap"":0,""write_samples"":false,""verify"":false},""output"":{""out_dir"":""/home/dhy/PhD/SIGMOD-EXP/EXP-4/run/temp/exp7/sampling_adaptive"",""run_tag"":""exp7_sampling_adaptive""},""sys"":{""threads"":1},""logging"":{""level"":""INFO"",""with_timestamp"":true,""with_thread_id"":false}}","{""generator"":""stripe_ctrl_alpha"",""dataset"":""exp7_stripe__nr100000__ns100000__a3_000ep01__g1"",""n_r"":100000,""n_s"":100000,""has_exact_k"":true,""k_target"":6000000,""k_achieved"":6000000,""alpha_target"":30,""alpha_achieved"":30,""notes"":""control_axis=1, core=[0.45,0.55], g=9.9999e-07, h=9e-06, delta=2.49998e-07, shuffle_strips=1, shuffle_r=0, k_overridden=0""}"
exp7_stripe__nr100000__ns100000__a3_000ep01__g1,stripe_ctrl_alpha,30,100000,100000,kd_tree,adaptive,100000,0,1,1,808.267,6e+06,1,0,1,0,fallback_sampling,1000001,"{""adaptive_fallback_sampling_ms"":127.800249,""build_ms"":94.507221,""build_embedding_ms"":32.483184,""build_events_ms"":34.881066,""build_kdtrees_ms"":26.843678,""build_rank_arrays_ms"":32.436884,""build_start_index_ms"":0.294603,""enumerate_prepare_ms"":94.214437,""phase1_count_and_maybe_enumerate_ms"":281.382986,""phase2_alias_ms"":1.919082,""phase2_assign_ms"":7.181505,""phase3_sweep_ms"":117.731662,""run_build_ms"":94.507891,""run_fallback_count_ms"":281.386646,""run_fallback_sample_ms"":127.801959,""run_pilot_enum_prepare_ms"":94.220527,""run_pilot_enum_scan_ms"":210.332241}",,"{""dataset"":{""source"":""synthetic"",""name"":""exp7_stripe__nr100000__ns100000__a3_000ep01__g1"",""dim"":2,""path_r"":"""",""path_s"":"""",""synthetic"":{""generator"":""stripe_ctrl_alpha"",""n_r"":100000,""n_s"":100000,""alpha"":30,""seed"":1}},""run"":{""method"":""kd_tree"",""variant"":""adaptive"",""t"":100000,""seed"":1,""repeats"":3,""j_star"":1000000,""enum_cap"":0,""write_samples"":false,""verify"":false},""output"":{""out_dir"":""/home/dhy/PhD/SIGMOD-EXP/EXP-4/run/temp/exp7/sampling_adaptive"",""run_tag"":""exp7_sampling_adaptive""},""sys"":{""threads"":1},""logging"":{""level"":""INFO"",""with_timestamp"":true,""with_thread_id"":false}}","{""generator"":""stripe_ctrl_alpha"",""dataset"":""exp7_stripe__nr100000__ns100000__a3_000ep01__g1"",""n_r"":100000,""n_s"":100000,""has_exact_k"":true,""k_target"":6000000,""k_achieved"":6000000,""alpha_target"":30,""alpha_achieved"":30,""notes"":""control_axis=1, core=[0.45,0.55], g=9.9999e-07, h=9e-06, delta=2.49998e-07, shuffle_strips=1, shuffle_r=0, k_overridden=0""}"
exp7_stripe__nr100000__ns100000__a3_000ep01__g1,stripe_ctrl_alpha,30,100000,100000,kd_tree,adaptive,100000,1,2,1,805.364,6e+06,1,0,1,0,fallback_sampling,1000001,"{""adaptive_fallback_sampling_ms"":127.432815,""build_ms"":94.592969,""build_embedding_ms"":32.482243,""build_events_ms"":34.908875,""build_kdtrees_ms"":26.888977,""build_rank_arrays_ms"":32.438494,""build_start_index_ms"":0.308344,""enumerate_prepare_ms"":94.245176,""phase1_count_and_maybe_enumerate_ms"":284.578272,""phase2_alias_ms"":1.899131,""phase2_assign_ms"":7.094417,""phase3_sweep_ms"":117.475377,""run_build_ms"":94.593699,""run_fallback_count_ms"":284.581641,""run_fallback_sample_ms"":127.434096,""run_pilot_enum_prepare_ms"":94.249226,""run_pilot_enum_scan_ms"":204.489060}",,"{""dataset"":{""source"":""synthetic"",""name"":""exp7_stripe__nr100000__ns100000__a3_000ep01__g1"",""dim"":2,""path_r"":"""",""path_s"":"""",""synthetic"":{""generator"":""stripe_ctrl_alpha"",""n_r"":100000,""n_s"":100000,""alpha"":30,""seed"":1}},""run"":{""method"":""kd_tree"",""variant"":""adaptive"",""t"":100000,""seed"":1,""repeats"":3,""j_star"":1000000,""enum_cap"":0,""write_samples"":false,""verify"":false},""output"":{""out_dir"":""/home/dhy/PhD/SIGMOD-EXP/EXP-4/run/temp/exp7/sampling_adaptive"",""run_tag"":""exp7_sampling_adaptive""},""sys"":{""threads"":1},""logging"":{""level"":""INFO"",""with_timestamp"":true,""with_thread_id"":false}}","{""generator"":""stripe_ctrl_alpha"",""dataset"":""exp7_stripe__nr100000__ns100000__a3_000ep01__g1"",""n_r"":100000,""n_s"":100000,""has_exact_k"":true,""k_target"":6000000,""k_achieved"":6000000,""alpha_target"":30,""alpha_achieved"":30,""notes"":""control_axis=1, core=[0.45,0.55], g=9.9999e-07, h=9e-06, delta=2.49998e-07, shuffle_strips=1, shuffle_r=0, k_overridden=0""}"
exp7_stripe__nr100000__ns100000__a3_000ep01__g1,stripe_ctrl_alpha,30,100000,100000,kd_tree,adaptive,100000,2,3,1,807.746,6e+06,1,0,1,0,fallback_sampling,1000001,"{""adaptive_fallback_sampling_ms"":127.757440,""build_ms"":94.478842,""build_embedding_ms"":32.461933,""build_events_ms"":34.836207,""build_kdtrees_ms"":26.857307,""build_rank_arrays_ms"":32.418535,""build_start_index_ms"":0.319344,""enumerate_prepare_ms"":94.178558,""phase1_count_and_maybe_enumerate_ms"":285.354107,""phase2_alias_ms"":1.928991,""phase2_assign_ms"":7.231674,""phase3_sweep_ms"":117.637485,""run_build_ms"":94.479492,""run_fallback_count_ms"":285.357057,""run_fallback_sample_ms"":127.758360,""run_pilot_enum_prepare_ms"":94.182088,""run_pilot_enum_scan_ms"":205.950510}",,"{""dataset"":{""source"":""synthetic"",""name"":""exp7_stripe__nr100000__ns100000__a3_000ep01__g1"",""dim"":2,""path_r"":"""",""path_s"":"""",""synthetic"":{""generator"":""stripe_ctrl_alpha"",""n_r"":100000,""n_s"":100000,""alpha"":30,""seed"":1}},""run"":{""method"":""kd_tree"",""variant"":""adaptive"",""t"":100000,""seed"":1,""repeats"":3,""j_star"":1000000,""enum_cap"":0,""write_samples"":false,""verify"":false},""output"":{""out_dir"":""/home/dhy/PhD/SIGMOD-EXP/EXP-4/run/temp/exp7/sampling_adaptive"",""run_tag"":""exp7_sampling_adaptive""},""sys"":{""threads"":1},""logging"":{""level"":""INFO"",""with_timestamp"":true,""with_thread_id"":false}}","{""generator"":""stripe_ctrl_alpha"",""dataset"":""exp7_stripe__nr100000__ns100000__a3_000ep01__g1"",""n_r"":100000,""n_s"":100000,""has_exact_k"":true,""k_target"":6000000,""k_achieved"":6000000,""alpha_target"":30,""alpha_achieved"":30,""notes"":""control_axis=1, core=[0.45,0.55], g=9.9999e-07, h=9e-06, delta=2.49998e-07, shuffle_strips=1, shuffle_r=0, k_overridden=0""}"
exp7_stripe__nr100000__ns100000__a3_000ep01__g1,stripe_ctrl_alpha,30,100000,100000,r_tree,sampling,100000,0,1,1,688.868,6e+06,1,0,0,0,,0,"{""build_ms"":35.665989,""phase1_count_ms"":344.883614,""phase2_assign_ms"":3.550769,""phase3_sample_ms"":303.850883,""run_build_ms"":35.667089,""run_count_ms"":344.886714,""run_sample_ms"":308.310753}",,"{""dataset"":{""source"":""synthetic"",""name"":""exp7_stripe__nr100000__ns100000__a3_000ep01__g1"",""dim"":2,""path_r"":"""",""path_s"":"""",""synthetic"":{""generator"":""stripe_ctrl_alpha"",""n_r"":100000,""n_s"":100000,""alpha"":30,""seed"":1}},""run"":{""method"":""r_tree"",""variant"":""sampling"",""t"":100000,""seed"":1,""repeats"":3,""j_star"":1000000,""enum_cap"":0,""write_samples"":false,""verify"":false},""output"":{""out_dir"":""/home/dhy/PhD/SIGMOD-EXP/EXP-4/run/temp/exp7/sampling_adaptive"",""run_tag"":""exp7_sampling_adaptive""},""sys"":{""threads"":1},""logging"":{""level"":""INFO"",""with_timestamp"":true,""with_thread_id"":false}}","{""generator"":""stripe_ctrl_alpha"",""dataset"":""exp7_stripe__nr100000__ns100000__a3_000ep01__g1"",""n_r"":100000,""n_s"":100000,""has_exact_k"":true,""k_target"":6000000,""k_achieved"":6000000,""alpha_target"":30,""alpha_achieved"":30,""notes"":""control_axis=1, core=[0.45,0.55], g=9.9999e-07, h=9e-06, delta=2.49998e-07, shuffle_strips=1, shuffle_r=0, k_overridden=0""}"
exp7_stripe__nr100000__ns100000__a3_000ep01__g1,stripe_ctrl_alpha,30,100000,100000,r_tree,sampling,100000,1,2,1,689.743,6e+06,1,0,0,0,,0,"{""build_ms"":35.687999,""phase1_count_ms"":347.363974,""phase2_assign_ms"":3.541918,""phase3_sample_ms"":301.883122,""run_build_ms"":35.689179,""run_count_ms"":347.367084,""run_sample_ms"":306.352452}",,"{""dataset"":{""source"":""synthetic"",""name"":""exp7_stripe__nr100000__ns100000__a3_000ep01__g1"",""dim"":2,""path_r"":"""",""path_s"":"""",""synthetic"":{""generator"":""stripe_ctrl_alpha"",""n_r"":100000,""n_s"":100000,""alpha"":30,""seed"":1}},""run"":{""method"":""r_tree"",""variant"":""sampling"",""t"":100000,""seed"":1,""repeats"":3,""j_star"":1000000,""enum_cap"":0,""write_samples"":false,""verify"":false},""output"":{""out_dir"":""/home/dhy/PhD/SIGMOD-EXP/EXP-4/run/temp/exp7/sampling_adaptive"",""run_tag"":""exp7_sampling_adaptive""},""sys"":{""threads"":1},""logging"":{""level"":""INFO"",""with_timestamp"":true,""with_thread_id"":false}}","{""generator"":""stripe_ctrl_alpha"",""dataset"":""exp7_stripe__nr100000__ns100000__a3_000ep01__g1"",""n_r"":100000,""n_s"":100000,""has_exact_k"":true,""k_target"":6000000,""k_achieved"":6000000,""alpha_target"":30,""alpha_achieved"":30,""notes"":""control_axis=1, core=[0.45,0.55], g=9.9999e-07, h=9e-06, delta=2.49998e-07, shuffle_strips=1, shuffle_r=0, k_overridden=0""}"
exp7_stripe__nr100000__ns100000__a3_000ep01__g1,stripe_ctrl_alpha,30,100000,100000,r_tree,sampling,100000,2,3,1,691.458,6e+06,1,0,0,0,,0,"{""build_ms"":35.692090,""phase1_count_ms"":346.030040,""phase2_assign_ms"":3.520279,""phase3_sample_ms"":304.964101,""run_build_ms"":35.693769,""run_count_ms"":346.033290,""run_sample_ms"":309.392402}",,"{""dataset"":{""source"":""synthetic"",""name"":""exp7_stripe__nr100000__ns100000__a3_000ep01__g1"",""dim"":2,""path_r"":"""",""path_s"":"""",""synthetic"":{""generator"":""stripe_ctrl_alpha"",""n_r"":100000,""n_s"":100000,""alpha"":30,""seed"":1}},""run"":{""method"":""r_tree"",""variant"":""sampling"",""t"":100000,""seed"":1,""repeats"":3,""j_star"":1000000,""enum_cap"":0,""write_samples"":false,""verify"":false},""output"":{""out_dir"":""/home/dhy/PhD/SIGMOD-EXP/EXP-4/run/temp/exp7/sampling_adaptive"",""run_tag"":""exp7_sampling_adaptive""},""sys"":{""threads"":1},""logging"":{""level"":""INFO"",""with_timestamp"":true,""with_thread_id"":false}}","{""generator"":""stripe_ctrl_alpha"",""dataset"":""exp7_stripe__nr100000__ns100000__a3_000ep01__g1"",""n_r"":100000,""n_s"":100000,""has_exact_k"":true,""k_target"":6000000,""k_achieved"":6000000,""alpha_target"":30,""alpha_achieved"":30,""notes"":""control_axis=1, core=[0.45,0.55], g=9.9999e-07, h=9e-06, delta=2.49998e-07, shuffle_strips=1, shuffle_r=0, k_overridden=0""}"
exp7_stripe__nr100000__ns100000__a3_000ep01__g1,stripe_ctrl_alpha,30,100000,100000,r_tree,adaptive,100000,0,1,1,927.099,6e+06,1,0,1,0,fallback_sampling,1000001,"{""build_ms"":35.705358,""enumerate_prepare_ms"":35.161780,""phase1_adaptive_count_ms"":388.885476,""phase2+3_sampling_ms"":312.797763,""run_build_ms"":35.706908,""run_fallback_count_ms"":388.889265,""run_fallback_sample_ms"":312.802543,""run_pilot_enum_prepare_ms"":35.164090,""run_pilot_enum_scan_ms"":154.255034}",,"{""dataset"":{""source"":""synthetic"",""name"":""exp7_stripe__nr100000__ns100000__a3_000ep01__g1"",""dim"":2,""path_r"":"""",""path_s"":"""",""synthetic"":{""generator"":""stripe_ctrl_alpha"",""n_r"":100000,""n_s"":100000,""alpha"":30,""seed"":1}},""run"":{""method"":""r_tree"",""variant"":""adaptive"",""t"":100000,""seed"":1,""repeats"":3,""j_star"":1000000,""enum_cap"":0,""write_samples"":false,""verify"":false},""output"":{""out_dir"":""/home/dhy/PhD/SIGMOD-EXP/EXP-4/run/temp/exp7/sampling_adaptive"",""run_tag"":""exp7_sampling_adaptive""},""sys"":{""threads"":1},""logging"":{""level"":""INFO"",""with_timestamp"":true,""with_thread_id"":false}}","{""generator"":""stripe_ctrl_alpha"",""dataset"":""exp7_stripe__nr100000__ns100000__a3_000ep01__g1"",""n_r"":100000,""n_s"":100000,""has_exact_k"":true,""k_target"":6000000,""k_achieved"":6000000,""alpha_target"":30,""alpha_achieved"":30,""notes"":""control_axis=1, core=[0.45,0.55], g=9.9999e-07, h=9e-06, delta=2.49998e-07, shuffle_strips=1, shuffle_r=0, k_overridden=0""}"
exp7_stripe__nr100000__ns100000__a3_000ep01__g1,stripe_ctrl_alpha,30,100000,100000,r_tree,adaptive,100000,1,2,1,920.535,6e+06,1,0,1,0,fallback_sampling,1000001,"{""build_ms"":35.720658,""enumerate_prepare_ms"":35.135871,""phase1_adaptive_count_ms"":384.899355,""phase2+3_sampling_ms"":312.468870,""run_build_ms"":35.722708,""run_fallback_count_ms"":384.902355,""run_fallback_sample_ms"":312.472189,""run_pilot_enum_prepare_ms"":35.138511,""run_pilot_enum_scan_ms"":151.694477}",,"{""dataset"":{""source"":""synthetic"",""name"":""exp7_stripe__nr100000__ns100000__a3_000ep01__g1"",""dim"":2,""path_r"":"""",""path_s"":"""",""synthetic"":{""generator"":""stripe_ctrl_alpha"",""n_r"":100000,""n_s"":100000,""alpha"":30,""seed"":1}},""run"":{""method"":""r_tree"",""variant"":""adaptive"",""t"":100000,""seed"":1,""repeats"":3,""j_star"":1000000,""enum_cap"":0,""write_samples"":false,""verify"":false},""output"":{""out_dir"":""/home/dhy/PhD/SIGMOD-EXP/EXP-4/run/temp/exp7/sampling_adaptive"",""run_tag"":""exp7_sampling_adaptive""},""sys"":{""threads"":1},""logging"":{""level"":""INFO"",""with_timestamp"":true,""with_thread_id"":false}}","{""generator"":""stripe_ctrl_alpha"",""dataset"":""exp7_stripe__nr100000__ns100000__a3_000ep01__g1"",""n_r"":100000,""n_s"":100000,""has_exact_k"":true,""k_target"":6000000,""k_achieved"":6000000,""alpha_target"":30,""alpha_achieved"":30,""notes"":""control_axis=1, core=[0.45,0.55], g=9.9999e-07, h=9e-06, delta=2.49998e-07, shuffle_strips=1, shuffle_r=0, k_overridden=0""}"
exp7_stripe__nr100000__ns100000__a3_000ep01__g1,stripe_ctrl_alpha,30,100000,100000,r_tree,adaptive,100000,2,3,1,926.758,6e+06,1,0,1,0,fallback_sampling,1000001,"{""build_ms"":35.674080,""enumerate_prepare_ms"":35.145040,""phase1_adaptive_count_ms"":391.078911,""phase2+3_sampling_ms"":310.131356,""run_build_ms"":35.675769,""run_fallback_count_ms"":391.081592,""run_fallback_sample_ms"":310.134776,""run_pilot_enum_prepare_ms"":35.147670,""run_pilot_enum_scan_ms"":154.114648}",,"{""dataset"":{""source"":""synthetic"",""name"":""exp7_stripe__nr100000__ns100000__a3_000ep01__g1"",""dim"":2,""path_r"":"""",""path_s"":"""",""synthetic"":{""generator"":""stripe_ctrl_alpha"",""n_r"":100000,""n_s"":100000,""alpha"":30,""seed"":1}},""run"":{""method"":""r_tree"",""variant"":""adaptive"",""t"":100000,""seed"":1,""repeats"":3,""j_star"":1000000,""enum_cap"":0,""write_samples"":false,""verify"":false},""output"":{""out_dir"":""/home/dhy/PhD/SIGMOD-EXP/EXP-4/run/temp/exp7/sampling_adaptive"",""run_tag"":""exp7_sampling_adaptive""},""sys"":{""threads"":1},""logging"":{""level"":""INFO"",""with_timestamp"":true,""with_thread_id"":false}}","{""generator"":""stripe_ctrl_alpha"",""dataset"":""exp7_stripe__nr100000__ns100000__a3_000ep01__g1"",""n_r"":100000,""n_s"":100000,""has_exact_k"":true,""k_target"":6000000,""k_achieved"":6000000,""alpha_target"":30,""alpha_achieved"":30,""notes"":""control_axis=1, core=[0.45,0.55], g=9.9999e-07, h=9e-06, delta=2.49998e-07, shuffle_strips=1, shuffle_r=0, k_overridden=0""}"
exp7_stripe__nr100000__ns100000__a3_000ep01__g1,stripe_ctrl_alpha,30,100000,100000,range_tree,sampling,100000,0,1,1,1960.77,6e+06,1,0,0,0,,0,"{""build_ms"":95.258217,""build_events_ms"":38.277477,""build_range_trees_ms"":25.571054,""build_rank_arrays_ms"":31.060502,""build_start_index_ms"":0.300074,""phase1_count_ms"":1037.779350,""phase2_alias_ms"":827.718162,""phase3_sweep_ms"":817.751014,""run_build_ms"":95.259206,""run_count_ms"":1037.783230,""run_sample_ms"":827.727202}",,"{""dataset"":{""source"":""synthetic"",""name"":""exp7_stripe__nr100000__ns100000__a3_000ep01__g1"",""dim"":2,""path_r"":"""",""path_s"":"""",""synthetic"":{""generator"":""stripe_ctrl_alpha"",""n_r"":100000,""n_s"":100000,""alpha"":30,""seed"":1}},""run"":{""method"":""range_tree"",""variant"":""sampling"",""t"":100000,""seed"":1,""repeats"":3,""j_star"":1000000,""enum_cap"":0,""write_samples"":false,""verify"":false},""output"":{""out_dir"":""/home/dhy/PhD/SIGMOD-EXP/EXP-4/run/temp/exp7/sampling_adaptive"",""run_tag"":""exp7_sampling_adaptive""},""sys"":{""threads"":1},""logging"":{""level"":""INFO"",""with_timestamp"":true,""with_thread_id"":false}}","{""generator"":""stripe_ctrl_alpha"",""dataset"":""exp7_stripe__nr100000__ns100000__a3_000ep01__g1"",""n_r"":100000,""n_s"":100000,""has_exact_k"":true,""k_target"":6000000,""k_achieved"":6000000,""alpha_target"":30,""alpha_achieved"":30,""notes"":""control_axis=1, core=[0.45,0.55], g=9.9999e-07, h=9e-06, delta=2.49998e-07, shuffle_strips=1, shuffle_r=0, k_overridden=0""}"
exp7_stripe__nr100000__ns100000__a3_000ep01__g1,stripe_ctrl_alpha,30,100000,100000,range_tree,sampling,100000,1,2,1,1954.26,6e+06,1,0,0,0,,0,"{""build_ms"":93.881814,""build_events_ms"":34.857707,""build_range_trees_ms"":27.622202,""build_rank_arrays_ms"":31.045773,""build_start_index_ms"":0.307463,""phase1_count_ms"":1036.381879,""phase2_alias_ms"":823.981148,""phase3_sweep_ms"":814.100277,""run_build_ms"":93.882584,""run_count_ms"":1036.385969,""run_sample_ms"":823.982468}",,"{""dataset"":{""source"":""synthetic"",""name"":""exp7_stripe__nr100000__ns100000__a3_000ep01__g1"",""dim"":2,""path_r"":"""",""path_s"":"""",""synthetic"":{""generator"":""stripe_ctrl_alpha"",""n_r"":100000,""n_s"":100000,""alpha"":30,""seed"":1}},""run"":{""method"":""range_tree"",""variant"":""sampling"",""t"":100000,""seed"":1,""repeats"":3,""j_star"":1000000,""enum_cap"":0,""write_samples"":false,""verify"":false},""output"":{""out_dir"":""/home/dhy/PhD/SIGMOD-EXP/EXP-4/run/temp/exp7/sampling_adaptive"",""run_tag"":""exp7_sampling_adaptive""},""sys"":{""threads"":1},""logging"":{""level"":""INFO"",""with_timestamp"":true,""with_thread_id"":false}}","{""generator"":""stripe_ctrl_alpha"",""dataset"":""exp7_stripe__nr100000__ns100000__a3_000ep01__g1"",""n_r"":100000,""n_s"":100000,""has_exact_k"":true,""k_target"":6000000,""k_achieved"":6000000,""alpha_target"":30,""alpha_achieved"":30,""notes"":""control_axis=1, core=[0.45,0.55], g=9.9999e-07, h=9e-06, delta=2.49998e-07, shuffle_strips=1, shuffle_r=0, k_overridden=0""}"
exp7_stripe__nr100000__ns100000__a3_000ep01__g1,stripe_ctrl_alpha,30,100000,100000,range_tree,sampling,100000,2,3,1,1957.05,6e+06,1,0,0,0,,0,"{""build_ms"":90.363645,""build_events_ms"":34.860266,""build_range_trees_ms"":24.102183,""build_rank_arrays_ms"":31.045133,""build_start_index_ms"":0.308124,""phase1_count_ms"":1037.546606,""phase2_alias_ms"":829.119724,""phase3_sweep_ms"":819.120668,""run_build_ms"":90.364375,""run_count_ms"":1037.549746,""run_sample_ms"":829.120966}",,"{""dataset"":{""source"":""synthetic"",""name"":""exp7_stripe__nr100000__ns100000__a3_000ep01__g1"",""dim"":2,""path_r"":"""",""path_s"":"""",""synthetic"":{""generator"":""stripe_ctrl_alpha"",""n_r"":100000,""n_s"":100000,""alpha"":30,""seed"":1}},""run"":{""method"":""range_tree"",""variant"":""sampling"",""t"":100000,""seed"":1,""repeats"":3,""j_star"":1000000,""enum_cap"":0,""write_samples"":false,""verify"":false},""output"":{""out_dir"":""/home/dhy/PhD/SIGMOD-EXP/EXP-4/run/temp/exp7/sampling_adaptive"",""run_tag"":""exp7_sampling_adaptive""},""sys"":{""threads"":1},""logging"":{""level"":""INFO"",""with_timestamp"":true,""with_thread_id"":false}}","{""generator"":""stripe_ctrl_alpha"",""dataset"":""exp7_stripe__nr100000__ns100000__a3_000ep01__g1"",""n_r"":100000,""n_s"":100000,""has_exact_k"":true,""k_target"":6000000,""k_achieved"":6000000,""alpha_target"":30,""alpha_achieved"":30,""notes"":""control_axis=1, core=[0.45,0.55], g=9.9999e-07, h=9e-06, delta=2.49998e-07, shuffle_strips=1, shuffle_r=0, k_overridden=0""}"
exp7_stripe__nr100000__ns100000__a3_000ep01__g1,stripe_ctrl_alpha,30,100000,100000,range_tree,adaptive,100000,0,1,1,2563.36,6e+06,1,0,1,0,fallback_sampling,1000001,"{""adaptive_count_ms"":1122.395682,""build_ms"":91.530762,""build_events_ms"":34.841137,""build_range_trees_ms"":25.323949,""build_rank_arrays_ms"":31.024583,""build_start_index_ms"":0.294244,""enumerate_prepare_ms"":91.509952,""phase2_alias_ms"":836.396199,""phase3_sweep_ms"":826.201494,""run_build_ms"":91.531782,""run_fallback_count_ms"":1122.399662,""run_fallback_sample_ms"":836.405289,""run_pilot_enum_prepare_ms"":91.512982,""run_pilot_enum_scan_ms"":421.494608}",,"{""dataset"":{""source"":""synthetic"",""name"":""exp7_stripe__nr100000__ns100000__a3_000ep01__g1"",""dim"":2,""path_r"":"""",""path_s"":"""",""synthetic"":{""generator"":""stripe_ctrl_alpha"",""n_r"":100000,""n_s"":100000,""alpha"":30,""seed"":1}},""run"":{""method"":""range_tree"",""variant"":""adaptive"",""t"":100000,""seed"":1,""repeats"":3,""j_star"":1000000,""enum_cap"":0,""write_samples"":false,""verify"":false},""output"":{""out_dir"":""/home/dhy/PhD/SIGMOD-EXP/EXP-4/run/temp/exp7/sampling_adaptive"",""run_tag"":""exp7_sampling_adaptive""},""sys"":{""threads"":1},""logging"":{""level"":""INFO"",""with_timestamp"":true,""with_thread_id"":false}}","{""generator"":""stripe_ctrl_alpha"",""dataset"":""exp7_stripe__nr100000__ns100000__a3_000ep01__g1"",""n_r"":100000,""n_s"":100000,""has_exact_k"":true,""k_target"":6000000,""k_achieved"":6000000,""alpha_target"":30,""alpha_achieved"":30,""notes"":""control_axis=1, core=[0.45,0.55], g=9.9999e-07, h=9e-06, delta=2.49998e-07, shuffle_strips=1, shuffle_r=0, k_overridden=0""}"
exp7_stripe__nr100000__ns100000__a3_000ep01__g1,stripe_ctrl_alpha,30,100000,100000,range_tree,adaptive,100000,1,2,1,2558.37,6e+06,1,0,1,0,fallback_sampling,1000001,"{""adaptive_count_ms"":1127.720626,""build_ms"":90.202849,""build_events_ms"":34.868067,""build_range_trees_ms"":23.997986,""build_rank_arrays_ms"":30.984064,""build_start_index_ms"":0.306254,""enumerate_prepare_ms"":91.487842,""phase2_alias_ms"":830.630546,""phase3_sweep_ms"":820.669377,""run_build_ms"":90.203519,""run_fallback_count_ms"":1127.725255,""run_fallback_sample_ms"":830.639416,""run_pilot_enum_prepare_ms"":91.490622,""run_pilot_enum_scan_ms"":418.289613}",,"{""dataset"":{""source"":""synthetic"",""name"":""exp7_stripe__nr100000__ns100000__a3_000ep01__g1"",""dim"":2,""path_r"":"""",""path_s"":"""",""synthetic"":{""generator"":""stripe_ctrl_alpha"",""n_r"":100000,""n_s"":100000,""alpha"":30,""seed"":1}},""run"":{""method"":""range_tree"",""variant"":""adaptive"",""t"":100000,""seed"":1,""repeats"":3,""j_star"":1000000,""enum_cap"":0,""write_samples"":false,""verify"":false},""output"":{""out_dir"":""/home/dhy/PhD/SIGMOD-EXP/EXP-4/run/temp/exp7/sampling_adaptive"",""run_tag"":""exp7_sampling_adaptive""},""sys"":{""threads"":1},""logging"":{""level"":""INFO"",""with_timestamp"":true,""with_thread_id"":false}}","{""generator"":""stripe_ctrl_alpha"",""dataset"":""exp7_stripe__nr100000__ns100000__a3_000ep01__g1"",""n_r"":100000,""n_s"":100000,""has_exact_k"":true,""k_target"":6000000,""k_achieved"":6000000,""alpha_target"":30,""alpha_achieved"":30,""notes"":""control_axis=1, core=[0.45,0.55], g=9.9999e-07, h=9e-06, delta=2.49998e-07, shuffle_strips=1, shuffle_r=0, k_overridden=0""}"
exp7_stripe__nr100000__ns100000__a3_000ep01__g1,stripe_ctrl_alpha,30,100000,100000,range_tree,adaptive,100000,2,3,1,2564.83,6e+06,1,0,1,0,fallback_sampling,1000001,"{""adaptive_count_ms"":1123.200728,""build_ms"":90.382106,""build_events_ms"":34.881466,""build_range_trees_ms"":24.097223,""build_rank_arrays_ms"":31.043033,""build_start_index_ms"":0.308914,""enumerate_prepare_ms"":95.149898,""phase2_alias_ms"":837.670613,""phase3_sweep_ms"":827.540358,""run_build_ms"":90.382756,""run_fallback_count_ms"":1123.204498,""run_fallback_sample_ms"":837.671893,""run_pilot_enum_prepare_ms"":95.153318,""run_pilot_enum_scan_ms"":418.402101}",,"{""dataset"":{""source"":""synthetic"",""name"":""exp7_stripe__nr100000__ns100000__a3_000ep01__g1"",""dim"":2,""path_r"":"""",""path_s"":"""",""synthetic"":{""generator"":""stripe_ctrl_alpha"",""n_r"":100000,""n_s"":100000,""alpha"":30,""seed"":1}},""run"":{""method"":""range_tree"",""variant"":""adaptive"",""t"":100000,""seed"":1,""repeats"":3,""j_star"":1000000,""enum_cap"":0,""write_samples"":false,""verify"":false},""output"":{""out_dir"":""/home/dhy/PhD/SIGMOD-EXP/EXP-4/run/temp/exp7/sampling_adaptive"",""run_tag"":""exp7_sampling_adaptive""},""sys"":{""threads"":1},""logging"":{""level"":""INFO"",""with_timestamp"":true,""with_thread_id"":false}}","{""generator"":""stripe_ctrl_alpha"",""dataset"":""exp7_stripe__nr100000__ns100000__a3_000ep01__g1"",""n_r"":100000,""n_s"":100000,""has_exact_k"":true,""k_target"":6000000,""k_achieved"":6000000,""alpha_target"":30,""alpha_achieved"":30,""notes"":""control_axis=1, core=[0.45,0.55], g=9.9999e-07, h=9e-06, delta=2.49998e-07, shuffle_strips=1, shuffle_r=0, k_overridden=0""}"
exp7_stripe__nr100000__ns100000__a3_000ep01__g1,stripe_ctrl_alpha,30,100000,100000,pbsm,sampling,100000,0,1,1,172.472,6e+06,1,0,0,0,,0,"{""build_ms"":22.833739,""pbsm_build_ms"":22.833289,""pbsm_count_pass1_ms"":69.860079,""pbsm_partitions_stripes_ms"":22.334149,""pbsm_sample_draw_ranks_ms"":5.870181,""pbsm_sample_pass2_select_ms"":73.834969,""run_build_ms"":22.834229,""run_count_ms"":69.862919,""run_sample_ms"":79.772679}",,"{""dataset"":{""source"":""synthetic"",""name"":""exp7_stripe__nr100000__ns100000__a3_000ep01__g1"",""dim"":2,""path_r"":"""",""path_s"":"""",""synthetic"":{""generator"":""stripe_ctrl_alpha"",""n_r"":100000,""n_s"":100000,""alpha"":30,""seed"":1}},""run"":{""method"":""pbsm"",""variant"":""sampling"",""t"":100000,""seed"":1,""repeats"":3,""j_star"":1000000,""enum_cap"":0,""write_samples"":false,""verify"":false},""output"":{""out_dir"":""/home/dhy/PhD/SIGMOD-EXP/EXP-4/run/temp/exp7/sampling_adaptive"",""run_tag"":""exp7_sampling_adaptive""},""sys"":{""threads"":1},""logging"":{""level"":""INFO"",""with_timestamp"":true,""with_thread_id"":false}}","{""generator"":""stripe_ctrl_alpha"",""dataset"":""exp7_stripe__nr100000__ns100000__a3_000ep01__g1"",""n_r"":100000,""n_s"":100000,""has_exact_k"":true,""k_target"":6000000,""k_achieved"":6000000,""alpha_target"":30,""alpha_achieved"":30,""notes"":""control_axis=1, core=[0.45,0.55], g=9.9999e-07, h=9e-06, delta=2.49998e-07, shuffle_strips=1, shuffle_r=0, k_overridden=0""}"
exp7_stripe__nr100000__ns100000__a3_000ep01__g1,stripe_ctrl_alpha,30,100000,100000,pbsm,sampling,100000,1,2,1,172.071,6e+06,1,0,0,0,,0,"{""build_ms"":22.704381,""pbsm_build_ms"":22.704021,""pbsm_count_pass1_ms"":69.650214,""pbsm_partitions_stripes_ms"":22.366308,""pbsm_sample_draw_ranks_ms"":5.883942,""pbsm_sample_pass2_select_ms"":73.762481,""run_build_ms"":22.705131,""run_count_ms"":69.652974,""run_sample_ms"":79.710890}",,"{""dataset"":{""source"":""synthetic"",""name"":""exp7_stripe__nr100000__ns100000__a3_000ep01__g1"",""dim"":2,""path_r"":"""",""path_s"":"""",""synthetic"":{""generator"":""stripe_ctrl_alpha"",""n_r"":100000,""n_s"":100000,""alpha"":30,""seed"":1}},""run"":{""method"":""pbsm"",""variant"":""sampling"",""t"":100000,""seed"":1,""repeats"":3,""j_star"":1000000,""enum_cap"":0,""write_samples"":false,""verify"":false},""output"":{""out_dir"":""/home/dhy/PhD/SIGMOD-EXP/EXP-4/run/temp/exp7/sampling_adaptive"",""run_tag"":""exp7_sampling_adaptive""},""sys"":{""threads"":1},""logging"":{""level"":""INFO"",""with_timestamp"":true,""with_thread_id"":false}}","{""generator"":""stripe_ctrl_alpha"",""dataset"":""exp7_stripe__nr100000__ns100000__a3_000ep01__g1"",""n_r"":100000,""n_s"":100000,""has_exact_k"":true,""k_target"":6000000,""k_achieved"":6000000,""alpha_target"":30,""alpha_achieved"":30,""notes"":""control_axis=1, core=[0.45,0.55], g=9.9999e-07, h=9e-06, delta=2.49998e-07, shuffle_strips=1, shuffle_r=0, k_overridden=0""}"
exp7_stripe__nr100000__ns100000__a3_000ep01__g1,stripe_ctrl_alpha,30,100000,100000,pbsm,sampling,100000,2,3,1,171.974,6e+06,1,0,0,0,,0,"{""build_ms"":22.685582,""pbsm_build_ms"":22.685152,""pbsm_count_pass1_ms"":69.539716,""pbsm_partitions_stripes_ms"":22.342758,""pbsm_sample_draw_ranks_ms"":5.880111,""pbsm_sample_pass2_select_ms"":73.798660,""run_build_ms"":22.686262,""run_count_ms"":69.541626,""run_sample_ms"":79.744459}",,"{""dataset"":{""source"":""synthetic"",""name"":""exp7_stripe__nr100000__ns100000__a3_000ep01__g1"",""dim"":2,""path_r"":"""",""path_s"":"""",""synthetic"":{""generator"":""stripe_ctrl_alpha"",""n_r"":100000,""n_s"":100000,""alpha"":30,""seed"":1}},""run"":{""method"":""pbsm"",""variant"":""sampling"",""t"":100000,""seed"":1,""repeats"":3,""j_star"":1000000,""enum_cap"":0,""write_samples"":false,""verify"":false},""output"":{""out_dir"":""/home/dhy/PhD/SIGMOD-EXP/EXP-4/run/temp/exp7/sampling_adaptive"",""run_tag"":""exp7_sampling_adaptive""},""sys"":{""threads"":1},""logging"":{""level"":""INFO"",""with_timestamp"":true,""with_thread_id"":false}}","{""generator"":""stripe_ctrl_alpha"",""dataset"":""exp7_stripe__nr100000__ns100000__a3_000ep01__g1"",""n_r"":100000,""n_s"":100000,""has_exact_k"":true,""k_target"":6000000,""k_achieved"":6000000,""alpha_target"":30,""alpha_achieved"":30,""notes"":""control_axis=1, core=[0.45,0.55], g=9.9999e-07, h=9e-06, delta=2.49998e-07, shuffle_strips=1, shuffle_r=0, k_overridden=0""}"
exp7_stripe__nr100000__ns100000__a3_000ep01__g1,stripe_ctrl_alpha,30,100000,100000,pbsm,adaptive,100000,0,1,1,191.334,6e+06,1,0,1,0,fallback_sampling,1000001,"{""build_ms"":22.651423,""enumerate_prepare_ms"":0.000180,""pbsm_adaptive_pass1_ms"":76.639002,""pbsm_adaptive_sample_large_ms"":79.344379,""pbsm_build_ms"":22.651043,""pbsm_partitions_stripes_ms"":22.309080,""run_build_ms"":22.652193,""run_fallback_count_ms"":76.642023,""run_fallback_sample_ms"":79.353969,""run_pilot_enum_prepare_ms"":0.000780,""run_pilot_enum_scan_ms"":12.673393}",,"{""dataset"":{""source"":""synthetic"",""name"":""exp7_stripe__nr100000__ns100000__a3_000ep01__g1"",""dim"":2,""path_r"":"""",""path_s"":"""",""synthetic"":{""generator"":""stripe_ctrl_alpha"",""n_r"":100000,""n_s"":100000,""alpha"":30,""seed"":1}},""run"":{""method"":""pbsm"",""variant"":""adaptive"",""t"":100000,""seed"":1,""repeats"":3,""j_star"":1000000,""enum_cap"":0,""write_samples"":false,""verify"":false},""output"":{""out_dir"":""/home/dhy/PhD/SIGMOD-EXP/EXP-4/run/temp/exp7/sampling_adaptive"",""run_tag"":""exp7_sampling_adaptive""},""sys"":{""threads"":1},""logging"":{""level"":""INFO"",""with_timestamp"":true,""with_thread_id"":false}}","{""generator"":""stripe_ctrl_alpha"",""dataset"":""exp7_stripe__nr100000__ns100000__a3_000ep01__g1"",""n_r"":100000,""n_s"":100000,""has_exact_k"":true,""k_target"":6000000,""k_achieved"":6000000,""alpha_target"":30,""alpha_achieved"":30,""notes"":""control_axis=1, core=[0.45,0.55], g=9.9999e-07, h=9e-06, delta=2.49998e-07, shuffle_strips=1, shuffle_r=0, k_overridden=0""}"
exp7_stripe__nr100000__ns100000__a3_000ep01__g1,stripe_ctrl_alpha,30,100000,100000,pbsm,adaptive,100000,1,2,1,187.69,6e+06,1,0,1,0,fallback_sampling,1000001,"{""build_ms"":22.653492,""enumerate_prepare_ms"":0.000150,""pbsm_adaptive_pass1_ms"":73.084604,""pbsm_adaptive_sample_large_ms"":79.313669,""pbsm_build_ms"":22.653212,""pbsm_partitions_stripes_ms"":22.306729,""run_build_ms"":22.653772,""run_fallback_count_ms"":73.087634,""run_fallback_sample_ms"":79.321229,""run_pilot_enum_prepare_ms"":0.000630,""run_pilot_enum_scan_ms"":12.617535}",,"{""dataset"":{""source"":""synthetic"",""name"":""exp7_stripe__nr100000__ns100000__a3_000ep01__g1"",""dim"":2,""path_r"":"""",""path_s"":"""",""synthetic"":{""generator"":""stripe_ctrl_alpha"",""n_r"":100000,""n_s"":100000,""alpha"":30,""seed"":1}},""run"":{""method"":""pbsm"",""variant"":""adaptive"",""t"":100000,""seed"":1,""repeats"":3,""j_star"":1000000,""enum_cap"":0,""write_samples"":false,""verify"":false},""output"":{""out_dir"":""/home/dhy/PhD/SIGMOD-EXP/EXP-4/run/temp/exp7/sampling_adaptive"",""run_tag"":""exp7_sampling_adaptive""},""sys"":{""threads"":1},""logging"":{""level"":""INFO"",""with_timestamp"":true,""with_thread_id"":false}}","{""generator"":""stripe_ctrl_alpha"",""dataset"":""exp7_stripe__nr100000__ns100000__a3_000ep01__g1"",""n_r"":100000,""n_s"":100000,""has_exact_k"":true,""k_target"":6000000,""k_achieved"":6000000,""alpha_target"":30,""alpha_achieved"":30,""notes"":""control_axis=1, core=[0.45,0.55], g=9.9999e-07, h=9e-06, delta=2.49998e-07, shuffle_strips=1, shuffle_r=0, k_overridden=0""}"
exp7_stripe__nr100000__ns100000__a3_000ep01__g1,stripe_ctrl_alpha,30,100000,100000,pbsm,adaptive,100000,2,3,1,187.676,6e+06,1,0,1,0,fallback_sampling,1000001,"{""build_ms"":22.624153,""enumerate_prepare_ms"":0.000170,""pbsm_adaptive_pass1_ms"":73.016435,""pbsm_adaptive_sample_large_ms"":79.356888,""pbsm_build_ms"":22.623693,""pbsm_partitions_stripes_ms"":22.281939,""run_build_ms"":22.624443,""run_fallback_count_ms"":73.019656,""run_fallback_sample_ms"":79.359338,""run_pilot_enum_prepare_ms"":0.000580,""run_pilot_enum_scan_ms"":12.653124}",,"{""dataset"":{""source"":""synthetic"",""name"":""exp7_stripe__nr100000__ns100000__a3_000ep01__g1"",""dim"":2,""path_r"":"""",""path_s"":"""",""synthetic"":{""generator"":""stripe_ctrl_alpha"",""n_r"":100000,""n_s"":100000,""alpha"":30,""seed"":1}},""run"":{""method"":""pbsm"",""variant"":""adaptive"",""t"":100000,""seed"":1,""repeats"":3,""j_star"":1000000,""enum_cap"":0,""write_samples"":false,""verify"":false},""output"":{""out_dir"":""/home/dhy/PhD/SIGMOD-EXP/EXP-4/run/temp/exp7/sampling_adaptive"",""run_tag"":""exp7_sampling_adaptive""},""sys"":{""threads"":1},""logging"":{""level"":""INFO"",""with_timestamp"":true,""with_thread_id"":false}}","{""generator"":""stripe_ctrl_alpha"",""dataset"":""exp7_stripe__nr100000__ns100000__a3_000ep01__g1"",""n_r"":100000,""n_s"":100000,""has_exact_k"":true,""k_target"":6000000,""k_achieved"":6000000,""alpha_target"":30,""alpha_achieved"":30,""notes"":""control_axis=1, core=[0.45,0.55], g=9.9999e-07, h=9e-06, delta=2.49998e-07, shuffle_strips=1, shuffle_r=0, k_overridden=0""}"
exp7_stripe__nr100000__ns100000__a3_000ep01__g1,stripe_ctrl_alpha,30,100000,100000,tlsop,sampling,100000,0,1,1,1573.77,6e+06,1,0,0,0,,0,"{""build_ms"":393.748949,""run_build_ms"":393.749919,""run_count_ms"":582.294591,""run_sample_ms"":597.723010,""tlsop_alloc_tiles_ms"":0.065489,""tlsop_build_ms"":393.747529,""tlsop_build_edges_ms"":0.000550,""tlsop_count_pass1_ms"":582.290621,""tlsop_pass1_count_caps_ms"":13.980157,""tlsop_pass1_reserve_ms"":1.649167,""tlsop_pass2_fill_ms"":32.741858,""tlsop_sample_draw_ranks_ms"":5.843951,""tlsop_sample_pass2_select_ms"":591.813099,""tlsop_sort_lists_ms"":345.296068}",,"{""dataset"":{""source"":""synthetic"",""name"":""exp7_stripe__nr100000__ns100000__a3_000ep01__g1"",""dim"":2,""path_r"":"""",""path_s"":"""",""synthetic"":{""generator"":""stripe_ctrl_alpha"",""n_r"":100000,""n_s"":100000,""alpha"":30,""seed"":1}},""run"":{""method"":""tlsop"",""variant"":""sampling"",""t"":100000,""seed"":1,""repeats"":3,""j_star"":1000000,""enum_cap"":0,""write_samples"":false,""verify"":false},""output"":{""out_dir"":""/home/dhy/PhD/SIGMOD-EXP/EXP-4/run/temp/exp7/sampling_adaptive"",""run_tag"":""exp7_sampling_adaptive""},""sys"":{""threads"":1},""logging"":{""level"":""INFO"",""with_timestamp"":true,""with_thread_id"":false}}","{""generator"":""stripe_ctrl_alpha"",""dataset"":""exp7_stripe__nr100000__ns100000__a3_000ep01__g1"",""n_r"":100000,""n_s"":100000,""has_exact_k"":true,""k_target"":6000000,""k_achieved"":6000000,""alpha_target"":30,""alpha_achieved"":30,""notes"":""control_axis=1, core=[0.45,0.55], g=9.9999e-07, h=9e-06, delta=2.49998e-07, shuffle_strips=1, shuffle_r=0, k_overridden=0""}"
exp7_stripe__nr100000__ns100000__a3_000ep01__g1,stripe_ctrl_alpha,30,100000,100000,tlsop,sampling,100000,1,2,1,1575.75,6e+06,1,0,0,0,,0,"{""build_ms"":393.777428,""run_build_ms"":393.778378,""run_count_ms"":585.752061,""run_sample_ms"":594.970286,""tlsop_alloc_tiles_ms"":0.062029,""tlsop_build_ms"":393.776358,""tlsop_build_edges_ms"":0.000940,""tlsop_count_pass1_ms"":585.747992,""tlsop_pass1_count_caps_ms"":13.914479,""tlsop_pass1_reserve_ms"":1.569088,""tlsop_pass2_fill_ms"":32.670590,""tlsop_sample_draw_ranks_ms"":5.875331,""tlsop_sample_pass2_select_ms"":589.033185,""tlsop_sort_lists_ms"":345.514513}",,"{""dataset"":{""source"":""synthetic"",""name"":""exp7_stripe__nr100000__ns100000__a3_000ep01__g1"",""dim"":2,""path_r"":"""",""path_s"":"""",""synthetic"":{""generator"":""stripe_ctrl_alpha"",""n_r"":100000,""n_s"":100000,""alpha"":30,""seed"":1}},""run"":{""method"":""tlsop"",""variant"":""sampling"",""t"":100000,""seed"":1,""repeats"":3,""j_star"":1000000,""enum_cap"":0,""write_samples"":false,""verify"":false},""output"":{""out_dir"":""/home/dhy/PhD/SIGMOD-EXP/EXP-4/run/temp/exp7/sampling_adaptive"",""run_tag"":""exp7_sampling_adaptive""},""sys"":{""threads"":1},""logging"":{""level"":""INFO"",""with_timestamp"":true,""with_thread_id"":false}}","{""generator"":""stripe_ctrl_alpha"",""dataset"":""exp7_stripe__nr100000__ns100000__a3_000ep01__g1"",""n_r"":100000,""n_s"":100000,""has_exact_k"":true,""k_target"":6000000,""k_achieved"":6000000,""alpha_target"":30,""alpha_achieved"":30,""notes"":""control_axis=1, core=[0.45,0.55], g=9.9999e-07, h=9e-06, delta=2.49998e-07, shuffle_strips=1, shuffle_r=0, k_overridden=0""}"
exp7_stripe__nr100000__ns100000__a3_000ep01__g1,stripe_ctrl_alpha,30,100000,100000,tlsop,sampling,100000,2,3,1,1578.99,6e+06,1,0,0,0,,0,"{""build_ms"":396.912235,""run_build_ms"":396.913355,""run_count_ms"":582.287122,""run_sample_ms"":598.527294,""tlsop_alloc_tiles_ms"":0.061618,""tlsop_build_ms"":396.911465,""tlsop_build_edges_ms"":0.000789,""tlsop_count_pass1_ms"":582.282862,""tlsop_pass1_count_caps_ms"":13.888480,""tlsop_pass1_reserve_ms"":1.563859,""tlsop_pass2_fill_ms"":32.550852,""tlsop_sample_draw_ranks_ms"":5.926541,""tlsop_sample_pass2_select_ms"":592.536104,""tlsop_sort_lists_ms"":348.822346}",,"{""dataset"":{""source"":""synthetic"",""name"":""exp7_stripe__nr100000__ns100000__a3_000ep01__g1"",""dim"":2,""path_r"":"""",""path_s"":"""",""synthetic"":{""generator"":""stripe_ctrl_alpha"",""n_r"":100000,""n_s"":100000,""alpha"":30,""seed"":1}},""run"":{""method"":""tlsop"",""variant"":""sampling"",""t"":100000,""seed"":1,""repeats"":3,""j_star"":1000000,""enum_cap"":0,""write_samples"":false,""verify"":false},""output"":{""out_dir"":""/home/dhy/PhD/SIGMOD-EXP/EXP-4/run/temp/exp7/sampling_adaptive"",""run_tag"":""exp7_sampling_adaptive""},""sys"":{""threads"":1},""logging"":{""level"":""INFO"",""with_timestamp"":true,""with_thread_id"":false}}","{""generator"":""stripe_ctrl_alpha"",""dataset"":""exp7_stripe__nr100000__ns100000__a3_000ep01__g1"",""n_r"":100000,""n_s"":100000,""has_exact_k"":true,""k_target"":6000000,""k_achieved"":6000000,""alpha_target"":30,""alpha_achieved"":30,""notes"":""control_axis=1, core=[0.45,0.55], g=9.9999e-07, h=9e-06, delta=2.49998e-07, shuffle_strips=1, shuffle_r=0, k_overridden=0""}"
exp7_stripe__nr100000__ns100000__a3_000ep01__g1,stripe_ctrl_alpha,30,100000,100000,tlsop,adaptive,100000,0,1,1,1714.34,6e+06,1,0,1,0,fallback_sampling,1000001,"{""build_ms"":393.634321,""enumerate_prepare_ms"":0.019960,""run_build_ms"":393.635471,""run_fallback_count_ms"":586.579726,""run_fallback_sample_ms"":593.863539,""run_pilot_enum_prepare_ms"":0.021030,""run_pilot_enum_scan_ms"":140.222388,""tlsop_adaptive_pass1_ms"":586.573816,""tlsop_adaptive_sample_large_ms"":593.858459,""tlsop_alloc_tiles_ms"":0.063998,""tlsop_build_ms"":393.633141,""tlsop_build_edges_ms"":0.000620,""tlsop_pass1_count_caps_ms"":13.870700,""tlsop_pass1_reserve_ms"":1.556609,""tlsop_pass2_fill_ms"":32.838327,""tlsop_sort_lists_ms"":345.288597}",,"{""dataset"":{""source"":""synthetic"",""name"":""exp7_stripe__nr100000__ns100000__a3_000ep01__g1"",""dim"":2,""path_r"":"""",""path_s"":"""",""synthetic"":{""generator"":""stripe_ctrl_alpha"",""n_r"":100000,""n_s"":100000,""alpha"":30,""seed"":1}},""run"":{""method"":""tlsop"",""variant"":""adaptive"",""t"":100000,""seed"":1,""repeats"":3,""j_star"":1000000,""enum_cap"":0,""write_samples"":false,""verify"":false},""output"":{""out_dir"":""/home/dhy/PhD/SIGMOD-EXP/EXP-4/run/temp/exp7/sampling_adaptive"",""run_tag"":""exp7_sampling_adaptive""},""sys"":{""threads"":1},""logging"":{""level"":""INFO"",""with_timestamp"":true,""with_thread_id"":false}}","{""generator"":""stripe_ctrl_alpha"",""dataset"":""exp7_stripe__nr100000__ns100000__a3_000ep01__g1"",""n_r"":100000,""n_s"":100000,""has_exact_k"":true,""k_target"":6000000,""k_achieved"":6000000,""alpha_target"":30,""alpha_achieved"":30,""notes"":""control_axis=1, core=[0.45,0.55], g=9.9999e-07, h=9e-06, delta=2.49998e-07, shuffle_strips=1, shuffle_r=0, k_overridden=0""}"
exp7_stripe__nr100000__ns100000__a3_000ep01__g1,stripe_ctrl_alpha,30,100000,100000,tlsop,adaptive,100000,1,2,1,1724.18,6e+06,1,0,1,0,fallback_sampling,1000001,"{""build_ms"":398.118311,""enumerate_prepare_ms"":0.019790,""run_build_ms"":398.119131,""run_fallback_count_ms"":585.206353,""run_fallback_sample_ms"":599.304789,""run_pilot_enum_prepare_ms"":0.020480,""run_pilot_enum_scan_ms"":140.281467,""tlsop_adaptive_pass1_ms"":585.199423,""tlsop_adaptive_sample_large_ms"":599.299719,""tlsop_alloc_tiles_ms"":0.061809,""tlsop_build_ms"":398.117401,""tlsop_build_edges_ms"":0.000840,""tlsop_pass1_count_caps_ms"":13.933998,""tlsop_pass1_reserve_ms"":1.581908,""tlsop_pass2_fill_ms"":33.729829,""tlsop_sort_lists_ms"":348.786217}",,"{""dataset"":{""source"":""synthetic"",""name"":""exp7_stripe__nr100000__ns100000__a3_000ep01__g1"",""dim"":2,""path_r"":"""",""path_s"":"""",""synthetic"":{""generator"":""stripe_ctrl_alpha"",""n_r"":100000,""n_s"":100000,""alpha"":30,""seed"":1}},""run"":{""method"":""tlsop"",""variant"":""adaptive"",""t"":100000,""seed"":1,""repeats"":3,""j_star"":1000000,""enum_cap"":0,""write_samples"":false,""verify"":false},""output"":{""out_dir"":""/home/dhy/PhD/SIGMOD-EXP/EXP-4/run/temp/exp7/sampling_adaptive"",""run_tag"":""exp7_sampling_adaptive""},""sys"":{""threads"":1},""logging"":{""level"":""INFO"",""with_timestamp"":true,""with_thread_id"":false}}","{""generator"":""stripe_ctrl_alpha"",""dataset"":""exp7_stripe__nr100000__ns100000__a3_000ep01__g1"",""n_r"":100000,""n_s"":100000,""has_exact_k"":true,""k_target"":6000000,""k_achieved"":6000000,""alpha_target"":30,""alpha_achieved"":30,""notes"":""control_axis=1, core=[0.45,0.55], g=9.9999e-07, h=9e-06, delta=2.49998e-07, shuffle_strips=1, shuffle_r=0, k_overridden=0""}"
exp7_stripe__nr100000__ns100000__a3_000ep01__g1,stripe_ctrl_alpha,30,100000,100000,tlsop,adaptive,100000,2,3,1,1711.27,6e+06,1,0,1,0,fallback_sampling,1000001,"{""build_ms"":394.190671,""enumerate_prepare_ms"":0.020129,""run_build_ms"":394.191881,""run_fallback_count_ms"":580.026839,""run_fallback_sample_ms"":593.329599,""run_pilot_enum_prepare_ms"":0.020919,""run_pilot_enum_scan_ms"":142.428324,""tlsop_adaptive_pass1_ms"":580.021019,""tlsop_adaptive_sample_large_ms"":593.324149,""tlsop_alloc_tiles_ms"":0.061399,""tlsop_build_ms"":394.189471,""tlsop_build_edges_ms"":0.000880,""tlsop_pass1_count_caps_ms"":13.920668,""tlsop_pass1_reserve_ms"":1.518170,""tlsop_pass2_fill_ms"":33.523173,""tlsop_sort_lists_ms"":345.144332}",,"{""dataset"":{""source"":""synthetic"",""name"":""exp7_stripe__nr100000__ns100000__a3_000ep01__g1"",""dim"":2,""path_r"":"""",""path_s"":"""",""synthetic"":{""generator"":""stripe_ctrl_alpha"",""n_r"":100000,""n_s"":100000,""alpha"":30,""seed"":1}},""run"":{""method"":""tlsop"",""variant"":""adaptive"",""t"":100000,""seed"":1,""repeats"":3,""j_star"":1000000,""enum_cap"":0,""write_samples"":false,""verify"":false},""output"":{""out_dir"":""/home/dhy/PhD/SIGMOD-EXP/EXP-4/run/temp/exp7/sampling_adaptive"",""run_tag"":""exp7_sampling_adaptive""},""sys"":{""threads"":1},""logging"":{""level"":""INFO"",""with_timestamp"":true,""with_thread_id"":false}}","{""generator"":""stripe_ctrl_alpha"",""dataset"":""exp7_stripe__nr100000__ns100000__a3_000ep01__g1"",""n_r"":100000,""n_s"":100000,""has_exact_k"":true,""k_target"":6000000,""k_achieved"":6000000,""alpha_target"":30,""alpha_achieved"":30,""notes"":""control_axis=1, core=[0.45,0.55], g=9.9999e-07, h=9e-06, delta=2.49998e-07, shuffle_strips=1, shuffle_r=0, k_overridden=0""}"
exp7_stripe__nr100000__ns100000__a3_000ep01__g1,stripe_ctrl_alpha,30,100000,100000,sirs,sampling,100000,0,1,1,2926.3,6e+06,1,0,0,0,,0,"{""build_ms"":118.950248,""count_ms"":2766.426053,""run_build_ms"":118.951008,""run_count_ms"":2766.427513,""run_sample_ms"":40.916193,""sample_ms"":40.914113,""sirs_build_index_ms"":118.949728,""sirs_build_kd_ms"":11.445639,""sirs_embed_inner_ms"":53.171187,""sirs_phase1_degrees_ms"":2766.423793,""sirs_rank_axes_ms"":54.326933}",,"{""dataset"":{""source"":""synthetic"",""name"":""exp7_stripe__nr100000__ns100000__a3_000ep01__g1"",""dim"":2,""path_r"":"""",""path_s"":"""",""synthetic"":{""generator"":""stripe_ctrl_alpha"",""n_r"":100000,""n_s"":100000,""alpha"":30,""seed"":1}},""run"":{""method"":""sirs"",""variant"":""sampling"",""t"":100000,""seed"":1,""repeats"":3,""j_star"":1000000,""enum_cap"":0,""write_samples"":false,""verify"":false},""output"":{""out_dir"":""/home/dhy/PhD/SIGMOD-EXP/EXP-4/run/temp/exp7/sampling_adaptive"",""run_tag"":""exp7_sampling_adaptive""},""sys"":{""threads"":1},""logging"":{""level"":""INFO"",""with_timestamp"":true,""with_thread_id"":false}}","{""generator"":""stripe_ctrl_alpha"",""dataset"":""exp7_stripe__nr100000__ns100000__a3_000ep01__g1"",""n_r"":100000,""n_s"":100000,""has_exact_k"":true,""k_target"":6000000,""k_achieved"":6000000,""alpha_target"":30,""alpha_achieved"":30,""notes"":""control_axis=1, core=[0.45,0.55], g=9.9999e-07, h=9e-06, delta=2.49998e-07, shuffle_strips=1, shuffle_r=0, k_overridden=0""}"
exp7_stripe__nr100000__ns100000__a3_000ep01__g1,stripe_ctrl_alpha,30,100000,100000,sirs,sampling,100000,1,2,1,2925.69,6e+06,1,0,0,0,,0,"{""build_ms"":118.454539,""count_ms"":2766.342616,""run_build_ms"":118.455209,""run_count_ms"":2766.344436,""run_sample_ms"":40.885474,""sample_ms"":40.883334,""sirs_build_index_ms"":118.453969,""sirs_build_kd_ms"":11.414809,""sirs_embed_inner_ms"":53.079919,""sirs_phase1_degrees_ms"":2766.340106,""sirs_rank_axes_ms"":53.952891}",,"{""dataset"":{""source"":""synthetic"",""name"":""exp7_stripe__nr100000__ns100000__a3_000ep01__g1"",""dim"":2,""path_r"":"""",""path_s"":"""",""synthetic"":{""generator"":""stripe_ctrl_alpha"",""n_r"":100000,""n_s"":100000,""alpha"":30,""seed"":1}},""run"":{""method"":""sirs"",""variant"":""sampling"",""t"":100000,""seed"":1,""repeats"":3,""j_star"":1000000,""enum_cap"":0,""write_samples"":false,""verify"":false},""output"":{""out_dir"":""/home/dhy/PhD/SIGMOD-EXP/EXP-4/run/temp/exp7/sampling_adaptive"",""run_tag"":""exp7_sampling_adaptive""},""sys"":{""threads"":1},""logging"":{""level"":""INFO"",""with_timestamp"":true,""with_thread_id"":false}}","{""generator"":""stripe_ctrl_alpha"",""dataset"":""exp7_stripe__nr100000__ns100000__a3_000ep01__g1"",""n_r"":100000,""n_s"":100000,""has_exact_k"":true,""k_target"":6000000,""k_achieved"":6000000,""alpha_target"":30,""alpha_achieved"":30,""notes"":""control_axis=1, core=[0.45,0.55], g=9.9999e-07, h=9e-06, delta=2.49998e-07, shuffle_strips=1, shuffle_r=0, k_overridden=0""}"
exp7_stripe__nr100000__ns100000__a3_000ep01__g1,stripe_ctrl_alpha,30,100000,100000,sirs,sampling,100000,2,3,1,2921.3,6e+06,1,0,0,0,,0,"{""build_ms"":118.463689,""count_ms"":2761.881768,""run_build_ms"":118.464339,""run_count_ms"":2761.882808,""run_sample_ms"":40.948483,""sample_ms"":40.946553,""sirs_build_index_ms"":118.463129,""sirs_build_kd_ms"":11.422040,""sirs_embed_inner_ms"":53.059979,""sirs_phase1_degrees_ms"":2761.878498,""sirs_rank_axes_ms"":53.975290}",,"{""dataset"":{""source"":""synthetic"",""name"":""exp7_stripe__nr100000__ns100000__a3_000ep01__g1"",""dim"":2,""path_r"":"""",""path_s"":"""",""synthetic"":{""generator"":""stripe_ctrl_alpha"",""n_r"":100000,""n_s"":100000,""alpha"":30,""seed"":1}},""run"":{""method"":""sirs"",""variant"":""sampling"",""t"":100000,""seed"":1,""repeats"":3,""j_star"":1000000,""enum_cap"":0,""write_samples"":false,""verify"":false},""output"":{""out_dir"":""/home/dhy/PhD/SIGMOD-EXP/EXP-4/run/temp/exp7/sampling_adaptive"",""run_tag"":""exp7_sampling_adaptive""},""sys"":{""threads"":1},""logging"":{""level"":""INFO"",""with_timestamp"":true,""with_thread_id"":false}}","{""generator"":""stripe_ctrl_alpha"",""dataset"":""exp7_stripe__nr100000__ns100000__a3_000ep01__g1"",""n_r"":100000,""n_s"":100000,""has_exact_k"":true,""k_target"":6000000,""k_achieved"":6000000,""alpha_target"":30,""alpha_achieved"":30,""notes"":""control_axis=1, core=[0.45,0.55], g=9.9999e-07, h=9e-06, delta=2.49998e-07, shuffle_strips=1, shuffle_r=0, k_overridden=0""}"
exp7_stripe__nr100000__ns100000__a3_000ep01__g1,stripe_ctrl_alpha,30,100000,100000,sirs,adaptive,100000,0,1,1,2947.11,6e+06,1,0,1,0,fallback_sampling,1000001,"{""build_ms"":121.996326,""count_ms"":2773.792449,""run_build_ms"":121.997076,""run_fallback_count_ms"":2773.794669,""run_fallback_sample_ms"":40.943524,""run_pilot_enum_prepare_ms"":0.000850,""run_pilot_enum_scan_ms"":10.361451,""sample_ms"":40.941224,""sirs_build_index_ms"":121.995296,""sirs_build_kd_ms"":11.446308,""sirs_embed_inner_ms"":53.161147,""sirs_rank_axes_ms"":57.381531}",,"{""dataset"":{""source"":""synthetic"",""name"":""exp7_stripe__nr100000__ns100000__a3_000ep01__g1"",""dim"":2,""path_r"":"""",""path_s"":"""",""synthetic"":{""generator"":""stripe_ctrl_alpha"",""n_r"":100000,""n_s"":100000,""alpha"":30,""seed"":1}},""run"":{""method"":""sirs"",""variant"":""adaptive"",""t"":100000,""seed"":1,""repeats"":3,""j_star"":1000000,""enum_cap"":0,""write_samples"":false,""verify"":false},""output"":{""out_dir"":""/home/dhy/PhD/SIGMOD-EXP/EXP-4/run/temp/exp7/sampling_adaptive"",""run_tag"":""exp7_sampling_adaptive""},""sys"":{""threads"":1},""logging"":{""level"":""INFO"",""with_timestamp"":true,""with_thread_id"":false}}","{""generator"":""stripe_ctrl_alpha"",""dataset"":""exp7_stripe__nr100000__ns100000__a3_000ep01__g1"",""n_r"":100000,""n_s"":100000,""has_exact_k"":true,""k_target"":6000000,""k_achieved"":6000000,""alpha_target"":30,""alpha_achieved"":30,""notes"":""control_axis=1, core=[0.45,0.55], g=9.9999e-07, h=9e-06, delta=2.49998e-07, shuffle_strips=1, shuffle_r=0, k_overridden=0""}"
exp7_stripe__nr100000__ns100000__a3_000ep01__g1,stripe_ctrl_alpha,30,100000,100000,sirs,adaptive,100000,1,2,1,2942.09,6e+06,1,0,1,0,fallback_sampling,1000001,"{""build_ms"":121.538926,""count_ms"":2769.328842,""run_build_ms"":121.539506,""run_fallback_count_ms"":2769.335222,""run_fallback_sample_ms"":40.821475,""run_pilot_enum_prepare_ms"":0.000670,""run_pilot_enum_scan_ms"":10.380390,""sample_ms"":40.818975,""sirs_build_index_ms"":121.538226,""sirs_build_kd_ms"":11.435109,""sirs_embed_inner_ms"":56.182066,""sirs_rank_axes_ms"":53.914371}",,"{""dataset"":{""source"":""synthetic"",""name"":""exp7_stripe__nr100000__ns100000__a3_000ep01__g1"",""dim"":2,""path_r"":"""",""path_s"":"""",""synthetic"":{""generator"":""stripe_ctrl_alpha"",""n_r"":100000,""n_s"":100000,""alpha"":30,""seed"":1}},""run"":{""method"":""sirs"",""variant"":""adaptive"",""t"":100000,""seed"":1,""repeats"":3,""j_star"":1000000,""enum_cap"":0,""write_samples"":false,""verify"":false},""output"":{""out_dir"":""/home/dhy/PhD/SIGMOD-EXP/EXP-4/run/temp/exp7/sampling_adaptive"",""run_tag"":""exp7_sampling_adaptive""},""sys"":{""threads"":1},""logging"":{""level"":""INFO"",""with_timestamp"":true,""with_thread_id"":false}}","{""generator"":""stripe_ctrl_alpha"",""dataset"":""exp7_stripe__nr100000__ns100000__a3_000ep01__g1"",""n_r"":100000,""n_s"":100000,""has_exact_k"":true,""k_target"":6000000,""k_achieved"":6000000,""alpha_target"":30,""alpha_achieved"":30,""notes"":""control_axis=1, core=[0.45,0.55], g=9.9999e-07, h=9e-06, delta=2.49998e-07, shuffle_strips=1, shuffle_r=0, k_overridden=0""}"
exp7_stripe__nr100000__ns100000__a3_000ep01__g1,stripe_ctrl_alpha,30,100000,100000,sirs,adaptive,100000,2,3,1,2943.21,6e+06,1,0,1,0,fallback_sampling,1000001,"{""build_ms"":118.455168,""count_ms"":2773.354722,""run_build_ms"":118.456179,""run_fallback_count_ms"":2773.361582,""run_fallback_sample_ms"":41.027551,""run_pilot_enum_prepare_ms"":0.000729,""run_pilot_enum_scan_ms"":10.346262,""sample_ms"":41.025922,""sirs_build_index_ms"":118.454319,""sirs_build_kd_ms"":11.428640,""sirs_embed_inner_ms"":53.038589,""sirs_rank_axes_ms"":53.980000}",,"{""dataset"":{""source"":""synthetic"",""name"":""exp7_stripe__nr100000__ns100000__a3_000ep01__g1"",""dim"":2,""path_r"":"""",""path_s"":"""",""synthetic"":{""generator"":""stripe_ctrl_alpha"",""n_r"":100000,""n_s"":100000,""alpha"":30,""seed"":1}},""run"":{""method"":""sirs"",""variant"":""adaptive"",""t"":100000,""seed"":1,""repeats"":3,""j_star"":1000000,""enum_cap"":0,""write_samples"":false,""verify"":false},""output"":{""out_dir"":""/home/dhy/PhD/SIGMOD-EXP/EXP-4/run/temp/exp7/sampling_adaptive"",""run_tag"":""exp7_sampling_adaptive""},""sys"":{""threads"":1},""logging"":{""level"":""INFO"",""with_timestamp"":true,""with_thread_id"":false}}","{""generator"":""stripe_ctrl_alpha"",""dataset"":""exp7_stripe__nr100000__ns100000__a3_000ep01__g1"",""n_r"":100000,""n_s"":100000,""has_exact_k"":true,""k_target"":6000000,""k_achieved"":6000000,""alpha_target"":30,""alpha_achieved"":30,""notes"":""control_axis=1, core=[0.45,0.55], g=9.9999e-07, h=9e-06, delta=2.49998e-07, shuffle_strips=1, shuffle_r=0, k_overridden=0""}"
exp7_stripe__nr100000__ns100000__a3_000ep01__g1,stripe_ctrl_alpha,30,100000,100000,rejection,sampling,100000,0,1,0,-1,-1,0,0,0,0,,0,{},SKIPPED: rejection+sampling is disabled in sjs_sweep; use variant=adaptive.,"{""dataset"":{""source"":""synthetic"",""name"":""exp7_stripe__nr100000__ns100000__a3_000ep01__g1"",""dim"":2,""path_r"":"""",""path_s"":"""",""synthetic"":{""generator"":""stripe_ctrl_alpha"",""n_r"":100000,""n_s"":100000,""alpha"":30,""seed"":1}},""run"":{""method"":""rejection"",""variant"":""sampling"",""t"":100000,""seed"":1,""repeats"":3,""j_star"":1000000,""enum_cap"":0,""write_samples"":false,""verify"":false},""output"":{""out_dir"":""/home/dhy/PhD/SIGMOD-EXP/EXP-4/run/temp/exp7/sampling_adaptive"",""run_tag"":""exp7_sampling_adaptive""},""sys"":{""threads"":1},""logging"":{""level"":""INFO"",""with_timestamp"":true,""with_thread_id"":false}}","{""generator"":""stripe_ctrl_alpha"",""dataset"":""exp7_stripe__nr100000__ns100000__a3_000ep01__g1"",""n_r"":100000,""n_s"":100000,""has_exact_k"":true,""k_target"":6000000,""k_achieved"":6000000,""alpha_target"":30,""alpha_achieved"":30,""notes"":""control_axis=1, core=[0.45,0.55], g=9.9999e-07, h=9e-06, delta=2.49998e-07, shuffle_strips=1, shuffle_r=0, k_overridden=0""}"
exp7_stripe__nr100000__ns100000__a3_000ep01__g1,stripe_ctrl_alpha,30,100000,100000,rejection,sampling,100000,1,2,0,-1,-1,0,0,0,0,,0,{},SKIPPED: rejection+sampling is disabled in sjs_sweep; use variant=adaptive.,"{""dataset"":{""source"":""synthetic"",""name"":""exp7_stripe__nr100000__ns100000__a3_000ep01__g1"",""dim"":2,""path_r"":"""",""path_s"":"""",""synthetic"":{""generator"":""stripe_ctrl_alpha"",""n_r"":100000,""n_s"":100000,""alpha"":30,""seed"":1}},""run"":{""method"":""rejection"",""variant"":""sampling"",""t"":100000,""seed"":1,""repeats"":3,""j_star"":1000000,""enum_cap"":0,""write_samples"":false,""verify"":false},""output"":{""out_dir"":""/home/dhy/PhD/SIGMOD-EXP/EXP-4/run/temp/exp7/sampling_adaptive"",""run_tag"":""exp7_sampling_adaptive""},""sys"":{""threads"":1},""logging"":{""level"":""INFO"",""with_timestamp"":true,""with_thread_id"":false}}","{""generator"":""stripe_ctrl_alpha"",""dataset"":""exp7_stripe__nr100000__ns100000__a3_000ep01__g1"",""n_r"":100000,""n_s"":100000,""has_exact_k"":true,""k_target"":6000000,""k_achieved"":6000000,""alpha_target"":30,""alpha_achieved"":30,""notes"":""control_axis=1, core=[0.45,0.55], g=9.9999e-07, h=9e-06, delta=2.49998e-07, shuffle_strips=1, shuffle_r=0, k_overridden=0""}"
exp7_stripe__nr100000__ns100000__a3_000ep01__g1,stripe_ctrl_alpha,30,100000,100000,rejection,sampling,100000,2,3,0,-1,-1,0,0,0,0,,0,{},SKIPPED: rejection+sampling is disabled in sjs_sweep; use variant=adaptive.,"{""dataset"":{""source"":""synthetic"",""name"":""exp7_stripe__nr100000__ns100000__a3_000ep01__g1"",""dim"":2,""path_r"":"""",""path_s"":"""",""synthetic"":{""generator"":""stripe_ctrl_alpha"",""n_r"":100000,""n_s"":100000,""alpha"":30,""seed"":1}},""run"":{""method"":""rejection"",""variant"":""sampling"",""t"":100000,""seed"":1,""repeats"":3,""j_star"":1000000,""enum_cap"":0,""write_samples"":false,""verify"":false},""output"":{""out_dir"":""/home/dhy/PhD/SIGMOD-EXP/EXP-4/run/temp/exp7/sampling_adaptive"",""run_tag"":""exp7_sampling_adaptive""},""sys"":{""threads"":1},""logging"":{""level"":""INFO"",""with_timestamp"":true,""with_thread_id"":false}}","{""generator"":""stripe_ctrl_alpha"",""dataset"":""exp7_stripe__nr100000__ns100000__a3_000ep01__g1"",""n_r"":100000,""n_s"":100000,""has_exact_k"":true,""k_target"":6000000,""k_achieved"":6000000,""alpha_target"":30,""alpha_achieved"":30,""notes"":""control_axis=1, core=[0.45,0.55], g=9.9999e-07, h=9e-06, delta=2.49998e-07, shuffle_strips=1, shuffle_r=0, k_overridden=0""}"
exp7_stripe__nr100000__ns100000__a3_000ep01__g1,stripe_ctrl_alpha,30,100000,100000,rejection,adaptive,100000,0,1,1,714.182,5.90624e+06,0,0,1,0,fallback_sampling,1000001,"{""adaptive_phase1_ms"":19.088455,""adaptive_sample_ms"":377.844063,""build_ms"":302.740368,""build_M_ms"":0.119028,""build_cellmap_ms"":19.385718,""build_mu_alias_ms"":283.155614,""build_slab_index_ms"":0.071599,""count_pilot_ms"":8.875020,""run_build_ms"":302.741648,""run_fallback_count_ms"":19.089155,""run_fallback_sample_ms"":377.847241,""run_pilot_enum_prepare_ms"":0.010940,""run_pilot_enum_scan_ms"":14.484688}",,"{""dataset"":{""source"":""synthetic"",""name"":""exp7_stripe__nr100000__ns100000__a3_000ep01__g1"",""dim"":2,""path_r"":"""",""path_s"":"""",""synthetic"":{""generator"":""stripe_ctrl_alpha"",""n_r"":100000,""n_s"":100000,""alpha"":30,""seed"":1}},""run"":{""method"":""rejection"",""variant"":""adaptive"",""t"":100000,""seed"":1,""repeats"":3,""j_star"":1000000,""enum_cap"":0,""write_samples"":false,""verify"":false},""output"":{""out_dir"":""/home/dhy/PhD/SIGMOD-EXP/EXP-4/run/temp/exp7/sampling_adaptive"",""run_tag"":""exp7_sampling_adaptive""},""sys"":{""threads"":1},""logging"":{""level"":""INFO"",""with_timestamp"":true,""with_thread_id"":false}}","{""generator"":""stripe_ctrl_alpha"",""dataset"":""exp7_stripe__nr100000__ns100000__a3_000ep01__g1"",""n_r"":100000,""n_s"":100000,""has_exact_k"":true,""k_target"":6000000,""k_achieved"":6000000,""alpha_target"":30,""alpha_achieved"":30,""notes"":""control_axis=1, core=[0.45,0.55], g=9.9999e-07, h=9e-06, delta=2.49998e-07, shuffle_strips=1, shuffle_r=0, k_overridden=0""}"
exp7_stripe__nr100000__ns100000__a3_000ep01__g1,stripe_ctrl_alpha,30,100000,100000,rejection,adaptive,100000,1,2,1,731.092,5.82831e+06,0,0,1,0,fallback_sampling,1000001,"{""adaptive_phase1_ms"":18.676353,""adaptive_sample_ms"":390.739632,""build_ms"":296.132113,""build_M_ms"":0.108518,""build_cellmap_ms"":19.455358,""build_mu_alias_ms"":276.434830,""build_slab_index_ms"":0.121837,""count_pilot_ms"":8.690394,""run_build_ms"":296.187242,""run_fallback_count_ms"":18.677433,""run_fallback_sample_ms"":390.742872,""run_pilot_enum_prepare_ms"":0.009789,""run_pilot_enum_scan_ms"":13.421878}",,"{""dataset"":{""source"":""synthetic"",""name"":""exp7_stripe__nr100000__ns100000__a3_000ep01__g1"",""dim"":2,""path_r"":"""",""path_s"":"""",""synthetic"":{""generator"":""stripe_ctrl_alpha"",""n_r"":100000,""n_s"":100000,""alpha"":30,""seed"":1}},""run"":{""method"":""rejection"",""variant"":""adaptive"",""t"":100000,""seed"":1,""repeats"":3,""j_star"":1000000,""enum_cap"":0,""write_samples"":false,""verify"":false},""output"":{""out_dir"":""/home/dhy/PhD/SIGMOD-EXP/EXP-4/run/temp/exp7/sampling_adaptive"",""run_tag"":""exp7_sampling_adaptive""},""sys"":{""threads"":1},""logging"":{""level"":""INFO"",""with_timestamp"":true,""with_thread_id"":false}}","{""generator"":""stripe_ctrl_alpha"",""dataset"":""exp7_stripe__nr100000__ns100000__a3_000ep01__g1"",""n_r"":100000,""n_s"":100000,""has_exact_k"":true,""k_target"":6000000,""k_achieved"":6000000,""alpha_target"":30,""alpha_achieved"":30,""notes"":""control_axis=1, core=[0.45,0.55], g=9.9999e-07, h=9e-06, delta=2.49998e-07, shuffle_strips=1, shuffle_r=0, k_overridden=0""}"
exp7_stripe__nr100000__ns100000__a3_000ep01__g1,stripe_ctrl_alpha,30,100000,100000,rejection,adaptive,100000,2,3,1,714.226,5.90948e+06,0,0,1,0,fallback_sampling,1000001,"{""adaptive_phase1_ms"":18.759711,""adaptive_sample_ms"":376.727215,""build_ms"":292.383108,""build_M_ms"":0.108248,""build_cellmap_ms"":19.541906,""build_mu_alias_ms"":272.598197,""build_slab_index_ms"":0.124897,""count_pilot_ms"":8.769713,""run_build_ms"":292.439857,""run_fallback_count_ms"":18.760541,""run_fallback_sample_ms"":376.730085,""run_pilot_enum_prepare_ms"":0.010490,""run_pilot_enum_scan_ms"":14.055866}",,"{""dataset"":{""source"":""synthetic"",""name"":""exp7_stripe__nr100000__ns100000__a3_000ep01__g1"",""dim"":2,""path_r"":"""",""path_s"":"""",""synthetic"":{""generator"":""stripe_ctrl_alpha"",""n_r"":100000,""n_s"":100000,""alpha"":30,""seed"":1}},""run"":{""method"":""rejection"",""variant"":""adaptive"",""t"":100000,""seed"":1,""repeats"":3,""j_star"":1000000,""enum_cap"":0,""write_samples"":false,""verify"":false},""output"":{""out_dir"":""/home/dhy/PhD/SIGMOD-EXP/EXP-4/run/temp/exp7/sampling_adaptive"",""run_tag"":""exp7_sampling_adaptive""},""sys"":{""threads"":1},""logging"":{""level"":""INFO"",""with_timestamp"":true,""with_thread_id"":false}}","{""generator"":""stripe_ctrl_alpha"",""dataset"":""exp7_stripe__nr100000__ns100000__a3_000ep01__g1"",""n_r"":100000,""n_s"":100000,""has_exact_k"":true,""k_target"":6000000,""k_achieved"":6000000,""alpha_target"":30,""alpha_achieved"":30,""notes"":""control_axis=1, core=[0.45,0.55], g=9.9999e-07, h=9e-06, delta=2.49998e-07, shuffle_strips=1, shuffle_r=0, k_overridden=0""}"
exp7_stripe__nr100000__ns100000__a3_000ep01__g1,stripe_ctrl_alpha,30,100000,100000,tsunami,sampling,100000,0,1,1,5534.69,6e+06,1,0,0,0,,0,"{""build_ms"":85.990974,""phase1_count_ms"":5379.214802,""phase2_pass2_locate_ms"":69.476498,""run_build_ms"":85.992394,""run_count_ms"":5379.217962,""run_sample_ms"":69.478198,""tsunami_build_ms"":85.990144,""tsunami_build_index_ms"":27.037015,""tsunami_build_points_ms"":0.279395,""tsunami_build_query_order_ms"":0.921001,""tsunami_build_rank_encoding_ms"":29.468455,""tsunami_build_workload_queries_ms"":28.278769,""tsunami_pass2_rank_sample_ms"":69.472848}",,"{""dataset"":{""source"":""synthetic"",""name"":""exp7_stripe__nr100000__ns100000__a3_000ep01__g1"",""dim"":2,""path_r"":"""",""path_s"":"""",""synthetic"":{""generator"":""stripe_ctrl_alpha"",""n_r"":100000,""n_s"":100000,""alpha"":30,""seed"":1}},""run"":{""method"":""tsunami"",""variant"":""sampling"",""t"":100000,""seed"":1,""repeats"":3,""j_star"":1000000,""enum_cap"":0,""write_samples"":false,""verify"":false},""output"":{""out_dir"":""/home/dhy/PhD/SIGMOD-EXP/EXP-4/run/temp/exp7/sampling_adaptive"",""run_tag"":""exp7_sampling_adaptive""},""sys"":{""threads"":1},""logging"":{""level"":""INFO"",""with_timestamp"":true,""with_thread_id"":false}}","{""generator"":""stripe_ctrl_alpha"",""dataset"":""exp7_stripe__nr100000__ns100000__a3_000ep01__g1"",""n_r"":100000,""n_s"":100000,""has_exact_k"":true,""k_target"":6000000,""k_achieved"":6000000,""alpha_target"":30,""alpha_achieved"":30,""notes"":""control_axis=1, core=[0.45,0.55], g=9.9999e-07, h=9e-06, delta=2.49998e-07, shuffle_strips=1, shuffle_r=0, k_overridden=0""}"
exp7_stripe__nr100000__ns100000__a3_000ep01__g1,stripe_ctrl_alpha,30,100000,100000,tsunami,sampling,100000,1,2,1,5528.08,6e+06,1,0,0,0,,0,"{""build_ms"":85.913585,""phase1_count_ms"":5372.749250,""phase2_pass2_locate_ms"":69.403320,""run_build_ms"":85.914195,""run_count_ms"":5372.753329,""run_sample_ms"":69.406580,""tsunami_build_ms"":85.912695,""tsunami_build_index_ms"":27.036014,""tsunami_build_points_ms"":0.277744,""tsunami_build_query_order_ms"":0.911301,""tsunami_build_rank_encoding_ms"":29.445446,""tsunami_build_workload_queries_ms"":28.237020,""tsunami_pass2_rank_sample_ms"":69.401269}",,"{""dataset"":{""source"":""synthetic"",""name"":""exp7_stripe__nr100000__ns100000__a3_000ep01__g1"",""dim"":2,""path_r"":"""",""path_s"":"""",""synthetic"":{""generator"":""stripe_ctrl_alpha"",""n_r"":100000,""n_s"":100000,""alpha"":30,""seed"":1}},""run"":{""method"":""tsunami"",""variant"":""sampling"",""t"":100000,""seed"":1,""repeats"":3,""j_star"":1000000,""enum_cap"":0,""write_samples"":false,""verify"":false},""output"":{""out_dir"":""/home/dhy/PhD/SIGMOD-EXP/EXP-4/run/temp/exp7/sampling_adaptive"",""run_tag"":""exp7_sampling_adaptive""},""sys"":{""threads"":1},""logging"":{""level"":""INFO"",""with_timestamp"":true,""with_thread_id"":false}}","{""generator"":""stripe_ctrl_alpha"",""dataset"":""exp7_stripe__nr100000__ns100000__a3_000ep01__g1"",""n_r"":100000,""n_s"":100000,""has_exact_k"":true,""k_target"":6000000,""k_achieved"":6000000,""alpha_target"":30,""alpha_achieved"":30,""notes"":""control_axis=1, core=[0.45,0.55], g=9.9999e-07, h=9e-06, delta=2.49998e-07, shuffle_strips=1, shuffle_r=0, k_overridden=0""}"
exp7_stripe__nr100000__ns100000__a3_000ep01__g1,stripe_ctrl_alpha,30,100000,100000,tsunami,sampling,100000,2,3,1,5535.87,6e+06,1,0,0,0,,0,"{""build_ms"":85.912916,""phase1_count_ms"":5380.617177,""phase2_pass2_locate_ms"":69.328210,""run_build_ms"":85.913456,""run_count_ms"":5380.619827,""run_sample_ms"":69.329991,""tsunami_build_ms"":85.911996,""tsunami_build_index_ms"":26.982685,""tsunami_build_points_ms"":0.277544,""tsunami_build_query_order_ms"":0.911702,""tsunami_build_rank_encoding_ms"":29.468395,""tsunami_build_workload_queries_ms"":28.265840,""tsunami_pass2_rank_sample_ms"":69.324141}",,"{""dataset"":{""source"":""synthetic"",""name"":""exp7_stripe__nr100000__ns100000__a3_000ep01__g1"",""dim"":2,""path_r"":"""",""path_s"":"""",""synthetic"":{""generator"":""stripe_ctrl_alpha"",""n_r"":100000,""n_s"":100000,""alpha"":30,""seed"":1}},""run"":{""method"":""tsunami"",""variant"":""sampling"",""t"":100000,""seed"":1,""repeats"":3,""j_star"":1000000,""enum_cap"":0,""write_samples"":false,""verify"":false},""output"":{""out_dir"":""/home/dhy/PhD/SIGMOD-EXP/EXP-4/run/temp/exp7/sampling_adaptive"",""run_tag"":""exp7_sampling_adaptive""},""sys"":{""threads"":1},""logging"":{""level"":""INFO"",""with_timestamp"":true,""with_thread_id"":false}}","{""generator"":""stripe_ctrl_alpha"",""dataset"":""exp7_stripe__nr100000__ns100000__a3_000ep01__g1"",""n_r"":100000,""n_s"":100000,""has_exact_k"":true,""k_target"":6000000,""k_achieved"":6000000,""alpha_target"":30,""alpha_achieved"":30,""notes"":""control_axis=1, core=[0.45,0.55], g=9.9999e-07, h=9e-06, delta=2.49998e-07, shuffle_strips=1, shuffle_r=0, k_overridden=0""}"
exp7_stripe__nr100000__ns100000__a3_000ep01__g1,stripe_ctrl_alpha,30,100000,100000,tsunami,adaptive,100000,0,1,1,5496.07,6e+06,1,0,1,0,fallback_sampling,1000001,"{""build_ms"":85.874906,""enumerate_prepare_ms"":0.000380,""fallback_pass2_locate_using_deg_ms"":69.382700,""phase1_count_and_maybe_enumerate_ms"":5325.277451,""run_build_ms"":85.876276,""run_fallback_count_ms"":5325.281140,""run_fallback_sample_ms"":69.384390,""run_pilot_enum_prepare_ms"":0.001020,""run_pilot_enum_scan_ms"":15.509108,""tsunami_build_ms"":85.874266,""tsunami_build_index_ms"":26.981785,""tsunami_build_points_ms"":0.277554,""tsunami_build_query_order_ms"":0.920941,""tsunami_build_rank_encoding_ms"":29.462576,""tsunami_build_workload_queries_ms"":28.225790,""tsunami_pass2_rank_sample_ms"":69.378570}",,"{""dataset"":{""source"":""synthetic"",""name"":""exp7_stripe__nr100000__ns100000__a3_000ep01__g1"",""dim"":2,""path_r"":"""",""path_s"":"""",""synthetic"":{""generator"":""stripe_ctrl_alpha"",""n_r"":100000,""n_s"":100000,""alpha"":30,""seed"":1}},""run"":{""method"":""tsunami"",""variant"":""adaptive"",""t"":100000,""seed"":1,""repeats"":3,""j_star"":1000000,""enum_cap"":0,""write_samples"":false,""verify"":false},""output"":{""out_dir"":""/home/dhy/PhD/SIGMOD-EXP/EXP-4/run/temp/exp7/sampling_adaptive"",""run_tag"":""exp7_sampling_adaptive""},""sys"":{""threads"":1},""logging"":{""level"":""INFO"",""with_timestamp"":true,""with_thread_id"":false}}","{""generator"":""stripe_ctrl_alpha"",""dataset"":""exp7_stripe__nr100000__ns100000__a3_000ep01__g1"",""n_r"":100000,""n_s"":100000,""has_exact_k"":true,""k_target"":6000000,""k_achieved"":6000000,""alpha_target"":30,""alpha_achieved"":30,""notes"":""control_axis=1, core=[0.45,0.55], g=9.9999e-07, h=9e-06, delta=2.49998e-07, shuffle_strips=1, shuffle_r=0, k_overridden=0""}"
exp7_stripe__nr100000__ns100000__a3_000ep01__g1,stripe_ctrl_alpha,30,100000,100000,tsunami,adaptive,100000,1,2,1,5500.1,6e+06,1,0,1,0,fallback_sampling,1000001,"{""build_ms"":86.024083,""enumerate_prepare_ms"":0.000380,""fallback_pass2_locate_using_deg_ms"":69.333271,""phase1_count_and_maybe_enumerate_ms"":5329.162749,""run_build_ms"":86.024703,""run_fallback_count_ms"":5329.167078,""run_fallback_sample_ms"":69.336481,""run_pilot_enum_prepare_ms"":0.001450,""run_pilot_enum_scan_ms"":15.551437,""tsunami_build_ms"":86.023353,""tsunami_build_index_ms"":27.011394,""tsunami_build_points_ms"":0.284195,""tsunami_build_query_order_ms"":0.911942,""tsunami_build_rank_encoding_ms"":29.495395,""tsunami_build_workload_queries_ms"":28.316148,""tsunami_pass2_rank_sample_ms"":69.331581}",,"{""dataset"":{""source"":""synthetic"",""name"":""exp7_stripe__nr100000__ns100000__a3_000ep01__g1"",""dim"":2,""path_r"":"""",""path_s"":"""",""synthetic"":{""generator"":""stripe_ctrl_alpha"",""n_r"":100000,""n_s"":100000,""alpha"":30,""seed"":1}},""run"":{""method"":""tsunami"",""variant"":""adaptive"",""t"":100000,""seed"":1,""repeats"":3,""j_star"":1000000,""enum_cap"":0,""write_samples"":false,""verify"":false},""output"":{""out_dir"":""/home/dhy/PhD/SIGMOD-EXP/EXP-4/run/temp/exp7/sampling_adaptive"",""run_tag"":""exp7_sampling_adaptive""},""sys"":{""threads"":1},""logging"":{""level"":""INFO"",""with_timestamp"":true,""with_thread_id"":false}}","{""generator"":""stripe_ctrl_alpha"",""dataset"":""exp7_stripe__nr100000__ns100000__a3_000ep01__g1"",""n_r"":100000,""n_s"":100000,""has_exact_k"":true,""k_target"":6000000,""k_achieved"":6000000,""alpha_target"":30,""alpha_achieved"":30,""notes"":""control_axis=1, core=[0.45,0.55], g=9.9999e-07, h=9e-06, delta=2.49998e-07, shuffle_strips=1, shuffle_r=0, k_overridden=0""}"
exp7_stripe__nr100000__ns100000__a3_000ep01__g1,stripe_ctrl_alpha,30,100000,100000,tsunami,adaptive,100000,2,3,1,5493.9,6e+06,1,0,1,0,fallback_sampling,1000001,"{""build_ms"":85.918106,""enumerate_prepare_ms"":0.000420,""fallback_pass2_locate_using_deg_ms"":69.355380,""phase1_count_and_maybe_enumerate_ms"":5323.137986,""run_build_ms"":85.918816,""run_fallback_count_ms"":5323.142315,""run_fallback_sample_ms"":69.356920,""run_pilot_enum_prepare_ms"":0.001329,""run_pilot_enum_scan_ms"":15.467248,""tsunami_build_ms"":85.917257,""tsunami_build_index_ms"":26.991426,""tsunami_build_points_ms"":0.281904,""tsunami_build_query_order_ms"":0.910752,""tsunami_build_rank_encoding_ms"":29.469315,""tsunami_build_workload_queries_ms"":28.258899,""tsunami_pass2_rank_sample_ms"":69.350661}",,"{""dataset"":{""source"":""synthetic"",""name"":""exp7_stripe__nr100000__ns100000__a3_000ep01__g1"",""dim"":2,""path_r"":"""",""path_s"":"""",""synthetic"":{""generator"":""stripe_ctrl_alpha"",""n_r"":100000,""n_s"":100000,""alpha"":30,""seed"":1}},""run"":{""method"":""tsunami"",""variant"":""adaptive"",""t"":100000,""seed"":1,""repeats"":3,""j_star"":1000000,""enum_cap"":0,""write_samples"":false,""verify"":false},""output"":{""out_dir"":""/home/dhy/PhD/SIGMOD-EXP/EXP-4/run/temp/exp7/sampling_adaptive"",""run_tag"":""exp7_sampling_adaptive""},""sys"":{""threads"":1},""logging"":{""level"":""INFO"",""with_timestamp"":true,""with_thread_id"":false}}","{""generator"":""stripe_ctrl_alpha"",""dataset"":""exp7_stripe__nr100000__ns100000__a3_000ep01__g1"",""n_r"":100000,""n_s"":100000,""has_exact_k"":true,""k_target"":6000000,""k_achieved"":6000000,""alpha_target"":30,""alpha_achieved"":30,""notes"":""control_axis=1, core=[0.45,0.55], g=9.9999e-07, h=9e-06, delta=2.49998e-07, shuffle_strips=1, shuffle_r=0, k_overridden=0""}"
